{"type": "FeatureCollection", "features": [{"type": "Feature", "properties": {"segment_id": 485940, "physicalid": "34949", "street_name": "ELIZABETH ST", "borough": "staten_island", "direction": "TF", "total_row_ft": 44.1, "roadbed_ft": 30.1, "median_ft": 0.0, "left_sw_ft": 6.6, "right_sw_ft": 7.3}, "geometry": {"type": "LineString", "coordinates": [[-74.11991153482643, 40.63038907664064], [-74.12006271958266, 40.63035217971424]]}}, {"type": "Feature", "properties": {"segment_id": 485941, "physicalid": "34949", "street_name": "ELIZABETH ST", "borough": "staten_island", "direction": "TF", "total_row_ft": 44.2, "roadbed_ft": 30.2, "median_ft": 0.0, "left_sw_ft": 6.4, "right_sw_ft": 7.6}, "geometry": {"type": "LineString", "coordinates": [[-74.11988886336427, 40.630336966148796], [-74.12004035029084, 40.630299995480804]]}}, {"type": "Feature", "properties": {"segment_id": 485942, "physicalid": "34949", "street_name": "ELIZABETH ST", "borough": "staten_island", "direction": "TF", "total_row_ft": 44.2, "roadbed_ft": 30.3, "median_ft": 0.0, "left_sw_ft": 6.1, "right_sw_ft": 7.8}, "geometry": {"type": "LineString", "coordinates": [[-74.11986619160572, 40.63028485573317], [-74.120017981034, 40.63024781124273]]}}, {"type": "Feature", "properties": {"segment_id": 485943, "physicalid": "34949", "street_name": "ELIZABETH ST", "borough": "staten_island", "direction": "TF", "total_row_ft": 84.4, "roadbed_ft": 34.4, "median_ft": 0.0, "left_sw_ft": 43.3, "right_sw_ft": 6.6}, "geometry": {"type": "LineString", "coordinates": [[-74.11983736287789, 40.630234247935945], [-74.12012678374919, 40.63016361405459]]}}, {"type": "Feature", "properties": {"segment_id": 485980, "physicalid": "34951", "street_name": "ELIZABETH ST", "borough": "staten_island", "direction": "TF", "total_row_ft": 135.0, "roadbed_ft": 81.0, "median_ft": 0.0, "left_sw_ft": 39.0, "right_sw_ft": 15.0}, "geometry": {"type": "LineString", "coordinates": [[-74.11968291245931, 40.63019766388671], [-74.12008089297241, 40.63006901501101]]}}, {"type": "Feature", "properties": {"segment_id": 485981, "physicalid": "34951", "street_name": "ELIZABETH ST", "borough": "staten_island", "direction": "TF", "total_row_ft": 46.2, "roadbed_ft": 30.9, "median_ft": 0.0, "left_sw_ft": 6.7, "right_sw_ft": 8.7}, "geometry": {"type": "LineString", "coordinates": [[-74.11978128846138, 40.6301062310471], [-74.11993465877681, 40.63005665344602]]}}, {"type": "Feature", "properties": {"segment_id": 485982, "physicalid": "34951", "street_name": "ELIZABETH ST", "borough": "staten_island", "direction": "TF", "total_row_ft": 45.7, "roadbed_ft": 31.4, "median_ft": 0.0, "left_sw_ft": 6.2, "right_sw_ft": 8.1}, "geometry": {"type": "LineString", "coordinates": [[-74.11975838897769, 40.630054000826696], [-74.1199100084887, 40.630004989179106]]}}, {"type": "Feature", "properties": {"segment_id": 486250, "physicalid": "34970", "street_name": "ELM ST", "borough": "staten_island", "direction": "FT", "total_row_ft": 150.0, "roadbed_ft": 120.0, "median_ft": 0.0, "left_sw_ft": 15.0, "right_sw_ft": 15.0}, "geometry": {"type": "LineString", "coordinates": [[-74.11351432090858, 40.637415158022314], [-74.11394098449195, 40.63736183027277]]}}, {"type": "Feature", "properties": {"segment_id": 486251, "physicalid": "34970", "street_name": "ELM ST", "borough": "staten_island", "direction": "FT", "total_row_ft": 42.1, "roadbed_ft": 29.2, "median_ft": 0.0, "left_sw_ft": 7.4, "right_sw_ft": 5.5}, "geometry": {"type": "LineString", "coordinates": [[-74.11363491873841, 40.63734445523727], [-74.11378461639853, 40.63732574486243]]}}, {"type": "Feature", "properties": {"segment_id": 486252, "physicalid": "34970", "street_name": "ELM ST", "borough": "staten_island", "direction": "FT", "total_row_ft": 43.1, "roadbed_ft": 29.2, "median_ft": 0.0, "left_sw_ft": 8.2, "right_sw_ft": 5.7}, "geometry": {"type": "LineString", "coordinates": [[-74.11362060607345, 40.637290614440715], [-74.11377372059368, 40.63727147700185]]}}, {"type": "Feature", "properties": {"segment_id": 486253, "physicalid": "34970", "street_name": "ELM ST", "borough": "staten_island", "direction": "FT", "total_row_ft": 43.0, "roadbed_ft": 29.2, "median_ft": 0.0, "left_sw_ft": 8.0, "right_sw_ft": 5.8}, "geometry": {"type": "LineString", "coordinates": [[-74.1136096146874, 40.63723635852817], [-74.11376258327854, 40.63721723932811]]}}, {"type": "Feature", "properties": {"segment_id": 486254, "physicalid": "34970", "street_name": "ELM ST", "borough": "staten_island", "direction": "FT", "total_row_ft": 42.9, "roadbed_ft": 29.2, "median_ft": 0.0, "left_sw_ft": 7.9, "right_sw_ft": 5.8}, "geometry": {"type": "LineString", "coordinates": [[-74.11359862329158, 40.6371821026177], [-74.11375111334046, 40.63716304322926]]}}, {"type": "Feature", "properties": {"segment_id": 486255, "physicalid": "34970", "street_name": "ELM ST", "borough": "staten_island", "direction": "FT", "total_row_ft": 42.8, "roadbed_ft": 29.2, "median_ft": 0.0, "left_sw_ft": 7.7, "right_sw_ft": 5.8}, "geometry": {"type": "LineString", "coordinates": [[-74.11358763191365, 40.63712784670587], [-74.11373964333039, 40.637108847140254]]}}, {"type": "Feature", "properties": {"segment_id": 486256, "physicalid": "34970", "street_name": "ELM ST", "borough": "staten_island", "direction": "FT", "total_row_ft": 42.9, "roadbed_ft": 29.2, "median_ft": 0.0, "left_sw_ft": 7.7, "right_sw_ft": 6.0}, "geometry": {"type": "LineString", "coordinates": [[-74.11357580146053, 40.637073695668434], [-74.11372817333896, 40.6370546510498]]}}, {"type": "Feature", "properties": {"segment_id": 486257, "physicalid": "34970", "street_name": "ELM ST", "borough": "staten_island", "direction": "FT", "total_row_ft": 43.0, "roadbed_ft": 29.2, "median_ft": 0.0, "left_sw_ft": 7.6, "right_sw_ft": 6.2}, "geometry": {"type": "LineString", "coordinates": [[-74.11356391306688, 40.637019551873664], [-74.11371676183693, 40.63700044764972]]}}, {"type": "Feature", "properties": {"segment_id": 486258, "physicalid": "34970", "street_name": "ELM ST", "borough": "staten_island", "direction": "FT", "total_row_ft": 43.2, "roadbed_ft": 29.2, "median_ft": 0.0, "left_sw_ft": 7.6, "right_sw_ft": 6.4}, "geometry": {"type": "LineString", "coordinates": [[-74.11355202492075, 40.63696540804884], [-74.11370565217936, 40.63694620652343]]}}, {"type": "Feature", "properties": {"segment_id": 486259, "physicalid": "34970", "street_name": "ELM ST", "borough": "staten_island", "direction": "FT", "total_row_ft": 43.4, "roadbed_ft": 29.2, "median_ft": 0.0, "left_sw_ft": 7.5, "right_sw_ft": 6.7}, "geometry": {"type": "LineString", "coordinates": [[-74.1135401367939, 40.63691126422246], [-74.11369454253986, 40.63689196539572]]}}, {"type": "Feature", "properties": {"segment_id": 486260, "physicalid": "34970", "street_name": "ELM ST", "borough": "staten_island", "direction": "FT", "total_row_ft": 43.6, "roadbed_ft": 29.2, "median_ft": 0.0, "left_sw_ft": 7.6, "right_sw_ft": 6.9}, "geometry": {"type": "LineString", "coordinates": [[-74.11352824861255, 40.63685712040373], [-74.11368343292824, 40.63683772426541]]}}, {"type": "Feature", "properties": {"segment_id": 486261, "physicalid": "34970", "street_name": "ELM ST", "borough": "staten_island", "direction": "FT", "total_row_ft": 43.9, "roadbed_ft": 29.2, "median_ft": 0.0, "left_sw_ft": 7.7, "right_sw_ft": 7.0}, "geometry": {"type": "LineString", "coordinates": [[-74.11351636009695, 40.63680297662766], [-74.11367232353027, 40.63678348310926]]}}, {"type": "Feature", "properties": {"segment_id": 486262, "physicalid": "34970", "street_name": "ELM ST", "borough": "staten_island", "direction": "FT", "total_row_ft": 44.0, "roadbed_ft": 29.2, "median_ft": 0.0, "left_sw_ft": 7.8, "right_sw_ft": 7.1}, "geometry": {"type": "LineString", "coordinates": [[-74.11350459629722, 40.63674881726459], [-74.11366121415037, 40.63672924195171]]}}, {"type": "Feature", "properties": {"segment_id": 486263, "physicalid": "34970", "street_name": "ELM ST", "borough": "staten_island", "direction": "FT", "total_row_ft": 44.2, "roadbed_ft": 29.2, "median_ft": 0.0, "left_sw_ft": 7.8, "right_sw_ft": 7.2}, "geometry": {"type": "LineString", "coordinates": [[-74.1134930638367, 40.63669462898799], [-74.11365010030752, 40.636675001352835]]}}, {"type": "Feature", "properties": {"segment_id": 486264, "physicalid": "34970", "street_name": "ELM ST", "borough": "staten_island", "direction": "FT", "total_row_ft": 44.3, "roadbed_ft": 29.2, "median_ft": 0.0, "left_sw_ft": 7.8, "right_sw_ft": 7.3}, "geometry": {"type": "LineString", "coordinates": [[-74.11348153137781, 40.63664044071206], [-74.11363890599242, 40.63662077081291]]}}, {"type": "Feature", "properties": {"segment_id": 486265, "physicalid": "34970", "street_name": "ELM ST", "borough": "staten_island", "direction": "FT", "total_row_ft": 44.4, "roadbed_ft": 29.2, "median_ft": 0.0, "left_sw_ft": 7.7, "right_sw_ft": 7.4}, "geometry": {"type": "LineString", "coordinates": [[-74.1134699988352, 40.63658625244741], [-74.1136277117029, 40.63656654027069]]}}, {"type": "Feature", "properties": {"segment_id": 486266, "physicalid": "34970", "street_name": "ELM ST", "borough": "staten_island", "direction": "FT", "total_row_ft": 44.5, "roadbed_ft": 29.2, "median_ft": 0.0, "left_sw_ft": 7.7, "right_sw_ft": 7.5}, "geometry": {"type": "LineString", "coordinates": [[-74.11345846613175, 40.63653206420375], [-74.11361651745395, 40.63651230972424]]}}, {"type": "Feature", "properties": {"segment_id": 486267, "physicalid": "34970", "street_name": "ELM ST", "borough": "staten_island", "direction": "FT", "total_row_ft": 44.5, "roadbed_ft": 29.2, "median_ft": 0.0, "left_sw_ft": 7.7, "right_sw_ft": 7.7}, "geometry": {"type": "LineString", "coordinates": [[-74.11344693344702, 40.63647787595865], [-74.1136053232232, 40.636458079176364]]}}, {"type": "Feature", "properties": {"segment_id": 486268, "physicalid": "34970", "street_name": "ELM ST", "borough": "staten_island", "direction": "FT", "total_row_ft": 44.6, "roadbed_ft": 29.2, "median_ft": 0.0, "left_sw_ft": 7.7, "right_sw_ft": 7.8}, "geometry": {"type": "LineString", "coordinates": [[-74.11343540084758, 40.636423687703704], [-74.11359401244734, 40.636403863196186]]}}, {"type": "Feature", "properties": {"segment_id": 486269, "physicalid": "34970", "street_name": "ELM ST", "borough": "staten_island", "direction": "FT", "total_row_ft": 44.4, "roadbed_ft": 29.2, "median_ft": 0.0, "left_sw_ft": 7.6, "right_sw_ft": 7.5}, "geometry": {"type": "LineString", "coordinates": [[-74.11342384330054, 40.63636950256776], [-74.11358153074607, 40.63634979356903]]}}, {"type": "Feature", "properties": {"segment_id": 486270, "physicalid": "34970", "street_name": "ELM ST", "borough": "staten_island", "direction": "FT", "total_row_ft": 44.2, "roadbed_ft": 29.2, "median_ft": 0.0, "left_sw_ft": 7.7, "right_sw_ft": 7.3}, "geometry": {"type": "LineString", "coordinates": [[-74.11341196222006, 40.636315357870174], [-74.11356904860693, 40.63629572399746]]}}, {"type": "Feature", "properties": {"segment_id": 486271, "physicalid": "34970", "street_name": "ELM ST", "borough": "staten_island", "direction": "FT", "total_row_ft": 44.0, "roadbed_ft": 29.2, "median_ft": 0.0, "left_sw_ft": 7.8, "right_sw_ft": 7.0}, "geometry": {"type": "LineString", "coordinates": [[-74.11340008145824, 40.636261213133615], [-74.1135565664059, 40.63624165443448]]}}, {"type": "Feature", "properties": {"segment_id": 486272, "physicalid": "34970", "street_name": "ELM ST", "borough": "staten_island", "direction": "FT", "total_row_ft": 43.8, "roadbed_ft": 29.2, "median_ft": 0.0, "left_sw_ft": 7.9, "right_sw_ft": 6.8}, "geometry": {"type": "LineString", "coordinates": [[-74.11338820081424, 40.63620706838321], [-74.11354408440836, 40.63618758484691]]}}, {"type": "Feature", "properties": {"segment_id": 486273, "physicalid": "34970", "street_name": "ELM ST", "borough": "staten_island", "direction": "FT", "total_row_ft": 43.7, "roadbed_ft": 29.2, "median_ft": 0.0, "left_sw_ft": 8.0, "right_sw_ft": 6.5}, "geometry": {"type": "LineString", "coordinates": [[-74.11337632029019, 40.63615292361865], [-74.11353160254515, 40.636133515243436]]}}, {"type": "Feature", "properties": {"segment_id": 486274, "physicalid": "34970", "street_name": "ELM ST", "borough": "staten_island", "direction": "FT", "total_row_ft": 43.5, "roadbed_ft": 29.2, "median_ft": 0.0, "left_sw_ft": 8.1, "right_sw_ft": 6.2}, "geometry": {"type": "LineString", "coordinates": [[-74.11336443961484, 40.63609877887387], [-74.11351915590988, 40.63607944123773]]}}, {"type": "Feature", "properties": {"segment_id": 486275, "physicalid": "34970", "street_name": "ELM ST", "borough": "staten_island", "direction": "FT", "total_row_ft": 43.7, "roadbed_ft": 29.2, "median_ft": 0.0, "left_sw_ft": 8.2, "right_sw_ft": 6.3}, "geometry": {"type": "LineString", "coordinates": [[-74.11335235148103, 40.636044660059596], [-74.1135078439721, 40.636025225408794]]}}, {"type": "Feature", "properties": {"segment_id": 486276, "physicalid": "34970", "street_name": "ELM ST", "borough": "staten_island", "direction": "FT", "total_row_ft": 43.9, "roadbed_ft": 29.2, "median_ft": 0.0, "left_sw_ft": 8.3, "right_sw_ft": 6.4}, "geometry": {"type": "LineString", "coordinates": [[-74.11334061411664, 40.635990497404514], [-74.11349653241096, 40.63597100953369]]}}, {"type": "Feature", "properties": {"segment_id": 486277, "physicalid": "34970", "street_name": "ELM ST", "borough": "staten_island", "direction": "FT", "total_row_ft": 44.0, "roadbed_ft": 29.2, "median_ft": 0.0, "left_sw_ft": 8.2, "right_sw_ft": 6.5}, "geometry": {"type": "LineString", "coordinates": [[-74.11332887661463, 40.63593633476752], [-74.11348522098274, 40.63591679364279]]}}, {"type": "Feature", "properties": {"segment_id": 486278, "physicalid": "34970", "street_name": "ELM ST", "borough": "staten_island", "direction": "FT", "total_row_ft": 44.1, "roadbed_ft": 29.2, "median_ft": 0.0, "left_sw_ft": 8.2, "right_sw_ft": 6.6}, "geometry": {"type": "LineString", "coordinates": [[-74.11331713896168, 40.63588217215027], [-74.11347379775802, 40.635862591726074]]}}, {"type": "Feature", "properties": {"segment_id": 486279, "physicalid": "34970", "street_name": "ELM ST", "borough": "staten_island", "direction": "FT", "total_row_ft": 44.0, "roadbed_ft": 29.2, "median_ft": 0.0, "left_sw_ft": 8.2, "right_sw_ft": 6.6}, "geometry": {"type": "LineString", "coordinates": [[-74.11330540176311, 40.63582800947706], [-74.11346186599667, 40.635808453371396]]}}, {"type": "Feature", "properties": {"segment_id": 486280, "physicalid": "34970", "street_name": "ELM ST", "borough": "staten_island", "direction": "FT", "total_row_ft": 43.9, "roadbed_ft": 29.2, "median_ft": 0.0, "left_sw_ft": 8.1, "right_sw_ft": 6.6}, "geometry": {"type": "LineString", "coordinates": [[-74.11329388580623, 40.635773819152426], [-74.11344993425132, 40.635754315015554]]}}, {"type": "Feature", "properties": {"segment_id": 486281, "physicalid": "34970", "street_name": "ELM ST", "borough": "staten_island", "direction": "FT", "total_row_ft": 43.8, "roadbed_ft": 29.2, "median_ft": 0.0, "left_sw_ft": 8.0, "right_sw_ft": 6.6}, "geometry": {"type": "LineString", "coordinates": [[-74.11328244332712, 40.63571961964485], [-74.11343800252158, 40.63570017665867]]}}, {"type": "Feature", "properties": {"segment_id": 486282, "physicalid": "34970", "street_name": "ELM ST", "borough": "staten_island", "direction": "FT", "total_row_ft": 43.6, "roadbed_ft": 29.2, "median_ft": 0.0, "left_sw_ft": 7.8, "right_sw_ft": 6.5}, "geometry": {"type": "LineString", "coordinates": [[-74.11327100107994, 40.63566542010917], [-74.11342591812294, 40.63564605738446]]}}, {"type": "Feature", "properties": {"segment_id": 486283, "physicalid": "34970", "street_name": "ELM ST", "borough": "staten_island", "direction": "FT", "total_row_ft": 43.4, "roadbed_ft": 29.2, "median_ft": 0.0, "left_sw_ft": 7.7, "right_sw_ft": 6.5}, "geometry": {"type": "LineString", "coordinates": [[-74.11325955920678, 40.635611220527615], [-74.11341380129969, 40.63559194216381]]}}, {"type": "Feature", "properties": {"segment_id": 486284, "physicalid": "34970", "street_name": "ELM ST", "borough": "staten_island", "direction": "FT", "total_row_ft": 43.2, "roadbed_ft": 29.2, "median_ft": 0.0, "left_sw_ft": 7.5, "right_sw_ft": 6.5}, "geometry": {"type": "LineString", "coordinates": [[-74.11324811694361, 40.63555702099566], [-74.1134016848108, 40.635537826902265]]}}, {"type": "Feature", "properties": {"segment_id": 486285, "physicalid": "34970", "street_name": "ELM ST", "borough": "staten_island", "direction": "FT", "total_row_ft": 43.0, "roadbed_ft": 29.2, "median_ft": 0.0, "left_sw_ft": 7.4, "right_sw_ft": 6.4}, "geometry": {"type": "LineString", "coordinates": [[-74.11323667461987, 40.63550282147214], [-74.1133895682969, 40.635483711644675]]}}, {"type": "Feature", "properties": {"segment_id": 486286, "physicalid": "34970", "street_name": "ELM ST", "borough": "staten_island", "direction": "FT", "total_row_ft": 42.8, "roadbed_ft": 29.2, "median_ft": 0.0, "left_sw_ft": 7.3, "right_sw_ft": 6.3}, "geometry": {"type": "LineString", "coordinates": [[-74.1132251780164, 40.63544862873373], [-74.11337742768664, 40.63542959939973]]}}, {"type": "Feature", "properties": {"segment_id": 486287, "physicalid": "34970", "street_name": "ELM ST", "borough": "staten_island", "direction": "FT", "total_row_ft": 42.7, "roadbed_ft": 29.2, "median_ft": 0.0, "left_sw_ft": 7.3, "right_sw_ft": 6.2}, "geometry": {"type": "LineString", "coordinates": [[-74.11321351602616, 40.63539445666742], [-74.11336519632982, 40.635375498497886]]}}, {"type": "Feature", "properties": {"segment_id": 486288, "physicalid": "34970", "street_name": "ELM ST", "borough": "staten_island", "direction": "FT", "total_row_ft": 42.5, "roadbed_ft": 29.2, "median_ft": 0.0, "left_sw_ft": 7.3, "right_sw_ft": 6.0}, "geometry": {"type": "LineString", "coordinates": [[-74.11320185390288, 40.63534028461859], [-74.11335296517294, 40.63532139757192]]}}, {"type": "Feature", "properties": {"segment_id": 486289, "physicalid": "34970", "street_name": "ELM ST", "borough": "staten_island", "direction": "FT", "total_row_ft": 42.3, "roadbed_ft": 29.2, "median_ft": 0.0, "left_sw_ft": 7.3, "right_sw_ft": 5.8}, "geometry": {"type": "LineString", "coordinates": [[-74.11319030550153, 40.63528609835682], [-74.11334073422675, 40.63526729662049]]}}, {"type": "Feature", "properties": {"segment_id": 486290, "physicalid": "34970", "street_name": "ELM ST", "borough": "staten_island", "direction": "FT", "total_row_ft": 42.0, "roadbed_ft": 29.2, "median_ft": 0.0, "left_sw_ft": 7.2, "right_sw_ft": 5.7}, "geometry": {"type": "LineString", "coordinates": [[-74.11317901460885, 40.63523187991073], [-74.11332850381253, 40.63521319560341]]}}, {"type": "Feature", "properties": {"segment_id": 486291, "physicalid": "34970", "street_name": "ELM ST", "borough": "staten_island", "direction": "FT", "total_row_ft": 42.2, "roadbed_ft": 29.2, "median_ft": 0.0, "left_sw_ft": 7.1, "right_sw_ft": 5.8}, "geometry": {"type": "LineString", "coordinates": [[-74.11316772430465, 40.63517766139192], [-74.11331758811407, 40.63515893026307]]}}, {"type": "Feature", "properties": {"segment_id": 486292, "physicalid": "34970", "street_name": "ELM ST", "borough": "staten_island", "direction": "FT", "total_row_ft": 42.3, "roadbed_ft": 29.2, "median_ft": 0.0, "left_sw_ft": 7.2, "right_sw_ft": 5.9}, "geometry": {"type": "LineString", "coordinates": [[-74.11315643415043, 40.635123442855246], [-74.11330681064709, 40.63510464764624]]}}, {"type": "Feature", "properties": {"segment_id": 486293, "physicalid": "34970", "street_name": "ELM ST", "borough": "staten_island", "direction": "FT", "total_row_ft": 42.4, "roadbed_ft": 29.2, "median_ft": 0.0, "left_sw_ft": 7.2, "right_sw_ft": 6.0}, "geometry": {"type": "LineString", "coordinates": [[-74.11314514392157, 40.635069224328795], [-74.11329603245632, 40.635050365120726]]}}, {"type": "Feature", "properties": {"segment_id": 486294, "physicalid": "34970", "street_name": "ELM ST", "borough": "staten_island", "direction": "FT", "total_row_ft": 42.7, "roadbed_ft": 29.2, "median_ft": 0.0, "left_sw_ft": 7.4, "right_sw_ft": 6.1}, "geometry": {"type": "LineString", "coordinates": [[-74.11313356441264, 40.63501504195944], [-74.11328525517632, 40.63499608248225]]}}, {"type": "Feature", "properties": {"segment_id": 486295, "physicalid": "34970", "street_name": "ELM ST", "borough": "staten_island", "direction": "FT", "total_row_ft": 43.0, "roadbed_ft": 29.2, "median_ft": 0.0, "left_sw_ft": 7.6, "right_sw_ft": 6.1}, "geometry": {"type": "LineString", "coordinates": [[-74.11312176721194, 40.63496088679954], [-74.11327447764064, 40.63494179987659]]}}, {"type": "Feature", "properties": {"segment_id": 486296, "physicalid": "34970", "street_name": "ELM ST", "borough": "staten_island", "direction": "FT", "total_row_ft": 43.2, "roadbed_ft": 29.2, "median_ft": 0.0, "left_sw_ft": 7.8, "right_sw_ft": 6.2}, "geometry": {"type": "LineString", "coordinates": [[-74.1131099701969, 40.63490673161738], [-74.11326370030736, 40.63488751724648]]}}, {"type": "Feature", "properties": {"segment_id": 486297, "physicalid": "34970", "street_name": "ELM ST", "borough": "staten_island", "direction": "FT", "total_row_ft": 63.7, "roadbed_ft": 29.2, "median_ft": 0.0, "left_sw_ft": 7.7, "right_sw_ft": 26.8}, "geometry": {"type": "LineString", "coordinates": [[-74.11309817318175, 40.634852576436025], [-74.11339264005711, 40.634815771513516]]}}, {"type": "Feature", "properties": {"segment_id": 486298, "physicalid": "34971", "street_name": "HENDERSON AVE", "borough": "staten_island", "direction": "TW", "total_row_ft": 83.7, "roadbed_ft": 43.9, "median_ft": 0.0, "left_sw_ft": 3.6, "right_sw_ft": 36.2}, "geometry": {"type": "LineString", "coordinates": [[-74.11503624447167, 40.63722173259169], [-74.11508140675338, 40.63744889016175]]}}, {"type": "Feature", "properties": {"segment_id": 486299, "physicalid": "34971", "street_name": "HENDERSON AVE", "borough": "staten_island", "direction": "TW", "total_row_ft": 54.3, "roadbed_ft": 33.7, "median_ft": 0.0, "left_sw_ft": 13.0, "right_sw_ft": 7.6}, "geometry": {"type": "LineString", "coordinates": [[-74.11510460983574, 40.63719900981119], [-74.11513391662537, 40.63734641676535]]}}, {"type": "Feature", "properties": {"segment_id": 486300, "physicalid": "34971", "street_name": "HENDERSON AVE", "borough": "staten_island", "direction": "TW", "total_row_ft": 54.2, "roadbed_ft": 36.1, "median_ft": 0.0, "left_sw_ft": 10.2, "right_sw_ft": 7.9}, "geometry": {"type": "LineString", "coordinates": [[-74.11517600021928, 40.637191502388085], [-74.11520524997883, 40.63733862170038]]}}, {"type": "Feature", "properties": {"segment_id": 486301, "physicalid": "34971", "street_name": "HENDERSON AVE", "borough": "staten_island", "direction": "TW", "total_row_ft": 54.1, "roadbed_ft": 36.1, "median_ft": 0.0, "left_sw_ft": 9.9, "right_sw_ft": 8.1}, "geometry": {"type": "LineString", "coordinates": [[-74.11524739058677, 40.63718399492067], [-74.11527658331943, 40.63733082661043]]}}, {"type": "Feature", "properties": {"segment_id": 486302, "physicalid": "34971", "street_name": "HENDERSON AVE", "borough": "staten_island", "direction": "TW", "total_row_ft": 54.0, "roadbed_ft": 36.1, "median_ft": 0.0, "left_sw_ft": 9.5, "right_sw_ft": 8.4}, "geometry": {"type": "LineString", "coordinates": [[-74.11531878093821, 40.63717648740892], [-74.11534791667971, 40.63732303165888]]}}, {"type": "Feature", "properties": {"segment_id": 486303, "physicalid": "34971", "street_name": "HENDERSON AVE", "borough": "staten_island", "direction": "TW", "total_row_ft": 53.9, "roadbed_ft": 36.1, "median_ft": 0.0, "left_sw_ft": 9.2, "right_sw_ft": 8.6}, "geometry": {"type": "LineString", "coordinates": [[-74.11539017127356, 40.63716897985284], [-74.1154192500233, 40.63731523666308]]}}, {"type": "Feature", "properties": {"segment_id": 486304, "physicalid": "34971", "street_name": "HENDERSON AVE", "borough": "staten_island", "direction": "TW", "total_row_ft": 57.3, "roadbed_ft": 36.1, "median_ft": 0.0, "left_sw_ft": 9.1, "right_sw_ft": 12.1}, "geometry": {"type": "LineString", "coordinates": [[-74.11546148002046, 40.6371610619706], [-74.11549240762606, 40.63731661707582]]}}, {"type": "Feature", "properties": {"segment_id": 486305, "physicalid": "34971", "street_name": "HENDERSON AVE", "borough": "staten_island", "direction": "TW", "total_row_ft": 57.2, "roadbed_ft": 36.1, "median_ft": 0.0, "left_sw_ft": 9.2, "right_sw_ft": 11.9}, "geometry": {"type": "LineString", "coordinates": [[-74.11553269509176, 40.637152672974906], [-74.1155635532124, 40.63730787776328]]}}, {"type": "Feature", "properties": {"segment_id": 486306, "physicalid": "34971", "street_name": "HENDERSON AVE", "borough": "staten_island", "direction": "TW", "total_row_ft": 57.1, "roadbed_ft": 36.1, "median_ft": 0.0, "left_sw_ft": 9.3, "right_sw_ft": 11.6}, "geometry": {"type": "LineString", "coordinates": [[-74.11560391011356, 40.63714428377635], [-74.1156346987801, 40.63729913840671]]}}, {"type": "Feature", "properties": {"segment_id": 486307, "physicalid": "34971", "street_name": "HENDERSON AVE", "borough": "staten_island", "direction": "TW", "total_row_ft": 56.8, "roadbed_ft": 36.1, "median_ft": 0.0, "left_sw_ft": 9.3, "right_sw_ft": 11.4}, "geometry": {"type": "LineString", "coordinates": [[-74.11567518993323, 40.63713622052989], [-74.11570584432731, 40.63729039899681]]}}, {"type": "Feature", "properties": {"segment_id": 486308, "physicalid": "34971", "street_name": "HENDERSON AVE", "borough": "staten_island", "direction": "TW", "total_row_ft": 56.5, "roadbed_ft": 36.1, "median_ft": 0.0, "left_sw_ft": 9.2, "right_sw_ft": 11.2}, "geometry": {"type": "LineString", "coordinates": [[-74.11574647959522, 40.63712820682854], [-74.11577698984009, 40.63728165946335]]}}, {"type": "Feature", "properties": {"segment_id": 486309, "physicalid": "34971", "street_name": "HENDERSON AVE", "borough": "staten_island", "direction": "TW", "total_row_ft": 56.3, "roadbed_ft": 36.1, "median_ft": 0.0, "left_sw_ft": 9.2, "right_sw_ft": 11.0}, "geometry": {"type": "LineString", "coordinates": [[-74.11581776925199, 40.63712019314271], [-74.1158481353342, 40.63727291988587]]}}, {"type": "Feature", "properties": {"segment_id": 486310, "physicalid": "34971", "street_name": "HENDERSON AVE", "borough": "staten_island", "direction": "TW", "total_row_ft": 56.0, "roadbed_ft": 36.1, "median_ft": 0.0, "left_sw_ft": 9.1, "right_sw_ft": 10.8}, "geometry": {"type": "LineString", "coordinates": [[-74.11588905889164, 40.63711217941269], [-74.11591928398538, 40.63726419623635]]}}, {"type": "Feature", "properties": {"segment_id": 486311, "physicalid": "34971", "street_name": "HENDERSON AVE", "borough": "staten_island", "direction": "TW", "total_row_ft": 55.8, "roadbed_ft": 36.1, "median_ft": 0.0, "left_sw_ft": 9.0, "right_sw_ft": 10.7}, "geometry": {"type": "LineString", "coordinates": [[-74.11596034851415, 40.63710416563843], [-74.1159904478395, 40.6372555490988]]}}, {"type": "Feature", "properties": {"segment_id": 486312, "physicalid": "34971", "street_name": "HENDERSON AVE", "borough": "staten_island", "direction": "TW", "total_row_ft": 55.5, "roadbed_ft": 36.1, "median_ft": 0.0, "left_sw_ft": 8.9, "right_sw_ft": 10.5}, "geometry": {"type": "LineString", "coordinates": [[-74.11603163806843, 40.63709615156295], [-74.11606161167516, 40.6372469019172]]}}, {"type": "Feature", "properties": {"segment_id": 486313, "physicalid": "34971", "street_name": "HENDERSON AVE", "borough": "staten_island", "direction": "TW", "total_row_ft": 55.1, "roadbed_ft": 36.1, "median_ft": 0.0, "left_sw_ft": 8.6, "right_sw_ft": 10.4}, "geometry": {"type": "LineString", "coordinates": [[-74.1161030440334, 40.63708872300763], [-74.11613277549237, 40.63723825469157]]}}, {"type": "Feature", "properties": {"segment_id": 486314, "physicalid": "34971", "street_name": "HENDERSON AVE", "borough": "staten_island", "direction": "TW", "total_row_ft": 54.5, "roadbed_ft": 36.1, "median_ft": 0.0, "left_sw_ft": 8.7, "right_sw_ft": 9.6}, "geometry": {"type": "LineString", "coordinates": [[-74.11617453399822, 40.637081716956345], [-74.11620393929115, 40.63722960742188]]}}, {"type": "Feature", "properties": {"segment_id": 486315, "physicalid": "34971", "street_name": "HENDERSON AVE", "borough": "staten_island", "direction": "TW", "total_row_ft": 86.4, "roadbed_ft": 36.1, "median_ft": 0.0, "left_sw_ft": 8.8, "right_sw_ft": 41.4}, "geometry": {"type": "LineString", "coordinates": [[-74.11624602404108, 40.63707471132857], [-74.11629263514527, 40.63730913482411]]}}, {"type": "Feature", "properties": {"segment_id": 486316, "physicalid": "34972", "street_name": "HENDERSON AVE", "borough": "staten_island", "direction": "TW", "total_row_ft": 135.0, "roadbed_ft": 79.1, "median_ft": 0.0, "left_sw_ft": 40.9, "right_sw_ft": 15.0}, "geometry": {"type": "LineString", "coordinates": [[-74.11375936557444, 40.63726027091764], [-74.11382044889817, 40.63758634177677]]}}, {"type": "Feature", "properties": {"segment_id": 486317, "physicalid": "34972", "street_name": "HENDERSON AVE", "borough": "staten_island", "direction": "TW", "total_row_ft": 53.9, "roadbed_ft": 36.1, "median_ft": 0.0, "left_sw_ft": 10.0, "right_sw_ft": 7.8}, "geometry": {"type": "LineString", "coordinates": [[-74.11384693461046, 40.63733915622442], [-74.1138743763466, 40.637485643018685]]}}, {"type": "Feature", "properties": {"segment_id": 486318, "physicalid": "34972", "street_name": "HENDERSON AVE", "borough": "staten_island", "direction": "TW", "total_row_ft": 53.9, "roadbed_ft": 36.1, "median_ft": 0.0, "left_sw_ft": 9.7, "right_sw_ft": 8.0}, "geometry": {"type": "LineString", "coordinates": [[-74.11391846210638, 40.6373324093887], [-74.1139458934026, 40.63747883961385]]}}, {"type": "Feature", "properties": {"segment_id": 486319, "physicalid": "34972", "street_name": "HENDERSON AVE", "borough": "staten_island", "direction": "TW", "total_row_ft": 53.9, "roadbed_ft": 36.1, "median_ft": 0.0, "left_sw_ft": 9.5, "right_sw_ft": 8.2}, "geometry": {"type": "LineString", "coordinates": [[-74.11398998958782, 40.63732566250848], [-74.11401741044403, 40.63747203616452]]}}, {"type": "Feature", "properties": {"segment_id": 486320, "physicalid": "34972", "street_name": "HENDERSON AVE", "borough": "staten_island", "direction": "TW", "total_row_ft": 53.8, "roadbed_ft": 36.1, "median_ft": 0.0, "left_sw_ft": 9.3, "right_sw_ft": 8.4}, "geometry": {"type": "LineString", "coordinates": [[-74.1140615170548, 40.63731891558374], [-74.11408892747086, 40.63746523267071]]}}, {"type": "Feature", "properties": {"segment_id": 486321, "physicalid": "34972", "street_name": "HENDERSON AVE", "borough": "staten_island", "direction": "TW", "total_row_ft": 53.8, "roadbed_ft": 36.1, "median_ft": 0.0, "left_sw_ft": 9.0, "right_sw_ft": 8.7}, "geometry": {"type": "LineString", "coordinates": [[-74.11413304450731, 40.637312168614535], [-74.11416044448312, 40.637458429132415]]}}, {"type": "Feature", "properties": {"segment_id": 486322, "physicalid": "34972", "street_name": "HENDERSON AVE", "borough": "staten_island", "direction": "TW", "total_row_ft": 53.8, "roadbed_ft": 36.1, "median_ft": 0.0, "left_sw_ft": 8.8, "right_sw_ft": 8.9}, "geometry": {"type": "LineString", "coordinates": [[-74.11420457194536, 40.63730542160081], [-74.11423196146514, 40.637451625466056]]}}, {"type": "Feature", "properties": {"segment_id": 486323, "physicalid": "34972", "street_name": "HENDERSON AVE", "borough": "staten_island", "direction": "TW", "total_row_ft": 53.8, "roadbed_ft": 36.1, "median_ft": 0.0, "left_sw_ft": 8.5, "right_sw_ft": 9.2}, "geometry": {"type": "LineString", "coordinates": [[-74.11427609941344, 40.63729867478016], [-74.11430347836819, 40.6374448214115]]}}, {"type": "Feature", "properties": {"segment_id": 486324, "physicalid": "34972", "street_name": "HENDERSON AVE", "borough": "staten_island", "direction": "TW", "total_row_ft": 53.7, "roadbed_ft": 36.1, "median_ft": 0.0, "left_sw_ft": 8.3, "right_sw_ft": 9.3}, "geometry": {"type": "LineString", "coordinates": [[-74.11434752424461, 40.63729138012658], [-74.11437486627081, 40.63743732880208]]}}, {"type": "Feature", "properties": {"segment_id": 486325, "physicalid": "34972", "street_name": "HENDERSON AVE", "borough": "staten_island", "direction": "TW", "total_row_ft": 53.7, "roadbed_ft": 36.0, "median_ft": 0.0, "left_sw_ft": 8.3, "right_sw_ft": 9.5}, "geometry": {"type": "LineString", "coordinates": [[-74.11441891784892, 40.63728391882716], [-74.11444625246496, 40.63742982711421]]}}, {"type": "Feature", "properties": {"segment_id": 486326, "physicalid": "34972", "street_name": "HENDERSON AVE", "borough": "staten_island", "direction": "TW", "total_row_ft": 53.7, "roadbed_ft": 35.7, "median_ft": 0.0, "left_sw_ft": 8.2, "right_sw_ft": 9.8}, "geometry": {"type": "LineString", "coordinates": [[-74.11449031143728, 40.6372764574834], [-74.11451763864304, 40.637422325382026]]}}, {"type": "Feature", "properties": {"segment_id": 486327, "physicalid": "34972", "street_name": "HENDERSON AVE", "borough": "staten_island", "direction": "TW", "total_row_ft": 53.7, "roadbed_ft": 35.4, "median_ft": 0.0, "left_sw_ft": 8.1, "right_sw_ft": 10.1}, "geometry": {"type": "LineString", "coordinates": [[-74.11456170500966, 40.63726899609531], [-74.11458902480507, 40.637414823605525]]}}, {"type": "Feature", "properties": {"segment_id": 486328, "physicalid": "34972", "street_name": "HENDERSON AVE", "borough": "staten_island", "direction": "TW", "total_row_ft": 53.8, "roadbed_ft": 35.1, "median_ft": 0.0, "left_sw_ft": 8.2, "right_sw_ft": 10.5}, "geometry": {"type": "LineString", "coordinates": [[-74.11463306906943, 40.63726137721631], [-74.11466046261867, 40.637407597573734]]}}, {"type": "Feature", "properties": {"segment_id": 486329, "physicalid": "34972", "street_name": "HENDERSON AVE", "borough": "staten_island", "direction": "TW", "total_row_ft": 54.0, "roadbed_ft": 34.8, "median_ft": 0.0, "left_sw_ft": 8.2, "right_sw_ft": 10.9}, "geometry": {"type": "LineString", "coordinates": [[-74.11470441630013, 40.63725366855061], [-74.11473188109899, 40.63740026838438]]}}, {"type": "Feature", "properties": {"segment_id": 486330, "physicalid": "34972", "street_name": "HENDERSON AVE", "borough": "staten_island", "direction": "TW", "total_row_ft": 53.9, "roadbed_ft": 34.5, "median_ft": 0.0, "left_sw_ft": 8.3, "right_sw_ft": 11.0}, "geometry": {"type": "LineString", "coordinates": [[-74.11477576351432, 40.63724595984064], [-74.11480318319529, 40.637392318012346]]}}, {"type": "Feature", "properties": {"segment_id": 486331, "physicalid": "34972", "street_name": "HENDERSON AVE", "borough": "staten_island", "direction": "TW", "total_row_ft": 53.8, "roadbed_ft": 32.6, "median_ft": 0.0, "left_sw_ft": 8.4, "right_sw_ft": 12.8}, "geometry": {"type": "LineString", "coordinates": [[-74.11484711071205, 40.63723825108638], [-74.11487448526523, 40.63738436754596]]}}, {"type": "Feature", "properties": {"segment_id": 486332, "physicalid": "34972", "street_name": "HENDERSON AVE", "borough": "staten_island", "direction": "TW", "total_row_ft": 120.0, "roadbed_ft": 34.2, "median_ft": 0.0, "left_sw_ft": 42.7, "right_sw_ft": 43.1}, "geometry": {"type": "LineString", "coordinates": [[-74.11490077899337, 40.63713617826509], [-74.11496186778086, 40.637462248522304]]}}, {"type": "Feature", "properties": {"segment_id": 486333, "physicalid": "34973", "street_name": "HENDERSON AVE", "borough": "staten_island", "direction": "TW", "total_row_ft": 150.0, "roadbed_ft": 120.0, "median_ft": 0.0, "left_sw_ft": 15.0, "right_sw_ft": 15.0}, "geometry": {"type": "LineString", "coordinates": [[-74.11281710021336, 40.6373619770625], [-74.11287772881438, 40.63768809717465]]}}, {"type": "Feature", "properties": {"segment_id": 486334, "physicalid": "34973", "street_name": "HENDERSON AVE", "borough": "staten_island", "direction": "TW", "total_row_ft": 50.7, "roadbed_ft": 36.1, "median_ft": 0.0, "left_sw_ft": 8.1, "right_sw_ft": 6.4}, "geometry": {"type": "LineString", "coordinates": [[-74.11290557037653, 40.637446371690515], [-74.11293119418967, 40.63758420091876]]}}, {"type": "Feature", "properties": {"segment_id": 486335, "physicalid": "34973", "street_name": "HENDERSON AVE", "borough": "staten_island", "direction": "TW", "total_row_ft": 50.5, "roadbed_ft": 36.1, "median_ft": 0.0, "left_sw_ft": 7.8, "right_sw_ft": 6.5}, "geometry": {"type": "LineString", "coordinates": [[-74.11297709638568, 40.63743962373872], [-74.11300258729628, 40.63757673729976]]}}, {"type": "Feature", "properties": {"segment_id": 486336, "physicalid": "34973", "street_name": "HENDERSON AVE", "borough": "staten_island", "direction": "TW", "total_row_ft": 50.2, "roadbed_ft": 36.1, "median_ft": 0.0, "left_sw_ft": 7.5, "right_sw_ft": 6.6}, "geometry": {"type": "LineString", "coordinates": [[-74.11304862238036, 40.63743287574242], [-74.1130739803869, 40.63756927363643]]}}, {"type": "Feature", "properties": {"segment_id": 486337, "physicalid": "34973", "street_name": "HENDERSON AVE", "borough": "staten_island", "direction": "TW", "total_row_ft": 49.9, "roadbed_ft": 36.1, "median_ft": 0.0, "left_sw_ft": 7.2, "right_sw_ft": 6.6}, "geometry": {"type": "LineString", "coordinates": [[-74.11312014831877, 40.63742612747673], [-74.11314537346156, 40.637561809928755]]}}, {"type": "Feature", "properties": {"segment_id": 486338, "physicalid": "34973", "street_name": "HENDERSON AVE", "borough": "staten_island", "direction": "TW", "total_row_ft": 49.7, "roadbed_ft": 36.1, "median_ft": 0.0, "left_sw_ft": 6.9, "right_sw_ft": 6.7}, "geometry": {"type": "LineString", "coordinates": [[-74.11319167424185, 40.63741937916189], [-74.11321676652025, 40.63755434617675]]}}, {"type": "Feature", "properties": {"segment_id": 486339, "physicalid": "34973", "street_name": "HENDERSON AVE", "borough": "staten_island", "direction": "TW", "total_row_ft": 49.8, "roadbed_ft": 36.1, "median_ft": 0.0, "left_sw_ft": 6.9, "right_sw_ft": 6.8}, "geometry": {"type": "LineString", "coordinates": [[-74.11326301504181, 40.63741163513896], [-74.11328815957063, 40.637546882421645]]}}, {"type": "Feature", "properties": {"segment_id": 486340, "physicalid": "34973", "street_name": "HENDERSON AVE", "borough": "staten_island", "direction": "TW", "total_row_ft": 50.3, "roadbed_ft": 36.1, "median_ft": 0.0, "left_sw_ft": 7.4, "right_sw_ft": 6.8}, "geometry": {"type": "LineString", "coordinates": [[-74.11333411646356, 40.637402603599064], [-74.11335955467014, 40.63753942972981]]}}, {"type": "Feature", "properties": {"segment_id": 486341, "physicalid": "34973", "street_name": "HENDERSON AVE", "borough": "staten_island", "direction": "TW", "total_row_ft": 50.9, "roadbed_ft": 36.1, "median_ft": 0.0, "left_sw_ft": 7.9, "right_sw_ft": 6.9}, "geometry": {"type": "LineString", "coordinates": [[-74.11340521786542, 40.637393572011646], [-74.11343095181942, 40.637531988104655]]}}, {"type": "Feature", "properties": {"segment_id": 486342, "physicalid": "34973", "street_name": "HENDERSON AVE", "borough": "staten_island", "direction": "TW", "total_row_ft": 51.5, "roadbed_ft": 36.1, "median_ft": 0.0, "left_sw_ft": 8.4, "right_sw_ft": 7.0}, "geometry": {"type": "LineString", "coordinates": [[-74.11347631924802, 40.63738454038028], [-74.11350234895279, 40.63752454643514]]}}, {"type": "Feature", "properties": {"segment_id": 486343, "physicalid": "34973", "street_name": "HENDERSON AVE", "borough": "staten_island", "direction": "TW", "total_row_ft": 52.1, "roadbed_ft": 36.1, "median_ft": 0.0, "left_sw_ft": 8.9, "right_sw_ft": 7.1}, "geometry": {"type": "LineString", "coordinates": [[-74.11354742059339, 40.6373755086082], [-74.11357374607022, 40.637517104721304]]}}, {"type": "Feature", "properties": {"segment_id": 486344, "physicalid": "34973", "street_name": "HENDERSON AVE", "borough": "staten_island", "direction": "TW", "total_row_ft": 52.5, "roadbed_ft": 36.7, "median_ft": 0.0, "left_sw_ft": 9.1, "right_sw_ft": 6.7}, "geometry": {"type": "LineString", "coordinates": [[-74.1136186061293, 40.637366929727264], [-74.11364514317091, 40.637509662958664]]}}, {"type": "Feature", "properties": {"segment_id": 486345, "physicalid": "34975", "street_name": "HENDERSON AVE", "borough": "staten_island", "direction": "TW", "total_row_ft": 120.0, "roadbed_ft": 42.7, "median_ft": 0.0, "left_sw_ft": 39.7, "right_sw_ft": 37.5}, "geometry": {"type": "LineString", "coordinates": [[-74.11083220073648, 40.63757682785989], [-74.11089181626035, 40.63790305635177]]}}, {"type": "Feature", "properties": {"segment_id": 486346, "physicalid": "34975", "street_name": "HENDERSON AVE", "borough": "staten_island", "direction": "TW", "total_row_ft": 52.7, "roadbed_ft": 34.7, "median_ft": 0.0, "left_sw_ft": 9.3, "right_sw_ft": 8.7}, "geometry": {"type": "LineString", "coordinates": [[-74.11092018296947, 40.637660146157245], [-74.11094634311749, 40.63780329906967]]}}, {"type": "Feature", "properties": {"segment_id": 486347, "physicalid": "34975", "street_name": "HENDERSON AVE", "borough": "staten_island", "direction": "TW", "total_row_ft": 52.4, "roadbed_ft": 34.7, "median_ft": 0.0, "left_sw_ft": 9.1, "right_sw_ft": 8.6}, "geometry": {"type": "LineString", "coordinates": [[-74.11099159376818, 40.637652781852154], [-74.11101764025192, 40.63779531194005]]}}, {"type": "Feature", "properties": {"segment_id": 486348, "physicalid": "34975", "street_name": "HENDERSON AVE", "borough": "staten_island", "direction": "TW", "total_row_ft": 52.2, "roadbed_ft": 34.7, "median_ft": 0.0, "left_sw_ft": 8.9, "right_sw_ft": 8.6}, "geometry": {"type": "LineString", "coordinates": [[-74.11106300441024, 40.637645416731786], [-74.11108893736927, 40.63778732476623]]}}, {"type": "Feature", "properties": {"segment_id": 486349, "physicalid": "34975", "street_name": "HENDERSON AVE", "borough": "staten_island", "direction": "TW", "total_row_ft": 52.0, "roadbed_ft": 34.7, "median_ft": 0.0, "left_sw_ft": 8.7, "right_sw_ft": 8.5}, "geometry": {"type": "LineString", "coordinates": [[-74.11113441511998, 40.63763805202371], [-74.11116023446955, 40.63777933754818]]}}, {"type": "Feature", "properties": {"segment_id": 486350, "physicalid": "34975", "street_name": "HENDERSON AVE", "borough": "staten_island", "direction": "TW", "total_row_ft": 51.7, "roadbed_ft": 34.7, "median_ft": 0.0, "left_sw_ft": 8.6, "right_sw_ft": 8.4}, "geometry": {"type": "LineString", "coordinates": [[-74.11120582581398, 40.637630687271276], [-74.11123153155276, 40.63777135028593]]}}, {"type": "Feature", "properties": {"segment_id": 486351, "physicalid": "34975", "street_name": "HENDERSON AVE", "borough": "staten_island", "direction": "TW", "total_row_ft": 51.5, "roadbed_ft": 34.7, "median_ft": 0.0, "left_sw_ft": 8.4, "right_sw_ft": 8.4}, "geometry": {"type": "LineString", "coordinates": [[-74.11127723300058, 40.63762330336824], [-74.11130282421924, 40.63776333890438]]}}, {"type": "Feature", "properties": {"segment_id": 486352, "physicalid": "34975", "street_name": "HENDERSON AVE", "borough": "staten_island", "direction": "TW", "total_row_ft": 51.3, "roadbed_ft": 34.7, "median_ft": 0.0, "left_sw_ft": 8.4, "right_sw_ft": 8.2}, "geometry": {"type": "LineString", "coordinates": [[-74.11134858043201, 40.63761559252729], [-74.11137406006196, 40.63775501663438]]}}, {"type": "Feature", "properties": {"segment_id": 486353, "physicalid": "34975", "street_name": "HENDERSON AVE", "borough": "staten_island", "direction": "TW", "total_row_ft": 51.1, "roadbed_ft": 34.7, "median_ft": 0.0, "left_sw_ft": 8.4, "right_sw_ft": 7.9}, "geometry": {"type": "LineString", "coordinates": [[-74.11141992784694, 40.63760788164208], [-74.11144529588691, 40.63774669432022]]}}, {"type": "Feature", "properties": {"segment_id": 486354, "physicalid": "34975", "street_name": "HENDERSON AVE", "borough": "staten_island", "direction": "TW", "total_row_ft": 50.8, "roadbed_ft": 34.7, "median_ft": 0.0, "left_sw_ft": 8.5, "right_sw_ft": 7.6}, "geometry": {"type": "LineString", "coordinates": [[-74.11149127524538, 40.6376001707126], [-74.11151653173995, 40.63773837221282]]}}, {"type": "Feature", "properties": {"segment_id": 486355, "physicalid": "34975", "street_name": "HENDERSON AVE", "borough": "staten_island", "direction": "TW", "total_row_ft": 50.6, "roadbed_ft": 34.7, "median_ft": 0.0, "left_sw_ft": 8.6, "right_sw_ft": 7.3}, "geometry": {"type": "LineString", "coordinates": [[-74.11156262262733, 40.63759245973883], [-74.11158776758096, 40.637730050092706]]}}, {"type": "Feature", "properties": {"segment_id": 486356, "physicalid": "34975", "street_name": "HENDERSON AVE", "borough": "staten_island", "direction": "TW", "total_row_ft": 50.5, "roadbed_ft": 34.7, "median_ft": 0.0, "left_sw_ft": 8.6, "right_sw_ft": 7.2}, "geometry": {"type": "LineString", "coordinates": [[-74.11163396999281, 40.63758474872079], [-74.1116590783365, 40.6377221379464]]}}, {"type": "Feature", "properties": {"segment_id": 486364, "physicalid": "34976", "street_name": "HENDERSON AVE", "borough": "staten_island", "direction": "TW", "total_row_ft": 50.3, "roadbed_ft": 34.9, "median_ft": 0.0, "left_sw_ft": 7.9, "right_sw_ft": 7.5}, "geometry": {"type": "LineString", "coordinates": [[-74.11002752475731, 40.637757422007546], [-74.11005422371252, 40.63789406243354]]}}, {"type": "Feature", "properties": {"segment_id": 486365, "physicalid": "34976", "street_name": "HENDERSON AVE", "borough": "staten_island", "direction": "TW", "total_row_ft": 50.2, "roadbed_ft": 35.1, "median_ft": 0.0, "left_sw_ft": 7.8, "right_sw_ft": 7.2}, "geometry": {"type": "LineString", "coordinates": [[-74.1100988951782, 40.63774982063844], [-74.11012551427373, 40.637886051611346]]}}, {"type": "Feature", "properties": {"segment_id": 486366, "physicalid": "34976", "street_name": "HENDERSON AVE", "borough": "staten_island", "direction": "TW", "total_row_ft": 50.2, "roadbed_ft": 35.2, "median_ft": 0.0, "left_sw_ft": 7.9, "right_sw_ft": 7.1}, "geometry": {"type": "LineString", "coordinates": [[-74.11017026558791, 40.63774221925114], [-74.1101968793406, 40.63787842213415]]}}, {"type": "Feature", "properties": {"segment_id": 486367, "physicalid": "34976", "street_name": "HENDERSON AVE", "borough": "staten_island", "direction": "TW", "total_row_ft": 50.4, "roadbed_ft": 35.3, "median_ft": 0.0, "left_sw_ft": 7.9, "right_sw_ft": 7.2}, "geometry": {"type": "LineString", "coordinates": [[-74.11024163598138, 40.63773461781954], [-74.11026837231393, 40.63787144728613]]}}, {"type": "Feature", "properties": {"segment_id": 486368, "physicalid": "34976", "street_name": "HENDERSON AVE", "borough": "staten_island", "direction": "TW", "total_row_ft": 50.6, "roadbed_ft": 35.4, "median_ft": 0.0, "left_sw_ft": 8.0, "right_sw_ft": 7.3}, "geometry": {"type": "LineString", "coordinates": [[-74.11031300635858, 40.63772701634363], [-74.11033986527232, 40.63786447239366]]}}, {"type": "Feature", "properties": {"segment_id": 486369, "physicalid": "34976", "street_name": "HENDERSON AVE", "borough": "staten_island", "direction": "TW", "total_row_ft": 50.9, "roadbed_ft": 35.5, "median_ft": 0.0, "left_sw_ft": 8.0, "right_sw_ft": 7.4}, "geometry": {"type": "LineString", "coordinates": [[-74.11038438039932, 40.637719433655555], [-74.11041135824523, 40.63785749760762]]}}, {"type": "Feature", "properties": {"segment_id": 486370, "physicalid": "34976", "street_name": "HENDERSON AVE", "borough": "staten_island", "direction": "TW", "total_row_ft": 51.1, "roadbed_ft": 35.4, "median_ft": 0.0, "left_sw_ft": 8.1, "right_sw_ft": 7.5}, "geometry": {"type": "LineString", "coordinates": [[-74.11045575631923, 40.637711860623], [-74.11048284873289, 40.637850510134996]]}}, {"type": "Feature", "properties": {"segment_id": 486371, "physicalid": "34976", "street_name": "HENDERSON AVE", "borough": "staten_island", "direction": "TW", "total_row_ft": 51.2, "roadbed_ft": 35.5, "median_ft": 0.0, "left_sw_ft": 8.1, "right_sw_ft": 7.6}, "geometry": {"type": "LineString", "coordinates": [[-74.11052713219473, 40.63770428740195], [-74.11055428007683, 40.637843220019796]]}}, {"type": "Feature", "properties": {"segment_id": 486372, "physicalid": "34976", "street_name": "HENDERSON AVE", "borough": "staten_island", "direction": "TW", "total_row_ft": 51.3, "roadbed_ft": 35.6, "median_ft": 0.0, "left_sw_ft": 7.9, "right_sw_ft": 7.7}, "geometry": {"type": "LineString", "coordinates": [[-74.1105985080332, 40.63769671402994], [-74.11062571140515, 40.63783592986027]]}}, {"type": "Feature", "properties": {"segment_id": 486373, "physicalid": "34976", "street_name": "HENDERSON AVE", "borough": "staten_island", "direction": "TW", "total_row_ft": 51.4, "roadbed_ft": 36.2, "median_ft": 0.0, "left_sw_ft": 7.7, "right_sw_ft": 7.4}, "geometry": {"type": "LineString", "coordinates": [[-74.1106698838555, 40.63768914061362], [-74.11069714271787, 40.63782863965632]]}}, {"type": "Feature", "properties": {"segment_id": 486374, "physicalid": "34976", "street_name": "HENDERSON AVE", "borough": "staten_island", "direction": "TW", "total_row_ft": 120.0, "roadbed_ft": 42.3, "median_ft": 0.0, "left_sw_ft": 38.3, "right_sw_ft": 39.4}, "geometry": {"type": "LineString", "coordinates": [[-74.11072313149961, 40.637588795258175], [-74.1107867919263, 40.637914579940244]]}}, {"type": "Feature", "properties": {"segment_id": 486595, "physicalid": "34992", "street_name": "HENDERSON AVE", "borough": "staten_island", "direction": "TW", "total_row_ft": 134.7, "roadbed_ft": 84.4, "median_ft": 0.0, "left_sw_ft": 15.0, "right_sw_ft": 35.3}, "geometry": {"type": "LineString", "coordinates": [[-74.11636649193255, 40.63696571183825], [-74.11645098065674, 40.637287799865454]]}}, {"type": "Feature", "properties": {"segment_id": 486596, "physicalid": "34992", "street_name": "HENDERSON AVE", "borough": "staten_island", "direction": "TW", "total_row_ft": 54.8, "roadbed_ft": 35.2, "median_ft": 0.0, "left_sw_ft": 10.1, "right_sw_ft": 9.4}, "geometry": {"type": "LineString", "coordinates": [[-74.11646094322177, 40.637045637213284], [-74.11649961187943, 40.63719304931164]]}}, {"type": "Feature", "properties": {"segment_id": 486597, "physicalid": "34992", "street_name": "HENDERSON AVE", "borough": "staten_island", "direction": "TW", "total_row_ft": 55.3, "roadbed_ft": 35.3, "median_ft": 0.0, "left_sw_ft": 10.7, "right_sw_ft": 9.4}, "geometry": {"type": "LineString", "coordinates": [[-74.11653183483573, 40.637035748079214], [-74.11657091088313, 40.637184712614115]]}}, {"type": "Feature", "properties": {"segment_id": 486598, "physicalid": "34992", "street_name": "HENDERSON AVE", "borough": "staten_island", "direction": "TW", "total_row_ft": 56.5, "roadbed_ft": 35.3, "median_ft": 0.0, "left_sw_ft": 11.2, "right_sw_ft": 9.9}, "geometry": {"type": "LineString", "coordinates": [[-74.11660272642868, 40.637025858901445], [-74.11664259819752, 40.63717785623716]]}}, {"type": "Feature", "properties": {"segment_id": 486599, "physicalid": "34992", "street_name": "HENDERSON AVE", "borough": "staten_island", "direction": "TW", "total_row_ft": 57.4, "roadbed_ft": 35.2, "median_ft": 0.0, "left_sw_ft": 11.5, "right_sw_ft": 10.6}, "geometry": {"type": "LineString", "coordinates": [[-74.11667388435396, 40.637016985058196], [-74.11671439078701, 40.63717140119406]]}}, {"type": "Feature", "properties": {"segment_id": 486600, "physicalid": "34992", "street_name": "HENDERSON AVE", "borough": "staten_island", "direction": "TW", "total_row_ft": 57.9, "roadbed_ft": 35.1, "median_ft": 0.0, "left_sw_ft": 11.5, "right_sw_ft": 11.3}, "geometry": {"type": "LineString", "coordinates": [[-74.11674529282311, 40.637009066349336], [-74.11678618335034, 40.637164946059286]]}}, {"type": "Feature", "properties": {"segment_id": 486601, "physicalid": "34992", "street_name": "HENDERSON AVE", "borough": "staten_island", "direction": "TW", "total_row_ft": 58.7, "roadbed_ft": 35.0, "median_ft": 0.0, "left_sw_ft": 11.5, "right_sw_ft": 12.2}, "geometry": {"type": "LineString", "coordinates": [[-74.1168167013048, 40.637001147708546], [-74.11685812787522, 40.63715907022492]]}}, {"type": "Feature", "properties": {"segment_id": 486602, "physicalid": "34992", "street_name": "HENDERSON AVE", "borough": "staten_island", "direction": "TW", "total_row_ft": 59.7, "roadbed_ft": 34.9, "median_ft": 0.0, "left_sw_ft": 11.4, "right_sw_ft": 13.3}, "geometry": {"type": "LineString", "coordinates": [[-74.11688810976953, 40.63699322902341], [-74.11693024913843, 40.6371538681349]]}}, {"type": "Feature", "properties": {"segment_id": 486603, "physicalid": "34992", "street_name": "HENDERSON AVE", "borough": "staten_island", "direction": "TW", "total_row_ft": 59.5, "roadbed_ft": 34.9, "median_ft": 0.0, "left_sw_ft": 11.3, "right_sw_ft": 13.3}, "geometry": {"type": "LineString", "coordinates": [[-74.11695951821733, 40.6369853102939], [-74.11700153392268, 40.63714547732948]]}}, {"type": "Feature", "properties": {"segment_id": 486604, "physicalid": "34992", "street_name": "HENDERSON AVE", "borough": "staten_island", "direction": "TW", "total_row_ft": 59.3, "roadbed_ft": 35.0, "median_ft": 0.0, "left_sw_ft": 11.1, "right_sw_ft": 13.2}, "geometry": {"type": "LineString", "coordinates": [[-74.11703092664817, 40.63697739152004], [-74.11707278329983, 40.637136951574654]]}}, {"type": "Feature", "properties": {"segment_id": 486605, "physicalid": "34992", "street_name": "HENDERSON AVE", "borough": "staten_island", "direction": "TW", "total_row_ft": 60.0, "roadbed_ft": 35.2, "median_ft": 0.0, "left_sw_ft": 12.1, "right_sw_ft": 12.7}, "geometry": {"type": "LineString", "coordinates": [[-74.11710148467787, 40.63696623099179], [-74.11714383527949, 40.63712767335893]]}}, {"type": "Feature", "properties": {"segment_id": 486606, "physicalid": "34992", "street_name": "HENDERSON AVE", "borough": "staten_island", "direction": "TW", "total_row_ft": 61.8, "roadbed_ft": 36.3, "median_ft": 0.0, "left_sw_ft": 13.1, "right_sw_ft": 12.5}, "geometry": {"type": "LineString", "coordinates": [[-74.11717136560812, 40.63695248938097], [-74.11721502831209, 40.63711893287115]]}}, {"type": "Feature", "properties": {"segment_id": 486607, "physicalid": "34992", "street_name": "HENDERSON AVE", "borough": "staten_island", "direction": "TW", "total_row_ft": 65.6, "roadbed_ft": 37.0, "median_ft": 0.0, "left_sw_ft": 15.9, "right_sw_ft": 12.7}, "geometry": {"type": "LineString", "coordinates": [[-74.11723996379216, 40.636933857978185], [-74.1172862505219, 40.63711030363402]]}}, {"type": "Feature", "properties": {"segment_id": 486608, "physicalid": "34992", "street_name": "HENDERSON AVE", "borough": "staten_island", "direction": "TW", "total_row_ft": 69.9, "roadbed_ft": 39.5, "median_ft": 0.0, "left_sw_ft": 17.7, "right_sw_ft": 12.7}, "geometry": {"type": "LineString", "coordinates": [[-74.11730816272069, 40.6369137047146], [-74.11735748841292, 40.63710173419957]]}}, {"type": "Feature", "properties": {"segment_id": 486609, "physicalid": "34992", "street_name": "HENDERSON AVE", "borough": "staten_island", "direction": "TW", "total_row_ft": 91.3, "roadbed_ft": 38.7, "median_ft": 0.0, "left_sw_ft": 19.9, "right_sw_ft": 32.7}, "geometry": {"type": "LineString", "coordinates": [[-74.11737603705086, 40.63689231419994], [-74.11744051305321, 40.63713809552118]]}}, {"type": "Feature", "properties": {"segment_id": 486610, "physicalid": "34992", "street_name": "HENDERSON AVE", "borough": "staten_island", "direction": "TW", "total_row_ft": 135.0, "roadbed_ft": 88.8, "median_ft": 0.0, "left_sw_ft": 31.2, "right_sw_ft": 15.0}, "geometry": {"type": "LineString", "coordinates": [[-74.11742644697873, 40.6368043497624], [-74.11751117689184, 40.637127337693734]]}}, {"type": "Feature", "properties": {"segment_id": 486623, "physicalid": "34993", "street_name": "HENDERSON AVE", "borough": "staten_island", "direction": "TW", "total_row_ft": 150.0, "roadbed_ft": 120.0, "median_ft": 0.0, "left_sw_ft": 15.0, "right_sw_ft": 15.0}, "geometry": {"type": "LineString", "coordinates": [[-74.1175658586875, 40.63678436180863], [-74.11763873294707, 40.63710902402735]]}}, {"type": "Feature", "properties": {"segment_id": 486624, "physicalid": "34993", "street_name": "HENDERSON AVE", "borough": "staten_island", "direction": "TW", "total_row_ft": 89.8, "roadbed_ft": 45.4, "median_ft": 0.0, "left_sw_ft": 31.7, "right_sw_ft": 12.7}, "geometry": {"type": "LineString", "coordinates": [[-74.11763688845492, 40.636775109248646], [-74.11769141858454, 40.637018045658785]]}}, {"type": "Feature", "properties": {"segment_id": 486625, "physicalid": "34993", "street_name": "HENDERSON AVE", "borough": "staten_island", "direction": "TW", "total_row_ft": 74.1, "roadbed_ft": 45.5, "median_ft": 0.0, "left_sw_ft": 18.6, "right_sw_ft": 10.0}, "geometry": {"type": "LineString", "coordinates": [[-74.11771555423199, 40.63679987454465], [-74.1177605591753, 40.63700037629955]]}}, {"type": "Feature", "properties": {"segment_id": 486626, "physicalid": "34993", "street_name": "HENDERSON AVE", "borough": "staten_island", "direction": "TW", "total_row_ft": 70.5, "roadbed_ft": 44.8, "median_ft": 0.0, "left_sw_ft": 16.0, "right_sw_ft": 9.7}, "geometry": {"type": "LineString", "coordinates": [[-74.11778691612056, 40.63679210154327], [-74.11782969989132, 40.63698270685733]]}}, {"type": "Feature", "properties": {"segment_id": 486627, "physicalid": "34993", "street_name": "HENDERSON AVE", "borough": "staten_island", "direction": "TW", "total_row_ft": 66.8, "roadbed_ft": 43.6, "median_ft": 0.0, "left_sw_ft": 14.1, "right_sw_ft": 9.1}, "geometry": {"type": "LineString", "coordinates": [[-74.117858277735, 40.636784328525664], [-74.11789884068087, 40.63696503734534]]}}, {"type": "Feature", "properties": {"segment_id": 486628, "physicalid": "34993", "street_name": "HENDERSON AVE", "borough": "staten_island", "direction": "TW", "total_row_ft": 63.1, "roadbed_ft": 40.3, "median_ft": 0.0, "left_sw_ft": 14.4, "right_sw_ft": 8.4}, "geometry": {"type": "LineString", "coordinates": [[-74.11792963955338, 40.636776555257306], [-74.1179679813069, 40.63694736782419]]}}, {"type": "Feature", "properties": {"segment_id": 486629, "physicalid": "34993", "street_name": "HENDERSON AVE", "borough": "staten_island", "direction": "TW", "total_row_ft": 60.0, "roadbed_ft": 37.4, "median_ft": 0.0, "left_sw_ft": 14.4, "right_sw_ft": 8.2}, "geometry": {"type": "LineString", "coordinates": [[-74.11800094785198, 40.636768542355064], [-74.11803737418714, 40.63693082260823]]}}, {"type": "Feature", "properties": {"segment_id": 486630, "physicalid": "34993", "street_name": "HENDERSON AVE", "borough": "staten_island", "direction": "TW", "total_row_ft": 57.0, "roadbed_ft": 34.1, "median_ft": 0.0, "left_sw_ft": 14.3, "right_sw_ft": 8.6}, "geometry": {"type": "LineString", "coordinates": [[-74.11807224823707, 40.63676049547599], [-74.11810686372975, 40.63691470766181]]}}, {"type": "Feature", "properties": {"segment_id": 486631, "physicalid": "34993", "street_name": "HENDERSON AVE", "borough": "staten_island", "direction": "TW", "total_row_ft": 57.3, "roadbed_ft": 33.2, "median_ft": 0.0, "left_sw_ft": 14.3, "right_sw_ft": 9.9}, "geometry": {"type": "LineString", "coordinates": [[-74.11814354867731, 40.63675244887498], [-74.11817834133845, 40.63690744960471]]}}, {"type": "Feature", "properties": {"segment_id": 486632, "physicalid": "34993", "street_name": "HENDERSON AVE", "borough": "staten_island", "direction": "TW", "total_row_ft": 57.8, "roadbed_ft": 33.5, "median_ft": 0.0, "left_sw_ft": 14.2, "right_sw_ft": 10.1}, "geometry": {"type": "LineString", "coordinates": [[-74.1182148487578, 40.63674440225612], [-74.11824996416355, 40.636900838016444]]}}, {"type": "Feature", "properties": {"segment_id": 486633, "physicalid": "34993", "street_name": "HENDERSON AVE", "borough": "staten_island", "direction": "TW", "total_row_ft": 57.8, "roadbed_ft": 33.7, "median_ft": 0.0, "left_sw_ft": 14.3, "right_sw_ft": 9.7}, "geometry": {"type": "LineString", "coordinates": [[-74.11828614916206, 40.63673635554384], [-74.11832123697826, 40.6368926676488]]}}, {"type": "Feature", "properties": {"segment_id": 486634, "physicalid": "34993", "street_name": "HENDERSON AVE", "borough": "staten_island", "direction": "TW", "total_row_ft": 74.5, "roadbed_ft": 33.8, "median_ft": 0.0, "left_sw_ft": 31.4, "right_sw_ft": 9.3}, "geometry": {"type": "LineString", "coordinates": [[-74.1183471852716, 40.63668258159657], [-74.1183924353204, 40.636884165820554]]}}, {"type": "Feature", "properties": {"segment_id": 486635, "physicalid": "34993", "street_name": "HENDERSON AVE", "borough": "staten_island", "direction": "TW", "total_row_ft": 57.3, "roadbed_ft": 33.8, "median_ft": 0.0, "left_sw_ft": 14.4, "right_sw_ft": 9.2}, "geometry": {"type": "LineString", "coordinates": [[-74.1184288827114, 40.63672085276769], [-74.11846371053788, 40.63687600623316]]}}, {"type": "Feature", "properties": {"segment_id": 486636, "physicalid": "34993", "street_name": "HENDERSON AVE", "borough": "staten_island", "direction": "TW", "total_row_ft": 57.4, "roadbed_ft": 33.8, "median_ft": 0.0, "left_sw_ft": 14.1, "right_sw_ft": 9.4}, "geometry": {"type": "LineString", "coordinates": [[-74.11850040977497, 40.63671381441106], [-74.11853524402146, 40.63686899777384]]}}, {"type": "Feature", "properties": {"segment_id": 486637, "physicalid": "34993", "street_name": "HENDERSON AVE", "borough": "staten_island", "direction": "TW", "total_row_ft": 57.4, "roadbed_ft": 33.8, "median_ft": 0.0, "left_sw_ft": 13.9, "right_sw_ft": 9.7}, "geometry": {"type": "LineString", "coordinates": [[-74.11857193656816, 40.636706776384365], [-74.11860677763194, 40.63686198937103]]}}, {"type": "Feature", "properties": {"segment_id": 486638, "physicalid": "34993", "street_name": "HENDERSON AVE", "borough": "staten_island", "direction": "TW", "total_row_ft": 57.4, "roadbed_ft": 33.9, "median_ft": 0.0, "left_sw_ft": 13.6, "right_sw_ft": 9.9}, "geometry": {"type": "LineString", "coordinates": [[-74.11864346325028, 40.636699738362736], [-74.1186783112627, 40.63685498087333]]}}, {"type": "Feature", "properties": {"segment_id": 486639, "physicalid": "34993", "street_name": "HENDERSON AVE", "borough": "staten_island", "direction": "TW", "total_row_ft": 61.3, "roadbed_ft": 33.8, "median_ft": 0.0, "left_sw_ft": 17.3, "right_sw_ft": 10.1}, "geometry": {"type": "LineString", "coordinates": [[-74.11870935648794, 40.63666760389585], [-74.11874984483103, 40.63684797228307]]}}, {"type": "Feature", "properties": {"segment_id": 486640, "physicalid": "34993", "street_name": "HENDERSON AVE", "borough": "staten_island", "direction": "TW", "total_row_ft": 57.3, "roadbed_ft": 33.8, "median_ft": 0.0, "left_sw_ft": 13.3, "right_sw_ft": 10.1}, "geometry": {"type": "LineString", "coordinates": [[-74.11878648087456, 40.636685502271725], [-74.11882126743106, 40.63684046940795]]}}, {"type": "Feature", "properties": {"segment_id": 486641, "physicalid": "34993", "street_name": "HENDERSON AVE", "borough": "staten_island", "direction": "TW", "total_row_ft": 66.5, "roadbed_ft": 33.8, "median_ft": 0.0, "left_sw_ft": 22.6, "right_sw_ft": 10.1}, "geometry": {"type": "LineString", "coordinates": [[-74.1188522737814, 40.63665292232742], [-74.11889264192659, 40.63683275174297]]}}, {"type": "Feature", "properties": {"segment_id": 486642, "physicalid": "34993", "street_name": "HENDERSON AVE", "borough": "staten_island", "direction": "TW", "total_row_ft": 57.8, "roadbed_ft": 33.7, "median_ft": 0.0, "left_sw_ft": 14.0, "right_sw_ft": 10.0}, "geometry": {"type": "LineString", "coordinates": [[-74.1189289346149, 40.636668755241665], [-74.11896401629441, 40.63682503404572]]}}, {"type": "Feature", "properties": {"segment_id": 486643, "physicalid": "34993", "street_name": "HENDERSON AVE", "borough": "staten_island", "direction": "TW", "total_row_ft": 58.0, "roadbed_ft": 33.7, "median_ft": 0.0, "left_sw_ft": 14.4, "right_sw_ft": 9.9}, "geometry": {"type": "LineString", "coordinates": [[-74.119000161628, 40.63666038166051], [-74.1190353906168, 40.636817316307265]]}}, {"type": "Feature", "properties": {"segment_id": 486644, "physicalid": "34993", "street_name": "HENDERSON AVE", "borough": "staten_island", "direction": "TW", "total_row_ft": 58.2, "roadbed_ft": 33.5, "median_ft": 0.0, "left_sw_ft": 14.7, "right_sw_ft": 10.0}, "geometry": {"type": "LineString", "coordinates": [[-74.11907143432256, 40.63665221185381], [-74.11910676088065, 40.63680958039031]]}}, {"type": "Feature", "properties": {"segment_id": 486645, "physicalid": "34993", "street_name": "HENDERSON AVE", "borough": "staten_island", "direction": "TW", "total_row_ft": 58.3, "roadbed_ft": 33.2, "median_ft": 0.0, "left_sw_ft": 14.9, "right_sw_ft": 10.2}, "geometry": {"type": "LineString", "coordinates": [[-74.1191427436773, 40.6366442053896], [-74.11917813057285, 40.636801841956256]]}}, {"type": "Feature", "properties": {"segment_id": 486646, "physicalid": "34993", "street_name": "HENDERSON AVE", "borough": "staten_island", "direction": "TW", "total_row_ft": 58.7, "roadbed_ft": 33.0, "median_ft": 0.0, "left_sw_ft": 15.3, "right_sw_ft": 10.3}, "geometry": {"type": "LineString", "coordinates": [[-74.11921386930757, 40.63663538052934], [-74.1192495002485, 40.63679410347789]]}}, {"type": "Feature", "properties": {"segment_id": 486647, "physicalid": "34993", "street_name": "HENDERSON AVE", "borough": "staten_island", "direction": "TW", "total_row_ft": 63.2, "roadbed_ft": 32.8, "median_ft": 0.0, "left_sw_ft": 19.9, "right_sw_ft": 10.5}, "geometry": {"type": "LineString", "coordinates": [[-74.1192705681245, 40.63656228957429], [-74.11932086990855, 40.63678636495511]]}}, {"type": "Feature", "properties": {"segment_id": 486648, "physicalid": "34993", "street_name": "HENDERSON AVE", "borough": "staten_island", "direction": "TW", "total_row_ft": 58.4, "roadbed_ft": 32.7, "median_ft": 0.0, "left_sw_ft": 15.0, "right_sw_ft": 10.7}, "geometry": {"type": "LineString", "coordinates": [[-74.11935679994733, 40.63662075895814], [-74.11939227087113, 40.63677876479596]]}}, {"type": "Feature", "properties": {"segment_id": 486649, "physicalid": "34993", "street_name": "HENDERSON AVE", "borough": "staten_island", "direction": "TW", "total_row_ft": 58.0, "roadbed_ft": 32.7, "median_ft": 0.0, "left_sw_ft": 14.5, "right_sw_ft": 10.8}, "geometry": {"type": "LineString", "coordinates": [[-74.11942847302696, 40.636614372812105], [-74.11946370180868, 40.63677129926887]]}}, {"type": "Feature", "properties": {"segment_id": 486650, "physicalid": "34993", "street_name": "HENDERSON AVE", "borough": "staten_island", "direction": "TW", "total_row_ft": 57.6, "roadbed_ft": 33.1, "median_ft": 0.0, "left_sw_ft": 14.0, "right_sw_ft": 10.5}, "geometry": {"type": "LineString", "coordinates": [[-74.11950014609288, 40.63660798662138], [-74.11953513275151, 40.63676383379201]]}}, {"type": "Feature", "properties": {"segment_id": 486651, "physicalid": "34993", "street_name": "HENDERSON AVE", "borough": "staten_island", "direction": "TW", "total_row_ft": 57.2, "roadbed_ft": 33.5, "median_ft": 0.0, "left_sw_ft": 13.4, "right_sw_ft": 10.2}, "geometry": {"type": "LineString", "coordinates": [[-74.11957181914507, 40.63660160038599], [-74.11960656367833, 40.63675636827076]]}}, {"type": "Feature", "properties": {"segment_id": 486652, "physicalid": "34993", "street_name": "HENDERSON AVE", "borough": "staten_island", "direction": "TW", "total_row_ft": 64.9, "roadbed_ft": 34.1, "median_ft": 0.0, "left_sw_ft": 12.9, "right_sw_ft": 17.9}, "geometry": {"type": "LineString", "coordinates": [[-74.11964349218356, 40.63659521410593], [-74.11968293796974, 40.636770922595716]]}}, {"type": "Feature", "properties": {"segment_id": 487108, "physicalid": "35032", "street_name": "BROADWAY", "borough": "staten_island", "direction": "TW", "total_row_ft": 135.0, "roadbed_ft": 87.8, "median_ft": 0.0, "left_sw_ft": 32.2, "right_sw_ft": 15.0}, "geometry": {"type": "LineString", "coordinates": [[-74.11733010069901, 40.63692195795509], [-74.11776175640209, 40.63690309780347]]}}, {"type": "Feature", "properties": {"segment_id": 487109, "physicalid": "35032", "street_name": "BROADWAY", "borough": "staten_island", "direction": "TW", "total_row_ft": 91.8, "roadbed_ft": 49.9, "median_ft": 0.0, "left_sw_ft": 13.5, "right_sw_ft": 28.4}, "geometry": {"type": "LineString", "coordinates": [[-74.11739966662246, 40.63686393260101], [-74.11773003741335, 40.63684949778187]]}}, {"type": "Feature", "properties": {"segment_id": 487110, "physicalid": "35032", "street_name": "BROADWAY", "borough": "staten_island", "direction": "TW", "total_row_ft": 78.5, "roadbed_ft": 45.5, "median_ft": 0.0, "left_sw_ft": 12.4, "right_sw_ft": 20.6}, "geometry": {"type": "LineString", "coordinates": [[-74.11740361522315, 40.636808774131204], [-74.11768605079598, 40.63679643377437]]}}, {"type": "Feature", "properties": {"segment_id": 487111, "physicalid": "35032", "street_name": "BROADWAY", "borough": "staten_island", "direction": "TW", "total_row_ft": 78.6, "roadbed_ft": 50.8, "median_ft": 0.0, "left_sw_ft": 13.1, "right_sw_ft": 14.7}, "geometry": {"type": "LineString", "coordinates": [[-74.11740222883687, 40.636753848787926], [-74.11768512299955, 40.636741488313575]]}}, {"type": "Feature", "properties": {"segment_id": 487112, "physicalid": "35032", "street_name": "BROADWAY", "borough": "staten_island", "direction": "TW", "total_row_ft": 78.6, "roadbed_ft": 50.4, "median_ft": 0.0, "left_sw_ft": 14.2, "right_sw_ft": 14.1}, "geometry": {"type": "LineString", "coordinates": [[-74.11740131596268, 40.63669890273251], [-74.11768419488116, 40.63668654289129]]}}, {"type": "Feature", "properties": {"segment_id": 487113, "physicalid": "35032", "street_name": "BROADWAY", "borough": "staten_island", "direction": "TW", "total_row_ft": 78.5, "roadbed_ft": 50.3, "median_ft": 0.0, "left_sw_ft": 14.6, "right_sw_ft": 13.5}, "geometry": {"type": "LineString", "coordinates": [[-74.11740102711094, 40.636643929414404], [-74.11768326670979, 40.63663159746679]]}}, {"type": "Feature", "properties": {"segment_id": 487114, "physicalid": "35032", "street_name": "BROADWAY", "borough": "staten_island", "direction": "TW", "total_row_ft": 78.3, "roadbed_ft": 50.2, "median_ft": 0.0, "left_sw_ft": 15.0, "right_sw_ft": 13.0}, "geometry": {"type": "LineString", "coordinates": [[-74.11740118317786, 40.63658893664233], [-74.11768269405681, 40.63657663652511]]}}, {"type": "Feature", "properties": {"segment_id": 487115, "physicalid": "35032", "street_name": "BROADWAY", "borough": "staten_island", "direction": "TW", "total_row_ft": 78.4, "roadbed_ft": 50.2, "median_ft": 0.0, "left_sw_ft": 15.1, "right_sw_ft": 13.0}, "geometry": {"type": "LineString", "coordinates": [[-74.11740179685815, 40.63653327466364], [-74.11768375602557, 40.63652254302916]]}}, {"type": "Feature", "properties": {"segment_id": 487116, "physicalid": "35032", "street_name": "BROADWAY", "borough": "staten_island", "direction": "TW", "total_row_ft": 78.4, "roadbed_ft": 50.4, "median_ft": 0.0, "left_sw_ft": 15.0, "right_sw_ft": 13.0}, "geometry": {"type": "LineString", "coordinates": [[-74.11740285243492, 40.63647827028089], [-74.11768483596576, 40.63646753770752]]}}, {"type": "Feature", "properties": {"segment_id": 487117, "physicalid": "35032", "street_name": "BROADWAY", "borough": "staten_island", "direction": "TW", "total_row_ft": 78.3, "roadbed_ft": 50.3, "median_ft": 0.0, "left_sw_ft": 14.7, "right_sw_ft": 13.2}, "geometry": {"type": "LineString", "coordinates": [[-74.1174045249658, 40.63642423430857], [-74.11768594887732, 40.636410869097936]]}}, {"type": "Feature", "properties": {"segment_id": 487118, "physicalid": "35032", "street_name": "BROADWAY", "borough": "staten_island", "direction": "TW", "total_row_ft": 77.9, "roadbed_ft": 50.0, "median_ft": 0.0, "left_sw_ft": 14.4, "right_sw_ft": 13.5}, "geometry": {"type": "LineString", "coordinates": [[-74.11740678199233, 40.6363691248174], [-74.11768703007127, 40.63635581543358]]}}, {"type": "Feature", "properties": {"segment_id": 487119, "physicalid": "35032", "street_name": "BROADWAY", "borough": "staten_island", "direction": "TW", "total_row_ft": 78.1, "roadbed_ft": 49.3, "median_ft": 0.0, "left_sw_ft": 14.6, "right_sw_ft": 14.2}, "geometry": {"type": "LineString", "coordinates": [[-74.11740733110152, 40.636314096435136], [-74.1176881879712, 40.636300758125806]]}}, {"type": "Feature", "properties": {"segment_id": 487120, "physicalid": "35032", "street_name": "BROADWAY", "borough": "staten_island", "direction": "TW", "total_row_ft": 79.1, "roadbed_ft": 48.8, "median_ft": 0.0, "left_sw_ft": 14.8, "right_sw_ft": 15.5}, "geometry": {"type": "LineString", "coordinates": [[-74.11740530851638, 40.6362588446139], [-74.11768993111198, 40.636246409073905]]}}, {"type": "Feature", "properties": {"segment_id": 487121, "physicalid": "35032", "street_name": "BROADWAY", "borough": "staten_island", "direction": "TW", "total_row_ft": 85.4, "roadbed_ft": 49.4, "median_ft": 0.0, "left_sw_ft": 14.0, "right_sw_ft": 21.9}, "geometry": {"type": "LineString", "coordinates": [[-74.1174008898015, 40.63620405194008], [-74.11770811335109, 40.63619062816908]]}}, {"type": "Feature", "properties": {"segment_id": 487122, "physicalid": "35032", "street_name": "BROADWAY", "borough": "staten_island", "direction": "TW", "total_row_ft": 77.7, "roadbed_ft": 49.7, "median_ft": 0.0, "left_sw_ft": 13.0, "right_sw_ft": 15.0}, "geometry": {"type": "LineString", "coordinates": [[-74.11739407581017, 40.63614936370347], [-74.11767341395914, 40.6361371583928]]}}, {"type": "Feature", "properties": {"segment_id": 487123, "physicalid": "35032", "street_name": "BROADWAY", "borough": "staten_island", "direction": "TW", "total_row_ft": 77.7, "roadbed_ft": 49.9, "median_ft": 0.0, "left_sw_ft": 12.5, "right_sw_ft": 15.2}, "geometry": {"type": "LineString", "coordinates": [[-74.11738463499421, 40.63609440299592], [-74.11766406004197, 40.63608328164226]]}}, {"type": "Feature", "properties": {"segment_id": 487124, "physicalid": "35032", "street_name": "BROADWAY", "borough": "staten_island", "direction": "TW", "total_row_ft": 78.3, "roadbed_ft": 50.2, "median_ft": 0.0, "left_sw_ft": 12.7, "right_sw_ft": 15.4}, "geometry": {"type": "LineString", "coordinates": [[-74.1173727394635, 40.636039905825186], [-74.11765458172472, 40.63602868828139]]}}, {"type": "Feature", "properties": {"segment_id": 487125, "physicalid": "35032", "street_name": "BROADWAY", "borough": "staten_island", "direction": "TW", "total_row_ft": 78.8, "roadbed_ft": 50.4, "median_ft": 0.0, "left_sw_ft": 12.9, "right_sw_ft": 15.5}, "geometry": {"type": "LineString", "coordinates": [[-74.11736129083522, 40.6359853425287], [-74.11764482835584, 40.63597417630144]]}}, {"type": "Feature", "properties": {"segment_id": 487126, "physicalid": "35032", "street_name": "BROADWAY", "borough": "staten_island", "direction": "TW", "total_row_ft": 74.0, "roadbed_ft": 50.5, "median_ft": 0.0, "left_sw_ft": 7.9, "right_sw_ft": 15.6}, "geometry": {"type": "LineString", "coordinates": [[-74.11736854976327, 40.63593168257161], [-74.11763453448674, 40.6359171363814]]}}, {"type": "Feature", "properties": {"segment_id": 487127, "physicalid": "35032", "street_name": "BROADWAY", "borough": "staten_island", "direction": "TW", "total_row_ft": 74.6, "roadbed_ft": 50.8, "median_ft": 0.0, "left_sw_ft": 8.1, "right_sw_ft": 15.7}, "geometry": {"type": "LineString", "coordinates": [[-74.11735656441041, 40.63587608164262], [-74.11762500880351, 40.63586435301015]]}}, {"type": "Feature", "properties": {"segment_id": 487128, "physicalid": "35032", "street_name": "BROADWAY", "borough": "staten_island", "direction": "TW", "total_row_ft": 75.2, "roadbed_ft": 51.0, "median_ft": 0.0, "left_sw_ft": 8.4, "right_sw_ft": 15.8}, "geometry": {"type": "LineString", "coordinates": [[-74.11734482265861, 40.635821608691415], [-74.11761516327353, 40.63580979722663]]}}, {"type": "Feature", "properties": {"segment_id": 487129, "physicalid": "35033", "street_name": "BROADWAY", "borough": "staten_island", "direction": "TW", "total_row_ft": 96.2, "roadbed_ft": 67.0, "median_ft": 0.0, "left_sw_ft": 19.9, "right_sw_ft": 9.4}, "geometry": {"type": "LineString", "coordinates": [[-74.11743762717794, 40.63803361642795], [-74.11786880973635, 40.63800919899533]]}}, {"type": "Feature", "properties": {"segment_id": 487130, "physicalid": "35033", "street_name": "BROADWAY", "borough": "staten_island", "direction": "TW", "total_row_ft": 77.7, "roadbed_ft": 53.7, "median_ft": 0.0, "left_sw_ft": 9.5, "right_sw_ft": 14.4}, "geometry": {"type": "LineString", "coordinates": [[-74.11751521455119, 40.6379741756604], [-74.11786346740635, 40.637954454326106]]}}, {"type": "Feature", "properties": {"segment_id": 487131, "physicalid": "35033", "street_name": "BROADWAY", "borough": "staten_island", "direction": "TW", "total_row_ft": 81.1, "roadbed_ft": 53.9, "median_ft": 0.0, "left_sw_ft": 9.4, "right_sw_ft": 17.8}, "geometry": {"type": "LineString", "coordinates": [[-74.11750984424846, 40.63791943257514], [-74.11785790796536, 40.637899721952]]}}, {"type": "Feature", "properties": {"segment_id": 487132, "physicalid": "35033", "street_name": "BROADWAY", "borough": "staten_island", "direction": "TW", "total_row_ft": 81.8, "roadbed_ft": 54.1, "median_ft": 0.0, "left_sw_ft": 9.2, "right_sw_ft": 18.5}, "geometry": {"type": "LineString", "coordinates": [[-74.11750447395222, 40.637864689489454], [-74.11784478568855, 40.637845417867574]]}}, {"type": "Feature", "properties": {"segment_id": 487133, "physicalid": "35033", "street_name": "BROADWAY", "borough": "staten_island", "direction": "TW", "total_row_ft": 82.3, "roadbed_ft": 54.3, "median_ft": 0.0, "left_sw_ft": 9.1, "right_sw_ft": 19.0}, "geometry": {"type": "LineString", "coordinates": [[-74.11749910326924, 40.63780994642554], [-74.11783563589528, 40.637790888817825]]}}, {"type": "Feature", "properties": {"segment_id": 487134, "physicalid": "35033", "street_name": "BROADWAY", "borough": "staten_island", "direction": "TW", "total_row_ft": 82.7, "roadbed_ft": 54.5, "median_ft": 0.0, "left_sw_ft": 8.9, "right_sw_ft": 19.3}, "geometry": {"type": "LineString", "coordinates": [[-74.11749373259508, 40.637755203361095], [-74.11783042215704, 40.63773613686599]]}}, {"type": "Feature", "properties": {"segment_id": 487135, "physicalid": "35033", "street_name": "BROADWAY", "borough": "staten_island", "direction": "TW", "total_row_ft": 82.8, "roadbed_ft": 54.6, "median_ft": 0.0, "left_sw_ft": 8.7, "right_sw_ft": 19.5}, "geometry": {"type": "LineString", "coordinates": [[-74.117488659547, 40.637700443442675], [-74.11783038796413, 40.637681091592256]]}}, {"type": "Feature", "properties": {"segment_id": 487136, "physicalid": "35033", "street_name": "BROADWAY", "borough": "staten_island", "direction": "TW", "total_row_ft": 81.5, "roadbed_ft": 54.6, "median_ft": 0.0, "left_sw_ft": 8.7, "right_sw_ft": 18.2}, "geometry": {"type": "LineString", "coordinates": [[-74.11748358883298, 40.637645683391945], [-74.11783141361039, 40.63762598629858]]}}, {"type": "Feature", "properties": {"segment_id": 487137, "physicalid": "35033", "street_name": "BROADWAY", "borough": "staten_island", "direction": "TW", "total_row_ft": 75.3, "roadbed_ft": 54.6, "median_ft": 0.0, "left_sw_ft": 8.6, "right_sw_ft": 12.1}, "geometry": {"type": "LineString", "coordinates": [[-74.11747851812727, 40.63759092334068], [-74.11782607134175, 40.637571241625324]]}}, {"type": "Feature", "properties": {"segment_id": 487138, "physicalid": "35033", "street_name": "BROADWAY", "borough": "staten_island", "direction": "TW", "total_row_ft": 74.3, "roadbed_ft": 54.5, "median_ft": 0.0, "left_sw_ft": 8.6, "right_sw_ft": 11.1}, "geometry": {"type": "LineString", "coordinates": [[-74.1174734474299, 40.637536163288864], [-74.11774026835906, 40.63752105348505]]}}, {"type": "Feature", "properties": {"segment_id": 487139, "physicalid": "35033", "street_name": "BROADWAY", "borough": "staten_island", "direction": "TW", "total_row_ft": 74.4, "roadbed_ft": 54.5, "median_ft": 0.0, "left_sw_ft": 8.7, "right_sw_ft": 11.2}, "geometry": {"type": "LineString", "coordinates": [[-74.11746786510908, 40.63748143220912], [-74.11773515171788, 40.63746629603428]]}}, {"type": "Feature", "properties": {"segment_id": 487140, "physicalid": "35033", "street_name": "BROADWAY", "borough": "staten_island", "direction": "TW", "total_row_ft": 74.2, "roadbed_ft": 54.5, "median_ft": 0.0, "left_sw_ft": 9.1, "right_sw_ft": 10.6}, "geometry": {"type": "LineString", "coordinates": [[-74.11746120515912, 40.63742676215304], [-74.11772783494123, 40.63741166317754]]}}, {"type": "Feature", "properties": {"segment_id": 487141, "physicalid": "35033", "street_name": "BROADWAY", "borough": "staten_island", "direction": "TW", "total_row_ft": 81.7, "roadbed_ft": 54.4, "median_ft": 0.0, "left_sw_ft": 9.5, "right_sw_ft": 17.7}, "geometry": {"type": "LineString", "coordinates": [[-74.1174545452284, 40.63737209209584], [-74.1177479624752, 40.637355476142005]]}}, {"type": "Feature", "properties": {"segment_id": 487142, "physicalid": "35033", "street_name": "BROADWAY", "borough": "staten_island", "direction": "TW", "total_row_ft": 73.8, "roadbed_ft": 54.3, "median_ft": 0.0, "left_sw_ft": 9.9, "right_sw_ft": 9.7}, "geometry": {"type": "LineString", "coordinates": [[-74.11744788535137, 40.637317422035466], [-74.1177132014852, 40.637302397458136]]}}, {"type": "Feature", "properties": {"segment_id": 487143, "physicalid": "35033", "street_name": "BROADWAY", "borough": "staten_island", "direction": "TW", "total_row_ft": 73.7, "roadbed_ft": 54.1, "median_ft": 0.0, "left_sw_ft": 10.3, "right_sw_ft": 9.2}, "geometry": {"type": "LineString", "coordinates": [[-74.11744122548525, 40.637262751974376], [-74.11770588425999, 40.637247764626416]]}}, {"type": "Feature", "properties": {"segment_id": 487144, "physicalid": "35033", "street_name": "BROADWAY", "borough": "staten_island", "direction": "TW", "total_row_ft": 73.5, "roadbed_ft": 54.0, "median_ft": 0.0, "left_sw_ft": 10.7, "right_sw_ft": 8.8}, "geometry": {"type": "LineString", "coordinates": [[-74.11743456563005, 40.637208081912576], [-74.11769856821981, 40.637193131727486]]}}, {"type": "Feature", "properties": {"segment_id": 487145, "physicalid": "35033", "street_name": "BROADWAY", "borough": "staten_island", "direction": "TW", "total_row_ft": 74.2, "roadbed_ft": 54.2, "median_ft": 0.0, "left_sw_ft": 11.0, "right_sw_ft": 9.0}, "geometry": {"type": "LineString", "coordinates": [[-74.11742790578576, 40.63715341185005], [-74.11769454060946, 40.63713831260439]]}}, {"type": "Feature", "properties": {"segment_id": 487146, "physicalid": "35033", "street_name": "BROADWAY", "borough": "staten_island", "direction": "TW", "total_row_ft": 75.3, "roadbed_ft": 51.8, "median_ft": 0.0, "left_sw_ft": 14.2, "right_sw_ft": 9.2}, "geometry": {"type": "LineString", "coordinates": [[-74.1173468147402, 40.63710295663456], [-74.11769067139964, 40.637083484510896]]}}, {"type": "Feature", "properties": {"segment_id": 487147, "physicalid": "35033", "street_name": "BROADWAY", "borough": "staten_island", "direction": "TW", "total_row_ft": 111.1, "roadbed_ft": 81.6, "median_ft": 0.0, "left_sw_ft": 15.0, "right_sw_ft": 14.5}, "geometry": {"type": "LineString", "coordinates": [[-74.11734147291098, 40.637048211935614], [-74.11768680219619, 40.637028656417]]}}, {"type": "Feature", "properties": {"segment_id": 487148, "physicalid": "35034", "street_name": "BROADWAY", "borough": "staten_island", "direction": "TW", "total_row_ft": 114.2, "roadbed_ft": 82.7, "median_ft": 0.0, "left_sw_ft": 15.0, "right_sw_ft": 16.5}, "geometry": {"type": "LineString", "coordinates": [[-74.11747083652763, 40.63891554487577], [-74.11790306175325, 40.63890678844606]]}}, {"type": "Feature", "properties": {"segment_id": 487149, "physicalid": "35034", "street_name": "BROADWAY", "borough": "staten_island", "direction": "TW", "total_row_ft": 72.8, "roadbed_ft": 43.6, "median_ft": 0.0, "left_sw_ft": 11.5, "right_sw_ft": 17.8}, "geometry": {"type": "LineString", "coordinates": [[-74.11756930197137, 40.63885863507897], [-74.11790114577943, 40.63885191212639]]}}, {"type": "Feature", "properties": {"segment_id": 487150, "physicalid": "35034", "street_name": "BROADWAY", "borough": "staten_island", "direction": "TW", "total_row_ft": 68.0, "roadbed_ft": 43.4, "median_ft": 0.0, "left_sw_ft": 10.5, "right_sw_ft": 14.1}, "geometry": {"type": "LineString", "coordinates": [[-74.11757239300131, 40.638803657327315], [-74.11789922980874, 40.63879703580635]]}}, {"type": "Feature", "properties": {"segment_id": 487151, "physicalid": "35034", "street_name": "BROADWAY", "borough": "staten_island", "direction": "TW", "total_row_ft": 64.2, "roadbed_ft": 43.1, "median_ft": 0.0, "left_sw_ft": 9.6, "right_sw_ft": 11.4}, "geometry": {"type": "LineString", "coordinates": [[-74.11757548402615, 40.63874867957528], [-74.11789731384123, 40.638742159485965]]}}, {"type": "Feature", "properties": {"segment_id": 487152, "physicalid": "35034", "street_name": "BROADWAY", "borough": "staten_island", "direction": "TW", "total_row_ft": 61.2, "roadbed_ft": 42.8, "median_ft": 0.0, "left_sw_ft": 9.2, "right_sw_ft": 9.2}, "geometry": {"type": "LineString", "coordinates": [[-74.11757729614231, 40.63869372773091], [-74.11779759380178, 40.63868926471562]]}}, {"type": "Feature", "properties": {"segment_id": 487153, "physicalid": "35034", "street_name": "BROADWAY", "borough": "staten_island", "direction": "TW", "total_row_ft": 61.0, "roadbed_ft": 42.6, "median_ft": 0.0, "left_sw_ft": 9.5, "right_sw_ft": 8.9}, "geometry": {"type": "LineString", "coordinates": [[-74.11757606384765, 40.63863883756005], [-74.11779584406646, 40.63863438502678]]}}, {"type": "Feature", "properties": {"segment_id": 487154, "physicalid": "35034", "street_name": "BROADWAY", "borough": "staten_island", "direction": "TW", "total_row_ft": 79.0, "roadbed_ft": 42.4, "median_ft": 0.0, "left_sw_ft": 9.8, "right_sw_ft": 26.8}, "geometry": {"type": "LineString", "coordinates": [[-74.11757483163483, 40.638583947387254], [-74.11785925933657, 40.63857818507713]]}}, {"type": "Feature", "properties": {"segment_id": 487155, "physicalid": "35034", "street_name": "BROADWAY", "borough": "staten_island", "direction": "TW", "total_row_ft": 60.7, "roadbed_ft": 42.1, "median_ft": 0.0, "left_sw_ft": 10.0, "right_sw_ft": 8.5}, "geometry": {"type": "LineString", "coordinates": [[-74.11757359942405, 40.638529057214086], [-74.1177923453478, 40.63852462563299]]}}, {"type": "Feature", "properties": {"segment_id": 487156, "physicalid": "35034", "street_name": "BROADWAY", "borough": "staten_island", "direction": "TW", "total_row_ft": 61.1, "roadbed_ft": 42.1, "median_ft": 0.0, "left_sw_ft": 10.5, "right_sw_ft": 8.4}, "geometry": {"type": "LineString", "coordinates": [[-74.11757062067161, 40.638474202422216], [-74.11779059624237, 40.63846974593047]]}}, {"type": "Feature", "properties": {"segment_id": 487157, "physicalid": "35034", "street_name": "BROADWAY", "borough": "staten_island", "direction": "TW", "total_row_ft": 61.9, "roadbed_ft": 43.0, "median_ft": 0.0, "left_sw_ft": 10.5, "right_sw_ft": 8.5}, "geometry": {"type": "LineString", "coordinates": [[-74.11756647022924, 40.6384193713662], [-74.11778958967525, 40.63841485118385]]}}, {"type": "Feature", "properties": {"segment_id": 487158, "physicalid": "35034", "street_name": "BROADWAY", "borough": "staten_island", "direction": "TW", "total_row_ft": 62.9, "roadbed_ft": 43.9, "median_ft": 0.0, "left_sw_ft": 10.4, "right_sw_ft": 8.7}, "geometry": {"type": "LineString", "coordinates": [[-74.11756231979369, 40.63836454030969], [-74.11778905481832, 40.638359946880065]]}}, {"type": "Feature", "properties": {"segment_id": 487159, "physicalid": "35034", "street_name": "BROADWAY", "borough": "staten_island", "direction": "TW", "total_row_ft": 64.0, "roadbed_ft": 44.8, "median_ft": 0.0, "left_sw_ft": 10.3, "right_sw_ft": 8.9}, "geometry": {"type": "LineString", "coordinates": [[-74.11755793695318, 40.63830971396093], [-74.11778851996228, 40.63830504257596]]}}, {"type": "Feature", "properties": {"segment_id": 487160, "physicalid": "35034", "street_name": "BROADWAY", "borough": "staten_island", "direction": "TW", "total_row_ft": 65.4, "roadbed_ft": 46.1, "median_ft": 0.0, "left_sw_ft": 10.3, "right_sw_ft": 9.0}, "geometry": {"type": "LineString", "coordinates": [[-74.11755238090205, 40.638254911378674], [-74.11778798510709, 40.638250138271516]]}}, {"type": "Feature", "properties": {"segment_id": 487161, "physicalid": "35034", "street_name": "BROADWAY", "borough": "staten_island", "direction": "TW", "total_row_ft": 66.4, "roadbed_ft": 47.4, "median_ft": 0.0, "left_sw_ft": 10.3, "right_sw_ft": 8.7}, "geometry": {"type": "LineString", "coordinates": [[-74.11754682528556, 40.63820010878722], [-74.11778601372002, 40.63819526307094]]}}, {"type": "Feature", "properties": {"segment_id": 487162, "physicalid": "35034", "street_name": "BROADWAY", "borough": "staten_island", "direction": "TW", "total_row_ft": 94.3, "roadbed_ft": 48.9, "median_ft": 0.0, "left_sw_ft": 36.9, "right_sw_ft": 8.5}, "geometry": {"type": "LineString", "coordinates": [[-74.11744401815353, 40.63814727626735], [-74.11778355355383, 40.638140397772766]]}}, {"type": "Feature", "properties": {"segment_id": 487163, "physicalid": "35035", "street_name": "BROADWAY", "borough": "staten_island", "direction": "TW", "total_row_ft": 65.0, "roadbed_ft": 43.9, "median_ft": 0.0, "left_sw_ft": 11.7, "right_sw_ft": 9.4}, "geometry": {"type": "LineString", "coordinates": [[-74.1175738885646, 40.639392776276146], [-74.11780793338527, 40.63939120861863]]}}, {"type": "Feature", "properties": {"segment_id": 487164, "physicalid": "35035", "street_name": "BROADWAY", "borough": "staten_island", "direction": "TW", "total_row_ft": 65.1, "roadbed_ft": 43.9, "median_ft": 0.0, "left_sw_ft": 11.8, "right_sw_ft": 9.5}, "geometry": {"type": "LineString", "coordinates": [[-74.11757295092255, 40.63933788471129], [-74.11780749909474, 40.63933631368235]]}}, {"type": "Feature", "properties": {"segment_id": 487165, "physicalid": "35035", "street_name": "BROADWAY", "borough": "staten_island", "direction": "TW", "total_row_ft": 65.0, "roadbed_ft": 43.8, "median_ft": 0.0, "left_sw_ft": 11.6, "right_sw_ft": 9.5}, "geometry": {"type": "LineString", "coordinates": [[-74.11757302750523, 40.639282986353734], [-74.1178070647809, 40.63928141874591]]}}, {"type": "Feature", "properties": {"segment_id": 487166, "physicalid": "35035", "street_name": "BROADWAY", "borough": "staten_island", "direction": "TW", "total_row_ft": 64.6, "roadbed_ft": 43.8, "median_ft": 0.0, "left_sw_ft": 11.2, "right_sw_ft": 9.6}, "geometry": {"type": "LineString", "coordinates": [[-74.1175739412752, 40.63922808238912], [-74.11780658462213, 40.639226524116246]]}}, {"type": "Feature", "properties": {"segment_id": 487167, "physicalid": "35035", "street_name": "BROADWAY", "borough": "staten_island", "direction": "TW", "total_row_ft": 64.2, "roadbed_ft": 43.8, "median_ft": 0.0, "left_sw_ft": 10.8, "right_sw_ft": 9.6}, "geometry": {"type": "LineString", "coordinates": [[-74.11757473017, 40.63917317926047], [-74.1178060984437, 40.63917162952661]]}}, {"type": "Feature", "properties": {"segment_id": 487168, "physicalid": "35035", "street_name": "BROADWAY", "borough": "staten_island", "direction": "TW", "total_row_ft": 64.1, "roadbed_ft": 43.8, "median_ft": 0.0, "left_sw_ft": 10.7, "right_sw_ft": 9.6}, "geometry": {"type": "LineString", "coordinates": [[-74.11757452092853, 40.6391182828161], [-74.11780561226605, 40.63911673493663]]}}, {"type": "Feature", "properties": {"segment_id": 487169, "physicalid": "35035", "street_name": "BROADWAY", "borough": "staten_island", "direction": "TW", "total_row_ft": 64.4, "roadbed_ft": 43.9, "median_ft": 0.0, "left_sw_ft": 10.9, "right_sw_ft": 9.6}, "geometry": {"type": "LineString", "coordinates": [[-74.11757325643761, 40.63906339373919], [-74.11780512623228, 40.639061840047106]]}}, {"type": "Feature", "properties": {"segment_id": 487170, "physicalid": "35035", "street_name": "BROADWAY", "borough": "staten_island", "direction": "TW", "total_row_ft": 92.1, "roadbed_ft": 46.2, "median_ft": 0.0, "left_sw_ft": 36.3, "right_sw_ft": 9.6}, "geometry": {"type": "LineString", "coordinates": [[-74.11747284440568, 40.63900916796112], [-74.11780464059267, 40.63900694578267]]}}, {"type": "Feature", "properties": {"segment_id": 487171, "physicalid": "35036", "street_name": "BROADWAY", "borough": "staten_island", "direction": "TW", "total_row_ft": 88.1, "roadbed_ft": 67.5, "median_ft": 0.0, "left_sw_ft": 10.0, "right_sw_ft": 10.6}, "geometry": {"type": "LineString", "coordinates": [[-74.11756909792265, 40.639837837386835], [-74.11788174346732, 40.63979535299513]]}}, {"type": "Feature", "properties": {"segment_id": 487172, "physicalid": "35036", "street_name": "BROADWAY", "borough": "staten_island", "direction": "TW", "total_row_ft": 64.2, "roadbed_ft": 42.8, "median_ft": 0.0, "left_sw_ft": 11.1, "right_sw_ft": 10.3}, "geometry": {"type": "LineString", "coordinates": [[-74.11763430815849, 40.63977321396489], [-74.11786210435434, 40.63974225940264]]}}, {"type": "Feature", "properties": {"segment_id": 487173, "physicalid": "35036", "street_name": "BROADWAY", "borough": "staten_island", "direction": "TW", "total_row_ft": 63.6, "roadbed_ft": 43.3, "median_ft": 0.0, "left_sw_ft": 10.8, "right_sw_ft": 9.5}, "geometry": {"type": "LineString", "coordinates": [[-74.1176176311922, 40.6397197178434], [-74.11784322254545, 40.63968906290211]]}}, {"type": "Feature", "properties": {"segment_id": 487174, "physicalid": "35036", "street_name": "BROADWAY", "borough": "staten_island", "direction": "TW", "total_row_ft": 64.1, "roadbed_ft": 43.8, "median_ft": 0.0, "left_sw_ft": 11.0, "right_sw_ft": 9.3}, "geometry": {"type": "LineString", "coordinates": [[-74.11760073467583, 40.63966625155662], [-74.1178281626822, 40.63963534704558]]}}, {"type": "Feature", "properties": {"segment_id": 487175, "physicalid": "35036", "street_name": "BROADWAY", "borough": "staten_island", "direction": "TW", "total_row_ft": 63.4, "roadbed_ft": 43.6, "median_ft": 0.0, "left_sw_ft": 12.2, "right_sw_ft": 7.5}, "geometry": {"type": "LineString", "coordinates": [[-74.1175881604873, 40.63961219768931], [-74.11781310267315, 40.639581631345735]]}}, {"type": "Feature", "properties": {"segment_id": 487176, "physicalid": "35036", "street_name": "BROADWAY", "borough": "staten_island", "direction": "TW", "total_row_ft": 64.2, "roadbed_ft": 43.1, "median_ft": 0.0, "left_sw_ft": 12.3, "right_sw_ft": 8.8}, "geometry": {"type": "LineString", "coordinates": [[-74.11758138983511, 40.639557355451466], [-74.11780900310676, 40.63952642613194]]}}, {"type": "Feature", "properties": {"segment_id": 487177, "physicalid": "35036", "street_name": "BROADWAY", "borough": "staten_island", "direction": "TW", "total_row_ft": 64.8, "roadbed_ft": 43.9, "median_ft": 0.0, "left_sw_ft": 11.5, "right_sw_ft": 9.4}, "geometry": {"type": "LineString", "coordinates": [[-74.117578773058, 40.63950194876755], [-74.117808562438, 40.639470723723626]]}}, {"type": "Feature", "properties": {"segment_id": 487188, "physicalid": "35037", "street_name": "BROADWAY", "borough": "staten_island", "direction": "TW", "total_row_ft": 63.7, "roadbed_ft": 43.9, "median_ft": 0.0, "left_sw_ft": 10.0, "right_sw_ft": 9.8}, "geometry": {"type": "LineString", "coordinates": [[-74.11771592750617, 40.6400111809815], [-74.1179407372081, 40.63997581338889]]}}, {"type": "Feature", "properties": {"segment_id": 487189, "physicalid": "35037", "street_name": "BROADWAY", "borough": "staten_island", "direction": "TW", "total_row_ft": 63.6, "roadbed_ft": 43.7, "median_ft": 0.0, "left_sw_ft": 10.2, "right_sw_ft": 9.8}, "geometry": {"type": "LineString", "coordinates": [[-74.11769807388276, 40.639957935542036], [-74.11792264326533, 40.63992260576527]]}}, {"type": "Feature", "properties": {"segment_id": 487190, "physicalid": "35038", "street_name": "BROADWAY", "borough": "staten_island", "direction": "TW", "total_row_ft": 93.8, "roadbed_ft": 64.7, "median_ft": 0.0, "left_sw_ft": 14.8, "right_sw_ft": 14.3}, "geometry": {"type": "LineString", "coordinates": [[-74.11718938617791, 40.63537872859272], [-74.11752252691151, 40.63533569369891]]}}, {"type": "Feature", "properties": {"segment_id": 487191, "physicalid": "35038", "street_name": "BROADWAY", "borough": "staten_island", "direction": "TW", "total_row_ft": 82.5, "roadbed_ft": 54.5, "median_ft": 0.0, "left_sw_ft": 13.7, "right_sw_ft": 14.2}, "geometry": {"type": "LineString", "coordinates": [[-74.11722007904699, 40.6353190843962], [-74.11751302208881, 40.63528124215252]]}}, {"type": "Feature", "properties": {"segment_id": 487192, "physicalid": "35038", "street_name": "BROADWAY", "borough": "staten_island", "direction": "TW", "total_row_ft": 79.9, "roadbed_ft": 54.6, "median_ft": 0.0, "left_sw_ft": 10.9, "right_sw_ft": 14.4}, "geometry": {"type": "LineString", "coordinates": [[-74.1172196006603, 40.6352634668378], [-74.11750351728163, 40.635226790605046]]}}, {"type": "Feature", "properties": {"segment_id": 487193, "physicalid": "35038", "street_name": "BROADWAY", "borough": "staten_island", "direction": "TW", "total_row_ft": 80.1, "roadbed_ft": 54.5, "median_ft": 0.0, "left_sw_ft": 10.9, "right_sw_ft": 14.7}, "geometry": {"type": "LineString", "coordinates": [[-74.11720938173417, 40.63520910754588], [-74.11749395351889, 40.635172346674416]]}}, {"type": "Feature", "properties": {"segment_id": 487194, "physicalid": "35038", "street_name": "BROADWAY", "borough": "staten_island", "direction": "TW", "total_row_ft": 79.3, "roadbed_ft": 54.3, "median_ft": 0.0, "left_sw_ft": 10.6, "right_sw_ft": 14.3}, "geometry": {"type": "LineString", "coordinates": [[-74.11720026190241, 40.63515460627572], [-74.11748202273102, 40.63511820851919]]}}, {"type": "Feature", "properties": {"segment_id": 487195, "physicalid": "35038", "street_name": "BROADWAY", "borough": "staten_island", "direction": "TW", "total_row_ft": 78.7, "roadbed_ft": 54.2, "median_ft": 0.0, "left_sw_ft": 10.6, "right_sw_ft": 14.0}, "geometry": {"type": "LineString", "coordinates": [[-74.11719036045812, 40.63510020597386], [-74.11747009196253, 40.635064070362375]]}}, {"type": "Feature", "properties": {"segment_id": 487196, "physicalid": "35038", "street_name": "BROADWAY", "borough": "staten_island", "direction": "TW", "total_row_ft": 78.2, "roadbed_ft": 54.1, "median_ft": 0.0, "left_sw_ft": 10.5, "right_sw_ft": 13.6}, "geometry": {"type": "LineString", "coordinates": [[-74.11718045903, 40.63504580567081], [-74.11745816121339, 40.635009932204]]}}, {"type": "Feature", "properties": {"segment_id": 487197, "physicalid": "35038", "street_name": "BROADWAY", "borough": "staten_island", "direction": "TW", "total_row_ft": 78.1, "roadbed_ft": 54.0, "median_ft": 0.0, "left_sw_ft": 10.5, "right_sw_ft": 13.6}, "geometry": {"type": "LineString", "coordinates": [[-74.11717055762163, 40.63499140536616], [-74.1174480351895, 40.634955560910555]]}}, {"type": "Feature", "properties": {"segment_id": 487198, "physicalid": "35038", "street_name": "BROADWAY", "borough": "staten_island", "direction": "TW", "total_row_ft": 78.1, "roadbed_ft": 53.9, "median_ft": 0.0, "left_sw_ft": 10.5, "right_sw_ft": 13.7}, "geometry": {"type": "LineString", "coordinates": [[-74.11716065586181, 40.634937005107794], [-74.11743819912888, 40.63490115216024]]}}, {"type": "Feature", "properties": {"segment_id": 487199, "physicalid": "35038", "street_name": "BROADWAY", "borough": "staten_island", "direction": "TW", "total_row_ft": 78.1, "roadbed_ft": 53.7, "median_ft": 0.0, "left_sw_ft": 10.6, "right_sw_ft": 13.8}, "geometry": {"type": "LineString", "coordinates": [[-74.11715081167067, 40.63488259741372], [-74.1174283630173, 40.634846743417405]]}}, {"type": "Feature", "properties": {"segment_id": 487200, "physicalid": "35038", "street_name": "BROADWAY", "borough": "staten_island", "direction": "TW", "total_row_ft": 78.0, "roadbed_ft": 53.7, "median_ft": 0.0, "left_sw_ft": 10.7, "right_sw_ft": 13.6}, "geometry": {"type": "LineString", "coordinates": [[-74.11714104404267, 40.63482817983027], [-74.11741827446778, 40.634792367285684]]}}, {"type": "Feature", "properties": {"segment_id": 487201, "physicalid": "35038", "street_name": "BROADWAY", "borough": "staten_island", "direction": "TW", "total_row_ft": 77.9, "roadbed_ft": 53.7, "median_ft": 0.0, "left_sw_ft": 10.8, "right_sw_ft": 13.4}, "geometry": {"type": "LineString", "coordinates": [[-74.11713127599778, 40.63477376230155], [-74.11740790069705, 40.634738028000065]]}}, {"type": "Feature", "properties": {"segment_id": 487202, "physicalid": "35038", "street_name": "BROADWAY", "borough": "staten_island", "direction": "TW", "total_row_ft": 77.7, "roadbed_ft": 53.9, "median_ft": 0.0, "left_sw_ft": 10.7, "right_sw_ft": 13.1}, "geometry": {"type": "LineString", "coordinates": [[-74.11712150813165, 40.63471934475063], [-74.11739752694321, 40.634683688713196]]}}, {"type": "Feature", "properties": {"segment_id": 487203, "physicalid": "35038", "street_name": "BROADWAY", "borough": "staten_island", "direction": "TW", "total_row_ft": 89.9, "roadbed_ft": 61.3, "median_ft": 0.0, "left_sw_ft": 10.4, "right_sw_ft": 18.2}, "geometry": {"type": "LineString", "coordinates": [[-74.11711174070855, 40.634664927143405], [-74.11743110196798, 40.63462367207031]]}}, {"type": "Feature", "properties": {"segment_id": 487204, "physicalid": "35039", "street_name": "BROADWAY", "borough": "staten_island", "direction": "TW", "total_row_ft": 150.0, "roadbed_ft": 120.0, "median_ft": 0.0, "left_sw_ft": 15.0, "right_sw_ft": 15.0}, "geometry": {"type": "LineString", "coordinates": [[-74.1169773794743, 40.63455431137008], [-74.11740395081937, 40.63450064137947]]}}, {"type": "Feature", "properties": {"segment_id": 487205, "physicalid": "35039", "street_name": "BROADWAY", "borough": "staten_island", "direction": "TW", "total_row_ft": 52.3, "roadbed_ft": 31.3, "median_ft": 0.0, "left_sw_ft": 11.2, "right_sw_ft": 9.8}, "geometry": {"type": "LineString", "coordinates": [[-74.11706941271707, 40.63448709279853], [-74.11725518067068, 40.634463720032876]]}}, {"type": "Feature", "properties": {"segment_id": 487206, "physicalid": "35039", "street_name": "BROADWAY", "borough": "staten_island", "direction": "TW", "total_row_ft": 50.9, "roadbed_ft": 30.9, "median_ft": 0.0, "left_sw_ft": 10.9, "right_sw_ft": 9.1}, "geometry": {"type": "LineString", "coordinates": [[-74.11706094585871, 40.63443251871369], [-74.1172417791639, 40.63440976680971]]}}, {"type": "Feature", "properties": {"segment_id": 487207, "physicalid": "35039", "street_name": "BROADWAY", "borough": "staten_island", "direction": "TW", "total_row_ft": 50.5, "roadbed_ft": 30.5, "median_ft": 0.0, "left_sw_ft": 10.6, "right_sw_ft": 9.4}, "geometry": {"type": "LineString", "coordinates": [[-74.11705247944606, 40.63437794457359], [-74.11723191177292, 40.634355368932624]]}}, {"type": "Feature", "properties": {"segment_id": 487208, "physicalid": "35039", "street_name": "BROADWAY", "borough": "staten_island", "direction": "TW", "total_row_ft": 51.1, "roadbed_ft": 30.0, "median_ft": 0.0, "left_sw_ft": 10.3, "right_sw_ft": 10.8}, "geometry": {"type": "LineString", "coordinates": [[-74.11704401304723, 40.63432337043253], [-74.11722565814814, 40.634300516379994]]}}, {"type": "Feature", "properties": {"segment_id": 487209, "physicalid": "35039", "street_name": "BROADWAY", "borough": "staten_island", "direction": "TW", "total_row_ft": 49.8, "roadbed_ft": 29.6, "median_ft": 0.0, "left_sw_ft": 10.0, "right_sw_ft": 10.2}, "geometry": {"type": "LineString", "coordinates": [[-74.1170355465993, 40.634268796298464], [-74.1172125688032, 40.63424652388403]]}}, {"type": "Feature", "properties": {"segment_id": 487210, "physicalid": "35039", "street_name": "BROADWAY", "borough": "staten_island", "direction": "TW", "total_row_ft": 50.1, "roadbed_ft": 29.2, "median_ft": 0.0, "left_sw_ft": 10.3, "right_sw_ft": 10.6}, "geometry": {"type": "LineString", "coordinates": [[-74.11702492605137, 40.63421449318599], [-74.11720292147277, 40.63419209832196]]}}, {"type": "Feature", "properties": {"segment_id": 487211, "physicalid": "35039", "street_name": "BROADWAY", "borough": "staten_island", "direction": "TW", "total_row_ft": 50.6, "roadbed_ft": 28.7, "median_ft": 0.0, "left_sw_ft": 11.2, "right_sw_ft": 10.7}, "geometry": {"type": "LineString", "coordinates": [[-74.11701216094174, 40.63416045989515], [-74.11719216025179, 40.63413781290811]]}}, {"type": "Feature", "properties": {"segment_id": 487212, "physicalid": "35039", "street_name": "BROADWAY", "borough": "staten_island", "direction": "TW", "total_row_ft": 50.9, "roadbed_ft": 28.9, "median_ft": 0.0, "left_sw_ft": 11.9, "right_sw_ft": 10.0}, "geometry": {"type": "LineString", "coordinates": [[-74.11699994235842, 40.63410635784331], [-74.11718073942814, 40.63408361048496]]}}, {"type": "Feature", "properties": {"segment_id": 487213, "physicalid": "35040", "street_name": "BROADWAY", "borough": "staten_island", "direction": "TW", "total_row_ft": 83.4, "roadbed_ft": 31.0, "median_ft": 0.0, "left_sw_ft": 44.0, "right_sw_ft": 8.4}, "geometry": {"type": "LineString", "coordinates": [[-74.11685645742736, 40.63398793516397], [-74.1171542427528, 40.63395786173539]]}}, {"type": "Feature", "properties": {"segment_id": 487214, "physicalid": "35040", "street_name": "BROADWAY", "borough": "staten_island", "direction": "TW", "total_row_ft": 48.0, "roadbed_ft": 29.8, "median_ft": 0.0, "left_sw_ft": 10.6, "right_sw_ft": 7.7}, "geometry": {"type": "LineString", "coordinates": [[-74.11697126663033, 40.63392096465358], [-74.11714281744338, 40.6339036395916]]}}, {"type": "Feature", "properties": {"segment_id": 487215, "physicalid": "35040", "street_name": "BROADWAY", "borough": "staten_island", "direction": "TW", "total_row_ft": 85.4, "roadbed_ft": 30.4, "median_ft": 0.0, "left_sw_ft": 10.5, "right_sw_ft": 44.5}, "geometry": {"type": "LineString", "coordinates": [[-74.11696102088989, 40.63386662338234], [-74.11726611491203, 40.63383581149748]]}}, {"type": "Feature", "properties": {"segment_id": 487216, "physicalid": "35041", "street_name": "BROADWAY", "borough": "staten_island", "direction": "TW", "total_row_ft": 85.6, "roadbed_ft": 30.3, "median_ft": 0.0, "left_sw_ft": 10.5, "right_sw_ft": 44.9}, "geometry": {"type": "LineString", "coordinates": [[-74.11694576055132, 40.63378568556179], [-74.11725118920667, 40.63375279079986]]}}, {"type": "Feature", "properties": {"segment_id": 487217, "physicalid": "35041", "street_name": "BROADWAY", "borough": "staten_island", "direction": "TW", "total_row_ft": 50.1, "roadbed_ft": 30.3, "median_ft": 0.0, "left_sw_ft": 10.4, "right_sw_ft": 9.4}, "geometry": {"type": "LineString", "coordinates": [[-74.11693551534735, 40.63373134737213], [-74.11711415043249, 40.63371210842034]]}}, {"type": "Feature", "properties": {"segment_id": 487218, "physicalid": "35041", "street_name": "BROADWAY", "borough": "staten_island", "direction": "TW", "total_row_ft": 49.9, "roadbed_ft": 30.3, "median_ft": 0.0, "left_sw_ft": 10.5, "right_sw_ft": 9.1}, "geometry": {"type": "LineString", "coordinates": [[-74.11692527002215, 40.63367700919607], [-74.11710315538278, 40.63365785099049]]}}, {"type": "Feature", "properties": {"segment_id": 487219, "physicalid": "35041", "street_name": "BROADWAY", "borough": "staten_island", "direction": "TW", "total_row_ft": 49.7, "roadbed_ft": 30.3, "median_ft": 0.0, "left_sw_ft": 10.6, "right_sw_ft": 8.8}, "geometry": {"type": "LineString", "coordinates": [[-74.1169149903418, 40.63362267472059], [-74.11709216035096, 40.63360359355926]]}}, {"type": "Feature", "properties": {"segment_id": 487220, "physicalid": "35041", "street_name": "BROADWAY", "borough": "staten_island", "direction": "TW", "total_row_ft": 49.8, "roadbed_ft": 30.3, "median_ft": 0.0, "left_sw_ft": 10.8, "right_sw_ft": 8.7}, "geometry": {"type": "LineString", "coordinates": [[-74.11690430104048, 40.63356838436141], [-74.11708193757103, 40.63354925295665]]}}, {"type": "Feature", "properties": {"segment_id": 487221, "physicalid": "35041", "street_name": "BROADWAY", "borough": "staten_island", "direction": "TW", "total_row_ft": 50.0, "roadbed_ft": 30.4, "median_ft": 0.0, "left_sw_ft": 10.9, "right_sw_ft": 8.7}, "geometry": {"type": "LineString", "coordinates": [[-74.11689361175655, 40.63351409400092], [-74.11707184500013, 40.63349489833101]]}}, {"type": "Feature", "properties": {"segment_id": 487222, "physicalid": "35041", "street_name": "BROADWAY", "borough": "staten_island", "direction": "TW", "total_row_ft": 50.1, "roadbed_ft": 30.3, "median_ft": 0.0, "left_sw_ft": 11.1, "right_sw_ft": 8.7}, "geometry": {"type": "LineString", "coordinates": [[-74.11688292250935, 40.63345980363704], [-74.117061752641, 40.63344054368313]]}}, {"type": "Feature", "properties": {"segment_id": 487223, "physicalid": "35041", "street_name": "BROADWAY", "borough": "staten_island", "direction": "TW", "total_row_ft": 83.9, "roadbed_ft": 30.9, "median_ft": 0.0, "left_sw_ft": 44.1, "right_sw_ft": 8.8}, "geometry": {"type": "LineString", "coordinates": [[-74.11675249767359, 40.6334184085998], [-74.1170516604788, 40.63338618901461]]}}, {"type": "Feature", "properties": {"segment_id": 487224, "physicalid": "35042", "street_name": "BROADWAY", "borough": "staten_island", "direction": "TW", "total_row_ft": 84.0, "roadbed_ft": 29.5, "median_ft": 0.0, "left_sw_ft": 45.2, "right_sw_ft": 9.2}, "geometry": {"type": "LineString", "coordinates": [[-74.11673686583157, 40.63333306737835], [-74.11703660168628, 40.63330164971857]]}}, {"type": "Feature", "properties": {"segment_id": 487225, "physicalid": "35042", "street_name": "BROADWAY", "borough": "staten_island", "direction": "TW", "total_row_ft": 50.5, "roadbed_ft": 29.6, "median_ft": 0.0, "left_sw_ft": 11.7, "right_sw_ft": 9.3}, "geometry": {"type": "LineString", "coordinates": [[-74.11684689855218, 40.633266121181215], [-74.11702710029604, 40.63324723272917]]}}, {"type": "Feature", "properties": {"segment_id": 487226, "physicalid": "35042", "street_name": "BROADWAY", "borough": "staten_island", "direction": "TW", "total_row_ft": 50.4, "roadbed_ft": 29.6, "median_ft": 0.0, "left_sw_ft": 11.4, "right_sw_ft": 9.4}, "geometry": {"type": "LineString", "coordinates": [[-74.11683798192529, 40.633211642899184], [-74.11701775080651, 40.63319279981816]]}}, {"type": "Feature", "properties": {"segment_id": 487227, "physicalid": "35042", "street_name": "BROADWAY", "borough": "staten_island", "direction": "TW", "total_row_ft": 50.5, "roadbed_ft": 29.6, "median_ft": 0.0, "left_sw_ft": 11.5, "right_sw_ft": 9.4}, "geometry": {"type": "LineString", "coordinates": [[-74.11682801921253, 40.633157274265834], [-74.11700840133223, 40.63313836690608]]}}, {"type": "Feature", "properties": {"segment_id": 487228, "physicalid": "35042", "street_name": "BROADWAY", "borough": "staten_island", "direction": "TW", "total_row_ft": 50.7, "roadbed_ft": 29.6, "median_ft": 0.0, "left_sw_ft": 11.6, "right_sw_ft": 9.5}, "geometry": {"type": "LineString", "coordinates": [[-74.11681805646748, 40.6331029056364], [-74.11699905187321, 40.63308393399293]]}}, {"type": "Feature", "properties": {"segment_id": 487229, "physicalid": "35042", "street_name": "BROADWAY", "borough": "staten_island", "direction": "TW", "total_row_ft": 50.9, "roadbed_ft": 29.6, "median_ft": 0.0, "left_sw_ft": 11.8, "right_sw_ft": 9.6}, "geometry": {"type": "LineString", "coordinates": [[-74.11680809387876, 40.63304853699111], [-74.1169897025778, 40.63302950106311]]}}, {"type": "Feature", "properties": {"segment_id": 487230, "physicalid": "35042", "street_name": "BROADWAY", "borough": "staten_island", "direction": "TW", "total_row_ft": 50.9, "roadbed_ft": 29.6, "median_ft": 0.0, "left_sw_ft": 12.1, "right_sw_ft": 9.2}, "geometry": {"type": "LineString", "coordinates": [[-74.1167977091235, 40.63299421259679], [-74.11697942924982, 40.63297516499017]]}}, {"type": "Feature", "properties": {"segment_id": 487231, "physicalid": "35042", "street_name": "BROADWAY", "borough": "staten_island", "direction": "TW", "total_row_ft": 51.1, "roadbed_ft": 29.6, "median_ft": 0.0, "left_sw_ft": 12.7, "right_sw_ft": 8.8}, "geometry": {"type": "LineString", "coordinates": [[-74.11678659665557, 40.63293996448001], [-74.11696891671578, 40.63292085399116]]}}, {"type": "Feature", "properties": {"segment_id": 487232, "physicalid": "35042", "street_name": "BROADWAY", "borough": "staten_island", "direction": "TW", "total_row_ft": 50.7, "roadbed_ft": 29.6, "median_ft": 0.0, "left_sw_ft": 12.7, "right_sw_ft": 8.4}, "geometry": {"type": "LineString", "coordinates": [[-74.11677748810474, 40.63288550631811], [-74.11695840401109, 40.63286654301052]]}}, {"type": "Feature", "properties": {"segment_id": 487233, "physicalid": "35042", "street_name": "BROADWAY", "borough": "staten_island", "direction": "TW", "total_row_ft": 50.8, "roadbed_ft": 29.6, "median_ft": 0.0, "left_sw_ft": 13.2, "right_sw_ft": 8.0}, "geometry": {"type": "LineString", "coordinates": [[-74.1167665427858, 40.63283124068225], [-74.11694789169736, 40.632812231989426]]}}, {"type": "Feature", "properties": {"segment_id": 487234, "physicalid": "35042", "street_name": "BROADWAY", "borough": "staten_island", "direction": "TW", "total_row_ft": 50.7, "roadbed_ft": 29.6, "median_ft": 0.0, "left_sw_ft": 13.6, "right_sw_ft": 7.5}, "geometry": {"type": "LineString", "coordinates": [[-74.11675325891326, 40.63277722016824], [-74.11693430066363, 40.63275824367763]]}}, {"type": "Feature", "properties": {"segment_id": 487235, "physicalid": "35043", "street_name": "BROADWAY", "borough": "staten_island", "direction": "TW", "total_row_ft": 150.0, "roadbed_ft": 120.0, "median_ft": 0.0, "left_sw_ft": 15.0, "right_sw_ft": 15.0}, "geometry": {"type": "LineString", "coordinates": [[-74.1166147631782, 40.63265589540656], [-74.1170432665308, 40.632612127459296]]}}, {"type": "Feature", "properties": {"segment_id": 487236, "physicalid": "35043", "street_name": "BROADWAY", "borough": "staten_island", "direction": "TW", "total_row_ft": 49.1, "roadbed_ft": 30.2, "median_ft": 0.0, "left_sw_ft": 8.5, "right_sw_ft": 10.4}, "geometry": {"type": "LineString", "coordinates": [[-74.11673169763465, 40.63258856478378], [-74.11690711049305, 40.632570647862956]]}}, {"type": "Feature", "properties": {"segment_id": 487237, "physicalid": "35043", "street_name": "BROADWAY", "borough": "staten_island", "direction": "TW", "total_row_ft": 48.4, "roadbed_ft": 30.2, "median_ft": 0.0, "left_sw_ft": 8.1, "right_sw_ft": 10.1}, "geometry": {"type": "LineString", "coordinates": [[-74.11672354533702, 40.63253401053103], [-74.1168963258905, 40.632516362477595]]}}, {"type": "Feature", "properties": {"segment_id": 487238, "physicalid": "35043", "street_name": "BROADWAY", "borough": "staten_island", "direction": "TW", "total_row_ft": 47.6, "roadbed_ft": 30.2, "median_ft": 0.0, "left_sw_ft": 7.7, "right_sw_ft": 9.8}, "geometry": {"type": "LineString", "coordinates": [[-74.11671539226971, 40.632479456357345], [-74.11688554143426, 40.632462077077726]]}}, {"type": "Feature", "properties": {"segment_id": 487239, "physicalid": "35043", "street_name": "BROADWAY", "borough": "staten_island", "direction": "TW", "total_row_ft": 46.9, "roadbed_ft": 30.2, "median_ft": 0.0, "left_sw_ft": 7.2, "right_sw_ft": 9.5}, "geometry": {"type": "LineString", "coordinates": [[-74.1167072392863, 40.63242490217555], [-74.11687475699556, 40.632407791676556]]}}, {"type": "Feature", "properties": {"segment_id": 487240, "physicalid": "35043", "street_name": "BROADWAY", "borough": "staten_island", "direction": "TW", "total_row_ft": 46.2, "roadbed_ft": 30.2, "median_ft": 0.0, "left_sw_ft": 6.8, "right_sw_ft": 9.2}, "geometry": {"type": "LineString", "coordinates": [[-74.11669908634025, 40.63237034799039], [-74.11686397289814, 40.63235350624094]]}}, {"type": "Feature", "properties": {"segment_id": 487241, "physicalid": "35043", "street_name": "BROADWAY", "borough": "staten_island", "direction": "TW", "total_row_ft": 46.1, "roadbed_ft": 30.2, "median_ft": 0.0, "left_sw_ft": 6.4, "right_sw_ft": 9.5}, "geometry": {"type": "LineString", "coordinates": [[-74.11669093340753, 40.63231579380435], [-74.11685545855512, 40.632298988968195]]}}, {"type": "Feature", "properties": {"segment_id": 487242, "physicalid": "35043", "street_name": "BROADWAY", "borough": "staten_island", "direction": "TW", "total_row_ft": 46.2, "roadbed_ft": 30.2, "median_ft": 0.0, "left_sw_ft": 6.0, "right_sw_ft": 10.0}, "geometry": {"type": "LineString", "coordinates": [[-74.11668278048266, 40.63226123961796], [-74.11684761798986, 40.63224440287474]]}}, {"type": "Feature", "properties": {"segment_id": 487243, "physicalid": "35043", "street_name": "BROADWAY", "borough": "staten_island", "direction": "TW", "total_row_ft": 46.4, "roadbed_ft": 30.2, "median_ft": 0.0, "left_sw_ft": 5.7, "right_sw_ft": 10.5}, "geometry": {"type": "LineString", "coordinates": [[-74.11667394778269, 40.63220675486477], [-74.11683977717773, 40.632189816806964]]}}, {"type": "Feature", "properties": {"segment_id": 487244, "physicalid": "35043", "street_name": "BROADWAY", "borough": "staten_island", "direction": "TW", "total_row_ft": 46.9, "roadbed_ft": 30.2, "median_ft": 0.0, "left_sw_ft": 5.8, "right_sw_ft": 11.0}, "geometry": {"type": "LineString", "coordinates": [[-74.11666436692153, 40.63215234652977], [-74.11683193624947, 40.63213523075151]]}}, {"type": "Feature", "properties": {"segment_id": 487245, "physicalid": "35043", "street_name": "BROADWAY", "borough": "staten_island", "direction": "TW", "total_row_ft": 47.3, "roadbed_ft": 30.2, "median_ft": 0.0, "left_sw_ft": 6.0, "right_sw_ft": 11.1}, "geometry": {"type": "LineString", "coordinates": [[-74.11665478609861, 40.63209793819134], [-74.11682360482912, 40.63208069479648]]}}, {"type": "Feature", "properties": {"segment_id": 487246, "physicalid": "35043", "street_name": "BROADWAY", "borough": "staten_island", "direction": "TW", "total_row_ft": 47.1, "roadbed_ft": 30.2, "median_ft": 0.0, "left_sw_ft": 6.2, "right_sw_ft": 10.7}, "geometry": {"type": "LineString", "coordinates": [[-74.11664520532375, 40.63204352984848], [-74.11681345632594, 40.63202634444283]]}}, {"type": "Feature", "properties": {"segment_id": 487247, "physicalid": "35043", "street_name": "BROADWAY", "borough": "staten_island", "direction": "TW", "total_row_ft": 47.0, "roadbed_ft": 30.2, "median_ft": 0.0, "left_sw_ft": 6.4, "right_sw_ft": 10.4}, "geometry": {"type": "LineString", "coordinates": [[-74.11663562456451, 40.6319891215045], [-74.11680330815449, 40.63197199405575]]}}, {"type": "Feature", "properties": {"segment_id": 487248, "physicalid": "35043", "street_name": "BROADWAY", "borough": "staten_island", "direction": "TW", "total_row_ft": 46.8, "roadbed_ft": 30.2, "median_ft": 0.0, "left_sw_ft": 6.7, "right_sw_ft": 10.0}, "geometry": {"type": "LineString", "coordinates": [[-74.11662593176392, 40.63193472460498], [-74.11679315999957, 40.63191764366747]]}}, {"type": "Feature", "properties": {"segment_id": 487249, "physicalid": "35043", "street_name": "BROADWAY", "borough": "staten_island", "direction": "TW", "total_row_ft": 47.0, "roadbed_ft": 30.2, "median_ft": 0.0, "left_sw_ft": 7.2, "right_sw_ft": 9.6}, "geometry": {"type": "LineString", "coordinates": [[-74.11661532606591, 40.63188042094995], [-74.11678301186119, 40.63186329327797]]}}, {"type": "Feature", "properties": {"segment_id": 487250, "physicalid": "35043", "street_name": "BROADWAY", "borough": "staten_island", "direction": "TW", "total_row_ft": 47.1, "roadbed_ft": 30.4, "median_ft": 0.0, "left_sw_ft": 7.4, "right_sw_ft": 9.2}, "geometry": {"type": "LineString", "coordinates": [[-74.11660472036579, 40.631826117295574], [-74.11677286345584, 40.63180894291622]]}}, {"type": "Feature", "properties": {"segment_id": 487251, "physicalid": "35043", "street_name": "BROADWAY", "borough": "staten_island", "direction": "TW", "total_row_ft": 120.0, "roadbed_ft": 31.2, "median_ft": 0.0, "left_sw_ft": 44.3, "right_sw_ft": 44.5}, "geometry": {"type": "LineString", "coordinates": [[-74.116461568326, 40.63178535193635], [-74.11689006618944, 40.63174158455593]]}}, {"type": "Feature", "properties": {"segment_id": 487252, "physicalid": "35044", "street_name": "BROADWAY", "borough": "staten_island", "direction": "TW", "total_row_ft": 120.0, "roadbed_ft": 41.7, "median_ft": 0.0, "left_sw_ft": 37.4, "right_sw_ft": 40.9}, "geometry": {"type": "LineString", "coordinates": [[-74.11644512561638, 40.631690320340695], [-74.116873909725, 40.63164821511213]]}}, {"type": "Feature", "properties": {"segment_id": 487253, "physicalid": "35044", "street_name": "BROADWAY", "borough": "staten_island", "direction": "TW", "total_row_ft": 50.0, "roadbed_ft": 30.8, "median_ft": 0.0, "left_sw_ft": 9.0, "right_sw_ft": 10.2}, "geometry": {"type": "LineString", "coordinates": [[-74.11656246457191, 40.631623448320774], [-74.11674107622295, 40.631605909225485]]}}, {"type": "Feature", "properties": {"segment_id": 487254, "physicalid": "35044", "street_name": "BROADWAY", "borough": "staten_island", "direction": "TW", "total_row_ft": 50.0, "roadbed_ft": 30.7, "median_ft": 0.0, "left_sw_ft": 8.9, "right_sw_ft": 10.4}, "geometry": {"type": "LineString", "coordinates": [[-74.11655370213566, 40.63156895888328], [-74.11673223737942, 40.631551427290375]]}}, {"type": "Feature", "properties": {"segment_id": 487255, "physicalid": "35044", "street_name": "BROADWAY", "borough": "staten_island", "direction": "TW", "total_row_ft": 49.9, "roadbed_ft": 30.6, "median_ft": 0.0, "left_sw_ft": 8.7, "right_sw_ft": 10.6}, "geometry": {"type": "LineString", "coordinates": [[-74.1165449397137, 40.63151446944479], [-74.11672339855032, 40.6314969453543]]}}, {"type": "Feature", "properties": {"segment_id": 487256, "physicalid": "35044", "street_name": "BROADWAY", "borough": "staten_island", "direction": "TW", "total_row_ft": 49.9, "roadbed_ft": 30.5, "median_ft": 0.0, "left_sw_ft": 8.6, "right_sw_ft": 10.8}, "geometry": {"type": "LineString", "coordinates": [[-74.11653617730605, 40.63145998000529], [-74.11671455973564, 40.63144246341721]]}}, {"type": "Feature", "properties": {"segment_id": 487257, "physicalid": "35044", "street_name": "BROADWAY", "borough": "staten_island", "direction": "TW", "total_row_ft": 49.9, "roadbed_ft": 30.4, "median_ft": 0.0, "left_sw_ft": 8.5, "right_sw_ft": 11.0}, "geometry": {"type": "LineString", "coordinates": [[-74.11652741491271, 40.63140549056483], [-74.11670572070277, 40.63138798150199]]}}, {"type": "Feature", "properties": {"segment_id": 487258, "physicalid": "35044", "street_name": "BROADWAY", "borough": "staten_island", "direction": "TW", "total_row_ft": 48.2, "roadbed_ft": 30.3, "median_ft": 0.0, "left_sw_ft": 8.3, "right_sw_ft": 9.5}, "geometry": {"type": "LineString", "coordinates": [[-74.11651863723299, 40.631351002625834], [-74.11669069069923, 40.63133410752564]]}}, {"type": "Feature", "properties": {"segment_id": 487259, "physicalid": "35044", "street_name": "BROADWAY", "borough": "staten_island", "direction": "TW", "total_row_ft": 49.1, "roadbed_ft": 30.3, "median_ft": 0.0, "left_sw_ft": 8.7, "right_sw_ft": 10.1}, "geometry": {"type": "LineString", "coordinates": [[-74.11650825441552, 40.63129667230539], [-74.11668357662565, 40.631279456224426]]}}, {"type": "Feature", "properties": {"segment_id": 487260, "physicalid": "35044", "street_name": "BROADWAY", "borough": "staten_island", "direction": "TW", "total_row_ft": 50.8, "roadbed_ft": 30.2, "median_ft": 0.0, "left_sw_ft": 9.1, "right_sw_ft": 11.6}, "geometry": {"type": "LineString", "coordinates": [[-74.11649787200292, 40.631242341945615], [-74.11667945910557, 40.631224510669135]]}}, {"type": "Feature", "properties": {"segment_id": 487261, "physicalid": "35044", "street_name": "BROADWAY", "borough": "staten_island", "direction": "TW", "total_row_ft": 51.3, "roadbed_ft": 30.0, "median_ft": 0.0, "left_sw_ft": 9.4, "right_sw_ft": 11.8}, "geometry": {"type": "LineString", "coordinates": [[-74.1164874897177, 40.63118801157374], [-74.11667074344102, 40.631170016641114]]}}, {"type": "Feature", "properties": {"segment_id": 487262, "physicalid": "35044", "street_name": "BROADWAY", "borough": "staten_island", "direction": "TW", "total_row_ft": 51.8, "roadbed_ft": 29.9, "median_ft": 0.0, "left_sw_ft": 9.8, "right_sw_ft": 12.0}, "geometry": {"type": "LineString", "coordinates": [[-74.11647710737793, 40.63113368120761], [-74.11666202721088, 40.631115522669035]]}}, {"type": "Feature", "properties": {"segment_id": 487263, "physicalid": "35044", "street_name": "BROADWAY", "borough": "staten_island", "direction": "TW", "total_row_ft": 52.0, "roadbed_ft": 29.8, "median_ft": 0.0, "left_sw_ft": 10.0, "right_sw_ft": 12.1}, "geometry": {"type": "LineString", "coordinates": [[-74.11646744198936, 40.63107928044017], [-74.1166531291446, 40.63106104655324]]}}, {"type": "Feature", "properties": {"segment_id": 487264, "physicalid": "35044", "street_name": "BROADWAY", "borough": "staten_island", "direction": "TW", "total_row_ft": 50.2, "roadbed_ft": 29.9, "median_ft": 0.0, "left_sw_ft": 9.7, "right_sw_ft": 10.6}, "geometry": {"type": "LineString", "coordinates": [[-74.11645957335922, 40.63102470323869], [-74.1166391181728, 40.631007072513064]]}}, {"type": "Feature", "properties": {"segment_id": 487265, "physicalid": "35044", "street_name": "BROADWAY", "borough": "staten_island", "direction": "TW", "total_row_ft": 50.6, "roadbed_ft": 30.0, "median_ft": 0.0, "left_sw_ft": 9.4, "right_sw_ft": 11.2}, "geometry": {"type": "LineString", "coordinates": [[-74.11645170460066, 40.63097012605022], [-74.11663261443267, 40.630952361281025]]}}, {"type": "Feature", "properties": {"segment_id": 487266, "physicalid": "35044", "street_name": "BROADWAY", "borough": "staten_island", "direction": "TW", "total_row_ft": 51.0, "roadbed_ft": 30.3, "median_ft": 0.0, "left_sw_ft": 8.9, "right_sw_ft": 11.8}, "geometry": {"type": "LineString", "coordinates": [[-74.11644383585264, 40.63091554886114], [-74.1166261106785, 40.6308976500507]]}}, {"type": "Feature", "properties": {"segment_id": 487267, "physicalid": "35044", "street_name": "BROADWAY", "borough": "staten_island", "direction": "TW", "total_row_ft": 50.7, "roadbed_ft": 30.6, "median_ft": 0.0, "left_sw_ft": 8.3, "right_sw_ft": 11.8}, "geometry": {"type": "LineString", "coordinates": [[-74.11643596711748, 40.63086097167119], [-74.11661718304211, 40.6308431768403]]}}, {"type": "Feature", "properties": {"segment_id": 487268, "physicalid": "35044", "street_name": "BROADWAY", "borough": "staten_island", "direction": "TW", "total_row_ft": 86.1, "roadbed_ft": 38.5, "median_ft": 0.0, "left_sw_ft": 42.7, "right_sw_ft": 4.9}, "geometry": {"type": "LineString", "coordinates": [[-74.11629775280555, 40.63081919382418], [-74.11660544132805, 40.6307889799661]]}}, {"type": "Feature", "properties": {"segment_id": 487269, "physicalid": "35045", "street_name": "BROADWAY", "borough": "staten_island", "direction": "TW", "total_row_ft": 120.0, "roadbed_ft": 60.6, "median_ft": 0.0, "left_sw_ft": 18.5, "right_sw_ft": 40.9}, "geometry": {"type": "LineString", "coordinates": [[-74.11628360759762, 40.63073632305005], [-74.11671225638652, 40.63069346111048]]}}, {"type": "Feature", "properties": {"segment_id": 487270, "physicalid": "35045", "street_name": "BROADWAY", "borough": "staten_island", "direction": "TW", "total_row_ft": 48.6, "roadbed_ft": 31.2, "median_ft": 0.0, "left_sw_ft": 10.6, "right_sw_ft": 6.8}, "geometry": {"type": "LineString", "coordinates": [[-74.1163961207253, 40.63066970610826], [-74.1165698593941, 40.63065233344162]]}}, {"type": "Feature", "properties": {"segment_id": 487271, "physicalid": "35045", "street_name": "BROADWAY", "borough": "staten_island", "direction": "TW", "total_row_ft": 48.4, "roadbed_ft": 31.2, "median_ft": 0.0, "left_sw_ft": 10.4, "right_sw_ft": 6.8}, "geometry": {"type": "LineString", "coordinates": [[-74.11638715477294, 40.63061523607407], [-74.11656009744863, 40.63059794300131]]}}, {"type": "Feature", "properties": {"segment_id": 487272, "physicalid": "35045", "street_name": "BROADWAY", "borough": "staten_island", "direction": "TW", "total_row_ft": 48.2, "roadbed_ft": 31.2, "median_ft": 0.0, "left_sw_ft": 10.2, "right_sw_ft": 6.8}, "geometry": {"type": "LineString", "coordinates": [[-74.11637818906934, 40.630560766015414], [-74.11655033568827, 40.63054355254296]]}}, {"type": "Feature", "properties": {"segment_id": 487273, "physicalid": "35045", "street_name": "BROADWAY", "borough": "staten_island", "direction": "TW", "total_row_ft": 48.0, "roadbed_ft": 31.2, "median_ft": 0.0, "left_sw_ft": 10.0, "right_sw_ft": 6.7}, "geometry": {"type": "LineString", "coordinates": [[-74.11636922366992, 40.63050629592681], [-74.11654057417734, 40.63048916206012]]}}, {"type": "Feature", "properties": {"segment_id": 487274, "physicalid": "35045", "street_name": "BROADWAY", "borough": "staten_island", "direction": "TW", "total_row_ft": 47.7, "roadbed_ft": 31.2, "median_ft": 0.0, "left_sw_ft": 9.8, "right_sw_ft": 6.7}, "geometry": {"type": "LineString", "coordinates": [[-74.11636025826185, 40.63045182583951], [-74.11653081257795, 40.63043477158658]]}}, {"type": "Feature", "properties": {"segment_id": 487275, "physicalid": "35045", "street_name": "BROADWAY", "borough": "staten_island", "direction": "TW", "total_row_ft": 47.5, "roadbed_ft": 31.2, "median_ft": 0.0, "left_sw_ft": 9.7, "right_sw_ft": 6.7}, "geometry": {"type": "LineString", "coordinates": [[-74.11635129274863, 40.63039735576315], [-74.11652105082531, 40.63038038112881]]}}, {"type": "Feature", "properties": {"segment_id": 487276, "physicalid": "35045", "street_name": "BROADWAY", "borough": "staten_island", "direction": "TW", "total_row_ft": 47.3, "roadbed_ft": 31.2, "median_ft": 0.0, "left_sw_ft": 9.5, "right_sw_ft": 6.6}, "geometry": {"type": "LineString", "coordinates": [[-74.11634227498787, 40.63034289091162], [-74.11651118241765, 40.63032600133632]]}}, {"type": "Feature", "properties": {"segment_id": 487277, "physicalid": "35045", "street_name": "BROADWAY", "borough": "staten_island", "direction": "TW", "total_row_ft": 46.9, "roadbed_ft": 31.2, "median_ft": 0.0, "left_sw_ft": 9.4, "right_sw_ft": 6.3}, "geometry": {"type": "LineString", "coordinates": [[-74.1163329254626, 40.63028845923443], [-74.1165004271337, 40.63027171022643]]}}, {"type": "Feature", "properties": {"segment_id": 487278, "physicalid": "35045", "street_name": "BROADWAY", "borough": "staten_island", "direction": "TW", "total_row_ft": 46.5, "roadbed_ft": 31.2, "median_ft": 0.0, "left_sw_ft": 9.4, "right_sw_ft": 5.9}, "geometry": {"type": "LineString", "coordinates": [[-74.1163235756536, 40.63023402758605], [-74.11648967129483, 40.63021741917247]]}}, {"type": "Feature", "properties": {"segment_id": 487279, "physicalid": "35045", "street_name": "BROADWAY", "borough": "staten_island", "direction": "TW", "total_row_ft": 46.1, "roadbed_ft": 31.2, "median_ft": 0.0, "left_sw_ft": 9.4, "right_sw_ft": 5.5}, "geometry": {"type": "LineString", "coordinates": [[-74.116314226267, 40.63017959589591], [-74.11647891547345, 40.630163128117154]]}}, {"type": "Feature", "properties": {"segment_id": 487280, "physicalid": "35045", "street_name": "BROADWAY", "borough": "staten_island", "direction": "TW", "total_row_ft": 45.7, "roadbed_ft": 31.2, "median_ft": 0.0, "left_sw_ft": 9.4, "right_sw_ft": 5.1}, "geometry": {"type": "LineString", "coordinates": [[-74.11630487710218, 40.63012516418402], [-74.11646815995552, 40.63010883703197]]}}, {"type": "Feature", "properties": {"segment_id": 487281, "physicalid": "35045", "street_name": "BROADWAY", "borough": "staten_island", "direction": "TW", "total_row_ft": 45.3, "roadbed_ft": 31.2, "median_ft": 0.0, "left_sw_ft": 9.4, "right_sw_ft": 4.7}, "geometry": {"type": "LineString", "coordinates": [[-74.11629548760186, 40.63007073650581], [-74.11645740478029, 40.630054545912934]]}}, {"type": "Feature", "properties": {"segment_id": 487282, "physicalid": "35045", "street_name": "BROADWAY", "borough": "staten_island", "direction": "TW", "total_row_ft": 46.6, "roadbed_ft": 31.2, "median_ft": 0.0, "left_sw_ft": 9.6, "right_sw_ft": 5.8}, "geometry": {"type": "LineString", "coordinates": [[-74.11628555938678, 40.6300163626954], [-74.1164518790517, 40.62999973188213]]}}, {"type": "Feature", "properties": {"segment_id": 487531, "physicalid": "35072", "street_name": "DOE PL", "borough": "staten_island", "direction": "TW", "total_row_ft": 135.0, "roadbed_ft": 73.6, "median_ft": 0.0, "left_sw_ft": 15.0, "right_sw_ft": 46.4}, "geometry": {"type": "LineString", "coordinates": [[-74.11490934443441, 40.636522029630726], [-74.11497164655093, 40.63684796659142]]}}, {"type": "Feature", "properties": {"segment_id": 487532, "physicalid": "35072", "street_name": "DOE PL", "borough": "staten_island", "direction": "TW", "total_row_ft": 33.1, "roadbed_ft": 20.7, "median_ft": 0.0, "left_sw_ft": 6.8, "right_sw_ft": 5.6}, "geometry": {"type": "LineString", "coordinates": [[-74.11500301662657, 40.6366311166073], [-74.1150201873591, 40.63672094574287]]}}, {"type": "Feature", "properties": {"segment_id": 487533, "physicalid": "35072", "street_name": "DOE PL", "borough": "staten_island", "direction": "TW", "total_row_ft": 33.0, "roadbed_ft": 20.7, "median_ft": 0.0, "left_sw_ft": 7.1, "right_sw_ft": 5.3}, "geometry": {"type": "LineString", "coordinates": [[-74.11507423673443, 40.63662274394304], [-74.11509139562278, 40.63671251061506]]}}, {"type": "Feature", "properties": {"segment_id": 487534, "physicalid": "35072", "street_name": "DOE PL", "borough": "staten_island", "direction": "TW", "total_row_ft": 33.0, "roadbed_ft": 20.7, "median_ft": 0.0, "left_sw_ft": 7.4, "right_sw_ft": 4.9}, "geometry": {"type": "LineString", "coordinates": [[-74.11514545682914, 40.636614371259306], [-74.11516260386846, 40.63670407544317]]}}, {"type": "Feature", "properties": {"segment_id": 487535, "physicalid": "35072", "street_name": "DOE PL", "borough": "staten_island", "direction": "TW", "total_row_ft": 33.0, "roadbed_ft": 20.7, "median_ft": 0.0, "left_sw_ft": 7.7, "right_sw_ft": 4.6}, "geometry": {"type": "LineString", "coordinates": [[-74.11521667700411, 40.63660599904499], [-74.11523381207117, 40.63669564009652]]}}, {"type": "Feature", "properties": {"segment_id": 487536, "physicalid": "35072", "street_name": "DOE PL", "borough": "staten_island", "direction": "TW", "total_row_ft": 33.0, "roadbed_ft": 20.7, "median_ft": 0.0, "left_sw_ft": 8.1, "right_sw_ft": 4.3}, "geometry": {"type": "LineString", "coordinates": [[-74.11528788778364, 40.63659757772838], [-74.11530504574212, 40.63668733803463]]}}, {"type": "Feature", "properties": {"segment_id": 487537, "physicalid": "35072", "street_name": "DOE PL", "borough": "staten_island", "direction": "TW", "total_row_ft": 33.2, "roadbed_ft": 20.7, "median_ft": 0.0, "left_sw_ft": 8.4, "right_sw_ft": 4.1}, "geometry": {"type": "LineString", "coordinates": [[-74.11535906928172, 40.63658900327916], [-74.11537629406938, 40.636679112693834]]}}, {"type": "Feature", "properties": {"segment_id": 487538, "physicalid": "35072", "street_name": "DOE PL", "borough": "staten_island", "direction": "TW", "total_row_ft": 33.3, "roadbed_ft": 20.7, "median_ft": 0.0, "left_sw_ft": 8.5, "right_sw_ft": 4.1}, "geometry": {"type": "LineString", "coordinates": [[-74.1154302507615, 40.63658042878586], [-74.11544754239766, 40.63667088740618]]}}, {"type": "Feature", "properties": {"segment_id": 487539, "physicalid": "35072", "street_name": "DOE PL", "borough": "staten_island", "direction": "TW", "total_row_ft": 33.4, "roadbed_ft": 20.7, "median_ft": 0.0, "left_sw_ft": 8.6, "right_sw_ft": 4.2}, "geometry": {"type": "LineString", "coordinates": [[-74.115501432223, 40.6365718542485], [-74.11551879071108, 40.636662662088575]]}}, {"type": "Feature", "properties": {"segment_id": 487540, "physicalid": "35072", "street_name": "DOE PL", "borough": "staten_island", "direction": "TW", "total_row_ft": 33.6, "roadbed_ft": 20.7, "median_ft": 0.0, "left_sw_ft": 8.6, "right_sw_ft": 4.3}, "geometry": {"type": "LineString", "coordinates": [[-74.11557261363403, 40.6365632794987], [-74.11559003900695, 40.63665443672683]]}}, {"type": "Feature", "properties": {"segment_id": 487563, "physicalid": "35073", "street_name": "TOMPKINS CT", "borough": "staten_island", "direction": "TW", "total_row_ft": 42.4, "roadbed_ft": 12.4, "median_ft": 0.0, "left_sw_ft": 15.0, "right_sw_ft": 15.0}, "geometry": {"type": "LineString", "coordinates": [[-74.120055433385, 40.63954789255217], [-74.1199195240606, 40.63923521269222]]}}, {"type": "Feature", "properties": {"segment_id": 487564, "physicalid": "35073", "street_name": "TOMPKINS CT", "borough": "staten_island", "direction": "TW", "total_row_ft": 42.4, "roadbed_ft": 12.4, "median_ft": 0.0, "left_sw_ft": 15.0, "right_sw_ft": 15.0}, "geometry": {"type": "LineString", "coordinates": [[-74.11998702226806, 40.6395651478117], [-74.1198511132291, 40.63925246787151]]}}, {"type": "Feature", "properties": {"segment_id": 487565, "physicalid": "35073", "street_name": "TOMPKINS CT", "borough": "staten_island", "direction": "TW", "total_row_ft": 42.3, "roadbed_ft": 12.3, "median_ft": 0.0, "left_sw_ft": 15.0, "right_sw_ft": 15.0}, "geometry": {"type": "LineString", "coordinates": [[-74.11991860763432, 40.639582403253485], [-74.11978270533037, 40.63926972160629]]}}, {"type": "Feature", "properties": {"segment_id": 487566, "physicalid": "35073", "street_name": "TOMPKINS CT", "borough": "staten_island", "direction": "TW", "total_row_ft": 42.5, "roadbed_ft": 12.5, "median_ft": 0.0, "left_sw_ft": 15.0, "right_sw_ft": 15.0}, "geometry": {"type": "LineString", "coordinates": [[-74.11985019609072, 40.63959965761272], [-74.11971429407217, 40.63928697588528]]}}, {"type": "Feature", "properties": {"segment_id": 487567, "physicalid": "35073", "street_name": "TOMPKINS CT", "borough": "staten_island", "direction": "TW", "total_row_ft": 43.0, "roadbed_ft": 13.0, "median_ft": 0.0, "left_sw_ft": 15.0, "right_sw_ft": 15.0}, "geometry": {"type": "LineString", "coordinates": [[-74.11978178451173, 40.639616911931206], [-74.1196458827786, 40.63930423012353]]}}, {"type": "Feature", "properties": {"segment_id": 487568, "physicalid": "35073", "street_name": "TOMPKINS CT", "borough": "staten_island", "direction": "TW", "total_row_ft": 43.5, "roadbed_ft": 13.5, "median_ft": 0.0, "left_sw_ft": 15.0, "right_sw_ft": 15.0}, "geometry": {"type": "LineString", "coordinates": [[-74.11971337289735, 40.639634166209], [-74.11957747144967, 40.639321484321016]]}}, {"type": "Feature", "properties": {"segment_id": 487569, "physicalid": "35073", "street_name": "TOMPKINS CT", "borough": "staten_island", "direction": "TW", "total_row_ft": 44.0, "roadbed_ft": 14.0, "median_ft": 0.0, "left_sw_ft": 15.0, "right_sw_ft": 15.0}, "geometry": {"type": "LineString", "coordinates": [[-74.11964496124762, 40.63965142044602], [-74.11950906008533, 40.63933873847781]]}}, {"type": "Feature", "properties": {"segment_id": 487570, "physicalid": "35074", "street_name": "WAYNE ST", "borough": "staten_island", "direction": "TW", "total_row_ft": 115.4, "roadbed_ft": 89.6, "median_ft": 0.0, "left_sw_ft": 15.0, "right_sw_ft": 10.8}, "geometry": {"type": "LineString", "coordinates": [[-74.11995745396554, 40.63741921312073], [-74.11999214420125, 40.63769339701005]]}}, {"type": "Feature", "properties": {"segment_id": 620992, "physicalid": "44649", "street_name": "WAYNE ST", "borough": "staten_island", "direction": "TW", "total_row_ft": 54.0, "roadbed_ft": 32.8, "median_ft": 0.0, "left_sw_ft": 10.0, "right_sw_ft": 11.2}, "geometry": {"type": "LineString", "coordinates": [[-74.11712781478228, 40.63804707532098], [-74.11715654334623, 40.63819370526921]]}}, {"type": "Feature", "properties": {"segment_id": 620993, "physicalid": "44649", "street_name": "WAYNE ST", "borough": "staten_island", "direction": "TW", "total_row_ft": 54.1, "roadbed_ft": 32.8, "median_ft": 0.0, "left_sw_ft": 10.1, "right_sw_ft": 11.3}, "geometry": {"type": "LineString", "coordinates": [[-74.11719902211664, 40.63803863865648], [-74.11722780831529, 40.63818556197099]]}}, {"type": "Feature", "properties": {"segment_id": 620994, "physicalid": "44649", "street_name": "WAYNE ST", "borough": "staten_island", "direction": "TW", "total_row_ft": 54.2, "roadbed_ft": 32.8, "median_ft": 0.0, "left_sw_ft": 10.1, "right_sw_ft": 11.3}, "geometry": {"type": "LineString", "coordinates": [[-74.11727022943298, 40.63803020194788], [-74.11729904477394, 40.63817727320282]]}}, {"type": "Feature", "properties": {"segment_id": 620995, "physicalid": "44649", "street_name": "WAYNE ST", "borough": "staten_island", "direction": "TW", "total_row_ft": 54.2, "roadbed_ft": 32.8, "median_ft": 0.0, "left_sw_ft": 10.1, "right_sw_ft": 11.4}, "geometry": {"type": "LineString", "coordinates": [[-74.11734143673132, 40.638021765195184], [-74.11737028121489, 40.638168984390504]]}}, {"type": "Feature", "properties": {"segment_id": 620996, "physicalid": "44649", "street_name": "WAYNE ST", "borough": "staten_island", "direction": "TW", "total_row_ft": 54.3, "roadbed_ft": 32.8, "median_ft": 0.0, "left_sw_ft": 10.1, "right_sw_ft": 11.4}, "geometry": {"type": "LineString", "coordinates": [[-74.11741264401164, 40.63801332839837], [-74.11744151763816, 40.638160695534054]]}}, {"type": "Feature", "properties": {"segment_id": 620997, "physicalid": "44649", "street_name": "WAYNE ST", "borough": "staten_island", "direction": "TW", "total_row_ft": 54.3, "roadbed_ft": 33.0, "median_ft": 0.0, "left_sw_ft": 10.1, "right_sw_ft": 11.2}, "geometry": {"type": "LineString", "coordinates": [[-74.11748385127397, 40.638004891557436], [-74.1175127540437, 40.638152406633466]]}}, {"type": "Feature", "properties": {"segment_id": 620998, "physicalid": "44649", "street_name": "WAYNE ST", "borough": "staten_island", "direction": "TW", "total_row_ft": 135.0, "roadbed_ft": 100.5, "median_ft": 0.0, "left_sw_ft": 19.5, "right_sw_ft": 15.0}, "geometry": {"type": "LineString", "coordinates": [[-74.11753802303306, 40.63790950846588], [-74.11760185096634, 40.63823527415087]]}}, {"type": "Feature", "properties": {"segment_id": 620999, "physicalid": "44650", "street_name": "WAYNE ST", "borough": "staten_island", "direction": "TW", "total_row_ft": 101.7, "roadbed_ft": 76.6, "median_ft": 0.0, "left_sw_ft": 15.0, "right_sw_ft": 10.1}, "geometry": {"type": "LineString", "coordinates": [[-74.11643589003312, 40.638033566896425], [-74.11648121657286, 40.63826909578648]]}}, {"type": "Feature", "properties": {"segment_id": 621000, "physicalid": "44650", "street_name": "WAYNE ST", "borough": "staten_island", "direction": "TW", "total_row_ft": 53.4, "roadbed_ft": 32.8, "median_ft": 0.0, "left_sw_ft": 11.0, "right_sw_ft": 9.7}, "geometry": {"type": "LineString", "coordinates": [[-74.11652463103667, 40.638116232366315], [-74.11655254397189, 40.638261274478964]]}}, {"type": "Feature", "properties": {"segment_id": 621001, "physicalid": "44650", "street_name": "WAYNE ST", "borough": "staten_island", "direction": "TW", "total_row_ft": 53.3, "roadbed_ft": 32.8, "median_ft": 0.0, "left_sw_ft": 10.8, "right_sw_ft": 9.8}, "geometry": {"type": "LineString", "coordinates": [[-74.11659602959666, 40.63810878167487], [-74.1166238714516, 40.63825345363321]]}}, {"type": "Feature", "properties": {"segment_id": 621002, "physicalid": "44650", "street_name": "WAYNE ST", "borough": "staten_island", "direction": "TW", "total_row_ft": 53.1, "roadbed_ft": 32.8, "median_ft": 0.0, "left_sw_ft": 10.3, "right_sw_ft": 10.0}, "geometry": {"type": "LineString", "coordinates": [[-74.11666742806439, 40.63810133054253], [-74.11669519891457, 40.63824563274322]]}}, {"type": "Feature", "properties": {"segment_id": 621003, "physicalid": "44650", "street_name": "WAYNE ST", "borough": "staten_island", "direction": "TW", "total_row_ft": 53.0, "roadbed_ft": 32.8, "median_ft": 0.0, "left_sw_ft": 9.9, "right_sw_ft": 10.3}, "geometry": {"type": "LineString", "coordinates": [[-74.11673882674557, 40.63809388055786], [-74.1167665234643, 40.63823779675826]]}}, {"type": "Feature", "properties": {"segment_id": 621004, "physicalid": "44650", "street_name": "WAYNE ST", "borough": "staten_island", "direction": "TW", "total_row_ft": 52.9, "roadbed_ft": 32.8, "median_ft": 0.0, "left_sw_ft": 9.6, "right_sw_ft": 10.5}, "geometry": {"type": "LineString", "coordinates": [[-74.11681017910672, 40.638086189926774], [-74.11683780515618, 40.63822973812214]]}}, {"type": "Feature", "properties": {"segment_id": 621005, "physicalid": "44650", "street_name": "WAYNE ST", "borough": "staten_island", "direction": "TW", "total_row_ft": 53.1, "roadbed_ft": 32.8, "median_ft": 0.0, "left_sw_ft": 9.7, "right_sw_ft": 10.7}, "geometry": {"type": "LineString", "coordinates": [[-74.11688132368192, 40.6380774196605], [-74.11690908683086, 40.63822167944187]]}}, {"type": "Feature", "properties": {"segment_id": 621006, "physicalid": "44650", "street_name": "WAYNE ST", "borough": "staten_island", "direction": "TW", "total_row_ft": 53.4, "roadbed_ft": 32.8, "median_ft": 0.0, "left_sw_ft": 9.7, "right_sw_ft": 10.9}, "geometry": {"type": "LineString", "coordinates": [[-74.1169524681932, 40.63806864911505], [-74.11698036862848, 40.63821362144573]]}}, {"type": "Feature", "properties": {"segment_id": 621007, "physicalid": "44651", "street_name": "WAYNE ST", "borough": "staten_island", "direction": "TW", "total_row_ft": 51.9, "roadbed_ft": 33.2, "median_ft": 0.0, "left_sw_ft": 9.1, "right_sw_ft": 9.5}, "geometry": {"type": "LineString", "coordinates": [[-74.11592200477592, 40.638187666098624], [-74.11595027918712, 40.63832841523769]]}}, {"type": "Feature", "properties": {"segment_id": 621008, "physicalid": "44651", "street_name": "WAYNE ST", "borough": "staten_island", "direction": "TW", "total_row_ft": 52.1, "roadbed_ft": 33.6, "median_ft": 0.0, "left_sw_ft": 9.2, "right_sw_ft": 9.3}, "geometry": {"type": "LineString", "coordinates": [[-74.11599311697509, 40.638178760856086], [-74.11602154052376, 40.63832025164615]]}}, {"type": "Feature", "properties": {"segment_id": 621009, "physicalid": "44651", "street_name": "WAYNE ST", "borough": "staten_island", "direction": "TW", "total_row_ft": 52.4, "roadbed_ft": 34.0, "median_ft": 0.0, "left_sw_ft": 9.4, "right_sw_ft": 9.1}, "geometry": {"type": "LineString", "coordinates": [[-74.11606422915528, 40.63816985556957], [-74.116092801843, 40.63831208801042]]}}, {"type": "Feature", "properties": {"segment_id": 621010, "physicalid": "44651", "street_name": "WAYNE ST", "borough": "staten_island", "direction": "TW", "total_row_ft": 52.8, "roadbed_ft": 34.0, "median_ft": 0.0, "left_sw_ft": 9.5, "right_sw_ft": 9.3}, "geometry": {"type": "LineString", "coordinates": [[-74.1161353413165, 40.638160950239055], [-74.11616411129964, 40.63830416403966]]}}, {"type": "Feature", "properties": {"segment_id": 621011, "physicalid": "44651", "street_name": "WAYNE ST", "borough": "staten_island", "direction": "TW", "total_row_ft": 53.2, "roadbed_ft": 33.6, "median_ft": 0.0, "left_sw_ft": 9.6, "right_sw_ft": 10.0}, "geometry": {"type": "LineString", "coordinates": [[-74.11620645345873, 40.638152044864555], [-74.11623542588237, 40.63829626562574]]}}, {"type": "Feature", "properties": {"segment_id": 621012, "physicalid": "44651", "street_name": "WAYNE ST", "borough": "staten_island", "direction": "TW", "total_row_ft": 53.5, "roadbed_ft": 33.7, "median_ft": 0.0, "left_sw_ft": 9.7, "right_sw_ft": 10.2}, "geometry": {"type": "LineString", "coordinates": [[-74.116277565582, 40.638143139446065], [-74.1163067404482, 40.6382883671676]]}}, {"type": "Feature", "properties": {"segment_id": 621013, "physicalid": "44652", "street_name": "WAYNE ST", "borough": "staten_island", "direction": "TW", "total_row_ft": 135.0, "roadbed_ft": 96.6, "median_ft": 0.0, "left_sw_ft": 23.4, "right_sw_ft": 15.0}, "geometry": {"type": "LineString", "coordinates": [[-74.11521108384308, 40.63817858396288], [-74.11527863029504, 40.638503914260525]]}}, {"type": "Feature", "properties": {"segment_id": 621014, "physicalid": "44652", "street_name": "WAYNE ST", "borough": "staten_island", "direction": "TW", "total_row_ft": 51.3, "roadbed_ft": 32.8, "median_ft": 0.0, "left_sw_ft": 9.0, "right_sw_ft": 9.5}, "geometry": {"type": "LineString", "coordinates": [[-74.11530122294806, 40.638261334788126], [-74.11533011668755, 40.6384004977021]]}}, {"type": "Feature", "properties": {"segment_id": 621015, "physicalid": "44652", "street_name": "WAYNE ST", "borough": "staten_island", "direction": "TW", "total_row_ft": 51.2, "roadbed_ft": 32.8, "median_ft": 0.0, "left_sw_ft": 8.6, "right_sw_ft": 9.9}, "geometry": {"type": "LineString", "coordinates": [[-74.11537254946067, 40.63825347647702], [-74.11540138993193, 40.638392382115654]]}}, {"type": "Feature", "properties": {"segment_id": 621016, "physicalid": "44652", "street_name": "WAYNE ST", "borough": "staten_island", "direction": "TW", "total_row_ft": 51.1, "roadbed_ft": 32.8, "median_ft": 0.0, "left_sw_ft": 8.4, "right_sw_ft": 10.0}, "geometry": {"type": "LineString", "coordinates": [[-74.1154438759887, 40.63824561827689], [-74.11547266311494, 40.638384266272894]]}}, {"type": "Feature", "properties": {"segment_id": 621017, "physicalid": "44652", "street_name": "WAYNE ST", "borough": "staten_island", "direction": "TW", "total_row_ft": 51.0, "roadbed_ft": 32.8, "median_ft": 0.0, "left_sw_ft": 8.2, "right_sw_ft": 10.0}, "geometry": {"type": "LineString", "coordinates": [[-74.11551520250289, 40.638237760046685], [-74.11554388235635, 40.63837589067134]]}}, {"type": "Feature", "properties": {"segment_id": 621018, "physicalid": "44652", "street_name": "WAYNE ST", "borough": "staten_island", "direction": "TW", "total_row_ft": 50.9, "roadbed_ft": 32.8, "median_ft": 0.0, "left_sw_ft": 8.3, "right_sw_ft": 9.9}, "geometry": {"type": "LineString", "coordinates": [[-74.11558642174538, 40.63822938520266], [-74.11561508905747, 40.63836745471446]]}}, {"type": "Feature", "properties": {"segment_id": 621019, "physicalid": "44652", "street_name": "WAYNE ST", "borough": "staten_island", "direction": "TW", "total_row_ft": 51.1, "roadbed_ft": 32.8, "median_ft": 0.0, "left_sw_ft": 8.5, "right_sw_ft": 9.8}, "geometry": {"type": "LineString", "coordinates": [[-74.11565755130755, 40.63822057847729], [-74.11568629574059, 40.638359018713466]]}}, {"type": "Feature", "properties": {"segment_id": 621020, "physicalid": "44652", "street_name": "WAYNE ST", "borough": "staten_island", "direction": "TW", "total_row_ft": 51.2, "roadbed_ft": 32.8, "median_ft": 0.0, "left_sw_ft": 8.7, "right_sw_ft": 9.8}, "geometry": {"type": "LineString", "coordinates": [[-74.11572868085095, 40.638211771707915], [-74.1157575024057, 40.63835058266838]]}}, {"type": "Feature", "properties": {"segment_id": 621021, "physicalid": "44652", "street_name": "WAYNE ST", "borough": "staten_island", "direction": "TW", "total_row_ft": 51.4, "roadbed_ft": 32.8, "median_ft": 0.0, "left_sw_ft": 8.9, "right_sw_ft": 9.8}, "geometry": {"type": "LineString", "coordinates": [[-74.11579981037556, 40.638202964894546], [-74.11582874882097, 40.63834233811009]]}}, {"type": "Feature", "properties": {"segment_id": 740745, "physicalid": "52104", "street_name": "CASTLETON AVE", "borough": "staten_island", "direction": "TW", "total_row_ft": 48.1, "roadbed_ft": 34.5, "median_ft": 0.0, "left_sw_ft": 6.4, "right_sw_ft": 7.2}, "geometry": {"type": "LineString", "coordinates": [[-74.11003057566755, 40.634670083919616], [-74.11002877569251, 40.63480201024658]]}}, {"type": "Feature", "properties": {"segment_id": 740746, "physicalid": "52104", "street_name": "CASTLETON AVE", "borough": "staten_island", "direction": "TW", "total_row_ft": 47.6, "roadbed_ft": 35.2, "median_ft": 0.0, "left_sw_ft": 5.3, "right_sw_ft": 7.1}, "geometry": {"type": "LineString", "coordinates": [[-74.11010261061662, 40.63467209020665], [-74.11010082714743, 40.63480281710513]]}}, {"type": "Feature", "properties": {"segment_id": 740747, "physicalid": "52105", "street_name": "CASTLETON AVE", "borough": "staten_island", "direction": "TW", "total_row_ft": 100.0, "roadbed_ft": 77.5, "median_ft": 0.0, "left_sw_ft": 7.5, "right_sw_ft": 15.0}, "geometry": {"type": "LineString", "coordinates": [[-74.1102757347977, 40.6346667783605], [-74.11027393731197, 40.634900145749654]]}}, {"type": "Feature", "properties": {"segment_id": 740748, "physicalid": "52105", "street_name": "CASTLETON AVE", "borough": "staten_island", "direction": "TW", "total_row_ft": 49.8, "roadbed_ft": 33.8, "median_ft": 0.0, "left_sw_ft": 7.4, "right_sw_ft": 8.6}, "geometry": {"type": "LineString", "coordinates": [[-74.11034779089813, 40.634667241200276], [-74.11034673834668, 40.634803913205616]]}}, {"type": "Feature", "properties": {"segment_id": 740749, "physicalid": "52105", "street_name": "CASTLETON AVE", "borough": "staten_island", "direction": "TW", "total_row_ft": 50.5, "roadbed_ft": 34.0, "median_ft": 0.0, "left_sw_ft": 7.9, "right_sw_ft": 8.6}, "geometry": {"type": "LineString", "coordinates": [[-74.11041985814465, 40.63466625661671], [-74.11041879100209, 40.634804842685305]]}}, {"type": "Feature", "properties": {"segment_id": 740750, "physicalid": "52105", "street_name": "CASTLETON AVE", "borough": "staten_island", "direction": "TW", "total_row_ft": 50.2, "roadbed_ft": 34.2, "median_ft": 0.0, "left_sw_ft": 7.4, "right_sw_ft": 8.7}, "geometry": {"type": "LineString", "coordinates": [[-74.11049190510833, 40.63466790614986], [-74.1104908436595, 40.634805772119854]]}}, {"type": "Feature", "properties": {"segment_id": 740751, "physicalid": "52105", "street_name": "CASTLETON AVE", "borough": "staten_island", "direction": "TW", "total_row_ft": 50.0, "roadbed_ft": 34.4, "median_ft": 0.0, "left_sw_ft": 6.9, "right_sw_ft": 8.7}, "geometry": {"type": "LineString", "coordinates": [[-74.11056395207864, 40.63466955523918], [-74.11056289631894, 40.634806701509234]]}}, {"type": "Feature", "properties": {"segment_id": 740752, "physicalid": "52105", "street_name": "CASTLETON AVE", "borough": "staten_island", "direction": "TW", "total_row_ft": 49.7, "roadbed_ft": 34.6, "median_ft": 0.0, "left_sw_ft": 6.4, "right_sw_ft": 8.7}, "geometry": {"type": "LineString", "coordinates": [[-74.11063599905086, 40.63467120449666], [-74.11063494898038, 40.63480763085349]]}}, {"type": "Feature", "properties": {"segment_id": 740753, "physicalid": "52105", "street_name": "CASTLETON AVE", "borough": "staten_island", "direction": "TW", "total_row_ft": 49.3, "roadbed_ft": 34.7, "median_ft": 0.0, "left_sw_ft": 5.9, "right_sw_ft": 8.7}, "geometry": {"type": "LineString", "coordinates": [[-74.11070804602664, 40.63467285370901], [-74.11070700518476, 40.63480810004364]]}}, {"type": "Feature", "properties": {"segment_id": 740754, "physicalid": "52105", "street_name": "CASTLETON AVE", "borough": "staten_island", "direction": "TW", "total_row_ft": 48.7, "roadbed_ft": 34.6, "median_ft": 0.0, "left_sw_ft": 5.4, "right_sw_ft": 8.7}, "geometry": {"type": "LineString", "coordinates": [[-74.11078009300599, 40.634674502876216], [-74.11077906400146, 40.63480822983371]]}}, {"type": "Feature", "properties": {"segment_id": 740755, "physicalid": "52105", "street_name": "CASTLETON AVE", "borough": "staten_island", "direction": "TW", "total_row_ft": 48.5, "roadbed_ft": 34.6, "median_ft": 0.0, "left_sw_ft": 5.2, "right_sw_ft": 8.7}, "geometry": {"type": "LineString", "coordinates": [[-74.11085214721538, 40.63467521272861], [-74.11085112281881, 40.63480835953035]]}}, {"type": "Feature", "properties": {"segment_id": 740756, "physicalid": "52105", "street_name": "CASTLETON AVE", "borough": "staten_island", "direction": "TW", "total_row_ft": 48.4, "roadbed_ft": 34.4, "median_ft": 0.0, "left_sw_ft": 5.2, "right_sw_ft": 8.7}, "geometry": {"type": "LineString", "coordinates": [[-74.11092420288759, 40.634675732574436], [-74.11092318163644, 40.63480848918184]]}}, {"type": "Feature", "properties": {"segment_id": 740757, "physicalid": "52105", "street_name": "CASTLETON AVE", "borough": "staten_island", "direction": "TW", "total_row_ft": 48.2, "roadbed_ft": 34.3, "median_ft": 0.0, "left_sw_ft": 5.2, "right_sw_ft": 8.7}, "geometry": {"type": "LineString", "coordinates": [[-74.11099625856095, 40.634676252375115], [-74.11099524045434, 40.634808618788206]]}}, {"type": "Feature", "properties": {"segment_id": 740758, "physicalid": "52105", "street_name": "CASTLETON AVE", "borough": "staten_island", "direction": "TW", "total_row_ft": 66.9, "roadbed_ft": 34.3, "median_ft": 0.0, "left_sw_ft": 24.1, "right_sw_ft": 8.6}, "geometry": {"type": "LineString", "coordinates": [[-74.11106910216036, 40.63457431742787], [-74.11106729927252, 40.63480874834937]]}}, {"type": "Feature", "properties": {"segment_id": 740759, "physicalid": "52106", "street_name": "CASTLETON AVE", "borough": "staten_island", "direction": "TW", "total_row_ft": 122.4, "roadbed_ft": 78.2, "median_ft": 0.0, "left_sw_ft": 29.2, "right_sw_ft": 15.0}, "geometry": {"type": "LineString", "coordinates": [[-74.11123217575285, 40.63460983053496], [-74.1112286304743, 40.634904544768716]]}}, {"type": "Feature", "properties": {"segment_id": 740760, "physicalid": "52106", "street_name": "CASTLETON AVE", "borough": "staten_island", "direction": "TW", "total_row_ft": 50.8, "roadbed_ft": 34.0, "median_ft": 0.0, "left_sw_ft": 7.8, "right_sw_ft": 9.0}, "geometry": {"type": "LineString", "coordinates": [[-74.11130348760085, 40.63467214465101], [-74.11130181070408, 40.63481155540236]]}}, {"type": "Feature", "properties": {"segment_id": 740761, "physicalid": "52106", "street_name": "CASTLETON AVE", "borough": "staten_island", "direction": "TW", "total_row_ft": 50.7, "roadbed_ft": 34.0, "median_ft": 0.0, "left_sw_ft": 7.4, "right_sw_ft": 9.2}, "geometry": {"type": "LineString", "coordinates": [[-74.11137553552902, 40.63467326935428], [-74.11137386339276, 40.63481229681346]]}}, {"type": "Feature", "properties": {"segment_id": 740762, "physicalid": "52106", "street_name": "CASTLETON AVE", "borough": "staten_island", "direction": "TW", "total_row_ft": 50.6, "roadbed_ft": 34.1, "median_ft": 0.0, "left_sw_ft": 7.1, "right_sw_ft": 9.3}, "geometry": {"type": "LineString", "coordinates": [[-74.11144758345962, 40.634674394012386], [-74.11144591470848, 40.63481315247555]]}}, {"type": "Feature", "properties": {"segment_id": 740763, "physicalid": "52106", "street_name": "CASTLETON AVE", "borough": "staten_island", "direction": "TW", "total_row_ft": 50.5, "roadbed_ft": 34.3, "median_ft": 0.0, "left_sw_ft": 6.8, "right_sw_ft": 9.3}, "geometry": {"type": "LineString", "coordinates": [[-74.11151963139264, 40.634675518625265], [-74.11151796602603, 40.634814008092505]]}}, {"type": "Feature", "properties": {"segment_id": 740764, "physicalid": "52106", "street_name": "CASTLETON AVE", "borough": "staten_island", "direction": "TW", "total_row_ft": 50.4, "roadbed_ft": 34.5, "median_ft": 0.0, "left_sw_ft": 6.5, "right_sw_ft": 9.4}, "geometry": {"type": "LineString", "coordinates": [[-74.1115916793281, 40.634676643192975], [-74.11159001734545, 40.63481486366429]]}}, {"type": "Feature", "properties": {"segment_id": 740765, "physicalid": "52106", "street_name": "CASTLETON AVE", "borough": "staten_island", "direction": "TW", "total_row_ft": 50.0, "roadbed_ft": 34.7, "median_ft": 0.0, "left_sw_ft": 6.3, "right_sw_ft": 9.1}, "geometry": {"type": "LineString", "coordinates": [[-74.11166373010548, 40.63467753154499], [-74.11166207943688, 40.63481482339951]]}}, {"type": "Feature", "properties": {"segment_id": 740766, "physicalid": "52106", "street_name": "CASTLETON AVE", "borough": "staten_island", "direction": "TW", "total_row_ft": 50.0, "roadbed_ft": 34.8, "median_ft": 0.0, "left_sw_ft": 6.6, "right_sw_ft": 8.6}, "geometry": {"type": "LineString", "coordinates": [[-74.11173579691179, 40.63467708670593], [-74.11173414694515, 40.634814332506785]]}}, {"type": "Feature", "properties": {"segment_id": 740767, "physicalid": "52106", "street_name": "CASTLETON AVE", "borough": "staten_island", "direction": "TW", "total_row_ft": 48.7, "roadbed_ft": 34.9, "median_ft": 0.0, "left_sw_ft": 5.6, "right_sw_ft": 8.2}, "geometry": {"type": "LineString", "coordinates": [[-74.1118078203276, 40.63468025133815], [-74.11180621344916, 40.63481392502214]]}}, {"type": "Feature", "properties": {"segment_id": 740768, "physicalid": "52106", "street_name": "CASTLETON AVE", "borough": "staten_island", "direction": "TW", "total_row_ft": 50.5, "roadbed_ft": 35.0, "median_ft": 0.0, "left_sw_ft": 7.2, "right_sw_ft": 8.3}, "geometry": {"type": "LineString", "coordinates": [[-74.11187993052144, 40.634676196900614], [-74.1118782634121, 40.63481489356772]]}}, {"type": "Feature", "properties": {"segment_id": 740769, "physicalid": "52106", "street_name": "CASTLETON AVE", "borough": "staten_island", "direction": "TW", "total_row_ft": 51.0, "roadbed_ft": 35.2, "median_ft": 0.0, "left_sw_ft": 7.5, "right_sw_ft": 8.3}, "geometry": {"type": "LineString", "coordinates": [[-74.11195199732549, 40.634675751875655], [-74.1119503133771, 40.63481586206813]]}}, {"type": "Feature", "properties": {"segment_id": 740770, "physicalid": "52106", "street_name": "CASTLETON AVE", "borough": "staten_island", "direction": "TW", "total_row_ft": 51.6, "roadbed_ft": 35.5, "median_ft": 0.0, "left_sw_ft": 7.9, "right_sw_ft": 8.2}, "geometry": {"type": "LineString", "coordinates": [[-74.11202406412856, 40.63467530680554], [-74.1120223633442, 40.63481683052342]]}}, {"type": "Feature", "properties": {"segment_id": 740771, "physicalid": "52106", "street_name": "CASTLETON AVE", "borough": "staten_island", "direction": "TW", "total_row_ft": 52.1, "roadbed_ft": 35.6, "median_ft": 0.0, "left_sw_ft": 8.4, "right_sw_ft": 8.2}, "geometry": {"type": "LineString", "coordinates": [[-74.11209613093068, 40.63467486169023], [-74.11209441331552, 40.63481779875649]]}}, {"type": "Feature", "properties": {"segment_id": 740772, "physicalid": "52106", "street_name": "CASTLETON AVE", "borough": "staten_island", "direction": "TW", "total_row_ft": 107.8, "roadbed_ft": 78.1, "median_ft": 0.0, "left_sw_ft": 15.0, "right_sw_ft": 14.7}, "geometry": {"type": "LineString", "coordinates": [[-74.11216931152224, 40.63458172009226], [-74.11216625174929, 40.63483637245923]]}}, {"type": "Feature", "properties": {"segment_id": 740773, "physicalid": "52107", "street_name": "CASTLETON AVE", "borough": "staten_island", "direction": "TW", "total_row_ft": 135.0, "roadbed_ft": 80.7, "median_ft": 0.0, "left_sw_ft": 39.3, "right_sw_ft": 15.0}, "geometry": {"type": "LineString", "coordinates": [[-74.11230777486291, 40.63458270916526], [-74.1123035707295, 40.634912068096675]]}}, {"type": "Feature", "properties": {"segment_id": 740774, "physicalid": "52107", "street_name": "CASTLETON AVE", "borough": "staten_island", "direction": "TW", "total_row_ft": 74.1, "roadbed_ft": 33.6, "median_ft": 0.0, "left_sw_ft": 7.3, "right_sw_ft": 33.1}, "geometry": {"type": "LineString", "coordinates": [[-74.11237858784202, 40.63468054785725], [-74.11237562601266, 40.634912601875534]]}}, {"type": "Feature", "properties": {"segment_id": 740775, "physicalid": "52107", "street_name": "CASTLETON AVE", "borough": "staten_island", "direction": "TW", "total_row_ft": 50.5, "roadbed_ft": 33.9, "median_ft": 0.0, "left_sw_ft": 6.9, "right_sw_ft": 9.7}, "geometry": {"type": "LineString", "coordinates": [[-74.11245063083861, 40.634682024764736], [-74.11244886339445, 40.63482051274988]]}}, {"type": "Feature", "properties": {"segment_id": 740776, "physicalid": "52107", "street_name": "CASTLETON AVE", "borough": "staten_island", "direction": "TW", "total_row_ft": 50.2, "roadbed_ft": 34.1, "median_ft": 0.0, "left_sw_ft": 6.4, "right_sw_ft": 9.8}, "geometry": {"type": "LineString", "coordinates": [[-74.11252267383837, 40.63468350162709], [-74.11252091480279, 40.63482134241843]]}}, {"type": "Feature", "properties": {"segment_id": 740777, "physicalid": "52107", "street_name": "CASTLETON AVE", "borough": "staten_island", "direction": "TW", "total_row_ft": 49.5, "roadbed_ft": 34.1, "median_ft": 0.0, "left_sw_ft": 6.0, "right_sw_ft": 9.5}, "geometry": {"type": "LineString", "coordinates": [[-74.11259471684431, 40.6346849782101], [-74.11259298310439, 40.63482084828998]]}}, {"type": "Feature", "properties": {"segment_id": 740778, "physicalid": "52107", "street_name": "CASTLETON AVE", "borough": "staten_island", "direction": "TW", "total_row_ft": 49.0, "roadbed_ft": 34.1, "median_ft": 0.0, "left_sw_ft": 5.7, "right_sw_ft": 9.2}, "geometry": {"type": "LineString", "coordinates": [[-74.11266676594485, 40.63468597733347], [-74.11266505140493, 40.63482035411637]]}}, {"type": "Feature", "properties": {"segment_id": 740779, "physicalid": "52107", "street_name": "CASTLETON AVE", "borough": "staten_island", "direction": "TW", "total_row_ft": 48.4, "roadbed_ft": 34.1, "median_ft": 0.0, "left_sw_ft": 5.4, "right_sw_ft": 9.0}, "geometry": {"type": "LineString", "coordinates": [[-74.11273881600488, 40.634686901376114], [-74.1127371197044, 40.63481985989759]]}}, {"type": "Feature", "properties": {"segment_id": 740780, "physicalid": "52107", "street_name": "CASTLETON AVE", "borough": "staten_island", "direction": "TW", "total_row_ft": 47.9, "roadbed_ft": 34.1, "median_ft": 0.0, "left_sw_ft": 5.2, "right_sw_ft": 8.7}, "geometry": {"type": "LineString", "coordinates": [[-74.11281086607099, 40.634687825051024], [-74.1128091880028, 40.63481936563365]]}}, {"type": "Feature", "properties": {"segment_id": 740781, "physicalid": "52107", "street_name": "CASTLETON AVE", "borough": "staten_island", "direction": "TW", "total_row_ft": 47.4, "roadbed_ft": 33.7, "median_ft": 0.0, "left_sw_ft": 5.2, "right_sw_ft": 8.5}, "geometry": {"type": "LineString", "coordinates": [[-74.1128829161377, 40.63468874879186], [-74.11288125630236, 40.63481887115042]]}}, {"type": "Feature", "properties": {"segment_id": 740782, "physicalid": "52107", "street_name": "CASTLETON AVE", "borough": "staten_island", "direction": "TW", "total_row_ft": 47.0, "roadbed_ft": 33.3, "median_ft": 0.0, "left_sw_ft": 5.5, "right_sw_ft": 8.1}, "geometry": {"type": "LineString", "coordinates": [[-74.11295496883328, 40.63468946653644], [-74.1129533246014, 40.63481837657656]]}}, {"type": "Feature", "properties": {"segment_id": 740783, "physicalid": "52107", "street_name": "CASTLETON AVE", "borough": "staten_island", "direction": "TW", "total_row_ft": 46.9, "roadbed_ft": 33.0, "median_ft": 0.0, "left_sw_ft": 5.8, "right_sw_ft": 8.1}, "geometry": {"type": "LineString", "coordinates": [[-74.1130270244343, 40.634689956545905], [-74.11302538325432, 40.63481863820831]]}}, {"type": "Feature", "properties": {"segment_id": 740784, "physicalid": "52107", "street_name": "CASTLETON AVE", "borough": "staten_island", "direction": "TW", "total_row_ft": 57.2, "roadbed_ft": 33.7, "median_ft": 0.0, "left_sw_ft": 6.0, "right_sw_ft": 17.5}, "geometry": {"type": "LineString", "coordinates": [[-74.11309908004024, 40.634690446206754], [-74.11309707662862, 40.63484754296826]]}}, {"type": "Feature", "properties": {"segment_id": 740785, "physicalid": "52108", "street_name": "CASTLETON AVE", "borough": "staten_island", "direction": "TW", "total_row_ft": 97.7, "roadbed_ft": 77.4, "median_ft": 0.0, "left_sw_ft": 5.3, "right_sw_ft": 15.0}, "geometry": {"type": "LineString", "coordinates": [[-74.11321389549124, 40.63469122646867], [-74.1132151993441, 40.63491822158228]]}}, {"type": "Feature", "properties": {"segment_id": 740786, "physicalid": "52108", "street_name": "CASTLETON AVE", "borough": "staten_island", "direction": "TW", "total_row_ft": 49.0, "roadbed_ft": 33.7, "median_ft": 0.0, "left_sw_ft": 5.5, "right_sw_ft": 9.7}, "geometry": {"type": "LineString", "coordinates": [[-74.11328595744547, 40.63469171615667], [-74.11328672970627, 40.63482613831984]]}}, {"type": "Feature", "properties": {"segment_id": 740787, "physicalid": "52108", "street_name": "CASTLETON AVE", "borough": "staten_island", "direction": "TW", "total_row_ft": 48.3, "roadbed_ft": 33.7, "median_ft": 0.0, "left_sw_ft": 5.7, "right_sw_ft": 8.8}, "geometry": {"type": "LineString", "coordinates": [[-74.11335801940075, 40.63469220579948], [-74.11335878059593, 40.634824676946344]]}}, {"type": "Feature", "properties": {"segment_id": 740788, "physicalid": "52108", "street_name": "CASTLETON AVE", "borough": "staten_island", "direction": "TW", "total_row_ft": 48.0, "roadbed_ft": 33.7, "median_ft": 0.0, "left_sw_ft": 5.8, "right_sw_ft": 8.5}, "geometry": {"type": "LineString", "coordinates": [[-74.1134300823494, 40.6346928680548], [-74.11343083911642, 40.63482454382289]]}}, {"type": "Feature", "properties": {"segment_id": 740789, "physicalid": "52108", "street_name": "CASTLETON AVE", "borough": "staten_island", "direction": "TW", "total_row_ft": 47.7, "roadbed_ft": 33.7, "median_ft": 0.0, "left_sw_ft": 5.9, "right_sw_ft": 8.1}, "geometry": {"type": "LineString", "coordinates": [[-74.11350214530073, 40.63469353048675], [-74.11350289763661, 40.634824410654275]]}}, {"type": "Feature", "properties": {"segment_id": 740790, "physicalid": "52108", "street_name": "CASTLETON AVE", "borough": "staten_island", "direction": "TW", "total_row_ft": 47.5, "roadbed_ft": 33.7, "median_ft": 0.0, "left_sw_ft": 6.0, "right_sw_ft": 7.8}, "geometry": {"type": "LineString", "coordinates": [[-74.11357420825213, 40.63469419263445], [-74.11357495734941, 40.63482448492191]]}}, {"type": "Feature", "properties": {"segment_id": 740791, "physicalid": "52108", "street_name": "CASTLETON AVE", "borough": "staten_island", "direction": "TW", "total_row_ft": 47.5, "roadbed_ft": 33.7, "median_ft": 0.0, "left_sw_ft": 6.1, "right_sw_ft": 7.7}, "geometry": {"type": "LineString", "coordinates": [[-74.11364627120496, 40.634694854737006], [-74.11364702099416, 40.63482524288051]]}}, {"type": "Feature", "properties": {"segment_id": 740792, "physicalid": "52108", "street_name": "CASTLETON AVE", "borough": "staten_island", "direction": "TW", "total_row_ft": 47.8, "roadbed_ft": 33.7, "median_ft": 0.0, "left_sw_ft": 6.4, "right_sw_ft": 7.7}, "geometry": {"type": "LineString", "coordinates": [[-74.11371832950293, 40.63469470722143], [-74.11371908464055, 40.63482600079394]]}}, {"type": "Feature", "properties": {"segment_id": 740793, "physicalid": "52108", "street_name": "CASTLETON AVE", "borough": "staten_island", "direction": "TW", "total_row_ft": 48.3, "roadbed_ft": 33.7, "median_ft": 0.0, "left_sw_ft": 6.8, "right_sw_ft": 7.8}, "geometry": {"type": "LineString", "coordinates": [[-74.11379038494094, 40.63469406254969], [-74.11379114828857, 40.634826758662214]]}}, {"type": "Feature", "properties": {"segment_id": 740794, "physicalid": "52108", "street_name": "CASTLETON AVE", "borough": "staten_island", "direction": "TW", "total_row_ft": 48.9, "roadbed_ft": 33.7, "median_ft": 0.0, "left_sw_ft": 7.3, "right_sw_ft": 7.9}, "geometry": {"type": "LineString", "coordinates": [[-74.11386244037755, 40.634693417832835], [-74.11386321193727, 40.634827516318104]]}}, {"type": "Feature", "properties": {"segment_id": 740795, "physicalid": "52108", "street_name": "CASTLETON AVE", "borough": "staten_island", "direction": "TW", "total_row_ft": 49.4, "roadbed_ft": 33.7, "median_ft": 0.0, "left_sw_ft": 7.7, "right_sw_ft": 7.9}, "geometry": {"type": "LineString", "coordinates": [[-74.11393449581276, 40.63469277307083], [-74.11393527558634, 40.63482827370956]]}}, {"type": "Feature", "properties": {"segment_id": 740796, "physicalid": "52108", "street_name": "CASTLETON AVE", "borough": "staten_island", "direction": "TW", "total_row_ft": 49.9, "roadbed_ft": 33.7, "median_ft": 0.0, "left_sw_ft": 8.1, "right_sw_ft": 8.1}, "geometry": {"type": "LineString", "coordinates": [[-74.11400655124525, 40.63469212803488], [-74.1140073390951, 40.63482900639194]]}}, {"type": "Feature", "properties": {"segment_id": 740797, "physicalid": "52108", "street_name": "CASTLETON AVE", "borough": "staten_island", "direction": "TW", "total_row_ft": 50.3, "roadbed_ft": 33.7, "median_ft": 0.0, "left_sw_ft": 8.4, "right_sw_ft": 8.2}, "geometry": {"type": "LineString", "coordinates": [[-74.1140786066761, 40.63469148290636], [-74.1140794019187, 40.63482961974285]]}}, {"type": "Feature", "properties": {"segment_id": 740798, "physicalid": "52108", "street_name": "CASTLETON AVE", "borough": "staten_island", "direction": "TW", "total_row_ft": 50.6, "roadbed_ft": 33.7, "median_ft": 0.0, "left_sw_ft": 8.5, "right_sw_ft": 8.4}, "geometry": {"type": "LineString", "coordinates": [[-74.11415066564265, 40.634691452030694], [-74.1141514647417, 40.63483023271157]]}}, {"type": "Feature", "properties": {"segment_id": 740799, "physicalid": "52108", "street_name": "CASTLETON AVE", "borough": "staten_island", "direction": "TW", "total_row_ft": 50.1, "roadbed_ft": 33.7, "median_ft": 0.0, "left_sw_ft": 7.9, "right_sw_ft": 8.6}, "geometry": {"type": "LineString", "coordinates": [[-74.1142227350061, 40.634693226427], [-74.11422352756601, 40.634830845635136]]}}, {"type": "Feature", "properties": {"segment_id": 740800, "physicalid": "52108", "street_name": "CASTLETON AVE", "borough": "staten_island", "direction": "TW", "total_row_ft": 49.7, "roadbed_ft": 33.7, "median_ft": 0.0, "left_sw_ft": 7.3, "right_sw_ft": 8.7}, "geometry": {"type": "LineString", "coordinates": [[-74.11429480437337, 40.63469500077814], [-74.11429559039163, 40.63483145851354]]}}, {"type": "Feature", "properties": {"segment_id": 740801, "physicalid": "52108", "street_name": "CASTLETON AVE", "borough": "staten_island", "direction": "TW", "total_row_ft": 61.7, "roadbed_ft": 33.7, "median_ft": 0.0, "left_sw_ft": 19.3, "right_sw_ft": 8.7}, "geometry": {"type": "LineString", "coordinates": [[-74.11436643489064, 40.63462060132669], [-74.11436765139881, 40.63483175547683]]}}, {"type": "Feature", "properties": {"segment_id": 740802, "physicalid": "52108", "street_name": "CASTLETON AVE", "borough": "staten_island", "direction": "TW", "total_row_ft": 90.0, "roadbed_ft": 33.9, "median_ft": 0.0, "left_sw_ft": 47.6, "right_sw_ft": 8.6}, "geometry": {"type": "LineString", "coordinates": [[-74.11443828743174, 40.63458476006914], [-74.11443971139963, 40.634831877644075]]}}, {"type": "Feature", "properties": {"segment_id": 740803, "physicalid": "52109", "street_name": "CASTLETON AVE", "borough": "staten_island", "direction": "TW", "total_row_ft": 115.7, "roadbed_ft": 75.2, "median_ft": 0.0, "left_sw_ft": 25.6, "right_sw_ft": 15.0}, "geometry": {"type": "LineString", "coordinates": [[-74.11459772829528, 40.63463954259938], [-74.11457964408909, 40.63491565501686]]}}, {"type": "Feature", "properties": {"segment_id": 740804, "physicalid": "52109", "street_name": "CASTLETON AVE", "borough": "staten_island", "direction": "TW", "total_row_ft": 62.5, "roadbed_ft": 28.2, "median_ft": 0.0, "left_sw_ft": 11.0, "right_sw_ft": 23.4}, "geometry": {"type": "LineString", "coordinates": [[-74.11466681446689, 40.634686292556104], [-74.1146516132526, 40.63491839068147]]}}, {"type": "Feature", "properties": {"segment_id": 740805, "physicalid": "52109", "street_name": "CASTLETON AVE", "borough": "staten_island", "direction": "TW", "total_row_ft": 58.5, "roadbed_ft": 34.2, "median_ft": 0.0, "left_sw_ft": 10.6, "right_sw_ft": 13.7}, "geometry": {"type": "LineString", "coordinates": [[-74.11473891996896, 40.63468694273185], [-74.11472374375188, 40.63491866302107]]}}, {"type": "Feature", "properties": {"segment_id": 740806, "physicalid": "52109", "street_name": "CASTLETON AVE", "borough": "staten_island", "direction": "TW", "total_row_ft": 78.1, "roadbed_ft": 34.1, "median_ft": 0.0, "left_sw_ft": 10.5, "right_sw_ft": 33.4}, "geometry": {"type": "LineString", "coordinates": [[-74.11480594184393, 40.63468754689531], [-74.11480709097916, 40.63490183101603]]}}, {"type": "Feature", "properties": {"segment_id": 740807, "physicalid": "52109", "street_name": "CASTLETON AVE", "borough": "staten_island", "direction": "TW", "total_row_ft": 78.1, "roadbed_ft": 34.1, "median_ft": 0.0, "left_sw_ft": 10.4, "right_sw_ft": 33.6}, "geometry": {"type": "LineString", "coordinates": [[-74.11487800423701, 40.634688170464656], [-74.11487915416096, 40.63490255849049]]}}, {"type": "Feature", "properties": {"segment_id": 740808, "physicalid": "52109", "street_name": "CASTLETON AVE", "borough": "staten_island", "direction": "TW", "total_row_ft": 57.5, "roadbed_ft": 34.1, "median_ft": 0.0, "left_sw_ft": 10.4, "right_sw_ft": 13.1}, "geometry": {"type": "LineString", "coordinates": [[-74.11495006601417, 40.634688678929415], [-74.11495122124785, 40.634904013528775]]}}, {"type": "Feature", "properties": {"segment_id": 740809, "physicalid": "52109", "street_name": "CASTLETON AVE", "borough": "staten_island", "direction": "TW", "total_row_ft": 53.3, "roadbed_ft": 34.1, "median_ft": 0.0, "left_sw_ft": 10.2, "right_sw_ft": 9.0}, "geometry": {"type": "LineString", "coordinates": [[-74.11502212779266, 40.6346891873941], [-74.1150229134622, 40.634835606220044]]}}, {"type": "Feature", "properties": {"segment_id": 740810, "physicalid": "52109", "street_name": "CASTLETON AVE", "borough": "staten_island", "direction": "TW", "total_row_ft": 53.3, "roadbed_ft": 34.2, "median_ft": 0.0, "left_sw_ft": 10.2, "right_sw_ft": 9.0}, "geometry": {"type": "LineString", "coordinates": [[-74.11508934730388, 40.63468966165291], [-74.11510049546213, 40.6348358160118]]}}, {"type": "Feature", "properties": {"segment_id": 740811, "physicalid": "52109", "street_name": "CASTLETON AVE", "borough": "staten_island", "direction": "TW", "total_row_ft": 53.2, "roadbed_ft": 34.2, "median_ft": 0.0, "left_sw_ft": 10.1, "right_sw_ft": 9.0}, "geometry": {"type": "LineString", "coordinates": [[-74.11516156618313, 40.63469017126649], [-74.11517269012643, 40.63483600608647]]}}, {"type": "Feature", "properties": {"segment_id": 740812, "physicalid": "52109", "street_name": "CASTLETON AVE", "borough": "staten_island", "direction": "TW", "total_row_ft": 52.7, "roadbed_ft": 34.2, "median_ft": 0.0, "left_sw_ft": 9.9, "right_sw_ft": 8.6}, "geometry": {"type": "LineString", "coordinates": [[-74.11523376848746, 40.6346904635257], [-74.11524477469372, 40.63483475276299]]}}, {"type": "Feature", "properties": {"segment_id": 740813, "physicalid": "52109", "street_name": "CASTLETON AVE", "borough": "staten_island", "direction": "TW", "total_row_ft": 52.2, "roadbed_ft": 34.1, "median_ft": 0.0, "left_sw_ft": 9.4, "right_sw_ft": 8.6}, "geometry": {"type": "LineString", "coordinates": [[-74.11530594515483, 40.634690419639874], [-74.11531685376931, 40.63483342743619]]}}, {"type": "Feature", "properties": {"segment_id": 740814, "physicalid": "52109", "street_name": "CASTLETON AVE", "borough": "staten_island", "direction": "TW", "total_row_ft": 50.1, "roadbed_ft": 34.1, "median_ft": 0.0, "left_sw_ft": 8.1, "right_sw_ft": 7.9}, "geometry": {"type": "LineString", "coordinates": [[-74.11537430384847, 40.6346903783475], [-74.11539449490236, 40.634827165754565]]}}, {"type": "Feature", "properties": {"segment_id": 740815, "physicalid": "52109", "street_name": "CASTLETON AVE", "borough": "staten_island", "direction": "TW", "total_row_ft": 48.6, "roadbed_ft": 34.1, "median_ft": 0.0, "left_sw_ft": 6.9, "right_sw_ft": 7.6}, "geometry": {"type": "LineString", "coordinates": [[-74.11544625081342, 40.63468654621645], [-74.11546582447552, 40.63481915004308]]}}, {"type": "Feature", "properties": {"segment_id": 740816, "physicalid": "52109", "street_name": "CASTLETON AVE", "borough": "staten_island", "direction": "TW", "total_row_ft": 48.7, "roadbed_ft": 34.1, "median_ft": 0.0, "left_sw_ft": 7.1, "right_sw_ft": 7.5}, "geometry": {"type": "LineString", "coordinates": [[-74.11551757084493, 40.63467846689255], [-74.11553717229582, 40.634811258019354]]}}, {"type": "Feature", "properties": {"segment_id": 740817, "physicalid": "52109", "street_name": "CASTLETON AVE", "borough": "staten_island", "direction": "TW", "total_row_ft": 47.9, "roadbed_ft": 34.1, "median_ft": 0.0, "left_sw_ft": 6.5, "right_sw_ft": 7.3}, "geometry": {"type": "LineString", "coordinates": [[-74.11558922051078, 40.63467262075592], [-74.11560852014595, 40.634803366268024]]}}, {"type": "Feature", "properties": {"segment_id": 740818, "physicalid": "52109", "street_name": "CASTLETON AVE", "borough": "staten_island", "direction": "TW", "total_row_ft": 48.8, "roadbed_ft": 34.1, "median_ft": 0.0, "left_sw_ft": 7.5, "right_sw_ft": 7.1}, "geometry": {"type": "LineString", "coordinates": [[-74.1156557076859, 40.63466281833054], [-74.1156863228972, 40.63479475997867]]}}, {"type": "Feature", "properties": {"segment_id": 740819, "physicalid": "52109", "street_name": "CASTLETON AVE", "borough": "staten_island", "direction": "TW", "total_row_ft": 48.9, "roadbed_ft": 34.1, "median_ft": 0.0, "left_sw_ft": 7.7, "right_sw_ft": 7.0}, "geometry": {"type": "LineString", "coordinates": [[-74.115727008976, 40.63465474071539], [-74.11575766753272, 40.6347868685566]]}}, {"type": "Feature", "properties": {"segment_id": 740820, "physicalid": "52109", "street_name": "CASTLETON AVE", "borough": "staten_island", "direction": "TW", "total_row_ft": 48.8, "roadbed_ft": 34.1, "median_ft": 0.0, "left_sw_ft": 7.7, "right_sw_ft": 6.9}, "geometry": {"type": "LineString", "coordinates": [[-74.11579831027385, 40.634646663163785], [-74.11582889273065, 40.63477846243142]]}}, {"type": "Feature", "properties": {"segment_id": 740821, "physicalid": "52109", "street_name": "CASTLETON AVE", "borough": "staten_island", "direction": "TW", "total_row_ft": 48.6, "roadbed_ft": 34.1, "median_ft": 0.0, "left_sw_ft": 7.9, "right_sw_ft": 6.6}, "geometry": {"type": "LineString", "coordinates": [[-74.11586952440005, 40.63463820996531], [-74.11589997813854, 40.634769453899196]]}}, {"type": "Feature", "properties": {"segment_id": 740822, "physicalid": "52109", "street_name": "CASTLETON AVE", "borough": "staten_island", "direction": "TW", "total_row_ft": 48.4, "roadbed_ft": 34.1, "median_ft": 0.0, "left_sw_ft": 8.1, "right_sw_ft": 6.2}, "geometry": {"type": "LineString", "coordinates": [[-74.11594069753554, 40.634629580146566], [-74.11597106371393, 40.634760446127565]]}}, {"type": "Feature", "properties": {"segment_id": 740823, "physicalid": "52109", "street_name": "CASTLETON AVE", "borough": "staten_island", "direction": "TW", "total_row_ft": 48.3, "roadbed_ft": 34.1, "median_ft": 0.0, "left_sw_ft": 8.1, "right_sw_ft": 6.0}, "geometry": {"type": "LineString", "coordinates": [[-74.11601382747423, 40.634620712986866], [-74.11603868914139, 40.63475187694499]]}}, {"type": "Feature", "properties": {"segment_id": 740824, "physicalid": "52109", "street_name": "CASTLETON AVE", "borough": "staten_island", "direction": "TW", "total_row_ft": 48.4, "roadbed_ft": 34.1, "median_ft": 0.0, "left_sw_ft": 8.2, "right_sw_ft": 6.1}, "geometry": {"type": "LineString", "coordinates": [[-74.11608499751958, 40.634612083356984], [-74.11610992299345, 40.63474358320452]]}}, {"type": "Feature", "properties": {"segment_id": 740825, "physicalid": "52109", "street_name": "CASTLETON AVE", "borough": "staten_island", "direction": "TW", "total_row_ft": 48.8, "roadbed_ft": 34.1, "median_ft": 0.0, "left_sw_ft": 8.2, "right_sw_ft": 6.5}, "geometry": {"type": "LineString", "coordinates": [[-74.1161561705049, 40.634603469290425], [-74.11618129814678, 40.63473603497376]]}}, {"type": "Feature", "properties": {"segment_id": 740826, "physicalid": "52109", "street_name": "CASTLETON AVE", "borough": "staten_island", "direction": "TW", "total_row_ft": 49.0, "roadbed_ft": 34.1, "median_ft": 0.0, "left_sw_ft": 8.0, "right_sw_ft": 6.8}, "geometry": {"type": "LineString", "coordinates": [[-74.11622745947052, 40.634595467151016], [-74.11625267338403, 40.63472848722656]]}}, {"type": "Feature", "properties": {"segment_id": 740827, "physicalid": "52109", "street_name": "CASTLETON AVE", "borough": "staten_island", "direction": "TW", "total_row_ft": 49.1, "roadbed_ft": 34.1, "median_ft": 0.0, "left_sw_ft": 8.0, "right_sw_ft": 7.0}, "geometry": {"type": "LineString", "coordinates": [[-74.11629874867874, 40.63458746633736], [-74.11632404860514, 40.63472093943504]]}}, {"type": "Feature", "properties": {"segment_id": 740828, "physicalid": "52109", "street_name": "CASTLETON AVE", "borough": "staten_island", "direction": "TW", "total_row_ft": 49.3, "roadbed_ft": 34.1, "median_ft": 0.0, "left_sw_ft": 7.9, "right_sw_ft": 7.3}, "geometry": {"type": "LineString", "coordinates": [[-74.11637003771158, 40.63457946464436], [-74.11639542365596, 40.634713390786104]]}}, {"type": "Feature", "properties": {"segment_id": 740829, "physicalid": "52109", "street_name": "CASTLETON AVE", "borough": "staten_island", "direction": "TW", "total_row_ft": 47.5, "roadbed_ft": 34.1, "median_ft": 0.0, "left_sw_ft": 7.9, "right_sw_ft": 5.5}, "geometry": {"type": "LineString", "coordinates": [[-74.11644341359273, 40.634571229065166], [-74.11646252163882, 40.6347008283814]]}}, {"type": "Feature", "properties": {"segment_id": 740830, "physicalid": "52109", "street_name": "CASTLETON AVE", "borough": "staten_island", "direction": "TW", "total_row_ft": 47.4, "roadbed_ft": 34.1, "median_ft": 0.0, "left_sw_ft": 7.8, "right_sw_ft": 5.4}, "geometry": {"type": "LineString", "coordinates": [[-74.11651474462683, 40.63456322294915], [-74.11653382069493, 40.63469260444267]]}}, {"type": "Feature", "properties": {"segment_id": 740831, "physicalid": "52109", "street_name": "CASTLETON AVE", "borough": "staten_island", "direction": "TW", "total_row_ft": 47.4, "roadbed_ft": 34.1, "median_ft": 0.0, "left_sw_ft": 7.8, "right_sw_ft": 5.4}, "geometry": {"type": "LineString", "coordinates": [[-74.11658607555964, 40.63455521621805], [-74.11660511987533, 40.63468438142195]]}}, {"type": "Feature", "properties": {"segment_id": 740832, "physicalid": "52109", "street_name": "CASTLETON AVE", "borough": "staten_island", "direction": "TW", "total_row_ft": 47.7, "roadbed_ft": 34.1, "median_ft": 0.0, "left_sw_ft": 8.2, "right_sw_ft": 5.4}, "geometry": {"type": "LineString", "coordinates": [[-74.11665722232668, 40.634545960488765], [-74.11667641907084, 40.63467615857862]]}}, {"type": "Feature", "properties": {"segment_id": 740833, "physicalid": "52109", "street_name": "CASTLETON AVE", "borough": "staten_island", "direction": "TW", "total_row_ft": 50.2, "roadbed_ft": 34.2, "median_ft": 0.0, "left_sw_ft": 8.6, "right_sw_ft": 7.4}, "geometry": {"type": "LineString", "coordinates": [[-74.11672833708239, 40.63453648773989], [-74.11674854495413, 40.63467354260318]]}}, {"type": "Feature", "properties": {"segment_id": 740834, "physicalid": "52109", "street_name": "CASTLETON AVE", "borough": "staten_island", "direction": "TW", "total_row_ft": 50.8, "roadbed_ft": 34.4, "median_ft": 0.0, "left_sw_ft": 8.8, "right_sw_ft": 7.5}, "geometry": {"type": "LineString", "coordinates": [[-74.11680215308022, 40.634526912269365], [-74.11681682849203, 40.63466580256173]]}}, {"type": "Feature", "properties": {"segment_id": 740835, "physicalid": "52109", "street_name": "CASTLETON AVE", "borough": "staten_island", "direction": "TW", "total_row_ft": 49.6, "roadbed_ft": 34.5, "median_ft": 0.0, "left_sw_ft": 7.6, "right_sw_ft": 7.6}, "geometry": {"type": "LineString", "coordinates": [[-74.11687390672559, 40.63452182337952], [-74.11688825891339, 40.63465765325695]]}}, {"type": "Feature", "properties": {"segment_id": 740836, "physicalid": "52109", "street_name": "CASTLETON AVE", "borough": "staten_island", "direction": "TW", "total_row_ft": 49.3, "roadbed_ft": 34.1, "median_ft": 0.0, "left_sw_ft": 7.5, "right_sw_ft": 7.7}, "geometry": {"type": "LineString", "coordinates": [[-74.11694542952357, 40.63451454981399], [-74.1169596893148, 40.63464950388419]]}}, {"type": "Feature", "properties": {"segment_id": 740837, "physicalid": "52109", "street_name": "CASTLETON AVE", "borough": "staten_island", "direction": "TW", "total_row_ft": 49.0, "roadbed_ft": 33.8, "median_ft": 0.0, "left_sw_ft": 7.4, "right_sw_ft": 7.7}, "geometry": {"type": "LineString", "coordinates": [[-74.11701695237578, 40.63450727686465], [-74.11703111969877, 40.634641354467036]]}}, {"type": "Feature", "properties": {"segment_id": 740838, "physicalid": "52109", "street_name": "CASTLETON AVE", "borough": "staten_island", "direction": "TW", "total_row_ft": 81.5, "roadbed_ft": 33.9, "median_ft": 0.0, "left_sw_ft": 40.2, "right_sw_ft": 7.4}, "geometry": {"type": "LineString", "coordinates": [[-74.11707899305675, 40.63441026665325], [-74.1171025500723, 40.6346332050719]]}}, {"type": "Feature", "properties": {"segment_id": 740839, "physicalid": "52110", "street_name": "CASTLETON AVE", "borough": "staten_island", "direction": "TW", "total_row_ft": 135.0, "roadbed_ft": 79.2, "median_ft": 0.0, "left_sw_ft": 40.8, "right_sw_ft": 15.0}, "geometry": {"type": "LineString", "coordinates": [[-74.11723121069743, 40.63440007328471], [-74.11727525730544, 40.63472773405249]]}}, {"type": "Feature", "properties": {"segment_id": 740840, "physicalid": "52110", "street_name": "CASTLETON AVE", "borough": "staten_island", "direction": "TW", "total_row_ft": 105.4, "roadbed_ft": 78.6, "median_ft": 0.0, "left_sw_ft": 11.8, "right_sw_ft": 15.0}, "geometry": {"type": "LineString", "coordinates": [[-74.11731376162004, 40.63447532471995], [-74.11734694086611, 40.63472214138943]]}}, {"type": "Feature", "properties": {"segment_id": 740841, "physicalid": "52110", "street_name": "CASTLETON AVE", "borough": "staten_island", "direction": "TW", "total_row_ft": 72.9, "roadbed_ft": 45.3, "median_ft": 0.0, "left_sw_ft": 12.4, "right_sw_ft": 15.2}, "geometry": {"type": "LineString", "coordinates": [[-74.11738501616514, 40.63446654268853], [-74.11741175887788, 40.634665477286134]]}}, {"type": "Feature", "properties": {"segment_id": 740842, "physicalid": "52110", "street_name": "CASTLETON AVE", "borough": "staten_island", "direction": "TW", "total_row_ft": 72.9, "roadbed_ft": 44.8, "median_ft": 0.0, "left_sw_ft": 13.0, "right_sw_ft": 15.1}, "geometry": {"type": "LineString", "coordinates": [[-74.1174562731464, 40.63445777887453], [-74.11748303502648, 40.63465685448297]]}}, {"type": "Feature", "properties": {"segment_id": 740843, "physicalid": "52110", "street_name": "CASTLETON AVE", "borough": "staten_island", "direction": "TW", "total_row_ft": 72.7, "roadbed_ft": 44.7, "median_ft": 0.0, "left_sw_ft": 13.3, "right_sw_ft": 14.7}, "geometry": {"type": "LineString", "coordinates": [[-74.11752761889828, 40.63444967549704], [-74.11755431110018, 40.634648231215316]]}}, {"type": "Feature", "properties": {"segment_id": 740844, "physicalid": "52110", "street_name": "CASTLETON AVE", "borough": "staten_island", "direction": "TW", "total_row_ft": 83.3, "roadbed_ft": 44.6, "median_ft": 0.0, "left_sw_ft": 13.6, "right_sw_ft": 25.0}, "geometry": {"type": "LineString", "coordinates": [[-74.11759896463283, 40.634441572075275], [-74.11762952704404, 40.63466891528451]]}}, {"type": "Feature", "properties": {"segment_id": 740845, "physicalid": "52110", "street_name": "CASTLETON AVE", "borough": "staten_island", "direction": "TW", "total_row_ft": 75.0, "roadbed_ft": 44.5, "median_ft": 0.0, "left_sw_ft": 14.0, "right_sw_ft": 16.5}, "geometry": {"type": "LineString", "coordinates": [[-74.11767031035006, 40.63443346860922], [-74.11769783585159, 40.6346382197471]]}}, {"type": "Feature", "properties": {"segment_id": 740846, "physicalid": "52110", "street_name": "CASTLETON AVE", "borough": "staten_island", "direction": "TW", "total_row_ft": 111.1, "roadbed_ft": 82.3, "median_ft": 0.0, "left_sw_ft": 15.0, "right_sw_ft": 13.8}, "geometry": {"type": "LineString", "coordinates": [[-74.11773299293199, 40.634360923895514], [-74.11776827474175, 40.63462336929701]]}}, {"type": "Feature", "properties": {"segment_id": 740847, "physicalid": "52111", "street_name": "CASTLETON AVE", "borough": "staten_island", "direction": "TW", "total_row_ft": 95.7, "roadbed_ft": 46.7, "median_ft": 0.0, "left_sw_ft": 34.7, "right_sw_ft": 14.3}, "geometry": {"type": "LineString", "coordinates": [[-74.11783356288132, 40.634351592561806], [-74.11788201683349, 40.63461171383924]]}}, {"type": "Feature", "properties": {"segment_id": 740848, "physicalid": "52111", "street_name": "CASTLETON AVE", "borough": "staten_island", "direction": "TW", "total_row_ft": 67.4, "roadbed_ft": 43.9, "median_ft": 0.0, "left_sw_ft": 9.2, "right_sw_ft": 14.3}, "geometry": {"type": "LineString", "coordinates": [[-74.11791929040704, 40.63442110304461], [-74.11795343453916, 40.63460439541546]]}}, {"type": "Feature", "properties": {"segment_id": 740849, "physicalid": "52111", "street_name": "CASTLETON AVE", "borough": "staten_island", "direction": "TW", "total_row_ft": 67.7, "roadbed_ft": 44.2, "median_ft": 0.0, "left_sw_ft": 9.2, "right_sw_ft": 14.3}, "geometry": {"type": "LineString", "coordinates": [[-74.11799057883968, 40.63441309455477], [-74.11802485149336, 40.63459707714701]]}}, {"type": "Feature", "properties": {"segment_id": 740850, "physicalid": "52111", "street_name": "CASTLETON AVE", "borough": "staten_island", "direction": "TW", "total_row_ft": 67.7, "roadbed_ft": 44.5, "median_ft": 0.0, "left_sw_ft": 8.9, "right_sw_ft": 14.3}, "geometry": {"type": "LineString", "coordinates": [[-74.11806202339656, 40.63440592484591], [-74.11809630402706, 40.63458994920034]]}}, {"type": "Feature", "properties": {"segment_id": 740851, "physicalid": "52111", "street_name": "CASTLETON AVE", "borough": "staten_island", "direction": "TW", "total_row_ft": 67.8, "roadbed_ft": 44.7, "median_ft": 0.0, "left_sw_ft": 8.8, "right_sw_ft": 14.3}, "geometry": {"type": "LineString", "coordinates": [[-74.11813346795061, 40.63439875515993], [-74.11816776842214, 40.6345828849645]]}}, {"type": "Feature", "properties": {"segment_id": 740852, "physicalid": "52111", "street_name": "CASTLETON AVE", "borough": "staten_island", "direction": "TW", "total_row_ft": 67.8, "roadbed_ft": 44.5, "median_ft": 0.0, "left_sw_ft": 8.7, "right_sw_ft": 14.6}, "geometry": {"type": "LineString", "coordinates": [[-74.1182049124893, 40.63439158542955], [-74.11823923280208, 40.63457582068421]]}}, {"type": "Feature", "properties": {"segment_id": 740853, "physicalid": "52111", "street_name": "CASTLETON AVE", "borough": "staten_island", "direction": "TW", "total_row_ft": 67.8, "roadbed_ft": 44.1, "median_ft": 0.0, "left_sw_ft": 8.7, "right_sw_ft": 15.1}, "geometry": {"type": "LineString", "coordinates": [[-74.11827635700843, 40.63438441563213], [-74.11831069721426, 40.634568756613824]]}}, {"type": "Feature", "properties": {"segment_id": 740854, "physicalid": "52111", "street_name": "CASTLETON AVE", "borough": "staten_island", "direction": "TW", "total_row_ft": 67.7, "roadbed_ft": 43.8, "median_ft": 0.0, "left_sw_ft": 8.6, "right_sw_ft": 15.3}, "geometry": {"type": "LineString", "coordinates": [[-74.11834780148293, 40.634377245633075], [-74.11838209042064, 40.634561310345]]}}, {"type": "Feature", "properties": {"segment_id": 740855, "physicalid": "52111", "street_name": "CASTLETON AVE", "borough": "staten_island", "direction": "TW", "total_row_ft": 67.5, "roadbed_ft": 43.8, "median_ft": 0.0, "left_sw_ft": 8.6, "right_sw_ft": 15.1}, "geometry": {"type": "LineString", "coordinates": [[-74.11841924559612, 40.63437007596356], [-74.11845341423619, 40.6345534889201]]}}, {"type": "Feature", "properties": {"segment_id": 740856, "physicalid": "52112", "street_name": "CASTLETON AVE", "borough": "staten_island", "direction": "TW", "total_row_ft": 67.4, "roadbed_ft": 43.7, "median_ft": 0.0, "left_sw_ft": 8.6, "right_sw_ft": 15.1}, "geometry": {"type": "LineString", "coordinates": [[-74.11853394499488, 40.634357809239745], [-74.11856234616543, 40.63454154276474]]}}, {"type": "Feature", "properties": {"segment_id": 740857, "physicalid": "52112", "street_name": "CASTLETON AVE", "borough": "staten_island", "direction": "TW", "total_row_ft": 67.0, "roadbed_ft": 42.9, "median_ft": 0.0, "left_sw_ft": 8.6, "right_sw_ft": 15.5}, "geometry": {"type": "LineString", "coordinates": [[-74.11860547546762, 40.63435117531147], [-74.11863370569388, 40.634533800599186]]}}, {"type": "Feature", "properties": {"segment_id": 740858, "physicalid": "52112", "street_name": "CASTLETON AVE", "borough": "staten_island", "direction": "TW", "total_row_ft": 66.7, "roadbed_ft": 42.2, "median_ft": 0.0, "left_sw_ft": 8.6, "right_sw_ft": 15.9}, "geometry": {"type": "LineString", "coordinates": [[-74.11867700593223, 40.63434454087318], [-74.1187050939612, 40.634526245010115]]}}, {"type": "Feature", "properties": {"segment_id": 740859, "physicalid": "52112", "street_name": "CASTLETON AVE", "borough": "staten_island", "direction": "TW", "total_row_ft": 66.3, "roadbed_ft": 42.0, "median_ft": 0.0, "left_sw_ft": 8.6, "right_sw_ft": 15.8}, "geometry": {"type": "LineString", "coordinates": [[-74.11874853645365, 40.63433790685006], [-74.11877648220992, 40.63451868936102]]}}, {"type": "Feature", "properties": {"segment_id": 740860, "physicalid": "52112", "street_name": "CASTLETON AVE", "borough": "staten_island", "direction": "TW", "total_row_ft": 66.0, "roadbed_ft": 41.8, "median_ft": 0.0, "left_sw_ft": 8.5, "right_sw_ft": 15.7}, "geometry": {"type": "LineString", "coordinates": [[-74.11882006699737, 40.63433127301863], [-74.1188478703834, 40.63451113328541]]}}, {"type": "Feature", "properties": {"segment_id": 740861, "physicalid": "52112", "street_name": "CASTLETON AVE", "borough": "staten_island", "direction": "TW", "total_row_ft": 65.6, "roadbed_ft": 41.8, "median_ft": 0.0, "left_sw_ft": 8.4, "right_sw_ft": 15.4}, "geometry": {"type": "LineString", "coordinates": [[-74.11889162995575, 40.634324848924365], [-74.11891925853126, 40.634503577104276]]}}, {"type": "Feature", "properties": {"segment_id": 740862, "physicalid": "52112", "street_name": "CASTLETON AVE", "borough": "staten_island", "direction": "TW", "total_row_ft": 65.6, "roadbed_ft": 41.9, "median_ft": 0.0, "left_sw_ft": 8.1, "right_sw_ft": 15.7}, "geometry": {"type": "LineString", "coordinates": [[-74.11896323869985, 40.634318721059515], [-74.1189909020552, 40.63449767298529]]}}, {"type": "Feature", "properties": {"segment_id": 740863, "physicalid": "52112", "street_name": "CASTLETON AVE", "borough": "staten_island", "direction": "TW", "total_row_ft": 65.8, "roadbed_ft": 42.2, "median_ft": 0.0, "left_sw_ft": 7.9, "right_sw_ft": 15.7}, "geometry": {"type": "LineString", "coordinates": [[-74.11903484741298, 40.63431259303485], [-74.11906258122569, 40.634491999496106]]}}, {"type": "Feature", "properties": {"segment_id": 740864, "physicalid": "52112", "street_name": "CASTLETON AVE", "borough": "staten_island", "direction": "TW", "total_row_ft": 66.0, "roadbed_ft": 42.4, "median_ft": 0.0, "left_sw_ft": 8.0, "right_sw_ft": 15.6}, "geometry": {"type": "LineString", "coordinates": [[-74.11910645609936, 40.63430646487755], [-74.11913426041825, 40.63448632618387]]}}, {"type": "Feature", "properties": {"segment_id": 740865, "physicalid": "52112", "street_name": "CASTLETON AVE", "borough": "staten_island", "direction": "TW", "total_row_ft": 66.1, "roadbed_ft": 42.7, "median_ft": 0.0, "left_sw_ft": 8.0, "right_sw_ft": 15.5}, "geometry": {"type": "LineString", "coordinates": [[-74.11917806472562, 40.634300336371865], [-74.11920593958256, 40.63448065272286]]}}, {"type": "Feature", "properties": {"segment_id": 740866, "physicalid": "52112", "street_name": "CASTLETON AVE", "borough": "staten_island", "direction": "TW", "total_row_ft": 66.8, "roadbed_ft": 42.9, "median_ft": 0.0, "left_sw_ft": 8.5, "right_sw_ft": 15.4}, "geometry": {"type": "LineString", "coordinates": [[-74.11924951769099, 40.63429320097463], [-74.11927764890163, 40.63447517435884]]}}, {"type": "Feature", "properties": {"segment_id": 740867, "physicalid": "52112", "street_name": "CASTLETON AVE", "borough": "staten_island", "direction": "TW", "total_row_ft": 67.5, "roadbed_ft": 43.2, "median_ft": 0.0, "left_sw_ft": 9.0, "right_sw_ft": 15.3}, "geometry": {"type": "LineString", "coordinates": [[-74.11932091672234, 40.63428571885746], [-74.119349377627, 40.63446981912434]]}}, {"type": "Feature", "properties": {"segment_id": 740868, "physicalid": "52113", "street_name": "CASTLETON AVE", "borough": "staten_island", "direction": "TW", "total_row_ft": 96.8, "roadbed_ft": 46.3, "median_ft": 0.0, "left_sw_ft": 35.4, "right_sw_ft": 15.1}, "geometry": {"type": "LineString", "coordinates": [[-74.11946281854976, 40.63419451834328], [-74.11949773184311, 40.634458742552134]]}}, {"type": "Feature", "properties": {"segment_id": 740869, "physicalid": "52113", "street_name": "CASTLETON AVE", "borough": "staten_island", "direction": "TW", "total_row_ft": 70.8, "roadbed_ft": 44.4, "median_ft": 0.0, "left_sw_ft": 11.2, "right_sw_ft": 15.2}, "geometry": {"type": "LineString", "coordinates": [[-74.11954389039794, 40.63425997949421], [-74.11956944669096, 40.63445338803585]]}}, {"type": "Feature", "properties": {"segment_id": 740870, "physicalid": "52113", "street_name": "CASTLETON AVE", "borough": "staten_island", "direction": "TW", "total_row_ft": 75.3, "roadbed_ft": 43.3, "median_ft": 0.0, "left_sw_ft": 11.8, "right_sw_ft": 20.1}, "geometry": {"type": "LineString", "coordinates": [[-74.11961568678278, 40.63425524365754], [-74.11964284387415, 40.63446076523494]]}}, {"type": "Feature", "properties": {"segment_id": 740871, "physicalid": "52113", "street_name": "CASTLETON AVE", "borough": "staten_island", "direction": "TW", "total_row_ft": 69.9, "roadbed_ft": 42.9, "median_ft": 0.0, "left_sw_ft": 11.8, "right_sw_ft": 15.2}, "geometry": {"type": "LineString", "coordinates": [[-74.11968748314025, 40.63425050764603], [-74.11971272225779, 40.63444151271438]]}}, {"type": "Feature", "properties": {"segment_id": 740872, "physicalid": "52113", "street_name": "CASTLETON AVE", "borough": "staten_island", "direction": "TW", "total_row_ft": 69.1, "roadbed_ft": 42.7, "median_ft": 0.0, "left_sw_ft": 11.4, "right_sw_ft": 15.1}, "geometry": {"type": "LineString", "coordinates": [[-74.11975937198477, 40.63424647158829], [-74.11978431318938, 40.634435220569316]]}}, {"type": "Feature", "properties": {"segment_id": 740873, "physicalid": "52113", "street_name": "CASTLETON AVE", "borough": "staten_island", "direction": "TW", "total_row_ft": 68.2, "roadbed_ft": 42.5, "median_ft": 0.0, "left_sw_ft": 10.8, "right_sw_ft": 14.9}, "geometry": {"type": "LineString", "coordinates": [[-74.11983129940502, 40.63424273220388], [-74.11985590479505, 40.63442892833074]]}}, {"type": "Feature", "properties": {"segment_id": 740874, "physicalid": "52113", "street_name": "CASTLETON AVE", "borough": "staten_island", "direction": "TW", "total_row_ft": 67.2, "roadbed_ft": 42.8, "median_ft": 0.0, "left_sw_ft": 10.2, "right_sw_ft": 14.3}, "geometry": {"type": "LineString", "coordinates": [[-74.1199032279201, 40.634238993293614], [-74.11992749525291, 40.63442263614731]]}}, {"type": "Feature", "properties": {"segment_id": 740875, "physicalid": "52113", "street_name": "CASTLETON AVE", "borough": "staten_island", "direction": "TW", "total_row_ft": 66.8, "roadbed_ft": 43.0, "median_ft": 0.0, "left_sw_ft": 9.6, "right_sw_ft": 14.1}, "geometry": {"type": "LineString", "coordinates": [[-74.11997515603802, 40.634235254465736], [-74.11999925336086, 40.634417609281925]]}}, {"type": "Feature", "properties": {"segment_id": 914939, "physicalid": "63923", "street_name": "BEMENT AVE", "borough": "staten_island", "direction": "TW", "total_row_ft": 150.0, "roadbed_ft": 120.0, "median_ft": 0.0, "left_sw_ft": 15.0, "right_sw_ft": 15.0}, "geometry": {"type": "LineString", "coordinates": [[-74.11173171585561, 40.63324161009451], [-74.1121589837597, 40.6331912997872]]}}, {"type": "Feature", "properties": {"segment_id": 914940, "physicalid": "63923", "street_name": "BEMENT AVE", "borough": "staten_island", "direction": "TW", "total_row_ft": 50.9, "roadbed_ft": 33.8, "median_ft": 0.0, "left_sw_ft": 7.6, "right_sw_ft": 9.5}, "geometry": {"type": "LineString", "coordinates": [[-74.1118457308381, 40.63317263755809], [-74.11202678899463, 40.633151318164266]]}}, {"type": "Feature", "properties": {"segment_id": 914941, "physicalid": "63923", "street_name": "BEMENT AVE", "borough": "staten_island", "direction": "TW", "total_row_ft": 50.8, "roadbed_ft": 33.9, "median_ft": 0.0, "left_sw_ft": 7.3, "right_sw_ft": 9.6}, "geometry": {"type": "LineString", "coordinates": [[-74.11183472728266, 40.63311838564014], [-74.11201566691534, 40.633097080202745]]}}, {"type": "Feature", "properties": {"segment_id": 914942, "physicalid": "63923", "street_name": "BEMENT AVE", "borough": "staten_island", "direction": "TW", "total_row_ft": 50.8, "roadbed_ft": 33.4, "median_ft": 0.0, "left_sw_ft": 7.6, "right_sw_ft": 9.8}, "geometry": {"type": "LineString", "coordinates": [[-74.11182372374509, 40.63306413372083], [-74.11200454485413, 40.63304284223984]]}}, {"type": "Feature", "properties": {"segment_id": 914943, "physicalid": "63923", "street_name": "BEMENT AVE", "borough": "staten_island", "direction": "TW", "total_row_ft": 50.8, "roadbed_ft": 33.0, "median_ft": 0.0, "left_sw_ft": 7.8, "right_sw_ft": 10.0}, "geometry": {"type": "LineString", "coordinates": [[-74.11181272022542, 40.63300988180015], [-74.11199342258254, 40.63298860430245]]}}, {"type": "Feature", "properties": {"segment_id": 914944, "physicalid": "63923", "street_name": "BEMENT AVE", "borough": "staten_island", "direction": "TW", "total_row_ft": 50.8, "roadbed_ft": 32.6, "median_ft": 0.0, "left_sw_ft": 8.1, "right_sw_ft": 10.2}, "geometry": {"type": "LineString", "coordinates": [[-74.1118014717835, 40.63295565871932], [-74.11198230025336, 40.63293436637255]]}}, {"type": "Feature", "properties": {"segment_id": 914945, "physicalid": "63923", "street_name": "BEMENT AVE", "borough": "staten_island", "direction": "TW", "total_row_ft": 50.8, "roadbed_ft": 32.3, "median_ft": 0.0, "left_sw_ft": 8.2, "right_sw_ft": 10.3}, "geometry": {"type": "LineString", "coordinates": [[-74.11179012959104, 40.63290144667818], [-74.11197117794225, 40.63288012844128]]}}, {"type": "Feature", "properties": {"segment_id": 914946, "physicalid": "63923", "street_name": "BEMENT AVE", "borough": "staten_island", "direction": "TW", "total_row_ft": 50.9, "roadbed_ft": 32.2, "median_ft": 0.0, "left_sw_ft": 8.3, "right_sw_ft": 10.4}, "geometry": {"type": "LineString", "coordinates": [[-74.11177878749298, 40.63284723462663], [-74.11196005564923, 40.632825890508606]]}}, {"type": "Feature", "properties": {"segment_id": 914947, "physicalid": "63923", "street_name": "BEMENT AVE", "borough": "staten_island", "direction": "TW", "total_row_ft": 51.0, "roadbed_ft": 32.0, "median_ft": 0.0, "left_sw_ft": 8.4, "right_sw_ft": 10.5}, "geometry": {"type": "LineString", "coordinates": [[-74.11176744560441, 40.63279302255116], [-74.1119489333743, 40.632771652574576]]}}, {"type": "Feature", "properties": {"segment_id": 914948, "physicalid": "63923", "street_name": "BEMENT AVE", "borough": "staten_island", "direction": "TW", "total_row_ft": 50.9, "roadbed_ft": 31.9, "median_ft": 0.0, "left_sw_ft": 8.6, "right_sw_ft": 10.5}, "geometry": {"type": "LineString", "coordinates": [[-74.11175610373428, 40.63273881047424], [-74.11193726766801, 40.632717478630106]]}}, {"type": "Feature", "properties": {"segment_id": 914949, "physicalid": "63923", "street_name": "BEMENT AVE", "borough": "staten_island", "direction": "TW", "total_row_ft": 50.7, "roadbed_ft": 31.7, "median_ft": 0.0, "left_sw_ft": 8.6, "right_sw_ft": 10.4}, "geometry": {"type": "LineString", "coordinates": [[-74.11174497768002, 40.632684572986186], [-74.11192535135292, 40.63266333419548]]}}, {"type": "Feature", "properties": {"segment_id": 914950, "physicalid": "63923", "street_name": "BEMENT AVE", "borough": "staten_island", "direction": "TW", "total_row_ft": 50.2, "roadbed_ft": 31.6, "median_ft": 0.0, "left_sw_ft": 8.4, "right_sw_ft": 10.2}, "geometry": {"type": "LineString", "coordinates": [[-74.11173455909477, 40.63263013522108], [-74.11191345996902, 40.63260930295214]]}}, {"type": "Feature", "properties": {"segment_id": 914951, "physicalid": "63923", "street_name": "BEMENT AVE", "borough": "staten_island", "direction": "TW", "total_row_ft": 49.8, "roadbed_ft": 31.7, "median_ft": 0.0, "left_sw_ft": 8.1, "right_sw_ft": 10.0}, "geometry": {"type": "LineString", "coordinates": [[-74.11172416255444, 40.632575812552304], [-74.11190154342148, 40.63255515728265]]}}, {"type": "Feature", "properties": {"segment_id": 914952, "physicalid": "63923", "street_name": "BEMENT AVE", "borough": "staten_island", "direction": "TW", "total_row_ft": 49.4, "roadbed_ft": 31.9, "median_ft": 0.0, "left_sw_ft": 7.8, "right_sw_ft": 9.7}, "geometry": {"type": "LineString", "coordinates": [[-74.11171376603103, 40.63252148988228], [-74.11188968860655, 40.63250100442531]]}}, {"type": "Feature", "properties": {"segment_id": 914953, "physicalid": "63923", "street_name": "BEMENT AVE", "borough": "staten_island", "direction": "TW", "total_row_ft": 49.2, "roadbed_ft": 32.0, "median_ft": 0.0, "left_sw_ft": 7.5, "right_sw_ft": 9.7}, "geometry": {"type": "LineString", "coordinates": [[-74.11170336138744, 40.632467168158534], [-74.11187874263598, 40.63244674573678]]}}, {"type": "Feature", "properties": {"segment_id": 914954, "physicalid": "63923", "street_name": "BEMENT AVE", "borough": "staten_island", "direction": "TW", "total_row_ft": 49.2, "roadbed_ft": 32.2, "median_ft": 0.0, "left_sw_ft": 7.4, "right_sw_ft": 9.6}, "geometry": {"type": "LineString", "coordinates": [[-74.11169257527943, 40.63241289085516], [-74.1118677966832, 40.63239248704689]]}}, {"type": "Feature", "properties": {"segment_id": 914955, "physicalid": "63923", "street_name": "BEMENT AVE", "borough": "staten_island", "direction": "TW", "total_row_ft": 49.2, "roadbed_ft": 32.2, "median_ft": 0.0, "left_sw_ft": 7.4, "right_sw_ft": 9.6}, "geometry": {"type": "LineString", "coordinates": [[-74.11168178918898, 40.63235861355043], [-74.11185685096345, 40.632338228330575]]}}, {"type": "Feature", "properties": {"segment_id": 914956, "physicalid": "63923", "street_name": "BEMENT AVE", "borough": "staten_island", "direction": "TW", "total_row_ft": 49.2, "roadbed_ft": 32.2, "median_ft": 0.0, "left_sw_ft": 7.4, "right_sw_ft": 9.6}, "geometry": {"type": "LineString", "coordinates": [[-74.11167100311606, 40.63230433624438], [-74.11184617727633, 40.63228393793768]]}}, {"type": "Feature", "properties": {"segment_id": 914957, "physicalid": "63923", "street_name": "BEMENT AVE", "borough": "staten_island", "direction": "TW", "total_row_ft": 49.5, "roadbed_ft": 32.2, "median_ft": 0.0, "left_sw_ft": 7.4, "right_sw_ft": 10.0}, "geometry": {"type": "LineString", "coordinates": [[-74.11166021706066, 40.632250058937004], [-74.11183656689371, 40.63222952372723]]}}, {"type": "Feature", "properties": {"segment_id": 914958, "physicalid": "63923", "street_name": "BEMENT AVE", "borough": "staten_island", "direction": "TW", "total_row_ft": 49.8, "roadbed_ft": 32.2, "median_ft": 0.0, "left_sw_ft": 7.4, "right_sw_ft": 10.3}, "geometry": {"type": "LineString", "coordinates": [[-74.11164943102283, 40.63219578162832], [-74.11182695652676, 40.63217510951566]]}}, {"type": "Feature", "properties": {"segment_id": 914959, "physicalid": "63923", "street_name": "BEMENT AVE", "borough": "staten_island", "direction": "TW", "total_row_ft": 50.2, "roadbed_ft": 32.2, "median_ft": 0.0, "left_sw_ft": 7.4, "right_sw_ft": 10.6}, "geometry": {"type": "LineString", "coordinates": [[-74.11163843140973, 40.632141529190115], [-74.11181734617547, 40.63212069530297]]}}, {"type": "Feature", "properties": {"segment_id": 914960, "physicalid": "63923", "street_name": "BEMENT AVE", "borough": "staten_island", "direction": "TW", "total_row_ft": 50.7, "roadbed_ft": 32.3, "median_ft": 0.0, "left_sw_ft": 7.4, "right_sw_ft": 11.0}, "geometry": {"type": "LineString", "coordinates": [[-74.11162715938818, 40.63208730847322], [-74.11180773583985, 40.63206628108917]]}}, {"type": "Feature", "properties": {"segment_id": 914961, "physicalid": "63923", "street_name": "BEMENT AVE", "borough": "staten_island", "direction": "TW", "total_row_ft": 50.5, "roadbed_ft": 32.5, "median_ft": 0.0, "left_sw_ft": 7.4, "right_sw_ft": 10.6}, "geometry": {"type": "LineString", "coordinates": [[-74.1116158873911, 40.63203308775422], [-74.11179572766763, 40.63201214609624]]}}, {"type": "Feature", "properties": {"segment_id": 914962, "physicalid": "63923", "street_name": "BEMENT AVE", "borough": "staten_island", "direction": "TW", "total_row_ft": 50.2, "roadbed_ft": 32.8, "median_ft": 0.0, "left_sw_ft": 7.4, "right_sw_ft": 10.0}, "geometry": {"type": "LineString", "coordinates": [[-74.11160461541235, 40.6319788670338], [-74.11178346913545, 40.6319580402576]]}}, {"type": "Feature", "properties": {"segment_id": 914963, "physicalid": "63923", "street_name": "BEMENT AVE", "borough": "staten_island", "direction": "TW", "total_row_ft": 49.9, "roadbed_ft": 33.1, "median_ft": 0.0, "left_sw_ft": 7.4, "right_sw_ft": 9.4}, "geometry": {"type": "LineString", "coordinates": [[-74.11159334345191, 40.63192464631194], [-74.11177120682412, 40.631903934859686]]}}, {"type": "Feature", "properties": {"segment_id": 914964, "physicalid": "63923", "street_name": "BEMENT AVE", "borough": "staten_island", "direction": "TW", "total_row_ft": 49.7, "roadbed_ft": 33.4, "median_ft": 0.0, "left_sw_ft": 7.5, "right_sw_ft": 8.9}, "geometry": {"type": "LineString", "coordinates": [[-74.11158208892142, 40.63187042356117], [-74.11175894352037, 40.631849829578066]]}}, {"type": "Feature", "properties": {"segment_id": 914965, "physicalid": "63923", "street_name": "BEMENT AVE", "borough": "staten_island", "direction": "TW", "total_row_ft": 49.2, "roadbed_ft": 33.6, "median_ft": 0.0, "left_sw_ft": 7.4, "right_sw_ft": 8.3}, "geometry": {"type": "LineString", "coordinates": [[-74.11157142099093, 40.63181613250445], [-74.11174668023651, 40.631795724294804]]}}, {"type": "Feature", "properties": {"segment_id": 914966, "physicalid": "63923", "street_name": "BEMENT AVE", "borough": "staten_island", "direction": "TW", "total_row_ft": 48.9, "roadbed_ft": 33.7, "median_ft": 0.0, "left_sw_ft": 7.3, "right_sw_ft": 8.0}, "geometry": {"type": "LineString", "coordinates": [[-74.11156075344472, 40.63176184140368], [-74.11173502576358, 40.631741548118256]]}}, {"type": "Feature", "properties": {"segment_id": 914967, "physicalid": "63923", "street_name": "BEMENT AVE", "borough": "staten_island", "direction": "TW", "total_row_ft": 49.1, "roadbed_ft": 33.6, "median_ft": 0.0, "left_sw_ft": 7.2, "right_sw_ft": 8.2}, "geometry": {"type": "LineString", "coordinates": [[-74.11155008616187, 40.631707550272985], [-74.11172478437071, 40.631687207394016]]}}, {"type": "Feature", "properties": {"segment_id": 914968, "physicalid": "63923", "street_name": "BEMENT AVE", "borough": "staten_island", "direction": "TW", "total_row_ft": 49.2, "roadbed_ft": 33.5, "median_ft": 0.0, "left_sw_ft": 7.1, "right_sw_ft": 8.5}, "geometry": {"type": "LineString", "coordinates": [[-74.11153938277073, 40.63165326334762], [-74.1117145425113, 40.63163286672481]]}}, {"type": "Feature", "properties": {"segment_id": 914969, "physicalid": "63923", "street_name": "BEMENT AVE", "borough": "staten_island", "direction": "TW", "total_row_ft": 49.3, "roadbed_ft": 33.4, "median_ft": 0.0, "left_sw_ft": 7.2, "right_sw_ft": 8.7}, "geometry": {"type": "LineString", "coordinates": [[-74.11152848868338, 40.631598998628604], [-74.1117039730257, 40.6315785642073]]}}, {"type": "Feature", "properties": {"segment_id": 914970, "physicalid": "63923", "street_name": "BEMENT AVE", "borough": "staten_island", "direction": "TW", "total_row_ft": 49.1, "roadbed_ft": 33.3, "median_ft": 0.0, "left_sw_ft": 7.2, "right_sw_ft": 8.6}, "geometry": {"type": "LineString", "coordinates": [[-74.11151759484547, 40.63154473388123], [-74.11169242984843, 40.63152437507361]]}}, {"type": "Feature", "properties": {"segment_id": 914971, "physicalid": "63923", "street_name": "BEMENT AVE", "borough": "staten_island", "direction": "TW", "total_row_ft": 48.9, "roadbed_ft": 33.7, "median_ft": 0.0, "left_sw_ft": 7.2, "right_sw_ft": 8.0}, "geometry": {"type": "LineString", "coordinates": [[-74.11150670121663, 40.63149046911026], [-74.1116808864406, 40.63147018596746]]}}, {"type": "Feature", "properties": {"segment_id": 914972, "physicalid": "63923", "street_name": "BEMENT AVE", "borough": "staten_island", "direction": "TW", "total_row_ft": 48.8, "roadbed_ft": 34.4, "median_ft": 0.0, "left_sw_ft": 7.2, "right_sw_ft": 7.1}, "geometry": {"type": "LineString", "coordinates": [[-74.11149566763746, 40.6314362206365], [-74.11166934311274, 40.63141599685273]]}}, {"type": "Feature", "properties": {"segment_id": 914973, "physicalid": "63924", "street_name": "BEMENT AVE", "borough": "staten_island", "direction": "TW", "total_row_ft": 50.0, "roadbed_ft": 34.8, "median_ft": 0.0, "left_sw_ft": 7.4, "right_sw_ft": 7.9}, "geometry": {"type": "LineString", "coordinates": [[-74.1119931971421, 40.63390634924753], [-74.11217143441294, 40.6338856529311]]}}, {"type": "Feature", "properties": {"segment_id": 914974, "physicalid": "63924", "street_name": "BEMENT AVE", "borough": "staten_island", "direction": "TW", "total_row_ft": 49.9, "roadbed_ft": 34.8, "median_ft": 0.0, "left_sw_ft": 7.4, "right_sw_ft": 7.6}, "geometry": {"type": "LineString", "coordinates": [[-74.11198248833968, 40.633852062977255], [-74.11216013013866, 40.63383143580549]]}}, {"type": "Feature", "properties": {"segment_id": 914975, "physicalid": "63924", "street_name": "BEMENT AVE", "borough": "staten_island", "direction": "TW", "total_row_ft": 50.0, "roadbed_ft": 34.8, "median_ft": 0.0, "left_sw_ft": 7.5, "right_sw_ft": 7.7}, "geometry": {"type": "LineString", "coordinates": [[-74.11197180804358, 40.633797773397646], [-74.11214988313242, 40.63377709591339]]}}, {"type": "Feature", "properties": {"segment_id": 914976, "physicalid": "63924", "street_name": "BEMENT AVE", "borough": "staten_island", "direction": "TW", "total_row_ft": 50.1, "roadbed_ft": 34.8, "median_ft": 0.0, "left_sw_ft": 7.5, "right_sw_ft": 7.8}, "geometry": {"type": "LineString", "coordinates": [[-74.11196112779992, 40.633743483812644], [-74.11213951266888, 40.63372277035748]]}}, {"type": "Feature", "properties": {"segment_id": 914977, "physicalid": "63924", "street_name": "BEMENT AVE", "borough": "staten_island", "direction": "TW", "total_row_ft": 50.0, "roadbed_ft": 34.8, "median_ft": 0.0, "left_sw_ft": 7.5, "right_sw_ft": 7.7}, "geometry": {"type": "LineString", "coordinates": [[-74.11195044790158, 40.63368919418827], [-74.11212860349805, 40.63366850735563]]}}, {"type": "Feature", "properties": {"segment_id": 914978, "physicalid": "63924", "street_name": "BEMENT AVE", "borough": "staten_island", "direction": "TW", "total_row_ft": 50.0, "roadbed_ft": 34.8, "median_ft": 0.0, "left_sw_ft": 7.5, "right_sw_ft": 7.6}, "geometry": {"type": "LineString", "coordinates": [[-74.11193976802062, 40.63363490456258], [-74.11211769434497, 40.63361424435241]]}}, {"type": "Feature", "properties": {"segment_id": 914979, "physicalid": "63924", "street_name": "BEMENT AVE", "borough": "staten_island", "direction": "TW", "total_row_ft": 49.9, "roadbed_ft": 34.8, "median_ft": 0.0, "left_sw_ft": 7.5, "right_sw_ft": 7.6}, "geometry": {"type": "LineString", "coordinates": [[-74.1119290882098, 40.633580614929436], [-74.11210678524893, 40.63355998134328]]}}, {"type": "Feature", "properties": {"segment_id": 914980, "physicalid": "63924", "street_name": "BEMENT AVE", "borough": "staten_island", "direction": "TW", "total_row_ft": 49.9, "roadbed_ft": 34.8, "median_ft": 0.0, "left_sw_ft": 7.5, "right_sw_ft": 7.6}, "geometry": {"type": "LineString", "coordinates": [[-74.11191801127438, 40.63352637140949], [-74.112095876225, 40.63350571832648]]}}, {"type": "Feature", "properties": {"segment_id": 914981, "physicalid": "63924", "street_name": "BEMENT AVE", "borough": "staten_island", "direction": "TW", "total_row_ft": 50.2, "roadbed_ft": 34.8, "median_ft": 0.0, "left_sw_ft": 7.8, "right_sw_ft": 7.6}, "geometry": {"type": "LineString", "coordinates": [[-74.11190619531753, 40.63347221370234], [-74.1120849672188, 40.633451455308325]]}}, {"type": "Feature", "properties": {"segment_id": 914982, "physicalid": "63924", "street_name": "BEMENT AVE", "borough": "staten_island", "direction": "TW", "total_row_ft": 50.4, "roadbed_ft": 34.8, "median_ft": 0.0, "left_sw_ft": 8.0, "right_sw_ft": 7.6}, "geometry": {"type": "LineString", "coordinates": [[-74.11189437937988, 40.633418055993644], [-74.11207405823036, 40.63339719228884]]}}, {"type": "Feature", "properties": {"segment_id": 914983, "physicalid": "63924", "street_name": "BEMENT AVE", "borough": "staten_island", "direction": "TW", "total_row_ft": 50.6, "roadbed_ft": 34.8, "median_ft": 0.0, "left_sw_ft": 8.3, "right_sw_ft": 7.5}, "geometry": {"type": "LineString", "coordinates": [[-74.11188256350455, 40.633363898278375], [-74.11206284092975, 40.63334296507047]]}}, {"type": "Feature", "properties": {"segment_id": 914984, "physicalid": "63924", "street_name": "BEMENT AVE", "borough": "staten_island", "direction": "TW", "total_row_ft": 120.0, "roadbed_ft": 40.7, "median_ft": 0.0, "left_sw_ft": 40.2, "right_sw_ft": 39.1}, "geometry": {"type": "LineString", "coordinates": [[-74.11174830437457, 40.63332395809254], [-74.11217571008821, 40.633274329179486]]}}, {"type": "Feature", "properties": {"segment_id": 914985, "physicalid": "63925", "street_name": "BEMENT AVE", "borough": "staten_island", "direction": "TW", "total_row_ft": 133.6, "roadbed_ft": 80.4, "median_ft": 0.0, "left_sw_ft": 15.0, "right_sw_ft": 38.2}, "geometry": {"type": "LineString", "coordinates": [[-74.11202978166978, 40.63473109454701], [-74.1124522071817, 40.63468205707982]]}}, {"type": "Feature", "properties": {"segment_id": 914986, "physicalid": "63925", "street_name": "BEMENT AVE", "borough": "staten_island", "direction": "TW", "total_row_ft": 54.1, "roadbed_ft": 36.4, "median_ft": 0.0, "left_sw_ft": 10.9, "right_sw_ft": 6.7}, "geometry": {"type": "LineString", "coordinates": [[-74.11201892697073, 40.63467682520693], [-74.1123202949678, 40.6346418409257]]}}, {"type": "Feature", "properties": {"segment_id": 914987, "physicalid": "63925", "street_name": "BEMENT AVE", "borough": "staten_island", "direction": "TW", "total_row_ft": 50.1, "roadbed_ft": 36.8, "median_ft": 0.0, "left_sw_ft": 6.8, "right_sw_ft": 6.5}, "geometry": {"type": "LineString", "coordinates": [[-74.11213074751015, 40.63460831522173], [-74.11230935284246, 40.63458758173576]]}}, {"type": "Feature", "properties": {"segment_id": 914988, "physicalid": "63925", "street_name": "BEMENT AVE", "borough": "staten_island", "direction": "TW", "total_row_ft": 50.0, "roadbed_ft": 37.0, "median_ft": 0.0, "left_sw_ft": 6.5, "right_sw_ft": 6.5}, "geometry": {"type": "LineString", "coordinates": [[-74.11212027251577, 40.634554001805384], [-74.11229841014676, 40.63453332261278]]}}, {"type": "Feature", "properties": {"segment_id": 914989, "physicalid": "63925", "street_name": "BEMENT AVE", "borough": "staten_island", "direction": "TW", "total_row_ft": 49.9, "roadbed_ft": 37.0, "median_ft": 0.0, "left_sw_ft": 6.3, "right_sw_ft": 6.6}, "geometry": {"type": "LineString", "coordinates": [[-74.11210979750048, 40.63449968839216], [-74.11228746745898, 40.634479063489614]]}}, {"type": "Feature", "properties": {"segment_id": 914990, "physicalid": "63925", "street_name": "BEMENT AVE", "borough": "staten_island", "direction": "TW", "total_row_ft": 49.8, "roadbed_ft": 36.7, "median_ft": 0.0, "left_sw_ft": 6.4, "right_sw_ft": 6.6}, "geometry": {"type": "LineString", "coordinates": [[-74.11209932246848, 40.63444537498158], [-74.11227665948046, 40.634424788729206]]}}, {"type": "Feature", "properties": {"segment_id": 914991, "physicalid": "63925", "street_name": "BEMENT AVE", "borough": "staten_island", "direction": "TW", "total_row_ft": 49.7, "roadbed_ft": 36.5, "median_ft": 0.0, "left_sw_ft": 6.5, "right_sw_ft": 6.8}, "geometry": {"type": "LineString", "coordinates": [[-74.11208883752005, 40.63439106272288], [-74.11226595778975, 40.63437050163096]]}}, {"type": "Feature", "properties": {"segment_id": 914992, "physicalid": "63925", "street_name": "BEMENT AVE", "borough": "staten_island", "direction": "TW", "total_row_ft": 49.7, "roadbed_ft": 36.3, "median_ft": 0.0, "left_sw_ft": 6.5, "right_sw_ft": 6.9}, "geometry": {"type": "LineString", "coordinates": [[-74.11207827323598, 40.6343367596745], [-74.11225525611646, 40.63431621453143]]}}, {"type": "Feature", "properties": {"segment_id": 914993, "physicalid": "63925", "street_name": "BEMENT AVE", "borough": "staten_island", "direction": "TW", "total_row_ft": 49.7, "roadbed_ft": 35.1, "median_ft": 0.0, "left_sw_ft": 7.6, "right_sw_ft": 7.0}, "geometry": {"type": "LineString", "coordinates": [[-74.112067708415, 40.634282456689206], [-74.11224455445885, 40.63426192743072]]}}, {"type": "Feature", "properties": {"segment_id": 914994, "physicalid": "63925", "street_name": "BEMENT AVE", "borough": "staten_island", "direction": "TW", "total_row_ft": 49.6, "roadbed_ft": 34.8, "median_ft": 0.0, "left_sw_ft": 7.7, "right_sw_ft": 7.1}, "geometry": {"type": "LineString", "coordinates": [[-74.11205714352546, 40.63422815371253], [-74.11223385281828, 40.6342076403288]]}}, {"type": "Feature", "properties": {"segment_id": 914995, "physicalid": "63925", "street_name": "BEMENT AVE", "borough": "staten_island", "direction": "TW", "total_row_ft": 49.6, "roadbed_ft": 34.8, "median_ft": 0.0, "left_sw_ft": 7.5, "right_sw_ft": 7.3}, "geometry": {"type": "LineString", "coordinates": [[-74.11204657883184, 40.63417385071381], [-74.1122233022115, 40.63415333569461]]}}, {"type": "Feature", "properties": {"segment_id": 914996, "physicalid": "63925", "street_name": "BEMENT AVE", "borough": "staten_island", "direction": "TW", "total_row_ft": 49.7, "roadbed_ft": 34.8, "median_ft": 0.0, "left_sw_ft": 7.4, "right_sw_ft": 7.5}, "geometry": {"type": "LineString", "coordinates": [[-74.11203598946827, 40.63411955057964], [-74.11221286781499, 40.63409901757068]]}}, {"type": "Feature", "properties": {"segment_id": 914997, "physicalid": "63925", "street_name": "BEMENT AVE", "borough": "staten_island", "direction": "TW", "total_row_ft": 49.8, "roadbed_ft": 34.8, "median_ft": 0.0, "left_sw_ft": 7.3, "right_sw_ft": 7.7}, "geometry": {"type": "LineString", "coordinates": [[-74.11202509753019, 40.634065285570415], [-74.11220243343543, 40.634044699445525]]}}, {"type": "Feature", "properties": {"segment_id": 914998, "physicalid": "63925", "street_name": "BEMENT AVE", "borough": "staten_island", "direction": "TW", "total_row_ft": 49.9, "roadbed_ft": 34.8, "median_ft": 0.0, "left_sw_ft": 7.2, "right_sw_ft": 7.9}, "geometry": {"type": "LineString", "coordinates": [[-74.112014205874, 40.63401102052917], [-74.11219199937514, 40.63399038128401]]}}, {"type": "Feature", "properties": {"segment_id": 914999, "physicalid": "63926", "street_name": "BEMENT AVE", "borough": "staten_island", "direction": "TW", "total_row_ft": 150.0, "roadbed_ft": 120.0, "median_ft": 0.0, "left_sw_ft": 15.0, "right_sw_ft": 15.0}, "geometry": {"type": "LineString", "coordinates": [[-74.11257212612811, 40.63751425890023], [-74.11299981137736, 40.6374659098676]]}}, {"type": "Feature", "properties": {"segment_id": 915000, "physicalid": "63926", "street_name": "BEMENT AVE", "borough": "staten_island", "direction": "TW", "total_row_ft": 49.0, "roadbed_ft": 34.6, "median_ft": 0.0, "left_sw_ft": 9.2, "right_sw_ft": 5.3}, "geometry": {"type": "LineString", "coordinates": [[-74.11268246235191, 40.63744628886267], [-74.11285705950003, 40.6374265509846]]}}, {"type": "Feature", "properties": {"segment_id": 915001, "physicalid": "63926", "street_name": "BEMENT AVE", "borough": "staten_island", "direction": "TW", "total_row_ft": 48.2, "roadbed_ft": 34.6, "median_ft": 0.0, "left_sw_ft": 7.9, "right_sw_ft": 5.7}, "geometry": {"type": "LineString", "coordinates": [[-74.11267582873191, 40.637391541886814], [-74.11284750140287, 40.63737213461173]]}}, {"type": "Feature", "properties": {"segment_id": 915002, "physicalid": "63926", "street_name": "BEMENT AVE", "borough": "staten_island", "direction": "TW", "total_row_ft": 48.5, "roadbed_ft": 34.6, "median_ft": 0.0, "left_sw_ft": 7.8, "right_sw_ft": 6.2}, "geometry": {"type": "LineString", "coordinates": [[-74.11266499382903, 40.63733726985541], [-74.1128379433256, 40.637317718237234]]}}, {"type": "Feature", "properties": {"segment_id": 915003, "physicalid": "63926", "street_name": "BEMENT AVE", "borough": "staten_island", "direction": "TW", "total_row_ft": 48.7, "roadbed_ft": 34.6, "median_ft": 0.0, "left_sw_ft": 7.7, "right_sw_ft": 6.4}, "geometry": {"type": "LineString", "coordinates": [[-74.11265415894377, 40.63728299782271], [-74.11282765538735, 40.63726338437339]]}}, {"type": "Feature", "properties": {"segment_id": 915004, "physicalid": "63926", "street_name": "BEMENT AVE", "borough": "staten_island", "direction": "TW", "total_row_ft": 48.8, "roadbed_ft": 34.6, "median_ft": 0.0, "left_sw_ft": 7.7, "right_sw_ft": 6.5}, "geometry": {"type": "LineString", "coordinates": [[-74.11264332407615, 40.637228725788674], [-74.11281707751645, 40.637209083286756]]}}, {"type": "Feature", "properties": {"segment_id": 915005, "physicalid": "63926", "street_name": "BEMENT AVE", "borough": "staten_island", "direction": "TW", "total_row_ft": 48.8, "roadbed_ft": 34.6, "median_ft": 0.0, "left_sw_ft": 7.9, "right_sw_ft": 6.4}, "geometry": {"type": "LineString", "coordinates": [[-74.11263248922614, 40.63717445375325], [-74.11280649966275, 40.637154782198856]]}}, {"type": "Feature", "properties": {"segment_id": 915006, "physicalid": "63926", "street_name": "BEMENT AVE", "borough": "staten_island", "direction": "TW", "total_row_ft": 48.9, "roadbed_ft": 34.6, "median_ft": 0.0, "left_sw_ft": 8.0, "right_sw_ft": 6.3}, "geometry": {"type": "LineString", "coordinates": [[-74.11262165422833, 40.63712018173523], [-74.11279592188207, 40.63710048110333]]}}, {"type": "Feature", "properties": {"segment_id": 915007, "physicalid": "63926", "street_name": "BEMENT AVE", "borough": "staten_island", "direction": "TW", "total_row_ft": 49.0, "roadbed_ft": 34.6, "median_ft": 0.0, "left_sw_ft": 8.2, "right_sw_ft": 6.2}, "geometry": {"type": "LineString", "coordinates": [[-74.11261081921353, 40.63706590971975], [-74.11278534443854, 40.637046179970376]]}}, {"type": "Feature", "properties": {"segment_id": 915008, "physicalid": "63926", "street_name": "BEMENT AVE", "borough": "staten_island", "direction": "TW", "total_row_ft": 49.0, "roadbed_ft": 34.6, "median_ft": 0.0, "left_sw_ft": 8.4, "right_sw_ft": 6.0}, "geometry": {"type": "LineString", "coordinates": [[-74.11259998421637, 40.63701163770294], [-74.112774453558, 40.636991914271746]]}}, {"type": "Feature", "properties": {"segment_id": 915009, "physicalid": "63926", "street_name": "BEMENT AVE", "borough": "staten_island", "direction": "TW", "total_row_ft": 48.8, "roadbed_ft": 34.6, "median_ft": 0.0, "left_sw_ft": 8.3, "right_sw_ft": 5.9}, "geometry": {"type": "LineString", "coordinates": [[-74.11258940657692, 40.636957336593184], [-74.11276323123127, 40.63693768604341]]}}, {"type": "Feature", "properties": {"segment_id": 915010, "physicalid": "63926", "street_name": "BEMENT AVE", "borough": "staten_island", "direction": "TW", "total_row_ft": 48.6, "roadbed_ft": 34.6, "median_ft": 0.0, "left_sw_ft": 8.1, "right_sw_ft": 5.9}, "geometry": {"type": "LineString", "coordinates": [[-74.1125789118678, 40.63690302610901], [-74.1127520089228, 40.63688345781369]]}}, {"type": "Feature", "properties": {"segment_id": 915011, "physicalid": "63926", "street_name": "BEMENT AVE", "borough": "staten_island", "direction": "TW", "total_row_ft": 48.4, "roadbed_ft": 34.6, "median_ft": 0.0, "left_sw_ft": 8.0, "right_sw_ft": 5.8}, "geometry": {"type": "LineString", "coordinates": [[-74.11256841696162, 40.63684871564777], [-74.11274078663254, 40.63682922958248]]}}, {"type": "Feature", "properties": {"segment_id": 915012, "physicalid": "63926", "street_name": "BEMENT AVE", "borough": "staten_island", "direction": "TW", "total_row_ft": 48.2, "roadbed_ft": 34.6, "median_ft": 0.0, "left_sw_ft": 7.8, "right_sw_ft": 5.8}, "geometry": {"type": "LineString", "coordinates": [[-74.11255792194673, 40.63679440519948], [-74.11272968824915, 40.63677498734444]]}}, {"type": "Feature", "properties": {"segment_id": 915013, "physicalid": "63926", "street_name": "BEMENT AVE", "borough": "staten_island", "direction": "TW", "total_row_ft": 48.2, "roadbed_ft": 34.6, "median_ft": 0.0, "left_sw_ft": 7.7, "right_sw_ft": 6.0}, "geometry": {"type": "LineString", "coordinates": [[-74.11254744215982, 40.63674009303034], [-74.11271931811422, 40.63672066277937]]}}, {"type": "Feature", "properties": {"segment_id": 915014, "physicalid": "63926", "street_name": "BEMENT AVE", "borough": "staten_island", "direction": "TW", "total_row_ft": 48.2, "roadbed_ft": 34.6, "median_ft": 0.0, "left_sw_ft": 7.8, "right_sw_ft": 5.9}, "geometry": {"type": "LineString", "coordinates": [[-74.11253701768055, 40.63668577460951], [-74.11270894799615, 40.63666633821301]]}}, {"type": "Feature", "properties": {"segment_id": 915015, "physicalid": "63926", "street_name": "BEMENT AVE", "borough": "staten_island", "direction": "TW", "total_row_ft": 48.3, "roadbed_ft": 34.6, "median_ft": 0.0, "left_sw_ft": 7.8, "right_sw_ft": 5.9}, "geometry": {"type": "LineString", "coordinates": [[-74.11252659289372, 40.63663145622408], [-74.11269857789499, 40.636612013645426]]}}, {"type": "Feature", "properties": {"segment_id": 915016, "physicalid": "63926", "street_name": "BEMENT AVE", "borough": "staten_island", "direction": "TW", "total_row_ft": 48.3, "roadbed_ft": 34.6, "median_ft": 0.0, "left_sw_ft": 7.9, "right_sw_ft": 5.8}, "geometry": {"type": "LineString", "coordinates": [[-74.11251616806626, 40.63657713784386], [-74.11268821315106, 40.63655768847286]]}}, {"type": "Feature", "properties": {"segment_id": 915017, "physicalid": "63926", "street_name": "BEMENT AVE", "borough": "staten_island", "direction": "TW", "total_row_ft": 48.3, "roadbed_ft": 34.6, "median_ft": 0.0, "left_sw_ft": 7.9, "right_sw_ft": 5.8}, "geometry": {"type": "LineString", "coordinates": [[-74.11250574325581, 40.636522819462414], [-74.11267794571368, 40.63650335230054]]}}, {"type": "Feature", "properties": {"segment_id": 915018, "physicalid": "63926", "street_name": "BEMENT AVE", "borough": "staten_island", "direction": "TW", "total_row_ft": 48.4, "roadbed_ft": 34.6, "median_ft": 0.0, "left_sw_ft": 8.0, "right_sw_ft": 5.8}, "geometry": {"type": "LineString", "coordinates": [[-74.11249533739216, 40.63646849893972], [-74.11266767828822, 40.63644901612752]]}}, {"type": "Feature", "properties": {"segment_id": 915019, "physicalid": "63926", "street_name": "BEMENT AVE", "borough": "staten_island", "direction": "TW", "total_row_ft": 48.3, "roadbed_ft": 34.6, "median_ft": 0.0, "left_sw_ft": 7.6, "right_sw_ft": 6.1}, "geometry": {"type": "LineString", "coordinates": [[-74.11248534700219, 40.63641413144948], [-74.11265741073451, 40.636394679969676]]}}, {"type": "Feature", "properties": {"segment_id": 915020, "physicalid": "63926", "street_name": "BEMENT AVE", "borough": "staten_island", "direction": "TW", "total_row_ft": 48.2, "roadbed_ft": 34.6, "median_ft": 0.0, "left_sw_ft": 7.3, "right_sw_ft": 6.3}, "geometry": {"type": "LineString", "coordinates": [[-74.11247535662851, 40.636359763958076], [-74.11264714319752, 40.63634034381057]]}}, {"type": "Feature", "properties": {"segment_id": 915021, "physicalid": "63926", "street_name": "BEMENT AVE", "borough": "staten_island", "direction": "TW", "total_row_ft": 48.1, "roadbed_ft": 34.6, "median_ft": 0.0, "left_sw_ft": 6.9, "right_sw_ft": 6.6}, "geometry": {"type": "LineString", "coordinates": [[-74.11246536619552, 40.636305396473986], [-74.11263685415952, 40.63628601008276]]}}, {"type": "Feature", "properties": {"segment_id": 915022, "physicalid": "63926", "street_name": "BEMENT AVE", "borough": "staten_island", "direction": "TW", "total_row_ft": 47.9, "roadbed_ft": 34.6, "median_ft": 0.0, "left_sw_ft": 6.6, "right_sw_ft": 6.7}, "geometry": {"type": "LineString", "coordinates": [[-74.11245506983893, 40.63625106357441], [-74.11262589125391, 40.63623175253566]]}}, {"type": "Feature", "properties": {"segment_id": 915023, "physicalid": "63926", "street_name": "BEMENT AVE", "borough": "staten_island", "direction": "TW", "total_row_ft": 47.9, "roadbed_ft": 34.6, "median_ft": 0.0, "left_sw_ft": 6.7, "right_sw_ft": 6.7}, "geometry": {"type": "LineString", "coordinates": [[-74.11244416891961, 40.636196799019714], [-74.11261492836613, 40.6361774949871]]}}, {"type": "Feature", "properties": {"segment_id": 915024, "physicalid": "63926", "street_name": "BEMENT AVE", "borough": "staten_island", "direction": "TW", "total_row_ft": 47.9, "roadbed_ft": 34.6, "median_ft": 0.0, "left_sw_ft": 7.0, "right_sw_ft": 6.3}, "geometry": {"type": "LineString", "coordinates": [[-74.11243326762892, 40.63614253450764], [-74.11260396549618, 40.636123237437246]]}}, {"type": "Feature", "properties": {"segment_id": 915025, "physicalid": "63926", "street_name": "BEMENT AVE", "borough": "staten_island", "direction": "TW", "total_row_ft": 47.9, "roadbed_ft": 34.6, "median_ft": 0.0, "left_sw_ft": 7.4, "right_sw_ft": 6.0}, "geometry": {"type": "LineString", "coordinates": [[-74.11242236617561, 40.63608827001457], [-74.11259300237693, 40.6360689799162]]}}, {"type": "Feature", "properties": {"segment_id": 915026, "physicalid": "63926", "street_name": "BEMENT AVE", "borough": "staten_island", "direction": "TW", "total_row_ft": 48.0, "roadbed_ft": 34.6, "median_ft": 0.0, "left_sw_ft": 7.7, "right_sw_ft": 5.8}, "geometry": {"type": "LineString", "coordinates": [[-74.11241146474005, 40.636034005520195], [-74.11258269046638, 40.63601464877738]]}}, {"type": "Feature", "properties": {"segment_id": 915027, "physicalid": "63926", "street_name": "BEMENT AVE", "borough": "staten_island", "direction": "TW", "total_row_ft": 48.3, "roadbed_ft": 34.6, "median_ft": 0.0, "left_sw_ft": 8.0, "right_sw_ft": 5.7}, "geometry": {"type": "LineString", "coordinates": [[-74.11240075240104, 40.63597971964957], [-74.11257282734165, 40.63596026690448]]}}, {"type": "Feature", "properties": {"segment_id": 915028, "physicalid": "63926", "street_name": "BEMENT AVE", "borough": "staten_island", "direction": "TW", "total_row_ft": 48.4, "roadbed_ft": 34.6, "median_ft": 0.0, "left_sw_ft": 8.1, "right_sw_ft": 5.7}, "geometry": {"type": "LineString", "coordinates": [[-74.11239057115243, 40.635925373741266], [-74.11256296444468, 40.63590588500653]]}}, {"type": "Feature", "properties": {"segment_id": 915029, "physicalid": "63926", "street_name": "BEMENT AVE", "borough": "staten_island", "direction": "TW", "total_row_ft": 48.5, "roadbed_ft": 34.6, "median_ft": 0.0, "left_sw_ft": 8.1, "right_sw_ft": 5.8}, "geometry": {"type": "LineString", "coordinates": [[-74.11238038992042, 40.63587102783174], [-74.11255310156261, 40.63585150310749]]}}, {"type": "Feature", "properties": {"segment_id": 915030, "physicalid": "63926", "street_name": "BEMENT AVE", "borough": "staten_island", "direction": "TW", "total_row_ft": 48.4, "roadbed_ft": 34.6, "median_ft": 0.0, "left_sw_ft": 8.0, "right_sw_ft": 5.8}, "geometry": {"type": "LineString", "coordinates": [[-74.11237020891231, 40.635816681897566], [-74.1125426476231, 40.63579718802751]]}}, {"type": "Feature", "properties": {"segment_id": 915031, "physicalid": "63926", "street_name": "BEMENT AVE", "borough": "staten_island", "direction": "TW", "total_row_ft": 48.2, "roadbed_ft": 34.6, "median_ft": 0.0, "left_sw_ft": 8.2, "right_sw_ft": 5.5}, "geometry": {"type": "LineString", "coordinates": [[-74.112359332655, 40.63576241456006], [-74.11253115761777, 40.63574299007428]]}}, {"type": "Feature", "properties": {"segment_id": 915032, "physicalid": "63926", "street_name": "BEMENT AVE", "borough": "staten_island", "direction": "TW", "total_row_ft": 48.3, "roadbed_ft": 34.6, "median_ft": 0.0, "left_sw_ft": 8.6, "right_sw_ft": 5.1}, "geometry": {"type": "LineString", "coordinates": [[-74.11234755134507, 40.635708249537046], [-74.11251966785879, 40.63568879209383]]}}, {"type": "Feature", "properties": {"segment_id": 915033, "physicalid": "63926", "street_name": "BEMENT AVE", "borough": "staten_island", "direction": "TW", "total_row_ft": 48.4, "roadbed_ft": 34.6, "median_ft": 0.0, "left_sw_ft": 8.8, "right_sw_ft": 5.0}, "geometry": {"type": "LineString", "coordinates": [[-74.1123357698491, 40.635654084535624], [-74.11250817836853, 40.635634594083655]]}}, {"type": "Feature", "properties": {"segment_id": 915034, "physicalid": "63926", "street_name": "BEMENT AVE", "borough": "staten_island", "direction": "TW", "total_row_ft": 48.4, "roadbed_ft": 34.6, "median_ft": 0.0, "left_sw_ft": 8.7, "right_sw_ft": 5.1}, "geometry": {"type": "LineString", "coordinates": [[-74.11232503694835, 40.63559980099404], [-74.11249751600123, 40.63558030256877]]}}, {"type": "Feature", "properties": {"segment_id": 915035, "physicalid": "63926", "street_name": "BEMENT AVE", "borough": "staten_island", "direction": "TW", "total_row_ft": 48.6, "roadbed_ft": 34.6, "median_ft": 0.0, "left_sw_ft": 8.6, "right_sw_ft": 5.4}, "geometry": {"type": "LineString", "coordinates": [[-74.11231444264216, 40.635545501785344], [-74.11248757282105, 40.635525929751296]]}}, {"type": "Feature", "properties": {"segment_id": 915036, "physicalid": "63926", "street_name": "BEMENT AVE", "borough": "staten_island", "direction": "TW", "total_row_ft": 48.9, "roadbed_ft": 34.6, "median_ft": 0.0, "left_sw_ft": 8.5, "right_sw_ft": 5.8}, "geometry": {"type": "LineString", "coordinates": [[-74.11230345793734, 40.63549124671081], [-74.11247762946331, 40.635471556954556]]}}, {"type": "Feature", "properties": {"segment_id": 915037, "physicalid": "63926", "street_name": "BEMENT AVE", "borough": "staten_island", "direction": "TW", "total_row_ft": 49.3, "roadbed_ft": 34.6, "median_ft": 0.0, "left_sw_ft": 8.6, "right_sw_ft": 6.1}, "geometry": {"type": "LineString", "coordinates": [[-74.11229187837377, 40.6354370588841], [-74.11246768624163, 40.635417184143044]]}}, {"type": "Feature", "properties": {"segment_id": 915038, "physicalid": "63926", "street_name": "BEMENT AVE", "borough": "staten_island", "direction": "TW", "total_row_ft": 49.8, "roadbed_ft": 34.6, "median_ft": 0.0, "left_sw_ft": 8.8, "right_sw_ft": 6.4}, "geometry": {"type": "LineString", "coordinates": [[-74.11228029855519, 40.63538287108685], [-74.11245774327296, 40.63536281130361]]}}, {"type": "Feature", "properties": {"segment_id": 915039, "physicalid": "63926", "street_name": "BEMENT AVE", "borough": "staten_island", "direction": "TW", "total_row_ft": 50.2, "roadbed_ft": 34.6, "median_ft": 0.0, "left_sw_ft": 8.9, "right_sw_ft": 6.7}, "geometry": {"type": "LineString", "coordinates": [[-74.1122687187999, 40.63532868328309], [-74.1124477319634, 40.635308446190706]]}}, {"type": "Feature", "properties": {"segment_id": 915040, "physicalid": "63926", "street_name": "BEMENT AVE", "borough": "staten_island", "direction": "TW", "total_row_ft": 50.4, "roadbed_ft": 34.6, "median_ft": 0.0, "left_sw_ft": 9.0, "right_sw_ft": 6.8}, "geometry": {"type": "LineString", "coordinates": [[-74.11225713911699, 40.635274495471805], [-74.1124367811412, 40.635254187289256]]}}, {"type": "Feature", "properties": {"segment_id": 915041, "physicalid": "63926", "street_name": "BEMENT AVE", "borough": "staten_island", "direction": "TW", "total_row_ft": 50.6, "roadbed_ft": 34.6, "median_ft": 0.0, "left_sw_ft": 9.1, "right_sw_ft": 6.8}, "geometry": {"type": "LineString", "coordinates": [[-74.11224566414523, 40.63522029582382], [-74.11242582964184, 40.63519992846503]]}}, {"type": "Feature", "properties": {"segment_id": 915042, "physicalid": "63926", "street_name": "BEMENT AVE", "borough": "staten_island", "direction": "TW", "total_row_ft": 50.5, "roadbed_ft": 34.6, "median_ft": 0.0, "left_sw_ft": 9.1, "right_sw_ft": 6.9}, "geometry": {"type": "LineString", "coordinates": [[-74.11223481667889, 40.63516602523874], [-74.11241487802687, 40.63514566965453]]}}, {"type": "Feature", "properties": {"segment_id": 915043, "physicalid": "63926", "street_name": "BEMENT AVE", "borough": "staten_island", "direction": "TW", "total_row_ft": 50.5, "roadbed_ft": 34.6, "median_ft": 0.0, "left_sw_ft": 9.1, "right_sw_ft": 6.9}, "geometry": {"type": "LineString", "coordinates": [[-74.11222396953407, 40.63511175461799], [-74.11240392640539, 40.63509141084541]]}}, {"type": "Feature", "properties": {"segment_id": 915044, "physicalid": "63926", "street_name": "BEMENT AVE", "borough": "staten_island", "direction": "TW", "total_row_ft": 56.0, "roadbed_ft": 34.6, "median_ft": 0.0, "left_sw_ft": 9.2, "right_sw_ft": 12.2}, "geometry": {"type": "LineString", "coordinates": [[-74.11221312235196, 40.635057484002076], [-74.11241275493893, 40.63503491591125]]}}, {"type": "Feature", "properties": {"segment_id": 915045, "physicalid": "63926", "street_name": "BEMENT AVE", "borough": "staten_island", "direction": "TW", "total_row_ft": 56.1, "roadbed_ft": 34.6, "median_ft": 0.0, "left_sw_ft": 9.4, "right_sw_ft": 12.1}, "geometry": {"type": "LineString", "coordinates": [[-74.11220227499585, 40.63500321340649], [-74.11240218614242, 40.63498061382554]]}}, {"type": "Feature", "properties": {"segment_id": 915046, "physicalid": "63926", "street_name": "BEMENT AVE", "borough": "staten_island", "direction": "TW", "total_row_ft": 56.2, "roadbed_ft": 34.6, "median_ft": 0.0, "left_sw_ft": 9.6, "right_sw_ft": 12.0}, "geometry": {"type": "LineString", "coordinates": [[-74.11219142746262, 40.63494894283159], [-74.11239161716459, 40.63492631176095]]}}, {"type": "Feature", "properties": {"segment_id": 915047, "physicalid": "63926", "street_name": "BEMENT AVE", "borough": "staten_island", "direction": "TW", "total_row_ft": 56.6, "roadbed_ft": 34.6, "median_ft": 0.0, "left_sw_ft": 10.1, "right_sw_ft": 11.9}, "geometry": {"type": "LineString", "coordinates": [[-74.1121793525327, 40.634894811011094], [-74.11238104837874, 40.63487200967535]]}}, {"type": "Feature", "properties": {"segment_id": 915048, "physicalid": "63926", "street_name": "BEMENT AVE", "borough": "staten_island", "direction": "TW", "total_row_ft": 88.2, "roadbed_ft": 34.6, "median_ft": 0.0, "left_sw_ft": 10.6, "right_sw_ft": 43.0}, "geometry": {"type": "LineString", "coordinates": [[-74.1121672187178, 40.634840685848005], [-74.11248150467053, 40.63480515625687]]}}, {"type": "Feature", "properties": {"segment_id": 915049, "physicalid": "63927", "street_name": "BEMENT AVE", "borough": "staten_island", "direction": "TF", "total_row_ft": 98.8, "roadbed_ft": 74.6, "median_ft": 0.0, "left_sw_ft": 9.1, "right_sw_ft": 15.0}, "geometry": {"type": "LineString", "coordinates": [[-74.11294022536771, 40.63939902843056], [-74.11323878415911, 40.639365188883495]]}}, {"type": "Feature", "properties": {"segment_id": 915050, "physicalid": "63927", "street_name": "BEMENT AVE", "borough": "staten_island", "direction": "TF", "total_row_ft": 51.4, "roadbed_ft": 32.2, "median_ft": 0.0, "left_sw_ft": 9.1, "right_sw_ft": 10.1}, "geometry": {"type": "LineString", "coordinates": [[-74.11304507760316, 40.63933164421659], [-74.11322824798219, 40.63931088304175]]}}, {"type": "Feature", "properties": {"segment_id": 915051, "physicalid": "63927", "street_name": "BEMENT AVE", "borough": "staten_island", "direction": "TF", "total_row_ft": 51.2, "roadbed_ft": 32.0, "median_ft": 0.0, "left_sw_ft": 9.0, "right_sw_ft": 10.1}, "geometry": {"type": "LineString", "coordinates": [[-74.11303531611054, 40.639277250570565], [-74.113217711996, 40.63925657717901]]}}, {"type": "Feature", "properties": {"segment_id": 915052, "physicalid": "63927", "street_name": "BEMENT AVE", "borough": "staten_island", "direction": "TF", "total_row_ft": 51.0, "roadbed_ft": 31.9, "median_ft": 0.0, "left_sw_ft": 8.9, "right_sw_ft": 10.1}, "geometry": {"type": "LineString", "coordinates": [[-74.11302555485469, 40.639222856898314], [-74.11320717602698, 40.63920227131501]]}}, {"type": "Feature", "properties": {"segment_id": 915053, "physicalid": "63927", "street_name": "BEMENT AVE", "borough": "staten_island", "direction": "TF", "total_row_ft": 50.7, "roadbed_ft": 32.1, "median_ft": 0.0, "left_sw_ft": 8.9, "right_sw_ft": 9.8}, "geometry": {"type": "LineString", "coordinates": [[-74.11301579361474, 40.63916846322495], [-74.11319664007509, 40.639147965449695]]}}, {"type": "Feature", "properties": {"segment_id": 915054, "physicalid": "63927", "street_name": "BEMENT AVE", "borough": "staten_island", "direction": "TF", "total_row_ft": 50.5, "roadbed_ft": 32.2, "median_ft": 0.0, "left_sw_ft": 8.8, "right_sw_ft": 9.5}, "geometry": {"type": "LineString", "coordinates": [[-74.1130060323907, 40.63911406955038], [-74.11318611591801, 40.639093658248186]]}}, {"type": "Feature", "properties": {"segment_id": 915055, "physicalid": "63927", "street_name": "BEMENT AVE", "borough": "staten_island", "direction": "TF", "total_row_ft": 50.5, "roadbed_ft": 32.4, "median_ft": 0.0, "left_sw_ft": 8.7, "right_sw_ft": 9.4}, "geometry": {"type": "LineString", "coordinates": [[-74.11299579474667, 40.63905972987527], [-74.11317563017631, 40.63903934669311]]}}, {"type": "Feature", "properties": {"segment_id": 915056, "physicalid": "63927", "street_name": "BEMENT AVE", "borough": "staten_island", "direction": "TF", "total_row_ft": 50.6, "roadbed_ft": 32.5, "median_ft": 0.0, "left_sw_ft": 8.7, "right_sw_ft": 9.4}, "geometry": {"type": "LineString", "coordinates": [[-74.11298488113499, 40.639005466816776], [-74.11316514445171, 40.63898503513679]]}}, {"type": "Feature", "properties": {"segment_id": 915057, "physicalid": "63927", "street_name": "BEMENT AVE", "borough": "staten_island", "direction": "TF", "total_row_ft": 50.7, "roadbed_ft": 32.4, "median_ft": 0.0, "left_sw_ft": 8.7, "right_sw_ft": 9.5}, "geometry": {"type": "LineString", "coordinates": [[-74.11297396754105, 40.63895120375691], [-74.11315465874416, 40.6389307235792]]}}, {"type": "Feature", "properties": {"segment_id": 915058, "physicalid": "63927", "street_name": "BEMENT AVE", "borough": "staten_island", "direction": "TF", "total_row_ft": 50.8, "roadbed_ft": 32.1, "median_ft": 0.0, "left_sw_ft": 8.8, "right_sw_ft": 9.9}, "geometry": {"type": "LineString", "coordinates": [[-74.11296305396488, 40.638896940695716], [-74.1131441730537, 40.63887641202031]]}}, {"type": "Feature", "properties": {"segment_id": 915059, "physicalid": "63927", "street_name": "BEMENT AVE", "borough": "staten_island", "direction": "TF", "total_row_ft": 50.9, "roadbed_ft": 31.8, "median_ft": 0.0, "left_sw_ft": 8.9, "right_sw_ft": 10.3}, "geometry": {"type": "LineString", "coordinates": [[-74.11295214040643, 40.638842677633136], [-74.11313368738028, 40.63882210046016]]}}, {"type": "Feature", "properties": {"segment_id": 915060, "physicalid": "63927", "street_name": "BEMENT AVE", "borough": "staten_island", "direction": "TF", "total_row_ft": 51.1, "roadbed_ft": 31.5, "median_ft": 0.0, "left_sw_ft": 8.9, "right_sw_ft": 10.7}, "geometry": {"type": "LineString", "coordinates": [[-74.11294122686576, 40.63878841456921], [-74.11312325598475, 40.63876778274855]]}}, {"type": "Feature", "properties": {"segment_id": 915061, "physicalid": "63927", "street_name": "BEMENT AVE", "borough": "staten_island", "direction": "TF", "total_row_ft": 51.2, "roadbed_ft": 31.2, "median_ft": 0.0, "left_sw_ft": 9.0, "right_sw_ft": 11.0}, "geometry": {"type": "LineString", "coordinates": [[-74.11293031350338, 40.6387341514857], [-74.11311287439287, 40.638713459392655]]}}, {"type": "Feature", "properties": {"segment_id": 915062, "physicalid": "63927", "street_name": "BEMENT AVE", "borough": "staten_island", "direction": "TF", "total_row_ft": 51.2, "roadbed_ft": 30.9, "median_ft": 0.0, "left_sw_ft": 9.0, "right_sw_ft": 11.2}, "geometry": {"type": "LineString", "coordinates": [[-74.11292003981205, 40.638679815900865], [-74.1131024928179, 40.638659136035486]]}}, {"type": "Feature", "properties": {"segment_id": 915063, "physicalid": "63927", "street_name": "BEMENT AVE", "borough": "staten_island", "direction": "TF", "total_row_ft": 51.1, "roadbed_ft": 31.0, "median_ft": 0.0, "left_sw_ft": 9.0, "right_sw_ft": 11.0}, "geometry": {"type": "LineString", "coordinates": [[-74.11291010406326, 40.638625442013314], [-74.11309211137927, 40.63860481266354]]}}, {"type": "Feature", "properties": {"segment_id": 915064, "physicalid": "63927", "street_name": "BEMENT AVE", "borough": "staten_island", "direction": "TF", "total_row_ft": 50.9, "roadbed_ft": 31.3, "median_ft": 0.0, "left_sw_ft": 9.0, "right_sw_ft": 10.7}, "geometry": {"type": "LineString", "coordinates": [[-74.11290016878964, 40.6385710680726], [-74.11308173007991, 40.638550489276405]]}}, {"type": "Feature", "properties": {"segment_id": 915065, "physicalid": "63927", "street_name": "BEMENT AVE", "borough": "staten_island", "direction": "TF", "total_row_ft": 50.8, "roadbed_ft": 31.6, "median_ft": 0.0, "left_sw_ft": 8.9, "right_sw_ft": 10.3}, "geometry": {"type": "LineString", "coordinates": [[-74.11289023353218, 40.63851669413067], [-74.11307134879743, 40.6384961658881]]}}, {"type": "Feature", "properties": {"segment_id": 915066, "physicalid": "63927", "street_name": "BEMENT AVE", "borough": "staten_island", "direction": "TF", "total_row_ft": 50.8, "roadbed_ft": 31.8, "median_ft": 0.0, "left_sw_ft": 8.8, "right_sw_ft": 10.1}, "geometry": {"type": "LineString", "coordinates": [[-74.11287977190513, 40.63846237984958], [-74.11306073731126, 40.63844186859265]]}}, {"type": "Feature", "properties": {"segment_id": 915067, "physicalid": "63927", "street_name": "BEMENT AVE", "borough": "staten_island", "direction": "TF", "total_row_ft": 50.5, "roadbed_ft": 32.0, "median_ft": 0.0, "left_sw_ft": 8.6, "right_sw_ft": 9.9}, "geometry": {"type": "LineString", "coordinates": [[-74.11286909743735, 40.63840808969305], [-74.11304918821308, 40.638387677570925]]}}, {"type": "Feature", "properties": {"segment_id": 915068, "physicalid": "63927", "street_name": "BEMENT AVE", "borough": "staten_island", "direction": "TF", "total_row_ft": 50.3, "roadbed_ft": 32.1, "median_ft": 0.0, "left_sw_ft": 8.4, "right_sw_ft": 9.8}, "geometry": {"type": "LineString", "coordinates": [[-74.11285842298695, 40.63835379953525], [-74.11303763889374, 40.63833348657489]]}}, {"type": "Feature", "properties": {"segment_id": 915069, "physicalid": "63927", "street_name": "BEMENT AVE", "borough": "staten_island", "direction": "TF", "total_row_ft": 50.0, "roadbed_ft": 32.1, "median_ft": 0.0, "left_sw_ft": 8.3, "right_sw_ft": 9.6}, "geometry": {"type": "LineString", "coordinates": [[-74.1128477485539, 40.638299509376104], [-74.11302608959318, 40.6382792955774]]}}, {"type": "Feature", "properties": {"segment_id": 915070, "physicalid": "63927", "street_name": "BEMENT AVE", "borough": "staten_island", "direction": "TF", "total_row_ft": 49.8, "roadbed_ft": 32.3, "median_ft": 0.0, "left_sw_ft": 8.1, "right_sw_ft": 9.4}, "geometry": {"type": "LineString", "coordinates": [[-74.11283707413824, 40.63824521921566], [-74.11301454047025, 40.63822510456038]]}}, {"type": "Feature", "properties": {"segment_id": 915071, "physicalid": "63927", "street_name": "BEMENT AVE", "borough": "staten_island", "direction": "TF", "total_row_ft": 49.6, "roadbed_ft": 32.5, "median_ft": 0.0, "left_sw_ft": 7.9, "right_sw_ft": 9.1}, "geometry": {"type": "LineString", "coordinates": [[-74.11282639973993, 40.63819092905388], [-74.11300299163874, 40.638170913511004]]}}, {"type": "Feature", "properties": {"segment_id": 915072, "physicalid": "63927", "street_name": "BEMENT AVE", "borough": "staten_island", "direction": "TF", "total_row_ft": 49.3, "roadbed_ft": 32.7, "median_ft": 0.0, "left_sw_ft": 7.8, "right_sw_ft": 8.8}, "geometry": {"type": "LineString", "coordinates": [[-74.11281572535901, 40.63813663889082], [-74.11299144290791, 40.63811672245083]]}}, {"type": "Feature", "properties": {"segment_id": 915073, "physicalid": "63927", "street_name": "BEMENT AVE", "borough": "staten_island", "direction": "TF", "total_row_ft": 49.1, "roadbed_ft": 33.2, "median_ft": 0.0, "left_sw_ft": 7.3, "right_sw_ft": 8.6}, "geometry": {"type": "LineString", "coordinates": [[-74.1128048461205, 40.638082371947526], [-74.11297990931395, 40.638062529675636]]}}, {"type": "Feature", "properties": {"segment_id": 915074, "physicalid": "63927", "street_name": "BEMENT AVE", "borough": "staten_island", "direction": "TF", "total_row_ft": 49.2, "roadbed_ft": 33.7, "median_ft": 0.0, "left_sw_ft": 7.0, "right_sw_ft": 8.4}, "geometry": {"type": "LineString", "coordinates": [[-74.11279386559016, 40.63802811648553], [-74.11296922292844, 40.63800824087486]]}}, {"type": "Feature", "properties": {"segment_id": 915075, "physicalid": "63927", "street_name": "BEMENT AVE", "borough": "staten_island", "direction": "TF", "total_row_ft": 49.3, "roadbed_ft": 34.2, "median_ft": 0.0, "left_sw_ft": 6.8, "right_sw_ft": 8.2}, "geometry": {"type": "LineString", "coordinates": [[-74.11278296059066, 40.63797385246334], [-74.11295853647984, 40.63795395208192]]}}, {"type": "Feature", "properties": {"segment_id": 915076, "physicalid": "63927", "street_name": "BEMENT AVE", "borough": "staten_island", "direction": "TF", "total_row_ft": 49.3, "roadbed_ft": 34.5, "median_ft": 0.0, "left_sw_ft": 6.6, "right_sw_ft": 8.2}, "geometry": {"type": "LineString", "coordinates": [[-74.11277231469477, 40.63791955907431], [-74.11294785004861, 40.63789966328762]]}}, {"type": "Feature", "properties": {"segment_id": 915077, "physicalid": "63927", "street_name": "BEMENT AVE", "borough": "staten_island", "direction": "TF", "total_row_ft": 49.2, "roadbed_ft": 34.5, "median_ft": 0.0, "left_sw_ft": 6.3, "right_sw_ft": 8.4}, "geometry": {"type": "LineString", "coordinates": [[-74.11276166881619, 40.637865265683985], [-74.11293716363478, 40.63784537449204]]}}, {"type": "Feature", "properties": {"segment_id": 915078, "physicalid": "63927", "street_name": "BEMENT AVE", "borough": "staten_island", "direction": "TF", "total_row_ft": 49.2, "roadbed_ft": 34.5, "median_ft": 0.0, "left_sw_ft": 6.1, "right_sw_ft": 8.6}, "geometry": {"type": "LineString", "coordinates": [[-74.11275102295494, 40.63781097229233], [-74.11292647723835, 40.63779108569514]]}}, {"type": "Feature", "properties": {"segment_id": 915079, "physicalid": "63927", "street_name": "BEMENT AVE", "borough": "staten_island", "direction": "TF", "total_row_ft": 49.2, "roadbed_ft": 34.6, "median_ft": 0.0, "left_sw_ft": 5.9, "right_sw_ft": 8.8}, "geometry": {"type": "LineString", "coordinates": [[-74.11274037711101, 40.637756678899386], [-74.11291579085929, 40.637736796896895]]}}, {"type": "Feature", "properties": {"segment_id": 915080, "physicalid": "63927", "street_name": "BEMENT AVE", "borough": "staten_island", "direction": "TF", "total_row_ft": 49.2, "roadbed_ft": 34.6, "median_ft": 0.0, "left_sw_ft": 5.7, "right_sw_ft": 8.9}, "geometry": {"type": "LineString", "coordinates": [[-74.1127297312844, 40.63770238550511], [-74.11290510436567, 40.637682508112356]]}}, {"type": "Feature", "properties": {"segment_id": 915081, "physicalid": "63927", "street_name": "BEMENT AVE", "borough": "staten_island", "direction": "TF", "total_row_ft": 49.2, "roadbed_ft": 34.6, "median_ft": 0.0, "left_sw_ft": 5.5, "right_sw_ft": 9.1}, "geometry": {"type": "LineString", "coordinates": [[-74.1127190854751, 40.63764809210956], [-74.1128944178105, 40.637628219335376]]}}, {"type": "Feature", "properties": {"segment_id": 915082, "physicalid": "63927", "street_name": "BEMENT AVE", "borough": "staten_island", "direction": "TF", "total_row_ft": 120.0, "roadbed_ft": 41.9, "median_ft": 0.0, "left_sw_ft": 38.7, "right_sw_ft": 39.4}, "geometry": {"type": "LineString", "coordinates": [[-74.11259025629687, 40.63760719386925], [-74.11301791802084, 40.63755872117799]]}}, {"type": "Feature", "properties": {"segment_id": 915083, "physicalid": "63928", "street_name": "BEMENT AVE", "borough": "staten_island", "direction": "TF", "total_row_ft": 49.4, "roadbed_ft": 30.8, "median_ft": 0.0, "left_sw_ft": 7.9, "right_sw_ft": 10.7}, "geometry": {"type": "LineString", "coordinates": [[-74.11312408174322, 40.639704537398764], [-74.11330009512288, 40.639684441849006]]}}, {"type": "Feature", "properties": {"segment_id": 915084, "physicalid": "63928", "street_name": "BEMENT AVE", "borough": "staten_island", "direction": "TF", "total_row_ft": 49.5, "roadbed_ft": 31.3, "median_ft": 0.0, "left_sw_ft": 8.1, "right_sw_ft": 10.1}, "geometry": {"type": "LineString", "coordinates": [[-74.11311340121706, 40.63965024794463], [-74.11328973908759, 40.639630115347536]]}}, {"type": "Feature", "properties": {"segment_id": 915085, "physicalid": "63928", "street_name": "BEMENT AVE", "borough": "staten_island", "direction": "TF", "total_row_ft": 49.8, "roadbed_ft": 31.6, "median_ft": 0.0, "left_sw_ft": 8.4, "right_sw_ft": 9.9}, "geometry": {"type": "LineString", "coordinates": [[-74.1131019387094, 40.63959604776981], [-74.11327938306917, 40.63957578884482]]}}, {"type": "Feature", "properties": {"segment_id": 915086, "physicalid": "63928", "street_name": "BEMENT AVE", "borough": "staten_island", "direction": "TF", "total_row_ft": 50.1, "roadbed_ft": 31.1, "median_ft": 0.0, "left_sw_ft": 8.6, "right_sw_ft": 10.4}, "geometry": {"type": "LineString", "coordinates": [[-74.11309047622038, 40.63954184759353], [-74.11326902706762, 40.639521462340845]]}}, {"type": "Feature", "properties": {"segment_id": 915087, "physicalid": "63928", "street_name": "BEMENT AVE", "borough": "staten_island", "direction": "TF", "total_row_ft": 83.7, "roadbed_ft": 32.1, "median_ft": 0.0, "left_sw_ft": 8.8, "right_sw_ft": 42.8}, "geometry": {"type": "LineString", "coordinates": [[-74.11296026971091, 40.63950120432942], [-74.11325856616038, 40.639467147814756]]}}, {"type": "Feature", "properties": {"segment_id": 915096, "physicalid": "63929", "street_name": "BEMENT AVE", "borough": "staten_island", "direction": "TF", "total_row_ft": 50.0, "roadbed_ft": 30.9, "median_ft": 0.0, "left_sw_ft": 8.2, "right_sw_ft": 11.0}, "geometry": {"type": "LineString", "coordinates": [[-74.11317833991991, 40.63998985452154], [-74.11335665929032, 40.63996950160184]]}}, {"type": "Feature", "properties": {"segment_id": 915097, "physicalid": "63929", "street_name": "BEMENT AVE", "borough": "staten_island", "direction": "TF", "total_row_ft": 49.8, "roadbed_ft": 31.1, "median_ft": 0.0, "left_sw_ft": 8.0, "right_sw_ft": 10.7}, "geometry": {"type": "LineString", "coordinates": [[-74.11316825262982, 40.63993549735391], [-74.11334558194797, 40.63991525743634]]}}, {"type": "Feature", "properties": {"segment_id": 915098, "physicalid": "63929", "street_name": "BEMENT AVE", "borough": "staten_island", "direction": "TF", "total_row_ft": 49.5, "roadbed_ft": 31.2, "median_ft": 0.0, "left_sw_ft": 7.9, "right_sw_ft": 10.3}, "geometry": {"type": "LineString", "coordinates": [[-74.1131581260378, 40.6398811446727], [-74.11333450462361, 40.63986101326944]]}}, {"type": "Feature", "properties": {"segment_id": 915099, "physicalid": "63929", "street_name": "BEMENT AVE", "borough": "staten_island", "direction": "TF", "total_row_ft": 49.3, "roadbed_ft": 31.4, "median_ft": 0.0, "left_sw_ft": 7.8, "right_sw_ft": 10.1}, "geometry": {"type": "LineString", "coordinates": [[-74.11314765609562, 40.63982683118102], [-74.11332342731727, 40.63980676910116]]}}, {"type": "Feature", "properties": {"segment_id": 915143, "physicalid": "63932", "street_name": "BEMENT AVE", "borough": "staten_island", "direction": "TW", "total_row_ft": 85.4, "roadbed_ft": 37.2, "median_ft": 0.0, "left_sw_ft": 8.0, "right_sw_ft": 40.1}, "geometry": {"type": "LineString", "coordinates": [[-74.11147013561859, 40.631315006517596], [-74.11177420459089, 40.63127957771192]]}}, {"type": "Feature", "properties": {"segment_id": 915144, "physicalid": "63932", "street_name": "BEMENT AVE", "borough": "staten_island", "direction": "TW", "total_row_ft": 49.9, "roadbed_ft": 35.1, "median_ft": 0.0, "left_sw_ft": 8.0, "right_sw_ft": 6.7}, "geometry": {"type": "LineString", "coordinates": [[-74.11145881661382, 40.63126079131227], [-74.11163640127549, 40.63124010001638]]}}, {"type": "Feature", "properties": {"segment_id": 915145, "physicalid": "63932", "street_name": "BEMENT AVE", "borough": "staten_island", "direction": "TW", "total_row_ft": 49.8, "roadbed_ft": 35.4, "median_ft": 0.0, "left_sw_ft": 7.7, "right_sw_ft": 6.7}, "geometry": {"type": "LineString", "coordinates": [[-74.11144778494723, 40.63120654262867], [-74.11162514952562, 40.63118587697647]]}}, {"type": "Feature", "properties": {"segment_id": 915146, "physicalid": "63932", "street_name": "BEMENT AVE", "borough": "staten_island", "direction": "TW", "total_row_ft": 49.7, "roadbed_ft": 35.4, "median_ft": 0.0, "left_sw_ft": 7.9, "right_sw_ft": 6.5}, "geometry": {"type": "LineString", "coordinates": [[-74.11143675379498, 40.63115229388584], [-74.11161389780736, 40.63113165393361]]}}, {"type": "Feature", "properties": {"segment_id": 915147, "physicalid": "63932", "street_name": "BEMENT AVE", "borough": "staten_island", "direction": "TW", "total_row_ft": 49.7, "roadbed_ft": 35.4, "median_ft": 0.0, "left_sw_ft": 8.1, "right_sw_ft": 6.3}, "geometry": {"type": "LineString", "coordinates": [[-74.11142557456321, 40.631098062397136], [-74.11160264618377, 40.6310774308804]]}}, {"type": "Feature", "properties": {"segment_id": 915148, "physicalid": "63932", "street_name": "BEMENT AVE", "borough": "staten_island", "direction": "TW", "total_row_ft": 49.8, "roadbed_ft": 35.4, "median_ft": 0.0, "left_sw_ft": 8.3, "right_sw_ft": 6.2}, "geometry": {"type": "LineString", "coordinates": [[-74.11141437264008, 40.631043833552994], [-74.1115917617342, 40.63102316504631]]}}, {"type": "Feature", "properties": {"segment_id": 915149, "physicalid": "63932", "street_name": "BEMENT AVE", "borough": "staten_island", "direction": "TW", "total_row_ft": 49.9, "roadbed_ft": 35.4, "median_ft": 0.0, "left_sw_ft": 8.2, "right_sw_ft": 6.3}, "geometry": {"type": "LineString", "coordinates": [[-74.11140343765327, 40.63098957360765], [-74.11158114166065, 40.63096886840893]]}}, {"type": "Feature", "properties": {"segment_id": 915150, "physicalid": "63932", "street_name": "BEMENT AVE", "borough": "staten_island", "direction": "TW", "total_row_ft": 49.6, "roadbed_ft": 35.4, "median_ft": 0.0, "left_sw_ft": 7.8, "right_sw_ft": 6.4}, "geometry": {"type": "LineString", "coordinates": [[-74.11139382196319, 40.630935159946134], [-74.1115705214905, 40.63091457178352]]}}, {"type": "Feature", "properties": {"segment_id": 915151, "physicalid": "63932", "street_name": "BEMENT AVE", "borough": "staten_island", "direction": "TW", "total_row_ft": 49.4, "roadbed_ft": 35.4, "median_ft": 0.0, "left_sw_ft": 7.5, "right_sw_ft": 6.5}, "geometry": {"type": "LineString", "coordinates": [[-74.11138401573089, 40.63088076848622], [-74.11155990113166, 40.63086027518082]]}}, {"type": "Feature", "properties": {"segment_id": 915152, "physicalid": "63932", "street_name": "BEMENT AVE", "borough": "staten_island", "direction": "TW", "total_row_ft": 49.7, "roadbed_ft": 35.4, "median_ft": 0.0, "left_sw_ft": 7.7, "right_sw_ft": 6.6}, "geometry": {"type": "LineString", "coordinates": [[-74.1113722657773, 40.63082660349833], [-74.11154908581, 40.63080600129509]]}}, {"type": "Feature", "properties": {"segment_id": 915153, "physicalid": "63932", "street_name": "BEMENT AVE", "borough": "staten_island", "direction": "TW", "total_row_ft": 49.6, "roadbed_ft": 35.4, "median_ft": 0.0, "left_sw_ft": 7.7, "right_sw_ft": 6.6}, "geometry": {"type": "LineString", "coordinates": [[-74.11136131592664, 40.63077234528772], [-74.11153813156909, 40.630751743596385]]}}, {"type": "Feature", "properties": {"segment_id": 915154, "physicalid": "63932", "street_name": "BEMENT AVE", "borough": "staten_island", "direction": "TW", "total_row_ft": 49.6, "roadbed_ft": 35.4, "median_ft": 0.0, "left_sw_ft": 7.6, "right_sw_ft": 6.6}, "geometry": {"type": "LineString", "coordinates": [[-74.11135036628778, 40.630718087053154], [-74.11152717712979, 40.63069748592151]]}}, {"type": "Feature", "properties": {"segment_id": 915155, "physicalid": "63932", "street_name": "BEMENT AVE", "borough": "staten_island", "direction": "TW", "total_row_ft": 49.6, "roadbed_ft": 35.4, "median_ft": 0.0, "left_sw_ft": 7.6, "right_sw_ft": 6.6}, "geometry": {"type": "LineString", "coordinates": [[-74.11133941684994, 40.630663828795875], [-74.11151622258507, 40.630643228259636]]}}, {"type": "Feature", "properties": {"segment_id": 915156, "physicalid": "63932", "street_name": "BEMENT AVE", "borough": "staten_island", "direction": "TW", "total_row_ft": 49.6, "roadbed_ft": 35.4, "median_ft": 0.0, "left_sw_ft": 7.6, "right_sw_ft": 6.6}, "geometry": {"type": "LineString", "coordinates": [[-74.11132846538256, 40.63060957077579], [-74.1115052089109, 40.630588977487996]]}}, {"type": "Feature", "properties": {"segment_id": 915157, "physicalid": "63932", "street_name": "BEMENT AVE", "borough": "staten_island", "direction": "TW", "total_row_ft": 49.6, "roadbed_ft": 35.4, "median_ft": 0.0, "left_sw_ft": 7.6, "right_sw_ft": 6.6}, "geometry": {"type": "LineString", "coordinates": [[-74.11131751278256, 40.6305553128884], [-74.11149411013642, 40.63053473663261]]}}, {"type": "Feature", "properties": {"segment_id": 915158, "physicalid": "63932", "street_name": "BEMENT AVE", "borough": "staten_island", "direction": "TW", "total_row_ft": 49.5, "roadbed_ft": 35.4, "median_ft": 0.0, "left_sw_ft": 7.6, "right_sw_ft": 6.6}, "geometry": {"type": "LineString", "coordinates": [[-74.11130656013037, 40.63050105500779], [-74.111483011425, 40.63048049577059]]}}, {"type": "Feature", "properties": {"segment_id": 915159, "physicalid": "63933", "street_name": "BEMENT AVE", "borough": "staten_island", "direction": "TW", "total_row_ft": 49.4, "roadbed_ft": 41.2, "median_ft": 0.0, "left_sw_ft": 7.8, "right_sw_ft": 0.3}, "geometry": {"type": "LineString", "coordinates": [[-74.11128492135047, 40.63039421364657], [-74.11146046620827, 40.63037248810835]]}}, {"type": "Feature", "properties": {"segment_id": 915160, "physicalid": "63933", "street_name": "BEMENT AVE", "borough": "staten_island", "direction": "TW", "total_row_ft": 49.2, "roadbed_ft": 35.4, "median_ft": 0.0, "left_sw_ft": 7.8, "right_sw_ft": 6.0}, "geometry": {"type": "LineString", "coordinates": [[-74.11127382317075, 40.6303399718189], [-74.1114489249825, 40.63031830111223]]}}, {"type": "Feature", "properties": {"segment_id": 915161, "physicalid": "63933", "street_name": "BEMENT AVE", "borough": "staten_island", "direction": "TW", "total_row_ft": 49.1, "roadbed_ft": 35.4, "median_ft": 0.0, "left_sw_ft": 7.3, "right_sw_ft": 6.4}, "geometry": {"type": "LineString", "coordinates": [[-74.11126272496044, 40.63028572999585], [-74.11143738436054, 40.630264114042276]]}}, {"type": "Feature", "properties": {"segment_id": 915162, "physicalid": "63933", "street_name": "BEMENT AVE", "borough": "staten_island", "direction": "TW", "total_row_ft": 49.1, "roadbed_ft": 35.4, "median_ft": 0.0, "left_sw_ft": 7.3, "right_sw_ft": 6.4}, "geometry": {"type": "LineString", "coordinates": [[-74.11125162585539, 40.63023148828435], [-74.11142610416722, 40.63020989474216]]}}, {"type": "Feature", "properties": {"segment_id": 915163, "physicalid": "63933", "street_name": "BEMENT AVE", "borough": "staten_island", "direction": "TW", "total_row_ft": 49.2, "roadbed_ft": 35.4, "median_ft": 0.0, "left_sw_ft": 7.3, "right_sw_ft": 6.5}, "geometry": {"type": "LineString", "coordinates": [[-74.11124052771169, 40.63017724645476], [-74.11141550071035, 40.63015559168901]]}}, {"type": "Feature", "properties": {"segment_id": 915164, "physicalid": "63933", "street_name": "BEMENT AVE", "borough": "staten_island", "direction": "TW", "total_row_ft": 49.3, "roadbed_ft": 35.4, "median_ft": 0.0, "left_sw_ft": 7.3, "right_sw_ft": 6.6}, "geometry": {"type": "LineString", "coordinates": [[-74.11122964035327, 40.63012297853924], [-74.1114048968882, 40.63010128868193]]}}, {"type": "Feature", "properties": {"segment_id": 915165, "physicalid": "63933", "street_name": "BEMENT AVE", "borough": "staten_island", "direction": "TW", "total_row_ft": 49.4, "roadbed_ft": 35.4, "median_ft": 0.0, "left_sw_ft": 7.2, "right_sw_ft": 6.7}, "geometry": {"type": "LineString", "coordinates": [[-74.11121877705662, 40.63006870764669], [-74.1113943942313, 40.63004697315535]]}}, {"type": "Feature", "properties": {"segment_id": 915166, "physicalid": "63933", "street_name": "BEMENT AVE", "borough": "staten_island", "direction": "TW", "total_row_ft": 49.5, "roadbed_ft": 35.4, "median_ft": 0.0, "left_sw_ft": 7.2, "right_sw_ft": 6.9}, "geometry": {"type": "LineString", "coordinates": [[-74.11120791446565, 40.63001443666766], [-74.11138400333864, 40.62999264379745]]}}, {"type": "Feature", "properties": {"segment_id": 916489, "physicalid": "64026", "street_name": "CARY AVE", "borough": "staten_island", "direction": "TW", "total_row_ft": 96.7, "roadbed_ft": 50.0, "median_ft": 0.0, "left_sw_ft": 11.7, "right_sw_ft": 34.9}, "geometry": {"type": "LineString", "coordinates": [[-74.1168688596552, 40.63256900824579], [-74.11692347357345, 40.632831010066255]]}}, {"type": "Feature", "properties": {"segment_id": 916490, "physicalid": "64026", "street_name": "CARY AVE", "borough": "staten_island", "direction": "TW", "total_row_ft": 53.5, "roadbed_ft": 35.4, "median_ft": 0.0, "left_sw_ft": 7.9, "right_sw_ft": 10.2}, "geometry": {"type": "LineString", "coordinates": [[-74.11694660920139, 40.632591989613026], [-74.1169768499872, 40.63273706447936]]}}, {"type": "Feature", "properties": {"segment_id": 916491, "physicalid": "64026", "street_name": "CARY AVE", "borough": "staten_island", "direction": "TW", "total_row_ft": 53.3, "roadbed_ft": 35.4, "median_ft": 0.0, "left_sw_ft": 7.9, "right_sw_ft": 10.0}, "geometry": {"type": "LineString", "coordinates": [[-74.11701770207053, 40.63258303653802], [-74.11704782178994, 40.63272752987329]]}}, {"type": "Feature", "properties": {"segment_id": 916492, "physicalid": "64026", "street_name": "CARY AVE", "borough": "staten_island", "direction": "TW", "total_row_ft": 53.1, "roadbed_ft": 35.4, "median_ft": 0.0, "left_sw_ft": 7.9, "right_sw_ft": 9.8}, "geometry": {"type": "LineString", "coordinates": [[-74.1170887949206, 40.63257408341906], [-74.11711879357242, 40.632717995223395]]}}, {"type": "Feature", "properties": {"segment_id": 916493, "physicalid": "64026", "street_name": "CARY AVE", "borough": "staten_island", "direction": "TW", "total_row_ft": 52.9, "roadbed_ft": 35.4, "median_ft": 0.0, "left_sw_ft": 7.9, "right_sw_ft": 9.6}, "geometry": {"type": "LineString", "coordinates": [[-74.1171598877516, 40.632565130256125], [-74.1171897653346, 40.632708460529685]]}}, {"type": "Feature", "properties": {"segment_id": 916494, "physicalid": "64026", "street_name": "CARY AVE", "borough": "staten_island", "direction": "TW", "total_row_ft": 52.5, "roadbed_ft": 35.4, "median_ft": 0.0, "left_sw_ft": 7.8, "right_sw_ft": 9.3}, "geometry": {"type": "LineString", "coordinates": [[-74.11723098056352, 40.6325561770492], [-74.1172606646064, 40.632698578137365]]}}, {"type": "Feature", "properties": {"segment_id": 916495, "physicalid": "64026", "street_name": "CARY AVE", "borough": "staten_island", "direction": "TW", "total_row_ft": 52.1, "roadbed_ft": 35.4, "median_ft": 0.0, "left_sw_ft": 7.8, "right_sw_ft": 8.9}, "geometry": {"type": "LineString", "coordinates": [[-74.11730207335637, 40.63254722379834], [-74.11733152324133, 40.63268850085919]]}}, {"type": "Feature", "properties": {"segment_id": 916496, "physicalid": "64026", "street_name": "CARY AVE", "borough": "staten_island", "direction": "TW", "total_row_ft": 51.6, "roadbed_ft": 35.4, "median_ft": 0.0, "left_sw_ft": 7.7, "right_sw_ft": 8.5}, "geometry": {"type": "LineString", "coordinates": [[-74.11737321149104, 40.632538488108295], [-74.11740238181525, 40.632678423347265]]}}, {"type": "Feature", "properties": {"segment_id": 916497, "physicalid": "64026", "street_name": "CARY AVE", "borough": "staten_island", "direction": "TW", "total_row_ft": 51.1, "roadbed_ft": 35.4, "median_ft": 0.0, "left_sw_ft": 7.5, "right_sw_ft": 8.2}, "geometry": {"type": "LineString", "coordinates": [[-74.11744439059474, 40.632529948998744], [-74.11747324036776, 40.63266834579165]]}}, {"type": "Feature", "properties": {"segment_id": 916498, "physicalid": "64026", "street_name": "CARY AVE", "borough": "staten_island", "direction": "TW", "total_row_ft": 50.5, "roadbed_ft": 35.4, "median_ft": 0.0, "left_sw_ft": 7.3, "right_sw_ft": 7.8}, "geometry": {"type": "LineString", "coordinates": [[-74.11751556968024, 40.63252140984509], [-74.11754409889886, 40.632658268192394]]}}, {"type": "Feature", "properties": {"segment_id": 916499, "physicalid": "64026", "street_name": "CARY AVE", "borough": "staten_island", "direction": "TW", "total_row_ft": 50.2, "roadbed_ft": 35.4, "median_ft": 0.0, "left_sw_ft": 7.1, "right_sw_ft": 7.7}, "geometry": {"type": "LineString", "coordinates": [[-74.11758674874751, 40.63251287064739], [-74.11761510859321, 40.632648915796416]]}}, {"type": "Feature", "properties": {"segment_id": 916500, "physicalid": "64026", "street_name": "CARY AVE", "borough": "staten_island", "direction": "TW", "total_row_ft": 50.1, "roadbed_ft": 35.4, "median_ft": 0.0, "left_sw_ft": 7.0, "right_sw_ft": 7.7}, "geometry": {"type": "LineString", "coordinates": [[-74.11765792779656, 40.63250433140561], [-74.1176862583637, 40.632640235407194]]}}, {"type": "Feature", "properties": {"segment_id": 916501, "physicalid": "64026", "street_name": "CARY AVE", "borough": "staten_island", "direction": "TW", "total_row_ft": 50.2, "roadbed_ft": 35.4, "median_ft": 0.0, "left_sw_ft": 7.0, "right_sw_ft": 7.8}, "geometry": {"type": "LineString", "coordinates": [[-74.11772903877186, 40.63249546565282], [-74.1177574081011, 40.63263155490395]]}}, {"type": "Feature", "properties": {"segment_id": 916502, "physicalid": "64026", "street_name": "CARY AVE", "borough": "staten_island", "direction": "TW", "total_row_ft": 50.4, "roadbed_ft": 35.4, "median_ft": 0.0, "left_sw_ft": 7.1, "right_sw_ft": 7.8}, "geometry": {"type": "LineString", "coordinates": [[-74.11780009516772, 40.63248633812696], [-74.11782855781998, 40.63262287435668]]}}, {"type": "Feature", "properties": {"segment_id": 916503, "physicalid": "64026", "street_name": "CARY AVE", "borough": "staten_island", "direction": "TW", "total_row_ft": 50.5, "roadbed_ft": 35.4, "median_ft": 0.0, "left_sw_ft": 7.5, "right_sw_ft": 7.6}, "geometry": {"type": "LineString", "coordinates": [[-74.11787115154416, 40.63247721055719], [-74.1178997072691, 40.63261419256008]]}}, {"type": "Feature", "properties": {"segment_id": 916504, "physicalid": "64026", "street_name": "CARY AVE", "borough": "staten_island", "direction": "TW", "total_row_ft": 50.6, "roadbed_ft": 35.4, "median_ft": 0.0, "left_sw_ft": 8.1, "right_sw_ft": 7.0}, "geometry": {"type": "LineString", "coordinates": [[-74.11794220790117, 40.63246808294349], [-74.11797078776739, 40.632605180053055]]}}, {"type": "Feature", "properties": {"segment_id": 916505, "physicalid": "64026", "street_name": "CARY AVE", "borough": "staten_island", "direction": "TW", "total_row_ft": 86.4, "roadbed_ft": 36.1, "median_ft": 0.0, "left_sw_ft": 8.6, "right_sw_ft": 41.7}, "geometry": {"type": "LineString", "coordinates": [[-74.11801326423873, 40.63245895528586], [-74.11806210589899, 40.63269324631944]]}}, {"type": "Feature", "properties": {"segment_id": 916506, "physicalid": "64027", "street_name": "CARY AVE", "borough": "staten_island", "direction": "TW", "total_row_ft": 150.0, "roadbed_ft": 120.0, "median_ft": 0.0, "left_sw_ft": 15.0, "right_sw_ft": 15.0}, "geometry": {"type": "LineString", "coordinates": [[-74.1141730900218, 40.63282358489873], [-74.11423950232326, 40.63314905022906]]}}, {"type": "Feature", "properties": {"segment_id": 916507, "physicalid": "64027", "street_name": "CARY AVE", "borough": "staten_island", "direction": "TW", "total_row_ft": 50.9, "roadbed_ft": 34.8, "median_ft": 0.0, "left_sw_ft": 7.7, "right_sw_ft": 8.4}, "geometry": {"type": "LineString", "coordinates": [[-74.11426361210177, 40.6329098374607], [-74.1142918016566, 40.63304798467635]]}}, {"type": "Feature", "properties": {"segment_id": 916508, "physicalid": "64027", "street_name": "CARY AVE", "borough": "staten_island", "direction": "TW", "total_row_ft": 50.1, "roadbed_ft": 34.9, "median_ft": 0.0, "left_sw_ft": 7.0, "right_sw_ft": 8.2}, "geometry": {"type": "LineString", "coordinates": [[-74.11433496314771, 40.63290213865603], [-74.11436270259603, 40.63303807934676]]}}, {"type": "Feature", "properties": {"segment_id": 916509, "physicalid": "64027", "street_name": "CARY AVE", "borough": "staten_island", "direction": "TW", "total_row_ft": 50.5, "roadbed_ft": 34.9, "median_ft": 0.0, "left_sw_ft": 7.0, "right_sw_ft": 8.6}, "geometry": {"type": "LineString", "coordinates": [[-74.1144059123995, 40.63289247085067], [-74.11443383471288, 40.633029306982785]]}}, {"type": "Feature", "properties": {"segment_id": 916510, "physicalid": "64027", "street_name": "CARY AVE", "borough": "staten_island", "direction": "TW", "total_row_ft": 50.9, "roadbed_ft": 34.8, "median_ft": 0.0, "left_sw_ft": 7.2, "right_sw_ft": 8.9}, "geometry": {"type": "LineString", "coordinates": [[-74.11447686167853, 40.632882803235645], [-74.11450503334333, 40.63302086062067]]}}, {"type": "Feature", "properties": {"segment_id": 916511, "physicalid": "64027", "street_name": "CARY AVE", "borough": "staten_island", "direction": "TW", "total_row_ft": 51.4, "roadbed_ft": 34.8, "median_ft": 0.0, "left_sw_ft": 7.8, "right_sw_ft": 8.7}, "geometry": {"type": "LineString", "coordinates": [[-74.114547810937, 40.63287313557681], [-74.11457623195575, 40.63301241421442]]}}, {"type": "Feature", "properties": {"segment_id": 916512, "physicalid": "64027", "street_name": "CARY AVE", "borough": "staten_island", "direction": "TW", "total_row_ft": 51.8, "roadbed_ft": 34.8, "median_ft": 0.0, "left_sw_ft": 8.5, "right_sw_ft": 8.5}, "geometry": {"type": "LineString", "coordinates": [[-74.11461876017489, 40.632863467874195], [-74.11464744862293, 40.6330040563301]]}}, {"type": "Feature", "properties": {"segment_id": 916513, "physicalid": "64027", "street_name": "CARY AVE", "borough": "staten_island", "direction": "TW", "total_row_ft": 52.3, "roadbed_ft": 34.8, "median_ft": 0.0, "left_sw_ft": 9.0, "right_sw_ft": 8.4}, "geometry": {"type": "LineString", "coordinates": [[-74.11468978351338, 40.632854163359184], [-74.11471870953011, 40.63299591528655]]}}, {"type": "Feature", "properties": {"segment_id": 916514, "physicalid": "64027", "street_name": "CARY AVE", "borough": "staten_island", "direction": "TW", "total_row_ft": 52.2, "roadbed_ft": 34.9, "median_ft": 0.0, "left_sw_ft": 9.1, "right_sw_ft": 8.3}, "geometry": {"type": "LineString", "coordinates": [[-74.11476107396946, 40.63284616790288], [-74.11478997041988, 40.632987774198824]]}}, {"type": "Feature", "properties": {"segment_id": 916515, "physicalid": "64027", "street_name": "CARY AVE", "borough": "staten_island", "direction": "TW", "total_row_ft": 52.2, "roadbed_ft": 34.9, "median_ft": 0.0, "left_sw_ft": 9.3, "right_sw_ft": 8.0}, "geometry": {"type": "LineString", "coordinates": [[-74.11483236432484, 40.63283817199275], [-74.11486123128923, 40.63297963305199]]}}, {"type": "Feature", "properties": {"segment_id": 916516, "physicalid": "64027", "street_name": "CARY AVE", "borough": "staten_island", "direction": "TW", "total_row_ft": 52.0, "roadbed_ft": 34.9, "median_ft": 0.0, "left_sw_ft": 9.5, "right_sw_ft": 7.6}, "geometry": {"type": "LineString", "coordinates": [[-74.11490365466317, 40.63283017603839], [-74.11493242828513, 40.63297117894001]]}}, {"type": "Feature", "properties": {"segment_id": 916517, "physicalid": "64027", "street_name": "CARY AVE", "borough": "staten_island", "direction": "TW", "total_row_ft": 51.7, "roadbed_ft": 34.9, "median_ft": 0.0, "left_sw_ft": 9.7, "right_sw_ft": 7.1}, "geometry": {"type": "LineString", "coordinates": [[-74.1149749450105, 40.6328221801677], [-74.11500353561074, 40.63296228545318]]}}, {"type": "Feature", "properties": {"segment_id": 916518, "physicalid": "64027", "street_name": "CARY AVE", "borough": "staten_island", "direction": "TW", "total_row_ft": 51.3, "roadbed_ft": 34.8, "median_ft": 0.0, "left_sw_ft": 9.9, "right_sw_ft": 6.5}, "geometry": {"type": "LineString", "coordinates": [[-74.11504623534884, 40.632814184292535], [-74.11507464297206, 40.63295339219043]]}}, {"type": "Feature", "properties": {"segment_id": 916519, "physicalid": "64027", "street_name": "CARY AVE", "borough": "staten_island", "direction": "TW", "total_row_ft": 51.1, "roadbed_ft": 34.8, "median_ft": 0.0, "left_sw_ft": 9.8, "right_sw_ft": 6.4}, "geometry": {"type": "LineString", "coordinates": [[-74.11511748986422, 40.63280601291157], [-74.11514575032332, 40.63294449892715]]}}, {"type": "Feature", "properties": {"segment_id": 916520, "physicalid": "64027", "street_name": "CARY AVE", "borough": "staten_island", "direction": "TW", "total_row_ft": 50.9, "roadbed_ft": 34.8, "median_ft": 0.0, "left_sw_ft": 9.7, "right_sw_ft": 6.3}, "geometry": {"type": "LineString", "coordinates": [[-74.11518869414363, 40.63279759539908], [-74.11521685899598, 40.63293561218797]]}}, {"type": "Feature", "properties": {"segment_id": 916521, "physicalid": "64027", "street_name": "CARY AVE", "borough": "staten_island", "direction": "TW", "total_row_ft": 51.0, "roadbed_ft": 34.8, "median_ft": 0.0, "left_sw_ft": 9.6, "right_sw_ft": 6.6}, "geometry": {"type": "LineString", "coordinates": [[-74.11525989840506, 40.632789177842476], [-74.11528813918453, 40.63292756597427]]}}, {"type": "Feature", "properties": {"segment_id": 916522, "physicalid": "64027", "street_name": "CARY AVE", "borough": "staten_island", "direction": "TW", "total_row_ft": 51.2, "roadbed_ft": 34.8, "median_ft": 0.0, "left_sw_ft": 9.5, "right_sw_ft": 6.8}, "geometry": {"type": "LineString", "coordinates": [[-74.11533110261887, 40.632780760096395], [-74.1153594193559, 40.63291951971639]]}}, {"type": "Feature", "properties": {"segment_id": 916523, "physicalid": "64027", "street_name": "CARY AVE", "borough": "staten_island", "direction": "TW", "total_row_ft": 51.3, "roadbed_ft": 34.8, "median_ft": 0.0, "left_sw_ft": 9.3, "right_sw_ft": 7.1}, "geometry": {"type": "LineString", "coordinates": [[-74.11540230681128, 40.632772342289286], [-74.11543069946936, 40.63291147321482]]}}, {"type": "Feature", "properties": {"segment_id": 916524, "physicalid": "64027", "street_name": "CARY AVE", "borough": "staten_island", "direction": "TW", "total_row_ft": 51.4, "roadbed_ft": 34.8, "median_ft": 0.0, "left_sw_ft": 9.1, "right_sw_ft": 7.5}, "geometry": {"type": "LineString", "coordinates": [[-74.1154735109857, 40.63276392443806], [-74.11550197956545, 40.63290342666813]]}}, {"type": "Feature", "properties": {"segment_id": 916525, "physicalid": "64027", "street_name": "CARY AVE", "borough": "staten_island", "direction": "TW", "total_row_ft": 51.2, "roadbed_ft": 34.8, "median_ft": 0.0, "left_sw_ft": 8.9, "right_sw_ft": 7.5}, "geometry": {"type": "LineString", "coordinates": [[-74.11554471515869, 40.632755506623745], [-74.11557304161367, 40.63289431168737]]}}, {"type": "Feature", "properties": {"segment_id": 916526, "physicalid": "64027", "street_name": "CARY AVE", "borough": "staten_island", "direction": "TW", "total_row_ft": 50.6, "roadbed_ft": 34.8, "median_ft": 0.0, "left_sw_ft": 8.6, "right_sw_ft": 7.1}, "geometry": {"type": "LineString", "coordinates": [[-74.11561591931793, 40.63274708878595], [-74.11564393982817, 40.63288439394702]]}}, {"type": "Feature", "properties": {"segment_id": 916527, "physicalid": "64027", "street_name": "CARY AVE", "borough": "staten_island", "direction": "TW", "total_row_ft": 50.0, "roadbed_ft": 34.8, "median_ft": 0.0, "left_sw_ft": 8.4, "right_sw_ft": 6.8}, "geometry": {"type": "LineString", "coordinates": [[-74.11568715132977, 40.632738807473984], [-74.11571483798693, 40.63287447599297]]}}, {"type": "Feature", "properties": {"segment_id": 916528, "physicalid": "64027", "street_name": "CARY AVE", "borough": "staten_island", "direction": "TW", "total_row_ft": 49.3, "roadbed_ft": 34.8, "median_ft": 0.0, "left_sw_ft": 8.1, "right_sw_ft": 6.5}, "geometry": {"type": "LineString", "coordinates": [[-74.11575842120465, 40.632730711738176], [-74.11578573610667, 40.63286455790744]]}}, {"type": "Feature", "properties": {"segment_id": 916529, "physicalid": "64027", "street_name": "CARY AVE", "borough": "staten_island", "direction": "TW", "total_row_ft": 49.3, "roadbed_ft": 34.8, "median_ft": 0.0, "left_sw_ft": 8.1, "right_sw_ft": 6.4}, "geometry": {"type": "LineString", "coordinates": [[-74.11582969106223, 40.6327226159582], [-74.11585699311539, 40.632856398465826]]}}, {"type": "Feature", "properties": {"segment_id": 916530, "physicalid": "64027", "street_name": "CARY AVE", "borough": "staten_island", "direction": "TW", "total_row_ft": 49.8, "roadbed_ft": 34.8, "median_ft": 0.0, "left_sw_ft": 8.1, "right_sw_ft": 6.9}, "geometry": {"type": "LineString", "coordinates": [[-74.11590096086121, 40.63271451993151], [-74.1159285295118, 40.63284960808039]]}}, {"type": "Feature", "properties": {"segment_id": 916531, "physicalid": "64027", "street_name": "CARY AVE", "borough": "staten_island", "direction": "TW", "total_row_ft": 50.3, "roadbed_ft": 34.8, "median_ft": 0.0, "left_sw_ft": 8.1, "right_sw_ft": 7.4}, "geometry": {"type": "LineString", "coordinates": [[-74.11597223063576, 40.632706423825724], [-74.11600006590061, 40.63284281768437]]}}, {"type": "Feature", "properties": {"segment_id": 916532, "physicalid": "64027", "street_name": "CARY AVE", "borough": "staten_island", "direction": "TW", "total_row_ft": 50.9, "roadbed_ft": 34.8, "median_ft": 0.0, "left_sw_ft": 8.2, "right_sw_ft": 7.8}, "geometry": {"type": "LineString", "coordinates": [[-74.11604343147569, 40.63269798997925], [-74.11607160228208, 40.63283602727936]]}}, {"type": "Feature", "properties": {"segment_id": 916533, "physicalid": "64027", "street_name": "CARY AVE", "borough": "staten_island", "direction": "TW", "total_row_ft": 51.5, "roadbed_ft": 34.8, "median_ft": 0.0, "left_sw_ft": 8.3, "right_sw_ft": 8.4}, "geometry": {"type": "LineString", "coordinates": [[-74.11611462699324, 40.63268953009727], [-74.11614313866926, 40.63282923692909]]}}, {"type": "Feature", "properties": {"segment_id": 916534, "physicalid": "64027", "street_name": "CARY AVE", "borough": "staten_island", "direction": "TW", "total_row_ft": 51.4, "roadbed_ft": 34.8, "median_ft": 0.0, "left_sw_ft": 8.1, "right_sw_ft": 8.4}, "geometry": {"type": "LineString", "coordinates": [[-74.11618582247145, 40.63268107006687], [-74.1162142574961, 40.63282040058066]]}}, {"type": "Feature", "properties": {"segment_id": 916535, "physicalid": "64027", "street_name": "CARY AVE", "borough": "staten_island", "direction": "TW", "total_row_ft": 50.9, "roadbed_ft": 34.8, "median_ft": 0.0, "left_sw_ft": 8.0, "right_sw_ft": 8.1}, "geometry": {"type": "LineString", "coordinates": [[-74.11625701797968, 40.63267261022784], [-74.11628520108346, 40.63281070562009]]}}, {"type": "Feature", "properties": {"segment_id": 916536, "physicalid": "64027", "street_name": "CARY AVE", "borough": "staten_island", "direction": "TW", "total_row_ft": 50.5, "roadbed_ft": 34.8, "median_ft": 0.0, "left_sw_ft": 7.8, "right_sw_ft": 7.8}, "geometry": {"type": "LineString", "coordinates": [[-74.11632821349504, 40.63266415046824], [-74.1163561446502, 40.632801010615744]]}}, {"type": "Feature", "properties": {"segment_id": 916537, "physicalid": "64027", "street_name": "CARY AVE", "borough": "staten_island", "direction": "TW", "total_row_ft": 50.1, "roadbed_ft": 34.8, "median_ft": 0.0, "left_sw_ft": 7.7, "right_sw_ft": 7.5}, "geometry": {"type": "LineString", "coordinates": [[-74.11639938312841, 40.63265556393388], [-74.11642708820713, 40.63279131562061]]}}, {"type": "Feature", "properties": {"segment_id": 916538, "physicalid": "64027", "street_name": "CARY AVE", "borough": "staten_island", "direction": "TW", "total_row_ft": 50.4, "roadbed_ft": 34.8, "median_ft": 0.0, "left_sw_ft": 7.9, "right_sw_ft": 7.6}, "geometry": {"type": "LineString", "coordinates": [[-74.11647037068514, 40.632646085293494], [-74.11649827817514, 40.63278282805962]]}}, {"type": "Feature", "properties": {"segment_id": 916539, "physicalid": "64027", "street_name": "CARY AVE", "borough": "staten_island", "direction": "TW", "total_row_ft": 51.2, "roadbed_ft": 34.8, "median_ft": 0.0, "left_sw_ft": 8.3, "right_sw_ft": 8.0}, "geometry": {"type": "LineString", "coordinates": [[-74.1165413582217, 40.63263660660926], [-74.116569685237, 40.63277540426484]]}}, {"type": "Feature", "properties": {"segment_id": 916540, "physicalid": "64027", "street_name": "CARY AVE", "borough": "staten_island", "direction": "TW", "total_row_ft": 51.9, "roadbed_ft": 34.8, "median_ft": 0.0, "left_sw_ft": 8.7, "right_sw_ft": 8.4}, "geometry": {"type": "LineString", "coordinates": [[-74.11661234570936, 40.63262712774042], [-74.11664109233037, 40.63276798065787]]}}, {"type": "Feature", "properties": {"segment_id": 916541, "physicalid": "64027", "street_name": "CARY AVE", "borough": "staten_island", "direction": "TW", "total_row_ft": 52.7, "roadbed_ft": 34.8, "median_ft": 0.0, "left_sw_ft": 9.1, "right_sw_ft": 8.8}, "geometry": {"type": "LineString", "coordinates": [[-74.11668333315382, 40.63261764871476], [-74.11671249944474, 40.63276055718742]]}}, {"type": "Feature", "properties": {"segment_id": 916542, "physicalid": "64027", "street_name": "CARY AVE", "borough": "staten_island", "direction": "TW", "total_row_ft": 120.0, "roadbed_ft": 42.2, "median_ft": 0.0, "left_sw_ft": 36.8, "right_sw_ft": 41.0}, "geometry": {"type": "LineString", "coordinates": [[-74.11673632245768, 40.63251998292368], [-74.11680274695776, 40.63284544678401]]}}, {"type": "Feature", "properties": {"segment_id": 916543, "physicalid": "64028", "street_name": "CARY AVE", "borough": "staten_island", "direction": "TW", "total_row_ft": 150.0, "roadbed_ft": 120.0, "median_ft": 0.0, "left_sw_ft": 15.0, "right_sw_ft": 15.0}, "geometry": {"type": "LineString", "coordinates": [[-74.11197328092958, 40.633088051216575], [-74.11204069192816, 40.6334133973796]]}}, {"type": "Feature", "properties": {"segment_id": 916544, "physicalid": "64028", "street_name": "CARY AVE", "borough": "staten_island", "direction": "TW", "total_row_ft": 51.4, "roadbed_ft": 35.3, "median_ft": 0.0, "left_sw_ft": 7.7, "right_sw_ft": 8.5}, "geometry": {"type": "LineString", "coordinates": [[-74.11206277791842, 40.63316791715457], [-74.11209164718808, 40.63330724841032]]}}, {"type": "Feature", "properties": {"segment_id": 916545, "physicalid": "64028", "street_name": "CARY AVE", "borough": "staten_island", "direction": "TW", "total_row_ft": 51.6, "roadbed_ft": 35.3, "median_ft": 0.0, "left_sw_ft": 7.9, "right_sw_ft": 8.5}, "geometry": {"type": "LineString", "coordinates": [[-74.11213390771155, 40.63315913709711], [-74.11216290929269, 40.63329910620479]]}}, {"type": "Feature", "properties": {"segment_id": 916546, "physicalid": "64028", "street_name": "CARY AVE", "borough": "staten_island", "direction": "TW", "total_row_ft": 51.9, "roadbed_ft": 35.3, "median_ft": 0.0, "left_sw_ft": 8.1, "right_sw_ft": 8.5}, "geometry": {"type": "LineString", "coordinates": [[-74.11220503748594, 40.63315035699566], [-74.11223417137991, 40.63329096395507]]}}, {"type": "Feature", "properties": {"segment_id": 916547, "physicalid": "64028", "street_name": "CARY AVE", "borough": "staten_island", "direction": "TW", "total_row_ft": 52.1, "roadbed_ft": 35.3, "median_ft": 0.0, "left_sw_ft": 8.3, "right_sw_ft": 8.6}, "geometry": {"type": "LineString", "coordinates": [[-74.11227616724163, 40.63314157685019], [-74.11230543344976, 40.63328282166119]]}}, {"type": "Feature", "properties": {"segment_id": 916548, "physicalid": "64028", "street_name": "CARY AVE", "borough": "staten_island", "direction": "TW", "total_row_ft": 52.3, "roadbed_ft": 35.2, "median_ft": 0.0, "left_sw_ft": 8.5, "right_sw_ft": 8.5}, "geometry": {"type": "LineString", "coordinates": [[-74.1123472969786, 40.63313279666071], [-74.11237665289867, 40.63327447371116]]}}, {"type": "Feature", "properties": {"segment_id": 916549, "physicalid": "64028", "street_name": "CARY AVE", "borough": "staten_island", "direction": "TW", "total_row_ft": 52.2, "roadbed_ft": 35.3, "median_ft": 0.0, "left_sw_ft": 8.7, "right_sw_ft": 8.3}, "geometry": {"type": "LineString", "coordinates": [[-74.11241842669685, 40.633124016427224], [-74.1124477698916, 40.633265631335235]]}}, {"type": "Feature", "properties": {"segment_id": 916550, "physicalid": "64028", "street_name": "CARY AVE", "borough": "staten_island", "direction": "TW", "total_row_ft": 52.1, "roadbed_ft": 35.3, "median_ft": 0.0, "left_sw_ft": 8.8, "right_sw_ft": 8.1}, "geometry": {"type": "LineString", "coordinates": [[-74.11248959640614, 40.633115429242544], [-74.11251888686569, 40.633256788915304]]}}, {"type": "Feature", "properties": {"segment_id": 916551, "physicalid": "64028", "street_name": "CARY AVE", "borough": "staten_island", "direction": "TW", "total_row_ft": 51.9, "roadbed_ft": 35.3, "median_ft": 0.0, "left_sw_ft": 8.8, "right_sw_ft": 7.8}, "geometry": {"type": "LineString", "coordinates": [[-74.11256091193584, 40.63310754584895], [-74.11259004865208, 40.633248162810894]]}}, {"type": "Feature", "properties": {"segment_id": 916552, "physicalid": "64028", "street_name": "CARY AVE", "borough": "staten_island", "direction": "TW", "total_row_ft": 51.7, "roadbed_ft": 35.3, "median_ft": 0.0, "left_sw_ft": 8.9, "right_sw_ft": 7.5}, "geometry": {"type": "LineString", "coordinates": [[-74.11263222744871, 40.63309966241112], [-74.11266124399222, 40.633239698684115]]}}, {"type": "Feature", "properties": {"segment_id": 916553, "physicalid": "64028", "street_name": "CARY AVE", "borough": "staten_island", "direction": "TW", "total_row_ft": 51.4, "roadbed_ft": 35.3, "median_ft": 0.0, "left_sw_ft": 8.9, "right_sw_ft": 7.3}, "geometry": {"type": "LineString", "coordinates": [[-74.11270354294471, 40.633091778929064], [-74.1127324393143, 40.63323123451326]]}}, {"type": "Feature", "properties": {"segment_id": 916554, "physicalid": "64028", "street_name": "CARY AVE", "borough": "staten_island", "direction": "TW", "total_row_ft": 51.2, "roadbed_ft": 35.3, "median_ft": 0.0, "left_sw_ft": 8.9, "right_sw_ft": 7.1}, "geometry": {"type": "LineString", "coordinates": [[-74.11277485842388, 40.63308389540275], [-74.11280363461833, 40.6332227702983]]}}, {"type": "Feature", "properties": {"segment_id": 916555, "physicalid": "64028", "street_name": "CARY AVE", "borough": "staten_island", "direction": "TW", "total_row_ft": 51.1, "roadbed_ft": 35.3, "median_ft": 0.0, "left_sw_ft": 9.0, "right_sw_ft": 6.8}, "geometry": {"type": "LineString", "coordinates": [[-74.1128461077068, 40.63307569244916], [-74.11287482990429, 40.633214306039264]]}}, {"type": "Feature", "properties": {"segment_id": 916556, "physicalid": "64028", "street_name": "CARY AVE", "borough": "staten_island", "direction": "TW", "total_row_ft": 51.1, "roadbed_ft": 35.3, "median_ft": 0.0, "left_sw_ft": 9.3, "right_sw_ft": 6.6}, "geometry": {"type": "LineString", "coordinates": [[-74.11291731999978, 40.633067311022714], [-74.11294602517218, 40.63320584173613]]}}, {"type": "Feature", "properties": {"segment_id": 916557, "physicalid": "64028", "street_name": "CARY AVE", "borough": "staten_island", "direction": "TW", "total_row_ft": 51.1, "roadbed_ft": 35.2, "median_ft": 0.0, "left_sw_ft": 9.2, "right_sw_ft": 6.6}, "geometry": {"type": "LineString", "coordinates": [[-74.11298853227488, 40.63305892955216], [-74.11301722042202, 40.6331973773889]]}}, {"type": "Feature", "properties": {"segment_id": 916558, "physicalid": "64028", "street_name": "CARY AVE", "borough": "staten_island", "direction": "TW", "total_row_ft": 51.1, "roadbed_ft": 35.2, "median_ft": 0.0, "left_sw_ft": 9.0, "right_sw_ft": 6.9}, "geometry": {"type": "LineString", "coordinates": [[-74.1130597445321, 40.63305054803748], [-74.113088460769, 40.633189130720226]]}}, {"type": "Feature", "properties": {"segment_id": 916559, "physicalid": "64028", "street_name": "CARY AVE", "borough": "staten_island", "direction": "TW", "total_row_ft": 51.3, "roadbed_ft": 35.2, "median_ft": 0.0, "left_sw_ft": 8.8, "right_sw_ft": 7.2}, "geometry": {"type": "LineString", "coordinates": [[-74.11313095677141, 40.63304216647868], [-74.11315975201751, 40.63318112973788]]}}, {"type": "Feature", "properties": {"segment_id": 916560, "physicalid": "64028", "street_name": "CARY AVE", "borough": "staten_island", "direction": "TW", "total_row_ft": 51.4, "roadbed_ft": 35.2, "median_ft": 0.0, "left_sw_ft": 8.5, "right_sw_ft": 7.6}, "geometry": {"type": "LineString", "coordinates": [[-74.11320216899284, 40.6330337848758], [-74.11323104324892, 40.63317312871132]]}}, {"type": "Feature", "properties": {"segment_id": 916561, "physicalid": "64028", "street_name": "CARY AVE", "borough": "staten_island", "direction": "TW", "total_row_ft": 51.5, "roadbed_ft": 35.3, "median_ft": 0.0, "left_sw_ft": 8.3, "right_sw_ft": 8.0}, "geometry": {"type": "LineString", "coordinates": [[-74.11327339626979, 40.633025475971024], [-74.11330233446321, 40.63316512764055]]}}, {"type": "Feature", "properties": {"segment_id": 916562, "physicalid": "64028", "street_name": "CARY AVE", "borough": "staten_island", "direction": "TW", "total_row_ft": 51.6, "roadbed_ft": 35.3, "median_ft": 0.0, "left_sw_ft": 8.1, "right_sw_ft": 8.2}, "geometry": {"type": "LineString", "coordinates": [[-74.11334463535341, 40.63301722408504], [-74.11337362570127, 40.63315712672266]]}}, {"type": "Feature", "properties": {"segment_id": 916563, "physicalid": "64028", "street_name": "CARY AVE", "borough": "staten_island", "direction": "TW", "total_row_ft": 51.7, "roadbed_ft": 35.2, "median_ft": 0.0, "left_sw_ft": 8.2, "right_sw_ft": 8.3}, "geometry": {"type": "LineString", "coordinates": [[-74.11341587438454, 40.63300897198648], [-74.11344491688477, 40.63314912557977]]}}, {"type": "Feature", "properties": {"segment_id": 916564, "physicalid": "64028", "street_name": "CARY AVE", "borough": "staten_island", "direction": "TW", "total_row_ft": 51.8, "roadbed_ft": 35.2, "median_ft": 0.0, "left_sw_ft": 8.2, "right_sw_ft": 8.3}, "geometry": {"type": "LineString", "coordinates": [[-74.11348711339805, 40.63300071984381], [-74.11351620797208, 40.63314112401106]]}}, {"type": "Feature", "properties": {"segment_id": 916565, "physicalid": "64028", "street_name": "CARY AVE", "borough": "staten_island", "direction": "TW", "total_row_ft": 51.7, "roadbed_ft": 35.2, "median_ft": 0.0, "left_sw_ft": 8.3, "right_sw_ft": 8.2}, "geometry": {"type": "LineString", "coordinates": [[-74.11355835239394, 40.63299246765698], [-74.11358738573972, 40.63313257562816]]}}, {"type": "Feature", "properties": {"segment_id": 916566, "physicalid": "64028", "street_name": "CARY AVE", "borough": "staten_island", "direction": "TW", "total_row_ft": 51.6, "roadbed_ft": 35.3, "median_ft": 0.0, "left_sw_ft": 8.3, "right_sw_ft": 8.0}, "geometry": {"type": "LineString", "coordinates": [[-74.11362959137222, 40.632984215425985], [-74.11365855874818, 40.633124004322724]]}}, {"type": "Feature", "properties": {"segment_id": 916567, "physicalid": "64028", "street_name": "CARY AVE", "borough": "staten_island", "direction": "TW", "total_row_ft": 51.5, "roadbed_ft": 35.2, "median_ft": 0.0, "left_sw_ft": 8.3, "right_sw_ft": 8.0}, "geometry": {"type": "LineString", "coordinates": [[-74.1137007838008, 40.632975738600045], [-74.11372973173836, 40.633115432973206]]}}, {"type": "Feature", "properties": {"segment_id": 916568, "physicalid": "64028", "street_name": "CARY AVE", "borough": "staten_island", "direction": "TW", "total_row_ft": 51.9, "roadbed_ft": 35.2, "median_ft": 0.0, "left_sw_ft": 8.6, "right_sw_ft": 8.1}, "geometry": {"type": "LineString", "coordinates": [[-74.11377174529787, 40.63296614741205], [-74.11380090471026, 40.633106861579655]]}}, {"type": "Feature", "properties": {"segment_id": 916569, "physicalid": "64028", "street_name": "CARY AVE", "borough": "staten_island", "direction": "TW", "total_row_ft": 52.3, "roadbed_ft": 35.2, "median_ft": 0.0, "left_sw_ft": 8.9, "right_sw_ft": 8.1}, "geometry": {"type": "LineString", "coordinates": [[-74.11384270677455, 40.63295655618022], [-74.11387207766388, 40.633098290142]]}}, {"type": "Feature", "properties": {"segment_id": 916570, "physicalid": "64028", "street_name": "CARY AVE", "borough": "staten_island", "direction": "TW", "total_row_ft": 52.7, "roadbed_ft": 35.3, "median_ft": 0.0, "left_sw_ft": 9.2, "right_sw_ft": 8.2}, "geometry": {"type": "LineString", "coordinates": [[-74.11391366823084, 40.63294696490459], [-74.1139432505992, 40.6330897186603]]}}, {"type": "Feature", "properties": {"segment_id": 916571, "physicalid": "64028", "street_name": "CARY AVE", "borough": "staten_island", "direction": "TW", "total_row_ft": 53.0, "roadbed_ft": 34.3, "median_ft": 0.0, "left_sw_ft": 10.4, "right_sw_ft": 8.3}, "geometry": {"type": "LineString", "coordinates": [[-74.11398462966672, 40.63293737358517], [-74.11401440249587, 40.633081045698525]]}}, {"type": "Feature", "properties": {"segment_id": 916572, "physicalid": "64028", "street_name": "CARY AVE", "borough": "staten_island", "direction": "TW", "total_row_ft": 87.6, "roadbed_ft": 29.6, "median_ft": 0.0, "left_sw_ft": 15.4, "right_sw_ft": 42.6}, "geometry": {"type": "LineString", "coordinates": [[-74.1140555910822, 40.63292778222194], [-74.11410478179916, 40.63316515596966]]}}, {"type": "Feature", "properties": {"segment_id": 916573, "physicalid": "64029", "street_name": "CARY AVE", "borough": "staten_island", "direction": "TW", "total_row_ft": 150.0, "roadbed_ft": 120.0, "median_ft": 0.0, "left_sw_ft": 15.0, "right_sw_ft": 15.0}, "geometry": {"type": "LineString", "coordinates": [[-74.11092652184955, 40.63320439678695], [-74.11098867297301, 40.633530350252116]]}}, {"type": "Feature", "properties": {"segment_id": 916574, "physicalid": "64029", "street_name": "CARY AVE", "borough": "staten_island", "direction": "TW", "total_row_ft": 50.6, "roadbed_ft": 32.4, "median_ft": 0.0, "left_sw_ft": 8.0, "right_sw_ft": 10.2}, "geometry": {"type": "LineString", "coordinates": [[-74.11101653869501, 40.63329462200318], [-74.11104273106332, 40.63343198789311]]}}, {"type": "Feature", "properties": {"segment_id": 916575, "physicalid": "64029", "street_name": "CARY AVE", "borough": "staten_island", "direction": "TW", "total_row_ft": 50.5, "roadbed_ft": 32.0, "median_ft": 0.0, "left_sw_ft": 8.3, "right_sw_ft": 10.1}, "geometry": {"type": "LineString", "coordinates": [[-74.11108777701503, 40.63328636237694], [-74.11111390968125, 40.63342341439358]]}}, {"type": "Feature", "properties": {"segment_id": 916576, "physicalid": "64029", "street_name": "CARY AVE", "borough": "staten_island", "direction": "TW", "total_row_ft": 50.3, "roadbed_ft": 31.6, "median_ft": 0.0, "left_sw_ft": 8.6, "right_sw_ft": 10.1}, "geometry": {"type": "LineString", "coordinates": [[-74.11115901540863, 40.63327810318512], [-74.11118508828088, 40.633414840849966]]}}, {"type": "Feature", "properties": {"segment_id": 916577, "physicalid": "64029", "street_name": "CARY AVE", "borough": "staten_island", "direction": "TW", "total_row_ft": 50.2, "roadbed_ft": 31.2, "median_ft": 0.0, "left_sw_ft": 8.9, "right_sw_ft": 10.1}, "geometry": {"type": "LineString", "coordinates": [[-74.11123025378461, 40.633269843949165], [-74.11125626686221, 40.63340626726228]]}}, {"type": "Feature", "properties": {"segment_id": 916578, "physicalid": "64029", "street_name": "CARY AVE", "borough": "staten_island", "direction": "TW", "total_row_ft": 50.1, "roadbed_ft": 30.8, "median_ft": 0.0, "left_sw_ft": 9.2, "right_sw_ft": 10.1}, "geometry": {"type": "LineString", "coordinates": [[-74.11130149214296, 40.63326158466906], [-74.11132744407416, 40.63339768654479]]}}, {"type": "Feature", "properties": {"segment_id": 916579, "physicalid": "64029", "street_name": "CARY AVE", "borough": "staten_island", "direction": "TW", "total_row_ft": 50.0, "roadbed_ft": 30.3, "median_ft": 0.0, "left_sw_ft": 9.5, "right_sw_ft": 10.2}, "geometry": {"type": "LineString", "coordinates": [[-74.11137273048367, 40.6332533253448], [-74.11139861806, 40.633389088960385]]}}, {"type": "Feature", "properties": {"segment_id": 916580, "physicalid": "64029", "street_name": "CARY AVE", "borough": "staten_island", "direction": "TW", "total_row_ft": 49.9, "roadbed_ft": 30.0, "median_ft": 0.0, "left_sw_ft": 9.5, "right_sw_ft": 10.3}, "geometry": {"type": "LineString", "coordinates": [[-74.11144397054632, 40.63324507509923], [-74.11146979202746, 40.63338049133195]]}}, {"type": "Feature", "properties": {"segment_id": 916581, "physicalid": "64029", "street_name": "CARY AVE", "borough": "staten_island", "direction": "TW", "total_row_ft": 49.7, "roadbed_ft": 29.7, "median_ft": 0.0, "left_sw_ft": 9.5, "right_sw_ft": 10.5}, "geometry": {"type": "LineString", "coordinates": [[-74.11151521193467, 40.63323683185445], [-74.11154096597662, 40.63337189365939]]}}, {"type": "Feature", "properties": {"segment_id": 916582, "physicalid": "64029", "street_name": "CARY AVE", "borough": "staten_island", "direction": "TW", "total_row_ft": 49.6, "roadbed_ft": 29.5, "median_ft": 0.0, "left_sw_ft": 9.5, "right_sw_ft": 10.6}, "geometry": {"type": "LineString", "coordinates": [[-74.11158645330546, 40.633228588565544], [-74.11161213990744, 40.6333632959428]]}}, {"type": "Feature", "properties": {"segment_id": 916583, "physicalid": "64029", "street_name": "CARY AVE", "borough": "staten_island", "direction": "TW", "total_row_ft": 49.6, "roadbed_ft": 29.2, "median_ft": 0.0, "left_sw_ft": 9.5, "right_sw_ft": 10.9}, "geometry": {"type": "LineString", "coordinates": [[-74.11165769465863, 40.6332203452325], [-74.11168337229068, 40.63335500481613]]}}, {"type": "Feature", "properties": {"segment_id": 916584, "physicalid": "64029", "street_name": "CARY AVE", "borough": "staten_island", "direction": "TW", "total_row_ft": 49.6, "roadbed_ft": 29.2, "median_ft": 0.0, "left_sw_ft": 9.4, "right_sw_ft": 11.0}, "geometry": {"type": "LineString", "coordinates": [[-74.1117289359834, 40.633212101798605], [-74.11175461723681, 40.63334677962035]]}}, {"type": "Feature", "properties": {"segment_id": 916585, "physicalid": "64029", "street_name": "CARY AVE", "borough": "staten_island", "direction": "TW", "total_row_ft": 49.6, "roadbed_ft": 29.6, "median_ft": 0.0, "left_sw_ft": 9.1, "right_sw_ft": 11.0}, "geometry": {"type": "LineString", "coordinates": [[-74.11180017728236, 40.633203858277504], [-74.11182586220676, 40.63333855459741]]}}, {"type": "Feature", "properties": {"segment_id": 916586, "physicalid": "64029", "street_name": "CARY AVE", "borough": "staten_island", "direction": "TW", "total_row_ft": 120.0, "roadbed_ft": 36.1, "median_ft": 0.0, "left_sw_ft": 39.8, "right_sw_ft": 44.1}, "geometry": {"type": "LineString", "coordinates": [[-74.11185352991362, 40.6331018036427], [-74.1119156854693, 40.63342775661039]]}}, {"type": "Feature", "properties": {"segment_id": 916587, "physicalid": "64030", "street_name": "CARY AVE", "borough": "staten_island", "direction": "TW", "total_row_ft": 86.4, "roadbed_ft": 68.1, "median_ft": 0.0, "left_sw_ft": 8.4, "right_sw_ft": 9.8}, "geometry": {"type": "LineString", "coordinates": [[-74.11814268725402, 40.63244341433501], [-74.11819199388812, 40.63267746194259]]}}, {"type": "Feature", "properties": {"segment_id": 916588, "physicalid": "64030", "street_name": "CARY AVE", "borough": "staten_island", "direction": "TW", "total_row_ft": 51.2, "roadbed_ft": 35.4, "median_ft": 0.0, "left_sw_ft": 8.1, "right_sw_ft": 7.7}, "geometry": {"type": "LineString", "coordinates": [[-74.11821401696301, 40.63243558938034], [-74.11824324881715, 40.6325743459754]]}}, {"type": "Feature", "properties": {"segment_id": 916589, "physicalid": "64030", "street_name": "CARY AVE", "borough": "staten_island", "direction": "TW", "total_row_ft": 50.5, "roadbed_ft": 35.4, "median_ft": 0.0, "left_sw_ft": 7.8, "right_sw_ft": 7.3}, "geometry": {"type": "LineString", "coordinates": [[-74.11828534665528, 40.632427764381404], [-74.11831417745393, 40.63256461657025]]}}, {"type": "Feature", "properties": {"segment_id": 916590, "physicalid": "64030", "street_name": "CARY AVE", "borough": "staten_island", "direction": "TW", "total_row_ft": 49.8, "roadbed_ft": 35.4, "median_ft": 0.0, "left_sw_ft": 7.5, "right_sw_ft": 6.9}, "geometry": {"type": "LineString", "coordinates": [[-74.11835667633082, 40.63241993933823], [-74.11838511040555, 40.63255490770085]]}}, {"type": "Feature", "properties": {"segment_id": 916591, "physicalid": "64030", "street_name": "CARY AVE", "borough": "staten_island", "direction": "TW", "total_row_ft": 49.6, "roadbed_ft": 35.4, "median_ft": 0.0, "left_sw_ft": 7.3, "right_sw_ft": 6.9}, "geometry": {"type": "LineString", "coordinates": [[-74.11842800598963, 40.63241211425077], [-74.11845631227932, 40.63254647537245]]}}, {"type": "Feature", "properties": {"segment_id": 916592, "physicalid": "64030", "street_name": "CARY AVE", "borough": "staten_island", "direction": "TW", "total_row_ft": 49.7, "roadbed_ft": 35.4, "median_ft": 0.0, "left_sw_ft": 7.4, "right_sw_ft": 6.9}, "geometry": {"type": "LineString", "coordinates": [[-74.11849915620515, 40.632403437439805], [-74.11852751409053, 40.632538042788475]]}}, {"type": "Feature", "properties": {"segment_id": 916593, "physicalid": "64030", "street_name": "CARY AVE", "borough": "staten_island", "direction": "TW", "total_row_ft": 55.7, "roadbed_ft": 35.4, "median_ft": 0.0, "left_sw_ft": 7.8, "right_sw_ft": 12.6}, "geometry": {"type": "LineString", "coordinates": [[-74.11857023751259, 40.63239443359008], [-74.1186020672226, 40.63254551772211]]}}, {"type": "Feature", "properties": {"segment_id": 916594, "physicalid": "64030", "street_name": "CARY AVE", "borough": "staten_island", "direction": "TW", "total_row_ft": 55.8, "roadbed_ft": 35.4, "median_ft": 0.0, "left_sw_ft": 8.1, "right_sw_ft": 12.3}, "geometry": {"type": "LineString", "coordinates": [[-74.11864131874863, 40.63238542944853], [-74.11867319194587, 40.63253671923434]]}}, {"type": "Feature", "properties": {"segment_id": 916595, "physicalid": "64030", "street_name": "CARY AVE", "borough": "staten_island", "direction": "TW", "total_row_ft": 55.9, "roadbed_ft": 35.4, "median_ft": 0.0, "left_sw_ft": 8.5, "right_sw_ft": 12.0}, "geometry": {"type": "LineString", "coordinates": [[-74.1187123999428, 40.63237642515533], [-74.11874431648451, 40.63252791991504]]}}, {"type": "Feature", "properties": {"segment_id": 916596, "physicalid": "64030", "street_name": "CARY AVE", "borough": "staten_island", "direction": "TW", "total_row_ft": 56.0, "roadbed_ft": 35.4, "median_ft": 0.0, "left_sw_ft": 8.7, "right_sw_ft": 11.9}, "geometry": {"type": "LineString", "coordinates": [[-74.11878348111779, 40.632367420818184], [-74.11881544100437, 40.63251912055173]]}}, {"type": "Feature", "properties": {"segment_id": 916597, "physicalid": "64030", "street_name": "CARY AVE", "borough": "staten_island", "direction": "TW", "total_row_ft": 56.4, "roadbed_ft": 35.4, "median_ft": 0.0, "left_sw_ft": 9.1, "right_sw_ft": 11.9}, "geometry": {"type": "LineString", "coordinates": [[-74.11885436367511, 40.6323574737787], [-74.11888656547274, 40.63251032098899]]}}, {"type": "Feature", "properties": {"segment_id": 916598, "physicalid": "64030", "street_name": "CARY AVE", "borough": "staten_island", "direction": "TW", "total_row_ft": 50.3, "roadbed_ft": 35.4, "median_ft": 0.0, "left_sw_ft": 9.6, "right_sw_ft": 5.4}, "geometry": {"type": "LineString", "coordinates": [[-74.11892514696854, 40.63234705563675], [-74.11895389427028, 40.63248350528535]]}}, {"type": "Feature", "properties": {"segment_id": 916599, "physicalid": "64030", "street_name": "CARY AVE", "borough": "staten_island", "direction": "TW", "total_row_ft": 51.6, "roadbed_ft": 35.4, "median_ft": 0.0, "left_sw_ft": 10.1, "right_sw_ft": 6.1}, "geometry": {"type": "LineString", "coordinates": [[-74.11899593023988, 40.632336637451225], [-74.11902538667111, 40.63247645229013]]}}, {"type": "Feature", "properties": {"segment_id": 916600, "physicalid": "64030", "street_name": "CARY AVE", "borough": "staten_island", "direction": "TW", "total_row_ft": 52.8, "roadbed_ft": 35.5, "median_ft": 0.0, "left_sw_ft": 10.4, "right_sw_ft": 6.9}, "geometry": {"type": "LineString", "coordinates": [[-74.11906671348912, 40.63232621922213], [-74.11909687910602, 40.63246939948394]]}}, {"type": "Feature", "properties": {"segment_id": 916601, "physicalid": "64031", "street_name": "CARY AVE", "borough": "staten_island", "direction": "TW", "total_row_ft": 120.0, "roadbed_ft": 49.8, "median_ft": 0.0, "left_sw_ft": 35.3, "right_sw_ft": 34.9}, "geometry": {"type": "LineString", "coordinates": [[-74.11918657270004, 40.632222419034996], [-74.11925342377924, 40.63254783217287]]}}, {"type": "Feature", "properties": {"segment_id": 916602, "physicalid": "64031", "street_name": "CARY AVE", "borough": "staten_island", "direction": "TW", "total_row_ft": 56.9, "roadbed_ft": 35.4, "median_ft": 0.0, "left_sw_ft": 11.8, "right_sw_ft": 9.6}, "geometry": {"type": "LineString", "coordinates": [[-74.11927450228644, 40.63229541845616], [-74.11930618598376, 40.63244964542246]]}}, {"type": "Feature", "properties": {"segment_id": 916603, "physicalid": "64031", "street_name": "CARY AVE", "borough": "staten_island", "direction": "TW", "total_row_ft": 56.9, "roadbed_ft": 35.4, "median_ft": 0.0, "left_sw_ft": 11.4, "right_sw_ft": 10.1}, "geometry": {"type": "LineString", "coordinates": [[-74.11934590026736, 40.63228794618586], [-74.11937758103984, 40.632442158109356]]}}, {"type": "Feature", "properties": {"segment_id": 916604, "physicalid": "64031", "street_name": "CARY AVE", "borough": "staten_island", "direction": "TW", "total_row_ft": 56.9, "roadbed_ft": 35.4, "median_ft": 0.0, "left_sw_ft": 11.0, "right_sw_ft": 10.5}, "geometry": {"type": "LineString", "coordinates": [[-74.1194172982323, 40.63228047387122], [-74.11944897607987, 40.632434670751906]]}}, {"type": "Feature", "properties": {"segment_id": 916605, "physicalid": "64031", "street_name": "CARY AVE", "borough": "staten_island", "direction": "TW", "total_row_ft": 56.6, "roadbed_ft": 35.4, "median_ft": 0.0, "left_sw_ft": 10.8, "right_sw_ft": 10.4}, "geometry": {"type": "LineString", "coordinates": [[-74.11948856242564, 40.63227235043765], [-74.11952009231472, 40.63242582631049]]}}, {"type": "Feature", "properties": {"segment_id": 916606, "physicalid": "64031", "street_name": "CARY AVE", "borough": "staten_island", "direction": "TW", "total_row_ft": 56.1, "roadbed_ft": 35.4, "median_ft": 0.0, "left_sw_ft": 10.8, "right_sw_ft": 9.9}, "geometry": {"type": "LineString", "coordinates": [[-74.11955979182264, 40.63226405766911], [-74.11959102674442, 40.632416096963006]]}}, {"type": "Feature", "properties": {"segment_id": 916607, "physicalid": "64031", "street_name": "CARY AVE", "borough": "staten_island", "direction": "TW", "total_row_ft": 55.5, "roadbed_ft": 35.4, "median_ft": 0.0, "left_sw_ft": 11.0, "right_sw_ft": 9.2}, "geometry": {"type": "LineString", "coordinates": [[-74.11963102126404, 40.63225576515873], [-74.11966196116403, 40.63240636762333]]}}, {"type": "Feature", "properties": {"segment_id": 916608, "physicalid": "64031", "street_name": "CARY AVE", "borough": "staten_island", "direction": "TW", "total_row_ft": 55.0, "roadbed_ft": 35.4, "median_ft": 0.0, "left_sw_ft": 11.2, "right_sw_ft": 8.4}, "geometry": {"type": "LineString", "coordinates": [[-74.11970225064269, 40.63224747238498], [-74.11973289556498, 40.63239663824972]]}}, {"type": "Feature", "properties": {"segment_id": 916609, "physicalid": "64031", "street_name": "CARY AVE", "borough": "staten_island", "direction": "TW", "total_row_ft": 54.1, "roadbed_ft": 35.4, "median_ft": 0.0, "left_sw_ft": 11.1, "right_sw_ft": 7.7}, "geometry": {"type": "LineString", "coordinates": [[-74.11977367118536, 40.63224011015201], [-74.11980382989168, 40.63238690857169]]}}, {"type": "Feature", "properties": {"segment_id": 916610, "physicalid": "64031", "street_name": "CARY AVE", "borough": "staten_island", "direction": "TW", "total_row_ft": 53.4, "roadbed_ft": 35.4, "median_ft": 0.0, "left_sw_ft": 10.8, "right_sw_ft": 7.2}, "geometry": {"type": "LineString", "coordinates": [[-74.11984512920453, 40.6322329303688], [-74.11987489161628, 40.63237779905898]]}}, {"type": "Feature", "properties": {"segment_id": 916611, "physicalid": "64031", "street_name": "CARY AVE", "borough": "staten_island", "direction": "TW", "total_row_ft": 52.8, "roadbed_ft": 35.4, "median_ft": 0.0, "left_sw_ft": 10.1, "right_sw_ft": 7.3}, "geometry": {"type": "LineString", "coordinates": [[-74.11991658720832, 40.63222575054121], [-74.11994598949524, 40.632368865577064]]}}, {"type": "Feature", "properties": {"segment_id": 917227, "physicalid": "64074", "street_name": "SENECA ST", "borough": "staten_island", "direction": "TW", "total_row_ft": 135.0, "roadbed_ft": 84.4, "median_ft": 0.0, "left_sw_ft": 35.6, "right_sw_ft": 15.0}, "geometry": {"type": "LineString", "coordinates": [[-74.11669722810203, 40.63154197600043], [-74.11674309694604, 40.63186949156867]]}}, {"type": "Feature", "properties": {"segment_id": 917228, "physicalid": "64074", "street_name": "SENECA ST", "borough": "staten_island", "direction": "TW", "total_row_ft": 47.2, "roadbed_ft": 27.5, "median_ft": 0.0, "left_sw_ft": 8.8, "right_sw_ft": 11.0}, "geometry": {"type": "LineString", "coordinates": [[-74.1167827063559, 40.63163490042429], [-74.11680075436124, 40.63176376692712]]}}, {"type": "Feature", "properties": {"segment_id": 917229, "physicalid": "64074", "street_name": "SENECA ST", "borough": "staten_island", "direction": "TW", "total_row_ft": 46.6, "roadbed_ft": 27.5, "median_ft": 0.0, "left_sw_ft": 8.6, "right_sw_ft": 10.5}, "geometry": {"type": "LineString", "coordinates": [[-74.11685444294226, 40.63162970543478], [-74.11687226640728, 40.63175696769856]]}}, {"type": "Feature", "properties": {"segment_id": 917230, "physicalid": "64074", "street_name": "SENECA ST", "borough": "staten_island", "direction": "TW", "total_row_ft": 46.0, "roadbed_ft": 27.5, "median_ft": 0.0, "left_sw_ft": 8.5, "right_sw_ft": 10.1}, "geometry": {"type": "LineString", "coordinates": [[-74.11692617951742, 40.63162451040056], [-74.11694377843877, 40.63175016842549]]}}, {"type": "Feature", "properties": {"segment_id": 917231, "physicalid": "64074", "street_name": "SENECA ST", "borough": "staten_island", "direction": "TW", "total_row_ft": 45.5, "roadbed_ft": 27.5, "median_ft": 0.0, "left_sw_ft": 8.3, "right_sw_ft": 9.6}, "geometry": {"type": "LineString", "coordinates": [[-74.11699791608142, 40.63161931532157], [-74.11701529045567, 40.63174336910797]]}}, {"type": "Feature", "properties": {"segment_id": 917232, "physicalid": "64074", "street_name": "SENECA ST", "borough": "staten_island", "direction": "TW", "total_row_ft": 44.9, "roadbed_ft": 27.5, "median_ft": 0.0, "left_sw_ft": 8.2, "right_sw_ft": 9.2}, "geometry": {"type": "LineString", "coordinates": [[-74.11706965263426, 40.63161412019782], [-74.11708680245799, 40.631736569745954]]}}, {"type": "Feature", "properties": {"segment_id": 917233, "physicalid": "64074", "street_name": "SENECA ST", "borough": "staten_island", "direction": "TW", "total_row_ft": 44.1, "roadbed_ft": 27.5, "median_ft": 0.0, "left_sw_ft": 7.9, "right_sw_ft": 8.8}, "geometry": {"type": "LineString", "coordinates": [[-74.11714144028146, 40.63160928992015], [-74.11715831444576, 40.63172977033945]]}}, {"type": "Feature", "properties": {"segment_id": 917234, "physicalid": "64074", "street_name": "SENECA ST", "borough": "staten_island", "direction": "TW", "total_row_ft": 43.3, "roadbed_ft": 27.5, "median_ft": 0.0, "left_sw_ft": 7.5, "right_sw_ft": 8.3}, "geometry": {"type": "LineString", "coordinates": [[-74.11721326771158, 40.63160474371758], [-74.11722980374317, 40.63172280898649]]}}, {"type": "Feature", "properties": {"segment_id": 917235, "physicalid": "64074", "street_name": "SENECA ST", "borough": "staten_island", "direction": "TW", "total_row_ft": 42.4, "roadbed_ft": 27.5, "median_ft": 0.0, "left_sw_ft": 7.1, "right_sw_ft": 7.8}, "geometry": {"type": "LineString", "coordinates": [[-74.11728509513192, 40.63160019747015], [-74.11730129212418, 40.63171584115264]]}}, {"type": "Feature", "properties": {"segment_id": 917236, "physicalid": "64074", "street_name": "SENECA ST", "borough": "staten_island", "direction": "TW", "total_row_ft": 41.5, "roadbed_ft": 27.5, "median_ft": 0.0, "left_sw_ft": 6.8, "right_sw_ft": 7.3}, "geometry": {"type": "LineString", "coordinates": [[-74.11735692254247, 40.63159565117785], [-74.11737278049029, 40.63170887327432]]}}, {"type": "Feature", "properties": {"segment_id": 917237, "physicalid": "64074", "street_name": "SENECA ST", "borough": "staten_island", "direction": "TW", "total_row_ft": 40.6, "roadbed_ft": 27.5, "median_ft": 0.0, "left_sw_ft": 6.4, "right_sw_ft": 6.7}, "geometry": {"type": "LineString", "coordinates": [[-74.11742874994323, 40.63159110484065], [-74.11744426884144, 40.631701905351576]]}}, {"type": "Feature", "properties": {"segment_id": 917238, "physicalid": "64074", "street_name": "SENECA ST", "borough": "staten_island", "direction": "TW", "total_row_ft": 39.8, "roadbed_ft": 27.5, "median_ft": 0.0, "left_sw_ft": 6.0, "right_sw_ft": 6.3}, "geometry": {"type": "LineString", "coordinates": [[-74.11750058100759, 40.631586584685394], [-74.1175157866376, 40.63169514771797]]}}, {"type": "Feature", "properties": {"segment_id": 917239, "physicalid": "64074", "street_name": "SENECA ST", "borough": "staten_island", "direction": "TW", "total_row_ft": 39.8, "roadbed_ft": 27.5, "median_ft": 0.0, "left_sw_ft": 5.6, "right_sw_ft": 6.7}, "geometry": {"type": "LineString", "coordinates": [[-74.11757241664523, 40.6315820972062], [-74.11758762104938, 40.63169065065004]]}}, {"type": "Feature", "properties": {"segment_id": 917240, "physicalid": "64074", "street_name": "SENECA ST", "borough": "staten_island", "direction": "TW", "total_row_ft": 39.8, "roadbed_ft": 27.5, "median_ft": 0.0, "left_sw_ft": 5.1, "right_sw_ft": 7.2}, "geometry": {"type": "LineString", "coordinates": [[-74.11764425227324, 40.63157760968213], [-74.11765945495075, 40.63168614996238]]}}, {"type": "Feature", "properties": {"segment_id": 917241, "physicalid": "64074", "street_name": "SENECA ST", "borough": "staten_island", "direction": "TW", "total_row_ft": 40.0, "roadbed_ft": 27.5, "median_ft": 0.0, "left_sw_ft": 4.9, "right_sw_ft": 7.6}, "geometry": {"type": "LineString", "coordinates": [[-74.11771599709701, 40.63157247388491], [-74.11773128951663, 40.631681654043156]]}}, {"type": "Feature", "properties": {"segment_id": 917242, "physicalid": "64074", "street_name": "SENECA ST", "borough": "staten_island", "direction": "TW", "total_row_ft": 40.3, "roadbed_ft": 27.5, "median_ft": 0.0, "left_sw_ft": 4.7, "right_sw_ft": 8.1}, "geometry": {"type": "LineString", "coordinates": [[-74.11778773707422, 40.63156730351985], [-74.11780312407282, 40.63167715807908]]}}, {"type": "Feature", "properties": {"segment_id": 917243, "physicalid": "64074", "street_name": "SENECA ST", "borough": "staten_island", "direction": "TW", "total_row_ft": 40.0, "roadbed_ft": 27.5, "median_ft": 0.0, "left_sw_ft": 4.5, "right_sw_ft": 8.0}, "geometry": {"type": "LineString", "coordinates": [[-74.11785943494324, 40.63156183256233], [-74.11787473633085, 40.6316710750696]]}}, {"type": "Feature", "properties": {"segment_id": 917244, "physicalid": "64074", "street_name": "SENECA ST", "borough": "staten_island", "direction": "TW", "total_row_ft": 40.0, "roadbed_ft": 27.5, "median_ft": 0.0, "left_sw_ft": 4.7, "right_sw_ft": 7.8}, "geometry": {"type": "LineString", "coordinates": [[-74.11793096246922, 40.63155514550659], [-74.11794624693417, 40.63166426636318]]}}, {"type": "Feature", "properties": {"segment_id": 917245, "physicalid": "64074", "street_name": "SENECA ST", "borough": "staten_island", "direction": "TW", "total_row_ft": 39.9, "roadbed_ft": 27.5, "median_ft": 0.0, "left_sw_ft": 4.9, "right_sw_ft": 7.5}, "geometry": {"type": "LineString", "coordinates": [[-74.11800248998085, 40.63154845840637], [-74.11801775752289, 40.631657457612285]]}}, {"type": "Feature", "properties": {"segment_id": 917246, "physicalid": "64074", "street_name": "SENECA ST", "borough": "staten_island", "direction": "TW", "total_row_ft": 40.8, "roadbed_ft": 27.5, "median_ft": 0.0, "left_sw_ft": 5.1, "right_sw_ft": 8.2}, "geometry": {"type": "LineString", "coordinates": [[-74.11807402628367, 40.63154183412606], [-74.11808962818056, 40.63165321952902]]}}, {"type": "Feature", "properties": {"segment_id": 917247, "physicalid": "64074", "street_name": "SENECA ST", "borough": "staten_island", "direction": "TW", "total_row_ft": 42.0, "roadbed_ft": 31.5, "median_ft": 0.0, "left_sw_ft": 2.5, "right_sw_ft": 8.0}, "geometry": {"type": "LineString", "coordinates": [[-74.11814557507206, 40.63153529903972], [-74.11816161755424, 40.63164982899775]]}}, {"type": "Feature", "properties": {"segment_id": 917248, "physicalid": "64074", "street_name": "SENECA ST", "borough": "staten_island", "direction": "TW", "total_row_ft": 96.1, "roadbed_ft": 66.1, "median_ft": 0.0, "left_sw_ft": 15.0, "right_sw_ft": 15.0}, "geometry": {"type": "LineString", "coordinates": [[-74.11820184095033, 40.63141965722713], [-74.11824771709428, 40.63174717219939]]}}, {"type": "Feature", "properties": {"segment_id": 917249, "physicalid": "64074", "street_name": "SENECA ST", "borough": "staten_island", "direction": "TW", "total_row_ft": 96.0, "roadbed_ft": 66.0, "median_ft": 0.0, "left_sw_ft": 15.0, "right_sw_ft": 15.0}, "geometry": {"type": "LineString", "coordinates": [[-74.11827348904364, 40.631413832032486], [-74.11831936553517, 40.631741346976355]]}}, {"type": "Feature", "properties": {"segment_id": 917250, "physicalid": "64075", "street_name": "SENECA ST", "borough": "staten_island", "direction": "TW", "total_row_ft": 44.8, "roadbed_ft": 30.3, "median_ft": 0.0, "left_sw_ft": 9.0, "right_sw_ft": 5.4}, "geometry": {"type": "LineString", "coordinates": [[-74.11443754270017, 40.63190543839239], [-74.11446221430438, 40.632026845477206]]}}, {"type": "Feature", "properties": {"segment_id": 917251, "physicalid": "64075", "street_name": "SENECA ST", "borough": "staten_island", "direction": "TW", "total_row_ft": 44.2, "roadbed_ft": 30.3, "median_ft": 0.0, "left_sw_ft": 8.9, "right_sw_ft": 5.0}, "geometry": {"type": "LineString", "coordinates": [[-74.11450870003232, 40.63189679457812], [-74.1145330898733, 40.63201681450105]]}}, {"type": "Feature", "properties": {"segment_id": 917252, "physicalid": "64075", "street_name": "SENECA ST", "borough": "staten_island", "direction": "TW", "total_row_ft": 43.7, "roadbed_ft": 30.3, "median_ft": 0.0, "left_sw_ft": 8.8, "right_sw_ft": 4.6}, "geometry": {"type": "LineString", "coordinates": [[-74.11457985734603, 40.6318881507198], [-74.11460396542094, 40.63200678348119]]}}, {"type": "Feature", "properties": {"segment_id": 917253, "physicalid": "64075", "street_name": "SENECA ST", "borough": "staten_island", "direction": "TW", "total_row_ft": 43.9, "roadbed_ft": 30.3, "median_ft": 0.0, "left_sw_ft": 8.6, "right_sw_ft": 5.0}, "geometry": {"type": "LineString", "coordinates": [[-74.1146510146413, 40.63187950681742], [-74.11467521860341, 40.631998610802256]]}}, {"type": "Feature", "properties": {"segment_id": 917254, "physicalid": "64075", "street_name": "SENECA ST", "borough": "staten_island", "direction": "TW", "total_row_ft": 44.1, "roadbed_ft": 30.3, "median_ft": 0.0, "left_sw_ft": 8.5, "right_sw_ft": 5.4}, "geometry": {"type": "LineString", "coordinates": [[-74.11472217195804, 40.63187086306741], [-74.11474650199129, 40.63199058680026]]}}, {"type": "Feature", "properties": {"segment_id": 917255, "physicalid": "64075", "street_name": "SENECA ST", "borough": "staten_island", "direction": "TW", "total_row_ft": 44.2, "roadbed_ft": 30.3, "median_ft": 0.0, "left_sw_ft": 8.1, "right_sw_ft": 5.8}, "geometry": {"type": "LineString", "coordinates": [[-74.11479339555245, 40.631862545503424], [-74.11481778539721, 40.63198256292704]]}}, {"type": "Feature", "properties": {"segment_id": 917256, "physicalid": "64075", "street_name": "SENECA ST", "borough": "staten_island", "direction": "TW", "total_row_ft": 44.2, "roadbed_ft": 30.3, "median_ft": 0.0, "left_sw_ft": 7.7, "right_sw_ft": 6.2}, "geometry": {"type": "LineString", "coordinates": [[-74.11486468808565, 40.6318545672151], [-74.11488906878597, 40.631974539009654]]}}, {"type": "Feature", "properties": {"segment_id": 917257, "physicalid": "64075", "street_name": "SENECA ST", "borough": "staten_island", "direction": "TW", "total_row_ft": 44.1, "roadbed_ft": 30.3, "median_ft": 0.0, "left_sw_ft": 7.5, "right_sw_ft": 6.4}, "geometry": {"type": "LineString", "coordinates": [[-74.11493598057675, 40.63184658875935], [-74.11496030067525, 40.63196626171714]]}}, {"type": "Feature", "properties": {"segment_id": 917258, "physicalid": "64075", "street_name": "SENECA ST", "borough": "staten_island", "direction": "TW", "total_row_ft": 43.9, "roadbed_ft": 30.3, "median_ft": 0.0, "left_sw_ft": 7.4, "right_sw_ft": 6.2}, "geometry": {"type": "LineString", "coordinates": [[-74.1150072730304, 40.63183861015901], [-74.11503147122536, 40.63195768263521]]}}, {"type": "Feature", "properties": {"segment_id": 917259, "physicalid": "64075", "street_name": "SENECA ST", "borough": "staten_island", "direction": "TW", "total_row_ft": 43.7, "roadbed_ft": 30.3, "median_ft": 0.0, "left_sw_ft": 7.3, "right_sw_ft": 6.1}, "geometry": {"type": "LineString", "coordinates": [[-74.11507856546702, 40.631830631514454], [-74.11510264179707, 40.63194910370558]]}}, {"type": "Feature", "properties": {"segment_id": 917260, "physicalid": "64075", "street_name": "SENECA ST", "borough": "staten_island", "direction": "TW", "total_row_ft": 43.5, "roadbed_ft": 30.3, "median_ft": 0.0, "left_sw_ft": 7.3, "right_sw_ft": 5.9}, "geometry": {"type": "LineString", "coordinates": [[-74.11514981230077, 40.63182242851275], [-74.11517381235048, 40.63194052473188]]}}, {"type": "Feature", "properties": {"segment_id": 917261, "physicalid": "64075", "street_name": "SENECA ST", "borough": "staten_island", "direction": "TW", "total_row_ft": 43.5, "roadbed_ft": 30.3, "median_ft": 0.0, "left_sw_ft": 7.4, "right_sw_ft": 5.8}, "geometry": {"type": "LineString", "coordinates": [[-74.11522101214545, 40.63181399433638], [-74.11524500232196, 40.63193204135329]]}}, {"type": "Feature", "properties": {"segment_id": 917262, "physicalid": "64075", "street_name": "SENECA ST", "borough": "staten_island", "direction": "TW", "total_row_ft": 43.7, "roadbed_ft": 30.3, "median_ft": 0.0, "left_sw_ft": 7.5, "right_sw_ft": 5.9}, "geometry": {"type": "LineString", "coordinates": [[-74.11529221197213, 40.63180556011592], [-74.11531630296614, 40.63192410259639]]}}, {"type": "Feature", "properties": {"segment_id": 917263, "physicalid": "64075", "street_name": "SENECA ST", "borough": "staten_island", "direction": "TW", "total_row_ft": 43.9, "roadbed_ft": 30.3, "median_ft": 0.0, "left_sw_ft": 7.7, "right_sw_ft": 5.9}, "geometry": {"type": "LineString", "coordinates": [[-74.11536341178082, 40.63179712585137], [-74.1153876036248, 40.63191616394999]]}}, {"type": "Feature", "properties": {"segment_id": 917264, "physicalid": "64075", "street_name": "SENECA ST", "borough": "staten_island", "direction": "TW", "total_row_ft": 44.1, "roadbed_ft": 30.3, "median_ft": 0.0, "left_sw_ft": 7.8, "right_sw_ft": 6.0}, "geometry": {"type": "LineString", "coordinates": [[-74.11543461159947, 40.63178869168024], [-74.11545890427749, 40.631908225313445]]}}, {"type": "Feature", "properties": {"segment_id": 917265, "physicalid": "64075", "street_name": "SENECA ST", "borough": "staten_island", "direction": "TW", "total_row_ft": 44.3, "roadbed_ft": 30.3, "median_ft": 0.0, "left_sw_ft": 8.0, "right_sw_ft": 6.0}, "geometry": {"type": "LineString", "coordinates": [[-74.11550581141312, 40.631780257528995], [-74.11553020491321, 40.631900286632664]]}}, {"type": "Feature", "properties": {"segment_id": 917266, "physicalid": "64075", "street_name": "SENECA ST", "borough": "staten_island", "direction": "TW", "total_row_ft": 44.4, "roadbed_ft": 30.3, "median_ft": 0.0, "left_sw_ft": 8.2, "right_sw_ft": 5.9}, "geometry": {"type": "LineString", "coordinates": [[-74.11557701120877, 40.631771823333644], [-74.11560149135893, 40.63189227816909]]}}, {"type": "Feature", "properties": {"segment_id": 917267, "physicalid": "64075", "street_name": "SENECA ST", "borough": "staten_island", "direction": "TW", "total_row_ft": 44.1, "roadbed_ft": 30.3, "median_ft": 0.0, "left_sw_ft": 8.2, "right_sw_ft": 5.6}, "geometry": {"type": "LineString", "coordinates": [[-74.11564831871918, 40.63176391919259], [-74.1156726515527, 40.63188364852594]]}}, {"type": "Feature", "properties": {"segment_id": 917268, "physicalid": "64075", "street_name": "SENECA ST", "borough": "staten_island", "direction": "TW", "total_row_ft": 43.8, "roadbed_ft": 30.3, "median_ft": 0.0, "left_sw_ft": 8.2, "right_sw_ft": 5.3}, "geometry": {"type": "LineString", "coordinates": [[-74.1157196721926, 40.63175624124978], [-74.11574381165929, 40.63187501850031]]}}, {"type": "Feature", "properties": {"segment_id": 917269, "physicalid": "64075", "street_name": "SENECA ST", "borough": "staten_island", "direction": "TW", "total_row_ft": 43.4, "roadbed_ft": 30.3, "median_ft": 0.0, "left_sw_ft": 8.1, "right_sw_ft": 5.1}, "geometry": {"type": "LineString", "coordinates": [[-74.1157910256471, 40.63174856325049], [-74.11581497174565, 40.63186638842169]]}}, {"type": "Feature", "properties": {"segment_id": 917270, "physicalid": "64075", "street_name": "SENECA ST", "borough": "staten_island", "direction": "TW", "total_row_ft": 43.1, "roadbed_ft": 30.3, "median_ft": 0.0, "left_sw_ft": 7.8, "right_sw_ft": 5.0}, "geometry": {"type": "LineString", "coordinates": [[-74.11586237908519, 40.631740885206916], [-74.11588613181361, 40.63185775829901]]}}, {"type": "Feature", "properties": {"segment_id": 917271, "physicalid": "64075", "street_name": "SENECA ST", "borough": "staten_island", "direction": "TW", "total_row_ft": 42.8, "roadbed_ft": 30.3, "median_ft": 0.0, "left_sw_ft": 7.6, "right_sw_ft": 4.9}, "geometry": {"type": "LineString", "coordinates": [[-74.11593370463783, 40.63173306999255], [-74.11595729186317, 40.63184912813228]]}}, {"type": "Feature", "properties": {"segment_id": 917272, "physicalid": "64075", "street_name": "SENECA ST", "borough": "staten_island", "direction": "TW", "total_row_ft": 42.7, "roadbed_ft": 30.3, "median_ft": 0.0, "left_sw_ft": 7.6, "right_sw_ft": 4.8}, "geometry": {"type": "LineString", "coordinates": [[-74.11600489934628, 40.63172461101515], [-74.11602845187593, 40.63184049783104]]}}, {"type": "Feature", "properties": {"segment_id": 917273, "physicalid": "64075", "street_name": "SENECA ST", "borough": "staten_island", "direction": "TW", "total_row_ft": 42.8, "roadbed_ft": 30.3, "median_ft": 0.0, "left_sw_ft": 7.6, "right_sw_ft": 4.9}, "geometry": {"type": "LineString", "coordinates": [[-74.11607609400306, 40.631716151828165], [-74.11609969633685, 40.63183228308826]]}}, {"type": "Feature", "properties": {"segment_id": 917274, "physicalid": "64075", "street_name": "SENECA ST", "borough": "staten_island", "direction": "TW", "total_row_ft": 43.1, "roadbed_ft": 30.3, "median_ft": 0.0, "left_sw_ft": 7.7, "right_sw_ft": 5.2}, "geometry": {"type": "LineString", "coordinates": [[-74.1161472886418, 40.63170769259709], [-74.11617106360058, 40.631824672613824]]}}, {"type": "Feature", "properties": {"segment_id": 917275, "physicalid": "64075", "street_name": "SENECA ST", "borough": "staten_island", "direction": "TW", "total_row_ft": 43.4, "roadbed_ft": 30.3, "median_ft": 0.0, "left_sw_ft": 7.7, "right_sw_ft": 5.4}, "geometry": {"type": "LineString", "coordinates": [[-74.11621848326247, 40.631699233321925], [-74.11624243084806, 40.631817062095124]]}}, {"type": "Feature", "properties": {"segment_id": 917276, "physicalid": "64075", "street_name": "SENECA ST", "borough": "staten_island", "direction": "TW", "total_row_ft": 43.7, "roadbed_ft": 30.3, "median_ft": 0.0, "left_sw_ft": 7.8, "right_sw_ft": 5.7}, "geometry": {"type": "LineString", "coordinates": [[-74.1162896877656, 40.631690822715704], [-74.11631379807926, 40.631809451532085]]}}, {"type": "Feature", "properties": {"segment_id": 917277, "physicalid": "64075", "street_name": "SENECA ST", "borough": "staten_island", "direction": "TW", "total_row_ft": 44.0, "roadbed_ft": 30.3, "median_ft": 0.0, "left_sw_ft": 7.8, "right_sw_ft": 6.0}, "geometry": {"type": "LineString", "coordinates": [[-74.1163609053536, 40.6316824765343], [-74.11638516529418, 40.63180184092479]]}}, {"type": "Feature", "properties": {"segment_id": 917278, "physicalid": "64075", "street_name": "SENECA ST", "borough": "staten_island", "direction": "TW", "total_row_ft": 44.1, "roadbed_ft": 30.3, "median_ft": 0.0, "left_sw_ft": 7.7, "right_sw_ft": 6.1}, "geometry": {"type": "LineString", "coordinates": [[-74.11643212292827, 40.63167413033077], [-74.11645641177918, 40.63179363633898]]}}, {"type": "Feature", "properties": {"segment_id": 917279, "physicalid": "64075", "street_name": "SENECA ST", "borough": "staten_island", "direction": "TW", "total_row_ft": 44.0, "roadbed_ft": 30.3, "median_ft": 0.0, "left_sw_ft": 7.5, "right_sw_ft": 6.2}, "geometry": {"type": "LineString", "coordinates": [[-74.11650334048511, 40.63166578408313], [-74.11652759597312, 40.63178512531291]]}}, {"type": "Feature", "properties": {"segment_id": 917280, "physicalid": "64075", "street_name": "SENECA ST", "borough": "staten_island", "direction": "TW", "total_row_ft": 120.0, "roadbed_ft": 30.3, "median_ft": 0.0, "left_sw_ft": 44.4, "right_sw_ft": 45.3}, "geometry": {"type": "LineString", "coordinates": [[-74.11655408454223, 40.631556704882584], [-74.11662024018491, 40.631882200445986]]}}, {"type": "Feature", "properties": {"segment_id": 929735, "physicalid": "64909", "street_name": "SHEFFIELD ST", "borough": "staten_island", "direction": "TW", "total_row_ft": 48.1, "roadbed_ft": 30.2, "median_ft": 0.0, "left_sw_ft": 10.5, "right_sw_ft": 7.4}, "geometry": {"type": "LineString", "coordinates": [[-74.11289861857237, 40.63273964895039], [-74.11306945099734, 40.632717026641934]]}}, {"type": "Feature", "properties": {"segment_id": 929736, "physicalid": "64909", "street_name": "SHEFFIELD ST", "borough": "staten_island", "direction": "TW", "total_row_ft": 47.7, "roadbed_ft": 30.2, "median_ft": 0.0, "left_sw_ft": 9.9, "right_sw_ft": 7.6}, "geometry": {"type": "LineString", "coordinates": [[-74.11288832128994, 40.63268529367346], [-74.1130576413811, 40.63266287163266]]}}, {"type": "Feature", "properties": {"segment_id": 929737, "physicalid": "64909", "street_name": "SHEFFIELD ST", "borough": "staten_island", "direction": "TW", "total_row_ft": 47.3, "roadbed_ft": 30.2, "median_ft": 0.0, "left_sw_ft": 9.2, "right_sw_ft": 7.9}, "geometry": {"type": "LineString", "coordinates": [[-74.11287802402431, 40.632630938395295], [-74.11304583178404, 40.63260871662188]]}}, {"type": "Feature", "properties": {"segment_id": 929738, "physicalid": "64909", "street_name": "SHEFFIELD ST", "borough": "staten_island", "direction": "TW", "total_row_ft": 46.8, "roadbed_ft": 30.2, "median_ft": 0.0, "left_sw_ft": 8.8, "right_sw_ft": 7.9}, "geometry": {"type": "LineString", "coordinates": [[-74.11286772677545, 40.63257658311589], [-74.11303402220612, 40.63255456160955]]}}, {"type": "Feature", "properties": {"segment_id": 929739, "physicalid": "64909", "street_name": "SHEFFIELD ST", "borough": "staten_island", "direction": "TW", "total_row_ft": 46.4, "roadbed_ft": 30.2, "median_ft": 0.0, "left_sw_ft": 8.5, "right_sw_ft": 7.7}, "geometry": {"type": "LineString", "coordinates": [[-74.11285728299646, 40.63252145426783], [-74.11302237740072, 40.63250116210462]]}}, {"type": "Feature", "properties": {"segment_id": 929740, "physicalid": "64909", "street_name": "SHEFFIELD ST", "borough": "staten_island", "direction": "TW", "total_row_ft": 46.3, "roadbed_ft": 30.2, "median_ft": 0.0, "left_sw_ft": 8.4, "right_sw_ft": 7.7}, "geometry": {"type": "LineString", "coordinates": [[-74.1128465326923, 40.63246717000268], [-74.11301106496133, 40.632446946932525]]}}, {"type": "Feature", "properties": {"segment_id": 929741, "physicalid": "64909", "street_name": "SHEFFIELD ST", "borough": "staten_island", "direction": "TW", "total_row_ft": 46.3, "roadbed_ft": 30.2, "median_ft": 0.0, "left_sw_ft": 8.4, "right_sw_ft": 7.7}, "geometry": {"type": "LineString", "coordinates": [[-74.11283521839947, 40.63241295505918], [-74.11299989858891, 40.63239271380773]]}}, {"type": "Feature", "properties": {"segment_id": 929742, "physicalid": "64909", "street_name": "SHEFFIELD ST", "borough": "staten_island", "direction": "TW", "total_row_ft": 46.3, "roadbed_ft": 30.2, "median_ft": 0.0, "left_sw_ft": 8.4, "right_sw_ft": 7.8}, "geometry": {"type": "LineString", "coordinates": [[-74.11282390395799, 40.63235874013477], [-74.11298873223373, 40.63233848068162]]}}, {"type": "Feature", "properties": {"segment_id": 929743, "physicalid": "64909", "street_name": "SHEFFIELD ST", "borough": "staten_island", "direction": "TW", "total_row_ft": 46.4, "roadbed_ft": 30.2, "median_ft": 0.0, "left_sw_ft": 8.1, "right_sw_ft": 8.1}, "geometry": {"type": "LineString", "coordinates": [[-74.1128125895349, 40.632304525208944], [-74.11297756589668, 40.63228424755413]]}}, {"type": "Feature", "properties": {"segment_id": 929744, "physicalid": "64909", "street_name": "SHEFFIELD ST", "borough": "staten_island", "direction": "TW", "total_row_ft": 46.4, "roadbed_ft": 30.2, "median_ft": 0.0, "left_sw_ft": 7.9, "right_sw_ft": 8.3}, "geometry": {"type": "LineString", "coordinates": [[-74.11280127502495, 40.63225031029461], [-74.11296640306172, 40.632230013997]]}}, {"type": "Feature", "properties": {"segment_id": 929745, "physicalid": "64909", "street_name": "SHEFFIELD ST", "borough": "staten_island", "direction": "TW", "total_row_ft": 46.5, "roadbed_ft": 30.2, "median_ft": 0.0, "left_sw_ft": 7.7, "right_sw_ft": 8.6}, "geometry": {"type": "LineString", "coordinates": [[-74.11278984130753, 40.632196110033114], [-74.11295527582341, 40.632175776065395]]}}, {"type": "Feature", "properties": {"segment_id": 929746, "physicalid": "64909", "street_name": "SHEFFIELD ST", "borough": "staten_island", "direction": "TW", "total_row_ft": 46.6, "roadbed_ft": 30.2, "median_ft": 0.0, "left_sw_ft": 7.4, "right_sw_ft": 8.9}, "geometry": {"type": "LineString", "coordinates": [[-74.11277840793221, 40.632141909730386], [-74.1129441484704, 40.63212153814874]]}}, {"type": "Feature", "properties": {"segment_id": 929747, "physicalid": "64909", "street_name": "SHEFFIELD ST", "borough": "staten_island", "direction": "TW", "total_row_ft": 46.7, "roadbed_ft": 30.2, "median_ft": 0.0, "left_sw_ft": 7.3, "right_sw_ft": 9.2}, "geometry": {"type": "LineString", "coordinates": [[-74.11276697482002, 40.63208770939616], [-74.11293302113548, 40.63206730023067]]}}, {"type": "Feature", "properties": {"segment_id": 929748, "physicalid": "64909", "street_name": "SHEFFIELD ST", "borough": "staten_island", "direction": "TW", "total_row_ft": 46.7, "roadbed_ft": 30.2, "median_ft": 0.0, "left_sw_ft": 7.4, "right_sw_ft": 9.1}, "geometry": {"type": "LineString", "coordinates": [[-74.11275585414408, 40.632033470660694], [-74.11292189385804, 40.63201306230636]]}}, {"type": "Feature", "properties": {"segment_id": 929749, "physicalid": "64909", "street_name": "SHEFFIELD ST", "borough": "staten_island", "direction": "TW", "total_row_ft": 46.5, "roadbed_ft": 30.2, "median_ft": 0.0, "left_sw_ft": 7.3, "right_sw_ft": 9.0}, "geometry": {"type": "LineString", "coordinates": [[-74.11274519176645, 40.631979175595795], [-74.112910555855, 40.631958850283866]]}}, {"type": "Feature", "properties": {"segment_id": 929750, "physicalid": "64909", "street_name": "SHEFFIELD ST", "borough": "staten_island", "direction": "TW", "total_row_ft": 46.2, "roadbed_ft": 30.2, "median_ft": 0.0, "left_sw_ft": 7.2, "right_sw_ft": 8.7}, "geometry": {"type": "LineString", "coordinates": [[-74.11273452940617, 40.63192488052959], [-74.11289872283871, 40.631904699105874]]}}, {"type": "Feature", "properties": {"segment_id": 929751, "physicalid": "64909", "street_name": "SHEFFIELD ST", "borough": "staten_island", "direction": "TW", "total_row_ft": 45.8, "roadbed_ft": 30.2, "median_ft": 0.0, "left_sw_ft": 7.2, "right_sw_ft": 8.5}, "geometry": {"type": "LineString", "coordinates": [[-74.11272382009318, 40.63187059123525], [-74.11288688988651, 40.63185054792085]]}}, {"type": "Feature", "properties": {"segment_id": 929752, "physicalid": "64909", "street_name": "SHEFFIELD ST", "borough": "staten_island", "direction": "TW", "total_row_ft": 45.6, "roadbed_ft": 30.2, "median_ft": 0.0, "left_sw_ft": 7.2, "right_sw_ft": 8.2}, "geometry": {"type": "LineString", "coordinates": [[-74.11271296214757, 40.63181632021045], [-74.11287505707718, 40.631796396719054]]}}, {"type": "Feature", "properties": {"segment_id": 929753, "physicalid": "64909", "street_name": "SHEFFIELD ST", "borough": "staten_island", "direction": "TW", "total_row_ft": 45.3, "roadbed_ft": 30.2, "median_ft": 0.0, "left_sw_ft": 7.1, "right_sw_ft": 8.0}, "geometry": {"type": "LineString", "coordinates": [[-74.11270210421961, 40.631762049184296], [-74.11286322428705, 40.63174224551577]]}}, {"type": "Feature", "properties": {"segment_id": 929754, "physicalid": "64909", "street_name": "SHEFFIELD ST", "borough": "staten_island", "direction": "TW", "total_row_ft": 45.0, "roadbed_ft": 30.2, "median_ft": 0.0, "left_sw_ft": 7.1, "right_sw_ft": 7.7}, "geometry": {"type": "LineString", "coordinates": [[-74.11269129382352, 40.63170777231676], [-74.11285139162973, 40.63168809429697]]}}, {"type": "Feature", "properties": {"segment_id": 929755, "physicalid": "64909", "street_name": "SHEFFIELD ST", "borough": "staten_island", "direction": "TW", "total_row_ft": 44.7, "roadbed_ft": 30.2, "median_ft": 0.0, "left_sw_ft": 7.0, "right_sw_ft": 7.5}, "geometry": {"type": "LineString", "coordinates": [[-74.11268070430935, 40.63165346830104], [-74.11283968035576, 40.63163392815937]]}}, {"type": "Feature", "properties": {"segment_id": 929756, "physicalid": "64909", "street_name": "SHEFFIELD ST", "borough": "staten_island", "direction": "TW", "total_row_ft": 44.4, "roadbed_ft": 30.2, "median_ft": 0.0, "left_sw_ft": 6.9, "right_sw_ft": 7.3}, "geometry": {"type": "LineString", "coordinates": [[-74.1126701144924, 40.63159916432339], [-74.11282809536935, 40.63157974650021]]}}, {"type": "Feature", "properties": {"segment_id": 929757, "physicalid": "64909", "street_name": "SHEFFIELD ST", "borough": "staten_island", "direction": "TW", "total_row_ft": 44.1, "roadbed_ft": 30.2, "median_ft": 0.0, "left_sw_ft": 6.7, "right_sw_ft": 7.2}, "geometry": {"type": "LineString", "coordinates": [[-74.11265952526297, 40.631544860274325], [-74.11281651062595, 40.631525564811994]]}}, {"type": "Feature", "properties": {"segment_id": 929758, "physicalid": "64909", "street_name": "SHEFFIELD ST", "borough": "staten_island", "direction": "TW", "total_row_ft": 43.9, "roadbed_ft": 30.2, "median_ft": 0.0, "left_sw_ft": 6.4, "right_sw_ft": 7.2}, "geometry": {"type": "LineString", "coordinates": [[-74.11264893605079, 40.63149055622398], [-74.11280492582341, 40.631471383131874]]}}, {"type": "Feature", "properties": {"segment_id": 929759, "physicalid": "64909", "street_name": "SHEFFIELD ST", "borough": "staten_island", "direction": "TW", "total_row_ft": 43.6, "roadbed_ft": 30.2, "median_ft": 0.0, "left_sw_ft": 6.1, "right_sw_ft": 7.2}, "geometry": {"type": "LineString", "coordinates": [[-74.11263834660825, 40.63143625220278], [-74.11279334078182, 40.631417201481966]]}}, {"type": "Feature", "properties": {"segment_id": 929760, "physicalid": "64909", "street_name": "SHEFFIELD ST", "borough": "staten_island", "direction": "TW", "total_row_ft": 43.1, "roadbed_ft": 30.2, "median_ft": 0.0, "left_sw_ft": 5.9, "right_sw_ft": 7.0}, "geometry": {"type": "LineString", "coordinates": [[-74.11262775707047, 40.63138194819409], [-74.11278113525489, 40.631363096098724]]}}, {"type": "Feature", "properties": {"segment_id": 929761, "physicalid": "64909", "street_name": "SHEFFIELD ST", "borough": "staten_island", "direction": "TW", "total_row_ft": 42.6, "roadbed_ft": 30.2, "median_ft": 0.0, "left_sw_ft": 5.6, "right_sw_ft": 6.8}, "geometry": {"type": "LineString", "coordinates": [[-74.11261716754991, 40.63132764418413], [-74.11276883409434, 40.63130900247096]]}}, {"type": "Feature", "properties": {"segment_id": 929762, "physicalid": "64909", "street_name": "SHEFFIELD ST", "borough": "staten_island", "direction": "TW", "total_row_ft": 120.0, "roadbed_ft": 33.3, "median_ft": 0.0, "left_sw_ft": 43.5, "right_sw_ft": 43.2}, "geometry": {"type": "LineString", "coordinates": [[-74.1124635001371, 40.63129092604344], [-74.11289030984295, 40.63123846581702]]}}, {"type": "Feature", "properties": {"segment_id": 929763, "physicalid": "64910", "street_name": "SHEFFIELD ST", "borough": "staten_island", "direction": "TW", "total_row_ft": 120.0, "roadbed_ft": 54.1, "median_ft": 0.0, "left_sw_ft": 41.8, "right_sw_ft": 24.1}, "geometry": {"type": "LineString", "coordinates": [[-74.11244556322544, 40.63120515435743], [-74.11287265053275, 40.63115402493711]]}}, {"type": "Feature", "properties": {"segment_id": 929764, "physicalid": "64910", "street_name": "SHEFFIELD ST", "borough": "staten_island", "direction": "TW", "total_row_ft": 42.7, "roadbed_ft": 29.3, "median_ft": 0.0, "left_sw_ft": 5.7, "right_sw_ft": 7.7}, "geometry": {"type": "LineString", "coordinates": [[-74.1125731533098, 40.63113431051542], [-74.11272496207863, 40.63111613649156]]}}, {"type": "Feature", "properties": {"segment_id": 929765, "physicalid": "64910", "street_name": "SHEFFIELD ST", "borough": "staten_island", "direction": "TW", "total_row_ft": 42.6, "roadbed_ft": 29.3, "median_ft": 0.0, "left_sw_ft": 5.4, "right_sw_ft": 7.8}, "geometry": {"type": "LineString", "coordinates": [[-74.11256360663562, 40.63107988403273], [-74.11271508664605, 40.6310617493649]]}}, {"type": "Feature", "properties": {"segment_id": 929766, "physicalid": "64910", "street_name": "SHEFFIELD ST", "borough": "staten_island", "direction": "TW", "total_row_ft": 43.1, "roadbed_ft": 29.3, "median_ft": 0.0, "left_sw_ft": 5.8, "right_sw_ft": 8.0}, "geometry": {"type": "LineString", "coordinates": [[-74.1125517795308, 40.63102573055454], [-74.11270521126663, 40.63100736223266]]}}, {"type": "Feature", "properties": {"segment_id": 929767, "physicalid": "64910", "street_name": "SHEFFIELD ST", "borough": "staten_island", "direction": "TW", "total_row_ft": 43.7, "roadbed_ft": 29.3, "median_ft": 0.0, "left_sw_ft": 6.4, "right_sw_ft": 8.1}, "geometry": {"type": "LineString", "coordinates": [[-74.11253850721577, 40.630971750091696], [-74.11269415785202, 40.63095311613232]]}}, {"type": "Feature", "properties": {"segment_id": 929768, "physicalid": "64910", "street_name": "SHEFFIELD ST", "borough": "staten_island", "direction": "TW", "total_row_ft": 44.0, "roadbed_ft": 29.3, "median_ft": 0.0, "left_sw_ft": 6.9, "right_sw_ft": 7.8}, "geometry": {"type": "LineString", "coordinates": [[-74.11252523505304, 40.63091776961138], [-74.11268185701047, 40.63089901937133]]}}, {"type": "Feature", "properties": {"segment_id": 929769, "physicalid": "64910", "street_name": "SHEFFIELD ST", "borough": "staten_island", "direction": "TW", "total_row_ft": 44.3, "roadbed_ft": 29.3, "median_ft": 0.0, "left_sw_ft": 7.5, "right_sw_ft": 7.5}, "geometry": {"type": "LineString", "coordinates": [[-74.11251199880627, 40.63086378483205], [-74.1126695558299, 40.630844922651654]]}}, {"type": "Feature", "properties": {"segment_id": 929770, "physicalid": "64910", "street_name": "SHEFFIELD ST", "borough": "staten_island", "direction": "TW", "total_row_ft": 43.9, "roadbed_ft": 29.3, "median_ft": 0.0, "left_sw_ft": 7.2, "right_sw_ft": 7.4}, "geometry": {"type": "LineString", "coordinates": [[-74.11250156287743, 40.630809464811165], [-74.11265770858022, 40.630790771589375]]}}, {"type": "Feature", "properties": {"segment_id": 929771, "physicalid": "64910", "street_name": "SHEFFIELD ST", "borough": "staten_island", "direction": "TW", "total_row_ft": 43.6, "roadbed_ft": 29.3, "median_ft": 0.0, "left_sw_ft": 7.0, "right_sw_ft": 7.3}, "geometry": {"type": "LineString", "coordinates": [[-74.1124911266269, 40.63075514482953], [-74.1126462806784, 40.63073657032472]]}}, {"type": "Feature", "properties": {"segment_id": 929772, "physicalid": "64910", "street_name": "SHEFFIELD ST", "borough": "staten_island", "direction": "TW", "total_row_ft": 43.3, "roadbed_ft": 29.3, "median_ft": 0.0, "left_sw_ft": 6.7, "right_sw_ft": 7.3}, "geometry": {"type": "LineString", "coordinates": [[-74.11248069009362, 40.630700824882524], [-74.11263485289952, 40.630682369046106]]}}, {"type": "Feature", "properties": {"segment_id": 929773, "physicalid": "64910", "street_name": "SHEFFIELD ST", "borough": "staten_island", "direction": "TW", "total_row_ft": 43.0, "roadbed_ft": 29.3, "median_ft": 0.0, "left_sw_ft": 6.5, "right_sw_ft": 7.3}, "geometry": {"type": "LineString", "coordinates": [[-74.11247025343246, 40.63064650495162], [-74.11262342431144, 40.63062816786515]]}}, {"type": "Feature", "properties": {"segment_id": 929774, "physicalid": "64910", "street_name": "SHEFFIELD ST", "borough": "staten_island", "direction": "TW", "total_row_ft": 43.0, "roadbed_ft": 29.3, "median_ft": 0.0, "left_sw_ft": 6.5, "right_sw_ft": 7.2}, "geometry": {"type": "LineString", "coordinates": [[-74.11245913956344, 40.63059226609396], [-74.11261200849704, 40.63057396515572]]}}, {"type": "Feature", "properties": {"segment_id": 929775, "physicalid": "64910", "street_name": "SHEFFIELD ST", "borough": "staten_island", "direction": "TW", "total_row_ft": 43.0, "roadbed_ft": 29.3, "median_ft": 0.0, "left_sw_ft": 6.7, "right_sw_ft": 7.1}, "geometry": {"type": "LineString", "coordinates": [[-74.11244750566978, 40.63053808949227], [-74.11260064138023, 40.63051975661711]]}}, {"type": "Feature", "properties": {"segment_id": 929776, "physicalid": "64910", "street_name": "SHEFFIELD ST", "borough": "staten_island", "direction": "TW", "total_row_ft": 43.1, "roadbed_ft": 29.3, "median_ft": 0.0, "left_sw_ft": 6.8, "right_sw_ft": 7.0}, "geometry": {"type": "LineString", "coordinates": [[-74.11243587191565, 40.63048391287464], [-74.11258927451723, 40.63046554804891]]}}, {"type": "Feature", "properties": {"segment_id": 929777, "physicalid": "64910", "street_name": "SHEFFIELD ST", "borough": "staten_island", "direction": "TW", "total_row_ft": 43.2, "roadbed_ft": 29.3, "median_ft": 0.0, "left_sw_ft": 7.0, "right_sw_ft": 6.9}, "geometry": {"type": "LineString", "coordinates": [[-74.11242423851668, 40.630429736215255], [-74.11257790718392, 40.630411339537794]]}}, {"type": "Feature", "properties": {"segment_id": 929778, "physicalid": "64910", "street_name": "SHEFFIELD ST", "borough": "staten_island", "direction": "TW", "total_row_ft": 43.3, "roadbed_ft": 29.3, "median_ft": 0.0, "left_sw_ft": 7.2, "right_sw_ft": 6.7}, "geometry": {"type": "LineString", "coordinates": [[-74.11241260444088, 40.63037555963767], [-74.11256653948146, 40.63035713107162]]}}, {"type": "Feature", "properties": {"segment_id": 931059, "physicalid": "64998", "street_name": "BRITTON ST", "borough": "staten_island", "direction": "TW", "total_row_ft": 37.6, "roadbed_ft": 24.0, "median_ft": 0.0, "left_sw_ft": 7.0, "right_sw_ft": 6.6}, "geometry": {"type": "LineString", "coordinates": [[-74.11524846007556, 40.63417023268239], [-74.11526920337829, 40.63427220610441]]}}, {"type": "Feature", "properties": {"segment_id": 931060, "physicalid": "64998", "street_name": "BRITTON ST", "borough": "staten_island", "direction": "TW", "total_row_ft": 36.9, "roadbed_ft": 24.0, "median_ft": 0.0, "left_sw_ft": 6.4, "right_sw_ft": 6.5}, "geometry": {"type": "LineString", "coordinates": [[-74.11531999333671, 40.63416342528143], [-74.11534036818257, 40.63426358685369]]}}, {"type": "Feature", "properties": {"segment_id": 931061, "physicalid": "64998", "street_name": "BRITTON ST", "borough": "staten_island", "direction": "TW", "total_row_ft": 36.3, "roadbed_ft": 24.0, "median_ft": 0.0, "left_sw_ft": 5.8, "right_sw_ft": 6.4}, "geometry": {"type": "LineString", "coordinates": [[-74.11539152654456, 40.63415661764571], [-74.1154115330428, 40.634254967924306]]}}, {"type": "Feature", "properties": {"segment_id": 931062, "physicalid": "64998", "street_name": "BRITTON ST", "borough": "staten_island", "direction": "TW", "total_row_ft": 36.3, "roadbed_ft": 24.0, "median_ft": 0.0, "left_sw_ft": 6.0, "right_sw_ft": 6.3}, "geometry": {"type": "LineString", "coordinates": [[-74.11546268275684, 40.634147956765375], [-74.11548269789925, 40.63424634902264]]}}, {"type": "Feature", "properties": {"segment_id": 931063, "physicalid": "64998", "street_name": "BRITTON ST", "borough": "staten_island", "direction": "TW", "total_row_ft": 36.4, "roadbed_ft": 24.0, "median_ft": 0.0, "left_sw_ft": 6.4, "right_sw_ft": 6.0}, "geometry": {"type": "LineString", "coordinates": [[-74.11553375669226, 40.6341388914692], [-74.11555386275457, 40.6342377301618]]}}, {"type": "Feature", "properties": {"segment_id": 931064, "physicalid": "64998", "street_name": "BRITTON ST", "borough": "staten_island", "direction": "TW", "total_row_ft": 36.7, "roadbed_ft": 24.0, "median_ft": 0.0, "left_sw_ft": 6.9, "right_sw_ft": 5.7}, "geometry": {"type": "LineString", "coordinates": [[-74.11560483057552, 40.63412982596772], [-74.11562505631507, 40.63422925245703]]}}, {"type": "Feature", "properties": {"segment_id": 931065, "physicalid": "64998", "street_name": "BRITTON ST", "borough": "staten_island", "direction": "TW", "total_row_ft": 37.0, "roadbed_ft": 24.0, "median_ft": 0.0, "left_sw_ft": 7.4, "right_sw_ft": 5.6}, "geometry": {"type": "LineString", "coordinates": [[-74.11567590439554, 40.63412076020628], [-74.11569630749904, 40.634221058063]]}}, {"type": "Feature", "properties": {"segment_id": 931066, "physicalid": "64998", "street_name": "BRITTON ST", "borough": "staten_island", "direction": "TW", "total_row_ft": 37.3, "roadbed_ft": 23.9, "median_ft": 0.0, "left_sw_ft": 7.8, "right_sw_ft": 5.5}, "geometry": {"type": "LineString", "coordinates": [[-74.11574697820642, 40.634111694450816], [-74.11576755873422, 40.63421286396252]]}}, {"type": "Feature", "properties": {"segment_id": 931067, "physicalid": "64998", "street_name": "BRITTON ST", "borough": "staten_island", "direction": "TW", "total_row_ft": 37.6, "roadbed_ft": 23.8, "median_ft": 0.0, "left_sw_ft": 8.2, "right_sw_ft": 5.5}, "geometry": {"type": "LineString", "coordinates": [[-74.11581809039271, 40.63410281739108], [-74.11583880994866, 40.63420466980193]]}}, {"type": "Feature", "properties": {"segment_id": 931068, "physicalid": "64998", "street_name": "BRITTON ST", "borough": "staten_island", "direction": "TW", "total_row_ft": 37.5, "roadbed_ft": 24.0, "median_ft": 0.0, "left_sw_ft": 8.0, "right_sw_ft": 5.5}, "geometry": {"type": "LineString", "coordinates": [[-74.1158893589209, 40.634094708917154], [-74.11591004469172, 40.63419639471434]]}}, {"type": "Feature", "properties": {"segment_id": 931069, "physicalid": "64998", "street_name": "BRITTON ST", "borough": "staten_island", "direction": "TW", "total_row_ft": 37.3, "roadbed_ft": 24.0, "median_ft": 0.0, "left_sw_ft": 7.7, "right_sw_ft": 5.6}, "geometry": {"type": "LineString", "coordinates": [[-74.11596062741894, 40.63408660033591], [-74.11598122519742, 40.63418785305473]]}}, {"type": "Feature", "properties": {"segment_id": 931070, "physicalid": "64998", "street_name": "BRITTON ST", "borough": "staten_island", "direction": "TW", "total_row_ft": 37.2, "roadbed_ft": 24.0, "median_ft": 0.0, "left_sw_ft": 7.4, "right_sw_ft": 5.7}, "geometry": {"type": "LineString", "coordinates": [[-74.11603189595314, 40.63407849197344], [-74.11605240570414, 40.634179311445685]]}}, {"type": "Feature", "properties": {"segment_id": 931071, "physicalid": "64998", "street_name": "BRITTON ST", "borough": "staten_island", "direction": "TW", "total_row_ft": 37.2, "roadbed_ft": 24.0, "median_ft": 0.0, "left_sw_ft": 7.3, "right_sw_ft": 5.9}, "geometry": {"type": "LineString", "coordinates": [[-74.11610308305525, 40.634069983358884], [-74.11612358619341, 40.63417076979626]]}}, {"type": "Feature", "properties": {"segment_id": 931072, "physicalid": "64998", "street_name": "BRITTON ST", "borough": "staten_island", "direction": "TW", "total_row_ft": 37.2, "roadbed_ft": 24.0, "median_ft": 0.0, "left_sw_ft": 7.2, "right_sw_ft": 6.0}, "geometry": {"type": "LineString", "coordinates": [[-74.11617422660719, 40.63406126071249], [-74.11619476667713, 40.634162228165096]]}}, {"type": "Feature", "properties": {"segment_id": 931073, "physicalid": "64998", "street_name": "BRITTON ST", "borough": "staten_island", "direction": "TW", "total_row_ft": 37.5, "roadbed_ft": 24.0, "median_ft": 0.0, "left_sw_ft": 7.2, "right_sw_ft": 6.2}, "geometry": {"type": "LineString", "coordinates": [[-74.11624533708797, 40.634052375548414], [-74.11626601581195, 40.63415402404074]]}}, {"type": "Feature", "properties": {"segment_id": 931074, "physicalid": "64998", "street_name": "BRITTON ST", "borough": "staten_island", "direction": "TW", "total_row_ft": 38.1, "roadbed_ft": 24.0, "median_ft": 0.0, "left_sw_ft": 7.5, "right_sw_ft": 6.5}, "geometry": {"type": "LineString", "coordinates": [[-74.11631637718871, 40.63404314447395], [-74.11633737492869, 40.63414636058272]]}}, {"type": "Feature", "properties": {"segment_id": 931075, "physicalid": "64998", "street_name": "BRITTON ST", "borough": "staten_island", "direction": "TW", "total_row_ft": 38.7, "roadbed_ft": 24.0, "median_ft": 0.0, "left_sw_ft": 7.9, "right_sw_ft": 6.9}, "geometry": {"type": "LineString", "coordinates": [[-74.11638741726976, 40.63403391335556], [-74.11640878047756, 40.634138925400244]]}}, {"type": "Feature", "properties": {"segment_id": 931076, "physicalid": "64998", "street_name": "BRITTON ST", "borough": "staten_island", "direction": "TW", "total_row_ft": 39.3, "roadbed_ft": 24.0, "median_ft": 0.0, "left_sw_ft": 8.2, "right_sw_ft": 7.2}, "geometry": {"type": "LineString", "coordinates": [[-74.11645845733348, 40.63402468220461], [-74.11648016269879, 40.63413137558414]]}}, {"type": "Feature", "properties": {"segment_id": 931077, "physicalid": "64998", "street_name": "BRITTON ST", "borough": "staten_island", "direction": "TW", "total_row_ft": 40.0, "roadbed_ft": 24.0, "median_ft": 0.0, "left_sw_ft": 8.5, "right_sw_ft": 7.5}, "geometry": {"type": "LineString", "coordinates": [[-74.11652949737889, 40.63401545101633], [-74.11655157998246, 40.63412399815243]]}}, {"type": "Feature", "properties": {"segment_id": 931078, "physicalid": "64998", "street_name": "BRITTON ST", "borough": "staten_island", "direction": "TW", "total_row_ft": 40.5, "roadbed_ft": 24.0, "median_ft": 0.0, "left_sw_ft": 8.7, "right_sw_ft": 7.7}, "geometry": {"type": "LineString", "coordinates": [[-74.116600582379, 40.63400644085495], [-74.11662290318874, 40.63411615831929]]}}, {"type": "Feature", "properties": {"segment_id": 931079, "physicalid": "64998", "street_name": "BRITTON ST", "borough": "staten_island", "direction": "TW", "total_row_ft": 36.3, "roadbed_ft": 24.0, "median_ft": 0.0, "left_sw_ft": 7.5, "right_sw_ft": 4.7}, "geometry": {"type": "LineString", "coordinates": [[-74.11667245664577, 40.634001310353575], [-74.11669246001352, 40.634099635972774]]}}, {"type": "Feature", "properties": {"segment_id": 931080, "physicalid": "64998", "street_name": "BRITTON ST", "borough": "staten_island", "direction": "TW", "total_row_ft": 36.2, "roadbed_ft": 24.0, "median_ft": 0.0, "left_sw_ft": 7.3, "right_sw_ft": 4.9}, "geometry": {"type": "LineString", "coordinates": [[-74.11674376848137, 40.6339934152679], [-74.11676372042201, 40.63409148758402]]}}, {"type": "Feature", "properties": {"segment_id": 931081, "physicalid": "64998", "street_name": "BRITTON ST", "borough": "staten_island", "direction": "TW", "total_row_ft": 37.6, "roadbed_ft": 24.0, "median_ft": 0.0, "left_sw_ft": 8.6, "right_sw_ft": 5.0}, "geometry": {"type": "LineString", "coordinates": [[-74.11681425658486, 40.63398147124044], [-74.1168349807521, 40.63408333885127]]}}, {"type": "Feature", "properties": {"segment_id": 931082, "physicalid": "64998", "street_name": "BRITTON ST", "borough": "staten_island", "direction": "TW", "total_row_ft": 37.5, "roadbed_ft": 24.0, "median_ft": 0.0, "left_sw_ft": 8.3, "right_sw_ft": 5.1}, "geometry": {"type": "LineString", "coordinates": [[-74.11688556840527, 40.633973576178754], [-74.11690624106477, 40.634075190074356]]}}, {"type": "Feature", "properties": {"segment_id": 931083, "physicalid": "64998", "street_name": "BRITTON ST", "borough": "staten_island", "direction": "TW", "total_row_ft": 37.4, "roadbed_ft": 24.0, "median_ft": 0.0, "left_sw_ft": 8.1, "right_sw_ft": 5.3}, "geometry": {"type": "LineString", "coordinates": [[-74.11695688020879, 40.63396568107282], [-74.11697750136004, 40.634067041253246]]}}, {"type": "Feature", "properties": {"segment_id": 980472, "physicalid": "68433", "street_name": "N BURGHER AVE", "borough": "staten_island", "direction": "TF", "total_row_ft": 135.0, "roadbed_ft": 87.3, "median_ft": 0.0, "left_sw_ft": 32.7, "right_sw_ft": 15.0}, "geometry": {"type": "LineString", "coordinates": [[-74.11332945308241, 40.63015538959155], [-74.11375599000573, 40.63010169049776]]}}, {"type": "Feature", "properties": {"segment_id": 980473, "physicalid": "68433", "street_name": "N BURGHER AVE", "borough": "staten_island", "direction": "TF", "total_row_ft": 42.9, "roadbed_ft": 30.9, "median_ft": 0.0, "left_sw_ft": 5.2, "right_sw_ft": 6.7}, "geometry": {"type": "LineString", "coordinates": [[-74.11345250308891, 40.63008425811194], [-74.1136048261009, 40.63006508132854]]}}, {"type": "Feature", "properties": {"segment_id": 980474, "physicalid": "68433", "street_name": "N BURGHER AVE", "borough": "staten_island", "direction": "TF", "total_row_ft": 42.8, "roadbed_ft": 30.9, "median_ft": 0.0, "left_sw_ft": 5.2, "right_sw_ft": 6.7}, "geometry": {"type": "LineString", "coordinates": [[-74.11344088674196, 40.63003008034541], [-74.11359301671071, 40.63001092786555]]}}, {"type": "Feature", "properties": {"segment_id": 980487, "physicalid": "68434", "street_name": "N BURGHER AVE", "borough": "staten_island", "direction": "TF", "total_row_ft": 120.0, "roadbed_ft": 66.7, "median_ft": 0.0, "left_sw_ft": 12.0, "right_sw_ft": 41.4}, "geometry": {"type": "LineString", "coordinates": [[-74.11352474776393, 40.631081344518385], [-74.11395161289552, 40.63102915306221]]}}, {"type": "Feature", "properties": {"segment_id": 980488, "physicalid": "68434", "street_name": "N BURGHER AVE", "borough": "staten_island", "direction": "TF", "total_row_ft": 43.1, "roadbed_ft": 30.9, "median_ft": 0.0, "left_sw_ft": 6.9, "right_sw_ft": 5.3}, "geometry": {"type": "LineString", "coordinates": [[-74.1136515697592, 40.631010240375126], [-74.1138050545706, 40.63099147426839]]}}, {"type": "Feature", "properties": {"segment_id": 980489, "physicalid": "68434", "street_name": "N BURGHER AVE", "borough": "staten_island", "direction": "TF", "total_row_ft": 43.0, "roadbed_ft": 30.9, "median_ft": 0.0, "left_sw_ft": 6.8, "right_sw_ft": 5.2}, "geometry": {"type": "LineString", "coordinates": [[-74.11364038048015, 40.63095601025448], [-74.11379323930056, 40.63093732068615]]}}, {"type": "Feature", "properties": {"segment_id": 980490, "physicalid": "68434", "street_name": "N BURGHER AVE", "borough": "staten_island", "direction": "TF", "total_row_ft": 42.8, "roadbed_ft": 30.9, "median_ft": 0.0, "left_sw_ft": 6.7, "right_sw_ft": 5.1}, "geometry": {"type": "LineString", "coordinates": [[-74.11362919121021, 40.630901780133556], [-74.11378142404969, 40.63088316710233]]}}, {"type": "Feature", "properties": {"segment_id": 980491, "physicalid": "68434", "street_name": "N BURGHER AVE", "borough": "staten_island", "direction": "TF", "total_row_ft": 42.6, "roadbed_ft": 30.9, "median_ft": 0.0, "left_sw_ft": 6.7, "right_sw_ft": 5.0}, "geometry": {"type": "LineString", "coordinates": [[-74.11361800191162, 40.63084755001696], [-74.11376960876174, 40.63082901352389]]}}, {"type": "Feature", "properties": {"segment_id": 980492, "physicalid": "68434", "street_name": "N BURGHER AVE", "borough": "staten_island", "direction": "TF", "total_row_ft": 42.4, "roadbed_ft": 30.9, "median_ft": 0.0, "left_sw_ft": 6.5, "right_sw_ft": 5.0}, "geometry": {"type": "LineString", "coordinates": [[-74.11360681246272, 40.63079331991955], [-74.11375779337186, 40.63077485995873]]}}, {"type": "Feature", "properties": {"segment_id": 980493, "physicalid": "68434", "street_name": "N BURGHER AVE", "borough": "staten_island", "direction": "TF", "total_row_ft": 42.3, "roadbed_ft": 30.9, "median_ft": 0.0, "left_sw_ft": 6.3, "right_sw_ft": 5.1}, "geometry": {"type": "LineString", "coordinates": [[-74.1135956235329, 40.63073908975953], [-74.11374598499732, 40.630720705536625]]}}, {"type": "Feature", "properties": {"segment_id": 980494, "physicalid": "68434", "street_name": "N BURGHER AVE", "borough": "staten_island", "direction": "TF", "total_row_ft": 42.6, "roadbed_ft": 30.9, "median_ft": 0.0, "left_sw_ft": 6.2, "right_sw_ft": 5.5}, "geometry": {"type": "LineString", "coordinates": [[-74.11358326416801, 40.6306850027049], [-74.11373485405088, 40.63066646828786]]}}, {"type": "Feature", "properties": {"segment_id": 980495, "physicalid": "68434", "street_name": "N BURGHER AVE", "borough": "staten_island", "direction": "TF", "total_row_ft": 43.1, "roadbed_ft": 30.9, "median_ft": 0.0, "left_sw_ft": 6.2, "right_sw_ft": 6.0}, "geometry": {"type": "LineString", "coordinates": [[-74.11357058356114, 40.630630954928094], [-74.1137237225109, 40.63061223111249]]}}, {"type": "Feature", "properties": {"segment_id": 980496, "physicalid": "68434", "street_name": "N BURGHER AVE", "borough": "staten_island", "direction": "TF", "total_row_ft": 43.5, "roadbed_ft": 30.9, "median_ft": 0.0, "left_sw_ft": 6.1, "right_sw_ft": 6.4}, "geometry": {"type": "LineString", "coordinates": [[-74.11355790287736, 40.63057690716147], [-74.11371259085467, 40.63055799395217]]}}, {"type": "Feature", "properties": {"segment_id": 980497, "physicalid": "68434", "street_name": "N BURGHER AVE", "borough": "staten_island", "direction": "TF", "total_row_ft": 43.6, "roadbed_ft": 30.9, "median_ft": 0.0, "left_sw_ft": 5.7, "right_sw_ft": 6.9}, "geometry": {"type": "LineString", "coordinates": [[-74.11354522216882, 40.63052285939871], [-74.11370027890719, 40.630503901103964]]}}, {"type": "Feature", "properties": {"segment_id": 980498, "physicalid": "68434", "street_name": "N BURGHER AVE", "borough": "staten_island", "direction": "TF", "total_row_ft": 43.5, "roadbed_ft": 30.9, "median_ft": 0.0, "left_sw_ft": 5.3, "right_sw_ft": 7.3}, "geometry": {"type": "LineString", "coordinates": [[-74.11353254152394, 40.630468811628944], [-74.11368719166123, 40.63044990305041]]}}, {"type": "Feature", "properties": {"segment_id": 980499, "physicalid": "68434", "street_name": "N BURGHER AVE", "borough": "staten_island", "direction": "TF", "total_row_ft": 43.1, "roadbed_ft": 30.9, "median_ft": 0.0, "left_sw_ft": 4.9, "right_sw_ft": 7.2}, "geometry": {"type": "LineString", "coordinates": [[-74.11352080070071, 40.63041464895167], [-74.11367410407465, 40.63039590503927]]}}, {"type": "Feature", "properties": {"segment_id": 980500, "physicalid": "68434", "street_name": "N BURGHER AVE", "borough": "staten_island", "direction": "TF", "total_row_ft": 43.3, "roadbed_ft": 30.9, "median_ft": 0.0, "left_sw_ft": 5.3, "right_sw_ft": 7.1}, "geometry": {"type": "LineString", "coordinates": [[-74.11350953343639, 40.630360428375006], [-74.11366341777001, 40.63034161343019]]}}, {"type": "Feature", "properties": {"segment_id": 980501, "physicalid": "68434", "street_name": "N BURGHER AVE", "borough": "staten_island", "direction": "TF", "total_row_ft": 43.7, "roadbed_ft": 30.9, "median_ft": 0.0, "left_sw_ft": 5.8, "right_sw_ft": 7.0}, "geometry": {"type": "LineString", "coordinates": [[-74.11349790150894, 40.63030625238509], [-74.1136533712007, 40.63028724360309]]}}, {"type": "Feature", "properties": {"segment_id": 980502, "physicalid": "68434", "street_name": "N BURGHER AVE", "borough": "staten_island", "direction": "TF", "total_row_ft": 44.9, "roadbed_ft": 30.9, "median_ft": 0.0, "left_sw_ft": 6.0, "right_sw_ft": 7.9}, "geometry": {"type": "LineString", "coordinates": [[-74.11348378216356, 40.63025238052285], [-74.11364332461628, 40.63023287377862]]}}, {"type": "Feature", "properties": {"segment_id": 980503, "physicalid": "68435", "street_name": "N BURGHER AVE", "borough": "staten_island", "direction": "TF", "total_row_ft": 113.9, "roadbed_ft": 77.4, "median_ft": 0.0, "left_sw_ft": 15.0, "right_sw_ft": 21.5}, "geometry": {"type": "LineString", "coordinates": [[-74.1140058335155, 40.63296920383424], [-74.11435754260853, 40.63292549039323]]}}, {"type": "Feature", "properties": {"segment_id": 980504, "physicalid": "68435", "street_name": "N BURGHER AVE", "borough": "staten_island", "direction": "TF", "total_row_ft": 43.9, "roadbed_ft": 31.1, "median_ft": 0.0, "left_sw_ft": 6.4, "right_sw_ft": 6.4}, "geometry": {"type": "LineString", "coordinates": [[-74.1140551357742, 40.6329074547062], [-74.11421130980752, 40.63288804410275]]}}, {"type": "Feature", "properties": {"segment_id": 980505, "physicalid": "68435", "street_name": "N BURGHER AVE", "borough": "staten_island", "direction": "TF", "total_row_ft": 43.6, "roadbed_ft": 31.1, "median_ft": 0.0, "left_sw_ft": 6.5, "right_sw_ft": 6.0}, "geometry": {"type": "LineString", "coordinates": [[-74.11404470125278, 40.63285313010161], [-74.1141997757915, 40.6328338561519]]}}, {"type": "Feature", "properties": {"segment_id": 980506, "physicalid": "68435", "street_name": "N BURGHER AVE", "borough": "staten_island", "direction": "TF", "total_row_ft": 43.5, "roadbed_ft": 31.1, "median_ft": 0.0, "left_sw_ft": 6.7, "right_sw_ft": 5.7}, "geometry": {"type": "LineString", "coordinates": [[-74.11403346947452, 40.63279890458698], [-74.11418824179421, 40.632779668199554]]}}, {"type": "Feature", "properties": {"segment_id": 980507, "physicalid": "68435", "street_name": "N BURGHER AVE", "borough": "staten_island", "direction": "TF", "total_row_ft": 43.6, "roadbed_ft": 31.1, "median_ft": 0.0, "left_sw_ft": 6.9, "right_sw_ft": 5.6}, "geometry": {"type": "LineString", "coordinates": [[-74.11402179838885, 40.63274473367367], [-74.11417670781564, 40.63272548024573]]}}, {"type": "Feature", "properties": {"segment_id": 980508, "physicalid": "68435", "street_name": "N BURGHER AVE", "borough": "staten_island", "direction": "TF", "total_row_ft": 43.6, "roadbed_ft": 31.1, "median_ft": 0.0, "left_sw_ft": 7.0, "right_sw_ft": 5.4}, "geometry": {"type": "LineString", "coordinates": [[-74.11401012732213, 40.632690562758874], [-74.11416517385581, 40.63267129229045]]}}, {"type": "Feature", "properties": {"segment_id": 980509, "physicalid": "68435", "street_name": "N BURGHER AVE", "borough": "staten_island", "direction": "TF", "total_row_ft": 43.6, "roadbed_ft": 31.1, "median_ft": 0.0, "left_sw_ft": 7.2, "right_sw_ft": 5.3}, "geometry": {"type": "LineString", "coordinates": [[-74.11399845627436, 40.63263639184256], [-74.1141536399147, 40.632617104333676]]}}, {"type": "Feature", "properties": {"segment_id": 980510, "physicalid": "68435", "street_name": "N BURGHER AVE", "borough": "staten_island", "direction": "TF", "total_row_ft": 43.7, "roadbed_ft": 31.1, "median_ft": 0.0, "left_sw_ft": 7.4, "right_sw_ft": 5.2}, "geometry": {"type": "LineString", "coordinates": [[-74.11398678579636, 40.63258222085627], [-74.11414210599234, 40.63256291637548]]}}, {"type": "Feature", "properties": {"segment_id": 980511, "physicalid": "68435", "street_name": "N BURGHER AVE", "borough": "staten_island", "direction": "TF", "total_row_ft": 43.6, "roadbed_ft": 31.1, "median_ft": 0.0, "left_sw_ft": 7.3, "right_sw_ft": 5.2}, "geometry": {"type": "LineString", "coordinates": [[-74.11397552732028, 40.63252799866415], [-74.11413059592859, 40.632508725452716]]}}, {"type": "Feature", "properties": {"segment_id": 980512, "physicalid": "68435", "street_name": "N BURGHER AVE", "borough": "staten_island", "direction": "TF", "total_row_ft": 43.5, "roadbed_ft": 31.1, "median_ft": 0.0, "left_sw_ft": 7.3, "right_sw_ft": 5.1}, "geometry": {"type": "LineString", "coordinates": [[-74.11396442015398, 40.632473757666936], [-74.11411909229258, 40.63245453373193]]}}, {"type": "Feature", "properties": {"segment_id": 980513, "physicalid": "68435", "street_name": "N BURGHER AVE", "borough": "staten_island", "direction": "TF", "total_row_ft": 43.4, "roadbed_ft": 31.1, "median_ft": 0.0, "left_sw_ft": 7.2, "right_sw_ft": 5.1}, "geometry": {"type": "LineString", "coordinates": [[-74.11395331300572, 40.63241951666834], [-74.11410758867527, 40.632400342009674]]}}, {"type": "Feature", "properties": {"segment_id": 980514, "physicalid": "68435", "street_name": "N BURGHER AVE", "borough": "staten_island", "direction": "TF", "total_row_ft": 43.3, "roadbed_ft": 31.1, "median_ft": 0.0, "left_sw_ft": 7.1, "right_sw_ft": 5.0}, "geometry": {"type": "LineString", "coordinates": [[-74.11394220587553, 40.63236527566833], [-74.11409608507662, 40.632346150285976]]}}, {"type": "Feature", "properties": {"segment_id": 980515, "physicalid": "68435", "street_name": "N BURGHER AVE", "borough": "staten_island", "direction": "TF", "total_row_ft": 43.4, "roadbed_ft": 31.1, "median_ft": 0.0, "left_sw_ft": 7.1, "right_sw_ft": 5.2}, "geometry": {"type": "LineString", "coordinates": [[-74.11393013023005, 40.63231115504363], [-74.11408458149668, 40.632291958560785]]}}, {"type": "Feature", "properties": {"segment_id": 980516, "physicalid": "68435", "street_name": "N BURGHER AVE", "borough": "staten_island", "direction": "TF", "total_row_ft": 43.6, "roadbed_ft": 31.1, "median_ft": 0.0, "left_sw_ft": 7.0, "right_sw_ft": 5.5}, "geometry": {"type": "LineString", "coordinates": [[-74.11391793649236, 40.6322570488568], [-74.11407307798794, 40.63223776708156]]}}, {"type": "Feature", "properties": {"segment_id": 980517, "physicalid": "68435", "street_name": "N BURGHER AVE", "borough": "staten_island", "direction": "TF", "total_row_ft": 43.8, "roadbed_ft": 31.1, "median_ft": 0.0, "left_sw_ft": 7.1, "right_sw_ft": 5.6}, "geometry": {"type": "LineString", "coordinates": [[-74.11390574282672, 40.632202942900335], [-74.11406148098818, 40.63218358696917]]}}, {"type": "Feature", "properties": {"segment_id": 980518, "physicalid": "68435", "street_name": "N BURGHER AVE", "borough": "staten_island", "direction": "TF", "total_row_ft": 43.8, "roadbed_ft": 31.1, "median_ft": 0.0, "left_sw_ft": 7.0, "right_sw_ft": 5.7}, "geometry": {"type": "LineString", "coordinates": [[-74.11389354918084, 40.63214883694228], [-74.114049407443, 40.63212946608544]]}}, {"type": "Feature", "properties": {"segment_id": 980519, "physicalid": "68435", "street_name": "N BURGHER AVE", "borough": "staten_island", "direction": "TF", "total_row_ft": 43.9, "roadbed_ft": 31.1, "median_ft": 0.0, "left_sw_ft": 7.0, "right_sw_ft": 5.7}, "geometry": {"type": "LineString", "coordinates": [[-74.11388135555475, 40.632094730982594], [-74.11403733391741, 40.63207534520013]]}}, {"type": "Feature", "properties": {"segment_id": 980520, "physicalid": "68435", "street_name": "N BURGHER AVE", "borough": "staten_island", "direction": "TF", "total_row_ft": 43.9, "roadbed_ft": 31.1, "median_ft": 0.0, "left_sw_ft": 7.0, "right_sw_ft": 5.8}, "geometry": {"type": "LineString", "coordinates": [[-74.1138691619426, 40.632040624988896], [-74.11402526041863, 40.632021224345685]]}}, {"type": "Feature", "properties": {"segment_id": 980521, "physicalid": "68435", "street_name": "N BURGHER AVE", "borough": "staten_island", "direction": "TF", "total_row_ft": 43.8, "roadbed_ft": 31.1, "median_ft": 0.0, "left_sw_ft": 7.0, "right_sw_ft": 5.7}, "geometry": {"type": "LineString", "coordinates": [[-74.11385737474001, 40.63198646851875], [-74.11401318693216, 40.63196710345701]]}}, {"type": "Feature", "properties": {"segment_id": 980522, "physicalid": "68435", "street_name": "N BURGHER AVE", "borough": "staten_island", "direction": "TF", "total_row_ft": 43.5, "roadbed_ft": 31.1, "median_ft": 0.0, "left_sw_ft": 7.0, "right_sw_ft": 5.3}, "geometry": {"type": "LineString", "coordinates": [[-74.11384668602504, 40.6319321755251], [-74.11400129426202, 40.63191296009637]]}}, {"type": "Feature", "properties": {"segment_id": 980523, "physicalid": "68435", "street_name": "N BURGHER AVE", "borough": "staten_island", "direction": "TF", "total_row_ft": 43.4, "roadbed_ft": 31.1, "median_ft": 0.0, "left_sw_ft": 7.0, "right_sw_ft": 5.2}, "geometry": {"type": "LineString", "coordinates": [[-74.11383599732748, 40.631877882530155], [-74.11399020257521, 40.631858717186084]]}}, {"type": "Feature", "properties": {"segment_id": 980524, "physicalid": "68435", "street_name": "N BURGHER AVE", "borough": "staten_island", "direction": "TF", "total_row_ft": 43.3, "roadbed_ft": 31.1, "median_ft": 0.0, "left_sw_ft": 7.1, "right_sw_ft": 5.0}, "geometry": {"type": "LineString", "coordinates": [[-74.11382530864731, 40.631823589533894], [-74.11397911091164, 40.63180447427375]]}}, {"type": "Feature", "properties": {"segment_id": 980525, "physicalid": "68435", "street_name": "N BURGHER AVE", "borough": "staten_island", "direction": "TF", "total_row_ft": 43.3, "roadbed_ft": 31.1, "median_ft": 0.0, "left_sw_ft": 7.1, "right_sw_ft": 5.0}, "geometry": {"type": "LineString", "coordinates": [[-74.11381407869472, 40.631769363809944], [-74.1139680192661, 40.63175023136006]]}}, {"type": "Feature", "properties": {"segment_id": 980526, "physicalid": "68435", "street_name": "N BURGHER AVE", "borough": "staten_island", "direction": "TF", "total_row_ft": 43.6, "roadbed_ft": 31.1, "median_ft": 0.0, "left_sw_ft": 7.2, "right_sw_ft": 5.2}, "geometry": {"type": "LineString", "coordinates": [[-74.11380207276521, 40.631715234528315], [-74.11395692763858, 40.631695988444974]]}}, {"type": "Feature", "properties": {"segment_id": 980527, "physicalid": "68435", "street_name": "N BURGHER AVE", "borough": "staten_island", "direction": "TF", "total_row_ft": 43.8, "roadbed_ft": 31.1, "median_ft": 0.0, "left_sw_ft": 7.3, "right_sw_ft": 5.3}, "geometry": {"type": "LineString", "coordinates": [[-74.11379006680572, 40.631661105251304], [-74.11394583611093, 40.63164174551832]]}}, {"type": "Feature", "properties": {"segment_id": 980528, "physicalid": "68435", "street_name": "N BURGHER AVE", "borough": "staten_island", "direction": "TF", "total_row_ft": 44.1, "roadbed_ft": 31.1, "median_ft": 0.0, "left_sw_ft": 7.6, "right_sw_ft": 5.4}, "geometry": {"type": "LineString", "coordinates": [[-74.11377806086571, 40.631606975972694], [-74.11393490275414, 40.63158748293423]]}}, {"type": "Feature", "properties": {"segment_id": 980529, "physicalid": "68435", "street_name": "N BURGHER AVE", "borough": "staten_island", "direction": "TF", "total_row_ft": 44.4, "roadbed_ft": 31.1, "median_ft": 0.0, "left_sw_ft": 7.8, "right_sw_ft": 5.5}, "geometry": {"type": "LineString", "coordinates": [[-74.11376605502299, 40.63155284668284], [-74.1139240951032, 40.63153320472756]]}}, {"type": "Feature", "properties": {"segment_id": 980530, "physicalid": "68435", "street_name": "N BURGHER AVE", "borough": "staten_island", "direction": "TF", "total_row_ft": 44.8, "roadbed_ft": 31.1, "median_ft": 0.0, "left_sw_ft": 8.1, "right_sw_ft": 5.6}, "geometry": {"type": "LineString", "coordinates": [[-74.1137540492868, 40.63149871738062], [-74.11391328748311, 40.63147892651791]]}}, {"type": "Feature", "properties": {"segment_id": 980531, "physicalid": "68435", "street_name": "N BURGHER AVE", "borough": "staten_island", "direction": "TF", "total_row_ft": 45.1, "roadbed_ft": 31.1, "median_ft": 0.0, "left_sw_ft": 8.3, "right_sw_ft": 5.7}, "geometry": {"type": "LineString", "coordinates": [[-74.11374210253166, 40.63144458074883], [-74.11390247988926, 40.63142464830588]]}}, {"type": "Feature", "properties": {"segment_id": 980532, "physicalid": "68435", "street_name": "N BURGHER AVE", "borough": "staten_island", "direction": "TF", "total_row_ft": 45.2, "roadbed_ft": 31.1, "median_ft": 0.0, "left_sw_ft": 8.3, "right_sw_ft": 5.8}, "geometry": {"type": "LineString", "coordinates": [[-74.11373020662828, 40.631390437797855], [-74.11389109087304, 40.63137044235698]]}}, {"type": "Feature", "properties": {"segment_id": 980533, "physicalid": "68435", "street_name": "N BURGHER AVE", "borough": "staten_island", "direction": "TF", "total_row_ft": 45.2, "roadbed_ft": 31.1, "median_ft": 0.0, "left_sw_ft": 8.1, "right_sw_ft": 5.9}, "geometry": {"type": "LineString", "coordinates": [[-74.11371831070082, 40.63133629485074], [-74.11387901309602, 40.63131632201182]]}}, {"type": "Feature", "properties": {"segment_id": 980534, "physicalid": "68435", "street_name": "N BURGHER AVE", "borough": "staten_island", "direction": "TF", "total_row_ft": 45.1, "roadbed_ft": 31.1, "median_ft": 0.0, "left_sw_ft": 7.9, "right_sw_ft": 6.1}, "geometry": {"type": "LineString", "coordinates": [[-74.1137064145429, 40.631282151933085], [-74.11386693566887, 40.63126220162405]]}}, {"type": "Feature", "properties": {"segment_id": 980535, "physicalid": "68435", "street_name": "N BURGHER AVE", "borough": "staten_island", "direction": "TF", "total_row_ft": 45.1, "roadbed_ft": 31.1, "median_ft": 0.0, "left_sw_ft": 7.7, "right_sw_ft": 6.2}, "geometry": {"type": "LineString", "coordinates": [[-74.1136945184213, 40.6312280090118], [-74.1138548585812, 40.631208081194934]]}}, {"type": "Feature", "properties": {"segment_id": 980536, "physicalid": "68435", "street_name": "N BURGHER AVE", "borough": "staten_island", "direction": "TF", "total_row_ft": 45.0, "roadbed_ft": 31.3, "median_ft": 0.0, "left_sw_ft": 6.9, "right_sw_ft": 6.8}, "geometry": {"type": "LineString", "coordinates": [[-74.11368262247116, 40.63117386607006], [-74.11384278151311, 40.63115396076423]]}}, {"type": "Feature", "properties": {"segment_id": 980537, "physicalid": "68436", "street_name": "N BURGHER AVE", "borough": "staten_island", "direction": "TF", "total_row_ft": 85.6, "roadbed_ft": 31.3, "median_ft": 0.0, "left_sw_ft": 45.6, "right_sw_ft": 8.6}, "geometry": {"type": "LineString", "coordinates": [[-74.11420373657407, 40.63364072374329], [-74.11450786512472, 40.6336013734545]]}}, {"type": "Feature", "properties": {"segment_id": 980538, "physicalid": "68436", "street_name": "N BURGHER AVE", "borough": "staten_island", "direction": "TF", "total_row_ft": 46.6, "roadbed_ft": 31.2, "median_ft": 0.0, "left_sw_ft": 6.8, "right_sw_ft": 8.5}, "geometry": {"type": "LineString", "coordinates": [[-74.1141922283679, 40.63358653091322], [-74.11435773642465, 40.63356511642296]]}}, {"type": "Feature", "properties": {"segment_id": 980539, "physicalid": "68436", "street_name": "N BURGHER AVE", "borough": "staten_island", "direction": "TF", "total_row_ft": 46.5, "roadbed_ft": 31.2, "median_ft": 0.0, "left_sw_ft": 6.8, "right_sw_ft": 8.4}, "geometry": {"type": "LineString", "coordinates": [[-74.11418072030584, 40.633532338065436], [-74.11434582510265, 40.633510975751356]]}}, {"type": "Feature", "properties": {"segment_id": 980540, "physicalid": "68436", "street_name": "N BURGHER AVE", "borough": "staten_island", "direction": "TF", "total_row_ft": 46.3, "roadbed_ft": 31.2, "median_ft": 0.0, "left_sw_ft": 6.8, "right_sw_ft": 8.3}, "geometry": {"type": "LineString", "coordinates": [[-74.11416940572657, 40.63347812018469], [-74.11433395281473, 40.6334568300302]]}}, {"type": "Feature", "properties": {"segment_id": 980541, "physicalid": "68436", "street_name": "N BURGHER AVE", "borough": "staten_island", "direction": "TF", "total_row_ft": 46.0, "roadbed_ft": 31.2, "median_ft": 0.0, "left_sw_ft": 6.8, "right_sw_ft": 8.0}, "geometry": {"type": "LineString", "coordinates": [[-74.11415881622284, 40.633423808490534], [-74.11432231191561, 40.633402654371224]]}}, {"type": "Feature", "properties": {"segment_id": 980542, "physicalid": "68436", "street_name": "N BURGHER AVE", "borough": "staten_island", "direction": "TF", "total_row_ft": 45.7, "roadbed_ft": 31.2, "median_ft": 0.0, "left_sw_ft": 6.8, "right_sw_ft": 7.7}, "geometry": {"type": "LineString", "coordinates": [[-74.11414822673632, 40.6333694967951], [-74.11431067103538, 40.63334847871077]]}}, {"type": "Feature", "properties": {"segment_id": 980543, "physicalid": "68436", "street_name": "N BURGHER AVE", "borough": "staten_island", "direction": "TF", "total_row_ft": 45.4, "roadbed_ft": 31.2, "median_ft": 0.0, "left_sw_ft": 6.8, "right_sw_ft": 7.4}, "geometry": {"type": "LineString", "coordinates": [[-74.11413763726705, 40.63331518509832], [-74.11429903017407, 40.63329430304885]]}}, {"type": "Feature", "properties": {"segment_id": 980544, "physicalid": "68436", "street_name": "N BURGHER AVE", "borough": "staten_island", "direction": "TF", "total_row_ft": 45.8, "roadbed_ft": 31.2, "median_ft": 0.0, "left_sw_ft": 6.8, "right_sw_ft": 7.8}, "geometry": {"type": "LineString", "coordinates": [[-74.11412455443029, 40.63326119600856], [-74.11428732256424, 40.63324013602426]]}}, {"type": "Feature", "properties": {"segment_id": 980545, "physicalid": "68436", "street_name": "N BURGHER AVE", "borough": "staten_island", "direction": "TF", "total_row_ft": 46.2, "roadbed_ft": 31.2, "median_ft": 0.0, "left_sw_ft": 6.7, "right_sw_ft": 8.2}, "geometry": {"type": "LineString", "coordinates": [[-74.1141113212738, 40.63320722636897], [-74.11427532144809, 40.633186006976544]]}}, {"type": "Feature", "properties": {"segment_id": 980546, "physicalid": "68436", "street_name": "N BURGHER AVE", "borough": "staten_island", "direction": "TF", "total_row_ft": 46.5, "roadbed_ft": 31.2, "median_ft": 0.0, "left_sw_ft": 6.6, "right_sw_ft": 8.7}, "geometry": {"type": "LineString", "coordinates": [[-74.1140980881387, 40.633153256727454], [-74.11426331976972, 40.633131878002565]]}}, {"type": "Feature", "properties": {"segment_id": 980547, "physicalid": "68436", "street_name": "N BURGHER AVE", "borough": "staten_island", "direction": "TF", "total_row_ft": 46.9, "roadbed_ft": 31.2, "median_ft": 0.0, "left_sw_ft": 6.6, "right_sw_ft": 9.1}, "geometry": {"type": "LineString", "coordinates": [[-74.11408485502503, 40.63309928708417], [-74.11425131804573, 40.633077749035394]]}}, {"type": "Feature", "properties": {"segment_id": 980548, "physicalid": "68436", "street_name": "N BURGHER AVE", "borough": "staten_island", "direction": "TF", "total_row_ft": 150.0, "roadbed_ft": 120.0, "median_ft": 0.0, "left_sw_ft": 15.0, "right_sw_ft": 15.0}, "geometry": {"type": "LineString", "coordinates": [[-74.11394891166114, 40.63306119431286], [-74.11437514824507, 40.633006045078766]]}}, {"type": "Feature", "properties": {"segment_id": 980549, "physicalid": "68437", "street_name": "N BURGHER AVE", "borough": "staten_island", "direction": "TF", "total_row_ft": 124.2, "roadbed_ft": 74.7, "median_ft": 0.0, "left_sw_ft": 34.5, "right_sw_ft": 15.0}, "geometry": {"type": "LineString", "coordinates": [[-74.1143143651282, 40.634735172487964], [-74.11470260439908, 40.6346866152798]]}}, {"type": "Feature", "properties": {"segment_id": 980550, "physicalid": "68437", "street_name": "N BURGHER AVE", "borough": "staten_island", "direction": "TF", "total_row_ft": 54.4, "roadbed_ft": 31.2, "median_ft": 0.0, "left_sw_ft": 8.2, "right_sw_ft": 14.9}, "geometry": {"type": "LineString", "coordinates": [[-74.11437419372116, 40.63467205918649], [-74.11459862818924, 40.63464398911859]]}}, {"type": "Feature", "properties": {"segment_id": 980551, "physicalid": "68437", "street_name": "N BURGHER AVE", "borough": "staten_island", "direction": "TF", "total_row_ft": 54.9, "roadbed_ft": 31.2, "median_ft": 0.0, "left_sw_ft": 8.2, "right_sw_ft": 15.5}, "geometry": {"type": "LineString", "coordinates": [[-74.11434517300768, 40.634620058171954], [-74.11458764753138, 40.63458973184934]]}}, {"type": "Feature", "properties": {"segment_id": 980552, "physicalid": "68437", "street_name": "N BURGHER AVE", "borough": "staten_island", "direction": "TF", "total_row_ft": 55.0, "roadbed_ft": 31.2, "median_ft": 0.0, "left_sw_ft": 8.6, "right_sw_ft": 15.2}, "geometry": {"type": "LineString", "coordinates": [[-74.1143135311296, 40.63456838498149], [-74.11457666691024, 40.63453547457635]]}}, {"type": "Feature", "properties": {"segment_id": 980553, "physicalid": "68437", "street_name": "N BURGHER AVE", "borough": "staten_island", "direction": "TF", "total_row_ft": 54.9, "roadbed_ft": 31.2, "median_ft": 0.0, "left_sw_ft": 9.0, "right_sw_ft": 14.6}, "geometry": {"type": "LineString", "coordinates": [[-74.11428188930051, 40.63451671178204], [-74.11456488006979, 40.634481318139095]]}}, {"type": "Feature", "properties": {"segment_id": 980554, "physicalid": "68437", "street_name": "N BURGHER AVE", "borough": "staten_island", "direction": "TF", "total_row_ft": 52.7, "roadbed_ft": 31.2, "median_ft": 0.0, "left_sw_ft": 8.9, "right_sw_ft": 12.6}, "geometry": {"type": "LineString", "coordinates": [[-74.11425599737878, 40.634464319447446], [-74.11455148973006, 40.63442736225434]]}}, {"type": "Feature", "properties": {"segment_id": 980555, "physicalid": "68437", "street_name": "N BURGHER AVE", "borough": "staten_island", "direction": "TF", "total_row_ft": 48.0, "roadbed_ft": 31.2, "median_ft": 0.0, "left_sw_ft": 8.4, "right_sw_ft": 8.4}, "geometry": {"type": "LineString", "coordinates": [[-74.11436742760215, 40.63439475236523], [-74.11453809443654, 40.63437340699005]]}}, {"type": "Feature", "properties": {"segment_id": 980556, "physicalid": "68437", "street_name": "N BURGHER AVE", "borough": "staten_island", "direction": "TF", "total_row_ft": 47.6, "roadbed_ft": 31.2, "median_ft": 0.0, "left_sw_ft": 7.8, "right_sw_ft": 8.6}, "geometry": {"type": "LineString", "coordinates": [[-74.11435532717968, 40.634340635149655], [-74.11452469897537, 40.63431945174752]]}}, {"type": "Feature", "properties": {"segment_id": 980557, "physicalid": "68437", "street_name": "N BURGHER AVE", "borough": "staten_island", "direction": "TF", "total_row_ft": 47.3, "roadbed_ft": 31.2, "median_ft": 0.0, "left_sw_ft": 7.3, "right_sw_ft": 8.8}, "geometry": {"type": "LineString", "coordinates": [[-74.1143432265788, 40.63428651795725], [-74.1145113794253, 40.634265487011554]]}}, {"type": "Feature", "properties": {"segment_id": 980558, "physicalid": "68437", "street_name": "N BURGHER AVE", "borough": "staten_island", "direction": "TF", "total_row_ft": 47.0, "roadbed_ft": 31.2, "median_ft": 0.0, "left_sw_ft": 6.8, "right_sw_ft": 9.0}, "geometry": {"type": "LineString", "coordinates": [[-74.11433112589951, 40.6342324007755], [-74.11449809643196, 40.6342115177042]]}}, {"type": "Feature", "properties": {"segment_id": 980559, "physicalid": "68437", "street_name": "N BURGHER AVE", "borough": "staten_island", "direction": "TF", "total_row_ft": 46.6, "roadbed_ft": 31.2, "median_ft": 0.0, "left_sw_ft": 6.2, "right_sw_ft": 9.2}, "geometry": {"type": "LineString", "coordinates": [[-74.11431902523987, 40.63417828359219], [-74.11448481346011, 40.634157548395]]}}, {"type": "Feature", "properties": {"segment_id": 980560, "physicalid": "68437", "street_name": "N BURGHER AVE", "borough": "staten_island", "direction": "TF", "total_row_ft": 46.3, "roadbed_ft": 31.2, "median_ft": 0.0, "left_sw_ft": 5.7, "right_sw_ft": 9.4}, "geometry": {"type": "LineString", "coordinates": [[-74.11430692459984, 40.63412416640726], [-74.11447153033771, 40.634103579105485]]}}, {"type": "Feature", "properties": {"segment_id": 980561, "physicalid": "68437", "street_name": "N BURGHER AVE", "borough": "staten_island", "direction": "TF", "total_row_ft": 45.9, "roadbed_ft": 31.2, "median_ft": 0.0, "left_sw_ft": 5.2, "right_sw_ft": 9.5}, "geometry": {"type": "LineString", "coordinates": [[-74.11429490497639, 40.6340700390905], [-74.11445824723285, 40.63404960981459]]}}, {"type": "Feature", "properties": {"segment_id": 980562, "physicalid": "68437", "street_name": "N BURGHER AVE", "borough": "staten_island", "direction": "TF", "total_row_ft": 45.4, "roadbed_ft": 31.2, "median_ft": 0.0, "left_sw_ft": 4.7, "right_sw_ft": 9.6}, "geometry": {"type": "LineString", "coordinates": [[-74.1142833971635, 40.63401584776265], [-74.11444496414948, 40.63399564052187]]}}, {"type": "Feature", "properties": {"segment_id": 980563, "physicalid": "68437", "street_name": "N BURGHER AVE", "borough": "staten_island", "direction": "TF", "total_row_ft": 45.0, "roadbed_ft": 31.2, "median_ft": 0.0, "left_sw_ft": 4.2, "right_sw_ft": 9.6}, "geometry": {"type": "LineString", "coordinates": [[-74.11427188915032, 40.63396165646072], [-74.11443177830714, 40.63394165906795]]}}, {"type": "Feature", "properties": {"segment_id": 980564, "physicalid": "68437", "street_name": "N BURGHER AVE", "borough": "staten_island", "direction": "TF", "total_row_ft": 44.7, "roadbed_ft": 31.2, "median_ft": 0.0, "left_sw_ft": 4.1, "right_sw_ft": 9.4}, "geometry": {"type": "LineString", "coordinates": [[-74.11426038115583, 40.63390746515731], [-74.11441943651737, 40.633887572048295]]}}, {"type": "Feature", "properties": {"segment_id": 980565, "physicalid": "68437", "street_name": "N BURGHER AVE", "borough": "staten_island", "direction": "TF", "total_row_ft": 44.5, "roadbed_ft": 31.2, "median_ft": 0.0, "left_sw_ft": 4.1, "right_sw_ft": 9.2}, "geometry": {"type": "LineString", "coordinates": [[-74.11424887318002, 40.633853273852445], [-74.11440709487988, 40.63383348501047]]}}, {"type": "Feature", "properties": {"segment_id": 980566, "physicalid": "68437", "street_name": "N BURGHER AVE", "borough": "staten_island", "direction": "TF", "total_row_ft": 44.3, "roadbed_ft": 31.2, "median_ft": 0.0, "left_sw_ft": 4.1, "right_sw_ft": 9.0}, "geometry": {"type": "LineString", "coordinates": [[-74.11423736522289, 40.63379908254608], [-74.11439475326242, 40.63377939797098]]}}, {"type": "Feature", "properties": {"segment_id": 980567, "physicalid": "68437", "street_name": "N BURGHER AVE", "borough": "staten_island", "direction": "TF", "total_row_ft": 44.0, "roadbed_ft": 31.2, "median_ft": 0.0, "left_sw_ft": 4.0, "right_sw_ft": 8.8}, "geometry": {"type": "LineString", "coordinates": [[-74.11422585728447, 40.6337448912383], [-74.11438241166495, 40.63372531092985]]}}, {"type": "Feature", "properties": {"segment_id": 980568, "physicalid": "68438", "street_name": "N BURGHER AVE", "borough": "staten_island", "direction": "TF", "total_row_ft": 98.3, "roadbed_ft": 75.4, "median_ft": 0.0, "left_sw_ft": 15.0, "right_sw_ft": 7.9}, "geometry": {"type": "LineString", "coordinates": [[-74.11462049085708, 40.63567164044154], [-74.1149177450956, 40.63564007144063]]}}, {"type": "Feature", "properties": {"segment_id": 980569, "physicalid": "68438", "street_name": "N BURGHER AVE", "borough": "staten_island", "direction": "TF", "total_row_ft": 46.9, "roadbed_ft": 30.4, "median_ft": 0.0, "left_sw_ft": 8.7, "right_sw_ft": 7.9}, "geometry": {"type": "LineString", "coordinates": [[-74.1146106435398, 40.63561725963618], [-74.11477802945427, 40.63559948301201]]}}, {"type": "Feature", "properties": {"segment_id": 980570, "physicalid": "68438", "street_name": "N BURGHER AVE", "borough": "staten_island", "direction": "TF", "total_row_ft": 46.7, "roadbed_ft": 30.4, "median_ft": 0.0, "left_sw_ft": 8.6, "right_sw_ft": 7.7}, "geometry": {"type": "LineString", "coordinates": [[-74.1146014544977, 40.63556280892209], [-74.11476802474961, 40.63554511892208]]}}, {"type": "Feature", "properties": {"segment_id": 980571, "physicalid": "68438", "street_name": "N BURGHER AVE", "borough": "staten_island", "direction": "TF", "total_row_ft": 46.4, "roadbed_ft": 30.4, "median_ft": 0.0, "left_sw_ft": 8.6, "right_sw_ft": 7.5}, "geometry": {"type": "LineString", "coordinates": [[-74.1145923934367, 40.63550834461687], [-74.11475801996453, 40.63549075484126]]}}, {"type": "Feature", "properties": {"segment_id": 980572, "physicalid": "68438", "street_name": "N BURGHER AVE", "borough": "staten_island", "direction": "TF", "total_row_ft": 46.1, "roadbed_ft": 30.4, "median_ft": 0.0, "left_sw_ft": 8.6, "right_sw_ft": 7.2}, "geometry": {"type": "LineString", "coordinates": [[-74.11458333278608, 40.63545388026857], [-74.11474801505732, 40.63543639077395]]}}, {"type": "Feature", "properties": {"segment_id": 980573, "physicalid": "68438", "street_name": "N BURGHER AVE", "borough": "staten_island", "direction": "TF", "total_row_ft": 46.2, "roadbed_ft": 30.4, "median_ft": 0.0, "left_sw_ft": 8.9, "right_sw_ft": 6.9}, "geometry": {"type": "LineString", "coordinates": [[-74.11457427212864, 40.635399415921526], [-74.1147390340854, 40.635381917962995]]}}, {"type": "Feature", "properties": {"segment_id": 980574, "physicalid": "68438", "street_name": "N BURGHER AVE", "borough": "staten_island", "direction": "TF", "total_row_ft": 46.3, "roadbed_ft": 30.4, "median_ft": 0.0, "left_sw_ft": 9.3, "right_sw_ft": 6.6}, "geometry": {"type": "LineString", "coordinates": [[-74.11456521145877, 40.635344951576386], [-74.11473026610565, 40.63532742253232]]}}, {"type": "Feature", "properties": {"segment_id": 980575, "physicalid": "68438", "street_name": "N BURGHER AVE", "borough": "staten_island", "direction": "TF", "total_row_ft": 46.3, "roadbed_ft": 30.4, "median_ft": 0.0, "left_sw_ft": 9.5, "right_sw_ft": 6.4}, "geometry": {"type": "LineString", "coordinates": [[-74.11455615077875, 40.63529048723283], [-74.11472149788567, 40.635272927127716]]}}, {"type": "Feature", "properties": {"segment_id": 980576, "physicalid": "68438", "street_name": "N BURGHER AVE", "borough": "staten_island", "direction": "TF", "total_row_ft": 46.4, "roadbed_ft": 30.4, "median_ft": 0.0, "left_sw_ft": 9.7, "right_sw_ft": 6.4}, "geometry": {"type": "LineString", "coordinates": [[-74.1145470898678, 40.63523602291432], [-74.11471272948219, 40.635218431743134]]}}, {"type": "Feature", "properties": {"segment_id": 980577, "physicalid": "68438", "street_name": "N BURGHER AVE", "borough": "staten_island", "direction": "TF", "total_row_ft": 46.6, "roadbed_ft": 30.4, "median_ft": 0.0, "left_sw_ft": 9.8, "right_sw_ft": 6.4}, "geometry": {"type": "LineString", "coordinates": [[-74.11453750282446, 40.63518161447201], [-74.1147037391753, 40.6351639599257]]}}, {"type": "Feature", "properties": {"segment_id": 980578, "physicalid": "68438", "street_name": "N BURGHER AVE", "borough": "staten_island", "direction": "TF", "total_row_ft": 47.1, "roadbed_ft": 30.4, "median_ft": 0.0, "left_sw_ft": 9.8, "right_sw_ft": 6.9}, "geometry": {"type": "LineString", "coordinates": [[-74.1145263532896, 40.63512737196795], [-74.11469430649161, 40.6351095350902]]}}, {"type": "Feature", "properties": {"segment_id": 980579, "physicalid": "68438", "street_name": "N BURGHER AVE", "borough": "staten_island", "direction": "TF", "total_row_ft": 47.5, "roadbed_ft": 30.4, "median_ft": 0.0, "left_sw_ft": 9.9, "right_sw_ft": 7.3}, "geometry": {"type": "LineString", "coordinates": [[-74.11451520328626, 40.63507312951418], [-74.11468487315956, 40.63505511032412]]}}, {"type": "Feature", "properties": {"segment_id": 980580, "physicalid": "68438", "street_name": "N BURGHER AVE", "borough": "staten_island", "direction": "TF", "total_row_ft": 47.6, "roadbed_ft": 30.4, "median_ft": 0.0, "left_sw_ft": 9.8, "right_sw_ft": 7.4}, "geometry": {"type": "LineString", "coordinates": [[-74.11450525475234, 40.63501875946403], [-74.11467497678255, 40.63500073473497]]}}, {"type": "Feature", "properties": {"segment_id": 980581, "physicalid": "68438", "street_name": "N BURGHER AVE", "borough": "staten_island", "direction": "TF", "total_row_ft": 52.2, "roadbed_ft": 30.4, "median_ft": 0.0, "left_sw_ft": 14.5, "right_sw_ft": 7.3}, "geometry": {"type": "LineString", "coordinates": [[-74.11449575253549, 40.634964342015245], [-74.1146821218453, 40.634944549306056]]}}, {"type": "Feature", "properties": {"segment_id": 980582, "physicalid": "68438", "street_name": "N BURGHER AVE", "borough": "staten_island", "direction": "TF", "total_row_ft": 46.8, "roadbed_ft": 30.4, "median_ft": 0.0, "left_sw_ft": 9.2, "right_sw_ft": 7.3}, "geometry": {"type": "LineString", "coordinates": [[-74.11448625066043, 40.634909924530675], [-74.1146533106433, 40.634892182516005]]}}, {"type": "Feature", "properties": {"segment_id": 980583, "physicalid": "68438", "street_name": "N BURGHER AVE", "borough": "staten_island", "direction": "TF", "total_row_ft": 66.8, "roadbed_ft": 31.1, "median_ft": 0.0, "left_sw_ft": 28.2, "right_sw_ft": 7.5}, "geometry": {"type": "LineString", "coordinates": [[-74.11447674857372, 40.63485550706917], [-74.11476850414961, 40.63482452203472]]}}, {"type": "Feature", "properties": {"segment_id": 980584, "physicalid": "68438", "street_name": "N BURGHER AVE", "borough": "staten_island", "direction": "TF", "total_row_ft": 135.0, "roadbed_ft": 100.0, "median_ft": 0.0, "left_sw_ft": 15.0, "right_sw_ft": 20.0}, "geometry": {"type": "LineString", "coordinates": [[-74.11433034434377, 40.634815628629006], [-74.1147585548829, 40.63477015206486]]}}, {"type": "Feature", "properties": {"segment_id": 980585, "physicalid": "68439", "street_name": "N BURGHER AVE", "borough": "staten_island", "direction": "TF", "total_row_ft": 85.7, "roadbed_ft": 30.4, "median_ft": 0.0, "left_sw_ft": 44.3, "right_sw_ft": 11.0}, "geometry": {"type": "LineString", "coordinates": [[-74.11478804565276, 40.63665961481924], [-74.11509396232883, 40.63662798274297]]}}, {"type": "Feature", "properties": {"segment_id": 980586, "physicalid": "68439", "street_name": "N BURGHER AVE", "borough": "staten_island", "direction": "TF", "total_row_ft": 48.7, "roadbed_ft": 30.4, "median_ft": 0.0, "left_sw_ft": 8.0, "right_sw_ft": 10.3}, "geometry": {"type": "LineString", "coordinates": [[-74.11477976905518, 40.63660507151804], [-74.11495364102775, 40.63658709309156]]}}, {"type": "Feature", "properties": {"segment_id": 980587, "physicalid": "68439", "street_name": "N BURGHER AVE", "borough": "staten_island", "direction": "TF", "total_row_ft": 48.2, "roadbed_ft": 30.4, "median_ft": 0.0, "left_sw_ft": 8.2, "right_sw_ft": 9.6}, "geometry": {"type": "LineString", "coordinates": [[-74.1147714925957, 40.63655052820302], [-74.11494364946056, 40.63653272711861]]}}, {"type": "Feature", "properties": {"segment_id": 980588, "physicalid": "68439", "street_name": "N BURGHER AVE", "borough": "staten_island", "direction": "TF", "total_row_ft": 45.2, "roadbed_ft": 30.4, "median_ft": 0.0, "left_sw_ft": 8.4, "right_sw_ft": 6.4}, "geometry": {"type": "LineString", "coordinates": [[-74.11477230647282, 40.63649504495085], [-74.11493365756992, 40.63647836117962]]}}, {"type": "Feature", "properties": {"segment_id": 980589, "physicalid": "68439", "street_name": "N BURGHER AVE", "borough": "staten_island", "direction": "TF", "total_row_ft": 45.1, "roadbed_ft": 30.4, "median_ft": 0.0, "left_sw_ft": 8.4, "right_sw_ft": 6.4}, "geometry": {"type": "LineString", "coordinates": [[-74.11476259569461, 40.63644064994479], [-74.11492366551467, 40.63642399525811]]}}, {"type": "Feature", "properties": {"segment_id": 980590, "physicalid": "68439", "street_name": "N BURGHER AVE", "borough": "staten_island", "direction": "TF", "total_row_ft": 45.0, "roadbed_ft": 30.4, "median_ft": 0.0, "left_sw_ft": 8.3, "right_sw_ft": 6.3}, "geometry": {"type": "LineString", "coordinates": [[-74.1147528854402, 40.636386254885075], [-74.11491367376371, 40.636369629305676]]}}, {"type": "Feature", "properties": {"segment_id": 980591, "physicalid": "68439", "street_name": "N BURGHER AVE", "borough": "staten_island", "direction": "TF", "total_row_ft": 45.0, "roadbed_ft": 30.4, "median_ft": 0.0, "left_sw_ft": 8.3, "right_sw_ft": 6.3}, "geometry": {"type": "LineString", "coordinates": [[-74.11474317518774, 40.63633185982569], [-74.11490373444545, 40.63631525793209]]}}, {"type": "Feature", "properties": {"segment_id": 980592, "physicalid": "68439", "street_name": "N BURGHER AVE", "borough": "staten_island", "direction": "TF", "total_row_ft": 45.2, "roadbed_ft": 30.4, "median_ft": 0.0, "left_sw_ft": 8.5, "right_sw_ft": 6.3}, "geometry": {"type": "LineString", "coordinates": [[-74.11473346455318, 40.63627746480628], [-74.11489467229308, 40.636260795859044]]}}, {"type": "Feature", "properties": {"segment_id": 980593, "physicalid": "68439", "street_name": "N BURGHER AVE", "borough": "staten_island", "direction": "TF", "total_row_ft": 45.3, "roadbed_ft": 30.4, "median_ft": 0.0, "left_sw_ft": 8.6, "right_sw_ft": 6.4}, "geometry": {"type": "LineString", "coordinates": [[-74.1147237537733, 40.63622306980238], [-74.11488560954369, 40.63620633384824]]}}, {"type": "Feature", "properties": {"segment_id": 980594, "physicalid": "68439", "street_name": "N BURGHER AVE", "borough": "staten_island", "direction": "TF", "total_row_ft": 45.3, "roadbed_ft": 30.4, "median_ft": 0.0, "left_sw_ft": 8.2, "right_sw_ft": 6.7}, "geometry": {"type": "LineString", "coordinates": [[-74.1147134962284, 40.6361687313343], [-74.11487522372988, 40.636152008644316]]}}, {"type": "Feature", "properties": {"segment_id": 980595, "physicalid": "68439", "street_name": "N BURGHER AVE", "borough": "staten_island", "direction": "TF", "total_row_ft": 45.8, "roadbed_ft": 30.4, "median_ft": 0.0, "left_sw_ft": 8.4, "right_sw_ft": 7.0}, "geometry": {"type": "LineString", "coordinates": [[-74.11470303253262, 40.636114414182636], [-74.11486655307823, 40.63609750609115]]}}, {"type": "Feature", "properties": {"segment_id": 980596, "physicalid": "68439", "street_name": "N BURGHER AVE", "borough": "staten_island", "direction": "TF", "total_row_ft": 45.6, "roadbed_ft": 30.4, "median_ft": 0.0, "left_sw_ft": 7.9, "right_sw_ft": 7.3}, "geometry": {"type": "LineString", "coordinates": [[-74.11469256880657, 40.63606009703463], [-74.11485530132651, 40.636043270427166]]}}, {"type": "Feature", "properties": {"segment_id": 980597, "physicalid": "68439", "street_name": "N BURGHER AVE", "borough": "staten_island", "direction": "TF", "total_row_ft": 45.4, "roadbed_ft": 30.4, "median_ft": 0.0, "left_sw_ft": 7.4, "right_sw_ft": 7.6}, "geometry": {"type": "LineString", "coordinates": [[-74.11468210575575, 40.636005779817296], [-74.11484404958057, 40.63598903476304]]}}, {"type": "Feature", "properties": {"segment_id": 980598, "physicalid": "68439", "street_name": "N BURGHER AVE", "borough": "staten_island", "direction": "TF", "total_row_ft": 45.1, "roadbed_ft": 30.4, "median_ft": 0.0, "left_sw_ft": 6.9, "right_sw_ft": 7.8}, "geometry": {"type": "LineString", "coordinates": [[-74.11467164306798, 40.635951462562886], [-74.11483279782908, 40.63593479909998]]}}, {"type": "Feature", "properties": {"segment_id": 980599, "physicalid": "68439", "street_name": "N BURGHER AVE", "borough": "staten_island", "direction": "TF", "total_row_ft": 45.0, "roadbed_ft": 30.4, "median_ft": 0.0, "left_sw_ft": 6.6, "right_sw_ft": 8.0}, "geometry": {"type": "LineString", "coordinates": [[-74.11466132271897, 40.63589713059118], [-74.11482182941485, 40.63588053414001]]}}, {"type": "Feature", "properties": {"segment_id": 980600, "physicalid": "68439", "street_name": "N BURGHER AVE", "borough": "staten_island", "direction": "TF", "total_row_ft": 44.8, "roadbed_ft": 30.4, "median_ft": 0.0, "left_sw_ft": 6.3, "right_sw_ft": 8.0}, "geometry": {"type": "LineString", "coordinates": [[-74.11465147560052, 40.635842749688095], [-74.11481125925647, 40.635826228000425]]}}, {"type": "Feature", "properties": {"segment_id": 980601, "physicalid": "68439", "street_name": "N BURGHER AVE", "borough": "staten_island", "direction": "TF", "total_row_ft": 44.6, "roadbed_ft": 30.4, "median_ft": 0.0, "left_sw_ft": 6.1, "right_sw_ft": 8.1}, "geometry": {"type": "LineString", "coordinates": [[-74.11464162827176, 40.63578836880727], [-74.11480068907419, 40.6357719218638]]}}, {"type": "Feature", "properties": {"segment_id": 980602, "physicalid": "68440", "street_name": "N BURGHER AVE", "borough": "staten_island", "direction": "TF", "total_row_ft": 108.3, "roadbed_ft": 78.8, "median_ft": 0.0, "left_sw_ft": 14.5, "right_sw_ft": 15.0}, "geometry": {"type": "LineString", "coordinates": [[-74.11477406485092, 40.637273881654224], [-74.11510705916406, 40.63723898468898]]}}, {"type": "Feature", "properties": {"segment_id": 980603, "physicalid": "68440", "street_name": "N BURGHER AVE", "borough": "staten_island", "direction": "TF", "total_row_ft": 46.5, "roadbed_ft": 30.4, "median_ft": 0.0, "left_sw_ft": 7.9, "right_sw_ft": 8.2}, "geometry": {"type": "LineString", "coordinates": [[-74.11489336927816, 40.63720596622765], [-74.11505919791254, 40.63718858773647]]}}, {"type": "Feature", "properties": {"segment_id": 980604, "physicalid": "68440", "street_name": "N BURGHER AVE", "borough": "staten_island", "direction": "TF", "total_row_ft": 46.6, "roadbed_ft": 30.4, "median_ft": 0.0, "left_sw_ft": 7.5, "right_sw_ft": 8.7}, "geometry": {"type": "LineString", "coordinates": [[-74.11488211564338, 40.63715173283831], [-74.11504837113078, 40.63713430961585]]}}, {"type": "Feature", "properties": {"segment_id": 980605, "physicalid": "68440", "street_name": "N BURGHER AVE", "borough": "staten_island", "direction": "TF", "total_row_ft": 46.7, "roadbed_ft": 30.4, "median_ft": 0.0, "left_sw_ft": 7.3, "right_sw_ft": 9.1}, "geometry": {"type": "LineString", "coordinates": [[-74.11487086207634, 40.637097499442405], [-74.1150375440476, 40.637080031527326]]}}, {"type": "Feature", "properties": {"segment_id": 980606, "physicalid": "68440", "street_name": "N BURGHER AVE", "borough": "staten_island", "direction": "TF", "total_row_ft": 46.8, "roadbed_ft": 30.4, "median_ft": 0.0, "left_sw_ft": 7.1, "right_sw_ft": 9.4}, "geometry": {"type": "LineString", "coordinates": [[-74.11485960852123, 40.63704326604573], [-74.11502671666308, 40.63702575347088]]}}, {"type": "Feature", "properties": {"segment_id": 980607, "physicalid": "68440", "street_name": "N BURGHER AVE", "borough": "staten_island", "direction": "TF", "total_row_ft": 47.2, "roadbed_ft": 30.4, "median_ft": 0.0, "left_sw_ft": 7.1, "right_sw_ft": 9.7}, "geometry": {"type": "LineString", "coordinates": [[-74.11484835469585, 40.63698903267788], [-74.11501686684748, 40.636971372967075]]}}, {"type": "Feature", "properties": {"segment_id": 980608, "physicalid": "68440", "street_name": "N BURGHER AVE", "borough": "staten_island", "direction": "TF", "total_row_ft": 47.4, "roadbed_ft": 30.4, "median_ft": 0.0, "left_sw_ft": 7.2, "right_sw_ft": 9.9}, "geometry": {"type": "LineString", "coordinates": [[-74.11483781516868, 40.63693472445415], [-74.1150071526413, 40.636916978252124]]}}, {"type": "Feature", "properties": {"segment_id": 980609, "physicalid": "68440", "street_name": "N BURGHER AVE", "borough": "staten_island", "direction": "TF", "total_row_ft": 47.7, "roadbed_ft": 30.4, "median_ft": 0.0, "left_sw_ft": 7.2, "right_sw_ft": 10.1}, "geometry": {"type": "LineString", "coordinates": [[-74.1148273060349, 40.636880413045766], [-74.11499743901118, 40.63686258347732]]}}, {"type": "Feature", "properties": {"segment_id": 980610, "physicalid": "68440", "street_name": "N BURGHER AVE", "borough": "staten_island", "direction": "TF", "total_row_ft": 47.9, "roadbed_ft": 30.4, "median_ft": 0.0, "left_sw_ft": 7.2, "right_sw_ft": 10.3}, "geometry": {"type": "LineString", "coordinates": [[-74.11481679675353, 40.6368261016534], [-74.11498772561204, 40.63680818867879]]}}, {"type": "Feature", "properties": {"segment_id": 980611, "physicalid": "68440", "street_name": "N BURGHER AVE", "borough": "staten_island", "direction": "TF", "total_row_ft": 48.1, "roadbed_ft": 30.4, "median_ft": 0.0, "left_sw_ft": 7.3, "right_sw_ft": 10.5}, "geometry": {"type": "LineString", "coordinates": [[-74.11480628742677, 40.63677179026628], [-74.11497801213284, 40.636753793889206]]}}, {"type": "Feature", "properties": {"segment_id": 980612, "physicalid": "68441", "street_name": "N BURGHER AVE", "borough": "staten_island", "direction": "TF", "total_row_ft": 100.4, "roadbed_ft": 76.6, "median_ft": 0.0, "left_sw_ft": 15.0, "right_sw_ft": 8.8}, "geometry": {"type": "LineString", "coordinates": [[-74.11509328533339, 40.638316674532], [-74.11539796636214, 40.638283860701385]]}}, {"type": "Feature", "properties": {"segment_id": 980613, "physicalid": "68441", "street_name": "N BURGHER AVE", "borough": "staten_island", "direction": "TF", "total_row_ft": 45.1, "roadbed_ft": 31.1, "median_ft": 0.0, "left_sw_ft": 5.5, "right_sw_ft": 8.6}, "geometry": {"type": "LineString", "coordinates": [[-74.11508382181793, 40.63826225210921], [-74.11524482757814, 40.63824491205979]]}}, {"type": "Feature", "properties": {"segment_id": 980614, "physicalid": "68441", "street_name": "N BURGHER AVE", "borough": "staten_island", "direction": "TF", "total_row_ft": 44.8, "roadbed_ft": 30.5, "median_ft": 0.0, "left_sw_ft": 5.9, "right_sw_ft": 8.5}, "geometry": {"type": "LineString", "coordinates": [[-74.11507435831182, 40.63820782968596], [-74.11523435325188, 40.63819059850019]]}}, {"type": "Feature", "properties": {"segment_id": 980615, "physicalid": "68441", "street_name": "N BURGHER AVE", "borough": "staten_island", "direction": "TF", "total_row_ft": 44.6, "roadbed_ft": 29.9, "median_ft": 0.0, "left_sw_ft": 6.3, "right_sw_ft": 8.4}, "geometry": {"type": "LineString", "coordinates": [[-74.11506489475802, 40.63815340726838], [-74.11522387894269, 40.63813628493929]]}}, {"type": "Feature", "properties": {"segment_id": 980616, "physicalid": "68441", "street_name": "N BURGHER AVE", "borough": "staten_island", "direction": "TF", "total_row_ft": 44.3, "roadbed_ft": 29.8, "median_ft": 0.0, "left_sw_ft": 6.2, "right_sw_ft": 8.2}, "geometry": {"type": "LineString", "coordinates": [[-74.11505543121966, 40.63809898484975], [-74.11521340472419, 40.638081971369175]]}}, {"type": "Feature", "properties": {"segment_id": 980617, "physicalid": "68441", "street_name": "N BURGHER AVE", "borough": "staten_island", "direction": "TF", "total_row_ft": 44.1, "roadbed_ft": 29.8, "median_ft": 0.0, "left_sw_ft": 6.2, "right_sw_ft": 8.1}, "geometry": {"type": "LineString", "coordinates": [[-74.11504596769674, 40.63804456243], [-74.11520331063134, 40.63802761686046]]}}, {"type": "Feature", "properties": {"segment_id": 980618, "physicalid": "68441", "street_name": "N BURGHER AVE", "borough": "staten_island", "direction": "TF", "total_row_ft": 44.0, "roadbed_ft": 29.6, "median_ft": 0.0, "left_sw_ft": 6.4, "right_sw_ft": 8.1}, "geometry": {"type": "LineString", "coordinates": [[-74.11503645408597, 40.637990145405105], [-74.1151935376545, 40.63797322776846]]}}, {"type": "Feature", "properties": {"segment_id": 980619, "physicalid": "68441", "street_name": "N BURGHER AVE", "borough": "staten_island", "direction": "TF", "total_row_ft": 44.0, "roadbed_ft": 29.5, "median_ft": 0.0, "left_sw_ft": 6.5, "right_sw_ft": 8.0}, "geometry": {"type": "LineString", "coordinates": [[-74.11502686201982, 40.637935736830265], [-74.1151837646936, 40.63791883867526]]}}, {"type": "Feature", "properties": {"segment_id": 980620, "physicalid": "68441", "street_name": "N BURGHER AVE", "borough": "staten_island", "direction": "TF", "total_row_ft": 43.9, "roadbed_ft": 29.5, "median_ft": 0.0, "left_sw_ft": 6.6, "right_sw_ft": 7.9}, "geometry": {"type": "LineString", "coordinates": [[-74.11501726996931, 40.637881328254316], [-74.1151739917486, 40.637864449580924]]}}, {"type": "Feature", "properties": {"segment_id": 980621, "physicalid": "68441", "street_name": "N BURGHER AVE", "borough": "staten_island", "direction": "TF", "total_row_ft": 44.0, "roadbed_ft": 29.5, "median_ft": 0.0, "left_sw_ft": 6.8, "right_sw_ft": 7.7}, "geometry": {"type": "LineString", "coordinates": [[-74.11500767793444, 40.6378269196772], [-74.11516462441007, 40.63781001680374]]}}, {"type": "Feature", "properties": {"segment_id": 980622, "physicalid": "68441", "street_name": "N BURGHER AVE", "borough": "staten_island", "direction": "TF", "total_row_ft": 44.1, "roadbed_ft": 29.7, "median_ft": 0.0, "left_sw_ft": 6.9, "right_sw_ft": 7.5}, "geometry": {"type": "LineString", "coordinates": [[-74.1149980859152, 40.637772511099], [-74.11515534864232, 40.637755574165]]}}, {"type": "Feature", "properties": {"segment_id": 980623, "physicalid": "68441", "street_name": "N BURGHER AVE", "borough": "staten_island", "direction": "TF", "total_row_ft": 44.2, "roadbed_ft": 29.8, "median_ft": 0.0, "left_sw_ft": 6.9, "right_sw_ft": 7.5}, "geometry": {"type": "LineString", "coordinates": [[-74.11498849391161, 40.63771810251966], [-74.1151460728897, 40.63770113152519]]}}, {"type": "Feature", "properties": {"segment_id": 980624, "physicalid": "68441", "street_name": "N BURGHER AVE", "borough": "staten_island", "direction": "TF", "total_row_ft": 44.3, "roadbed_ft": 29.9, "median_ft": 0.0, "left_sw_ft": 6.9, "right_sw_ft": 7.5}, "geometry": {"type": "LineString", "coordinates": [[-74.11497890192368, 40.6376636939392], [-74.11513679715223, 40.637646688884345]]}}, {"type": "Feature", "properties": {"segment_id": 980625, "physicalid": "68441", "street_name": "N BURGHER AVE", "borough": "staten_island", "direction": "TF", "total_row_ft": 44.7, "roadbed_ft": 30.1, "median_ft": 0.0, "left_sw_ft": 6.9, "right_sw_ft": 7.6}, "geometry": {"type": "LineString", "coordinates": [[-74.11496811770776, 40.63760941375943], [-74.1151275214299, 40.63759224624238]]}}, {"type": "Feature", "properties": {"segment_id": 980626, "physicalid": "68441", "street_name": "N BURGHER AVE", "borough": "staten_island", "direction": "TF", "total_row_ft": 45.3, "roadbed_ft": 30.1, "median_ft": 0.0, "left_sw_ft": 7.1, "right_sw_ft": 8.1}, "geometry": {"type": "LineString", "coordinates": [[-74.11495632778139, 40.637555241892805], [-74.11511807536502, 40.63753782194673]]}}, {"type": "Feature", "properties": {"segment_id": 980627, "physicalid": "68441", "street_name": "N BURGHER AVE", "borough": "staten_island", "direction": "TF", "total_row_ft": 46.0, "roadbed_ft": 30.1, "median_ft": 0.0, "left_sw_ft": 7.4, "right_sw_ft": 8.5}, "geometry": {"type": "LineString", "coordinates": [[-74.11494453799142, 40.63750107001204], [-74.115108591038, 40.637483401772435]]}}, {"type": "Feature", "properties": {"segment_id": 980628, "physicalid": "68441", "street_name": "N BURGHER AVE", "borough": "staten_island", "direction": "TF", "total_row_ft": 46.6, "roadbed_ft": 30.0, "median_ft": 0.0, "left_sw_ft": 7.6, "right_sw_ft": 9.0}, "geometry": {"type": "LineString", "coordinates": [[-74.11493274813249, 40.63744689813926], [-74.11509910672646, 40.637428981597026]]}}, {"type": "Feature", "properties": {"segment_id": 980629, "physicalid": "68441", "street_name": "N BURGHER AVE", "borough": "staten_island", "direction": "TF", "total_row_ft": 47.3, "roadbed_ft": 29.9, "median_ft": 0.0, "left_sw_ft": 7.2, "right_sw_ft": 10.1}, "geometry": {"type": "LineString", "coordinates": [[-74.11492095785732, 40.6373927263118], [-74.11508962243039, 40.637374561420515]]}}, {"type": "Feature", "properties": {"segment_id": 980633, "physicalid": "68443", "street_name": "N BURGHER AVE", "borough": "staten_island", "direction": "TF", "total_row_ft": 55.4, "roadbed_ft": 33.9, "median_ft": 0.0, "left_sw_ft": 10.0, "right_sw_ft": 11.5}, "geometry": {"type": "LineString", "coordinates": [[-74.11539078063393, 40.63995852394356], [-74.11558919354266, 40.639942069490154]]}}, {"type": "Feature", "properties": {"segment_id": 980634, "physicalid": "68443", "street_name": "N BURGHER AVE", "borough": "staten_island", "direction": "TF", "total_row_ft": 55.0, "roadbed_ft": 34.1, "median_ft": 0.0, "left_sw_ft": 9.8, "right_sw_ft": 11.2}, "geometry": {"type": "LineString", "coordinates": [[-74.11538203935112, 40.63990402878973], [-74.11557919927445, 40.63988767824965]]}}, {"type": "Feature", "properties": {"segment_id": 980635, "physicalid": "68443", "street_name": "N BURGHER AVE", "borough": "staten_island", "direction": "TF", "total_row_ft": 54.9, "roadbed_ft": 34.3, "median_ft": 0.0, "left_sw_ft": 9.5, "right_sw_ft": 11.0}, "geometry": {"type": "LineString", "coordinates": [[-74.11537273347028, 40.639851633673935], [-74.11556874258427, 40.63983134794091]]}}, {"type": "Feature", "properties": {"segment_id": 980636, "physicalid": "68443", "street_name": "N BURGHER AVE", "borough": "staten_island", "direction": "TF", "total_row_ft": 54.8, "roadbed_ft": 34.6, "median_ft": 0.0, "left_sw_ft": 9.3, "right_sw_ft": 10.9}, "geometry": {"type": "LineString", "coordinates": [[-74.11536289755685, 40.63979725158935], [-74.11555865209677, 40.63977699220385]]}}, {"type": "Feature", "properties": {"segment_id": 980637, "physicalid": "68443", "street_name": "N BURGHER AVE", "borough": "staten_island", "direction": "TF", "total_row_ft": 54.8, "roadbed_ft": 34.8, "median_ft": 0.0, "left_sw_ft": 9.1, "right_sw_ft": 10.9}, "geometry": {"type": "LineString", "coordinates": [[-74.11535306160647, 40.63974286921081], [-74.11554856167764, 40.63972263674536]]}}, {"type": "Feature", "properties": {"segment_id": 980638, "physicalid": "68443", "street_name": "N BURGHER AVE", "borough": "staten_island", "direction": "TF", "total_row_ft": 54.7, "roadbed_ft": 35.0, "median_ft": 0.0, "left_sw_ft": 8.9, "right_sw_ft": 10.8}, "geometry": {"type": "LineString", "coordinates": [[-74.11534322615782, 40.6396884870787], [-74.1155384717971, 40.63966828094529]]}}, {"type": "Feature", "properties": {"segment_id": 980639, "physicalid": "68443", "street_name": "N BURGHER AVE", "borough": "staten_island", "direction": "TF", "total_row_ft": 88.1, "roadbed_ft": 35.2, "median_ft": 0.0, "left_sw_ft": 42.2, "right_sw_ft": 10.7}, "geometry": {"type": "LineString", "coordinates": [[-74.11533325892036, 40.6396341185859], [-74.11564782712051, 40.63960156349338]]}}, {"type": "Feature", "properties": {"segment_id": 980640, "physicalid": "68443", "street_name": "N BURGHER AVE", "borough": "staten_island", "direction": "TF", "total_row_ft": 54.6, "roadbed_ft": 35.3, "median_ft": 0.0, "left_sw_ft": 8.5, "right_sw_ft": 10.8}, "geometry": {"type": "LineString", "coordinates": [[-74.11532316596875, 40.63957976310378], [-74.11551793216023, 40.63955960659074]]}}, {"type": "Feature", "properties": {"segment_id": 980641, "physicalid": "68443", "street_name": "N BURGHER AVE", "borough": "staten_island", "direction": "TF", "total_row_ft": 54.4, "roadbed_ft": 35.3, "median_ft": 0.0, "left_sw_ft": 8.2, "right_sw_ft": 10.9}, "geometry": {"type": "LineString", "coordinates": [[-74.11531307303358, 40.6395254076204], [-74.11550722446783, 40.639505314730556]]}}, {"type": "Feature", "properties": {"segment_id": 980642, "physicalid": "68443", "street_name": "N BURGHER AVE", "borough": "staten_island", "direction": "TF", "total_row_ft": 54.2, "roadbed_ft": 35.2, "median_ft": 0.0, "left_sw_ft": 8.0, "right_sw_ft": 11.0}, "geometry": {"type": "LineString", "coordinates": [[-74.11530298011483, 40.63947105213586], [-74.11549651679283, 40.639451022869]]}}, {"type": "Feature", "properties": {"segment_id": 980643, "physicalid": "68443", "street_name": "N BURGHER AVE", "borough": "staten_island", "direction": "TF", "total_row_ft": 54.0, "roadbed_ft": 34.9, "median_ft": 0.0, "left_sw_ft": 8.0, "right_sw_ft": 11.1}, "geometry": {"type": "LineString", "coordinates": [[-74.11529288721255, 40.63941669665007], [-74.11548580913528, 40.63939673100617]]}}, {"type": "Feature", "properties": {"segment_id": 980644, "physicalid": "68443", "street_name": "N BURGHER AVE", "borough": "staten_island", "direction": "TF", "total_row_ft": 53.9, "roadbed_ft": 34.7, "median_ft": 0.0, "left_sw_ft": 7.9, "right_sw_ft": 11.2}, "geometry": {"type": "LineString", "coordinates": [[-74.1152827943267, 40.639362341163114], [-74.11547510149514, 40.63934243914197]]}}, {"type": "Feature", "properties": {"segment_id": 980645, "physicalid": "68443", "street_name": "N BURGHER AVE", "borough": "staten_island", "direction": "TF", "total_row_ft": 53.7, "roadbed_ft": 34.4, "median_ft": 0.0, "left_sw_ft": 7.9, "right_sw_ft": 11.3}, "geometry": {"type": "LineString", "coordinates": [[-74.1152727014573, 40.6393079856749], [-74.11546439387241, 40.63928814727649]]}}, {"type": "Feature", "properties": {"segment_id": 980646, "physicalid": "68443", "street_name": "N BURGHER AVE", "borough": "staten_island", "direction": "TF", "total_row_ft": 53.7, "roadbed_ft": 34.3, "median_ft": 0.0, "left_sw_ft": 8.1, "right_sw_ft": 11.3}, "geometry": {"type": "LineString", "coordinates": [[-74.11526260860434, 40.63925363018551], [-74.1154544578766, 40.63923377555453]]}}, {"type": "Feature", "properties": {"segment_id": 980647, "physicalid": "68443", "street_name": "N BURGHER AVE", "borough": "staten_island", "direction": "TF", "total_row_ft": 89.0, "roadbed_ft": 34.5, "median_ft": 0.0, "left_sw_ft": 43.2, "right_sw_ft": 11.2}, "geometry": {"type": "LineString", "coordinates": [[-74.11525259102953, 40.639199266906076], [-74.11557021652916, 40.63916639541616]]}}, {"type": "Feature", "properties": {"segment_id": 1102700, "physicalid": "76279", "street_name": "CAMPBELL AVE", "borough": "staten_island", "direction": "FT", "total_row_ft": 150.0, "roadbed_ft": 120.0, "median_ft": 0.0, "left_sw_ft": 15.0, "right_sw_ft": 15.0}, "geometry": {"type": "LineString", "coordinates": [[-74.11613392178775, 40.6371200151215], [-74.11656110661303, 40.63706917581329]]}}, {"type": "Feature", "properties": {"segment_id": 1102701, "physicalid": "76279", "street_name": "CAMPBELL AVE", "borough": "staten_island", "direction": "FT", "total_row_ft": 48.4, "roadbed_ft": 29.1, "median_ft": 0.0, "left_sw_ft": 9.3, "right_sw_ft": 10.0}, "geometry": {"type": "LineString", "coordinates": [[-74.11625395102871, 40.637050169023745], [-74.11642612094249, 40.63702967905986]]}}, {"type": "Feature", "properties": {"segment_id": 1102702, "physicalid": "76279", "street_name": "CAMPBELL AVE", "borough": "staten_island", "direction": "FT", "total_row_ft": 48.4, "roadbed_ft": 28.8, "median_ft": 0.0, "left_sw_ft": 9.3, "right_sw_ft": 10.3}, "geometry": {"type": "LineString", "coordinates": [[-74.11624243627831, 40.63699597781274], [-74.1164148832956, 40.63697545487141]]}}, {"type": "Feature", "properties": {"segment_id": 1102703, "physicalid": "76279", "street_name": "CAMPBELL AVE", "borough": "staten_island", "direction": "FT", "total_row_ft": 48.3, "roadbed_ft": 29.0, "median_ft": 0.0, "left_sw_ft": 9.1, "right_sw_ft": 10.2}, "geometry": {"type": "LineString", "coordinates": [[-74.11623166869504, 40.63694169768262], [-74.11640364578341, 40.63692123066771]]}}, {"type": "Feature", "properties": {"segment_id": 1102704, "physicalid": "76279", "street_name": "CAMPBELL AVE", "borough": "staten_island", "direction": "FT", "total_row_ft": 48.0, "roadbed_ft": 29.3, "median_ft": 0.0, "left_sw_ft": 8.7, "right_sw_ft": 10.0}, "geometry": {"type": "LineString", "coordinates": [[-74.11622155886035, 40.63688733927504], [-74.11639240811233, 40.63686700648365]]}}, {"type": "Feature", "properties": {"segment_id": 1102705, "physicalid": "76279", "street_name": "CAMPBELL AVE", "borough": "staten_island", "direction": "FT", "total_row_ft": 47.7, "roadbed_ft": 29.5, "median_ft": 0.0, "left_sw_ft": 8.4, "right_sw_ft": 9.8}, "geometry": {"type": "LineString", "coordinates": [[-74.11621144943672, 40.63683298081928], [-74.11638117029626, 40.6368127823176]]}}, {"type": "Feature", "properties": {"segment_id": 1102706, "physicalid": "76279", "street_name": "CAMPBELL AVE", "borough": "staten_island", "direction": "FT", "total_row_ft": 47.4, "roadbed_ft": 29.6, "median_ft": 0.0, "left_sw_ft": 8.0, "right_sw_ft": 9.8}, "geometry": {"type": "LineString", "coordinates": [[-74.11620120459928, 40.63677863847975], [-74.11636986501384, 40.636758566181555]]}}, {"type": "Feature", "properties": {"segment_id": 1102707, "physicalid": "76279", "street_name": "CAMPBELL AVE", "borough": "staten_island", "direction": "FT", "total_row_ft": 47.1, "roadbed_ft": 29.6, "median_ft": 0.0, "left_sw_ft": 7.7, "right_sw_ft": 9.8}, "geometry": {"type": "LineString", "coordinates": [[-74.11619092430972, 40.63672430036016], [-74.1163585205106, 40.63670435471393]]}}, {"type": "Feature", "properties": {"segment_id": 1102708, "physicalid": "76279", "street_name": "CAMPBELL AVE", "borough": "staten_island", "direction": "FT", "total_row_ft": 46.8, "roadbed_ft": 29.6, "median_ft": 0.0, "left_sw_ft": 7.3, "right_sw_ft": 9.9}, "geometry": {"type": "LineString", "coordinates": [[-74.11618064351899, 40.636669962300935], [-74.11634717606537, 40.63665014324016]]}}, {"type": "Feature", "properties": {"segment_id": 1102709, "physicalid": "76279", "street_name": "CAMPBELL AVE", "borough": "staten_island", "direction": "FT", "total_row_ft": 46.5, "roadbed_ft": 29.6, "median_ft": 0.0, "left_sw_ft": 7.0, "right_sw_ft": 9.9}, "geometry": {"type": "LineString", "coordinates": [[-74.11617036343303, 40.63661562415857], [-74.11633583191778, 40.63659593173176]]}}, {"type": "Feature", "properties": {"segment_id": 1102710, "physicalid": "76279", "street_name": "CAMPBELL AVE", "borough": "staten_island", "direction": "FT", "total_row_ft": 46.5, "roadbed_ft": 29.4, "median_ft": 0.0, "left_sw_ft": 7.1, "right_sw_ft": 10.0}, "geometry": {"type": "LineString", "coordinates": [[-74.11615863953557, 40.6365614578441], [-74.11632428830933, 40.636541743962105]]}}, {"type": "Feature", "properties": {"segment_id": 1102711, "physicalid": "76279", "street_name": "CAMPBELL AVE", "borough": "staten_island", "direction": "FT", "total_row_ft": 46.7, "roadbed_ft": 29.3, "median_ft": 0.0, "left_sw_ft": 7.4, "right_sw_ft": 10.0}, "geometry": {"type": "LineString", "coordinates": [[-74.11614610129466, 40.63650738844487], [-74.11631217293508, 40.63648762423954]]}}, {"type": "Feature", "properties": {"segment_id": 1102712, "physicalid": "76279", "street_name": "CAMPBELL AVE", "borough": "staten_island", "direction": "FT", "total_row_ft": 46.8, "roadbed_ft": 29.3, "median_ft": 0.0, "left_sw_ft": 7.7, "right_sw_ft": 9.8}, "geometry": {"type": "LineString", "coordinates": [[-74.11613356256066, 40.63645331910506], [-74.11630005764347, 40.6364335045079]]}}, {"type": "Feature", "properties": {"segment_id": 1102713, "physicalid": "76279", "street_name": "CAMPBELL AVE", "borough": "staten_island", "direction": "FT", "total_row_ft": 46.9, "roadbed_ft": 30.0, "median_ft": 0.0, "left_sw_ft": 8.0, "right_sw_ft": 8.9}, "geometry": {"type": "LineString", "coordinates": [[-74.11612102384971, 40.6363992497632], [-74.11628794232578, 40.6363793847801]]}}, {"type": "Feature", "properties": {"segment_id": 1102714, "physicalid": "76279", "street_name": "CAMPBELL AVE", "borough": "staten_island", "direction": "FT", "total_row_ft": 47.0, "roadbed_ft": 30.1, "median_ft": 0.0, "left_sw_ft": 8.3, "right_sw_ft": 8.6}, "geometry": {"type": "LineString", "coordinates": [[-74.11610848518832, 40.63634518041622], [-74.11627582782864, 40.63632526495541]]}}, {"type": "Feature", "properties": {"segment_id": 1102715, "physicalid": "76279", "street_name": "CAMPBELL AVE", "borough": "staten_island", "direction": "FT", "total_row_ft": 47.1, "roadbed_ft": 29.6, "median_ft": 0.0, "left_sw_ft": 8.7, "right_sw_ft": 8.9}, "geometry": {"type": "LineString", "coordinates": [[-74.11609594657982, 40.63629111106366], [-74.11626371288165, 40.636271145184956]]}}, {"type": "Feature", "properties": {"segment_id": 1102716, "physicalid": "76279", "street_name": "CAMPBELL AVE", "borough": "staten_island", "direction": "FT", "total_row_ft": 47.5, "roadbed_ft": 29.7, "median_ft": 0.0, "left_sw_ft": 9.0, "right_sw_ft": 8.8}, "geometry": {"type": "LineString", "coordinates": [[-74.11608348015861, 40.63623703312087], [-74.11625259478515, 40.63621690677928]]}}, {"type": "Feature", "properties": {"segment_id": 1102717, "physicalid": "76279", "street_name": "CAMPBELL AVE", "borough": "staten_island", "direction": "FT", "total_row_ft": 47.5, "roadbed_ft": 29.7, "median_ft": 0.0, "left_sw_ft": 8.9, "right_sw_ft": 8.9}, "geometry": {"type": "LineString", "coordinates": [[-74.11607270673639, 40.63618275369622], [-74.11624180108038, 40.636162629768215]]}}, {"type": "Feature", "properties": {"segment_id": 1102718, "physicalid": "76279", "street_name": "CAMPBELL AVE", "borough": "staten_island", "direction": "FT", "total_row_ft": 42.8, "roadbed_ft": 30.3, "median_ft": 0.0, "left_sw_ft": 8.7, "right_sw_ft": 3.8}, "geometry": {"type": "LineString", "coordinates": [[-74.11606193332926, 40.636128474270535], [-74.11621427267065, 40.636110344367815]]}}, {"type": "Feature", "properties": {"segment_id": 1102719, "physicalid": "76279", "street_name": "CAMPBELL AVE", "borough": "staten_island", "direction": "FT", "total_row_ft": 42.9, "roadbed_ft": 30.4, "median_ft": 0.0, "left_sw_ft": 8.6, "right_sw_ft": 3.9}, "geometry": {"type": "LineString", "coordinates": [[-74.11605115993895, 40.63607419484361], [-74.11620395703052, 40.63605601046349]]}}, {"type": "Feature", "properties": {"segment_id": 1102720, "physicalid": "76279", "street_name": "CAMPBELL AVE", "borough": "staten_island", "direction": "FT", "total_row_ft": 43.1, "roadbed_ft": 30.4, "median_ft": 0.0, "left_sw_ft": 8.5, "right_sw_ft": 4.2}, "geometry": {"type": "LineString", "coordinates": [[-74.11604038619534, 40.63601991545949], [-74.11619364140721, 40.63600167655792]]}}, {"type": "Feature", "properties": {"segment_id": 1102721, "physicalid": "76279", "street_name": "CAMPBELL AVE", "borough": "staten_island", "direction": "FT", "total_row_ft": 40.2, "roadbed_ft": 30.4, "median_ft": 0.0, "left_sw_ft": 5.4, "right_sw_ft": 4.3}, "geometry": {"type": "LineString", "coordinates": [[-74.11604014298608, 40.63596438284412], [-74.11618310760589, 40.6359473686186]]}}, {"type": "Feature", "properties": {"segment_id": 1102722, "physicalid": "76280", "street_name": "CAMPBELL AVE", "borough": "staten_island", "direction": "TW", "total_row_ft": 135.0, "roadbed_ft": 82.6, "median_ft": 0.0, "left_sw_ft": 37.4, "right_sw_ft": 15.0}, "geometry": {"type": "LineString", "coordinates": [[-74.11619553848185, 40.63816815022736], [-74.11662754264549, 40.6381545448447]]}}, {"type": "Feature", "properties": {"segment_id": 1102723, "physicalid": "76280", "street_name": "CAMPBELL AVE", "borough": "staten_island", "direction": "TW", "total_row_ft": 43.7, "roadbed_ft": 30.8, "median_ft": 0.0, "left_sw_ft": 7.9, "right_sw_ft": 4.9}, "geometry": {"type": "LineString", "coordinates": [[-74.11632586232936, 40.6381091034059], [-74.11648306423172, 40.63810415255173]]}}, {"type": "Feature", "properties": {"segment_id": 1102724, "physicalid": "76280", "street_name": "CAMPBELL AVE", "borough": "staten_island", "direction": "TW", "total_row_ft": 43.8, "roadbed_ft": 31.0, "median_ft": 0.0, "left_sw_ft": 7.7, "right_sw_ft": 5.0}, "geometry": {"type": "LineString", "coordinates": [[-74.1163231046238, 40.638054247632844], [-74.11648065676572, 40.6380492857478]]}}, {"type": "Feature", "properties": {"segment_id": 1102725, "physicalid": "76280", "street_name": "CAMPBELL AVE", "borough": "staten_island", "direction": "TW", "total_row_ft": 43.9, "roadbed_ft": 31.1, "median_ft": 0.0, "left_sw_ft": 7.6, "right_sw_ft": 5.2}, "geometry": {"type": "LineString", "coordinates": [[-74.11632034692278, 40.637999391859424], [-74.11647824930368, 40.63799441894348]]}}, {"type": "Feature", "properties": {"segment_id": 1102726, "physicalid": "76280", "street_name": "CAMPBELL AVE", "borough": "staten_island", "direction": "TW", "total_row_ft": 44.0, "roadbed_ft": 31.2, "median_ft": 0.0, "left_sw_ft": 7.5, "right_sw_ft": 5.3}, "geometry": {"type": "LineString", "coordinates": [[-74.11631758922628, 40.63794453608554], [-74.1164758418456, 40.637939552138796]]}}, {"type": "Feature", "properties": {"segment_id": 1102727, "physicalid": "76280", "street_name": "CAMPBELL AVE", "borough": "staten_island", "direction": "TW", "total_row_ft": 44.1, "roadbed_ft": 31.1, "median_ft": 0.0, "left_sw_ft": 7.6, "right_sw_ft": 5.4}, "geometry": {"type": "LineString", "coordinates": [[-74.11631483153431, 40.637889680311325], [-74.11647343457682, 40.63788468532787]]}}, {"type": "Feature", "properties": {"segment_id": 1102728, "physicalid": "76280", "street_name": "CAMPBELL AVE", "borough": "staten_island", "direction": "TW", "total_row_ft": 44.2, "roadbed_ft": 30.9, "median_ft": 0.0, "left_sw_ft": 7.7, "right_sw_ft": 5.5}, "geometry": {"type": "LineString", "coordinates": [[-74.11631207406934, 40.637834824529655], [-74.11647102752511, 40.63782981850991]]}}, {"type": "Feature", "properties": {"segment_id": 1102729, "physicalid": "76280", "street_name": "CAMPBELL AVE", "borough": "staten_island", "direction": "TW", "total_row_ft": 44.4, "roadbed_ft": 30.8, "median_ft": 0.0, "left_sw_ft": 8.0, "right_sw_ft": 5.5}, "geometry": {"type": "LineString", "coordinates": [[-74.1163090191909, 40.637779978114196], [-74.11646869523767, 40.637774949337015]]}}, {"type": "Feature", "properties": {"segment_id": 1102730, "physicalid": "76280", "street_name": "CAMPBELL AVE", "borough": "staten_island", "direction": "TW", "total_row_ft": 44.6, "roadbed_ft": 30.7, "median_ft": 0.0, "left_sw_ft": 8.3, "right_sw_ft": 5.6}, "geometry": {"type": "LineString", "coordinates": [[-74.11630594658428, 40.63772513225677], [-74.11646637505815, 40.637720079782525]]}}, {"type": "Feature", "properties": {"segment_id": 1102731, "physicalid": "76280", "street_name": "CAMPBELL AVE", "borough": "staten_island", "direction": "TW", "total_row_ft": 44.8, "roadbed_ft": 30.7, "median_ft": 0.0, "left_sw_ft": 8.5, "right_sw_ft": 5.6}, "geometry": {"type": "LineString", "coordinates": [[-74.1163028739827, 40.637670286398944], [-74.11646405472064, 40.63766521023274]]}}, {"type": "Feature", "properties": {"segment_id": 1102732, "physicalid": "76280", "street_name": "CAMPBELL AVE", "borough": "staten_island", "direction": "TW", "total_row_ft": 45.0, "roadbed_ft": 30.6, "median_ft": 0.0, "left_sw_ft": 8.7, "right_sw_ft": 5.6}, "geometry": {"type": "LineString", "coordinates": [[-74.11629980138619, 40.63761544054071], [-74.11646173414766, 40.63761034069013]]}}, {"type": "Feature", "properties": {"segment_id": 1102733, "physicalid": "76280", "street_name": "CAMPBELL AVE", "borough": "staten_island", "direction": "TW", "total_row_ft": 45.2, "roadbed_ft": 30.7, "median_ft": 0.0, "left_sw_ft": 8.8, "right_sw_ft": 5.6}, "geometry": {"type": "LineString", "coordinates": [[-74.11629672879471, 40.63756059468207], [-74.11645941402934, 40.63755547113294]]}}, {"type": "Feature", "properties": {"segment_id": 1102734, "physicalid": "76280", "street_name": "CAMPBELL AVE", "borough": "staten_island", "direction": "TW", "total_row_ft": 45.5, "roadbed_ft": 30.8, "median_ft": 0.0, "left_sw_ft": 8.9, "right_sw_ft": 5.8}, "geometry": {"type": "LineString", "coordinates": [[-74.1162936564887, 40.63750574881417], [-74.11645752649682, 40.637500587951514]]}}, {"type": "Feature", "properties": {"segment_id": 1102735, "physicalid": "76280", "street_name": "CAMPBELL AVE", "borough": "staten_island", "direction": "TW", "total_row_ft": 46.8, "roadbed_ft": 30.8, "median_ft": 0.0, "left_sw_ft": 9.8, "right_sw_ft": 6.2}, "geometry": {"type": "LineString", "coordinates": [[-74.11628774894922, 40.63745099223577], [-74.11645610494124, 40.637445690094154]]}}, {"type": "Feature", "properties": {"segment_id": 1102736, "physicalid": "76280", "street_name": "CAMPBELL AVE", "borough": "staten_island", "direction": "TW", "total_row_ft": 47.5, "roadbed_ft": 30.9, "median_ft": 0.0, "left_sw_ft": 10.1, "right_sw_ft": 6.5}, "geometry": {"type": "LineString", "coordinates": [[-74.1162836983696, 40.63739617717602], [-74.116454683388, 40.63739079223646]]}}, {"type": "Feature", "properties": {"segment_id": 1102737, "physicalid": "76280", "street_name": "CAMPBELL AVE", "borough": "staten_island", "direction": "TW", "total_row_ft": 47.6, "roadbed_ft": 31.0, "median_ft": 0.0, "left_sw_ft": 9.8, "right_sw_ft": 6.8}, "geometry": {"type": "LineString", "coordinates": [[-74.11628178175444, 40.637341294911344], [-74.1164532618371, 40.637335894378396]]}}, {"type": "Feature", "properties": {"segment_id": 1102738, "physicalid": "76280", "street_name": "CAMPBELL AVE", "borough": "staten_island", "direction": "TW", "total_row_ft": 48.6, "roadbed_ft": 31.3, "median_ft": 0.0, "left_sw_ft": 10.5, "right_sw_ft": 6.8}, "geometry": {"type": "LineString", "coordinates": [[-74.11627559683275, 40.63728654706769], [-74.11645062420014, 40.63728103481997]]}}, {"type": "Feature", "properties": {"segment_id": 1102739, "physicalid": "76280", "street_name": "CAMPBELL AVE", "borough": "staten_island", "direction": "TW", "total_row_ft": 52.2, "roadbed_ft": 32.1, "median_ft": 0.0, "left_sw_ft": 13.6, "right_sw_ft": 6.4}, "geometry": {"type": "LineString", "coordinates": [[-74.11614493907283, 40.637235719159484], [-74.11644773401233, 40.637226183215226]]}}, {"type": "Feature", "properties": {"segment_id": 1102740, "physicalid": "76281", "street_name": "CAMPBELL AVE", "borough": "staten_island", "direction": "FT", "total_row_ft": 95.1, "roadbed_ft": 74.5, "median_ft": 0.0, "left_sw_ft": 5.6, "right_sw_ft": 15.0}, "geometry": {"type": "LineString", "coordinates": [[-74.11602058172511, 40.63587142924737], [-74.11630307862774, 40.63582624478771]]}}, {"type": "Feature", "properties": {"segment_id": 1102741, "physicalid": "76281", "street_name": "CAMPBELL AVE", "borough": "staten_island", "direction": "FT", "total_row_ft": 40.1, "roadbed_ft": 30.4, "median_ft": 0.0, "left_sw_ft": 5.8, "right_sw_ft": 3.9}, "geometry": {"type": "LineString", "coordinates": [[-74.11600878928124, 40.63581722276964], [-74.11615014203795, 40.63579461394755]]}}, {"type": "Feature", "properties": {"segment_id": 1102742, "physicalid": "76281", "street_name": "CAMPBELL AVE", "borough": "staten_island", "direction": "FT", "total_row_ft": 40.4, "roadbed_ft": 30.5, "median_ft": 0.0, "left_sw_ft": 6.1, "right_sw_ft": 3.8}, "geometry": {"type": "LineString", "coordinates": [[-74.1159968715552, 40.63576303633173], [-74.11613928802261, 40.63574025736934]]}}, {"type": "Feature", "properties": {"segment_id": 1102743, "physicalid": "76281", "street_name": "CAMPBELL AVE", "borough": "staten_island", "direction": "FT", "total_row_ft": 40.7, "roadbed_ft": 30.5, "median_ft": 0.0, "left_sw_ft": 6.3, "right_sw_ft": 3.9}, "geometry": {"type": "LineString", "coordinates": [[-74.11598495384854, 40.6357088498923], [-74.11612830414435, 40.63568592156379]]}}, {"type": "Feature", "properties": {"segment_id": 1102744, "physicalid": "76281", "street_name": "CAMPBELL AVE", "borough": "staten_island", "direction": "FT", "total_row_ft": 40.9, "roadbed_ft": 30.5, "median_ft": 0.0, "left_sw_ft": 6.5, "right_sw_ft": 3.9}, "geometry": {"type": "LineString", "coordinates": [[-74.11597303616121, 40.63565466345128], [-74.11611723246496, 40.63563159980324]]}}, {"type": "Feature", "properties": {"segment_id": 1226102, "physicalid": "84606", "street_name": "VAN ST", "borough": "staten_island", "direction": "TW", "total_row_ft": 49.2, "roadbed_ft": 28.0, "median_ft": 0.0, "left_sw_ft": 10.3, "right_sw_ft": 10.9}, "geometry": {"type": "LineString", "coordinates": [[-74.11959301305842, 40.64000278126336], [-74.11976039381453, 40.63995844720627]]}}, {"type": "Feature", "properties": {"segment_id": 1226103, "physicalid": "84606", "street_name": "VAN ST", "borough": "staten_island", "direction": "TW", "total_row_ft": 48.9, "roadbed_ft": 28.1, "median_ft": 0.0, "left_sw_ft": 10.1, "right_sw_ft": 10.7}, "geometry": {"type": "LineString", "coordinates": [[-74.11956999266218, 40.639950759163945], [-74.11973635283863, 40.63990669543098]]}}, {"type": "Feature", "properties": {"segment_id": 1226104, "physicalid": "84606", "street_name": "VAN ST", "borough": "staten_island", "direction": "TW", "total_row_ft": 50.8, "roadbed_ft": 28.4, "median_ft": 0.0, "left_sw_ft": 12.0, "right_sw_ft": 10.4}, "geometry": {"type": "LineString", "coordinates": [[-74.11953901594183, 40.63990084444898], [-74.1197120669452, 40.63985500853158]]}}, {"type": "Feature", "properties": {"segment_id": 1226105, "physicalid": "84606", "street_name": "VAN ST", "borough": "staten_island", "direction": "TW", "total_row_ft": 50.6, "roadbed_ft": 28.5, "median_ft": 0.0, "left_sw_ft": 11.8, "right_sw_ft": 10.4}, "geometry": {"type": "LineString", "coordinates": [[-74.11951559400904, 40.639848928713036], [-74.11968778108938, 40.6398033216268]]}}, {"type": "Feature", "properties": {"segment_id": 1226106, "physicalid": "84606", "street_name": "VAN ST", "borough": "staten_island", "direction": "TW", "total_row_ft": 50.6, "roadbed_ft": 28.5, "median_ft": 0.0, "left_sw_ft": 11.5, "right_sw_ft": 10.5}, "geometry": {"type": "LineString", "coordinates": [[-74.1194921721127, 40.639797012972004], [-74.1196642840935, 40.63975142578099]]}}, {"type": "Feature", "properties": {"segment_id": 1226107, "physicalid": "84606", "street_name": "VAN ST", "borough": "staten_island", "direction": "TW", "total_row_ft": 50.9, "roadbed_ft": 28.4, "median_ft": 0.0, "left_sw_ft": 11.4, "right_sw_ft": 11.1}, "geometry": {"type": "LineString", "coordinates": [[-74.11946875025282, 40.63974509722592], [-74.11964198041277, 40.63969921386605]]}}, {"type": "Feature", "properties": {"segment_id": 1226108, "physicalid": "84606", "street_name": "VAN ST", "borough": "staten_island", "direction": "TW", "total_row_ft": 51.1, "roadbed_ft": 28.4, "median_ft": 0.0, "left_sw_ft": 11.2, "right_sw_ft": 11.5}, "geometry": {"type": "LineString", "coordinates": [[-74.11944532842936, 40.63969318147479], [-74.11961928412391, 40.63964710594593]]}}, {"type": "Feature", "properties": {"segment_id": 1226109, "physicalid": "84606", "street_name": "VAN ST", "borough": "staten_island", "direction": "TW", "total_row_ft": 50.4, "roadbed_ft": 28.5, "median_ft": 0.0, "left_sw_ft": 11.1, "right_sw_ft": 10.9}, "geometry": {"type": "LineString", "coordinates": [[-74.11942190664237, 40.63964126571857], [-74.1195935759691, 40.63959579578411]]}}, {"type": "Feature", "properties": {"segment_id": 1226110, "physicalid": "84606", "street_name": "VAN ST", "borough": "staten_island", "direction": "TW", "total_row_ft": 49.8, "roadbed_ft": 28.5, "median_ft": 0.0, "left_sw_ft": 11.1, "right_sw_ft": 10.2}, "geometry": {"type": "LineString", "coordinates": [[-74.11939848489182, 40.63958934995726], [-74.11956786785382, 40.63954448561628]]}}, {"type": "Feature", "properties": {"segment_id": 1226111, "physicalid": "84607", "street_name": "VAN ST", "borough": "staten_island", "direction": "TW", "total_row_ft": 51.6, "roadbed_ft": 29.6, "median_ft": 0.0, "left_sw_ft": 15.0, "right_sw_ft": 7.1}, "geometry": {"type": "LineString", "coordinates": [[-74.1192462814154, 40.639535937923135], [-74.11952749083389, 40.63946389639164]]}}, {"type": "Feature", "properties": {"segment_id": 1226112, "physicalid": "84607", "street_name": "VAN ST", "borough": "staten_island", "direction": "TW", "total_row_ft": 50.3, "roadbed_ft": 28.4, "median_ft": 0.0, "left_sw_ft": 15.0, "right_sw_ft": 6.9}, "geometry": {"type": "LineString", "coordinates": [[-74.11922331052709, 40.63948390577979], [-74.1195017735821, 40.639412567834356]]}}, {"type": "Feature", "properties": {"segment_id": 1226113, "physicalid": "84607", "street_name": "VAN ST", "borough": "staten_island", "direction": "TW", "total_row_ft": 21.9, "roadbed_ft": 0.0, "median_ft": 0.0, "left_sw_ft": 15.0, "right_sw_ft": 6.9}, "geometry": {"type": "LineString", "coordinates": [[-74.1192003396746, 40.639431873631565], [-74.11947568589862, 40.63936133418059]]}}, {"type": "Feature", "properties": {"segment_id": 1226114, "physicalid": "84607", "street_name": "VAN ST", "borough": "staten_island", "direction": "TW", "total_row_ft": 30.0, "roadbed_ft": 0.0, "median_ft": 0.0, "left_sw_ft": 15.0, "right_sw_ft": 15.0}, "geometry": {"type": "LineString", "coordinates": [[-74.1191773688579, 40.639379841478416], [-74.11958719467451, 40.63927485014698]]}}, {"type": "Feature", "properties": {"segment_id": 1226115, "physicalid": "84607", "street_name": "VAN ST", "borough": "staten_island", "direction": "TW", "total_row_ft": 30.0, "roadbed_ft": 0.0, "median_ft": 0.0, "left_sw_ft": 15.0, "right_sw_ft": 15.0}, "geometry": {"type": "LineString", "coordinates": [[-74.11915439807704, 40.63932780932039], [-74.11956422361024, 40.63922281807024]]}}, {"type": "Feature", "properties": {"segment_id": 1226116, "physicalid": "84607", "street_name": "VAN ST", "borough": "staten_island", "direction": "TW", "total_row_ft": 30.0, "roadbed_ft": 0.0, "median_ft": 0.0, "left_sw_ft": 15.0, "right_sw_ft": 15.0}, "geometry": {"type": "LineString", "coordinates": [[-74.11913142733202, 40.639275777157486], [-74.11954125258178, 40.639170785988604]]}}, {"type": "Feature", "properties": {"segment_id": 1226117, "physicalid": "84607", "street_name": "VAN ST", "borough": "staten_island", "direction": "TW", "total_row_ft": 30.0, "roadbed_ft": 0.0, "median_ft": 0.0, "left_sw_ft": 15.0, "right_sw_ft": 15.0}, "geometry": {"type": "LineString", "coordinates": [[-74.11910845662283, 40.63922374498972], [-74.11951828158914, 40.63911875390203]]}}, {"type": "Feature", "properties": {"segment_id": 1226118, "physicalid": "84607", "street_name": "VAN ST", "borough": "staten_island", "direction": "TW", "total_row_ft": 30.0, "roadbed_ft": 0.0, "median_ft": 0.0, "left_sw_ft": 15.0, "right_sw_ft": 15.0}, "geometry": {"type": "LineString", "coordinates": [[-74.11908548594944, 40.63917171281703], [-74.11949531063236, 40.63906672181068]]}}, {"type": "Feature", "properties": {"segment_id": 1226119, "physicalid": "84607", "street_name": "VAN ST", "borough": "staten_island", "direction": "TW", "total_row_ft": 30.0, "roadbed_ft": 0.0, "median_ft": 0.0, "left_sw_ft": 15.0, "right_sw_ft": 15.0}, "geometry": {"type": "LineString", "coordinates": [[-74.11906251531187, 40.63911968063948], [-74.11947233971136, 40.63901468971437]]}}, {"type": "Feature", "properties": {"segment_id": 1287721, "physicalid": "88089", "street_name": "DELAFIELD AVE", "borough": "staten_island", "direction": "FT", "total_row_ft": 135.0, "roadbed_ft": 77.8, "median_ft": 0.0, "left_sw_ft": 42.2, "right_sw_ft": 15.0}, "geometry": {"type": "LineString", "coordinates": [[-74.11268860376569, 40.63105127022028], [-74.1127532548063, 40.63137694117586]]}}, {"type": "Feature", "properties": {"segment_id": 1287722, "physicalid": "88089", "street_name": "DELAFIELD AVE", "borough": "staten_island", "direction": "FT", "total_row_ft": 43.9, "roadbed_ft": 29.6, "median_ft": 0.0, "left_sw_ft": 7.8, "right_sw_ft": 6.5}, "geometry": {"type": "LineString", "coordinates": [[-74.11277978575731, 40.631143494300275], [-74.11280342229543, 40.63126255956459]]}}, {"type": "Feature", "properties": {"segment_id": 1287723, "physicalid": "88089", "street_name": "DELAFIELD AVE", "borough": "staten_island", "direction": "FT", "total_row_ft": 43.2, "roadbed_ft": 29.6, "median_ft": 0.0, "left_sw_ft": 7.3, "right_sw_ft": 6.2}, "geometry": {"type": "LineString", "coordinates": [[-74.11285146749417, 40.6311374881399], [-74.11287472949866, 40.63125466611681]]}}, {"type": "Feature", "properties": {"segment_id": 1287724, "physicalid": "88089", "street_name": "DELAFIELD AVE", "borough": "staten_island", "direction": "FT", "total_row_ft": 43.2, "roadbed_ft": 29.6, "median_ft": 0.0, "left_sw_ft": 7.3, "right_sw_ft": 6.2}, "geometry": {"type": "LineString", "coordinates": [[-74.11292278774786, 40.63112966110294], [-74.11294603668505, 40.6312467726248]]}}, {"type": "Feature", "properties": {"segment_id": 1287725, "physicalid": "88089", "street_name": "DELAFIELD AVE", "borough": "staten_island", "direction": "FT", "total_row_ft": 43.1, "roadbed_ft": 29.6, "median_ft": 0.0, "left_sw_ft": 7.2, "right_sw_ft": 6.3}, "geometry": {"type": "LineString", "coordinates": [[-74.11299410798483, 40.63112183402174], [-74.11301734385455, 40.63123887908853]]}}, {"type": "Feature", "properties": {"segment_id": 1287726, "physicalid": "88089", "street_name": "DELAFIELD AVE", "borough": "staten_island", "direction": "FT", "total_row_ft": 43.1, "roadbed_ft": 29.6, "median_ft": 0.0, "left_sw_ft": 7.2, "right_sw_ft": 6.3}, "geometry": {"type": "LineString", "coordinates": [[-74.11306542820506, 40.63111400689627], [-74.1130886510072, 40.63123098550804]]}}, {"type": "Feature", "properties": {"segment_id": 1287727, "physicalid": "88089", "street_name": "DELAFIELD AVE", "borough": "staten_island", "direction": "FT", "total_row_ft": 43.0, "roadbed_ft": 29.6, "median_ft": 0.0, "left_sw_ft": 7.2, "right_sw_ft": 6.2}, "geometry": {"type": "LineString", "coordinates": [[-74.11313674841374, 40.63110617975262], [-74.11315992144236, 40.63122290701524]]}}, {"type": "Feature", "properties": {"segment_id": 1287728, "physicalid": "88089", "street_name": "DELAFIELD AVE", "borough": "staten_island", "direction": "FT", "total_row_ft": 42.9, "roadbed_ft": 29.6, "median_ft": 0.0, "left_sw_ft": 7.1, "right_sw_ft": 6.1}, "geometry": {"type": "LineString", "coordinates": [[-74.11320806862403, 40.6310983526572], [-74.11323116201454, 40.63121467814029]]}}, {"type": "Feature", "properties": {"segment_id": 1287729, "physicalid": "88089", "street_name": "DELAFIELD AVE", "borough": "staten_island", "direction": "FT", "total_row_ft": 42.8, "roadbed_ft": 29.6, "median_ft": 0.0, "left_sw_ft": 7.2, "right_sw_ft": 6.0}, "geometry": {"type": "LineString", "coordinates": [[-74.11327932704539, 40.63109021436102], [-74.11330240254483, 40.63120644909867]]}}, {"type": "Feature", "properties": {"segment_id": 1287730, "physicalid": "88089", "street_name": "DELAFIELD AVE", "borough": "staten_island", "direction": "FT", "total_row_ft": 42.8, "roadbed_ft": 29.6, "median_ft": 0.0, "left_sw_ft": 7.2, "right_sw_ft": 6.0}, "geometry": {"type": "LineString", "coordinates": [[-74.11335057644202, 40.63108203064951], [-74.11337364304704, 40.63119821995993]]}}, {"type": "Feature", "properties": {"segment_id": 1287731, "physicalid": "88089", "street_name": "DELAFIELD AVE", "borough": "staten_island", "direction": "FT", "total_row_ft": 42.8, "roadbed_ft": 29.6, "median_ft": 0.0, "left_sw_ft": 7.2, "right_sw_ft": 6.0}, "geometry": {"type": "LineString", "coordinates": [[-74.11342182582116, 40.63107384689384], [-74.11344488353167, 40.631189990777045]]}}, {"type": "Feature", "properties": {"segment_id": 1287732, "physicalid": "88089", "street_name": "DELAFIELD AVE", "borough": "staten_island", "direction": "FT", "total_row_ft": 42.8, "roadbed_ft": 29.6, "median_ft": 0.0, "left_sw_ft": 7.2, "right_sw_ft": 5.9}, "geometry": {"type": "LineString", "coordinates": [[-74.1134930751877, 40.631065663118484], [-74.11351612399874, 40.63118176155]]}}, {"type": "Feature", "properties": {"segment_id": 1287733, "physicalid": "88089", "street_name": "DELAFIELD AVE", "borough": "staten_island", "direction": "FT", "total_row_ft": 43.1, "roadbed_ft": 29.6, "median_ft": 0.0, "left_sw_ft": 7.3, "right_sw_ft": 6.2}, "geometry": {"type": "LineString", "coordinates": [[-74.11356432454437, 40.6310574793373], [-74.1135875440883, 40.63117443713168]]}}, {"type": "Feature", "properties": {"segment_id": 1287734, "physicalid": "88089", "street_name": "DELAFIELD AVE", "borough": "staten_island", "direction": "FT", "total_row_ft": 43.5, "roadbed_ft": 29.6, "median_ft": 0.0, "left_sw_ft": 7.1, "right_sw_ft": 6.7}, "geometry": {"type": "LineString", "coordinates": [[-74.1136356690905, 40.63104977507141], [-74.11365908544289, 40.63116772356036]]}}, {"type": "Feature", "properties": {"segment_id": 1287735, "physicalid": "88090", "street_name": "DELAFIELD AVE", "borough": "staten_island", "direction": "FT", "total_row_ft": 150.0, "roadbed_ft": 120.0, "median_ft": 0.0, "left_sw_ft": 15.0, "right_sw_ft": 15.0}, "geometry": {"type": "LineString", "coordinates": [[-74.11159024398724, 40.63117621346159], [-74.11165404407107, 40.6315019818187]]}}, {"type": "Feature", "properties": {"segment_id": 1287736, "physicalid": "88090", "street_name": "DELAFIELD AVE", "borough": "staten_island", "direction": "FT", "total_row_ft": 42.9, "roadbed_ft": 29.6, "median_ft": 0.0, "left_sw_ft": 7.3, "right_sw_ft": 6.0}, "geometry": {"type": "LineString", "coordinates": [[-74.11168169326582, 40.63127117090163], [-74.11170451021735, 40.63138767546083]]}}, {"type": "Feature", "properties": {"segment_id": 1287737, "physicalid": "88090", "street_name": "DELAFIELD AVE", "borough": "staten_island", "direction": "FT", "total_row_ft": 42.6, "roadbed_ft": 29.6, "median_ft": 0.0, "left_sw_ft": 7.2, "right_sw_ft": 5.7}, "geometry": {"type": "LineString", "coordinates": [[-74.11175297549526, 40.631263153461816], [-74.11177559825646, 40.63137866584661]]}}, {"type": "Feature", "properties": {"segment_id": 1287738, "physicalid": "88090", "street_name": "DELAFIELD AVE", "borough": "staten_island", "direction": "FT", "total_row_ft": 42.6, "roadbed_ft": 29.6, "median_ft": 0.0, "left_sw_ft": 7.2, "right_sw_ft": 5.8}, "geometry": {"type": "LineString", "coordinates": [[-74.11182425770264, 40.63125513595255], [-74.11184691075323, 40.631370802364614]]}}, {"type": "Feature", "properties": {"segment_id": 1287739, "physicalid": "88090", "street_name": "DELAFIELD AVE", "borough": "staten_island", "direction": "FT", "total_row_ft": 42.9, "roadbed_ft": 29.6, "median_ft": 0.0, "left_sw_ft": 7.2, "right_sw_ft": 6.0}, "geometry": {"type": "LineString", "coordinates": [[-74.11189553989288, 40.631247118399074], [-74.1119183234591, 40.63136345058792]]}}, {"type": "Feature", "properties": {"segment_id": 1287740, "physicalid": "88090", "street_name": "DELAFIELD AVE", "borough": "staten_island", "direction": "FT", "total_row_ft": 43.1, "roadbed_ft": 29.6, "median_ft": 0.0, "left_sw_ft": 7.2, "right_sw_ft": 6.3}, "geometry": {"type": "LineString", "coordinates": [[-74.11196682206601, 40.63123910080143], [-74.11198973614924, 40.631356098766844]]}}, {"type": "Feature", "properties": {"segment_id": 1287741, "physicalid": "88090", "street_name": "DELAFIELD AVE", "borough": "staten_island", "direction": "FT", "total_row_ft": 43.1, "roadbed_ft": 29.6, "median_ft": 0.0, "left_sw_ft": 7.3, "right_sw_ft": 6.2}, "geometry": {"type": "LineString", "coordinates": [[-74.11203810422198, 40.63123108315956], [-74.11206101883589, 40.63134808319636]]}}, {"type": "Feature", "properties": {"segment_id": 1287742, "physicalid": "88090", "street_name": "DELAFIELD AVE", "borough": "staten_island", "direction": "FT", "total_row_ft": 43.0, "roadbed_ft": 29.6, "median_ft": 0.0, "left_sw_ft": 7.3, "right_sw_ft": 6.1}, "geometry": {"type": "LineString", "coordinates": [[-74.11210938636086, 40.631223065473506], [-74.11213226443633, 40.63133987831154]]}}, {"type": "Feature", "properties": {"segment_id": 1287743, "physicalid": "88090", "street_name": "DELAFIELD AVE", "borough": "staten_island", "direction": "FT", "total_row_ft": 43.0, "roadbed_ft": 29.6, "median_ft": 0.0, "left_sw_ft": 7.4, "right_sw_ft": 6.0}, "geometry": {"type": "LineString", "coordinates": [[-74.11218063626909, 40.63121488326543], [-74.11220351001926, 40.6313316733826]]}}, {"type": "Feature", "properties": {"segment_id": 1287744, "physicalid": "88090", "street_name": "DELAFIELD AVE", "borough": "staten_island", "direction": "FT", "total_row_ft": 43.0, "roadbed_ft": 29.6, "median_ft": 0.0, "left_sw_ft": 7.6, "right_sw_ft": 5.8}, "geometry": {"type": "LineString", "coordinates": [[-74.11225187314017, 40.631206634536746], [-74.11227475558468, 40.63132346840947]]}}, {"type": "Feature", "properties": {"segment_id": 1287745, "physicalid": "88090", "street_name": "DELAFIELD AVE", "borough": "staten_island", "direction": "FT", "total_row_ft": 43.1, "roadbed_ft": 29.6, "median_ft": 0.0, "left_sw_ft": 7.7, "right_sw_ft": 5.7}, "geometry": {"type": "LineString", "coordinates": [[-74.11232310999362, 40.63119838576388], [-74.11234600113256, 40.631315263392196]]}}, {"type": "Feature", "properties": {"segment_id": 1287746, "physicalid": "88090", "street_name": "DELAFIELD AVE", "borough": "staten_island", "direction": "FT", "total_row_ft": 43.1, "roadbed_ft": 29.6, "median_ft": 0.0, "left_sw_ft": 7.8, "right_sw_ft": 5.7}, "geometry": {"type": "LineString", "coordinates": [[-74.11239434682949, 40.63119013694689], [-74.11241728038625, 40.63130723051404]]}}, {"type": "Feature", "properties": {"segment_id": 1287747, "physicalid": "88090", "street_name": "DELAFIELD AVE", "borough": "staten_island", "direction": "FT", "total_row_ft": 43.2, "roadbed_ft": 29.6, "median_ft": 0.0, "left_sw_ft": 7.9, "right_sw_ft": 5.7}, "geometry": {"type": "LineString", "coordinates": [[-74.1124655968104, 40.63118195529112], [-74.11248857806561, 40.631299291755994]]}}, {"type": "Feature", "properties": {"segment_id": 1287748, "physicalid": "88090", "street_name": "DELAFIELD AVE", "borough": "staten_island", "direction": "FT", "total_row_ft": 43.6, "roadbed_ft": 29.6, "median_ft": 0.0, "left_sw_ft": 8.1, "right_sw_ft": 5.9}, "geometry": {"type": "LineString", "coordinates": [[-74.11253684681061, 40.631173773778976], [-74.11256001436755, 40.63129206080699]]}}, {"type": "Feature", "properties": {"segment_id": 1287749, "physicalid": "88091", "street_name": "DELAFIELD AVE", "borough": "staten_island", "direction": "FT", "total_row_ft": 150.0, "roadbed_ft": 120.0, "median_ft": 0.0, "left_sw_ft": 15.0, "right_sw_ft": 15.0}, "geometry": {"type": "LineString", "coordinates": [[-74.1137655492135, 40.630926750546834], [-74.11383463112199, 40.63125189301648]]}}, {"type": "Feature", "properties": {"segment_id": 1287750, "physicalid": "88091", "street_name": "DELAFIELD AVE", "borough": "staten_island", "direction": "FT", "total_row_ft": 43.4, "roadbed_ft": 29.5, "median_ft": 0.0, "left_sw_ft": 7.4, "right_sw_ft": 6.5}, "geometry": {"type": "LineString", "coordinates": [[-74.11385826601922, 40.63101958632646], [-74.11388327799835, 40.63113730768907]]}}, {"type": "Feature", "properties": {"segment_id": 1287751, "physicalid": "88091", "street_name": "DELAFIELD AVE", "borough": "staten_island", "direction": "FT", "total_row_ft": 43.5, "roadbed_ft": 29.5, "median_ft": 0.0, "left_sw_ft": 7.4, "right_sw_ft": 6.6}, "geometry": {"type": "LineString", "coordinates": [[-74.11392955633517, 40.63101157539735], [-74.11395458138077, 40.63112935766512]]}}, {"type": "Feature", "properties": {"segment_id": 1287752, "physicalid": "88091", "street_name": "DELAFIELD AVE", "borough": "staten_island", "direction": "FT", "total_row_ft": 43.5, "roadbed_ft": 29.5, "median_ft": 0.0, "left_sw_ft": 7.4, "right_sw_ft": 6.5}, "geometry": {"type": "LineString", "coordinates": [[-74.11400084658274, 40.631003564182905], [-74.1140258847462, 40.631121407596936]]}}, {"type": "Feature", "properties": {"segment_id": 1287753, "physicalid": "88091", "street_name": "DELAFIELD AVE", "borough": "staten_island", "direction": "FT", "total_row_ft": 43.5, "roadbed_ft": 29.5, "median_ft": 0.0, "left_sw_ft": 7.6, "right_sw_ft": 6.5}, "geometry": {"type": "LineString", "coordinates": [[-74.11407213680819, 40.63099555290067], [-74.11409718809465, 40.63111345748451]]}}, {"type": "Feature", "properties": {"segment_id": 1287754, "physicalid": "88091", "street_name": "DELAFIELD AVE", "borough": "staten_island", "direction": "FT", "total_row_ft": 43.5, "roadbed_ft": 29.5, "median_ft": 0.0, "left_sw_ft": 7.7, "right_sw_ft": 6.4}, "geometry": {"type": "LineString", "coordinates": [[-74.11414342702814, 40.630987541628805], [-74.11416849144332, 40.63110550740898]]}}, {"type": "Feature", "properties": {"segment_id": 1287755, "physicalid": "88091", "street_name": "DELAFIELD AVE", "borough": "staten_island", "direction": "FT", "total_row_ft": 43.5, "roadbed_ft": 29.5, "median_ft": 0.0, "left_sw_ft": 7.8, "right_sw_ft": 6.2}, "geometry": {"type": "LineString", "coordinates": [[-74.11421471718475, 40.630979530095296], [-74.11423974286454, 40.631097312974035]]}}, {"type": "Feature", "properties": {"segment_id": 1287756, "physicalid": "88091", "street_name": "DELAFIELD AVE", "borough": "staten_island", "direction": "FT", "total_row_ft": 43.3, "roadbed_ft": 29.5, "median_ft": 0.0, "left_sw_ft": 7.8, "right_sw_ft": 6.0}, "geometry": {"type": "LineString", "coordinates": [[-74.11428600732427, 40.630971518517605], [-74.11431093884062, 40.6310888576275]]}}, {"type": "Feature", "properties": {"segment_id": 1287757, "physicalid": "88091", "street_name": "DELAFIELD AVE", "borough": "staten_island", "direction": "FT", "total_row_ft": 43.3, "roadbed_ft": 29.5, "median_ft": 0.0, "left_sw_ft": 7.8, "right_sw_ft": 6.0}, "geometry": {"type": "LineString", "coordinates": [[-74.11435722469807, 40.63096316450871], [-74.11438213708786, 40.63108041301087]]}}, {"type": "Feature", "properties": {"segment_id": 1287758, "physicalid": "88091", "street_name": "DELAFIELD AVE", "borough": "staten_island", "direction": "FT", "total_row_ft": 43.3, "roadbed_ft": 29.5, "median_ft": 0.0, "left_sw_ft": 7.9, "right_sw_ft": 6.0}, "geometry": {"type": "LineString", "coordinates": [[-74.11442843602197, 40.63095478206622], [-74.11445337615507, 40.63107216055016]]}}, {"type": "Feature", "properties": {"segment_id": 1287759, "physicalid": "88091", "street_name": "DELAFIELD AVE", "borough": "staten_island", "direction": "FT", "total_row_ft": 43.4, "roadbed_ft": 29.5, "median_ft": 0.0, "left_sw_ft": 7.9, "right_sw_ft": 6.0}, "geometry": {"type": "LineString", "coordinates": [[-74.11449964734311, 40.63094639965086], [-74.11452461520466, 40.631063908045306]]}}, {"type": "Feature", "properties": {"segment_id": 1287760, "physicalid": "88091", "street_name": "DELAFIELD AVE", "borough": "staten_island", "direction": "FT", "total_row_ft": 43.4, "roadbed_ft": 29.5, "median_ft": 0.0, "left_sw_ft": 7.8, "right_sw_ft": 6.1}, "geometry": {"type": "LineString", "coordinates": [[-74.11457085865794, 40.630938017245796], [-74.11459585423664, 40.63105565549629]]}}, {"type": "Feature", "properties": {"segment_id": 1287761, "physicalid": "88091", "street_name": "DELAFIELD AVE", "borough": "staten_island", "direction": "FT", "total_row_ft": 43.5, "roadbed_ft": 29.5, "median_ft": 0.0, "left_sw_ft": 7.4, "right_sw_ft": 6.6}, "geometry": {"type": "LineString", "coordinates": [[-74.11464206999936, 40.630929635006034], [-74.11466709320145, 40.63104740266991]]}}, {"type": "Feature", "properties": {"segment_id": 1287762, "physicalid": "88091", "street_name": "DELAFIELD AVE", "borough": "staten_island", "direction": "FT", "total_row_ft": 43.5, "roadbed_ft": 29.5, "median_ft": 0.0, "left_sw_ft": 6.9, "right_sw_ft": 7.0}, "geometry": {"type": "LineString", "coordinates": [[-74.11471328132319, 40.63092125272345], [-74.11473831312539, 40.63103906027014]]}}, {"type": "Feature", "properties": {"segment_id": 1287763, "physicalid": "88091", "street_name": "DELAFIELD AVE", "borough": "staten_island", "direction": "FT", "total_row_ft": 43.3, "roadbed_ft": 29.5, "median_ft": 0.0, "left_sw_ft": 6.8, "right_sw_ft": 7.0}, "geometry": {"type": "LineString", "coordinates": [[-74.11478429573049, 40.63091194373283], [-74.1148092485221, 40.631029378844396]]}}, {"type": "Feature", "properties": {"segment_id": 1287764, "physicalid": "88091", "street_name": "DELAFIELD AVE", "borough": "staten_island", "direction": "FT", "total_row_ft": 43.3, "roadbed_ft": 29.5, "median_ft": 0.0, "left_sw_ft": 6.8, "right_sw_ft": 6.9}, "geometry": {"type": "LineString", "coordinates": [[-74.11485526238494, 40.630902410053416], [-74.11488018387774, 40.631019697278454]]}}, {"type": "Feature", "properties": {"segment_id": 1287765, "physicalid": "88091", "street_name": "DELAFIELD AVE", "borough": "staten_island", "direction": "FT", "total_row_ft": 43.2, "roadbed_ft": 29.5, "median_ft": 0.0, "left_sw_ft": 7.0, "right_sw_ft": 6.8}, "geometry": {"type": "LineString", "coordinates": [[-74.11492622904025, 40.630892876429606], [-74.11495111920887, 40.63101001565023]]}}, {"type": "Feature", "properties": {"segment_id": 1287766, "physicalid": "88091", "street_name": "DELAFIELD AVE", "borough": "staten_island", "direction": "FT", "total_row_ft": 43.2, "roadbed_ft": 29.5, "median_ft": 0.0, "left_sw_ft": 7.2, "right_sw_ft": 6.6}, "geometry": {"type": "LineString", "coordinates": [[-74.11499719569758, 40.63088334286703], [-74.11502207591805, 40.631000434684715]]}}, {"type": "Feature", "properties": {"segment_id": 1287767, "physicalid": "88091", "street_name": "DELAFIELD AVE", "borough": "staten_island", "direction": "FT", "total_row_ft": 43.4, "roadbed_ft": 29.5, "median_ft": 0.0, "left_sw_ft": 7.3, "right_sw_ft": 6.6}, "geometry": {"type": "LineString", "coordinates": [[-74.11506816233465, 40.63087380926066], [-74.115093175952, 40.63099152828481]]}}, {"type": "Feature", "properties": {"segment_id": 1287768, "physicalid": "88091", "street_name": "DELAFIELD AVE", "borough": "staten_island", "direction": "FT", "total_row_ft": 43.7, "roadbed_ft": 29.5, "median_ft": 0.0, "left_sw_ft": 7.5, "right_sw_ft": 6.6}, "geometry": {"type": "LineString", "coordinates": [[-74.1151391289204, 40.630864275464376], [-74.11516427602449, 40.630982622111574]]}}, {"type": "Feature", "properties": {"segment_id": 1287769, "physicalid": "88091", "street_name": "DELAFIELD AVE", "borough": "staten_island", "direction": "FT", "total_row_ft": 43.9, "roadbed_ft": 29.5, "median_ft": 0.0, "left_sw_ft": 7.7, "right_sw_ft": 6.7}, "geometry": {"type": "LineString", "coordinates": [[-74.11521009545267, 40.63085474146796], [-74.11523537607799, 40.63097371589436]]}}, {"type": "Feature", "properties": {"segment_id": 1287770, "physicalid": "88091", "street_name": "DELAFIELD AVE", "borough": "staten_island", "direction": "FT", "total_row_ft": 44.1, "roadbed_ft": 29.5, "median_ft": 0.0, "left_sw_ft": 7.8, "right_sw_ft": 6.8}, "geometry": {"type": "LineString", "coordinates": [[-74.11528108556891, 40.63084531851254], [-74.11530647611762, 40.63096480965716]]}}, {"type": "Feature", "properties": {"segment_id": 1287771, "physicalid": "88091", "street_name": "DELAFIELD AVE", "borough": "staten_island", "direction": "FT", "total_row_ft": 44.1, "roadbed_ft": 29.5, "median_ft": 0.0, "left_sw_ft": 7.8, "right_sw_ft": 6.8}, "geometry": {"type": "LineString", "coordinates": [[-74.11535215813326, 40.63083628361768], [-74.11537757619003, 40.63095590361959]]}}, {"type": "Feature", "properties": {"segment_id": 1287772, "physicalid": "88091", "street_name": "DELAFIELD AVE", "borough": "staten_island", "direction": "FT", "total_row_ft": 44.1, "roadbed_ft": 29.5, "median_ft": 0.0, "left_sw_ft": 7.8, "right_sw_ft": 6.9}, "geometry": {"type": "LineString", "coordinates": [[-74.11542323076281, 40.63082724907629], [-74.1154486388498, 40.63094682156081]]}}, {"type": "Feature", "properties": {"segment_id": 1287773, "physicalid": "88091", "street_name": "DELAFIELD AVE", "borough": "staten_island", "direction": "FT", "total_row_ft": 44.1, "roadbed_ft": 29.5, "median_ft": 0.0, "left_sw_ft": 7.7, "right_sw_ft": 6.9}, "geometry": {"type": "LineString", "coordinates": [[-74.11549430337311, 40.630818214490965], [-74.1155196759143, 40.630937619096485]]}}, {"type": "Feature", "properties": {"segment_id": 1287774, "physicalid": "88091", "street_name": "DELAFIELD AVE", "borough": "staten_island", "direction": "FT", "total_row_ft": 44.0, "roadbed_ft": 29.5, "median_ft": 0.0, "left_sw_ft": 7.7, "right_sw_ft": 6.8}, "geometry": {"type": "LineString", "coordinates": [[-74.11556537596418, 40.630809179861686], [-74.1155907129592, 40.63092841658828]]}}, {"type": "Feature", "properties": {"segment_id": 1287775, "physicalid": "88091", "street_name": "DELAFIELD AVE", "borough": "staten_island", "direction": "FT", "total_row_ft": 43.9, "roadbed_ft": 29.5, "median_ft": 0.0, "left_sw_ft": 7.7, "right_sw_ft": 6.7}, "geometry": {"type": "LineString", "coordinates": [[-74.11563644853601, 40.630800145188466], [-74.11566174998451, 40.63091921403617]]}}, {"type": "Feature", "properties": {"segment_id": 1287776, "physicalid": "88091", "street_name": "DELAFIELD AVE", "borough": "staten_island", "direction": "FT", "total_row_ft": 43.9, "roadbed_ft": 29.5, "median_ft": 0.0, "left_sw_ft": 7.8, "right_sw_ft": 6.5}, "geometry": {"type": "LineString", "coordinates": [[-74.11570751522896, 40.63079108289594], [-74.11573277248313, 40.630909943170025]]}}, {"type": "Feature", "properties": {"segment_id": 1287777, "physicalid": "88091", "street_name": "DELAFIELD AVE", "borough": "staten_island", "direction": "FT", "total_row_ft": 43.7, "roadbed_ft": 29.5, "median_ft": 0.0, "left_sw_ft": 8.0, "right_sw_ft": 6.1}, "geometry": {"type": "LineString", "coordinates": [[-74.11577852184564, 40.63078173793311], [-74.11580366425733, 40.63090005716983]]}}, {"type": "Feature", "properties": {"segment_id": 1287778, "physicalid": "88091", "street_name": "DELAFIELD AVE", "borough": "staten_island", "direction": "FT", "total_row_ft": 43.5, "roadbed_ft": 29.5, "median_ft": 0.0, "left_sw_ft": 8.2, "right_sw_ft": 5.7}, "geometry": {"type": "LineString", "coordinates": [[-74.11584952844245, 40.63077239292646], [-74.11587455601051, 40.63089017112594]]}}, {"type": "Feature", "properties": {"segment_id": 1287779, "physicalid": "88091", "street_name": "DELAFIELD AVE", "borough": "staten_island", "direction": "FT", "total_row_ft": 43.3, "roadbed_ft": 29.5, "median_ft": 0.0, "left_sw_ft": 8.4, "right_sw_ft": 5.3}, "geometry": {"type": "LineString", "coordinates": [[-74.11592053501539, 40.63076304785726], [-74.1159454477427, 40.630880285038316]]}}, {"type": "Feature", "properties": {"segment_id": 1287780, "physicalid": "88091", "street_name": "DELAFIELD AVE", "borough": "staten_island", "direction": "FT", "total_row_ft": 43.1, "roadbed_ft": 29.5, "median_ft": 0.0, "left_sw_ft": 8.6, "right_sw_ft": 4.9}, "geometry": {"type": "LineString", "coordinates": [[-74.11599154156632, 40.630753702734225], [-74.1160163394539, 40.630870398906985]]}}, {"type": "Feature", "properties": {"segment_id": 1287781, "physicalid": "88091", "street_name": "DELAFIELD AVE", "borough": "staten_island", "direction": "FT", "total_row_ft": 43.1, "roadbed_ft": 29.5, "median_ft": 0.0, "left_sw_ft": 8.6, "right_sw_ft": 4.9}, "geometry": {"type": "LineString", "coordinates": [[-74.11606250619008, 40.63074416035672], [-74.11608730634885, 40.63086086663508]]}}, {"type": "Feature", "properties": {"segment_id": 1287782, "physicalid": "88091", "street_name": "DELAFIELD AVE", "borough": "staten_island", "direction": "FT", "total_row_ft": 43.9, "roadbed_ft": 29.5, "median_ft": 0.0, "left_sw_ft": 8.9, "right_sw_ft": 5.4}, "geometry": {"type": "LineString", "coordinates": [[-74.1161332992793, 40.63073381081469], [-74.11615856844793, 40.63085272359693]]}}, {"type": "Feature", "properties": {"segment_id": 1287783, "physicalid": "88091", "street_name": "DELAFIELD AVE", "borough": "staten_island", "direction": "FT", "total_row_ft": 44.7, "roadbed_ft": 29.5, "median_ft": 0.0, "left_sw_ft": 9.2, "right_sw_ft": 6.0}, "geometry": {"type": "LineString", "coordinates": [[-74.11620409234659, 40.630723461229074], [-74.11622983052962, 40.63084458051463]]}}, {"type": "Feature", "properties": {"segment_id": 1287784, "physicalid": "88091", "street_name": "DELAFIELD AVE", "borough": "staten_island", "direction": "FT", "total_row_ft": 45.5, "roadbed_ft": 29.5, "median_ft": 0.0, "left_sw_ft": 9.6, "right_sw_ft": 6.5}, "geometry": {"type": "LineString", "coordinates": [[-74.1162748853919, 40.630713111599874], [-74.11630109252293, 40.63083643705419]]}}, {"type": "Feature", "properties": {"segment_id": 1287785, "physicalid": "88091", "street_name": "DELAFIELD AVE", "borough": "staten_island", "direction": "FT", "total_row_ft": 46.3, "roadbed_ft": 29.5, "median_ft": 0.0, "left_sw_ft": 9.9, "right_sw_ft": 7.0}, "geometry": {"type": "LineString", "coordinates": [[-74.11634567841527, 40.63070276192706], [-74.11637235449486, 40.63082829353071]]}}, {"type": "Feature", "properties": {"segment_id": 1287786, "physicalid": "88091", "street_name": "DELAFIELD AVE", "borough": "staten_island", "direction": "FT", "total_row_ft": 120.0, "roadbed_ft": 29.9, "median_ft": 0.0, "left_sw_ft": 43.3, "right_sw_ft": 46.8}, "geometry": {"type": "LineString", "coordinates": [[-74.11639729304575, 40.630602163281445], [-74.11646638743998, 40.630927304181036]]}}, {"type": "Feature", "properties": {"segment_id": 1287787, "physicalid": "88092", "street_name": "DELAFIELD AVE", "borough": "staten_island", "direction": "FT", "total_row_ft": 135.0, "roadbed_ft": 87.2, "median_ft": 0.0, "left_sw_ft": 32.8, "right_sw_ft": 15.0}, "geometry": {"type": "LineString", "coordinates": [[-74.1165382026784, 40.63058785761667], [-74.11657931772716, 40.63091573937829]]}}, {"type": "Feature", "properties": {"segment_id": 1287788, "physicalid": "88092", "street_name": "DELAFIELD AVE", "borough": "staten_island", "direction": "FT", "total_row_ft": 48.1, "roadbed_ft": 30.0, "median_ft": 0.0, "left_sw_ft": 7.4, "right_sw_ft": 10.7}, "geometry": {"type": "LineString", "coordinates": [[-74.11662274182981, 40.63068480647806], [-74.11663922349197, 40.630816242281405]]}}, {"type": "Feature", "properties": {"segment_id": 1287789, "physicalid": "88092", "street_name": "DELAFIELD AVE", "borough": "staten_island", "direction": "FT", "total_row_ft": 48.4, "roadbed_ft": 30.0, "median_ft": 0.0, "left_sw_ft": 7.9, "right_sw_ft": 10.5}, "geometry": {"type": "LineString", "coordinates": [[-74.11669427306659, 40.63067802034235], [-74.11671084382073, 40.630810165496975]]}}, {"type": "Feature", "properties": {"segment_id": 1287790, "physicalid": "88092", "street_name": "DELAFIELD AVE", "borough": "staten_island", "direction": "FT", "total_row_ft": 49.1, "roadbed_ft": 30.0, "median_ft": 0.0, "left_sw_ft": 9.0, "right_sw_ft": 10.2}, "geometry": {"type": "LineString", "coordinates": [[-74.11676562635594, 40.630669815227584], [-74.11678246413642, 40.630804088667915]]}}, {"type": "Feature", "properties": {"segment_id": 1287791, "physicalid": "88092", "street_name": "DELAFIELD AVE", "borough": "staten_island", "direction": "FT", "total_row_ft": 49.3, "roadbed_ft": 30.0, "median_ft": 0.0, "left_sw_ft": 9.6, "right_sw_ft": 9.7}, "geometry": {"type": "LineString", "coordinates": [[-74.11683720392188, 40.63066339869788], [-74.11685408443908, 40.630798011794234]]}}, {"type": "Feature", "properties": {"segment_id": 1287792, "physicalid": "88092", "street_name": "DELAFIELD AVE", "borough": "staten_island", "direction": "FT", "total_row_ft": 48.8, "roadbed_ft": 30.0, "median_ft": 0.0, "left_sw_ft": 9.8, "right_sw_ft": 9.0}, "geometry": {"type": "LineString", "coordinates": [[-74.11690890300716, 40.630657951278955], [-74.11692563990404, 40.63079141793935]]}}, {"type": "Feature", "properties": {"segment_id": 1287793, "physicalid": "88092", "street_name": "DELAFIELD AVE", "borough": "staten_island", "direction": "FT", "total_row_ft": 46.7, "roadbed_ft": 30.0, "median_ft": 0.0, "left_sw_ft": 8.6, "right_sw_ft": 8.2}, "geometry": {"type": "LineString", "coordinates": [[-74.11698112778116, 40.63065669593141], [-74.11699713804451, 40.6307843670294]]}}, {"type": "Feature", "properties": {"segment_id": 1287794, "physicalid": "88092", "street_name": "DELAFIELD AVE", "borough": "staten_island", "direction": "FT", "total_row_ft": 44.6, "roadbed_ft": 30.0, "median_ft": 0.0, "left_sw_ft": 7.2, "right_sw_ft": 7.4}, "geometry": {"type": "LineString", "coordinates": [[-74.11705335255242, 40.63065544053848], [-74.11706863616864, 40.630777316064886]]}}, {"type": "Feature", "properties": {"segment_id": 1287795, "physicalid": "88092", "street_name": "DELAFIELD AVE", "borough": "staten_island", "direction": "FT", "total_row_ft": 42.5, "roadbed_ft": 30.0, "median_ft": 0.0, "left_sw_ft": 5.9, "right_sw_ft": 6.6}, "geometry": {"type": "LineString", "coordinates": [[-74.11712557732099, 40.6306541851002], [-74.11714013427762, 40.63077026505593]]}}, {"type": "Feature", "properties": {"segment_id": 1287796, "physicalid": "88092", "street_name": "DELAFIELD AVE", "borough": "staten_island", "direction": "FT", "total_row_ft": 41.8, "roadbed_ft": 30.0, "median_ft": 0.0, "left_sw_ft": 5.4, "right_sw_ft": 6.4}, "geometry": {"type": "LineString", "coordinates": [[-74.11719752644446, 40.63065073160678], [-74.11721183833865, 40.63076485640685]]}}, {"type": "Feature", "properties": {"segment_id": 1287797, "physicalid": "88092", "street_name": "DELAFIELD AVE", "borough": "staten_island", "direction": "FT", "total_row_ft": 41.9, "roadbed_ft": 30.0, "median_ft": 0.0, "left_sw_ft": 5.3, "right_sw_ft": 6.6}, "geometry": {"type": "LineString", "coordinates": [[-74.11726933116368, 40.63064612663839], [-74.11728368580782, 40.63076059134813]]}}, {"type": "Feature", "properties": {"segment_id": 1287798, "physicalid": "88092", "street_name": "DELAFIELD AVE", "borough": "staten_island", "direction": "FT", "total_row_ft": 42.2, "roadbed_ft": 30.0, "median_ft": 0.0, "left_sw_ft": 5.4, "right_sw_ft": 6.9}, "geometry": {"type": "LineString", "coordinates": [[-74.11734106314802, 40.63064094171619], [-74.1173555332678, 40.63075632624449]]}}, {"type": "Feature", "properties": {"segment_id": 1287799, "physicalid": "88092", "street_name": "DELAFIELD AVE", "borough": "staten_island", "direction": "FT", "total_row_ft": 42.6, "roadbed_ft": 30.0, "median_ft": 0.0, "left_sw_ft": 5.5, "right_sw_ft": 7.1}, "geometry": {"type": "LineString", "coordinates": [[-74.11741276797282, 40.63063554026986], [-74.11742735736114, 40.63075187484582]]}}, {"type": "Feature", "properties": {"segment_id": 1287800, "physicalid": "88092", "street_name": "DELAFIELD AVE", "borough": "staten_island", "direction": "FT", "total_row_ft": 42.8, "roadbed_ft": 30.0, "median_ft": 0.0, "left_sw_ft": 5.8, "right_sw_ft": 7.0}, "geometry": {"type": "LineString", "coordinates": [[-74.11748442618503, 40.630629767188964], [-74.11749908259166, 40.630746635162936]]}}, {"type": "Feature", "properties": {"segment_id": 1287801, "physicalid": "88092", "street_name": "DELAFIELD AVE", "borough": "staten_island", "direction": "FT", "total_row_ft": 42.8, "roadbed_ft": 30.0, "median_ft": 0.0, "left_sw_ft": 5.9, "right_sw_ft": 6.9}, "geometry": {"type": "LineString", "coordinates": [[-74.11755615610917, 40.63062456597846], [-74.11757080781094, 40.630741395435315]]}}, {"type": "Feature", "properties": {"segment_id": 1287802, "physicalid": "88092", "street_name": "DELAFIELD AVE", "borough": "staten_island", "direction": "FT", "total_row_ft": 42.7, "roadbed_ft": 30.0, "median_ft": 0.0, "left_sw_ft": 5.9, "right_sw_ft": 6.8}, "geometry": {"type": "LineString", "coordinates": [[-74.11762790071205, 40.63061948185671], [-74.11764253301892, 40.63073615566294]]}}, {"type": "Feature", "properties": {"segment_id": 1287803, "physicalid": "88092", "street_name": "DELAFIELD AVE", "borough": "staten_island", "direction": "FT", "total_row_ft": 42.7, "roadbed_ft": 30.0, "median_ft": 0.0, "left_sw_ft": 5.9, "right_sw_ft": 6.8}, "geometry": {"type": "LineString", "coordinates": [[-74.11769962795941, 40.63061425939015], [-74.11771425821567, 40.6307309158458]]}}, {"type": "Feature", "properties": {"segment_id": 1287804, "physicalid": "88092", "street_name": "DELAFIELD AVE", "borough": "staten_island", "direction": "FT", "total_row_ft": 42.8, "roadbed_ft": 30.0, "median_ft": 0.0, "left_sw_ft": 6.0, "right_sw_ft": 6.8}, "geometry": {"type": "LineString", "coordinates": [[-74.11777133738605, 40.63060889487345], [-74.11778599520325, 40.63072577008865]]}}, {"type": "Feature", "properties": {"segment_id": 1287805, "physicalid": "88092", "street_name": "DELAFIELD AVE", "borough": "staten_island", "direction": "FT", "total_row_ft": 43.1, "roadbed_ft": 30.0, "median_ft": 0.0, "left_sw_ft": 6.1, "right_sw_ft": 7.1}, "geometry": {"type": "LineString", "coordinates": [[-74.11784302877547, 40.63060338658375], [-74.11785779946118, 40.63072116075472]]}}, {"type": "Feature", "properties": {"segment_id": 1287806, "physicalid": "88092", "street_name": "DELAFIELD AVE", "borough": "staten_island", "direction": "FT", "total_row_ft": 43.5, "roadbed_ft": 30.0, "median_ft": 0.0, "left_sw_ft": 6.2, "right_sw_ft": 7.3}, "geometry": {"type": "LineString", "coordinates": [[-74.11791470283698, 40.630597740180285], [-74.11792960370919, 40.630716551375954]]}}, {"type": "Feature", "properties": {"segment_id": 1287807, "physicalid": "88092", "street_name": "DELAFIELD AVE", "borough": "staten_island", "direction": "FT", "total_row_ft": 43.8, "roadbed_ft": 30.0, "median_ft": 0.0, "left_sw_ft": 6.3, "right_sw_ft": 7.5}, "geometry": {"type": "LineString", "coordinates": [[-74.11798640937671, 40.6305923527903], [-74.11800140794728, 40.63071194195232]]}}, {"type": "Feature", "properties": {"segment_id": 1287808, "physicalid": "88092", "street_name": "DELAFIELD AVE", "borough": "staten_island", "direction": "FT", "total_row_ft": 44.0, "roadbed_ft": 30.0, "median_ft": 0.0, "left_sw_ft": 6.3, "right_sw_ft": 7.7}, "geometry": {"type": "LineString", "coordinates": [[-74.1180581361998, 40.630587127173705], [-74.11807321217546, 40.630707332483865]]}}, {"type": "Feature", "properties": {"segment_id": 1287809, "physicalid": "88092", "street_name": "DELAFIELD AVE", "borough": "staten_island", "direction": "FT", "total_row_ft": 44.6, "roadbed_ft": 30.0, "median_ft": 0.0, "left_sw_ft": 7.0, "right_sw_ft": 7.7}, "geometry": {"type": "LineString", "coordinates": [[-74.11812963066339, 40.63058004894153], [-74.11814492913157, 40.63070202721035]]}}, {"type": "Feature", "properties": {"segment_id": 1287810, "physicalid": "88092", "street_name": "DELAFIELD AVE", "borough": "staten_island", "direction": "FT", "total_row_ft": 44.4, "roadbed_ft": 30.1, "median_ft": 0.0, "left_sw_ft": 8.0, "right_sw_ft": 6.3}, "geometry": {"type": "LineString", "coordinates": [[-74.11820088627479, 40.63057106637419], [-74.11821610324427, 40.630692393810094]]}}, {"type": "Feature", "properties": {"segment_id": 1287811, "physicalid": "88092", "street_name": "DELAFIELD AVE", "borough": "staten_island", "direction": "FT", "total_row_ft": 43.0, "roadbed_ft": 30.0, "median_ft": 0.0, "left_sw_ft": 6.8, "right_sw_ft": 6.2}, "geometry": {"type": "LineString", "coordinates": [[-74.11825153019224, 40.63056240033006], [-74.11830408194137, 40.63067352664701]]}}, {"type": "Feature", "properties": {"segment_id": 1287812, "physicalid": "88092", "street_name": "DELAFIELD AVE", "borough": "staten_island", "direction": "FT", "total_row_ft": 43.1, "roadbed_ft": 30.0, "median_ft": 0.0, "left_sw_ft": 7.4, "right_sw_ft": 5.8}, "geometry": {"type": "LineString", "coordinates": [[-74.11831903428829, 40.630543191574546], [-74.1183716736024, 40.63065450282002]]}}, {"type": "Feature", "properties": {"segment_id": 1287813, "physicalid": "88092", "street_name": "DELAFIELD AVE", "borough": "staten_island", "direction": "FT", "total_row_ft": 43.2, "roadbed_ft": 30.0, "median_ft": 0.0, "left_sw_ft": 7.6, "right_sw_ft": 5.6}, "geometry": {"type": "LineString", "coordinates": [[-74.11838653834548, 40.63052398277938], [-74.11843923801405, 40.63063542141331]]}}, {"type": "Feature", "properties": {"segment_id": 1287814, "physicalid": "88092", "street_name": "DELAFIELD AVE", "borough": "staten_island", "direction": "FT", "total_row_ft": 43.3, "roadbed_ft": 30.0, "median_ft": 0.0, "left_sw_ft": 7.9, "right_sw_ft": 5.5}, "geometry": {"type": "LineString", "coordinates": [[-74.1184540423638, 40.6305047739445], [-74.11850695027293, 40.63061665268492]]}}, {"type": "Feature", "properties": {"segment_id": 1287815, "physicalid": "88092", "street_name": "DELAFIELD AVE", "borough": "staten_island", "direction": "FT", "total_row_ft": 43.5, "roadbed_ft": 30.0, "median_ft": 0.0, "left_sw_ft": 8.1, "right_sw_ft": 5.4}, "geometry": {"type": "LineString", "coordinates": [[-74.11852160278323, 40.63048568441758], [-74.11857473852699, 40.630598044695425]]}}, {"type": "Feature", "properties": {"segment_id": 1287816, "physicalid": "88092", "street_name": "DELAFIELD AVE", "borough": "staten_island", "direction": "FT", "total_row_ft": 43.7, "roadbed_ft": 30.0, "median_ft": 0.0, "left_sw_ft": 8.2, "right_sw_ft": 5.5}, "geometry": {"type": "LineString", "coordinates": [[-74.11858930018282, 40.6304668845893], [-74.11864265260749, 40.63057970281608]]}}, {"type": "Feature", "properties": {"segment_id": 1287817, "physicalid": "88092", "street_name": "DELAFIELD AVE", "borough": "staten_island", "direction": "FT", "total_row_ft": 44.0, "roadbed_ft": 30.0, "median_ft": 0.0, "left_sw_ft": 8.3, "right_sw_ft": 5.7}, "geometry": {"type": "LineString", "coordinates": [[-74.11865699754429, 40.63044808472118], [-74.11871069128745, 40.630561624450586]]}}, {"type": "Feature", "properties": {"segment_id": 1287818, "physicalid": "88092", "street_name": "DELAFIELD AVE", "borough": "staten_island", "direction": "FT", "total_row_ft": 44.3, "roadbed_ft": 30.0, "median_ft": 0.0, "left_sw_ft": 8.4, "right_sw_ft": 5.9}, "geometry": {"type": "LineString", "coordinates": [[-74.11872469486761, 40.63042928481313], [-74.11877880577562, 40.63054370642461]]}}, {"type": "Feature", "properties": {"segment_id": 1287819, "physicalid": "88092", "street_name": "DELAFIELD AVE", "borough": "staten_island", "direction": "FT", "total_row_ft": 44.8, "roadbed_ft": 30.0, "median_ft": 0.0, "left_sw_ft": 8.3, "right_sw_ft": 6.5}, "geometry": {"type": "LineString", "coordinates": [[-74.11879239215762, 40.630410484875355], [-74.11884706934974, 40.63052610368794]]}}, {"type": "Feature", "properties": {"segment_id": 1287820, "physicalid": "88092", "street_name": "DELAFIELD AVE", "borough": "staten_island", "direction": "FT", "total_row_ft": 45.0, "roadbed_ft": 30.0, "median_ft": 0.0, "left_sw_ft": 8.1, "right_sw_ft": 7.0}, "geometry": {"type": "LineString", "coordinates": [[-74.11886009501097, 40.63039169674248], [-74.1189150387246, 40.63050787888398]]}}, {"type": "Feature", "properties": {"segment_id": 1287821, "physicalid": "88092", "street_name": "DELAFIELD AVE", "borough": "staten_island", "direction": "FT", "total_row_ft": 45.0, "roadbed_ft": 30.0, "median_ft": 0.0, "left_sw_ft": 7.8, "right_sw_ft": 7.2}, "geometry": {"type": "LineString", "coordinates": [[-74.11892780463431, 40.63037292296584], [-74.11898279578755, 40.63048920517254]]}}, {"type": "Feature", "properties": {"segment_id": 1287822, "physicalid": "88092", "street_name": "DELAFIELD AVE", "borough": "staten_island", "direction": "FT", "total_row_ft": 45.1, "roadbed_ft": 30.0, "median_ft": 0.0, "left_sw_ft": 7.6, "right_sw_ft": 7.5}, "geometry": {"type": "LineString", "coordinates": [[-74.11899551421953, 40.6303541491493], [-74.11905055278206, 40.63047053135651]]}}, {"type": "Feature", "properties": {"segment_id": 1287823, "physicalid": "88092", "street_name": "DELAFIELD AVE", "borough": "staten_island", "direction": "FT", "total_row_ft": 45.1, "roadbed_ft": 30.0, "median_ft": 0.0, "left_sw_ft": 7.6, "right_sw_ft": 7.5}, "geometry": {"type": "LineString", "coordinates": [[-74.11906322377838, 40.6303353753176], [-74.11911830973573, 40.63045185749437]]}}, {"type": "Feature", "properties": {"segment_id": 1287824, "physicalid": "88092", "street_name": "DELAFIELD AVE", "borough": "staten_island", "direction": "FT", "total_row_ft": 45.0, "roadbed_ft": 30.0, "median_ft": 0.0, "left_sw_ft": 7.8, "right_sw_ft": 7.2}, "geometry": {"type": "LineString", "coordinates": [[-74.11913093332355, 40.63031660149757], [-74.11918586914776, 40.63043276596183]]}}, {"type": "Feature", "properties": {"segment_id": 1287825, "physicalid": "88092", "street_name": "DELAFIELD AVE", "borough": "staten_island", "direction": "FT", "total_row_ft": 44.7, "roadbed_ft": 30.0, "median_ft": 0.0, "left_sw_ft": 8.0, "right_sw_ft": 6.8}, "geometry": {"type": "LineString", "coordinates": [[-74.1191986428306, 40.630297827637634], [-74.11925328082387, 40.63041336207776]]}}, {"type": "Feature", "properties": {"segment_id": 1287826, "physicalid": "88092", "street_name": "DELAFIELD AVE", "borough": "staten_island", "direction": "FT", "total_row_ft": 45.0, "roadbed_ft": 30.0, "median_ft": 0.0, "left_sw_ft": 8.7, "right_sw_ft": 6.3}, "geometry": {"type": "LineString", "coordinates": [[-74.11926571968614, 40.63027771604926], [-74.11932069245921, 40.63039395815088]]}}, {"type": "Feature", "properties": {"segment_id": 1287827, "physicalid": "88092", "street_name": "DELAFIELD AVE", "borough": "staten_island", "direction": "FT", "total_row_ft": 45.4, "roadbed_ft": 30.0, "median_ft": 0.0, "left_sw_ft": 9.4, "right_sw_ft": 6.0}, "geometry": {"type": "LineString", "coordinates": [[-74.11933267035306, 40.6302573376764], [-74.11938810397287, 40.63037455400995]]}}, {"type": "Feature", "properties": {"segment_id": 1287828, "physicalid": "88092", "street_name": "DELAFIELD AVE", "borough": "staten_island", "direction": "FT", "total_row_ft": 45.8, "roadbed_ft": 30.0, "median_ft": 0.0, "left_sw_ft": 10.1, "right_sw_ft": 5.7}, "geometry": {"type": "LineString", "coordinates": [[-74.11939962097532, 40.6302369592565], [-74.11945551544733, 40.63035514982947]]}}, {"type": "Feature", "properties": {"segment_id": 1287829, "physicalid": "88092", "street_name": "DELAFIELD AVE", "borough": "staten_island", "direction": "FT", "total_row_ft": 46.0, "roadbed_ft": 30.0, "median_ft": 0.0, "left_sw_ft": 10.7, "right_sw_ft": 5.4}, "geometry": {"type": "LineString", "coordinates": [[-74.1194667367241, 40.630216930049095], [-74.1195229633889, 40.63033582280286]]}}, {"type": "Feature", "properties": {"segment_id": 1287830, "physicalid": "88092", "street_name": "DELAFIELD AVE", "borough": "staten_island", "direction": "FT", "total_row_ft": 45.7, "roadbed_ft": 30.0, "median_ft": 0.0, "left_sw_ft": 10.4, "right_sw_ft": 5.3}, "geometry": {"type": "LineString", "coordinates": [[-74.11953491412852, 40.63019914578577], [-74.11959072263464, 40.63031715407737]]}}, {"type": "Feature", "properties": {"segment_id": 1287831, "physicalid": "88092", "street_name": "DELAFIELD AVE", "borough": "staten_island", "direction": "FT", "total_row_ft": 45.4, "roadbed_ft": 30.0, "median_ft": 0.0, "left_sw_ft": 10.1, "right_sw_ft": 5.3}, "geometry": {"type": "LineString", "coordinates": [[-74.11960309147769, 40.630181361441956], [-74.1196584819503, 40.63029848553988]]}}, {"type": "Feature", "properties": {"segment_id": 1287832, "physicalid": "88092", "street_name": "DELAFIELD AVE", "borough": "staten_island", "direction": "FT", "total_row_ft": 45.0, "roadbed_ft": 30.0, "median_ft": 0.0, "left_sw_ft": 9.8, "right_sw_ft": 5.2}, "geometry": {"type": "LineString", "coordinates": [[-74.1196712687024, 40.63016357687137], [-74.11972624122804, 40.630279816962435]]}}, {"type": "Feature", "properties": {"segment_id": 1287833, "physicalid": "88092", "street_name": "DELAFIELD AVE", "borough": "staten_island", "direction": "FT", "total_row_ft": 44.7, "roadbed_ft": 30.0, "median_ft": 0.0, "left_sw_ft": 9.5, "right_sw_ft": 5.2}, "geometry": {"type": "LineString", "coordinates": [[-74.11973944589081, 40.63014579226034], [-74.11979400046637, 40.63026114834186]]}}, {"type": "Feature", "properties": {"segment_id": 1287834, "physicalid": "88092", "street_name": "DELAFIELD AVE", "borough": "staten_island", "direction": "FT", "total_row_ft": 120.0, "roadbed_ft": 32.6, "median_ft": 0.0, "left_sw_ft": 42.7, "right_sw_ft": 44.7}, "geometry": {"type": "LineString", "coordinates": [[-74.1197634069839, 40.63003451229294], [-74.11990995392645, 40.63034438625157]]}}, {"type": "Feature", "properties": {"segment_id": 1287835, "physicalid": "88093", "street_name": "DELAFIELD AVE", "borough": "staten_island", "direction": "FT", "total_row_ft": 135.0, "roadbed_ft": 83.0, "median_ft": 0.0, "left_sw_ft": 15.0, "right_sw_ft": 37.0}, "geometry": {"type": "LineString", "coordinates": [[-74.11988041493653, 40.63000236034536], [-74.12002726032092, 40.63031215226597]]}}, {"type": "Feature", "properties": {"segment_id": 1288206, "physicalid": "88114", "street_name": "OAKLAND AVE", "borough": "staten_island", "direction": "TW", "total_row_ft": 150.0, "roadbed_ft": 120.0, "median_ft": 0.0, "left_sw_ft": 15.0, "right_sw_ft": 15.0}, "geometry": {"type": "LineString", "coordinates": [[-74.11184426757117, 40.63951785152407], [-74.1122723858664, 40.639471710987905]]}}, {"type": "Feature", "properties": {"segment_id": 1288207, "physicalid": "88114", "street_name": "OAKLAND AVE", "borough": "staten_island", "direction": "TW", "total_row_ft": 54.7, "roadbed_ft": 38.5, "median_ft": 0.0, "left_sw_ft": 7.8, "right_sw_ft": 8.4}, "geometry": {"type": "LineString", "coordinates": [[-74.11195510068295, 40.63945046421489], [-74.11215017252047, 40.63942944030041]]}}, {"type": "Feature", "properties": {"segment_id": 1288208, "physicalid": "88114", "street_name": "OAKLAND AVE", "borough": "staten_island", "direction": "TW", "total_row_ft": 53.8, "roadbed_ft": 37.4, "median_ft": 0.0, "left_sw_ft": 7.9, "right_sw_ft": 8.4}, "geometry": {"type": "LineString", "coordinates": [[-74.11194786266219, 40.639395801880866], [-74.11213971657769, 40.63937512477679]]}}, {"type": "Feature", "properties": {"segment_id": 1288209, "physicalid": "88114", "street_name": "OAKLAND AVE", "borough": "staten_island", "direction": "TW", "total_row_ft": 52.9, "roadbed_ft": 36.3, "median_ft": 0.0, "left_sw_ft": 8.1, "right_sw_ft": 8.5}, "geometry": {"type": "LineString", "coordinates": [[-74.11194062465329, 40.639341139546076], [-74.11212926065191, 40.63932080925188]]}}, {"type": "Feature", "properties": {"segment_id": 1288210, "physicalid": "88114", "street_name": "OAKLAND AVE", "borough": "staten_island", "direction": "TW", "total_row_ft": 52.0, "roadbed_ft": 35.2, "median_ft": 0.0, "left_sw_ft": 8.2, "right_sw_ft": 8.5}, "geometry": {"type": "LineString", "coordinates": [[-74.11193338665623, 40.63928647721049], [-74.11211880474318, 40.63926649372569]]}}, {"type": "Feature", "properties": {"segment_id": 1288211, "physicalid": "88114", "street_name": "OAKLAND AVE", "borough": "staten_island", "direction": "TW", "total_row_ft": 51.0, "roadbed_ft": 34.2, "median_ft": 0.0, "left_sw_ft": 8.4, "right_sw_ft": 8.4}, "geometry": {"type": "LineString", "coordinates": [[-74.11192614867105, 40.63923181487412], [-74.11210797157723, 40.63921221885939]]}}, {"type": "Feature", "properties": {"segment_id": 1288212, "physicalid": "88114", "street_name": "OAKLAND AVE", "borough": "staten_island", "direction": "TW", "total_row_ft": 49.9, "roadbed_ft": 33.1, "median_ft": 0.0, "left_sw_ft": 8.5, "right_sw_ft": 8.3}, "geometry": {"type": "LineString", "coordinates": [[-74.11191891069774, 40.639177152537], [-74.11209707499562, 40.63915795082831]]}}, {"type": "Feature", "properties": {"segment_id": 1288213, "physicalid": "88114", "street_name": "OAKLAND AVE", "borough": "staten_island", "direction": "TW", "total_row_ft": 49.2, "roadbed_ft": 32.1, "median_ft": 0.0, "left_sw_ft": 8.6, "right_sw_ft": 8.6}, "geometry": {"type": "LineString", "coordinates": [[-74.11191057538747, 40.6391226084653], [-74.1120861785188, 40.639103682786505]]}}, {"type": "Feature", "properties": {"segment_id": 1288214, "physicalid": "88114", "street_name": "OAKLAND AVE", "borough": "staten_island", "direction": "TW", "total_row_ft": 48.5, "roadbed_ft": 31.6, "median_ft": 0.0, "left_sw_ft": 8.6, "right_sw_ft": 8.4}, "geometry": {"type": "LineString", "coordinates": [[-74.11190218075627, 40.639068070787424], [-74.11207528205969, 40.63904941474335]]}}, {"type": "Feature", "properties": {"segment_id": 1288215, "physicalid": "88114", "street_name": "OAKLAND AVE", "borough": "staten_island", "direction": "TW", "total_row_ft": 47.8, "roadbed_ft": 31.5, "median_ft": 0.0, "left_sw_ft": 8.6, "right_sw_ft": 7.7}, "geometry": {"type": "LineString", "coordinates": [[-74.1118937861388, 40.639013533108574], [-74.11206418546537, 40.63899516827054]]}}, {"type": "Feature", "properties": {"segment_id": 1288216, "physicalid": "88114", "street_name": "OAKLAND AVE", "borough": "staten_island", "direction": "TW", "total_row_ft": 47.0, "roadbed_ft": 30.6, "median_ft": 0.0, "left_sw_ft": 8.6, "right_sw_ft": 7.8}, "geometry": {"type": "LineString", "coordinates": [[-74.11188539153503, 40.63895899542884], [-74.11205306287567, 40.63894092459994]]}}, {"type": "Feature", "properties": {"segment_id": 1288217, "physicalid": "88114", "street_name": "OAKLAND AVE", "borough": "staten_island", "direction": "TW", "total_row_ft": 46.2, "roadbed_ft": 29.7, "median_ft": 0.0, "left_sw_ft": 8.6, "right_sw_ft": 7.9}, "geometry": {"type": "LineString", "coordinates": [[-74.111876996945, 40.63890445774812], [-74.11204194030405, 40.63888668092795]]}}, {"type": "Feature", "properties": {"segment_id": 1288218, "physicalid": "88114", "street_name": "OAKLAND AVE", "borough": "staten_island", "direction": "TW", "total_row_ft": 45.4, "roadbed_ft": 28.9, "median_ft": 0.0, "left_sw_ft": 8.5, "right_sw_ft": 8.0}, "geometry": {"type": "LineString", "coordinates": [[-74.11186883702096, 40.63884989477693], [-74.11203081775052, 40.63883243725456]]}}, {"type": "Feature", "properties": {"segment_id": 1288219, "physicalid": "88114", "street_name": "OAKLAND AVE", "borough": "staten_island", "direction": "TW", "total_row_ft": 49.5, "roadbed_ft": 35.1, "median_ft": 0.0, "left_sw_ft": 6.2, "right_sw_ft": 8.2}, "geometry": {"type": "LineString", "coordinates": [[-74.11184345098167, 40.6387971883424], [-74.11202022375443, 40.63877813661592]]}}, {"type": "Feature", "properties": {"segment_id": 1288220, "physicalid": "88114", "street_name": "OAKLAND AVE", "borough": "staten_island", "direction": "TW", "total_row_ft": 49.9, "roadbed_ft": 34.3, "median_ft": 0.0, "left_sw_ft": 7.0, "right_sw_ft": 8.5}, "geometry": {"type": "LineString", "coordinates": [[-74.11183194576178, 40.63874298590993], [-74.11200980772975, 40.63872381679676]]}}, {"type": "Feature", "properties": {"segment_id": 1288221, "physicalid": "88114", "street_name": "OAKLAND AVE", "borough": "staten_island", "direction": "TW", "total_row_ft": 50.1, "roadbed_ft": 34.4, "median_ft": 0.0, "left_sw_ft": 7.0, "right_sw_ft": 8.8}, "geometry": {"type": "LineString", "coordinates": [[-74.11182056762023, 40.63868876978223], [-74.11199939190175, 40.63866949695697]]}}, {"type": "Feature", "properties": {"segment_id": 1288222, "physicalid": "88114", "street_name": "OAKLAND AVE", "borough": "staten_island", "direction": "TW", "total_row_ft": 50.2, "roadbed_ft": 34.4, "median_ft": 0.0, "left_sw_ft": 6.9, "right_sw_ft": 9.0}, "geometry": {"type": "LineString", "coordinates": [[-74.11180991926165, 40.638634475003094], [-74.1119889760907, 40.63861517711594]]}}, {"type": "Feature", "properties": {"segment_id": 1288223, "physicalid": "88114", "street_name": "OAKLAND AVE", "borough": "staten_island", "direction": "TW", "total_row_ft": 50.3, "roadbed_ft": 34.3, "median_ft": 0.0, "left_sw_ft": 6.8, "right_sw_ft": 9.2}, "geometry": {"type": "LineString", "coordinates": [[-74.1117992709204, 40.638580180222704], [-74.11197856015639, 40.63856085728869]]}}, {"type": "Feature", "properties": {"segment_id": 1288224, "physicalid": "88114", "street_name": "OAKLAND AVE", "borough": "staten_island", "direction": "TW", "total_row_ft": 50.3, "roadbed_ft": 34.2, "median_ft": 0.0, "left_sw_ft": 6.7, "right_sw_ft": 9.4}, "geometry": {"type": "LineString", "coordinates": [[-74.11178862267577, 40.63852588543243], [-74.111968143884, 40.63850653749851]]}}, {"type": "Feature", "properties": {"segment_id": 1288225, "physicalid": "88114", "street_name": "OAKLAND AVE", "borough": "staten_island", "direction": "TW", "total_row_ft": 50.4, "roadbed_ft": 34.0, "median_ft": 0.0, "left_sw_ft": 6.7, "right_sw_ft": 9.7}, "geometry": {"type": "LineString", "coordinates": [[-74.11177797445164, 40.63847159064051], [-74.11195784621482, 40.63845220492626]]}}, {"type": "Feature", "properties": {"segment_id": 1288226, "physicalid": "88114", "street_name": "OAKLAND AVE", "borough": "staten_island", "direction": "TW", "total_row_ft": 50.5, "roadbed_ft": 34.0, "median_ft": 0.0, "left_sw_ft": 6.7, "right_sw_ft": 9.8}, "geometry": {"type": "LineString", "coordinates": [[-74.11176732064202, 40.638417296451124], [-74.11194760810241, 40.63839786593581]]}}, {"type": "Feature", "properties": {"segment_id": 1288227, "physicalid": "88114", "street_name": "OAKLAND AVE", "borough": "staten_island", "direction": "TW", "total_row_ft": 50.7, "roadbed_ft": 34.0, "median_ft": 0.0, "left_sw_ft": 6.8, "right_sw_ft": 9.9}, "geometry": {"type": "LineString", "coordinates": [[-74.11175659936387, 40.63836300953368], [-74.11193736979216, 40.63834352696724]]}}, {"type": "Feature", "properties": {"segment_id": 1288228, "physicalid": "88114", "street_name": "OAKLAND AVE", "borough": "staten_island", "direction": "TW", "total_row_ft": 50.8, "roadbed_ft": 34.0, "median_ft": 0.0, "left_sw_ft": 6.8, "right_sw_ft": 10.0}, "geometry": {"type": "LineString", "coordinates": [[-74.11174587799434, 40.63830872262662], [-74.11192713140768, 40.638289188007235]]}}, {"type": "Feature", "properties": {"segment_id": 1290670, "physicalid": "88262", "street_name": "OAKLAND AVE", "borough": "staten_island", "direction": "TF", "total_row_ft": 135.0, "roadbed_ft": 78.4, "median_ft": 0.0, "left_sw_ft": 41.6, "right_sw_ft": 15.0}, "geometry": {"type": "LineString", "coordinates": [[-74.11095472929779, 40.63472351923866], [-74.1113821749094, 40.634674045196434]]}}, {"type": "Feature", "properties": {"segment_id": 1290671, "physicalid": "88262", "street_name": "OAKLAND AVE", "borough": "staten_island", "direction": "TF", "total_row_ft": 45.2, "roadbed_ft": 30.8, "median_ft": 0.0, "left_sw_ft": 7.2, "right_sw_ft": 7.1}, "geometry": {"type": "LineString", "coordinates": [[-74.11107596092407, 40.63465396194026], [-74.11123686164213, 40.63463533873338]]}}, {"type": "Feature", "properties": {"segment_id": 1290672, "physicalid": "88262", "street_name": "OAKLAND AVE", "borough": "staten_island", "direction": "TF", "total_row_ft": 45.6, "roadbed_ft": 30.8, "median_ft": 0.0, "left_sw_ft": 7.3, "right_sw_ft": 7.5}, "geometry": {"type": "LineString", "coordinates": [[-74.11106436901933, 40.63459977792209], [-74.11122687386454, 40.63458096904815]]}}, {"type": "Feature", "properties": {"segment_id": 1290673, "physicalid": "88262", "street_name": "OAKLAND AVE", "borough": "staten_island", "direction": "TF", "total_row_ft": 46.1, "roadbed_ft": 30.8, "median_ft": 0.0, "left_sw_ft": 7.4, "right_sw_ft": 7.9}, "geometry": {"type": "LineString", "coordinates": [[-74.11105262784679, 40.63454561118126], [-74.1112168860207, 40.63452659937133]]}}, {"type": "Feature", "properties": {"segment_id": 1290674, "physicalid": "88262", "street_name": "OAKLAND AVE", "borough": "staten_island", "direction": "TF", "total_row_ft": 46.5, "roadbed_ft": 30.8, "median_ft": 0.0, "left_sw_ft": 7.7, "right_sw_ft": 8.0}, "geometry": {"type": "LineString", "coordinates": [[-74.11104088682913, 40.634491444423205], [-74.11120659793907, 40.63447226444597]]}}, {"type": "Feature", "properties": {"segment_id": 1290675, "physicalid": "88262", "street_name": "OAKLAND AVE", "borough": "staten_island", "direction": "TF", "total_row_ft": 46.8, "roadbed_ft": 30.8, "median_ft": 0.0, "left_sw_ft": 7.9, "right_sw_ft": 8.1}, "geometry": {"type": "LineString", "coordinates": [[-74.11102920084322, 40.634437271296335], [-74.11119591709155, 40.63441797498166]]}}, {"type": "Feature", "properties": {"segment_id": 1290676, "physicalid": "88262", "street_name": "OAKLAND AVE", "borough": "staten_island", "direction": "TF", "total_row_ft": 46.9, "roadbed_ft": 30.8, "median_ft": 0.0, "left_sw_ft": 8.1, "right_sw_ft": 7.9}, "geometry": {"type": "LineString", "coordinates": [[-74.1110183110474, 40.63438300601694], [-74.11118523662901, 40.63436368547353]]}}, {"type": "Feature", "properties": {"segment_id": 1290677, "physicalid": "88262", "street_name": "OAKLAND AVE", "borough": "staten_island", "direction": "TF", "total_row_ft": 46.9, "roadbed_ft": 30.8, "median_ft": 0.0, "left_sw_ft": 8.2, "right_sw_ft": 7.9}, "geometry": {"type": "LineString", "coordinates": [[-74.1110074209181, 40.63432874077688], [-74.11117455619382, 40.63430939596292]]}}, {"type": "Feature", "properties": {"segment_id": 1290678, "physicalid": "88262", "street_name": "OAKLAND AVE", "borough": "staten_island", "direction": "TF", "total_row_ft": 47.0, "roadbed_ft": 30.8, "median_ft": 0.0, "left_sw_ft": 8.1, "right_sw_ft": 8.0}, "geometry": {"type": "LineString", "coordinates": [[-74.11099653076742, 40.63427447553995], [-74.111163842026, 40.634255110357365]]}}, {"type": "Feature", "properties": {"segment_id": 1290679, "physicalid": "88262", "street_name": "OAKLAND AVE", "borough": "staten_island", "direction": "TF", "total_row_ft": 47.0, "roadbed_ft": 30.8, "median_ft": 0.0, "left_sw_ft": 8.0, "right_sw_ft": 8.1}, "geometry": {"type": "LineString", "coordinates": [[-74.1109856405867, 40.63422021030721], [-74.11115306235675, 40.63420083233392]]}}, {"type": "Feature", "properties": {"segment_id": 1290680, "physicalid": "88262", "street_name": "OAKLAND AVE", "borough": "staten_island", "direction": "TF", "total_row_ft": 47.0, "roadbed_ft": 30.8, "median_ft": 0.0, "left_sw_ft": 7.9, "right_sw_ft": 8.3}, "geometry": {"type": "LineString", "coordinates": [[-74.11097475056616, 40.634165945056665], [-74.11114228249784, 40.634146554333114]]}}, {"type": "Feature", "properties": {"segment_id": 1290681, "physicalid": "88262", "street_name": "OAKLAND AVE", "borough": "staten_island", "direction": "TF", "total_row_ft": 47.1, "roadbed_ft": 30.8, "median_ft": 0.0, "left_sw_ft": 7.8, "right_sw_ft": 8.4}, "geometry": {"type": "LineString", "coordinates": [[-74.11096385918059, 40.63411167996478], [-74.11113150255883, 40.63409227634227]]}}, {"type": "Feature", "properties": {"segment_id": 1290682, "physicalid": "88262", "street_name": "OAKLAND AVE", "borough": "staten_island", "direction": "TF", "total_row_ft": 47.1, "roadbed_ft": 30.8, "median_ft": 0.0, "left_sw_ft": 7.8, "right_sw_ft": 8.5}, "geometry": {"type": "LineString", "coordinates": [[-74.1109528628781, 40.63405742701697], [-74.11112072263737, 40.63403799835013]]}}, {"type": "Feature", "properties": {"segment_id": 1290683, "physicalid": "88262", "street_name": "OAKLAND AVE", "borough": "staten_island", "direction": "TF", "total_row_ft": 47.2, "roadbed_ft": 30.8, "median_ft": 0.0, "left_sw_ft": 7.6, "right_sw_ft": 8.7}, "geometry": {"type": "LineString", "coordinates": [[-74.11094186663463, 40.63400317406302], [-74.11110994317931, 40.63398372030504]]}}, {"type": "Feature", "properties": {"segment_id": 1290684, "physicalid": "88262", "street_name": "OAKLAND AVE", "borough": "staten_island", "direction": "TF", "total_row_ft": 47.2, "roadbed_ft": 30.8, "median_ft": 0.0, "left_sw_ft": 7.5, "right_sw_ft": 8.9}, "geometry": {"type": "LineString", "coordinates": [[-74.11093087049576, 40.63394892109765], [-74.11109916376483, 40.633929442255614]]}}, {"type": "Feature", "properties": {"segment_id": 1290685, "physicalid": "88262", "street_name": "OAKLAND AVE", "borough": "staten_island", "direction": "TF", "total_row_ft": 47.5, "roadbed_ft": 30.8, "median_ft": 0.0, "left_sw_ft": 7.7, "right_sw_ft": 9.0}, "geometry": {"type": "LineString", "coordinates": [[-74.11091987437794, 40.63389466813056], [-74.11108924664441, 40.633875064401344]]}}, {"type": "Feature", "properties": {"segment_id": 1290686, "physicalid": "88262", "street_name": "OAKLAND AVE", "borough": "staten_island", "direction": "TF", "total_row_ft": 47.7, "roadbed_ft": 30.8, "median_ft": 0.0, "left_sw_ft": 7.7, "right_sw_ft": 9.2}, "geometry": {"type": "LineString", "coordinates": [[-74.11090887829126, 40.633840415160556], [-74.1110788182465, 40.63382074572517]]}}, {"type": "Feature", "properties": {"segment_id": 1290687, "physicalid": "88262", "street_name": "OAKLAND AVE", "borough": "staten_island", "direction": "TF", "total_row_ft": 47.5, "roadbed_ft": 30.8, "median_ft": 0.0, "left_sw_ft": 7.3, "right_sw_ft": 9.4}, "geometry": {"type": "LineString", "coordinates": [[-74.11089788222245, 40.63378616218917], [-74.11106711836882, 40.633766574216146]]}}, {"type": "Feature", "properties": {"segment_id": 1290688, "physicalid": "88262", "street_name": "OAKLAND AVE", "borough": "staten_island", "direction": "TF", "total_row_ft": 47.3, "roadbed_ft": 30.8, "median_ft": 0.0, "left_sw_ft": 7.1, "right_sw_ft": 9.3}, "geometry": {"type": "LineString", "coordinates": [[-74.11088688587691, 40.63373190925055], [-74.11105541850438, 40.633712402706244]]}}, {"type": "Feature", "properties": {"segment_id": 1290689, "physicalid": "88262", "street_name": "OAKLAND AVE", "borough": "staten_island", "direction": "TF", "total_row_ft": 47.1, "roadbed_ft": 30.8, "median_ft": 0.0, "left_sw_ft": 7.0, "right_sw_ft": 9.3}, "geometry": {"type": "LineString", "coordinates": [[-74.11087585634762, 40.63367766015338], [-74.11104371827737, 40.63365823123903]]}}, {"type": "Feature", "properties": {"segment_id": 1290690, "physicalid": "88262", "street_name": "OAKLAND AVE", "borough": "staten_island", "direction": "TF", "total_row_ft": 47.0, "roadbed_ft": 30.8, "median_ft": 0.0, "left_sw_ft": 6.9, "right_sw_ft": 9.3}, "geometry": {"type": "LineString", "coordinates": [[-74.11086481515756, 40.63362341240656], [-74.11103216284717, 40.633604043013094]]}}, {"type": "Feature", "properties": {"segment_id": 1290691, "physicalid": "88262", "street_name": "OAKLAND AVE", "borough": "staten_island", "direction": "TF", "total_row_ft": 46.9, "roadbed_ft": 30.8, "median_ft": 0.0, "left_sw_ft": 7.0, "right_sw_ft": 9.0}, "geometry": {"type": "LineString", "coordinates": [[-74.11085441130774, 40.633569090893], [-74.11102136459903, 40.63354976714844]]}}, {"type": "Feature", "properties": {"segment_id": 1290692, "physicalid": "88262", "street_name": "OAKLAND AVE", "borough": "staten_island", "direction": "TF", "total_row_ft": 46.7, "roadbed_ft": 30.8, "median_ft": 0.0, "left_sw_ft": 7.1, "right_sw_ft": 8.7}, "geometry": {"type": "LineString", "coordinates": [[-74.11084430041551, 40.63351473547244], [-74.11101056633127, 40.63349549128677]]}}, {"type": "Feature", "properties": {"segment_id": 1290693, "physicalid": "88262", "street_name": "OAKLAND AVE", "borough": "staten_island", "direction": "TF", "total_row_ft": 46.5, "roadbed_ft": 30.8, "median_ft": 0.0, "left_sw_ft": 7.2, "right_sw_ft": 8.5}, "geometry": {"type": "LineString", "coordinates": [[-74.11083418953973, 40.633460380050686], [-74.11099976808109, 40.63344121542376]]}}, {"type": "Feature", "properties": {"segment_id": 1290694, "physicalid": "88263", "street_name": "OAKLAND AVE", "borough": "staten_island", "direction": "TF", "total_row_ft": 150.0, "roadbed_ft": 120.0, "median_ft": 0.0, "left_sw_ft": 15.0, "right_sw_ft": 15.0}, "geometry": {"type": "LineString", "coordinates": [[-74.11152826449995, 40.637629528178344], [-74.11195582947795, 40.637580561988194]]}}, {"type": "Feature", "properties": {"segment_id": 1290695, "physicalid": "88263", "street_name": "OAKLAND AVE", "borough": "staten_island", "direction": "TF", "total_row_ft": 45.0, "roadbed_ft": 30.3, "median_ft": 0.0, "left_sw_ft": 7.0, "right_sw_ft": 7.7}, "geometry": {"type": "LineString", "coordinates": [[-74.11164373418508, 40.637560791767385], [-74.11180396442514, 40.637542441668465]]}}, {"type": "Feature", "properties": {"segment_id": 1290696, "physicalid": "88263", "street_name": "OAKLAND AVE", "borough": "staten_island", "direction": "TF", "total_row_ft": 44.8, "roadbed_ft": 30.3, "median_ft": 0.0, "left_sw_ft": 6.7, "right_sw_ft": 7.8}, "geometry": {"type": "LineString", "coordinates": [[-74.11163353763635, 40.63750644690757], [-74.11179311480029, 40.637488171601056]]}}, {"type": "Feature", "properties": {"segment_id": 1290697, "physicalid": "88263", "street_name": "OAKLAND AVE", "borough": "staten_island", "direction": "TF", "total_row_ft": 44.6, "roadbed_ft": 30.3, "median_ft": 0.0, "left_sw_ft": 6.6, "right_sw_ft": 7.8}, "geometry": {"type": "LineString", "coordinates": [[-74.1116233411042, 40.63745210204655], [-74.11178226547202, 40.63743390150037]]}}, {"type": "Feature", "properties": {"segment_id": 1290698, "physicalid": "88263", "street_name": "OAKLAND AVE", "borough": "staten_island", "direction": "TF", "total_row_ft": 44.5, "roadbed_ft": 30.3, "median_ft": 0.0, "left_sw_ft": 6.5, "right_sw_ft": 7.7}, "geometry": {"type": "LineString", "coordinates": [[-74.11161291370892, 40.637397783625254], [-74.11177141616137, 40.63737963139835]]}}, {"type": "Feature", "properties": {"segment_id": 1290699, "physicalid": "88263", "street_name": "OAKLAND AVE", "borough": "staten_island", "direction": "TF", "total_row_ft": 44.5, "roadbed_ft": 30.3, "median_ft": 0.0, "left_sw_ft": 6.5, "right_sw_ft": 7.7}, "geometry": {"type": "LineString", "coordinates": [[-74.1116021553843, 40.63734350310351], [-74.11176056686838, 40.637325361294984]]}}, {"type": "Feature", "properties": {"segment_id": 1290700, "physicalid": "88263", "street_name": "OAKLAND AVE", "borough": "staten_island", "direction": "TF", "total_row_ft": 44.4, "roadbed_ft": 30.3, "median_ft": 0.0, "left_sw_ft": 6.4, "right_sw_ft": 7.8}, "geometry": {"type": "LineString", "coordinates": [[-74.11159139708909, 40.6372892225791], [-74.11174971759304, 40.63727109119023]]}}, {"type": "Feature", "properties": {"segment_id": 1290701, "physicalid": "88263", "street_name": "OAKLAND AVE", "borough": "staten_island", "direction": "TF", "total_row_ft": 44.4, "roadbed_ft": 30.3, "median_ft": 0.0, "left_sw_ft": 6.3, "right_sw_ft": 7.8}, "geometry": {"type": "LineString", "coordinates": [[-74.11158063883018, 40.637234942051194], [-74.11173880962787, 40.63721682780758]]}}, {"type": "Feature", "properties": {"segment_id": 1290702, "physicalid": "88263", "street_name": "OAKLAND AVE", "borough": "staten_island", "direction": "TF", "total_row_ft": 44.3, "roadbed_ft": 30.3, "median_ft": 0.0, "left_sw_ft": 6.2, "right_sw_ft": 7.8}, "geometry": {"type": "LineString", "coordinates": [[-74.11156988058877, 40.63718066152197], [-74.11172774851181, 40.637162581965065]]}}, {"type": "Feature", "properties": {"segment_id": 1290703, "physicalid": "88263", "street_name": "OAKLAND AVE", "borough": "staten_island", "direction": "TF", "total_row_ft": 44.2, "roadbed_ft": 30.3, "median_ft": 0.0, "left_sw_ft": 6.1, "right_sw_ft": 7.8}, "geometry": {"type": "LineString", "coordinates": [[-74.11155912243026, 40.6371263809839], [-74.11171668741375, 40.63710833612117]]}}, {"type": "Feature", "properties": {"segment_id": 1290704, "physicalid": "88263", "street_name": "OAKLAND AVE", "borough": "staten_island", "direction": "TF", "total_row_ft": 44.1, "roadbed_ft": 30.3, "median_ft": 0.0, "left_sw_ft": 6.2, "right_sw_ft": 7.6}, "geometry": {"type": "LineString", "coordinates": [[-74.11154836450854, 40.637072100419424], [-74.11170562618636, 40.63705409029275]]}}, {"type": "Feature", "properties": {"segment_id": 1290705, "physicalid": "88263", "street_name": "OAKLAND AVE", "borough": "staten_island", "direction": "TF", "total_row_ft": 44.1, "roadbed_ft": 30.3, "median_ft": 0.0, "left_sw_ft": 6.3, "right_sw_ft": 7.5}, "geometry": {"type": "LineString", "coordinates": [[-74.1115376066043, 40.63701781985358], [-74.11169456475768, 40.63699984448805]]}}, {"type": "Feature", "properties": {"segment_id": 1290706, "physicalid": "88263", "street_name": "OAKLAND AVE", "borough": "staten_island", "direction": "TF", "total_row_ft": 43.9, "roadbed_ft": 30.3, "median_ft": 0.0, "left_sw_ft": 6.4, "right_sw_ft": 7.2}, "geometry": {"type": "LineString", "coordinates": [[-74.11152705562895, 40.636963515590395], [-74.11168350334697, 40.63694559868197]]}}, {"type": "Feature", "properties": {"segment_id": 1290707, "physicalid": "88263", "street_name": "OAKLAND AVE", "borough": "staten_island", "direction": "TF", "total_row_ft": 43.8, "roadbed_ft": 30.3, "median_ft": 0.0, "left_sw_ft": 6.4, "right_sw_ft": 7.1}, "geometry": {"type": "LineString", "coordinates": [[-74.1115165424353, 40.636909207001054], [-74.11167244195424, 40.63689135287451]]}}, {"type": "Feature", "properties": {"segment_id": 1290708, "physicalid": "88263", "street_name": "OAKLAND AVE", "borough": "staten_island", "direction": "TF", "total_row_ft": 43.6, "roadbed_ft": 30.3, "median_ft": 0.0, "left_sw_ft": 6.0, "right_sw_ft": 7.3}, "geometry": {"type": "LineString", "coordinates": [[-74.11150602910075, 40.636854898428496], [-74.11166138076604, 40.63683710704428]]}}, {"type": "Feature", "properties": {"segment_id": 1290709, "physicalid": "88263", "street_name": "OAKLAND AVE", "borough": "staten_island", "direction": "TF", "total_row_ft": 43.7, "roadbed_ft": 30.3, "median_ft": 0.0, "left_sw_ft": 5.9, "right_sw_ft": 7.5}, "geometry": {"type": "LineString", "coordinates": [[-74.11149551578332, 40.63680058985467], [-74.11165131754572, 40.63678274692348]]}}, {"type": "Feature", "properties": {"segment_id": 1290710, "physicalid": "88263", "street_name": "OAKLAND AVE", "borough": "staten_island", "direction": "TF", "total_row_ft": 43.9, "roadbed_ft": 30.3, "median_ft": 0.0, "left_sw_ft": 5.9, "right_sw_ft": 7.7}, "geometry": {"type": "LineString", "coordinates": [[-74.11148500247981, 40.63674628127995], [-74.11164147200584, 40.636728361873686]]}}, {"type": "Feature", "properties": {"segment_id": 1290711, "physicalid": "88263", "street_name": "OAKLAND AVE", "borough": "staten_island", "direction": "TF", "total_row_ft": 44.1, "roadbed_ft": 30.3, "median_ft": 0.0, "left_sw_ft": 6.0, "right_sw_ft": 7.9}, "geometry": {"type": "LineString", "coordinates": [[-74.1114744891901, 40.63669197270428], [-74.11163162655807, 40.63667397681405]]}}, {"type": "Feature", "properties": {"segment_id": 1290712, "physicalid": "88263", "street_name": "OAKLAND AVE", "borough": "staten_island", "direction": "TF", "total_row_ft": 44.3, "roadbed_ft": 30.3, "median_ft": 0.0, "left_sw_ft": 6.2, "right_sw_ft": 7.9}, "geometry": {"type": "LineString", "coordinates": [[-74.11146397591752, 40.63663766412733], [-74.11162178117543, 40.63661959174762]]}}, {"type": "Feature", "properties": {"segment_id": 1290713, "physicalid": "88263", "street_name": "OAKLAND AVE", "borough": "staten_island", "direction": "TF", "total_row_ft": 44.5, "roadbed_ft": 30.3, "median_ft": 0.0, "left_sw_ft": 6.3, "right_sw_ft": 7.9}, "geometry": {"type": "LineString", "coordinates": [[-74.11145346266204, 40.63658335554912], [-74.11161193580884, 40.63656520668001]]}}, {"type": "Feature", "properties": {"segment_id": 1290714, "physicalid": "88263", "street_name": "OAKLAND AVE", "borough": "staten_island", "direction": "TF", "total_row_ft": 44.6, "roadbed_ft": 30.3, "median_ft": 0.0, "left_sw_ft": 6.4, "right_sw_ft": 7.9}, "geometry": {"type": "LineString", "coordinates": [[-74.11144277182024, 40.63652906730923], [-74.11160162084629, 40.63651087539313]]}}, {"type": "Feature", "properties": {"segment_id": 1290715, "physicalid": "88263", "street_name": "OAKLAND AVE", "borough": "staten_island", "direction": "TF", "total_row_ft": 44.6, "roadbed_ft": 30.3, "median_ft": 0.0, "left_sw_ft": 6.3, "right_sw_ft": 8.0}, "geometry": {"type": "LineString", "coordinates": [[-74.11143206830732, 40.636474780521155], [-74.11159098564633, 40.63645658078176]]}}, {"type": "Feature", "properties": {"segment_id": 1290716, "physicalid": "88263", "street_name": "OAKLAND AVE", "borough": "staten_island", "direction": "TF", "total_row_ft": 44.6, "roadbed_ft": 30.3, "median_ft": 0.0, "left_sw_ft": 6.2, "right_sw_ft": 8.2}, "geometry": {"type": "LineString", "coordinates": [[-74.11142136478894, 40.63642049373434], [-74.11158035046367, 40.63640228616913]]}}, {"type": "Feature", "properties": {"segment_id": 1290717, "physicalid": "88263", "street_name": "OAKLAND AVE", "borough": "staten_island", "direction": "TF", "total_row_ft": 44.6, "roadbed_ft": 30.3, "median_ft": 0.0, "left_sw_ft": 6.0, "right_sw_ft": 8.3}, "geometry": {"type": "LineString", "coordinates": [[-74.11141066128796, 40.63636620694627], [-74.11156971529832, 40.63634799155513]]}}, {"type": "Feature", "properties": {"segment_id": 1290718, "physicalid": "88263", "street_name": "OAKLAND AVE", "borough": "staten_island", "direction": "TF", "total_row_ft": 44.7, "roadbed_ft": 30.3, "median_ft": 0.0, "left_sw_ft": 5.9, "right_sw_ft": 8.5}, "geometry": {"type": "LineString", "coordinates": [[-74.11139985333048, 40.63631193212146], [-74.11155907996088, 40.63629369696156]]}}, {"type": "Feature", "properties": {"segment_id": 1290719, "physicalid": "88263", "street_name": "OAKLAND AVE", "borough": "staten_island", "direction": "TF", "total_row_ft": 44.8, "roadbed_ft": 30.3, "median_ft": 0.0, "left_sw_ft": 5.8, "right_sw_ft": 8.7}, "geometry": {"type": "LineString", "coordinates": [[-74.11138894230069, 40.63625766910145], [-74.11154859036532, 40.63623938567772]]}}, {"type": "Feature", "properties": {"segment_id": 1290720, "physicalid": "88263", "street_name": "OAKLAND AVE", "borough": "staten_island", "direction": "TF", "total_row_ft": 45.0, "roadbed_ft": 30.3, "median_ft": 0.0, "left_sw_ft": 5.9, "right_sw_ft": 8.8}, "geometry": {"type": "LineString", "coordinates": [[-74.11137803100252, 40.63620340611282], [-74.11153853816313, 40.63618502430251]]}}, {"type": "Feature", "properties": {"segment_id": 1290721, "physicalid": "88263", "street_name": "OAKLAND AVE", "borough": "staten_island", "direction": "TF", "total_row_ft": 45.3, "roadbed_ft": 30.3, "median_ft": 0.0, "left_sw_ft": 6.2, "right_sw_ft": 8.8}, "geometry": {"type": "LineString", "coordinates": [[-74.11136711949676, 40.63614914314868], [-74.11152848592272, 40.636130662932345]]}}, {"type": "Feature", "properties": {"segment_id": 1290722, "physicalid": "88263", "street_name": "OAKLAND AVE", "borough": "staten_island", "direction": "TF", "total_row_ft": 45.5, "roadbed_ft": 30.3, "median_ft": 0.0, "left_sw_ft": 6.4, "right_sw_ft": 8.9}, "geometry": {"type": "LineString", "coordinates": [[-74.11135620800877, 40.63609488018317], [-74.11151843356778, 40.636076301575955]]}}, {"type": "Feature", "properties": {"segment_id": 1290723, "physicalid": "88263", "street_name": "OAKLAND AVE", "borough": "staten_island", "direction": "TF", "total_row_ft": 45.8, "roadbed_ft": 30.3, "median_ft": 0.0, "left_sw_ft": 6.6, "right_sw_ft": 8.9}, "geometry": {"type": "LineString", "coordinates": [[-74.11134529653852, 40.6360406172163], [-74.1115083812292, 40.63602194021841]]}}, {"type": "Feature", "properties": {"segment_id": 1290724, "physicalid": "88263", "street_name": "OAKLAND AVE", "borough": "staten_island", "direction": "TF", "total_row_ft": 46.0, "roadbed_ft": 30.3, "median_ft": 0.0, "left_sw_ft": 6.8, "right_sw_ft": 8.9}, "geometry": {"type": "LineString", "coordinates": [[-74.11133444889782, 40.63598634694021], [-74.111498328907, 40.63596757885961]]}}, {"type": "Feature", "properties": {"segment_id": 1290725, "physicalid": "88263", "street_name": "OAKLAND AVE", "borough": "staten_island", "direction": "TF", "total_row_ft": 46.1, "roadbed_ft": 30.3, "median_ft": 0.0, "left_sw_ft": 7.3, "right_sw_ft": 8.5}, "geometry": {"type": "LineString", "coordinates": [[-74.11132401834887, 40.635932028898345], [-74.11148827683188, 40.63591321747321]]}}, {"type": "Feature", "properties": {"segment_id": 1290726, "physicalid": "88263", "street_name": "OAKLAND AVE", "borough": "staten_island", "direction": "TF", "total_row_ft": 46.1, "roadbed_ft": 30.3, "median_ft": 0.0, "left_sw_ft": 7.7, "right_sw_ft": 8.1}, "geometry": {"type": "LineString", "coordinates": [[-74.11131358781691, 40.63587771085523], [-74.11147775305942, 40.63585891010817]]}}, {"type": "Feature", "properties": {"segment_id": 1290727, "physicalid": "88263", "street_name": "OAKLAND AVE", "borough": "staten_island", "direction": "TF", "total_row_ft": 46.0, "roadbed_ft": 30.3, "median_ft": 0.0, "left_sw_ft": 8.0, "right_sw_ft": 7.7}, "geometry": {"type": "LineString", "coordinates": [[-74.11130315730192, 40.63582339281083], [-74.11146697019606, 40.63580463241596]]}}, {"type": "Feature", "properties": {"segment_id": 1290728, "physicalid": "88263", "street_name": "OAKLAND AVE", "borough": "staten_island", "direction": "TF", "total_row_ft": 45.9, "roadbed_ft": 30.3, "median_ft": 0.0, "left_sw_ft": 8.0, "right_sw_ft": 7.7}, "geometry": {"type": "LineString", "coordinates": [[-74.11129272678816, 40.635769074766955], [-74.11145618748894, 40.63575035470656]]}}, {"type": "Feature", "properties": {"segment_id": 1290729, "physicalid": "88263", "street_name": "OAKLAND AVE", "borough": "staten_island", "direction": "TF", "total_row_ft": 45.8, "roadbed_ft": 30.3, "median_ft": 0.0, "left_sw_ft": 7.8, "right_sw_ft": 7.7}, "geometry": {"type": "LineString", "coordinates": [[-74.11128229623725, 40.63571475672806], [-74.11144540479935, 40.6356960769958]]}}, {"type": "Feature", "properties": {"segment_id": 1290730, "physicalid": "88263", "street_name": "OAKLAND AVE", "borough": "staten_island", "direction": "TF", "total_row_ft": 45.7, "roadbed_ft": 30.3, "median_ft": 0.0, "left_sw_ft": 7.7, "right_sw_ft": 7.7}, "geometry": {"type": "LineString", "coordinates": [[-74.1112718657033, 40.635660438687864], [-74.11143462212732, 40.635641799283725]]}}, {"type": "Feature", "properties": {"segment_id": 1290731, "physicalid": "88263", "street_name": "OAKLAND AVE", "borough": "staten_island", "direction": "TF", "total_row_ft": 45.6, "roadbed_ft": 30.3, "median_ft": 0.0, "left_sw_ft": 7.6, "right_sw_ft": 7.7}, "geometry": {"type": "LineString", "coordinates": [[-74.11126143539796, 40.63560612062218], [-74.11142383953508, 40.63558752156317]]}}, {"type": "Feature", "properties": {"segment_id": 1290732, "physicalid": "88263", "street_name": "OAKLAND AVE", "borough": "staten_island", "direction": "TF", "total_row_ft": 45.5, "roadbed_ft": 30.3, "median_ft": 0.0, "left_sw_ft": 7.6, "right_sw_ft": 7.6}, "geometry": {"type": "LineString", "coordinates": [[-74.11125100519257, 40.63555180254573], [-74.11141305702665, 40.635533243833684]]}}, {"type": "Feature", "properties": {"segment_id": 1290733, "physicalid": "88263", "street_name": "OAKLAND AVE", "borough": "staten_island", "direction": "TF", "total_row_ft": 45.4, "roadbed_ft": 30.3, "median_ft": 0.0, "left_sw_ft": 7.7, "right_sw_ft": 7.4}, "geometry": {"type": "LineString", "coordinates": [[-74.11124057468226, 40.635497484504874], [-74.11140227453556, 40.635478966102895]]}}, {"type": "Feature", "properties": {"segment_id": 1290734, "physicalid": "88263", "street_name": "OAKLAND AVE", "borough": "staten_island", "direction": "TF", "total_row_ft": 45.3, "roadbed_ft": 30.3, "median_ft": 0.0, "left_sw_ft": 7.8, "right_sw_ft": 7.2}, "geometry": {"type": "LineString", "coordinates": [[-74.11123035014998, 40.635443142875566], [-74.11139164984566, 40.63542467030078]]}}, {"type": "Feature", "properties": {"segment_id": 1290735, "physicalid": "88263", "street_name": "OAKLAND AVE", "borough": "staten_island", "direction": "TF", "total_row_ft": 45.1, "roadbed_ft": 30.3, "median_ft": 0.0, "left_sw_ft": 7.9, "right_sw_ft": 6.9}, "geometry": {"type": "LineString", "coordinates": [[-74.11122040600554, 40.63538876913617], [-74.11138105745329, 40.63537037080048]]}}, {"type": "Feature", "properties": {"segment_id": 1290736, "physicalid": "88263", "street_name": "OAKLAND AVE", "borough": "staten_island", "direction": "TF", "total_row_ft": 44.9, "roadbed_ft": 30.3, "median_ft": 0.0, "left_sw_ft": 7.5, "right_sw_ft": 7.1}, "geometry": {"type": "LineString", "coordinates": [[-74.11121046213327, 40.63533439536629], [-74.11137046531344, 40.635316071271944]]}}, {"type": "Feature", "properties": {"segment_id": 1290737, "physicalid": "88263", "street_name": "OAKLAND AVE", "borough": "staten_island", "direction": "TF", "total_row_ft": 44.7, "roadbed_ft": 30.3, "median_ft": 0.0, "left_sw_ft": 7.1, "right_sw_ft": 7.3}, "geometry": {"type": "LineString", "coordinates": [[-74.1112005184864, 40.63528002157128], [-74.11135987246816, 40.63526177182485]]}}, {"type": "Feature", "properties": {"segment_id": 1290738, "physicalid": "88263", "street_name": "OAKLAND AVE", "borough": "staten_island", "direction": "TF", "total_row_ft": 44.5, "roadbed_ft": 30.3, "median_ft": 0.0, "left_sw_ft": 6.8, "right_sw_ft": 7.5}, "geometry": {"type": "LineString", "coordinates": [[-74.11119057463054, 40.635225647800894], [-74.11134928000422, 40.6352074723348]]}}, {"type": "Feature", "properties": {"segment_id": 1290739, "physicalid": "88263", "street_name": "OAKLAND AVE", "borough": "staten_island", "direction": "TF", "total_row_ft": 44.7, "roadbed_ft": 30.3, "median_ft": 0.0, "left_sw_ft": 6.7, "right_sw_ft": 7.8}, "geometry": {"type": "LineString", "coordinates": [[-74.11117947399951, 40.63517140650807], [-74.1113386880248, 40.63515317278991]]}}, {"type": "Feature", "properties": {"segment_id": 1290740, "physicalid": "88263", "street_name": "OAKLAND AVE", "borough": "staten_island", "direction": "TF", "total_row_ft": 45.1, "roadbed_ft": 30.3, "median_ft": 0.0, "left_sw_ft": 6.7, "right_sw_ft": 8.2}, "geometry": {"type": "LineString", "coordinates": [[-74.11116733904393, 40.63511728366944], [-74.111328096133, 40.63509887323566]]}}, {"type": "Feature", "properties": {"segment_id": 1290741, "physicalid": "88263", "street_name": "OAKLAND AVE", "borough": "staten_island", "direction": "TF", "total_row_ft": 45.6, "roadbed_ft": 30.3, "median_ft": 0.0, "left_sw_ft": 6.7, "right_sw_ft": 8.6}, "geometry": {"type": "LineString", "coordinates": [[-74.11115520389039, 40.63506316085412], [-74.1113175036302, 40.63504457375209]]}}, {"type": "Feature", "properties": {"segment_id": 1290742, "physicalid": "88263", "street_name": "OAKLAND AVE", "borough": "staten_island", "direction": "TF", "total_row_ft": 45.7, "roadbed_ft": 30.3, "median_ft": 0.0, "left_sw_ft": 6.7, "right_sw_ft": 8.8}, "geometry": {"type": "LineString", "coordinates": [[-74.11114392810522, 40.63500893962241], [-74.1113069112708, 40.634990274252765]]}}, {"type": "Feature", "properties": {"segment_id": 1290743, "physicalid": "88263", "street_name": "OAKLAND AVE", "borough": "staten_island", "direction": "TF", "total_row_ft": 45.8, "roadbed_ft": 30.3, "median_ft": 0.0, "left_sw_ft": 6.6, "right_sw_ft": 9.0}, "geometry": {"type": "LineString", "coordinates": [[-74.11113268466309, 40.63495471468734], [-74.11129603774317, 40.634936006954646]]}}, {"type": "Feature", "properties": {"segment_id": 1290744, "physicalid": "88263", "street_name": "OAKLAND AVE", "borough": "staten_island", "direction": "TF", "total_row_ft": 45.9, "roadbed_ft": 30.2, "median_ft": 0.0, "left_sw_ft": 6.6, "right_sw_ft": 9.1}, "geometry": {"type": "LineString", "coordinates": [[-74.11112144139155, 40.63490048973343], [-74.1112850871982, 40.634881748477525]]}}, {"type": "Feature", "properties": {"segment_id": 1290745, "physicalid": "88263", "street_name": "OAKLAND AVE", "borough": "staten_island", "direction": "TF", "total_row_ft": 48.6, "roadbed_ft": 30.7, "median_ft": 0.0, "left_sw_ft": 8.7, "right_sw_ft": 9.2}, "geometry": {"type": "LineString", "coordinates": [[-74.11111019805237, 40.63484626478795], [-74.11140948141787, 40.63481198969012]]}}, {"type": "Feature", "properties": {"segment_id": 1290746, "physicalid": "88263", "street_name": "OAKLAND AVE", "borough": "staten_island", "direction": "TF", "total_row_ft": 135.0, "roadbed_ft": 78.7, "median_ft": 0.0, "left_sw_ft": 15.0, "right_sw_ft": 41.3}, "geometry": {"type": "LineString", "coordinates": [[-74.11097122186342, 40.63480666805833], [-74.11139876916396, 40.63475770392452]]}}, {"type": "Feature", "properties": {"segment_id": 1290747, "physicalid": "88264", "street_name": "OAKLAND AVE", "borough": "staten_island", "direction": "TF", "total_row_ft": 99.2, "roadbed_ft": 75.3, "median_ft": 0.0, "left_sw_ft": 15.0, "right_sw_ft": 8.9}, "geometry": {"type": "LineString", "coordinates": [[-74.11080972710249, 40.63334261805836], [-74.11110965899421, 40.633307745111026]]}}, {"type": "Feature", "properties": {"segment_id": 1290748, "physicalid": "88264", "street_name": "OAKLAND AVE", "borough": "staten_island", "direction": "TF", "total_row_ft": 48.3, "roadbed_ft": 30.8, "median_ft": 0.0, "left_sw_ft": 8.3, "right_sw_ft": 9.1}, "geometry": {"type": "LineString", "coordinates": [[-74.11079813496666, 40.63328843447533], [-74.11097011338886, 40.633268438722396]]}}, {"type": "Feature", "properties": {"segment_id": 1290749, "physicalid": "88264", "street_name": "OAKLAND AVE", "borough": "staten_island", "direction": "TF", "total_row_ft": 48.1, "roadbed_ft": 30.8, "median_ft": 0.0, "left_sw_ft": 8.0, "right_sw_ft": 9.3}, "geometry": {"type": "LineString", "coordinates": [[-74.11078682056478, 40.633234218601395], [-74.11095820548083, 40.63321429185622]]}}, {"type": "Feature", "properties": {"segment_id": 1290750, "physicalid": "88264", "street_name": "OAKLAND AVE", "borough": "staten_island", "direction": "TF", "total_row_ft": 47.8, "roadbed_ft": 30.8, "median_ft": 0.0, "left_sw_ft": 7.8, "right_sw_ft": 9.2}, "geometry": {"type": "LineString", "coordinates": [[-74.11077653232857, 40.63317988341772], [-74.1109467825478, 40.63316008860279]]}}, {"type": "Feature", "properties": {"segment_id": 1290751, "physicalid": "88264", "street_name": "OAKLAND AVE", "borough": "staten_island", "direction": "TF", "total_row_ft": 47.5, "roadbed_ft": 30.8, "median_ft": 0.0, "left_sw_ft": 7.6, "right_sw_ft": 9.1}, "geometry": {"type": "LineString", "coordinates": [[-74.11076624410912, 40.63312554823284], [-74.11093535963334, 40.633105885347945]]}}, {"type": "Feature", "properties": {"segment_id": 1290752, "physicalid": "88264", "street_name": "OAKLAND AVE", "borough": "staten_island", "direction": "TF", "total_row_ft": 47.3, "roadbed_ft": 30.8, "median_ft": 0.0, "left_sw_ft": 7.4, "right_sw_ft": 9.0}, "geometry": {"type": "LineString", "coordinates": [[-74.11075595590641, 40.63307121304672], [-74.11092429368814, 40.6330516405891]]}}, {"type": "Feature", "properties": {"segment_id": 1290753, "physicalid": "88264", "street_name": "OAKLAND AVE", "borough": "staten_island", "direction": "TF", "total_row_ft": 47.2, "roadbed_ft": 30.8, "median_ft": 0.0, "left_sw_ft": 7.4, "right_sw_ft": 8.9}, "geometry": {"type": "LineString", "coordinates": [[-74.1107455576831, 40.63301689065319], [-74.1109135897218, 40.63299735374374]]}}, {"type": "Feature", "properties": {"segment_id": 1290754, "physicalid": "88264", "street_name": "OAKLAND AVE", "borough": "staten_island", "direction": "TF", "total_row_ft": 47.1, "roadbed_ft": 30.8, "median_ft": 0.0, "left_sw_ft": 7.4, "right_sw_ft": 8.9}, "geometry": {"type": "LineString", "coordinates": [[-74.11073512896044, 40.63296257180648], [-74.11090288560465, 40.63294306691666]]}}, {"type": "Feature", "properties": {"segment_id": 1290755, "physicalid": "88264", "street_name": "OAKLAND AVE", "borough": "staten_island", "direction": "TF", "total_row_ft": 47.0, "roadbed_ft": 30.8, "median_ft": 0.0, "left_sw_ft": 7.4, "right_sw_ft": 8.8}, "geometry": {"type": "LineString", "coordinates": [[-74.11072470025476, 40.6329082529585], [-74.11089218150492, 40.632888780088244]]}}, {"type": "Feature", "properties": {"segment_id": 1290756, "physicalid": "88264", "street_name": "OAKLAND AVE", "borough": "staten_island", "direction": "TF", "total_row_ft": 46.9, "roadbed_ft": 30.8, "median_ft": 0.0, "left_sw_ft": 7.6, "right_sw_ft": 8.5}, "geometry": {"type": "LineString", "coordinates": [[-74.11071427156605, 40.632853934109264], [-74.11088147742261, 40.632834493258535]]}}, {"type": "Feature", "properties": {"segment_id": 1290757, "physicalid": "88264", "street_name": "OAKLAND AVE", "borough": "staten_island", "direction": "TF", "total_row_ft": 46.9, "roadbed_ft": 30.8, "median_ft": 0.0, "left_sw_ft": 7.7, "right_sw_ft": 8.3}, "geometry": {"type": "LineString", "coordinates": [[-74.11070384282151, 40.6327996152672], [-74.11087077335772, 40.63278020642748]]}}, {"type": "Feature", "properties": {"segment_id": 1290758, "physicalid": "88264", "street_name": "OAKLAND AVE", "borough": "staten_island", "direction": "TF", "total_row_ft": 46.7, "roadbed_ft": 30.8, "median_ft": 0.0, "left_sw_ft": 7.7, "right_sw_ft": 8.1}, "geometry": {"type": "LineString", "coordinates": [[-74.11069341398311, 40.6327452964368], [-74.11085957845772, 40.6327259766664]]}}, {"type": "Feature", "properties": {"segment_id": 1290759, "physicalid": "88264", "street_name": "OAKLAND AVE", "borough": "staten_island", "direction": "TF", "total_row_ft": 46.7, "roadbed_ft": 30.8, "median_ft": 0.0, "left_sw_ft": 7.7, "right_sw_ft": 8.2}, "geometry": {"type": "LineString", "coordinates": [[-74.11068188692376, 40.63269110529526], [-74.11084832818341, 40.632671753344404]]}}, {"type": "Feature", "properties": {"segment_id": 1290760, "physicalid": "88264", "street_name": "OAKLAND AVE", "borough": "staten_island", "direction": "TF", "total_row_ft": 46.9, "roadbed_ft": 30.8, "median_ft": 0.0, "left_sw_ft": 7.7, "right_sw_ft": 8.4}, "geometry": {"type": "LineString", "coordinates": [[-74.11067013025412, 40.63263694085081], [-74.11083707786301, 40.63261753002847]]}}, {"type": "Feature", "properties": {"segment_id": 1290761, "physicalid": "88264", "street_name": "OAKLAND AVE", "borough": "staten_island", "direction": "TF", "total_row_ft": 47.1, "roadbed_ft": 30.8, "median_ft": 0.0, "left_sw_ft": 7.7, "right_sw_ft": 8.5}, "geometry": {"type": "LineString", "coordinates": [[-74.11065837360357, 40.63258277640483], [-74.11082599018492, 40.63256328780286]]}}, {"type": "Feature", "properties": {"segment_id": 1290762, "physicalid": "88264", "street_name": "OAKLAND AVE", "borough": "staten_island", "direction": "TF", "total_row_ft": 47.3, "roadbed_ft": 30.8, "median_ft": 0.0, "left_sw_ft": 7.7, "right_sw_ft": 8.7}, "geometry": {"type": "LineString", "coordinates": [[-74.1106466169721, 40.63252861195731], [-74.11081495827818, 40.63250903909348]]}}, {"type": "Feature", "properties": {"segment_id": 1290763, "physicalid": "88264", "street_name": "OAKLAND AVE", "borough": "staten_island", "direction": "TF", "total_row_ft": 47.4, "roadbed_ft": 30.8, "median_ft": 0.0, "left_sw_ft": 7.8, "right_sw_ft": 8.8}, "geometry": {"type": "LineString", "coordinates": [[-74.11063494230059, 40.63247443798121], [-74.11080392638941, 40.63245479038266]]}}, {"type": "Feature", "properties": {"segment_id": 1290764, "physicalid": "88264", "street_name": "OAKLAND AVE", "borough": "staten_island", "direction": "TF", "total_row_ft": 47.6, "roadbed_ft": 30.8, "median_ft": 0.0, "left_sw_ft": 7.8, "right_sw_ft": 8.9}, "geometry": {"type": "LineString", "coordinates": [[-74.11062346677325, 40.63242024085166], [-74.110792894296, 40.63240054169638]]}}, {"type": "Feature", "properties": {"segment_id": 1290765, "physicalid": "88264", "street_name": "OAKLAND AVE", "borough": "staten_island", "direction": "TF", "total_row_ft": 47.7, "roadbed_ft": 30.8, "median_ft": 0.0, "left_sw_ft": 7.9, "right_sw_ft": 9.0}, "geometry": {"type": "LineString", "coordinates": [[-74.11061199126455, 40.63236604372062], [-74.11078186215373, 40.63234629301646]]}}, {"type": "Feature", "properties": {"segment_id": 1290766, "physicalid": "88264", "street_name": "OAKLAND AVE", "borough": "staten_island", "direction": "TF", "total_row_ft": 47.8, "roadbed_ft": 30.8, "median_ft": 0.0, "left_sw_ft": 7.8, "right_sw_ft": 9.1}, "geometry": {"type": "LineString", "coordinates": [[-74.11060051577448, 40.632311846588166], [-74.11077083002941, 40.632292044335195]]}}, {"type": "Feature", "properties": {"segment_id": 1290767, "physicalid": "88264", "street_name": "OAKLAND AVE", "borough": "staten_island", "direction": "TF", "total_row_ft": 47.9, "roadbed_ft": 30.8, "median_ft": 0.0, "left_sw_ft": 8.0, "right_sw_ft": 9.0}, "geometry": {"type": "LineString", "coordinates": [[-74.1105899135988, 40.63225754791776], [-74.11076049139125, 40.632237715023216]]}}, {"type": "Feature", "properties": {"segment_id": 1290768, "physicalid": "88264", "street_name": "OAKLAND AVE", "borough": "staten_island", "direction": "TF", "total_row_ft": 48.0, "roadbed_ft": 30.8, "median_ft": 0.0, "left_sw_ft": 8.2, "right_sw_ft": 8.9}, "geometry": {"type": "LineString", "coordinates": [[-74.11057938031475, 40.632203241238166], [-74.11075028065727, 40.63218337084056]]}}, {"type": "Feature", "properties": {"segment_id": 1290769, "physicalid": "88264", "street_name": "OAKLAND AVE", "borough": "staten_island", "direction": "TF", "total_row_ft": 48.1, "roadbed_ft": 30.8, "median_ft": 0.0, "left_sw_ft": 8.5, "right_sw_ft": 8.8}, "geometry": {"type": "LineString", "coordinates": [[-74.1105688471017, 40.632148934551026], [-74.11074006969457, 40.63212902668521]]}}, {"type": "Feature", "properties": {"segment_id": 1290770, "physicalid": "88264", "street_name": "OAKLAND AVE", "borough": "staten_island", "direction": "TF", "total_row_ft": 48.2, "roadbed_ft": 30.8, "median_ft": 0.0, "left_sw_ft": 8.6, "right_sw_ft": 8.7}, "geometry": {"type": "LineString", "coordinates": [[-74.11055823698544, 40.63209463680599], [-74.1107298587485, 40.63207468252863]]}}, {"type": "Feature", "properties": {"segment_id": 1290771, "physicalid": "88264", "street_name": "OAKLAND AVE", "borough": "staten_island", "direction": "TF", "total_row_ft": 48.4, "roadbed_ft": 30.8, "median_ft": 0.0, "left_sw_ft": 8.6, "right_sw_ft": 9.0}, "geometry": {"type": "LineString", "coordinates": [[-74.11054714987547, 40.632040394520864], [-74.11071959479011, 40.63202034453648]]}}, {"type": "Feature", "properties": {"segment_id": 1290772, "physicalid": "88264", "street_name": "OAKLAND AVE", "borough": "staten_island", "direction": "TF", "total_row_ft": 48.5, "roadbed_ft": 30.8, "median_ft": 0.0, "left_sw_ft": 8.4, "right_sw_ft": 9.2}, "geometry": {"type": "LineString", "coordinates": [[-74.11053606240768, 40.63198615227799], [-74.11070873190769, 40.63196607618176]]}}, {"type": "Feature", "properties": {"segment_id": 1290773, "physicalid": "88264", "street_name": "OAKLAND AVE", "borough": "staten_island", "direction": "TF", "total_row_ft": 48.5, "roadbed_ft": 30.8, "median_ft": 0.0, "left_sw_ft": 8.2, "right_sw_ft": 9.5}, "geometry": {"type": "LineString", "coordinates": [[-74.11052497543476, 40.631931909978334], [-74.1106978689191, 40.631911807840126]]}}, {"type": "Feature", "properties": {"segment_id": 1290774, "physicalid": "88264", "street_name": "OAKLAND AVE", "borough": "staten_island", "direction": "TF", "total_row_ft": 48.6, "roadbed_ft": 30.8, "median_ft": 0.0, "left_sw_ft": 8.0, "right_sw_ft": 9.7}, "geometry": {"type": "LineString", "coordinates": [[-74.11051388851449, 40.63187766767325], [-74.11068700531811, 40.63185753957038]]}}, {"type": "Feature", "properties": {"segment_id": 1290775, "physicalid": "88264", "street_name": "OAKLAND AVE", "borough": "staten_island", "direction": "TF", "total_row_ft": 48.7, "roadbed_ft": 30.8, "median_ft": 0.0, "left_sw_ft": 7.9, "right_sw_ft": 9.9}, "geometry": {"type": "LineString", "coordinates": [[-74.11050287277516, 40.63182341709281], [-74.11067614154537, 40.63180327132132]]}}, {"type": "Feature", "properties": {"segment_id": 1290776, "physicalid": "88264", "street_name": "OAKLAND AVE", "borough": "staten_island", "direction": "TF", "total_row_ft": 48.6, "roadbed_ft": 30.8, "median_ft": 0.0, "left_sw_ft": 7.8, "right_sw_ft": 10.0}, "geometry": {"type": "LineString", "coordinates": [[-74.110491963804, 40.63176915409935], [-74.11066512299055, 40.63174902106942]]}}, {"type": "Feature", "properties": {"segment_id": 1290777, "physicalid": "88264", "street_name": "OAKLAND AVE", "borough": "staten_island", "direction": "TF", "total_row_ft": 48.5, "roadbed_ft": 30.8, "median_ft": 0.0, "left_sw_ft": 7.6, "right_sw_ft": 10.1}, "geometry": {"type": "LineString", "coordinates": [[-74.11048105486405, 40.63171489110297], [-74.1106539377156, 40.63169479020275]]}}, {"type": "Feature", "properties": {"segment_id": 1290778, "physicalid": "88264", "street_name": "OAKLAND AVE", "borough": "staten_island", "direction": "TF", "total_row_ft": 48.5, "roadbed_ft": 30.8, "median_ft": 0.0, "left_sw_ft": 7.4, "right_sw_ft": 10.2}, "geometry": {"type": "LineString", "coordinates": [[-74.11047014634235, 40.63166062805866], [-74.11064275321527, 40.63164055924672]]}}, {"type": "Feature", "properties": {"segment_id": 1290779, "physicalid": "88264", "street_name": "OAKLAND AVE", "borough": "staten_island", "direction": "TF", "total_row_ft": 48.4, "roadbed_ft": 30.8, "median_ft": 0.0, "left_sw_ft": 7.3, "right_sw_ft": 10.3}, "geometry": {"type": "LineString", "coordinates": [[-74.11045923716902, 40.631606365090825], [-74.11063156843427, 40.63158632832403]]}}, {"type": "Feature", "properties": {"segment_id": 1290780, "physicalid": "88264", "street_name": "OAKLAND AVE", "borough": "staten_island", "direction": "TF", "total_row_ft": 48.1, "roadbed_ft": 30.8, "median_ft": 0.0, "left_sw_ft": 7.5, "right_sw_ft": 9.8}, "geometry": {"type": "LineString", "coordinates": [[-74.11044906017915, 40.63155201699413], [-74.11062039786289, 40.63153209574992]]}}, {"type": "Feature", "properties": {"segment_id": 1290781, "physicalid": "88264", "street_name": "OAKLAND AVE", "borough": "staten_island", "direction": "TF", "total_row_ft": 47.8, "roadbed_ft": 30.8, "median_ft": 0.0, "left_sw_ft": 7.7, "right_sw_ft": 9.3}, "geometry": {"type": "LineString", "coordinates": [[-74.11043889600167, 40.631497667408446], [-74.11060924470276, 40.6314778611521]]}}, {"type": "Feature", "properties": {"segment_id": 1290782, "physicalid": "88264", "street_name": "OAKLAND AVE", "borough": "staten_island", "direction": "TF", "total_row_ft": 47.6, "roadbed_ft": 30.8, "median_ft": 0.0, "left_sw_ft": 8.0, "right_sw_ft": 8.7}, "geometry": {"type": "LineString", "coordinates": [[-74.11042873184638, 40.631443317820896], [-74.1105980916535, 40.6314236265421]]}}, {"type": "Feature", "properties": {"segment_id": 1290783, "physicalid": "88264", "street_name": "OAKLAND AVE", "borough": "staten_island", "direction": "TF", "total_row_ft": 47.3, "roadbed_ft": 30.8, "median_ft": 0.0, "left_sw_ft": 8.2, "right_sw_ft": 8.2}, "geometry": {"type": "LineString", "coordinates": [[-74.11041856742546, 40.63138896826494], [-74.11058693819217, 40.631369391980726]]}}, {"type": "Feature", "properties": {"segment_id": 1290784, "physicalid": "88264", "street_name": "OAKLAND AVE", "borough": "staten_island", "direction": "TF", "total_row_ft": 47.0, "roadbed_ft": 30.8, "median_ft": 0.0, "left_sw_ft": 8.5, "right_sw_ft": 7.7}, "geometry": {"type": "LineString", "coordinates": [[-74.11040841176958, 40.631334617690605], [-74.11057582701582, 40.631315152503575]]}}, {"type": "Feature", "properties": {"segment_id": 1290785, "physicalid": "88264", "street_name": "OAKLAND AVE", "borough": "staten_island", "direction": "TF", "total_row_ft": 46.9, "roadbed_ft": 30.8, "median_ft": 0.0, "left_sw_ft": 8.6, "right_sw_ft": 7.4}, "geometry": {"type": "LineString", "coordinates": [[-74.11039825573864, 40.63128026716058], [-74.11056534399727, 40.631260839991455]]}}, {"type": "Feature", "properties": {"segment_id": 1290786, "physicalid": "88264", "street_name": "OAKLAND AVE", "borough": "staten_island", "direction": "TF", "total_row_ft": 46.8, "roadbed_ft": 30.8, "median_ft": 0.0, "left_sw_ft": 8.6, "right_sw_ft": 7.4}, "geometry": {"type": "LineString", "coordinates": [[-74.11038809992027, 40.63122591660656], [-74.11055486095567, 40.63120652748275]]}}, {"type": "Feature", "properties": {"segment_id": 1290787, "physicalid": "88264", "street_name": "OAKLAND AVE", "borough": "staten_island", "direction": "TF", "total_row_ft": 46.7, "roadbed_ft": 30.8, "median_ft": 0.0, "left_sw_ft": 8.6, "right_sw_ft": 7.3}, "geometry": {"type": "LineString", "coordinates": [[-74.11037794429407, 40.6311715660309], [-74.11054437783787, 40.63115221498359]]}}, {"type": "Feature", "properties": {"segment_id": 1290788, "physicalid": "88264", "street_name": "OAKLAND AVE", "borough": "staten_island", "direction": "TF", "total_row_ft": 46.6, "roadbed_ft": 30.8, "median_ft": 0.0, "left_sw_ft": 8.5, "right_sw_ft": 7.3}, "geometry": {"type": "LineString", "coordinates": [[-74.11036778884204, 40.631117215435694], [-74.11053389458019, 40.6310979025014]]}}, {"type": "Feature", "properties": {"segment_id": 1290789, "physicalid": "88264", "street_name": "OAKLAND AVE", "borough": "staten_island", "direction": "TF", "total_row_ft": 46.6, "roadbed_ft": 30.8, "median_ft": 0.0, "left_sw_ft": 8.5, "right_sw_ft": 7.3}, "geometry": {"type": "LineString", "coordinates": [[-74.1103575946266, 40.631062869348135], [-74.11052341156316, 40.631043589991975]]}}, {"type": "Feature", "properties": {"segment_id": 1290790, "physicalid": "88264", "street_name": "OAKLAND AVE", "borough": "staten_island", "direction": "TF", "total_row_ft": 46.9, "roadbed_ft": 30.8, "median_ft": 0.0, "left_sw_ft": 8.4, "right_sw_ft": 7.7}, "geometry": {"type": "LineString", "coordinates": [[-74.11034562949835, 40.631008729162076], [-74.11051257988414, 40.63098931802205]]}}, {"type": "Feature", "properties": {"segment_id": 1290791, "physicalid": "88264", "street_name": "OAKLAND AVE", "borough": "staten_island", "direction": "TF", "total_row_ft": 47.2, "roadbed_ft": 30.8, "median_ft": 0.0, "left_sw_ft": 8.5, "right_sw_ft": 7.9}, "geometry": {"type": "LineString", "coordinates": [[-74.11033366445263, 40.63095458896712], [-74.11050172610598, 40.630935048622305]]}}, {"type": "Feature", "properties": {"segment_id": 1290792, "physicalid": "88264", "street_name": "OAKLAND AVE", "borough": "staten_island", "direction": "TF", "total_row_ft": 47.5, "roadbed_ft": 30.8, "median_ft": 0.0, "left_sw_ft": 8.6, "right_sw_ft": 8.0}, "geometry": {"type": "LineString", "coordinates": [[-74.11032169969987, 40.6309004487388], [-74.11049087175601, 40.63088077928973]]}}, {"type": "Feature", "properties": {"segment_id": 1290793, "physicalid": "88264", "street_name": "OAKLAND AVE", "borough": "staten_island", "direction": "TF", "total_row_ft": 47.8, "roadbed_ft": 30.8, "median_ft": 0.0, "left_sw_ft": 8.8, "right_sw_ft": 8.2}, "geometry": {"type": "LineString", "coordinates": [[-74.11030973513775, 40.63084630848902], [-74.11048001731598, 40.63082650996838]]}}, {"type": "Feature", "properties": {"segment_id": 1290794, "physicalid": "88264", "street_name": "OAKLAND AVE", "borough": "staten_island", "direction": "TF", "total_row_ft": 47.9, "roadbed_ft": 30.8, "median_ft": 0.0, "left_sw_ft": 8.9, "right_sw_ft": 8.2}, "geometry": {"type": "LineString", "coordinates": [[-74.11029844970615, 40.63079208927871], [-74.11046916299934, 40.63077224063338]]}}, {"type": "Feature", "properties": {"segment_id": 1290795, "physicalid": "88264", "street_name": "OAKLAND AVE", "borough": "staten_island", "direction": "TF", "total_row_ft": 48.0, "roadbed_ft": 30.8, "median_ft": 0.0, "left_sw_ft": 9.0, "right_sw_ft": 8.2}, "geometry": {"type": "LineString", "coordinates": [[-74.11028745830184, 40.63073783588312], [-74.1104584138654, 40.63071795906953]]}}, {"type": "Feature", "properties": {"segment_id": 1290796, "physicalid": "88264", "street_name": "OAKLAND AVE", "borough": "staten_island", "direction": "TF", "total_row_ft": 48.1, "roadbed_ft": 30.8, "median_ft": 0.0, "left_sw_ft": 9.0, "right_sw_ft": 8.3}, "geometry": {"type": "LineString", "coordinates": [[-74.11027646694438, 40.63068358248277], [-74.1104477741346, 40.63066366478613]]}}, {"type": "Feature", "properties": {"segment_id": 1290797, "physicalid": "88264", "street_name": "OAKLAND AVE", "borough": "staten_island", "direction": "TF", "total_row_ft": 48.2, "roadbed_ft": 30.8, "median_ft": 0.0, "left_sw_ft": 9.0, "right_sw_ft": 8.4}, "geometry": {"type": "LineString", "coordinates": [[-74.11026547557941, 40.630629329084], [-74.11043713424586, 40.63060937052181]]}}, {"type": "Feature", "properties": {"segment_id": 1290798, "physicalid": "88264", "street_name": "OAKLAND AVE", "borough": "staten_island", "direction": "TF", "total_row_ft": 48.3, "roadbed_ft": 30.8, "median_ft": 0.0, "left_sw_ft": 9.0, "right_sw_ft": 8.5}, "geometry": {"type": "LineString", "coordinates": [[-74.1102544842323, 40.63057507568388], [-74.1104264942443, 40.63055507627129]]}}, {"type": "Feature", "properties": {"segment_id": 1290799, "physicalid": "88264", "street_name": "OAKLAND AVE", "borough": "staten_island", "direction": "TF", "total_row_ft": 48.4, "roadbed_ft": 30.8, "median_ft": 0.0, "left_sw_ft": 9.0, "right_sw_ft": 8.5}, "geometry": {"type": "LineString", "coordinates": [[-74.11024349269093, 40.630520822307076], [-74.11041585426005, 40.63050078201952]]}}, {"type": "Feature", "properties": {"segment_id": 1290800, "physicalid": "88264", "street_name": "OAKLAND AVE", "borough": "staten_island", "direction": "TF", "total_row_ft": 48.5, "roadbed_ft": 30.8, "median_ft": 0.0, "left_sw_ft": 9.1, "right_sw_ft": 8.5}, "geometry": {"type": "LineString", "coordinates": [[-74.11023254884718, 40.63046656338526], [-74.11040521446212, 40.63044648774676]]}}, {"type": "Feature", "properties": {"segment_id": 1290801, "physicalid": "88264", "street_name": "OAKLAND AVE", "borough": "staten_island", "direction": "TF", "total_row_ft": 48.5, "roadbed_ft": 30.8, "median_ft": 0.0, "left_sw_ft": 9.1, "right_sw_ft": 8.5}, "geometry": {"type": "LineString", "coordinates": [[-74.11022168218172, 40.630412295490764], [-74.11039446169998, 40.63039220660902]]}}, {"type": "Feature", "properties": {"segment_id": 1290802, "physicalid": "88264", "street_name": "OAKLAND AVE", "borough": "staten_island", "direction": "TF", "total_row_ft": 48.4, "roadbed_ft": 30.8, "median_ft": 0.0, "left_sw_ft": 9.1, "right_sw_ft": 8.5}, "geometry": {"type": "LineString", "coordinates": [[-74.11021081552035, 40.630358027596515], [-74.11038332712391, 40.63033796986539]]}}, {"type": "Feature", "properties": {"segment_id": 1290803, "physicalid": "88264", "street_name": "OAKLAND AVE", "borough": "staten_island", "direction": "TF", "total_row_ft": 48.4, "roadbed_ft": 30.8, "median_ft": 0.0, "left_sw_ft": 9.0, "right_sw_ft": 8.5}, "geometry": {"type": "LineString", "coordinates": [[-74.11019994886733, 40.63030375970201], [-74.11037219212034, 40.630283733172185]]}}, {"type": "Feature", "properties": {"segment_id": 1290804, "physicalid": "88264", "street_name": "OAKLAND AVE", "borough": "staten_island", "direction": "TF", "total_row_ft": 48.3, "roadbed_ft": 30.8, "median_ft": 0.0, "left_sw_ft": 8.9, "right_sw_ft": 8.5}, "geometry": {"type": "LineString", "coordinates": [[-74.11018908223195, 40.63024949180619], [-74.11036105704638, 40.63022949648785]]}}, {"type": "Feature", "properties": {"segment_id": 1290805, "physicalid": "88264", "street_name": "OAKLAND AVE", "borough": "staten_island", "direction": "TF", "total_row_ft": 48.2, "roadbed_ft": 30.8, "median_ft": 0.0, "left_sw_ft": 8.8, "right_sw_ft": 8.6}, "geometry": {"type": "LineString", "coordinates": [[-74.11017821518566, 40.63019522395882], [-74.1103499219905, 40.630175259802165]]}}, {"type": "Feature", "properties": {"segment_id": 1290806, "physicalid": "88264", "street_name": "OAKLAND AVE", "borough": "staten_island", "direction": "TF", "total_row_ft": 48.3, "roadbed_ft": 30.8, "median_ft": 0.0, "left_sw_ft": 8.5, "right_sw_ft": 8.9}, "geometry": {"type": "LineString", "coordinates": [[-74.11016693238, 40.63014100445172], [-74.1103387866096, 40.63012102315491]]}}, {"type": "Feature", "properties": {"segment_id": 1290807, "physicalid": "88264", "street_name": "OAKLAND AVE", "borough": "staten_island", "direction": "TF", "total_row_ft": 48.2, "roadbed_ft": 30.8, "median_ft": 0.0, "left_sw_ft": 8.1, "right_sw_ft": 9.2}, "geometry": {"type": "LineString", "coordinates": [[-74.1101555417392, 40.63008679748314], [-74.11032713584258, 40.63006684643217]]}}, {"type": "Feature", "properties": {"segment_id": 1290808, "physicalid": "88264", "street_name": "OAKLAND AVE", "borough": "staten_island", "direction": "TF", "total_row_ft": 48.1, "roadbed_ft": 30.8, "median_ft": 0.0, "left_sw_ft": 7.7, "right_sw_ft": 9.6}, "geometry": {"type": "LineString", "coordinates": [[-74.11014415111694, 40.63003259051307], [-74.11031534364216, 40.63001268615456]]}}, {"type": "Feature", "properties": {"segment_id": 1290987, "physicalid": "88275", "street_name": "MYRTLE AVE", "borough": "staten_island", "direction": "TF", "total_row_ft": 150.0, "roadbed_ft": 120.0, "median_ft": 0.0, "left_sw_ft": 15.0, "right_sw_ft": 15.0}, "geometry": {"type": "LineString", "coordinates": [[-74.11140348334524, 40.63025461083124], [-74.111470724983, 40.63057997709162]]}}, {"type": "Feature", "properties": {"segment_id": 1290988, "physicalid": "88275", "street_name": "MYRTLE AVE", "borough": "staten_island", "direction": "TF", "total_row_ft": 56.0, "roadbed_ft": 26.0, "median_ft": 0.0, "left_sw_ft": 15.0, "right_sw_ft": 15.0}, "geometry": {"type": "LineString", "coordinates": [[-74.11147466012825, 40.63024607258009], [-74.11154190210443, 40.63057143879919]]}}, {"type": "Feature", "properties": {"segment_id": 1290989, "physicalid": "88275", "street_name": "MYRTLE AVE", "borough": "staten_island", "direction": "TF", "total_row_ft": 56.0, "roadbed_ft": 26.0, "median_ft": 0.0, "left_sw_ft": 15.0, "right_sw_ft": 15.0}, "geometry": {"type": "LineString", "coordinates": [[-74.11154583689307, 40.630237534284895], [-74.11161307920763, 40.63056290046265]]}}, {"type": "Feature", "properties": {"segment_id": 1290990, "physicalid": "88275", "street_name": "MYRTLE AVE", "borough": "staten_island", "direction": "TF", "total_row_ft": 56.7, "roadbed_ft": 26.7, "median_ft": 0.0, "left_sw_ft": 15.0, "right_sw_ft": 15.0}, "geometry": {"type": "LineString", "coordinates": [[-74.11161701363967, 40.63022899594563], [-74.11168425629263, 40.63055436208205]]}}, {"type": "Feature", "properties": {"segment_id": 1290991, "physicalid": "88275", "street_name": "MYRTLE AVE", "borough": "staten_island", "direction": "TF", "total_row_ft": 56.9, "roadbed_ft": 26.9, "median_ft": 0.0, "left_sw_ft": 15.0, "right_sw_ft": 15.0}, "geometry": {"type": "LineString", "coordinates": [[-74.11168819036804, 40.630220457562274], [-74.11175543335943, 40.6305458236574]]}}, {"type": "Feature", "properties": {"segment_id": 1290992, "physicalid": "88275", "street_name": "MYRTLE AVE", "borough": "staten_island", "direction": "TF", "total_row_ft": 57.0, "roadbed_ft": 27.0, "median_ft": 0.0, "left_sw_ft": 15.0, "right_sw_ft": 15.0}, "geometry": {"type": "LineString", "coordinates": [[-74.11175936707822, 40.63021191913488], [-74.111826610408, 40.630537285188645]]}}, {"type": "Feature", "properties": {"segment_id": 1290993, "physicalid": "88275", "street_name": "MYRTLE AVE", "borough": "staten_island", "direction": "TF", "total_row_ft": 57.2, "roadbed_ft": 27.2, "median_ft": 0.0, "left_sw_ft": 15.0, "right_sw_ft": 15.0}, "geometry": {"type": "LineString", "coordinates": [[-74.11183054377018, 40.63020338066338], [-74.11189778743837, 40.63052874667583]]}}, {"type": "Feature", "properties": {"segment_id": 1290994, "physicalid": "88275", "street_name": "MYRTLE AVE", "borough": "staten_island", "direction": "TF", "total_row_ft": 50.0, "roadbed_ft": 27.4, "median_ft": 0.0, "left_sw_ft": 7.6, "right_sw_ft": 15.0}, "geometry": {"type": "LineString", "coordinates": [[-74.11190172044394, 40.63019484214784], [-74.11194665659137, 40.63041226996064]]}}, {"type": "Feature", "properties": {"segment_id": 1290995, "physicalid": "88275", "street_name": "MYRTLE AVE", "borough": "staten_island", "direction": "TF", "total_row_ft": 50.9, "roadbed_ft": 28.3, "median_ft": 0.0, "left_sw_ft": 7.6, "right_sw_ft": 15.0}, "geometry": {"type": "LineString", "coordinates": [[-74.11197289709945, 40.63018630358822], [-74.11201798041434, 40.63040444235665]]}}, {"type": "Feature", "properties": {"segment_id": 1290996, "physicalid": "88275", "street_name": "MYRTLE AVE", "borough": "staten_island", "direction": "TF", "total_row_ft": 44.4, "roadbed_ft": 30.4, "median_ft": 0.0, "left_sw_ft": 7.3, "right_sw_ft": 6.7}, "geometry": {"type": "LineString", "coordinates": [[-74.1120643935801, 40.63027608363795], [-74.11208926140849, 40.63039640756109]]}}, {"type": "Feature", "properties": {"segment_id": 1290997, "physicalid": "88275", "street_name": "MYRTLE AVE", "borough": "staten_island", "direction": "TF", "total_row_ft": 44.0, "roadbed_ft": 30.7, "median_ft": 0.0, "left_sw_ft": 6.8, "right_sw_ft": 6.4}, "geometry": {"type": "LineString", "coordinates": [[-74.11213581693451, 40.63026873831705], [-74.11216047269762, 40.63038803553632]]}}, {"type": "Feature", "properties": {"segment_id": 1290998, "physicalid": "88275", "street_name": "MYRTLE AVE", "borough": "staten_island", "direction": "TF", "total_row_ft": 43.9, "roadbed_ft": 31.0, "median_ft": 0.0, "left_sw_ft": 6.7, "right_sw_ft": 6.2}, "geometry": {"type": "LineString", "coordinates": [[-74.11220724031587, 40.63026139315816], [-74.11223185133552, 40.63038047326733]]}}, {"type": "Feature", "properties": {"segment_id": 1290999, "physicalid": "88275", "street_name": "MYRTLE AVE", "borough": "staten_island", "direction": "TF", "total_row_ft": 44.0, "roadbed_ft": 30.9, "median_ft": 0.0, "left_sw_ft": 6.9, "right_sw_ft": 6.1}, "geometry": {"type": "LineString", "coordinates": [[-74.11227859985433, 40.630253739128946], [-74.11230322995725, 40.630372910953994]]}}, {"type": "Feature", "properties": {"segment_id": 1291000, "physicalid": "88275", "street_name": "MYRTLE AVE", "borough": "staten_island", "direction": "TF", "total_row_ft": 44.3, "roadbed_ft": 30.5, "median_ft": 0.0, "left_sw_ft": 7.2, "right_sw_ft": 6.6}, "geometry": {"type": "LineString", "coordinates": [[-74.11234978976765, 40.63024526441249], [-74.11237460855656, 40.63036534856621]]}}, {"type": "Feature", "properties": {"segment_id": 1291001, "physicalid": "88276", "street_name": "MYRTLE AVE", "borough": "staten_island", "direction": "TF", "total_row_ft": 82.6, "roadbed_ft": 34.4, "median_ft": 0.0, "left_sw_ft": 40.5, "right_sw_ft": 7.7}, "geometry": {"type": "LineString", "coordinates": [[-74.1125175024388, 40.63022529907918], [-74.11256182574795, 40.63044935651498]]}}, {"type": "Feature", "properties": {"segment_id": 1291002, "physicalid": "88276", "street_name": "MYRTLE AVE", "borough": "staten_island", "direction": "TF", "total_row_ft": 43.6, "roadbed_ft": 29.9, "median_ft": 0.0, "left_sw_ft": 5.7, "right_sw_ft": 8.0}, "geometry": {"type": "LineString", "coordinates": [[-74.1125886932843, 40.630216824096564], [-74.11261208135916, 40.63033505200847]]}}, {"type": "Feature", "properties": {"segment_id": 1291003, "physicalid": "88276", "street_name": "MYRTLE AVE", "borough": "staten_island", "direction": "TF", "total_row_ft": 43.9, "roadbed_ft": 30.2, "median_ft": 0.0, "left_sw_ft": 5.8, "right_sw_ft": 7.8}, "geometry": {"type": "LineString", "coordinates": [[-74.1126598841117, 40.63020834906987], [-74.11268344165855, 40.63032743302824]]}}, {"type": "Feature", "properties": {"segment_id": 1291004, "physicalid": "88276", "street_name": "MYRTLE AVE", "borough": "staten_island", "direction": "TF", "total_row_ft": 44.0, "roadbed_ft": 30.5, "median_ft": 0.0, "left_sw_ft": 6.0, "right_sw_ft": 7.4}, "geometry": {"type": "LineString", "coordinates": [[-74.11273119013158, 40.63020045638903], [-74.11275480192734, 40.63031981393141]]}}, {"type": "Feature", "properties": {"segment_id": 1291005, "physicalid": "88276", "street_name": "MYRTLE AVE", "borough": "staten_island", "direction": "TF", "total_row_ft": 44.1, "roadbed_ft": 31.0, "median_ft": 0.0, "left_sw_ft": 6.0, "right_sw_ft": 7.0}, "geometry": {"type": "LineString", "coordinates": [[-74.11280250518566, 40.630192609416966], [-74.11282616217832, 40.63031219478258]]}}, {"type": "Feature", "properties": {"segment_id": 1291006, "physicalid": "88276", "street_name": "MYRTLE AVE", "borough": "staten_island", "direction": "TF", "total_row_ft": 44.1, "roadbed_ft": 31.5, "median_ft": 0.0, "left_sw_ft": 5.9, "right_sw_ft": 6.7}, "geometry": {"type": "LineString", "coordinates": [[-74.1128738202088, 40.63018476232902], [-74.11289752241302, 40.6303045755895]]}}, {"type": "Feature", "properties": {"segment_id": 1291007, "physicalid": "88276", "street_name": "MYRTLE AVE", "borough": "staten_island", "direction": "TF", "total_row_ft": 43.9, "roadbed_ft": 31.9, "median_ft": 0.0, "left_sw_ft": 5.6, "right_sw_ft": 6.4}, "geometry": {"type": "LineString", "coordinates": [[-74.11294513518888, 40.63017691506387], [-74.11296872051935, 40.63029613689099]]}}, {"type": "Feature", "properties": {"segment_id": 1291008, "physicalid": "88276", "street_name": "MYRTLE AVE", "borough": "staten_island", "direction": "TF", "total_row_ft": 43.3, "roadbed_ft": 32.4, "median_ft": 0.0, "left_sw_ft": 4.8, "right_sw_ft": 6.1}, "geometry": {"type": "LineString", "coordinates": [[-74.11301645015217, 40.6301690677545], [-74.11303967745371, 40.630286479144495]]}}, {"type": "Feature", "properties": {"segment_id": 1291009, "physicalid": "88276", "street_name": "MYRTLE AVE", "borough": "staten_island", "direction": "TF", "total_row_ft": 42.9, "roadbed_ft": 32.6, "median_ft": 0.0, "left_sw_ft": 4.2, "right_sw_ft": 6.1}, "geometry": {"type": "LineString", "coordinates": [[-74.11308759486651, 40.63016035989943], [-74.11311063436754, 40.63027682135415]]}}, {"type": "Feature", "properties": {"segment_id": 1291010, "physicalid": "88276", "street_name": "MYRTLE AVE", "borough": "staten_island", "direction": "TF", "total_row_ft": 43.3, "roadbed_ft": 32.5, "median_ft": 0.0, "left_sw_ft": 4.7, "right_sw_ft": 6.1}, "geometry": {"type": "LineString", "coordinates": [[-74.11315871506714, 40.630151528181294], [-74.11318198955291, 40.63026917681648]]}}, {"type": "Feature", "properties": {"segment_id": 1291011, "physicalid": "88276", "street_name": "MYRTLE AVE", "borough": "staten_island", "direction": "TF", "total_row_ft": 43.8, "roadbed_ft": 32.3, "median_ft": 0.0, "left_sw_ft": 5.2, "right_sw_ft": 6.3}, "geometry": {"type": "LineString", "coordinates": [[-74.11322983524894, 40.630142696419135], [-74.11325337406778, 40.63026168057166]]}}, {"type": "Feature", "properties": {"segment_id": 1291012, "physicalid": "88276", "street_name": "MYRTLE AVE", "borough": "staten_island", "direction": "TF", "total_row_ft": 44.3, "roadbed_ft": 31.6, "median_ft": 0.0, "left_sw_ft": 5.8, "right_sw_ft": 7.0}, "geometry": {"type": "LineString", "coordinates": [[-74.11330095534693, 40.63013386428443], [-74.11332475853982, 40.63025418414718]]}}, {"type": "Feature", "properties": {"segment_id": 1291013, "physicalid": "88276", "street_name": "MYRTLE AVE", "borough": "staten_island", "direction": "TF", "total_row_ft": 45.0, "roadbed_ft": 31.5, "median_ft": 0.0, "left_sw_ft": 6.3, "right_sw_ft": 7.2}, "geometry": {"type": "LineString", "coordinates": [[-74.11337232807749, 40.63012630919799], [-74.11339648292002, 40.630248405907295]]}}, {"type": "Feature", "properties": {"segment_id": 1291014, "physicalid": "88276", "street_name": "MYRTLE AVE", "borough": "staten_island", "direction": "TF", "total_row_ft": 46.2, "roadbed_ft": 31.5, "median_ft": 0.0, "left_sw_ft": 7.6, "right_sw_ft": 7.2}, "geometry": {"type": "LineString", "coordinates": [[-74.11344380074141, 40.63011925928531], [-74.11346860497746, 40.63024463782997]]}}, {"type": "Feature", "properties": {"segment_id": 1291015, "physicalid": "88277", "street_name": "MYRTLE AVE", "borough": "staten_island", "direction": "TF", "total_row_ft": 150.0, "roadbed_ft": 120.0, "median_ft": 0.0, "left_sw_ft": 15.0, "right_sw_ft": 15.0}, "geometry": {"type": "LineString", "coordinates": [[-74.11357140971091, 40.630000082282294], [-74.1136384282294, 40.63032547524048]]}}, {"type": "Feature", "properties": {"segment_id": 1291016, "physicalid": "88277", "street_name": "MYRTLE AVE", "borough": "staten_island", "direction": "TF", "total_row_ft": 44.2, "roadbed_ft": 29.8, "median_ft": 0.0, "left_sw_ft": 7.9, "right_sw_ft": 6.6}, "geometry": {"type": "LineString", "coordinates": [[-74.11366415606821, 40.630096271203016], [-74.11368885617247, 40.630216196233945]]}}, {"type": "Feature", "properties": {"segment_id": 1291017, "physicalid": "88277", "street_name": "MYRTLE AVE", "borough": "staten_island", "direction": "TF", "total_row_ft": 43.8, "roadbed_ft": 29.7, "median_ft": 0.0, "left_sw_ft": 7.7, "right_sw_ft": 6.4}, "geometry": {"type": "LineString", "coordinates": [[-74.11373557249709, 40.630088897258815], [-74.11376005999551, 40.630207789418684]]}}, {"type": "Feature", "properties": {"segment_id": 1291018, "physicalid": "88277", "street_name": "MYRTLE AVE", "borough": "staten_island", "direction": "TF", "total_row_ft": 43.5, "roadbed_ft": 29.7, "median_ft": 0.0, "left_sw_ft": 7.7, "right_sw_ft": 6.1}, "geometry": {"type": "LineString", "coordinates": [[-74.1138069889102, 40.63008152327024], [-74.11383127280124, 40.63019942625896]]}}, {"type": "Feature", "properties": {"segment_id": 1291019, "physicalid": "88277", "street_name": "MYRTLE AVE", "borough": "staten_island", "direction": "TF", "total_row_ft": 43.1, "roadbed_ft": 29.7, "median_ft": 0.0, "left_sw_ft": 7.6, "right_sw_ft": 5.8}, "geometry": {"type": "LineString", "coordinates": [[-74.1138784053075, 40.63007414923731], [-74.1139024855891, 40.630191063055115]]}}, {"type": "Feature", "properties": {"segment_id": 1291020, "physicalid": "88277", "street_name": "MYRTLE AVE", "borough": "staten_island", "direction": "TF", "total_row_ft": 42.8, "roadbed_ft": 29.7, "median_ft": 0.0, "left_sw_ft": 7.5, "right_sw_ft": 5.5}, "geometry": {"type": "LineString", "coordinates": [[-74.11394982168136, 40.63006677512266], [-74.1139736983591, 40.63018269980716]]}}, {"type": "Feature", "properties": {"segment_id": 1291021, "physicalid": "88277", "street_name": "MYRTLE AVE", "borough": "staten_island", "direction": "TF", "total_row_ft": 42.6, "roadbed_ft": 29.7, "median_ft": 0.0, "left_sw_ft": 7.6, "right_sw_ft": 5.3}, "geometry": {"type": "LineString", "coordinates": [[-74.11402117529751, 40.63005909634378], [-74.11404496519899, 40.63017459911687]]}}, {"type": "Feature", "properties": {"segment_id": 1291022, "physicalid": "88277", "street_name": "MYRTLE AVE", "borough": "staten_island", "direction": "TF", "total_row_ft": 43.1, "roadbed_ft": 29.7, "median_ft": 0.0, "left_sw_ft": 7.7, "right_sw_ft": 5.6}, "geometry": {"type": "LineString", "coordinates": [[-74.11409222492713, 40.630049941714944], [-74.11411627870741, 40.630166725046024]]}}, {"type": "Feature", "properties": {"segment_id": 1291023, "physicalid": "88277", "street_name": "MYRTLE AVE", "borough": "staten_island", "direction": "TF", "total_row_ft": 43.5, "roadbed_ft": 29.7, "median_ft": 0.0, "left_sw_ft": 7.9, "right_sw_ft": 5.9}, "geometry": {"type": "LineString", "coordinates": [[-74.11416327458525, 40.63004078727522], [-74.11418759216632, 40.63015885077226]]}}, {"type": "Feature", "properties": {"segment_id": 1291024, "physicalid": "88277", "street_name": "MYRTLE AVE", "borough": "staten_island", "direction": "TF", "total_row_ft": 44.0, "roadbed_ft": 29.7, "median_ft": 0.0, "left_sw_ft": 8.1, "right_sw_ft": 6.2}, "geometry": {"type": "LineString", "coordinates": [[-74.11423432422453, 40.63003163279469], [-74.11425890554843, 40.63015097616313]]}}, {"type": "Feature", "properties": {"segment_id": 1291025, "physicalid": "88277", "street_name": "MYRTLE AVE", "borough": "staten_island", "direction": "TF", "total_row_ft": 43.6, "roadbed_ft": 29.7, "median_ft": 0.0, "left_sw_ft": 7.5, "right_sw_ft": 6.5}, "geometry": {"type": "LineString", "coordinates": [[-74.1143053738113, 40.63002247810994], [-74.11432975241007, 40.63014083663066]]}}, {"type": "Feature", "properties": {"segment_id": 1291026, "physicalid": "88277", "street_name": "MYRTLE AVE", "borough": "staten_island", "direction": "TF", "total_row_ft": 44.8, "roadbed_ft": 29.6, "median_ft": 0.0, "left_sw_ft": 8.5, "right_sw_ft": 6.7}, "geometry": {"type": "LineString", "coordinates": [[-74.11437642336223, 40.63001332330197], [-74.1144214368044, 40.6302318628855]]}}, {"type": "Feature", "properties": {"segment_id": 1291027, "physicalid": "88277", "street_name": "MYRTLE AVE", "borough": "staten_island", "direction": "TF", "total_row_ft": 45.5, "roadbed_ft": 29.7, "median_ft": 0.0, "left_sw_ft": 9.1, "right_sw_ft": 6.7}, "geometry": {"type": "LineString", "coordinates": [[-74.11444747289367, 40.63000416845004], [-74.11447289361661, 40.630127585219114]]}}, {"type": "Feature", "properties": {"segment_id": 1291028, "physicalid": "88277", "street_name": "MYRTLE AVE", "borough": "staten_island", "direction": "TF", "total_row_ft": 47.4, "roadbed_ft": 29.7, "median_ft": 0.0, "left_sw_ft": 11.1, "right_sw_ft": 6.6}, "geometry": {"type": "LineString", "coordinates": [[-74.11451860594981, 40.629995419157204], [-74.1145450902437, 40.63012399885316]]}}, {"type": "Feature", "properties": {"segment_id": 1291029, "physicalid": "88277", "street_name": "MYRTLE AVE", "borough": "staten_island", "direction": "TF", "total_row_ft": 47.2, "roadbed_ft": 29.7, "median_ft": 0.0, "left_sw_ft": 11.0, "right_sw_ft": 6.4}, "geometry": {"type": "LineString", "coordinates": [[-74.11458974341815, 40.629986691331816], [-74.11461608344857, 40.630114569977216]]}}, {"type": "Feature", "properties": {"segment_id": 1291030, "physicalid": "88277", "street_name": "MYRTLE AVE", "borough": "staten_island", "direction": "TF", "total_row_ft": 45.7, "roadbed_ft": 29.7, "median_ft": 0.0, "left_sw_ft": 9.7, "right_sw_ft": 6.2}, "geometry": {"type": "LineString", "coordinates": [[-74.11466090924857, 40.629978101247765], [-74.1146864144359, 40.63010192616661]]}}, {"type": "Feature", "properties": {"segment_id": 1291031, "physicalid": "88277", "street_name": "MYRTLE AVE", "borough": "staten_island", "direction": "TF", "total_row_ft": 44.7, "roadbed_ft": 29.7, "median_ft": 0.0, "left_sw_ft": 9.0, "right_sw_ft": 5.9}, "geometry": {"type": "LineString", "coordinates": [[-74.11473213541922, 40.62996980415293], [-74.11475708841704, 40.630090947628496]]}}, {"type": "Feature", "properties": {"segment_id": 1291032, "physicalid": "88277", "street_name": "MYRTLE AVE", "borough": "staten_island", "direction": "TF", "total_row_ft": 44.5, "roadbed_ft": 29.7, "median_ft": 0.0, "left_sw_ft": 8.9, "right_sw_ft": 6.0}, "geometry": {"type": "LineString", "coordinates": [[-74.11480336160754, 40.62996150718573], [-74.1148282368968, 40.630082272771304]]}}, {"type": "Feature", "properties": {"segment_id": 1291033, "physicalid": "88277", "street_name": "MYRTLE AVE", "borough": "staten_island", "direction": "TF", "total_row_ft": 44.4, "roadbed_ft": 29.7, "median_ft": 0.0, "left_sw_ft": 8.7, "right_sw_ft": 6.0}, "geometry": {"type": "LineString", "coordinates": [[-74.11487458784467, 40.62995321049727], [-74.11489938535358, 40.63007359784831]]}}, {"type": "Feature", "properties": {"segment_id": 1291034, "physicalid": "88277", "street_name": "MYRTLE AVE", "borough": "staten_island", "direction": "TF", "total_row_ft": 44.3, "roadbed_ft": 29.7, "median_ft": 0.0, "left_sw_ft": 8.6, "right_sw_ft": 6.0}, "geometry": {"type": "LineString", "coordinates": [[-74.11494581396947, 40.62994491330543], [-74.11497053377931, 40.630064922820324]]}}, {"type": "Feature", "properties": {"segment_id": 1291516, "physicalid": "88302", "street_name": "CAROLINE ST", "borough": "staten_island", "direction": "TF", "total_row_ft": 150.0, "roadbed_ft": 120.0, "median_ft": 0.0, "left_sw_ft": 15.0, "right_sw_ft": 15.0}, "geometry": {"type": "LineString", "coordinates": [[-74.11921196543268, 40.63433010817782], [-74.11964370707864, 40.63431266564064]]}}, {"type": "Feature", "properties": {"segment_id": 1291517, "physicalid": "88302", "street_name": "CAROLINE ST", "borough": "staten_island", "direction": "TF", "total_row_ft": 82.4, "roadbed_ft": 22.4, "median_ft": 0.0, "left_sw_ft": 50.9, "right_sw_ft": 9.2}, "geometry": {"type": "LineString", "coordinates": [[-74.11934347809502, 40.63426982229827], [-74.11963989095935, 40.63425784692313]]}}, {"type": "Feature", "properties": {"segment_id": 1291518, "physicalid": "88302", "street_name": "CAROLINE ST", "borough": "staten_island", "direction": "TF", "total_row_ft": 38.9, "roadbed_ft": 22.4, "median_ft": 0.0, "left_sw_ft": 7.3, "right_sw_ft": 9.2}, "geometry": {"type": "LineString", "coordinates": [[-74.11933738834861, 40.634215095434435], [-74.1194771756995, 40.63420944798468]]}}, {"type": "Feature", "properties": {"segment_id": 1291519, "physicalid": "88302", "street_name": "CAROLINE ST", "borough": "staten_island", "direction": "TF", "total_row_ft": 38.4, "roadbed_ft": 22.4, "median_ft": 0.0, "left_sw_ft": 6.9, "right_sw_ft": 9.2}, "geometry": {"type": "LineString", "coordinates": [[-74.1193312986122, 40.634160368569965], [-74.11946959633116, 40.63415478130539]]}}, {"type": "Feature", "properties": {"segment_id": 1291520, "physicalid": "88302", "street_name": "CAROLINE ST", "borough": "staten_island", "direction": "TF", "total_row_ft": 38.0, "roadbed_ft": 22.4, "median_ft": 0.0, "left_sw_ft": 6.4, "right_sw_ft": 9.3}, "geometry": {"type": "LineString", "coordinates": [[-74.11932520893296, 40.63410564170295], [-74.11946201693651, 40.634100114626854]]}}, {"type": "Feature", "properties": {"segment_id": 1291521, "physicalid": "88302", "street_name": "CAROLINE ST", "borough": "staten_island", "direction": "TF", "total_row_ft": 36.8, "roadbed_ft": 22.4, "median_ft": 0.0, "left_sw_ft": 6.0, "right_sw_ft": 8.5}, "geometry": {"type": "LineString", "coordinates": [[-74.11932201794652, 40.63405079772955], [-74.11945443754769, 40.63404544794778]]}}, {"type": "Feature", "properties": {"segment_id": 1291522, "physicalid": "88302", "street_name": "CAROLINE ST", "borough": "staten_island", "direction": "TF", "total_row_ft": 35.5, "roadbed_ft": 22.4, "median_ft": 0.0, "left_sw_ft": 5.5, "right_sw_ft": 7.6}, "geometry": {"type": "LineString", "coordinates": [[-74.11931918981291, 40.633995939096835], [-74.11944685820296, 40.63399078126657]]}}, {"type": "Feature", "properties": {"segment_id": 1291523, "physicalid": "88302", "street_name": "CAROLINE ST", "borough": "staten_island", "direction": "TF", "total_row_ft": 34.6, "roadbed_ft": 22.4, "median_ft": 0.0, "left_sw_ft": 5.3, "right_sw_ft": 7.0}, "geometry": {"type": "LineString", "coordinates": [[-74.1193163619372, 40.63394108045348], [-74.11944100125977, 40.63393604499874]]}}, {"type": "Feature", "properties": {"segment_id": 1291524, "physicalid": "88302", "street_name": "CAROLINE ST", "borough": "staten_island", "direction": "TF", "total_row_ft": 33.9, "roadbed_ft": 22.4, "median_ft": 0.0, "left_sw_ft": 5.1, "right_sw_ft": 6.5}, "geometry": {"type": "LineString", "coordinates": [[-74.11931353406615, 40.63388622180974], [-74.11943550076481, 40.63388129432991]]}}, {"type": "Feature", "properties": {"segment_id": 1291525, "physicalid": "88302", "street_name": "CAROLINE ST", "borough": "staten_island", "direction": "TF", "total_row_ft": 33.5, "roadbed_ft": 22.4, "median_ft": 0.0, "left_sw_ft": 4.9, "right_sw_ft": 6.3}, "geometry": {"type": "LineString", "coordinates": [[-74.1193096904022, 40.63383346760299], [-74.11942990754655, 40.63382562062202]]}}, {"type": "Feature", "properties": {"segment_id": 1291526, "physicalid": "88302", "street_name": "CAROLINE ST", "borough": "staten_island", "direction": "TF", "total_row_ft": 33.5, "roadbed_ft": 22.4, "median_ft": 0.0, "left_sw_ft": 4.7, "right_sw_ft": 6.5}, "geometry": {"type": "LineString", "coordinates": [[-74.11930408257713, 40.633778736763375], [-74.11942445964448, 40.63377087934302]]}}, {"type": "Feature", "properties": {"segment_id": 1291527, "physicalid": "88302", "street_name": "CAROLINE ST", "borough": "staten_island", "direction": "TF", "total_row_ft": 33.6, "roadbed_ft": 22.4, "median_ft": 0.0, "left_sw_ft": 4.5, "right_sw_ft": 6.7}, "geometry": {"type": "LineString", "coordinates": [[-74.11929847443083, 40.63372400594472], [-74.11941920167453, 40.63371612566641]]}}, {"type": "Feature", "properties": {"segment_id": 1291528, "physicalid": "88302", "street_name": "CAROLINE ST", "borough": "staten_island", "direction": "TF", "total_row_ft": 33.7, "roadbed_ft": 22.4, "median_ft": 0.0, "left_sw_ft": 4.4, "right_sw_ft": 7.0}, "geometry": {"type": "LineString", "coordinates": [[-74.11929286629373, 40.63366927512548], [-74.11941394375967, 40.63366137198619]]}}, {"type": "Feature", "properties": {"segment_id": 1291529, "physicalid": "88302", "street_name": "CAROLINE ST", "borough": "staten_island", "direction": "TF", "total_row_ft": 33.8, "roadbed_ft": 22.4, "median_ft": 0.0, "left_sw_ft": 4.6, "right_sw_ft": 6.9}, "geometry": {"type": "LineString", "coordinates": [[-74.11928725858401, 40.63361454427834], [-74.11940868602768, 40.633606618294046]]}}, {"type": "Feature", "properties": {"segment_id": 1291530, "physicalid": "88302", "street_name": "CAROLINE ST", "borough": "staten_island", "direction": "TF", "total_row_ft": 33.9, "roadbed_ft": 22.4, "median_ft": 0.0, "left_sw_ft": 4.7, "right_sw_ft": 6.8}, "geometry": {"type": "LineString", "coordinates": [[-74.11928165096704, 40.633559813425144], [-74.11940342833162, 40.633551864599546]]}}, {"type": "Feature", "properties": {"segment_id": 1291531, "physicalid": "88302", "street_name": "CAROLINE ST", "borough": "staten_island", "direction": "TF", "total_row_ft": 34.0, "roadbed_ft": 22.4, "median_ft": 0.0, "left_sw_ft": 5.1, "right_sw_ft": 6.5}, "geometry": {"type": "LineString", "coordinates": [[-74.11927696846338, 40.63350502218712], [-74.1193989611845, 40.633497059302776]]}}, {"type": "Feature", "properties": {"segment_id": 1291532, "physicalid": "88302", "street_name": "CAROLINE ST", "borough": "staten_island", "direction": "TF", "total_row_ft": 34.3, "roadbed_ft": 22.4, "median_ft": 0.0, "left_sw_ft": 5.8, "right_sw_ft": 6.1}, "geometry": {"type": "LineString", "coordinates": [[-74.11927252741867, 40.63345021518836], [-74.1193957547945, 40.633442171711344]]}}, {"type": "Feature", "properties": {"segment_id": 1291533, "physicalid": "88302", "street_name": "CAROLINE ST", "borough": "staten_island", "direction": "TF", "total_row_ft": 34.7, "roadbed_ft": 22.4, "median_ft": 0.0, "left_sw_ft": 6.5, "right_sw_ft": 5.8}, "geometry": {"type": "LineString", "coordinates": [[-74.11926808651637, 40.633395408180306], [-74.11939254878627, 40.6333872840949]]}}, {"type": "Feature", "properties": {"segment_id": 1291534, "physicalid": "88302", "street_name": "CAROLINE ST", "borough": "staten_island", "direction": "TF", "total_row_ft": 35.0, "roadbed_ft": 22.4, "median_ft": 0.0, "left_sw_ft": 7.1, "right_sw_ft": 5.5}, "geometry": {"type": "LineString", "coordinates": [[-74.11926379055761, 40.633342390016224], [-74.11938914165316, 40.63333107023303]]}}, {"type": "Feature", "properties": {"segment_id": 1291535, "physicalid": "88302", "street_name": "CAROLINE ST", "borough": "staten_island", "direction": "TF", "total_row_ft": 34.8, "roadbed_ft": 22.4, "median_ft": 0.0, "left_sw_ft": 7.0, "right_sw_ft": 5.4}, "geometry": {"type": "LineString", "coordinates": [[-74.11925884583552, 40.63328755647689], [-74.11938334873457, 40.63327631328634]]}}, {"type": "Feature", "properties": {"segment_id": 1291536, "physicalid": "88302", "street_name": "CAROLINE ST", "borough": "staten_island", "direction": "TF", "total_row_ft": 34.8, "roadbed_ft": 22.4, "median_ft": 0.0, "left_sw_ft": 6.9, "right_sw_ft": 5.5}, "geometry": {"type": "LineString", "coordinates": [[-74.11925322059159, 40.63323278439165], [-74.1193775559911, 40.63322155632407]]}}, {"type": "Feature", "properties": {"segment_id": 1291537, "physicalid": "88302", "street_name": "CAROLINE ST", "borough": "staten_island", "direction": "TF", "total_row_ft": 34.7, "roadbed_ft": 22.4, "median_ft": 0.0, "left_sw_ft": 6.8, "right_sw_ft": 5.6}, "geometry": {"type": "LineString", "coordinates": [[-74.11924759495756, 40.633178012341894], [-74.11937176326157, 40.63316679936081]]}}, {"type": "Feature", "properties": {"segment_id": 1291538, "physicalid": "88302", "street_name": "CAROLINE ST", "borough": "staten_island", "direction": "TF", "total_row_ft": 34.7, "roadbed_ft": 22.4, "median_ft": 0.0, "left_sw_ft": 6.7, "right_sw_ft": 5.6}, "geometry": {"type": "LineString", "coordinates": [[-74.11924196938821, 40.63312324028652], [-74.11936597054154, 40.633112042396924]]}}, {"type": "Feature", "properties": {"segment_id": 1291539, "physicalid": "88302", "street_name": "CAROLINE ST", "borough": "staten_island", "direction": "TF", "total_row_ft": 34.1, "roadbed_ft": 22.4, "median_ft": 0.0, "left_sw_ft": 6.2, "right_sw_ft": 5.5}, "geometry": {"type": "LineString", "coordinates": [[-74.11923634388636, 40.63306846822529], [-74.11935828919758, 40.633057455985984]]}}, {"type": "Feature", "properties": {"segment_id": 1291540, "physicalid": "88302", "street_name": "CAROLINE ST", "borough": "staten_island", "direction": "TF", "total_row_ft": 34.0, "roadbed_ft": 22.4, "median_ft": 0.0, "left_sw_ft": 5.7, "right_sw_ft": 5.9}, "geometry": {"type": "LineString", "coordinates": [[-74.11922878580731, 40.63301387068415], [-74.11935044956016, 40.6330028838701]]}}, {"type": "Feature", "properties": {"segment_id": 1291541, "physicalid": "88302", "street_name": "CAROLINE ST", "borough": "staten_island", "direction": "TF", "total_row_ft": 35.2, "roadbed_ft": 22.4, "median_ft": 0.0, "left_sw_ft": 5.4, "right_sw_ft": 7.4}, "geometry": {"type": "LineString", "coordinates": [[-74.11921671391485, 40.63295968075956], [-74.11934260935206, 40.63294831180606]]}}, {"type": "Feature", "properties": {"segment_id": 1291542, "physicalid": "88302", "street_name": "CAROLINE ST", "borough": "staten_island", "direction": "TF", "total_row_ft": 36.4, "roadbed_ft": 24.2, "median_ft": 0.0, "left_sw_ft": 4.0, "right_sw_ft": 8.2}, "geometry": {"type": "LineString", "coordinates": [[-74.11920464270823, 40.63290549077319], [-74.11933476909601, 40.63289373974667]]}}, {"type": "Feature", "properties": {"segment_id": 1291543, "physicalid": "88302", "street_name": "CAROLINE ST", "borough": "staten_island", "direction": "TF", "total_row_ft": 37.5, "roadbed_ft": 24.8, "median_ft": 0.0, "left_sw_ft": 4.8, "right_sw_ft": 7.9}, "geometry": {"type": "LineString", "coordinates": [[-74.11919292806635, 40.63285290138954], [-74.1193266823528, 40.63283745217214]]}}, {"type": "Feature", "properties": {"segment_id": 1291544, "physicalid": "88302", "street_name": "CAROLINE ST", "borough": "staten_island", "direction": "TF", "total_row_ft": 38.1, "roadbed_ft": 28.5, "median_ft": 0.0, "left_sw_ft": 4.7, "right_sw_ft": 4.9}, "geometry": {"type": "LineString", "coordinates": [[-74.11918086983623, 40.63279877107071], [-74.11931660677304, 40.63278309284885]]}}, {"type": "Feature", "properties": {"segment_id": 1291545, "physicalid": "88302", "street_name": "CAROLINE ST", "borough": "staten_island", "direction": "TF", "total_row_ft": 38.7, "roadbed_ft": 28.9, "median_ft": 0.0, "left_sw_ft": 4.0, "right_sw_ft": 5.8}, "geometry": {"type": "LineString", "coordinates": [[-74.11916746967768, 40.63274479575039], [-74.11930520238256, 40.632728887010636]]}}, {"type": "Feature", "properties": {"segment_id": 1291546, "physicalid": "88302", "street_name": "CAROLINE ST", "borough": "staten_island", "direction": "TF", "total_row_ft": 39.3, "roadbed_ft": 29.1, "median_ft": 0.0, "left_sw_ft": 3.3, "right_sw_ft": 6.9}, "geometry": {"type": "LineString", "coordinates": [[-74.11915384235705, 40.632690846668794], [-74.1192937980106, 40.632674681170954]]}}, {"type": "Feature", "properties": {"segment_id": 1291547, "physicalid": "88302", "street_name": "CAROLINE ST", "borough": "staten_island", "direction": "TF", "total_row_ft": 39.9, "roadbed_ft": 28.3, "median_ft": 0.0, "left_sw_ft": 3.7, "right_sw_ft": 7.9}, "geometry": {"type": "LineString", "coordinates": [[-74.11914021526054, 40.63263689756192], [-74.1192823937404, 40.632620475320245]]}}, {"type": "Feature", "properties": {"segment_id": 1291548, "physicalid": "88302", "street_name": "CAROLINE ST", "borough": "staten_island", "direction": "TF", "total_row_ft": 40.5, "roadbed_ft": 27.6, "median_ft": 0.0, "left_sw_ft": 4.0, "right_sw_ft": 8.9}, "geometry": {"type": "LineString", "coordinates": [[-74.11912658836874, 40.63258294843203], [-74.11927098954541, 40.63256626946151]]}}, {"type": "Feature", "properties": {"segment_id": 1291549, "physicalid": "88302", "street_name": "CAROLINE ST", "borough": "staten_island", "direction": "TF", "total_row_ft": 41.7, "roadbed_ft": 27.3, "median_ft": 0.0, "left_sw_ft": 5.0, "right_sw_ft": 9.4}, "geometry": {"type": "LineString", "coordinates": [[-74.11911296147164, 40.63252899930337], [-74.11926155171075, 40.632511836478955]]}}, {"type": "Feature", "properties": {"segment_id": 1291550, "physicalid": "88302", "street_name": "CAROLINE ST", "borough": "staten_island", "direction": "TF", "total_row_ft": 43.0, "roadbed_ft": 27.7, "median_ft": 0.0, "left_sw_ft": 5.8, "right_sw_ft": 9.5}, "geometry": {"type": "LineString", "coordinates": [[-74.11909933469853, 40.63247505016098], [-74.1192525408274, 40.63245735418203]]}}, {"type": "Feature", "properties": {"segment_id": 1327311, "physicalid": "90546", "street_name": "WINEGAR LN", "borough": "staten_island", "direction": "TW", "total_row_ft": 150.0, "roadbed_ft": 120.0, "median_ft": 0.0, "left_sw_ft": 15.0, "right_sw_ft": 15.0}, "geometry": {"type": "LineString", "coordinates": [[-74.1174334172335, 40.63593796064236], [-74.11737908144913, 40.635611197557495]]}}, {"type": "Feature", "properties": {"segment_id": 1327312, "physicalid": "90546", "street_name": "WINEGAR LN", "borough": "staten_island", "direction": "TW", "total_row_ft": 66.3, "roadbed_ft": 32.2, "median_ft": 0.0, "left_sw_ft": 6.3, "right_sw_ft": 27.8}, "geometry": {"type": "LineString", "coordinates": [[-74.11733760460031, 40.63579857913571], [-74.117307593304, 40.63561809644309]]}}, {"type": "Feature", "properties": {"segment_id": 1327313, "physicalid": "90546", "street_name": "WINEGAR LN", "borough": "staten_island", "direction": "TW", "total_row_ft": 46.7, "roadbed_ft": 32.5, "median_ft": 0.0, "left_sw_ft": 6.9, "right_sw_ft": 7.3}, "geometry": {"type": "LineString", "coordinates": [[-74.11726638862743, 40.63580711603068], [-74.11724523537988, 40.63567990338514]]}}, {"type": "Feature", "properties": {"segment_id": 1327314, "physicalid": "90546", "street_name": "WINEGAR LN", "borough": "staten_island", "direction": "TW", "total_row_ft": 46.9, "roadbed_ft": 33.1, "median_ft": 0.0, "left_sw_ft": 6.9, "right_sw_ft": 6.9}, "geometry": {"type": "LineString", "coordinates": [[-74.11719517263634, 40.63581565288151], [-74.11717394483577, 40.63568799106763]]}}, {"type": "Feature", "properties": {"segment_id": 1327315, "physicalid": "90546", "street_name": "WINEGAR LN", "borough": "staten_island", "direction": "TW", "total_row_ft": 46.9, "roadbed_ft": 33.4, "median_ft": 0.0, "left_sw_ft": 6.6, "right_sw_ft": 6.9}, "geometry": {"type": "LineString", "coordinates": [[-74.1171239566198, 40.63582418964474], [-74.11710270902027, 40.635696407945005]]}}, {"type": "Feature", "properties": {"segment_id": 1327316, "physicalid": "90546", "street_name": "WINEGAR LN", "borough": "staten_island", "direction": "TW", "total_row_ft": 47.0, "roadbed_ft": 33.4, "median_ft": 0.0, "left_sw_ft": 6.6, "right_sw_ft": 6.9}, "geometry": {"type": "LineString", "coordinates": [[-74.1170527405835, 40.63583272635458], [-74.11703147318909, 40.635704824791915]]}}, {"type": "Feature", "properties": {"segment_id": 1327317, "physicalid": "90546", "street_name": "WINEGAR LN", "borough": "staten_island", "direction": "TW", "total_row_ft": 47.0, "roadbed_ft": 33.5, "median_ft": 0.0, "left_sw_ft": 6.6, "right_sw_ft": 6.9}, "geometry": {"type": "LineString", "coordinates": [[-74.11698152445886, 40.63584126259873], [-74.11696023736728, 40.63571324175911]]}}, {"type": "Feature", "properties": {"segment_id": 1327318, "physicalid": "90546", "street_name": "WINEGAR LN", "borough": "staten_island", "direction": "TW", "total_row_ft": 47.0, "roadbed_ft": 33.7, "median_ft": 0.0, "left_sw_ft": 6.4, "right_sw_ft": 6.9}, "geometry": {"type": "LineString", "coordinates": [[-74.11691026064707, 40.63584951211579], [-74.1168890015275, 40.63572165868221]]}}, {"type": "Feature", "properties": {"segment_id": 1327319, "physicalid": "90546", "street_name": "WINEGAR LN", "borough": "staten_island", "direction": "TW", "total_row_ft": 46.9, "roadbed_ft": 33.7, "median_ft": 0.0, "left_sw_ft": 6.4, "right_sw_ft": 6.8}, "geometry": {"type": "LineString", "coordinates": [[-74.11683899512947, 40.635857751435786], [-74.11681776567086, 40.63573007556788]]}}, {"type": "Feature", "properties": {"segment_id": 1327320, "physicalid": "90546", "street_name": "WINEGAR LN", "borough": "staten_island", "direction": "TW", "total_row_ft": 46.8, "roadbed_ft": 33.8, "median_ft": 0.0, "left_sw_ft": 6.3, "right_sw_ft": 6.7}, "geometry": {"type": "LineString", "coordinates": [[-74.11676772959426, 40.63586599071159], [-74.1167465340623, 40.63573851806597]]}}, {"type": "Feature", "properties": {"segment_id": 1327321, "physicalid": "90546", "street_name": "WINEGAR LN", "borough": "staten_island", "direction": "TW", "total_row_ft": 46.6, "roadbed_ft": 33.8, "median_ft": 0.0, "left_sw_ft": 6.3, "right_sw_ft": 6.5}, "geometry": {"type": "LineString", "coordinates": [[-74.11669646540851, 40.63587423816484], [-74.11667536828013, 40.63574735651999]]}}, {"type": "Feature", "properties": {"segment_id": 1327322, "physicalid": "90546", "street_name": "WINEGAR LN", "borough": "staten_island", "direction": "TW", "total_row_ft": 46.4, "roadbed_ft": 33.8, "median_ft": 0.0, "left_sw_ft": 6.2, "right_sw_ft": 6.3}, "geometry": {"type": "LineString", "coordinates": [[-74.11662521593774, 40.63588257417876], [-74.11660420248462, 40.63575619496313]]}}, {"type": "Feature", "properties": {"segment_id": 1327323, "physicalid": "90546", "street_name": "WINEGAR LN", "borough": "staten_island", "direction": "TW", "total_row_ft": 46.2, "roadbed_ft": 33.6, "median_ft": 0.0, "left_sw_ft": 6.5, "right_sw_ft": 6.2}, "geometry": {"type": "LineString", "coordinates": [[-74.11655396644161, 40.63589091010295], [-74.11653303669794, 40.63576503352858]]}}, {"type": "Feature", "properties": {"segment_id": 1327324, "physicalid": "90546", "street_name": "WINEGAR LN", "borough": "staten_island", "direction": "TW", "total_row_ft": 46.0, "roadbed_ft": 33.3, "median_ft": 0.0, "left_sw_ft": 6.7, "right_sw_ft": 6.0}, "geometry": {"type": "LineString", "coordinates": [[-74.11648271689319, 40.635899245775526], [-74.1164618708924, 40.63577387204997]]}}, {"type": "Feature", "properties": {"segment_id": 1327325, "physicalid": "90546", "street_name": "WINEGAR LN", "borough": "staten_island", "direction": "TW", "total_row_ft": 46.3, "roadbed_ft": 33.1, "median_ft": 0.0, "left_sw_ft": 6.9, "right_sw_ft": 6.3}, "geometry": {"type": "LineString", "coordinates": [[-74.11641146732697, 40.63590758140391], [-74.11639050076919, 40.635781481806404]]}}, {"type": "Feature", "properties": {"segment_id": 1327326, "physicalid": "90546", "street_name": "WINEGAR LN", "borough": "staten_island", "direction": "TW", "total_row_ft": 46.6, "roadbed_ft": 32.9, "median_ft": 0.0, "left_sw_ft": 7.2, "right_sw_ft": 6.6}, "geometry": {"type": "LineString", "coordinates": [[-74.11634021774293, 40.63591591698816], [-74.11631911550768, 40.635789000569225]]}}, {"type": "Feature", "properties": {"segment_id": 1327327, "physicalid": "90546", "street_name": "WINEGAR LN", "borough": "staten_island", "direction": "TW", "total_row_ft": 47.2, "roadbed_ft": 33.4, "median_ft": 0.0, "left_sw_ft": 6.9, "right_sw_ft": 6.9}, "geometry": {"type": "LineString", "coordinates": [[-74.11626911068821, 40.63592510986148], [-74.11624773024334, 40.63579651936736]]}}, {"type": "Feature", "properties": {"segment_id": 1327328, "physicalid": "90546", "street_name": "WINEGAR LN", "borough": "staten_island", "direction": "TW", "total_row_ft": 47.9, "roadbed_ft": 34.8, "median_ft": 0.0, "left_sw_ft": 6.4, "right_sw_ft": 6.7}, "geometry": {"type": "LineString", "coordinates": [[-74.11619801975222, 40.63593439975363], [-74.11617634496292, 40.63580403812119]]}}, {"type": "Feature", "properties": {"segment_id": 1374508, "physicalid": "93575", "street_name": "MARKET ST", "borough": "staten_island", "direction": "FT", "total_row_ft": 135.0, "roadbed_ft": 77.8, "median_ft": 0.0, "left_sw_ft": 15.0, "right_sw_ft": 42.2}, "geometry": {"type": "LineString", "coordinates": [[-74.11473301144899, 40.63553465472912], [-74.11479611877459, 40.63586050170811]]}}, {"type": "Feature", "properties": {"segment_id": 1374509, "physicalid": "93575", "street_name": "MARKET ST", "borough": "staten_island", "direction": "FT", "total_row_ft": 48.3, "roadbed_ft": 30.3, "median_ft": 0.0, "left_sw_ft": 12.0, "right_sw_ft": 5.9}, "geometry": {"type": "LineString", "coordinates": [[-74.11482164220172, 40.63561619103614], [-74.11484703255442, 40.635747290333796]]}}, {"type": "Feature", "properties": {"segment_id": 1374510, "physicalid": "93575", "street_name": "MARKET ST", "borough": "staten_island", "direction": "FT", "total_row_ft": 47.0, "roadbed_ft": 30.3, "median_ft": 0.0, "left_sw_ft": 11.0, "right_sw_ft": 5.7}, "geometry": {"type": "LineString", "coordinates": [[-74.11489349505838, 40.635611096419815], [-74.11491822991427, 40.6357388104484]]}}, {"type": "Feature", "properties": {"segment_id": 1374511, "physicalid": "93575", "street_name": "MARKET ST", "borough": "staten_island", "direction": "FT", "total_row_ft": 45.8, "roadbed_ft": 30.3, "median_ft": 0.0, "left_sw_ft": 10.0, "right_sw_ft": 5.5}, "geometry": {"type": "LineString", "coordinates": [[-74.11496534790305, 40.63560600175326], [-74.11498943246237, 40.63573035740068]]}}, {"type": "Feature", "properties": {"segment_id": 1374512, "physicalid": "93575", "street_name": "MARKET ST", "borough": "staten_island", "direction": "FT", "total_row_ft": 45.3, "roadbed_ft": 30.3, "median_ft": 0.0, "left_sw_ft": 9.4, "right_sw_ft": 5.6}, "geometry": {"type": "LineString", "coordinates": [[-74.11503682768547, 40.63559898087574], [-74.1150606641852, 40.6357220550387]]}}, {"type": "Feature", "properties": {"segment_id": 1374513, "physicalid": "93575", "street_name": "MARKET ST", "borough": "staten_island", "direction": "FT", "total_row_ft": 45.2, "roadbed_ft": 30.3, "median_ft": 0.0, "left_sw_ft": 9.2, "right_sw_ft": 5.6}, "geometry": {"type": "LineString", "coordinates": [[-74.11510812937462, 40.63559104049208], [-74.11513189579858, 40.63571375215892]]}}, {"type": "Feature", "properties": {"segment_id": 1374514, "physicalid": "93575", "street_name": "MARKET ST", "borough": "staten_island", "direction": "FT", "total_row_ft": 45.2, "roadbed_ft": 30.3, "median_ft": 0.0, "left_sw_ft": 9.5, "right_sw_ft": 5.3}, "geometry": {"type": "LineString", "coordinates": [[-74.11517943104681, 40.63558310006422], [-74.11520317715399, 40.63570570615447]]}}, {"type": "Feature", "properties": {"segment_id": 1374515, "physicalid": "93575", "street_name": "MARKET ST", "borough": "staten_island", "direction": "FT", "total_row_ft": 45.2, "roadbed_ft": 30.3, "median_ft": 0.0, "left_sw_ft": 9.7, "right_sw_ft": 5.2}, "geometry": {"type": "LineString", "coordinates": [[-74.11525073270204, 40.635575159592115], [-74.11527451922159, 40.63569797366189]]}}, {"type": "Feature", "properties": {"segment_id": 1374516, "physicalid": "93575", "street_name": "MARKET ST", "borough": "staten_island", "direction": "FT", "total_row_ft": 45.3, "roadbed_ft": 30.3, "median_ft": 0.0, "left_sw_ft": 9.8, "right_sw_ft": 5.2}, "geometry": {"type": "LineString", "coordinates": [[-74.11532203433657, 40.635567219056675], [-74.11534586127264, 40.63569024112503]]}}, {"type": "Feature", "properties": {"segment_id": 1374517, "physicalid": "93575", "street_name": "MARKET ST", "borough": "staten_island", "direction": "FT", "total_row_ft": 45.4, "roadbed_ft": 30.3, "median_ft": 0.0, "left_sw_ft": 9.4, "right_sw_ft": 5.6}, "geometry": {"type": "LineString", "coordinates": [[-74.11539333583225, 40.63555927784753], [-74.11541718958415, 40.63568243769052]]}}, {"type": "Feature", "properties": {"segment_id": 1374518, "physicalid": "93575", "street_name": "MARKET ST", "borough": "staten_island", "direction": "FT", "total_row_ft": 44.8, "roadbed_ft": 30.3, "median_ft": 0.0, "left_sw_ft": 9.0, "right_sw_ft": 5.4}, "geometry": {"type": "LineString", "coordinates": [[-74.11546463740743, 40.63555133709241], [-74.11548818440701, 40.63567291246775]]}}, {"type": "Feature", "properties": {"segment_id": 1374519, "physicalid": "93575", "street_name": "MARKET ST", "borough": "staten_island", "direction": "FT", "total_row_ft": 44.2, "roadbed_ft": 30.3, "median_ft": 0.0, "left_sw_ft": 8.6, "right_sw_ft": 5.2}, "geometry": {"type": "LineString", "coordinates": [[-74.11553593909774, 40.635543396975024], [-74.11555917920961, 40.635663387201085]]}}, {"type": "Feature", "properties": {"segment_id": 1374520, "physicalid": "93575", "street_name": "MARKET ST", "borough": "staten_island", "direction": "FT", "total_row_ft": 43.7, "roadbed_ft": 30.3, "median_ft": 0.0, "left_sw_ft": 8.7, "right_sw_ft": 4.7}, "geometry": {"type": "LineString", "coordinates": [[-74.11560721527829, 40.63553532519293], [-74.11563017399193, 40.635653861890624]]}}, {"type": "Feature", "properties": {"segment_id": 1374521, "physicalid": "93575", "street_name": "MARKET ST", "borough": "staten_island", "direction": "FT", "total_row_ft": 43.6, "roadbed_ft": 30.3, "median_ft": 0.0, "left_sw_ft": 8.8, "right_sw_ft": 4.4}, "geometry": {"type": "LineString", "coordinates": [[-74.11567848825139, 40.635527236895655], [-74.11570141253206, 40.63564559516247]]}}, {"type": "Feature", "properties": {"segment_id": 1374522, "physicalid": "93575", "street_name": "MARKET ST", "borough": "staten_island", "direction": "FT", "total_row_ft": 43.6, "roadbed_ft": 30.3, "median_ft": 0.0, "left_sw_ft": 9.0, "right_sw_ft": 4.2}, "geometry": {"type": "LineString", "coordinates": [[-74.11574976120735, 40.6355191485548], [-74.11577266780772, 40.63563741488635]]}}, {"type": "Feature", "properties": {"segment_id": 1374523, "physicalid": "93575", "street_name": "MARKET ST", "borough": "staten_island", "direction": "FT", "total_row_ft": 43.5, "roadbed_ft": 30.3, "median_ft": 0.0, "left_sw_ft": 9.1, "right_sw_ft": 4.0}, "geometry": {"type": "LineString", "coordinates": [[-74.1158210341512, 40.63551106019641], [-74.11584392307127, 40.63562923459365]]}}, {"type": "Feature", "properties": {"segment_id": 1374524, "physicalid": "93575", "street_name": "MARKET ST", "borough": "staten_island", "direction": "FT", "total_row_ft": 43.8, "roadbed_ft": 30.3, "median_ft": 0.0, "left_sw_ft": 9.2, "right_sw_ft": 4.3}, "geometry": {"type": "LineString", "coordinates": [[-74.1158923070931, 40.63550297187315], [-74.11591536716256, 40.63562202924855]]}}, {"type": "Feature", "properties": {"segment_id": 1374525, "physicalid": "93576", "street_name": "MARKET ST", "borough": "staten_island", "direction": "FT", "total_row_ft": 99.5, "roadbed_ft": 75.2, "median_ft": 0.0, "left_sw_ft": 9.3, "right_sw_ft": 15.0}, "geometry": {"type": "LineString", "coordinates": [[-74.11604810486901, 40.63548511151236], [-74.11609471347235, 40.63571422780244]]}}, {"type": "Feature", "properties": {"segment_id": 1374526, "physicalid": "93576", "street_name": "MARKET ST", "borough": "staten_island", "direction": "FT", "total_row_ft": 44.0, "roadbed_ft": 30.3, "median_ft": 0.0, "left_sw_ft": 9.3, "right_sw_ft": 4.3}, "geometry": {"type": "LineString", "coordinates": [[-74.11611934705111, 40.63547686627828], [-74.11614361239128, 40.63559614822264]]}}, {"type": "Feature", "properties": {"segment_id": 1374527, "physicalid": "93576", "street_name": "MARKET ST", "borough": "staten_island", "direction": "FT", "total_row_ft": 43.5, "roadbed_ft": 30.3, "median_ft": 0.0, "left_sw_ft": 9.3, "right_sw_ft": 3.8}, "geometry": {"type": "LineString", "coordinates": [[-74.11619058921465, 40.63546862099542], [-74.11621460005047, 40.63558665124678]]}}, {"type": "Feature", "properties": {"segment_id": 1374528, "physicalid": "93576", "street_name": "MARKET ST", "borough": "staten_island", "direction": "FT", "total_row_ft": 43.2, "roadbed_ft": 30.3, "median_ft": 0.0, "left_sw_ft": 9.3, "right_sw_ft": 3.5}, "geometry": {"type": "LineString", "coordinates": [[-74.1162618313594, 40.63546037566254], [-74.11628566366309, 40.635577527688746]]}}, {"type": "Feature", "properties": {"segment_id": 1374529, "physicalid": "93576", "street_name": "MARKET ST", "borough": "staten_island", "direction": "FT", "total_row_ft": 43.1, "roadbed_ft": 30.3, "median_ft": 0.0, "left_sw_ft": 9.3, "right_sw_ft": 3.4}, "geometry": {"type": "LineString", "coordinates": [[-74.11633307354758, 40.635452130585534], [-74.11635683574825, 40.635568937395064]]}}, {"type": "Feature", "properties": {"segment_id": 1374530, "physicalid": "93576", "street_name": "MARKET ST", "borough": "staten_island", "direction": "FT", "total_row_ft": 43.2, "roadbed_ft": 30.3, "median_ft": 0.0, "left_sw_ft": 9.5, "right_sw_ft": 3.4}, "geometry": {"type": "LineString", "coordinates": [[-74.1164041674632, 40.63544315669656], [-74.1164280078151, 40.635560347057336]]}}, {"type": "Feature", "properties": {"segment_id": 1374531, "physicalid": "93576", "street_name": "MARKET ST", "borough": "staten_island", "direction": "FT", "total_row_ft": 43.5, "roadbed_ft": 30.3, "median_ft": 0.0, "left_sw_ft": 9.8, "right_sw_ft": 3.4}, "geometry": {"type": "LineString", "coordinates": [[-74.1164751778102, 40.63543377206658], [-74.11649917984258, 40.63555175657218]]}}, {"type": "Feature", "properties": {"segment_id": 1374532, "physicalid": "93576", "street_name": "MARKET ST", "borough": "staten_island", "direction": "FT", "total_row_ft": 43.8, "roadbed_ft": 30.3, "median_ft": 0.0, "left_sw_ft": 10.0, "right_sw_ft": 3.5}, "geometry": {"type": "LineString", "coordinates": [[-74.11654618814816, 40.63542438744642], [-74.11657035180976, 40.635543165836545]]}}, {"type": "Feature", "properties": {"segment_id": 1374533, "physicalid": "93576", "street_name": "MARKET ST", "borough": "staten_island", "direction": "FT", "total_row_ft": 44.1, "roadbed_ft": 30.3, "median_ft": 0.0, "left_sw_ft": 10.2, "right_sw_ft": 3.6}, "geometry": {"type": "LineString", "coordinates": [[-74.11661719848283, 40.635415002864335], [-74.11664155198045, 40.63553471378258]]}}, {"type": "Feature", "properties": {"segment_id": 1374534, "physicalid": "93576", "street_name": "MARKET ST", "borough": "staten_island", "direction": "FT", "total_row_ft": 44.6, "roadbed_ft": 30.3, "median_ft": 0.0, "left_sw_ft": 10.5, "right_sw_ft": 3.8}, "geometry": {"type": "LineString", "coordinates": [[-74.1166882087975, 40.63540561823839], [-74.11671279977416, 40.63552649586499]]}}, {"type": "Feature", "properties": {"segment_id": 1374535, "physicalid": "93576", "street_name": "MARKET ST", "borough": "staten_island", "direction": "FT", "total_row_ft": 45.0, "roadbed_ft": 30.3, "median_ft": 0.0, "left_sw_ft": 11.1, "right_sw_ft": 3.6}, "geometry": {"type": "LineString", "coordinates": [[-74.11675921906189, 40.63539623341958], [-74.11678404755033, 40.63551827790324]]}}, {"type": "Feature", "properties": {"segment_id": 1374536, "physicalid": "93576", "street_name": "MARKET ST", "borough": "staten_island", "direction": "FT", "total_row_ft": 45.4, "roadbed_ft": 30.3, "median_ft": 0.0, "left_sw_ft": 11.6, "right_sw_ft": 3.5}, "geometry": {"type": "LineString", "coordinates": [[-74.11683023204222, 40.635386862005134], [-74.11685529534613, 40.635510060080215]]}}, {"type": "Feature", "properties": {"segment_id": 1374537, "physicalid": "93576", "street_name": "MARKET ST", "borough": "staten_island", "direction": "FT", "total_row_ft": 45.8, "roadbed_ft": 30.3, "median_ft": 0.0, "left_sw_ft": 12.2, "right_sw_ft": 3.3}, "geometry": {"type": "LineString", "coordinates": [[-74.11690124615532, 40.63537749621312], [-74.11692654312553, 40.63550184221859]]}}, {"type": "Feature", "properties": {"segment_id": 1374538, "physicalid": "93576", "street_name": "MARKET ST", "borough": "staten_island", "direction": "FT", "total_row_ft": 46.3, "roadbed_ft": 30.3, "median_ft": 0.0, "left_sw_ft": 12.8, "right_sw_ft": 3.2}, "geometry": {"type": "LineString", "coordinates": [[-74.11697226028, 40.63536813053189], [-74.11699779088738, 40.63549362431279]]}}, {"type": "Feature", "properties": {"segment_id": 1374539, "physicalid": "93576", "street_name": "MARKET ST", "borough": "staten_island", "direction": "FT", "total_row_ft": 46.7, "roadbed_ft": 30.3, "median_ft": 0.0, "left_sw_ft": 13.2, "right_sw_ft": 3.2}, "geometry": {"type": "LineString", "coordinates": [[-74.11704327438468, 40.63535876480679], [-74.11706904278348, 40.63548542677054]]}}, {"type": "Feature", "properties": {"segment_id": 1374540, "physicalid": "93576", "street_name": "MARKET ST", "borough": "staten_island", "direction": "FT", "total_row_ft": 47.1, "roadbed_ft": 30.3, "median_ft": 0.0, "left_sw_ft": 13.7, "right_sw_ft": 3.2}, "geometry": {"type": "LineString", "coordinates": [[-74.11711428846948, 40.63534939903782], [-74.11714030091616, 40.63547725992523]]}}, {"type": "Feature", "properties": {"segment_id": 1374541, "physicalid": "93576", "street_name": "MARKET ST", "borough": "staten_island", "direction": "FT", "total_row_ft": 47.6, "roadbed_ft": 30.3, "median_ft": 0.0, "left_sw_ft": 14.1, "right_sw_ft": 3.1}, "geometry": {"type": "LineString", "coordinates": [[-74.11718530249429, 40.635340033028214], [-74.11721155903139, 40.63546909303574]]}}, {"type": "Feature", "properties": {"segment_id": 1374542, "physicalid": "93576", "street_name": "MARKET ST", "borough": "staten_island", "direction": "FT", "total_row_ft": 120.0, "roadbed_ft": 32.0, "median_ft": 0.0, "left_sw_ft": 44.2, "right_sw_ft": 43.7}, "geometry": {"type": "LineString", "coordinates": [[-74.11723905342645, 40.635245813137296], [-74.11730527258788, 40.63557130150615]]}}, {"type": "Feature", "properties": {"segment_id": 1404280, "physicalid": "95216", "street_name": "PELTON AVE", "borough": "staten_island", "direction": "FT", "total_row_ft": 135.0, "roadbed_ft": 77.7, "median_ft": 0.0, "left_sw_ft": 15.0, "right_sw_ft": 42.3}, "geometry": {"type": "LineString", "coordinates": [[-74.10999937058656, 40.634718866759705], [-74.1104269630535, 40.63467013492669]]}}, {"type": "Feature", "properties": {"segment_id": 1404281, "physicalid": "95216", "street_name": "PELTON AVE", "borough": "staten_island", "direction": "FT", "total_row_ft": 36.4, "roadbed_ft": 20.7, "median_ft": 0.0, "left_sw_ft": 8.5, "right_sw_ft": 7.2}, "geometry": {"type": "LineString", "coordinates": [[-74.11013097457003, 40.63464836167716], [-74.11026066548311, 40.63463358107888]]}}, {"type": "Feature", "properties": {"segment_id": 1404282, "physicalid": "95216", "street_name": "PELTON AVE", "borough": "staten_island", "direction": "FT", "total_row_ft": 35.5, "roadbed_ft": 20.6, "median_ft": 0.0, "left_sw_ft": 7.8, "right_sw_ft": 7.2}, "geometry": {"type": "LineString", "coordinates": [[-74.11012131584688, 40.63459395583127], [-74.11024794493892, 40.634579524183025]]}}, {"type": "Feature", "properties": {"segment_id": 1404283, "physicalid": "95216", "street_name": "PELTON AVE", "borough": "staten_island", "direction": "FT", "total_row_ft": 34.7, "roadbed_ft": 20.6, "median_ft": 0.0, "left_sw_ft": 7.1, "right_sw_ft": 6.9}, "geometry": {"type": "LineString", "coordinates": [[-74.11011165704727, 40.634539549994734], [-74.1102352235584, 40.63452546738312]]}}, {"type": "Feature", "properties": {"segment_id": 1404284, "physicalid": "95216", "street_name": "PELTON AVE", "borough": "staten_island", "direction": "FT", "total_row_ft": 33.8, "roadbed_ft": 20.6, "median_ft": 0.0, "left_sw_ft": 6.5, "right_sw_ft": 6.7}, "geometry": {"type": "LineString", "coordinates": [[-74.1101019983603, 40.63448514414605], [-74.11022250207616, 40.634471410595424]]}}, {"type": "Feature", "properties": {"segment_id": 1404285, "physicalid": "95216", "street_name": "PELTON AVE", "borough": "staten_island", "direction": "FT", "total_row_ft": 33.0, "roadbed_ft": 20.6, "median_ft": 0.0, "left_sw_ft": 5.8, "right_sw_ft": 6.5}, "geometry": {"type": "LineString", "coordinates": [[-74.11009233981619, 40.63443073828175], [-74.11020978066934, 40.63441735379974]]}}, {"type": "Feature", "properties": {"segment_id": 1404286, "physicalid": "95216", "street_name": "PELTON AVE", "borough": "staten_island", "direction": "FT", "total_row_ft": 32.3, "roadbed_ft": 20.6, "median_ft": 0.0, "left_sw_ft": 5.6, "right_sw_ft": 6.1}, "geometry": {"type": "LineString", "coordinates": [[-74.11008194315798, 40.634376416539], [-74.11019705926995, 40.63436329700386]]}}, {"type": "Feature", "properties": {"segment_id": 1404287, "physicalid": "95216", "street_name": "PELTON AVE", "borough": "staten_island", "direction": "FT", "total_row_ft": 32.3, "roadbed_ft": 20.6, "median_ft": 0.0, "left_sw_ft": 5.5, "right_sw_ft": 6.1}, "geometry": {"type": "LineString", "coordinates": [[-74.11007152001244, 40.63432209781559], [-74.11018653909672, 40.63430898933845]]}}, {"type": "Feature", "properties": {"segment_id": 1404288, "physicalid": "95216", "street_name": "PELTON AVE", "borough": "staten_island", "direction": "FT", "total_row_ft": 32.3, "roadbed_ft": 20.6, "median_ft": 0.0, "left_sw_ft": 5.5, "right_sw_ft": 6.2}, "geometry": {"type": "LineString", "coordinates": [[-74.11006109757346, 40.634267779012326], [-74.11017631723966, 40.63425464767512]]}}, {"type": "Feature", "properties": {"segment_id": 1404289, "physicalid": "95216", "street_name": "PELTON AVE", "borough": "staten_island", "direction": "FT", "total_row_ft": 32.4, "roadbed_ft": 20.6, "median_ft": 0.0, "left_sw_ft": 5.4, "right_sw_ft": 6.3}, "geometry": {"type": "LineString", "coordinates": [[-74.11005067491581, 40.63421346023468], [-74.11016609127925, 40.634200306480125]]}}, {"type": "Feature", "properties": {"segment_id": 1404290, "physicalid": "95216", "street_name": "PELTON AVE", "borough": "staten_island", "direction": "FT", "total_row_ft": 32.4, "roadbed_ft": 20.6, "median_ft": 0.0, "left_sw_ft": 5.4, "right_sw_ft": 6.4}, "geometry": {"type": "LineString", "coordinates": [[-74.11004025206407, 40.6341591414798], [-74.11015586155821, 40.63414596571436]]}}, {"type": "Feature", "properties": {"segment_id": 1404291, "physicalid": "95216", "street_name": "PELTON AVE", "borough": "staten_island", "direction": "FT", "total_row_ft": 32.6, "roadbed_ft": 20.6, "median_ft": 0.0, "left_sw_ft": 5.4, "right_sw_ft": 6.5}, "geometry": {"type": "LineString", "coordinates": [[-74.11002958646897, 40.63410485039041], [-74.11014563151195, 40.63409162498634]]}}, {"type": "Feature", "properties": {"segment_id": 1404292, "physicalid": "95216", "street_name": "PELTON AVE", "borough": "staten_island", "direction": "FT", "total_row_ft": 32.8, "roadbed_ft": 20.6, "median_ft": 0.0, "left_sw_ft": 5.4, "right_sw_ft": 6.8}, "geometry": {"type": "LineString", "coordinates": [[-74.11001856210689, 40.63405060018942], [-74.11013537148594, 40.63403728767574]]}}, {"type": "Feature", "properties": {"segment_id": 1404293, "physicalid": "95216", "street_name": "PELTON AVE", "borough": "staten_island", "direction": "FT", "total_row_ft": 33.0, "roadbed_ft": 20.6, "median_ft": 0.0, "left_sw_ft": 5.3, "right_sw_ft": 7.1}, "geometry": {"type": "LineString", "coordinates": [[-74.11000753815287, 40.63399634994255], [-74.11012511204332, 40.633982950299306]]}}, {"type": "Feature", "properties": {"segment_id": 1404294, "physicalid": "95216", "street_name": "PELTON AVE", "borough": "staten_island", "direction": "FT", "total_row_ft": 33.2, "roadbed_ft": 20.6, "median_ft": 0.0, "left_sw_ft": 5.2, "right_sw_ft": 7.4}, "geometry": {"type": "LineString", "coordinates": [[-74.10999651419249, 40.633942099697094], [-74.11011485236925, 40.63392861294993]]}}, {"type": "Feature", "properties": {"segment_id": 1404295, "physicalid": "95216", "street_name": "PELTON AVE", "borough": "staten_island", "direction": "FT", "total_row_ft": 33.4, "roadbed_ft": 20.6, "median_ft": 0.0, "left_sw_ft": 5.1, "right_sw_ft": 7.7}, "geometry": {"type": "LineString", "coordinates": [[-74.10998549019834, 40.633887849456144], [-74.11010459251267, 40.633874275622034]]}}, {"type": "Feature", "properties": {"segment_id": 1404296, "physicalid": "95216", "street_name": "PELTON AVE", "borough": "staten_island", "direction": "FT", "total_row_ft": 33.5, "roadbed_ft": 20.6, "median_ft": 0.0, "left_sw_ft": 4.9, "right_sw_ft": 7.9}, "geometry": {"type": "LineString", "coordinates": [[-74.10997514086742, 40.63383352232631], [-74.11009433263172, 40.633819938297556]]}}, {"type": "Feature", "properties": {"segment_id": 1404297, "physicalid": "95216", "street_name": "PELTON AVE", "borough": "staten_island", "direction": "FT", "total_row_ft": 33.5, "roadbed_ft": 20.6, "median_ft": 0.0, "left_sw_ft": 4.9, "right_sw_ft": 7.9}, "geometry": {"type": "LineString", "coordinates": [[-74.1099648612179, 40.63377918725577], [-74.11008416689099, 40.633765590244764]]}}, {"type": "Feature", "properties": {"segment_id": 1404298, "physicalid": "95216", "street_name": "PELTON AVE", "borough": "staten_island", "direction": "FT", "total_row_ft": 33.5, "roadbed_ft": 20.6, "median_ft": 0.0, "left_sw_ft": 4.9, "right_sw_ft": 8.0}, "geometry": {"type": "LineString", "coordinates": [[-74.10995458104144, 40.63372485224595], [-74.11007410422849, 40.633711230444966]]}}, {"type": "Feature", "properties": {"segment_id": 1404299, "physicalid": "95216", "street_name": "PELTON AVE", "borough": "staten_island", "direction": "FT", "total_row_ft": 33.6, "roadbed_ft": 20.6, "median_ft": 0.0, "left_sw_ft": 5.0, "right_sw_ft": 8.0}, "geometry": {"type": "LineString", "coordinates": [[-74.1099443006489, 40.633670517261386], [-74.1100640419399, 40.63365687060322]]}}, {"type": "Feature", "properties": {"segment_id": 1404365, "physicalid": "95217", "street_name": "PELTON AVE", "borough": "staten_island", "direction": "FT", "total_row_ft": 150.0, "roadbed_ft": 120.0, "median_ft": 0.0, "left_sw_ft": 15.0, "right_sw_ft": 15.0}, "geometry": {"type": "LineString", "coordinates": [[-74.11058669655792, 40.63772910542678], [-74.11101436888794, 40.63768068306497]]}}, {"type": "Feature", "properties": {"segment_id": 1404366, "physicalid": "95217", "street_name": "PELTON AVE", "borough": "staten_island", "direction": "FT", "total_row_ft": 42.3, "roadbed_ft": 28.9, "median_ft": 0.0, "left_sw_ft": 6.2, "right_sw_ft": 7.2}, "geometry": {"type": "LineString", "coordinates": [[-74.11071452685911, 40.637659133521], [-74.11086537368953, 40.63764205418432]]}}, {"type": "Feature", "properties": {"segment_id": 1404367, "physicalid": "95217", "street_name": "PELTON AVE", "borough": "staten_island", "direction": "FT", "total_row_ft": 42.3, "roadbed_ft": 28.9, "median_ft": 0.0, "left_sw_ft": 6.4, "right_sw_ft": 7.0}, "geometry": {"type": "LineString", "coordinates": [[-74.11070372030267, 40.63760485832056], [-74.11085450534735, 40.63758778597996]]}}, {"type": "Feature", "properties": {"segment_id": 1404368, "physicalid": "95217", "street_name": "PELTON AVE", "borough": "staten_island", "direction": "FT", "total_row_ft": 42.3, "roadbed_ft": 28.9, "median_ft": 0.0, "left_sw_ft": 6.6, "right_sw_ft": 6.8}, "geometry": {"type": "LineString", "coordinates": [[-74.1106929137638, 40.63755058311878], [-74.11084363702284, 40.63753351777429]]}}, {"type": "Feature", "properties": {"segment_id": 1404369, "physicalid": "95217", "street_name": "PELTON AVE", "borough": "staten_island", "direction": "FT", "total_row_ft": 42.3, "roadbed_ft": 28.9, "median_ft": 0.0, "left_sw_ft": 6.7, "right_sw_ft": 6.6}, "geometry": {"type": "LineString", "coordinates": [[-74.11068210734908, 40.637496307903575], [-74.110832768716, 40.637479249567235]]}}, {"type": "Feature", "properties": {"segment_id": 1404370, "physicalid": "95217", "street_name": "PELTON AVE", "borough": "staten_island", "direction": "FT", "total_row_ft": 42.3, "roadbed_ft": 28.9, "median_ft": 0.0, "left_sw_ft": 6.9, "right_sw_ft": 6.4}, "geometry": {"type": "LineString", "coordinates": [[-74.11067130097915, 40.63744203268395], [-74.11082190047347, 40.637424981353576]]}}, {"type": "Feature", "properties": {"segment_id": 1404371, "physicalid": "95217", "street_name": "PELTON AVE", "borough": "staten_island", "direction": "FT", "total_row_ft": 42.2, "roadbed_ft": 28.9, "median_ft": 0.0, "left_sw_ft": 7.0, "right_sw_ft": 6.3}, "geometry": {"type": "LineString", "coordinates": [[-74.11066062606598, 40.63738774258113], [-74.1108110065949, 40.637370716043144]]}}, {"type": "Feature", "properties": {"segment_id": 1404372, "physicalid": "95217", "street_name": "PELTON AVE", "borough": "staten_island", "direction": "FT", "total_row_ft": 42.0, "roadbed_ft": 28.9, "median_ft": 0.0, "left_sw_ft": 7.0, "right_sw_ft": 6.1}, "geometry": {"type": "LineString", "coordinates": [[-74.11065012108199, 40.63733343323922], [-74.11079991221737, 40.63731647343461]]}}, {"type": "Feature", "properties": {"segment_id": 1404373, "physicalid": "95217", "street_name": "PELTON AVE", "borough": "staten_island", "direction": "FT", "total_row_ft": 41.9, "roadbed_ft": 28.9, "median_ft": 0.0, "left_sw_ft": 7.0, "right_sw_ft": 5.9}, "geometry": {"type": "LineString", "coordinates": [[-74.11063961611508, 40.637279123896015], [-74.11078881785788, 40.637262230824696]]}}, {"type": "Feature", "properties": {"segment_id": 1404374, "physicalid": "95217", "street_name": "PELTON AVE", "borough": "staten_island", "direction": "FT", "total_row_ft": 41.7, "roadbed_ft": 28.9, "median_ft": 0.0, "left_sw_ft": 7.1, "right_sw_ft": 5.7}, "geometry": {"type": "LineString", "coordinates": [[-74.11062911113832, 40.637224814554564], [-74.11077772351642, 40.63720798821338]]}}, {"type": "Feature", "properties": {"segment_id": 1404375, "physicalid": "95217", "street_name": "PELTON AVE", "borough": "staten_island", "direction": "FT", "total_row_ft": 41.5, "roadbed_ft": 28.9, "median_ft": 0.0, "left_sw_ft": 7.1, "right_sw_ft": 5.5}, "geometry": {"type": "LineString", "coordinates": [[-74.11061860603175, 40.637170505228504], [-74.11076662898711, 40.637153745624]]}}, {"type": "Feature", "properties": {"segment_id": 1404376, "physicalid": "95217", "street_name": "PELTON AVE", "borough": "staten_island", "direction": "FT", "total_row_ft": 41.4, "roadbed_ft": 28.9, "median_ft": 0.0, "left_sw_ft": 7.1, "right_sw_ft": 5.4}, "geometry": {"type": "LineString", "coordinates": [[-74.11060810094227, 40.63711619590113], [-74.11075553439335, 40.637099503042556]]}}, {"type": "Feature", "properties": {"segment_id": 1404377, "physicalid": "95217", "street_name": "PELTON AVE", "borough": "staten_island", "direction": "FT", "total_row_ft": 41.2, "roadbed_ft": 28.9, "median_ft": 0.0, "left_sw_ft": 7.1, "right_sw_ft": 5.2}, "geometry": {"type": "LineString", "coordinates": [[-74.11059759586989, 40.63706188657248], [-74.11074443981767, 40.637045260459715]]}}, {"type": "Feature", "properties": {"segment_id": 1404378, "physicalid": "95217", "street_name": "PELTON AVE", "borough": "staten_island", "direction": "FT", "total_row_ft": 41.0, "roadbed_ft": 28.9, "median_ft": 0.0, "left_sw_ft": 7.0, "right_sw_ft": 5.1}, "geometry": {"type": "LineString", "coordinates": [[-74.11058732156965, 40.63700755111591], [-74.11073356830028, 40.636990992622074]]}}, {"type": "Feature", "properties": {"segment_id": 1404379, "physicalid": "95217", "street_name": "PELTON AVE", "borough": "staten_island", "direction": "FT", "total_row_ft": 41.0, "roadbed_ft": 28.9, "median_ft": 0.0, "left_sw_ft": 6.9, "right_sw_ft": 5.1}, "geometry": {"type": "LineString", "coordinates": [[-74.11057709905515, 40.636953209796715], [-74.11072318648885, 40.63693666933873]]}}, {"type": "Feature", "properties": {"segment_id": 1404380, "physicalid": "95217", "street_name": "PELTON AVE", "borough": "staten_island", "direction": "FT", "total_row_ft": 40.9, "roadbed_ft": 28.9, "median_ft": 0.0, "left_sw_ft": 6.9, "right_sw_ft": 5.2}, "geometry": {"type": "LineString", "coordinates": [[-74.11056687662898, 40.63689886846816], [-74.11071280463786, 40.63688234606056]]}}, {"type": "Feature", "properties": {"segment_id": 1404381, "physicalid": "95217", "street_name": "PELTON AVE", "borough": "staten_island", "direction": "FT", "total_row_ft": 40.9, "roadbed_ft": 28.9, "median_ft": 0.0, "left_sw_ft": 6.8, "right_sw_ft": 5.2}, "geometry": {"type": "LineString", "coordinates": [[-74.11055665421947, 40.63684452713837], [-74.11070242280374, 40.63682802278112]]}}, {"type": "Feature", "properties": {"segment_id": 1404382, "physicalid": "95217", "street_name": "PELTON AVE", "borough": "staten_island", "direction": "FT", "total_row_ft": 40.9, "roadbed_ft": 28.9, "median_ft": 0.0, "left_sw_ft": 6.8, "right_sw_ft": 5.1}, "geometry": {"type": "LineString", "coordinates": [[-74.11054643179791, 40.6367901858106], [-74.11069204098654, 40.636773699500424]]}}, {"type": "Feature", "properties": {"segment_id": 1404383, "physicalid": "95217", "street_name": "PELTON AVE", "borough": "staten_island", "direction": "FT", "total_row_ft": 40.9, "roadbed_ft": 28.9, "median_ft": 0.0, "left_sw_ft": 7.0, "right_sw_ft": 5.0}, "geometry": {"type": "LineString", "coordinates": [[-74.11053576315365, 40.63673589500588], [-74.11068165894609, 40.636719376245644]]}}, {"type": "Feature", "properties": {"segment_id": 1404384, "physicalid": "95217", "street_name": "PELTON AVE", "borough": "staten_island", "direction": "FT", "total_row_ft": 41.0, "roadbed_ft": 28.9, "median_ft": 0.0, "left_sw_ft": 7.1, "right_sw_ft": 5.0}, "geometry": {"type": "LineString", "coordinates": [[-74.11052509289102, 40.636681604385046], [-74.11067127595311, 40.63666505309938]]}}, {"type": "Feature", "properties": {"segment_id": 1404385, "physicalid": "95217", "street_name": "PELTON AVE", "borough": "staten_island", "direction": "FT", "total_row_ft": 41.1, "roadbed_ft": 28.9, "median_ft": 0.0, "left_sw_ft": 7.3, "right_sw_ft": 4.9}, "geometry": {"type": "LineString", "coordinates": [[-74.11051442264574, 40.636627313762865], [-74.11066083327835, 40.63661073671119]]}}, {"type": "Feature", "properties": {"segment_id": 1404386, "physicalid": "95217", "street_name": "PELTON AVE", "borough": "staten_island", "direction": "FT", "total_row_ft": 41.1, "roadbed_ft": 28.9, "median_ft": 0.0, "left_sw_ft": 7.5, "right_sw_ft": 4.7}, "geometry": {"type": "LineString", "coordinates": [[-74.11050375258372, 40.636573023120626], [-74.11065039066064, 40.63655642031714]]}}, {"type": "Feature", "properties": {"segment_id": 1404387, "physicalid": "95217", "street_name": "PELTON AVE", "borough": "staten_island", "direction": "FT", "total_row_ft": 41.2, "roadbed_ft": 28.9, "median_ft": 0.0, "left_sw_ft": 7.4, "right_sw_ft": 4.9}, "geometry": {"type": "LineString", "coordinates": [[-74.11049308265737, 40.63651873246369], [-74.11063994729089, 40.63650210400893]]}}, {"type": "Feature", "properties": {"segment_id": 1404388, "physicalid": "95217", "street_name": "PELTON AVE", "borough": "staten_island", "direction": "FT", "total_row_ft": 41.3, "roadbed_ft": 28.9, "median_ft": 0.0, "left_sw_ft": 7.2, "right_sw_ft": 5.1}, "geometry": {"type": "LineString", "coordinates": [[-74.11048241274835, 40.63646444180544], [-74.11062950430097, 40.63644778765836]]}}, {"type": "Feature", "properties": {"segment_id": 1404389, "physicalid": "95217", "street_name": "PELTON AVE", "borough": "staten_island", "direction": "FT", "total_row_ft": 41.3, "roadbed_ft": 28.9, "median_ft": 0.0, "left_sw_ft": 7.1, "right_sw_ft": 5.3}, "geometry": {"type": "LineString", "coordinates": [[-74.11047174285673, 40.636410151145846], [-74.11061906133963, 40.636393471305205]]}}, {"type": "Feature", "properties": {"segment_id": 1404390, "physicalid": "95217", "street_name": "PELTON AVE", "borough": "staten_island", "direction": "FT", "total_row_ft": 41.3, "roadbed_ft": 28.9, "median_ft": 0.0, "left_sw_ft": 6.8, "right_sw_ft": 5.6}, "geometry": {"type": "LineString", "coordinates": [[-74.1104615177297, 40.63635581012964], [-74.1106086183254, 40.63633915495867]]}}, {"type": "Feature", "properties": {"segment_id": 1404391, "physicalid": "95217", "street_name": "PELTON AVE", "borough": "staten_island", "direction": "FT", "total_row_ft": 41.1, "roadbed_ft": 28.9, "median_ft": 0.0, "left_sw_ft": 6.5, "right_sw_ft": 5.6}, "geometry": {"type": "LineString", "coordinates": [[-74.11045165855593, 40.636301427679996], [-74.11059817524334, 40.63628483862052]]}}, {"type": "Feature", "properties": {"segment_id": 1404392, "physicalid": "95217", "street_name": "PELTON AVE", "borough": "staten_island", "direction": "FT", "total_row_ft": 40.9, "roadbed_ft": 28.9, "median_ft": 0.0, "left_sw_ft": 6.4, "right_sw_ft": 5.6}, "geometry": {"type": "LineString", "coordinates": [[-74.11044179930967, 40.63624704523921], [-74.11058772620284, 40.63623052295763]]}}, {"type": "Feature", "properties": {"segment_id": 1404393, "physicalid": "95217", "street_name": "PELTON AVE", "borough": "staten_island", "direction": "FT", "total_row_ft": 40.8, "roadbed_ft": 28.9, "median_ft": 0.0, "left_sw_ft": 6.4, "right_sw_ft": 5.5}, "geometry": {"type": "LineString", "coordinates": [[-74.11043194075438, 40.636192662720845], [-74.11057727344087, 40.636176207716765]]}}, {"type": "Feature", "properties": {"segment_id": 1404394, "physicalid": "95217", "street_name": "PELTON AVE", "borough": "staten_island", "direction": "FT", "total_row_ft": 40.6, "roadbed_ft": 28.9, "median_ft": 0.0, "left_sw_ft": 6.3, "right_sw_ft": 5.4}, "geometry": {"type": "LineString", "coordinates": [[-74.1104220820375, 40.63613828022145], [-74.11056682091915, 40.63612189244934]]}}, {"type": "Feature", "properties": {"segment_id": 1404395, "physicalid": "95217", "street_name": "PELTON AVE", "borough": "staten_island", "direction": "FT", "total_row_ft": 40.4, "roadbed_ft": 28.9, "median_ft": 0.0, "left_sw_ft": 6.2, "right_sw_ft": 5.4}, "geometry": {"type": "LineString", "coordinates": [[-74.11041222331176, 40.63608389772371], [-74.1105563684064, 40.63606757718154]]}}, {"type": "Feature", "properties": {"segment_id": 1404396, "physicalid": "95217", "street_name": "PELTON AVE", "borough": "staten_island", "direction": "FT", "total_row_ft": 40.4, "roadbed_ft": 28.9, "median_ft": 0.0, "left_sw_ft": 6.2, "right_sw_ft": 5.3}, "geometry": {"type": "LineString", "coordinates": [[-74.11040182114817, 40.63602957675592], [-74.11054591583604, 40.63601326192095]]}}, {"type": "Feature", "properties": {"segment_id": 1404397, "physicalid": "95217", "street_name": "PELTON AVE", "borough": "staten_island", "direction": "FT", "total_row_ft": 40.6, "roadbed_ft": 28.9, "median_ft": 0.0, "left_sw_ft": 6.3, "right_sw_ft": 5.4}, "geometry": {"type": "LineString", "coordinates": [[-74.11039070926483, 40.63597533614493], [-74.11053546328269, 40.63595894665908]]}}, {"type": "Feature", "properties": {"segment_id": 1404398, "physicalid": "95217", "street_name": "PELTON AVE", "borough": "staten_island", "direction": "FT", "total_row_ft": 40.7, "roadbed_ft": 28.9, "median_ft": 0.0, "left_sw_ft": 6.4, "right_sw_ft": 5.4}, "geometry": {"type": "LineString", "coordinates": [[-74.11037959792954, 40.63592109547254], [-74.11052477585311, 40.635904657991425]]}}, {"type": "Feature", "properties": {"segment_id": 1404399, "physicalid": "95217", "street_name": "PELTON AVE", "borough": "staten_island", "direction": "FT", "total_row_ft": 40.8, "roadbed_ft": 28.9, "median_ft": 0.0, "left_sw_ft": 6.5, "right_sw_ft": 5.4}, "geometry": {"type": "LineString", "coordinates": [[-74.11036848659434, 40.63586685480079], [-74.11051405651082, 40.635850372937675]]}}, {"type": "Feature", "properties": {"segment_id": 1404400, "physicalid": "95217", "street_name": "PELTON AVE", "borough": "staten_island", "direction": "FT", "total_row_ft": 41.0, "roadbed_ft": 28.9, "median_ft": 0.0, "left_sw_ft": 6.6, "right_sw_ft": 5.4}, "geometry": {"type": "LineString", "coordinates": [[-74.11035737498358, 40.6358126141609], [-74.11050333754997, 40.63579608784143]]}}, {"type": "Feature", "properties": {"segment_id": 1404401, "physicalid": "95217", "street_name": "PELTON AVE", "borough": "staten_island", "direction": "FT", "total_row_ft": 41.1, "roadbed_ft": 28.9, "median_ft": 0.0, "left_sw_ft": 6.7, "right_sw_ft": 5.4}, "geometry": {"type": "LineString", "coordinates": [[-74.11034626339087, 40.63575837351959], [-74.1104926189111, 40.63574180270934]]}}, {"type": "Feature", "properties": {"segment_id": 1404402, "physicalid": "95217", "street_name": "PELTON AVE", "borough": "staten_island", "direction": "FT", "total_row_ft": 41.2, "roadbed_ft": 28.9, "median_ft": 0.0, "left_sw_ft": 6.8, "right_sw_ft": 5.5}, "geometry": {"type": "LineString", "coordinates": [[-74.11033515169244, 40.63570413289094], [-74.110481900416, 40.63568751756163]]}}, {"type": "Feature", "properties": {"segment_id": 1404403, "physicalid": "95217", "street_name": "PELTON AVE", "borough": "staten_island", "direction": "FT", "total_row_ft": 41.2, "roadbed_ft": 28.9, "median_ft": 0.0, "left_sw_ft": 6.8, "right_sw_ft": 5.5}, "geometry": {"type": "LineString", "coordinates": [[-74.1103242890647, 40.63564986406258], [-74.11047118202758, 40.635633232402505]]}}, {"type": "Feature", "properties": {"segment_id": 1404404, "physicalid": "95217", "street_name": "PELTON AVE", "borough": "staten_island", "direction": "FT", "total_row_ft": 41.1, "roadbed_ft": 28.9, "median_ft": 0.0, "left_sw_ft": 6.6, "right_sw_ft": 5.5}, "geometry": {"type": "LineString", "coordinates": [[-74.11031414270057, 40.63559551413782], [-74.11046046348498, 40.63557894726151]]}}, {"type": "Feature", "properties": {"segment_id": 1404405, "physicalid": "95217", "street_name": "PELTON AVE", "borough": "staten_island", "direction": "FT", "total_row_ft": 40.9, "roadbed_ft": 28.9, "median_ft": 0.0, "left_sw_ft": 6.5, "right_sw_ft": 5.5}, "geometry": {"type": "LineString", "coordinates": [[-74.11030399658001, 40.63554116418614], [-74.11044974486344, 40.63552466213008]]}}, {"type": "Feature", "properties": {"segment_id": 1404406, "physicalid": "95217", "street_name": "PELTON AVE", "borough": "staten_island", "direction": "FT", "total_row_ft": 40.7, "roadbed_ft": 28.9, "median_ft": 0.0, "left_sw_ft": 6.3, "right_sw_ft": 5.5}, "geometry": {"type": "LineString", "coordinates": [[-74.11029385060456, 40.635486814218694], [-74.1104390259111, 40.63547037703678]]}}, {"type": "Feature", "properties": {"segment_id": 1404407, "physicalid": "95217", "street_name": "PELTON AVE", "borough": "staten_island", "direction": "FT", "total_row_ft": 40.6, "roadbed_ft": 28.9, "median_ft": 0.0, "left_sw_ft": 6.1, "right_sw_ft": 5.5}, "geometry": {"type": "LineString", "coordinates": [[-74.11028370470184, 40.63543246424366], [-74.1104283069293, 40.6354160919475]]}}, {"type": "Feature", "properties": {"segment_id": 1404408, "physicalid": "95217", "street_name": "PELTON AVE", "borough": "staten_island", "direction": "FT", "total_row_ft": 40.4, "roadbed_ft": 28.9, "median_ft": 0.0, "left_sw_ft": 5.9, "right_sw_ft": 5.6}, "geometry": {"type": "LineString", "coordinates": [[-74.11027355890897, 40.63537811425684], [-74.11041758797272, 40.63536180685597]]}}, {"type": "Feature", "properties": {"segment_id": 1404409, "physicalid": "95217", "street_name": "PELTON AVE", "borough": "staten_island", "direction": "FT", "total_row_ft": 40.5, "roadbed_ft": 28.9, "median_ft": 0.0, "left_sw_ft": 5.8, "right_sw_ft": 5.8}, "geometry": {"type": "LineString", "coordinates": [[-74.1102634129488, 40.63532376428963], [-74.11040766435492, 40.63530743171395]]}}, {"type": "Feature", "properties": {"segment_id": 1404410, "physicalid": "95217", "street_name": "PELTON AVE", "borough": "staten_island", "direction": "FT", "total_row_ft": 40.7, "roadbed_ft": 28.9, "median_ft": 0.0, "left_sw_ft": 5.6, "right_sw_ft": 6.2}, "geometry": {"type": "LineString", "coordinates": [[-74.11025326660119, 40.63526941436695], [-74.11039829178686, 40.63525299418071]]}}, {"type": "Feature", "properties": {"segment_id": 1404411, "physicalid": "95217", "street_name": "PELTON AVE", "borough": "staten_island", "direction": "FT", "total_row_ft": 41.3, "roadbed_ft": 28.9, "median_ft": 0.0, "left_sw_ft": 5.8, "right_sw_ft": 6.6}, "geometry": {"type": "LineString", "coordinates": [[-74.1102416253392, 40.635215233702596], [-74.11038891839092, 40.63519855674186]]}}, {"type": "Feature", "properties": {"segment_id": 1404412, "physicalid": "95217", "street_name": "PELTON AVE", "borough": "staten_island", "direction": "FT", "total_row_ft": 42.1, "roadbed_ft": 28.9, "median_ft": 0.0, "left_sw_ft": 6.2, "right_sw_ft": 6.9}, "geometry": {"type": "LineString", "coordinates": [[-74.11022961647451, 40.63516109465974], [-74.11037954510293, 40.63514411929144]]}}, {"type": "Feature", "properties": {"segment_id": 1404413, "physicalid": "95217", "street_name": "PELTON AVE", "borough": "staten_island", "direction": "FT", "total_row_ft": 42.8, "roadbed_ft": 28.9, "median_ft": 0.0, "left_sw_ft": 6.6, "right_sw_ft": 7.3}, "geometry": {"type": "LineString", "coordinates": [[-74.11021760747533, 40.63510695563273], [-74.11037017195407, 40.63508968182591]]}}, {"type": "Feature", "properties": {"segment_id": 1404414, "physicalid": "95217", "street_name": "PELTON AVE", "borough": "staten_island", "direction": "FT", "total_row_ft": 43.5, "roadbed_ft": 28.9, "median_ft": 0.0, "left_sw_ft": 7.0, "right_sw_ft": 7.7}, "geometry": {"type": "LineString", "coordinates": [[-74.11020559798322, 40.635052816662146], [-74.11036079891815, 40.635035244348245]]}}, {"type": "Feature", "properties": {"segment_id": 1404415, "physicalid": "95217", "street_name": "PELTON AVE", "borough": "staten_island", "direction": "FT", "total_row_ft": 44.3, "roadbed_ft": 29.0, "median_ft": 0.0, "left_sw_ft": 7.4, "right_sw_ft": 7.9}, "geometry": {"type": "LineString", "coordinates": [[-74.11019358853082, 40.634998677687726], [-74.1103514258898, 40.63498080687037]]}}, {"type": "Feature", "properties": {"segment_id": 1404416, "physicalid": "95217", "street_name": "PELTON AVE", "borough": "staten_island", "direction": "FT", "total_row_ft": 45.0, "roadbed_ft": 29.6, "median_ft": 0.0, "left_sw_ft": 7.7, "right_sw_ft": 7.7}, "geometry": {"type": "LineString", "coordinates": [[-74.11018157926652, 40.63494453869264], [-74.11034205312592, 40.63492636936318]]}}, {"type": "Feature", "properties": {"segment_id": 1404417, "physicalid": "95217", "street_name": "PELTON AVE", "borough": "staten_island", "direction": "FT", "total_row_ft": 45.8, "roadbed_ft": 30.4, "median_ft": 0.0, "left_sw_ft": 7.9, "right_sw_ft": 7.5}, "geometry": {"type": "LineString", "coordinates": [[-74.11016957022322, 40.634890399673175], [-74.11033268029215, 40.63487193186454]]}}, {"type": "Feature", "properties": {"segment_id": 1404418, "physicalid": "95217", "street_name": "PELTON AVE", "borough": "staten_island", "direction": "FT", "total_row_ft": 52.0, "roadbed_ft": 31.3, "median_ft": 0.0, "left_sw_ft": 8.0, "right_sw_ft": 12.7}, "geometry": {"type": "LineString", "coordinates": [[-74.11015756133337, 40.634836260636966], [-74.11045290118354, 40.63480282120485]]}}, {"type": "Feature", "properties": {"segment_id": 1408079, "physicalid": "95463", "street_name": "MARKHAM LN", "borough": "staten_island", "direction": "TW", "total_row_ft": 150.0, "roadbed_ft": 120.0, "median_ft": 0.0, "left_sw_ft": 15.0, "right_sw_ft": 15.0}, "geometry": {"type": "LineString", "coordinates": [[-74.11536692745146, 40.63895957576646], [-74.11542897880037, 40.63928554065118]]}}, {"type": "Feature", "properties": {"segment_id": 1408080, "physicalid": "95463", "street_name": "MARKHAM LN", "borough": "staten_island", "direction": "TW", "total_row_ft": 54.4, "roadbed_ft": 37.5, "median_ft": 0.0, "left_sw_ft": 8.5, "right_sw_ft": 8.3}, "geometry": {"type": "LineString", "coordinates": [[-74.11545400570344, 40.63903449306375], [-74.11548212452108, 40.63918220455786]]}}, {"type": "Feature", "properties": {"segment_id": 1408081, "physicalid": "95463", "street_name": "MARKHAM LN", "borough": "staten_island", "direction": "TW", "total_row_ft": 54.1, "roadbed_ft": 37.4, "median_ft": 0.0, "left_sw_ft": 8.5, "right_sw_ft": 8.2}, "geometry": {"type": "LineString", "coordinates": [[-74.11552542443023, 40.639027148299846], [-74.11555337962646, 40.6391739994464]]}}, {"type": "Feature", "properties": {"segment_id": 1408082, "physicalid": "95463", "street_name": "MARKHAM LN", "borough": "staten_island", "direction": "TW", "total_row_ft": 53.7, "roadbed_ft": 37.2, "median_ft": 0.0, "left_sw_ft": 8.5, "right_sw_ft": 8.0}, "geometry": {"type": "LineString", "coordinates": [[-74.1155968431413, 40.63901980349157], [-74.11562463471431, 40.63916579429079]]}}, {"type": "Feature", "properties": {"segment_id": 1408083, "physicalid": "95463", "street_name": "MARKHAM LN", "borough": "staten_island", "direction": "TW", "total_row_ft": 53.6, "roadbed_ft": 37.2, "median_ft": 0.0, "left_sw_ft": 8.5, "right_sw_ft": 8.0}, "geometry": {"type": "LineString", "coordinates": [[-74.11566826183665, 40.639012458638945], [-74.11569600138921, 40.63915817535194]]}}, {"type": "Feature", "properties": {"segment_id": 1408084, "physicalid": "95463", "street_name": "MARKHAM LN", "borough": "staten_island", "direction": "TW", "total_row_ft": 53.7, "roadbed_ft": 37.2, "median_ft": 0.0, "left_sw_ft": 8.5, "right_sw_ft": 8.1}, "geometry": {"type": "LineString", "coordinates": [[-74.11573963888493, 40.63900489505203], [-74.11576742666755, 40.6391508642976]]}}, {"type": "Feature", "properties": {"segment_id": 1408085, "physicalid": "95463", "street_name": "MARKHAM LN", "borough": "staten_island", "direction": "TW", "total_row_ft": 54.0, "roadbed_ft": 37.2, "median_ft": 0.0, "left_sw_ft": 8.7, "right_sw_ft": 8.1}, "geometry": {"type": "LineString", "coordinates": [[-74.11581091348812, 40.6389967933634], [-74.11583885195854, 40.639143553347594]]}}, {"type": "Feature", "properties": {"segment_id": 1408086, "physicalid": "95463", "street_name": "MARKHAM LN", "borough": "staten_island", "direction": "TW", "total_row_ft": 54.3, "roadbed_ft": 37.2, "median_ft": 0.0, "left_sw_ft": 8.9, "right_sw_ft": 8.2}, "geometry": {"type": "LineString", "coordinates": [[-74.115882188074, 40.63898869163057], [-74.1159102772339, 40.63913624235324]]}}, {"type": "Feature", "properties": {"segment_id": 1408087, "physicalid": "95464", "street_name": "MARKHAM LN", "borough": "staten_island", "direction": "TW", "total_row_ft": 54.3, "roadbed_ft": 37.9, "median_ft": 0.0, "left_sw_ft": 8.8, "right_sw_ft": 7.6}, "geometry": {"type": "LineString", "coordinates": [[-74.11603308091357, 40.638973021945155], [-74.11605952222472, 40.63912058549152]]}}, {"type": "Feature", "properties": {"segment_id": 1408088, "physicalid": "95464", "street_name": "MARKHAM LN", "borough": "staten_island", "direction": "TW", "total_row_ft": 54.1, "roadbed_ft": 37.2, "median_ft": 0.0, "left_sw_ft": 8.7, "right_sw_ft": 8.2}, "geometry": {"type": "LineString", "coordinates": [[-74.11610451057682, 40.638965757710864], [-74.11613088544327, 40.639112949564186]]}}, {"type": "Feature", "properties": {"segment_id": 1408089, "physicalid": "95464", "street_name": "MARKHAM LN", "borough": "staten_island", "direction": "TW", "total_row_ft": 55.0, "roadbed_ft": 37.0, "median_ft": 0.0, "left_sw_ft": 9.7, "right_sw_ft": 8.2}, "geometry": {"type": "LineString", "coordinates": [[-74.11617547049526, 40.63895587199467], [-74.116202248671, 40.63910531373494]]}}, {"type": "Feature", "properties": {"segment_id": 1408090, "physicalid": "95464", "street_name": "MARKHAM LN", "borough": "staten_island", "direction": "TW", "total_row_ft": 54.0, "roadbed_ft": 36.9, "median_ft": 0.0, "left_sw_ft": 8.9, "right_sw_ft": 8.2}, "geometry": {"type": "LineString", "coordinates": [[-74.11624729670561, 40.63895082087441], [-74.11627361188239, 40.639097677861386]]}}, {"type": "Feature", "properties": {"segment_id": 1408091, "physicalid": "95464", "street_name": "MARKHAM LN", "borough": "staten_island", "direction": "TW", "total_row_ft": 53.7, "roadbed_ft": 37.0, "median_ft": 0.0, "left_sw_ft": 8.5, "right_sw_ft": 8.2}, "geometry": {"type": "LineString", "coordinates": [[-74.11631882018273, 40.63894408031445], [-74.116344994097, 40.639090148084954]]}}, {"type": "Feature", "properties": {"segment_id": 1408092, "physicalid": "95464", "street_name": "MARKHAM LN", "borough": "staten_island", "direction": "TW", "total_row_ft": 53.7, "roadbed_ft": 37.1, "median_ft": 0.0, "left_sw_ft": 8.3, "right_sw_ft": 8.3}, "geometry": {"type": "LineString", "coordinates": [[-74.11639024264615, 40.63893677606944], [-74.11641639398135, 40.63908271696211]]}}, {"type": "Feature", "properties": {"segment_id": 1408093, "physicalid": "95465", "street_name": "MARKHAM LN", "borough": "staten_island", "direction": "TW", "total_row_ft": 104.7, "roadbed_ft": 80.8, "median_ft": 0.0, "left_sw_ft": 8.9, "right_sw_ft": 15.0}, "geometry": {"type": "LineString", "coordinates": [[-74.1165667856534, 40.63891612852999], [-74.11660196261055, 40.639160757897244]]}}, {"type": "Feature", "properties": {"segment_id": 1408094, "physicalid": "95465", "street_name": "MARKHAM LN", "borough": "staten_island", "direction": "TW", "total_row_ft": 54.3, "roadbed_ft": 37.2, "median_ft": 0.0, "left_sw_ft": 8.8, "right_sw_ft": 8.2}, "geometry": {"type": "LineString", "coordinates": [[-74.11663820643122, 40.63890866459751], [-74.11665950634429, 40.63905678864317]]}}, {"type": "Feature", "properties": {"segment_id": 1408095, "physicalid": "95465", "street_name": "MARKHAM LN", "borough": "staten_island", "direction": "TW", "total_row_ft": 54.2, "roadbed_ft": 37.1, "median_ft": 0.0, "left_sw_ft": 8.8, "right_sw_ft": 8.3}, "geometry": {"type": "LineString", "coordinates": [[-74.1167096559665, 40.638901400716236], [-74.11673090382165, 40.63904916164374]]}}, {"type": "Feature", "properties": {"segment_id": 1408096, "physicalid": "95465", "street_name": "MARKHAM LN", "borough": "staten_island", "direction": "TW", "total_row_ft": 54.0, "roadbed_ft": 36.9, "median_ft": 0.0, "left_sw_ft": 8.7, "right_sw_ft": 8.4}, "geometry": {"type": "LineString", "coordinates": [[-74.11678110548623, 40.63889413679059], [-74.11680230128269, 40.63904153459996]]}}, {"type": "Feature", "properties": {"segment_id": 1408097, "physicalid": "95465", "street_name": "MARKHAM LN", "borough": "staten_island", "direction": "TW", "total_row_ft": 53.9, "roadbed_ft": 36.8, "median_ft": 0.0, "left_sw_ft": 8.6, "right_sw_ft": 8.5}, "geometry": {"type": "LineString", "coordinates": [[-74.11685255499042, 40.63888687282052], [-74.11687369741068, 40.63903389835527]]}}, {"type": "Feature", "properties": {"segment_id": 1408098, "physicalid": "95465", "street_name": "MARKHAM LN", "borough": "staten_island", "direction": "TW", "total_row_ft": 54.2, "roadbed_ft": 36.6, "median_ft": 0.0, "left_sw_ft": 9.0, "right_sw_ft": 8.6}, "geometry": {"type": "LineString", "coordinates": [[-74.11692380875658, 40.63887824774842], [-74.11694508805591, 40.63902622405292]]}}, {"type": "Feature", "properties": {"segment_id": 1408099, "physicalid": "95465", "street_name": "MARKHAM LN", "borough": "staten_island", "direction": "TW", "total_row_ft": 54.1, "roadbed_ft": 36.9, "median_ft": 0.0, "left_sw_ft": 8.3, "right_sw_ft": 8.9}, "geometry": {"type": "LineString", "coordinates": [[-74.11699542752842, 40.6388721609978], [-74.11701666880333, 40.63901987177866]]}}, {"type": "Feature", "properties": {"segment_id": 1408100, "physicalid": "95465", "street_name": "MARKHAM LN", "borough": "staten_island", "direction": "TW", "total_row_ft": 91.1, "roadbed_ft": 36.8, "median_ft": 0.0, "left_sw_ft": 8.6, "right_sw_ft": 45.7}, "geometry": {"type": "LineString", "coordinates": [[-74.11706767771906, 40.63887046512534], [-74.11710340575382, 40.639118913856095]]}}, {"type": "Feature", "properties": {"segment_id": 1408101, "physicalid": "95466", "street_name": "MARKHAM LN", "borough": "staten_island", "direction": "TW", "total_row_ft": 56.8, "roadbed_ft": 38.4, "median_ft": 0.0, "left_sw_ft": 10.2, "right_sw_ft": 8.2}, "geometry": {"type": "LineString", "coordinates": [[-74.11719897347425, 40.63886609129195], [-74.11719774219645, 40.63902202243179]]}}, {"type": "Feature", "properties": {"segment_id": 1408102, "physicalid": "95466", "street_name": "MARKHAM LN", "borough": "staten_island", "direction": "TW", "total_row_ft": 50.6, "roadbed_ft": 36.6, "median_ft": 0.0, "left_sw_ft": 8.5, "right_sw_ft": 5.5}, "geometry": {"type": "LineString", "coordinates": [[-74.11727099945115, 40.638870940548394], [-74.11726990216523, 40.63900992174861]]}}, {"type": "Feature", "properties": {"segment_id": 1408103, "physicalid": "95466", "street_name": "MARKHAM LN", "borough": "staten_island", "direction": "TW", "total_row_ft": 53.9, "roadbed_ft": 36.7, "median_ft": 0.0, "left_sw_ft": 8.5, "right_sw_ft": 8.7}, "geometry": {"type": "LineString", "coordinates": [[-74.11734306341648, 40.63887097883792], [-74.11734189495444, 40.63901899536656]]}}, {"type": "Feature", "properties": {"segment_id": 1408104, "physicalid": "95466", "street_name": "MARKHAM LN", "borough": "staten_island", "direction": "TW", "total_row_ft": 53.9, "roadbed_ft": 37.0, "median_ft": 0.0, "left_sw_ft": 8.6, "right_sw_ft": 8.3}, "geometry": {"type": "LineString", "coordinates": [[-74.1174151273819, 40.63887101708233], [-74.11741396047867, 40.63901885637405]]}}, {"type": "Feature", "properties": {"segment_id": 1408105, "physicalid": "95466", "street_name": "MARKHAM LN", "borough": "staten_island", "direction": "TW", "total_row_ft": 53.8, "roadbed_ft": 37.3, "median_ft": 0.0, "left_sw_ft": 8.6, "right_sw_ft": 7.9}, "geometry": {"type": "LineString", "coordinates": [[-74.11748719134741, 40.638871055281534], [-74.1174860260026, 40.63901871733638]]}}, {"type": "Feature", "properties": {"segment_id": 1408106, "physicalid": "95466", "street_name": "MARKHAM LN", "borough": "staten_island", "direction": "TW", "total_row_ft": 53.7, "roadbed_ft": 37.8, "median_ft": 0.0, "left_sw_ft": 8.5, "right_sw_ft": 7.5}, "geometry": {"type": "LineString", "coordinates": [[-74.117559255313, 40.63887109343558], [-74.1175580915262, 40.63901857825354]]}}, {"type": "Feature", "properties": {"segment_id": 1408107, "physicalid": "95466", "street_name": "MARKHAM LN", "borough": "staten_island", "direction": "TW", "total_row_ft": 150.0, "roadbed_ft": 120.0, "median_ft": 0.0, "left_sw_ft": 15.0, "right_sw_ft": 15.0}, "geometry": {"type": "LineString", "coordinates": [[-74.11763198009413, 40.638787375716824], [-74.1176293814387, 40.63911674412045]]}}, {"type": "Feature", "properties": {"segment_id": 1447440, "physicalid": "97977", "street_name": "CHAPPELL ST", "borough": "staten_island", "direction": "TW", "total_row_ft": 82.9, "roadbed_ft": 52.9, "median_ft": 0.0, "left_sw_ft": 15.0, "right_sw_ft": 15.0}, "geometry": {"type": "LineString", "coordinates": [[-74.1197027414627, 40.637569628552804], [-74.1201307630169, 40.63752303667283]]}}, {"type": "Feature", "properties": {"segment_id": 1447441, "physicalid": "97977", "street_name": "CHAPPELL ST", "borough": "staten_island", "direction": "TW", "total_row_ft": 82.6, "roadbed_ft": 52.6, "median_ft": 0.0, "left_sw_ft": 15.0, "right_sw_ft": 15.0}, "geometry": {"type": "LineString", "coordinates": [[-74.11969254812848, 40.637515284798575], [-74.12012056934124, 40.637468692956354]]}}, {"type": "Feature", "properties": {"segment_id": 1447442, "physicalid": "97977", "street_name": "CHAPPELL ST", "borough": "staten_island", "direction": "TW", "total_row_ft": 82.4, "roadbed_ft": 52.4, "median_ft": 0.0, "left_sw_ft": 15.0, "right_sw_ft": 15.0}, "geometry": {"type": "LineString", "coordinates": [[-74.11968235481089, 40.6374609410432], [-74.12011037568217, 40.637414349238554]]}}, {"type": "Feature", "properties": {"segment_id": 1447443, "physicalid": "97977", "street_name": "CHAPPELL ST", "borough": "staten_island", "direction": "TW", "total_row_ft": 82.2, "roadbed_ft": 52.2, "median_ft": 0.0, "left_sw_ft": 15.0, "right_sw_ft": 15.0}, "geometry": {"type": "LineString", "coordinates": [[-74.11967216150985, 40.637406597286514], [-74.12010018203974, 40.637360005519625]]}}, {"type": "Feature", "properties": {"segment_id": 1447444, "physicalid": "97977", "street_name": "CHAPPELL ST", "borough": "staten_island", "direction": "TW", "total_row_ft": 82.0, "roadbed_ft": 52.0, "median_ft": 0.0, "left_sw_ft": 15.0, "right_sw_ft": 15.0}, "geometry": {"type": "LineString", "coordinates": [[-74.11966196822546, 40.63735225352867], [-74.12008998841387, 40.63730566179938]]}}, {"type": "Feature", "properties": {"segment_id": 1447445, "physicalid": "97977", "street_name": "CHAPPELL ST", "borough": "staten_island", "direction": "TW", "total_row_ft": 81.8, "roadbed_ft": 51.8, "median_ft": 0.0, "left_sw_ft": 15.0, "right_sw_ft": 15.0}, "geometry": {"type": "LineString", "coordinates": [[-74.11965177495766, 40.63729790976954], [-74.12007979480462, 40.63725131807798]]}}, {"type": "Feature", "properties": {"segment_id": 1447446, "physicalid": "97977", "street_name": "CHAPPELL ST", "borough": "staten_island", "direction": "TW", "total_row_ft": 81.6, "roadbed_ft": 51.6, "median_ft": 0.0, "left_sw_ft": 15.0, "right_sw_ft": 15.0}, "geometry": {"type": "LineString", "coordinates": [[-74.11964158170646, 40.63724356600926], [-74.12006960121197, 40.63719697435529]]}}, {"type": "Feature", "properties": {"segment_id": 1447447, "physicalid": "97977", "street_name": "CHAPPELL ST", "borough": "staten_island", "direction": "TW", "total_row_ft": 81.3, "roadbed_ft": 51.3, "median_ft": 0.0, "left_sw_ft": 15.0, "right_sw_ft": 15.0}, "geometry": {"type": "LineString", "coordinates": [[-74.11963138847187, 40.63718922224767], [-74.12005940763594, 40.63714263063142]]}}, {"type": "Feature", "properties": {"segment_id": 1447448, "physicalid": "97977", "street_name": "CHAPPELL ST", "borough": "staten_island", "direction": "TW", "total_row_ft": 81.1, "roadbed_ft": 51.1, "median_ft": 0.0, "left_sw_ft": 15.0, "right_sw_ft": 15.0}, "geometry": {"type": "LineString", "coordinates": [[-74.11962119525387, 40.63713487848493], [-74.12004921407647, 40.63708828690629]]}}, {"type": "Feature", "properties": {"segment_id": 1447449, "physicalid": "97977", "street_name": "CHAPPELL ST", "borough": "staten_island", "direction": "TW", "total_row_ft": 80.9, "roadbed_ft": 50.9, "median_ft": 0.0, "left_sw_ft": 15.0, "right_sw_ft": 15.0}, "geometry": {"type": "LineString", "coordinates": [[-74.11961100205247, 40.637080534720894], [-74.12003902053364, 40.63703394318]]}}, {"type": "Feature", "properties": {"segment_id": 1447450, "physicalid": "97977", "street_name": "CHAPPELL ST", "borough": "staten_island", "direction": "TW", "total_row_ft": 80.3, "roadbed_ft": 50.3, "median_ft": 0.0, "left_sw_ft": 15.0, "right_sw_ft": 15.0}, "geometry": {"type": "LineString", "coordinates": [[-74.11960080886769, 40.6370261909557], [-74.12002882700739, 40.63697959945239]]}}, {"type": "Feature", "properties": {"segment_id": 1447451, "physicalid": "97977", "street_name": "CHAPPELL ST", "borough": "staten_island", "direction": "TW", "total_row_ft": 79.1, "roadbed_ft": 49.1, "median_ft": 0.0, "left_sw_ft": 15.0, "right_sw_ft": 15.0}, "geometry": {"type": "LineString", "coordinates": [[-74.1195906156995, 40.63697184718925], [-74.12001863349775, 40.6369252557236]]}}, {"type": "Feature", "properties": {"segment_id": 1447452, "physicalid": "97977", "street_name": "CHAPPELL ST", "borough": "staten_island", "direction": "TW", "total_row_ft": 78.0, "roadbed_ft": 48.0, "median_ft": 0.0, "left_sw_ft": 15.0, "right_sw_ft": 15.0}, "geometry": {"type": "LineString", "coordinates": [[-74.11958042254791, 40.63691750342157], [-74.12000844000471, 40.6368709119936]]}}, {"type": "Feature", "properties": {"segment_id": 1447453, "physicalid": "97977", "street_name": "CHAPPELL ST", "borough": "staten_island", "direction": "TW", "total_row_ft": 76.8, "roadbed_ft": 46.8, "median_ft": 0.0, "left_sw_ft": 15.0, "right_sw_ft": 15.0}, "geometry": {"type": "LineString", "coordinates": [[-74.11957022941293, 40.63686315965267], [-74.1199982465283, 40.636816568262354]]}}, {"type": "Feature", "properties": {"segment_id": 1447454, "physicalid": "97977", "street_name": "CHAPPELL ST", "borough": "staten_island", "direction": "TW", "total_row_ft": 78.8, "roadbed_ft": 48.8, "median_ft": 0.0, "left_sw_ft": 15.0, "right_sw_ft": 15.0}, "geometry": {"type": "LineString", "coordinates": [[-74.11956003629454, 40.636808815882496], [-74.11998805306847, 40.636762224529924]]}}, {"type": "Feature", "properties": {"segment_id": 1447455, "physicalid": "97977", "street_name": "CHAPPELL ST", "borough": "staten_island", "direction": "TW", "total_row_ft": 120.0, "roadbed_ft": 31.8, "median_ft": 0.0, "left_sw_ft": 43.6, "right_sw_ft": 44.5}, "geometry": {"type": "LineString", "coordinates": [[-74.11954984319276, 40.636754472111186], [-74.11997785962524, 40.63670788079621]]}}, {"type": "Feature", "properties": {"segment_id": 1462722, "physicalid": "98820", "street_name": "BEMENT CT", "borough": "staten_island", "direction": "TW", "total_row_ft": 101.0, "roadbed_ft": 77.9, "median_ft": 0.0, "left_sw_ft": 15.0, "right_sw_ft": 8.1}, "geometry": {"type": "LineString", "coordinates": [[-74.11208863529272, 40.63936667755293], [-74.11213273271872, 40.63960036507609]]}}, {"type": "Feature", "properties": {"segment_id": 1462723, "physicalid": "98820", "street_name": "BEMENT CT", "borough": "staten_island", "direction": "TW", "total_row_ft": 53.3, "roadbed_ft": 36.5, "median_ft": 0.0, "left_sw_ft": 8.7, "right_sw_ft": 8.1}, "geometry": {"type": "LineString", "coordinates": [[-74.11217666556274, 40.639447365318375], [-74.11220399196213, 40.63959217635268]]}}, {"type": "Feature", "properties": {"segment_id": 1462724, "physicalid": "98820", "street_name": "BEMENT CT", "borough": "staten_island", "direction": "TW", "total_row_ft": 53.2, "roadbed_ft": 36.5, "median_ft": 0.0, "left_sw_ft": 9.0, "right_sw_ft": 7.7}, "geometry": {"type": "LineString", "coordinates": [[-74.11224796532815, 40.639439392199904], [-74.11227525118804, 40.63958398758511]]}}, {"type": "Feature", "properties": {"segment_id": 1462725, "physicalid": "98820", "street_name": "BEMENT CT", "borough": "staten_island", "direction": "TW", "total_row_ft": 53.0, "roadbed_ft": 36.5, "median_ft": 0.0, "left_sw_ft": 8.9, "right_sw_ft": 7.6}, "geometry": {"type": "LineString", "coordinates": [[-74.11231926507652, 40.639431419037194], [-74.11234645122349, 40.63957548520169]]}}, {"type": "Feature", "properties": {"segment_id": 1462726, "physicalid": "98820", "street_name": "BEMENT CT", "borough": "staten_island", "direction": "TW", "total_row_ft": 52.8, "roadbed_ft": 36.5, "median_ft": 0.0, "left_sw_ft": 8.8, "right_sw_ft": 7.5}, "geometry": {"type": "LineString", "coordinates": [[-74.11239056480785, 40.63942344583028], [-74.11241761469844, 40.63956678912874]]}}, {"type": "Feature", "properties": {"segment_id": 1462727, "physicalid": "98820", "street_name": "BEMENT CT", "borough": "staten_island", "direction": "TW", "total_row_ft": 52.5, "roadbed_ft": 36.5, "median_ft": 0.0, "left_sw_ft": 8.6, "right_sw_ft": 7.4}, "geometry": {"type": "LineString", "coordinates": [[-74.1124618805756, 40.63941555764953], [-74.11248880832642, 40.63955825289624]]}}, {"type": "Feature", "properties": {"segment_id": 1462728, "physicalid": "98820", "street_name": "BEMENT CT", "borough": "staten_island", "direction": "TW", "total_row_ft": 52.4, "roadbed_ft": 36.5, "median_ft": 0.0, "left_sw_ft": 8.3, "right_sw_ft": 7.6}, "geometry": {"type": "LineString", "coordinates": [[-74.11253329082528, 40.63940817018998], [-74.11256016584376, 40.639550585190115]]}}, {"type": "Feature", "properties": {"segment_id": 1462729, "physicalid": "98820", "street_name": "BEMENT CT", "borough": "staten_island", "direction": "TW", "total_row_ft": 52.3, "roadbed_ft": 36.5, "median_ft": 0.0, "left_sw_ft": 8.0, "right_sw_ft": 7.8}, "geometry": {"type": "LineString", "coordinates": [[-74.11260470105917, 40.639400782686096], [-74.11263152334469, 40.63954291743968]]}}, {"type": "Feature", "properties": {"segment_id": 1462730, "physicalid": "98820", "street_name": "BEMENT CT", "borough": "staten_island", "direction": "TW", "total_row_ft": 52.3, "roadbed_ft": 36.5, "median_ft": 0.0, "left_sw_ft": 8.0, "right_sw_ft": 7.9}, "geometry": {"type": "LineString", "coordinates": [[-74.11267606219641, 40.63939313505305], [-74.11270288082925, 40.63953524964497]]}}, {"type": "Feature", "properties": {"segment_id": 1462731, "physicalid": "98820", "street_name": "BEMENT CT", "borough": "staten_island", "direction": "TW", "total_row_ft": 52.7, "roadbed_ft": 36.5, "median_ft": 0.0, "left_sw_ft": 8.3, "right_sw_ft": 7.9}, "geometry": {"type": "LineString", "coordinates": [[-74.11274723288626, 40.63938447826638], [-74.11277423829738, 40.639527581805986]]}}, {"type": "Feature", "properties": {"segment_id": 1462732, "physicalid": "98820", "street_name": "BEMENT CT", "borough": "staten_island", "direction": "TW", "total_row_ft": 53.0, "roadbed_ft": 36.5, "median_ft": 0.0, "left_sw_ft": 8.6, "right_sw_ft": 7.9}, "geometry": {"type": "LineString", "coordinates": [[-74.11281840350757, 40.63937582117032], [-74.11284559574912, 40.63951991392272]]}}, {"type": "Feature", "properties": {"segment_id": 1462733, "physicalid": "98820", "street_name": "BEMENT CT", "borough": "staten_island", "direction": "TW", "total_row_ft": 53.4, "roadbed_ft": 36.5, "median_ft": 0.0, "left_sw_ft": 9.0, "right_sw_ft": 8.0}, "geometry": {"type": "LineString", "coordinates": [[-74.11288957410831, 40.63936716401897], [-74.11291695318447, 40.63951224599512]]}}, {"type": "Feature", "properties": {"segment_id": 1462734, "physicalid": "98820", "street_name": "BEMENT CT", "borough": "staten_island", "direction": "TW", "total_row_ft": 53.8, "roadbed_ft": 36.5, "median_ft": 0.0, "left_sw_ft": 9.3, "right_sw_ft": 8.0}, "geometry": {"type": "LineString", "coordinates": [[-74.11296074471198, 40.63935850693708], [-74.1129883454298, 40.63950476256714]]}}, {"type": "Feature", "properties": {"segment_id": 1462735, "physicalid": "98820", "street_name": "BEMENT CT", "borough": "staten_island", "direction": "TW", "total_row_ft": 54.3, "roadbed_ft": 36.5, "median_ft": 0.0, "left_sw_ft": 9.6, "right_sw_ft": 8.2}, "geometry": {"type": "LineString", "coordinates": [[-74.11303191529721, 40.63934984981113], [-74.11305974554051, 40.63949732085792]]}}, {"type": "Feature", "properties": {"segment_id": 1494789, "physicalid": "100866", "street_name": "WEST ST", "borough": "staten_island", "direction": "FT", "total_row_ft": 94.9, "roadbed_ft": 73.2, "median_ft": 0.0, "left_sw_ft": 15.0, "right_sw_ft": 6.7}, "geometry": {"type": "LineString", "coordinates": [[-74.11796694954512, 40.63292380971388], [-74.11825148031294, 40.6328904531608]]}}, {"type": "Feature", "properties": {"segment_id": 1494790, "physicalid": "100866", "street_name": "WEST ST", "borough": "staten_island", "direction": "FT", "total_row_ft": 45.1, "roadbed_ft": 31.9, "median_ft": 0.0, "left_sw_ft": 6.5, "right_sw_ft": 6.6}, "geometry": {"type": "LineString", "coordinates": [[-74.11808059457833, 40.63285494488251], [-74.11824104111275, 40.63283613507387]]}}, {"type": "Feature", "properties": {"segment_id": 1494791, "physicalid": "100866", "street_name": "WEST ST", "borough": "staten_island", "direction": "FT", "total_row_ft": 43.5, "roadbed_ft": 31.5, "median_ft": 0.0, "left_sw_ft": 5.8, "right_sw_ft": 6.2}, "geometry": {"type": "LineString", "coordinates": [[-74.11807552789344, 40.632799996958475], [-74.11823060192955, 40.632781816985684]]}}, {"type": "Feature", "properties": {"segment_id": 1494792, "physicalid": "100866", "street_name": "WEST ST", "borough": "staten_island", "direction": "FT", "total_row_ft": 42.8, "roadbed_ft": 30.8, "median_ft": 0.0, "left_sw_ft": 6.2, "right_sw_ft": 5.8}, "geometry": {"type": "LineString", "coordinates": [[-74.11806767511746, 40.632745375658025], [-74.11822016293348, 40.632727498876285]]}}, {"type": "Feature", "properties": {"segment_id": 1494793, "physicalid": "100866", "street_name": "WEST ST", "borough": "staten_island", "direction": "FT", "total_row_ft": 43.7, "roadbed_ft": 31.6, "median_ft": 0.0, "left_sw_ft": 6.5, "right_sw_ft": 5.6}, "geometry": {"type": "LineString", "coordinates": [[-74.11805486311222, 40.63269133574595], [-74.11821036183999, 40.63267310598319]]}}, {"type": "Feature", "properties": {"segment_id": 1494794, "physicalid": "100866", "street_name": "WEST ST", "borough": "staten_island", "direction": "FT", "total_row_ft": 44.5, "roadbed_ft": 32.3, "median_ft": 0.0, "left_sw_ft": 6.8, "right_sw_ft": 5.4}, "geometry": {"type": "LineString", "coordinates": [[-74.1180420506237, 40.63263729589119], [-74.11820059590879, 40.63261870896858]]}}, {"type": "Feature", "properties": {"segment_id": 1494795, "physicalid": "100866", "street_name": "WEST ST", "borough": "staten_island", "direction": "FT", "total_row_ft": 120.0, "roadbed_ft": 41.7, "median_ft": 0.0, "left_sw_ft": 40.3, "right_sw_ft": 38.0}, "geometry": {"type": "LineString", "coordinates": [[-74.11790119551314, 40.63259826683626], [-74.11832850287716, 40.63254817180152]]}}, {"type": "Feature", "properties": {"segment_id": 1494796, "physicalid": "100867", "street_name": "WEST ST", "borough": "staten_island", "direction": "FT", "total_row_ft": 150.0, "roadbed_ft": 120.0, "median_ft": 0.0, "left_sw_ft": 15.0, "right_sw_ft": 15.0}, "geometry": {"type": "LineString", "coordinates": [[-74.11827137480952, 40.634430962009475], [-74.11869869369498, 40.63438086592727]]}}, {"type": "Feature", "properties": {"segment_id": 1494797, "physicalid": "100867", "street_name": "WEST ST", "borough": "staten_island", "direction": "FT", "total_row_ft": 16.8, "roadbed_ft": 15.0, "median_ft": 0.0, "left_sw_ft": 0.4, "right_sw_ft": 1.4}, "geometry": {"type": "LineString", "coordinates": [[-74.11845101723576, 40.63435436017696], [-74.11851069926281, 40.63434736344131]]}}, {"type": "Feature", "properties": {"segment_id": 1494798, "physicalid": "100867", "street_name": "WEST ST", "borough": "staten_island", "direction": "FT", "total_row_ft": 17.1, "roadbed_ft": 15.1, "median_ft": 0.0, "left_sw_ft": 0.9, "right_sw_ft": 1.1}, "geometry": {"type": "LineString", "coordinates": [[-74.11844005325062, 40.63430010359351], [-74.11850097615535, 40.63429296138513]]}}, {"type": "Feature", "properties": {"segment_id": 1494799, "physicalid": "100867", "street_name": "WEST ST", "borough": "staten_island", "direction": "FT", "total_row_ft": 17.5, "roadbed_ft": 15.2, "median_ft": 0.0, "left_sw_ft": 1.4, "right_sw_ft": 0.9}, "geometry": {"type": "LineString", "coordinates": [[-74.11842908858169, 40.63424584709096], [-74.11849125352629, 40.634238559273605]]}}, {"type": "Feature", "properties": {"segment_id": 1494800, "physicalid": "100867", "street_name": "WEST ST", "borough": "staten_island", "direction": "FT", "total_row_ft": 50.3, "roadbed_ft": 20.3, "median_ft": 0.0, "left_sw_ft": 15.0, "right_sw_ft": 15.0}, "geometry": {"type": "LineString", "coordinates": [[-74.11822753701544, 40.634213933548615], [-74.11865485454412, 40.63416383762815]]}}, {"type": "Feature", "properties": {"segment_id": 1494801, "physicalid": "100867", "street_name": "WEST ST", "borough": "staten_island", "direction": "FT", "total_row_ft": 51.0, "roadbed_ft": 21.0, "median_ft": 0.0, "left_sw_ft": 15.0, "right_sw_ft": 15.0}, "geometry": {"type": "LineString", "coordinates": [[-74.11821657761148, 40.63415967643], [-74.11864389480095, 40.63410958054997]]}}, {"type": "Feature", "properties": {"segment_id": 1494802, "physicalid": "100867", "street_name": "WEST ST", "borough": "staten_island", "direction": "FT", "total_row_ft": 37.3, "roadbed_ft": 17.1, "median_ft": 0.0, "left_sw_ft": 15.0, "right_sw_ft": 5.3}, "geometry": {"type": "LineString", "coordinates": [[-74.11820561822533, 40.63410541931006], [-74.11846029033202, 40.634075563414065]]}}, {"type": "Feature", "properties": {"segment_id": 1494803, "physicalid": "100867", "street_name": "WEST ST", "borough": "staten_island", "direction": "FT", "total_row_ft": 38.2, "roadbed_ft": 17.3, "median_ft": 0.0, "left_sw_ft": 15.0, "right_sw_ft": 5.9}, "geometry": {"type": "LineString", "coordinates": [[-74.118194658857, 40.634051162188705], [-74.11845112709605, 40.63402109572558]]}}, {"type": "Feature", "properties": {"segment_id": 1494804, "physicalid": "100867", "street_name": "WEST ST", "borough": "staten_island", "direction": "FT", "total_row_ft": 38.2, "roadbed_ft": 17.7, "median_ft": 0.0, "left_sw_ft": 15.0, "right_sw_ft": 5.4}, "geometry": {"type": "LineString", "coordinates": [[-74.1181836995065, 40.63399690506594], [-74.11844113146834, 40.63396672562234]]}}, {"type": "Feature", "properties": {"segment_id": 1494805, "physicalid": "100867", "street_name": "WEST ST", "borough": "staten_island", "direction": "FT", "total_row_ft": 38.2, "roadbed_ft": 17.8, "median_ft": 0.0, "left_sw_ft": 15.0, "right_sw_ft": 5.3}, "geometry": {"type": "LineString", "coordinates": [[-74.11817274017382, 40.63394264794188], [-74.11843113585691, 40.63391235551788]]}}, {"type": "Feature", "properties": {"segment_id": 1494806, "physicalid": "100867", "street_name": "WEST ST", "borough": "staten_island", "direction": "FT", "total_row_ft": 38.2, "roadbed_ft": 17.4, "median_ft": 0.0, "left_sw_ft": 15.0, "right_sw_ft": 5.8}, "geometry": {"type": "LineString", "coordinates": [[-74.11816178085896, 40.633888390816445], [-74.11842114026176, 40.63385798541224]]}}, {"type": "Feature", "properties": {"segment_id": 1494807, "physicalid": "100867", "street_name": "WEST ST", "borough": "staten_island", "direction": "FT", "total_row_ft": 38.2, "roadbed_ft": 17.8, "median_ft": 0.0, "left_sw_ft": 15.0, "right_sw_ft": 5.4}, "geometry": {"type": "LineString", "coordinates": [[-74.11815082156193, 40.63383413368968], [-74.11841114468291, 40.6338036153054]]}}, {"type": "Feature", "properties": {"segment_id": 1494808, "physicalid": "100867", "street_name": "WEST ST", "borough": "staten_island", "direction": "FT", "total_row_ft": 38.1, "roadbed_ft": 18.1, "median_ft": 0.0, "left_sw_ft": 15.0, "right_sw_ft": 5.1}, "geometry": {"type": "LineString", "coordinates": [[-74.1181398622827, 40.63377987656152], [-74.11840114912034, 40.63374924519739]]}}, {"type": "Feature", "properties": {"segment_id": 1494809, "physicalid": "100867", "street_name": "WEST ST", "borough": "staten_island", "direction": "FT", "total_row_ft": 46.1, "roadbed_ft": 26.7, "median_ft": 0.0, "left_sw_ft": 15.0, "right_sw_ft": 4.4}, "geometry": {"type": "LineString", "coordinates": [[-74.11812890302129, 40.63372561943194], [-74.11839091714107, 40.63369490280616]]}}, {"type": "Feature", "properties": {"segment_id": 1494810, "physicalid": "100867", "street_name": "WEST ST", "borough": "staten_island", "direction": "FT", "total_row_ft": 46.3, "roadbed_ft": 27.6, "median_ft": 0.0, "left_sw_ft": 15.0, "right_sw_ft": 3.6}, "geometry": {"type": "LineString", "coordinates": [[-74.11811794377772, 40.63367136230105], [-74.11838031657058, 40.63364060362702]]}}, {"type": "Feature", "properties": {"segment_id": 1494811, "physicalid": "100867", "street_name": "WEST ST", "borough": "staten_island", "direction": "FT", "total_row_ft": 46.4, "roadbed_ft": 28.0, "median_ft": 0.0, "left_sw_ft": 15.0, "right_sw_ft": 3.4}, "geometry": {"type": "LineString", "coordinates": [[-74.11810698455194, 40.63361710516881], [-74.11836971572953, 40.63358630448033]]}}, {"type": "Feature", "properties": {"segment_id": 1494812, "physicalid": "100867", "street_name": "WEST ST", "borough": "staten_island", "direction": "FT", "total_row_ft": 46.6, "roadbed_ft": 28.4, "median_ft": 0.0, "left_sw_ft": 15.0, "right_sw_ft": 3.2}, "geometry": {"type": "LineString", "coordinates": [[-74.11809602534402, 40.633562848035226], [-74.11835911490572, 40.63353200533237]]}}, {"type": "Feature", "properties": {"segment_id": 1494813, "physicalid": "100867", "street_name": "WEST ST", "borough": "staten_island", "direction": "FT", "total_row_ft": 46.8, "roadbed_ft": 28.7, "median_ft": 0.0, "left_sw_ft": 15.0, "right_sw_ft": 3.1}, "geometry": {"type": "LineString", "coordinates": [[-74.1180850661539, 40.633508590900234], [-74.11834851409917, 40.63347770618309]]}}, {"type": "Feature", "properties": {"segment_id": 1494814, "physicalid": "100867", "street_name": "WEST ST", "borough": "staten_island", "direction": "FT", "total_row_ft": 47.5, "roadbed_ft": 29.0, "median_ft": 0.0, "left_sw_ft": 15.0, "right_sw_ft": 3.5}, "geometry": {"type": "LineString", "coordinates": [[-74.11807410698158, 40.633454333763865], [-74.11833979777936, 40.633423186108764]]}}, {"type": "Feature", "properties": {"segment_id": 1494815, "physicalid": "100867", "street_name": "WEST ST", "borough": "staten_island", "direction": "FT", "total_row_ft": 42.0, "roadbed_ft": 23.1, "median_ft": 0.0, "left_sw_ft": 15.0, "right_sw_ft": 3.9}, "geometry": {"type": "LineString", "coordinates": [[-74.11806314782712, 40.63340007662615], [-74.11833138783041, 40.63336863011807]]}}, {"type": "Feature", "properties": {"segment_id": 1494816, "physicalid": "100867", "street_name": "WEST ST", "borough": "staten_island", "direction": "FT", "total_row_ft": 42.7, "roadbed_ft": 23.3, "median_ft": 0.0, "left_sw_ft": 15.0, "right_sw_ft": 4.4}, "geometry": {"type": "LineString", "coordinates": [[-74.11805218869044, 40.63334581948708], [-74.11832297789523, 40.633314074126424]]}}, {"type": "Feature", "properties": {"segment_id": 1494817, "physicalid": "100867", "street_name": "WEST ST", "borough": "staten_island", "direction": "FT", "total_row_ft": 43.7, "roadbed_ft": 23.8, "median_ft": 0.0, "left_sw_ft": 15.0, "right_sw_ft": 4.8}, "geometry": {"type": "LineString", "coordinates": [[-74.11804122957162, 40.6332915623467], [-74.11831443764014, 40.63325953341339]]}}, {"type": "Feature", "properties": {"segment_id": 1494818, "physicalid": "100867", "street_name": "WEST ST", "borough": "staten_island", "direction": "FT", "total_row_ft": 44.5, "roadbed_ft": 33.0, "median_ft": 0.0, "left_sw_ft": 6.3, "right_sw_ft": 5.2}, "geometry": {"type": "LineString", "coordinates": [[-74.1181470799886, 40.633223611387244], [-74.11830569857935, 40.63320501600783]]}}, {"type": "Feature", "properties": {"segment_id": 1494819, "physicalid": "100867", "street_name": "WEST ST", "borough": "staten_island", "direction": "FT", "total_row_ft": 45.3, "roadbed_ft": 32.5, "median_ft": 0.0, "left_sw_ft": 7.3, "right_sw_ft": 5.5}, "geometry": {"type": "LineString", "coordinates": [[-74.11813561598291, 40.6331694134376], [-74.11829695942433, 40.633150498613986]]}}, {"type": "Feature", "properties": {"segment_id": 1494820, "physicalid": "100867", "street_name": "WEST ST", "borough": "staten_island", "direction": "FT", "total_row_ft": 46.1, "roadbed_ft": 32.4, "median_ft": 0.0, "left_sw_ft": 8.0, "right_sw_ft": 5.7}, "geometry": {"type": "LineString", "coordinates": [[-74.11812415199583, 40.63311521548653], [-74.11828822005778, 40.63309598124565]]}}, {"type": "Feature", "properties": {"segment_id": 1494821, "physicalid": "100867", "street_name": "WEST ST", "borough": "staten_island", "direction": "FT", "total_row_ft": 46.6, "roadbed_ft": 32.6, "median_ft": 0.0, "left_sw_ft": 8.1, "right_sw_ft": 5.8}, "geometry": {"type": "LineString", "coordinates": [[-74.1181131614118, 40.63306096203794], [-74.11827913792546, 40.6330415040618]]}}, {"type": "Feature", "properties": {"segment_id": 1494822, "physicalid": "100867", "street_name": "WEST ST", "borough": "staten_island", "direction": "FT", "total_row_ft": 79.5, "roadbed_ft": 32.5, "median_ft": 0.0, "left_sw_ft": 40.7, "right_sw_ft": 6.2}, "geometry": {"type": "LineString", "coordinates": [[-74.11798643424471, 40.63302027662411], [-74.11826946179745, 40.63298709651521]]}}, {"type": "Feature", "properties": {"segment_id": 1509703, "physicalid": "101780", "street_name": "SOUTH ST", "borough": "staten_island", "direction": "TW", "total_row_ft": 120.0, "roadbed_ft": 27.9, "median_ft": 0.0, "left_sw_ft": 46.5, "right_sw_ft": 45.6}, "geometry": {"type": "LineString", "coordinates": [[-74.11432359153464, 40.633500454695714], [-74.114390769725, 40.63382582884132]]}}, {"type": "Feature", "properties": {"segment_id": 1509704, "physicalid": "101780", "street_name": "SOUTH ST", "borough": "staten_island", "direction": "TW", "total_row_ft": 35.0, "roadbed_ft": 22.4, "median_ft": 0.0, "left_sw_ft": 6.5, "right_sw_ft": 6.0}, "geometry": {"type": "LineString", "coordinates": [[-74.11441842540285, 40.633606481339626], [-74.1144380116638, 40.633701345909564]]}}, {"type": "Feature", "properties": {"segment_id": 1509705, "physicalid": "101780", "street_name": "SOUTH ST", "borough": "staten_island", "direction": "TW", "total_row_ft": 35.1, "roadbed_ft": 22.4, "median_ft": 0.0, "left_sw_ft": 6.7, "right_sw_ft": 5.9}, "geometry": {"type": "LineString", "coordinates": [[-74.11448955129174, 40.633597679271254], [-74.11450919811611, 40.633692836684446]]}}, {"type": "Feature", "properties": {"segment_id": 1509706, "physicalid": "101780", "street_name": "SOUTH ST", "borough": "staten_island", "direction": "TW", "total_row_ft": 35.2, "roadbed_ft": 22.4, "median_ft": 0.0, "left_sw_ft": 6.7, "right_sw_ft": 6.1}, "geometry": {"type": "LineString", "coordinates": [[-74.11456067716188, 40.633588877158864], [-74.11458038455028, 40.63368432741529]]}}, {"type": "Feature", "properties": {"segment_id": 1509707, "physicalid": "101780", "street_name": "SOUTH ST", "borough": "staten_island", "direction": "TW", "total_row_ft": 35.3, "roadbed_ft": 22.4, "median_ft": 0.0, "left_sw_ft": 6.6, "right_sw_ft": 6.3}, "geometry": {"type": "LineString", "coordinates": [[-74.11463180301322, 40.63358007500249], [-74.1146515709663, 40.633675818102034]]}}, {"type": "Feature", "properties": {"segment_id": 1509708, "physicalid": "101780", "street_name": "SOUTH ST", "borough": "staten_island", "direction": "TW", "total_row_ft": 35.4, "roadbed_ft": 22.4, "median_ft": 0.0, "left_sw_ft": 6.5, "right_sw_ft": 6.5}, "geometry": {"type": "LineString", "coordinates": [[-74.11470292884582, 40.63357127280211], [-74.11472275736418, 40.633667308744705]]}}, {"type": "Feature", "properties": {"segment_id": 1509709, "physicalid": "101780", "street_name": "SOUTH ST", "borough": "staten_island", "direction": "TW", "total_row_ft": 35.4, "roadbed_ft": 22.4, "median_ft": 0.0, "left_sw_ft": 6.6, "right_sw_ft": 6.4}, "geometry": {"type": "LineString", "coordinates": [[-74.11477415158791, 40.63356294001093], [-74.11479394375843, 40.63365879941368]]}}, {"type": "Feature", "properties": {"segment_id": 1509710, "physicalid": "101780", "street_name": "SOUTH ST", "borough": "staten_island", "direction": "TW", "total_row_ft": 35.2, "roadbed_ft": 22.4, "median_ft": 0.0, "left_sw_ft": 6.5, "right_sw_ft": 6.2}, "geometry": {"type": "LineString", "coordinates": [[-74.11484544507718, 40.63355494991028], [-74.11486513018802, 40.63365029029772]]}}, {"type": "Feature", "properties": {"segment_id": 1509711, "physicalid": "101780", "street_name": "SOUTH ST", "borough": "staten_island", "direction": "TW", "total_row_ft": 35.0, "roadbed_ft": 22.4, "median_ft": 0.0, "left_sw_ft": 6.5, "right_sw_ft": 6.0}, "geometry": {"type": "LineString", "coordinates": [[-74.1149167385494, 40.63354695976542], [-74.11493634444092, 40.63364191598061]]}}, {"type": "Feature", "properties": {"segment_id": 1509712, "physicalid": "101780", "street_name": "SOUTH ST", "borough": "staten_island", "direction": "TW", "total_row_ft": 34.9, "roadbed_ft": 22.4, "median_ft": 0.0, "left_sw_ft": 6.5, "right_sw_ft": 6.0}, "geometry": {"type": "LineString", "coordinates": [[-74.11498803197642, 40.633538969440266], [-74.11500758074526, 40.63363364850586]]}}, {"type": "Feature", "properties": {"segment_id": 1509713, "physicalid": "101780", "street_name": "SOUTH ST", "borough": "staten_island", "direction": "TW", "total_row_ft": 34.8, "roadbed_ft": 22.4, "median_ft": 0.0, "left_sw_ft": 6.4, "right_sw_ft": 5.9}, "geometry": {"type": "LineString", "coordinates": [[-74.1150593612928, 40.633531152973006], [-74.11507881707593, 40.63362538119986]]}}, {"type": "Feature", "properties": {"segment_id": 1509714, "physicalid": "101780", "street_name": "SOUTH ST", "borough": "staten_island", "direction": "TW", "total_row_ft": 34.4, "roadbed_ft": 22.4, "median_ft": 0.0, "left_sw_ft": 6.1, "right_sw_ft": 5.9}, "geometry": {"type": "LineString", "coordinates": [[-74.11513081002033, 40.63352391487228], [-74.1151500533856, 40.63361711383369]]}}, {"type": "Feature", "properties": {"segment_id": 1509715, "physicalid": "101780", "street_name": "SOUTH ST", "borough": "staten_island", "direction": "TW", "total_row_ft": 34.6, "roadbed_ft": 22.4, "median_ft": 0.0, "left_sw_ft": 6.4, "right_sw_ft": 5.7}, "geometry": {"type": "LineString", "coordinates": [[-74.11520186654217, 40.63351477728903], [-74.11522122113352, 40.633608514454515]]}}, {"type": "Feature", "properties": {"segment_id": 1509716, "physicalid": "101780", "street_name": "SOUTH ST", "borough": "staten_island", "direction": "TW", "total_row_ft": 34.8, "roadbed_ft": 22.4, "median_ft": 0.0, "left_sw_ft": 6.8, "right_sw_ft": 5.5}, "geometry": {"type": "LineString", "coordinates": [[-74.11527286050833, 40.6335053367908], [-74.11529234123908, 40.6335996843825]]}}, {"type": "Feature", "properties": {"segment_id": 1509717, "physicalid": "101780", "street_name": "SOUTH ST", "borough": "staten_island", "direction": "TW", "total_row_ft": 35.3, "roadbed_ft": 22.4, "median_ft": 0.0, "left_sw_ft": 7.2, "right_sw_ft": 5.6}, "geometry": {"type": "LineString", "coordinates": [[-74.11534385447798, 40.633495896362916], [-74.11536361895611, 40.6335916176845]]}}, {"type": "Feature", "properties": {"segment_id": 1509718, "physicalid": "101780", "street_name": "SOUTH ST", "borough": "staten_island", "direction": "TW", "total_row_ft": 36.0, "roadbed_ft": 22.4, "median_ft": 0.0, "left_sw_ft": 7.5, "right_sw_ft": 6.1}, "geometry": {"type": "LineString", "coordinates": [[-74.11541484846109, 40.633486456053504], [-74.11543500170217, 40.63358405968839]]}}, {"type": "Feature", "properties": {"segment_id": 1509719, "physicalid": "101780", "street_name": "SOUTH ST", "borough": "staten_island", "direction": "TW", "total_row_ft": 36.7, "roadbed_ft": 22.4, "median_ft": 0.0, "left_sw_ft": 7.8, "right_sw_ft": 6.5}, "geometry": {"type": "LineString", "coordinates": [[-74.11548584247528, 40.633477015948195], [-74.11550638446532, 40.63357650180906]]}}, {"type": "Feature", "properties": {"segment_id": 1509720, "physicalid": "101780", "street_name": "SOUTH ST", "borough": "staten_island", "direction": "TW", "total_row_ft": 37.3, "roadbed_ft": 22.4, "median_ft": 0.0, "left_sw_ft": 8.0, "right_sw_ft": 6.9}, "geometry": {"type": "LineString", "coordinates": [[-74.11555685828549, 40.63346768145503], [-74.11557776711716, 40.633568943424514]]}}, {"type": "Feature", "properties": {"segment_id": 1509721, "physicalid": "101780", "street_name": "SOUTH ST", "borough": "staten_island", "direction": "TW", "total_row_ft": 37.3, "roadbed_ft": 22.4, "median_ft": 0.0, "left_sw_ft": 8.1, "right_sw_ft": 6.8}, "geometry": {"type": "LineString", "coordinates": [[-74.11562797182543, 40.63345882032005], [-74.1156488576416, 40.6335599703037]]}}, {"type": "Feature", "properties": {"segment_id": 1509722, "physicalid": "101780", "street_name": "SOUTH ST", "borough": "staten_island", "direction": "TW", "total_row_ft": 37.2, "roadbed_ft": 22.4, "median_ft": 0.0, "left_sw_ft": 8.3, "right_sw_ft": 6.4}, "geometry": {"type": "LineString", "coordinates": [[-74.11569908536093, 40.633449959210914], [-74.11571989338026, 40.63355073190563]]}}, {"type": "Feature", "properties": {"segment_id": 1509723, "physicalid": "101780", "street_name": "SOUTH ST", "borough": "staten_island", "direction": "TW", "total_row_ft": 37.0, "roadbed_ft": 22.4, "median_ft": 0.0, "left_sw_ft": 8.5, "right_sw_ft": 6.1}, "geometry": {"type": "LineString", "coordinates": [[-74.11577019891074, 40.63344109821852], [-74.11579092909011, 40.63354149341955]]}}, {"type": "Feature", "properties": {"segment_id": 1509724, "physicalid": "101780", "street_name": "SOUTH ST", "borough": "staten_island", "direction": "TW", "total_row_ft": 36.6, "roadbed_ft": 22.4, "median_ft": 0.0, "left_sw_ft": 8.4, "right_sw_ft": 5.7}, "geometry": {"type": "LineString", "coordinates": [[-74.11584148165896, 40.63343305668994], [-74.11586196481616, 40.63353225506316]]}}, {"type": "Feature", "properties": {"segment_id": 1509725, "physicalid": "101780", "street_name": "SOUTH ST", "borough": "staten_island", "direction": "TW", "total_row_ft": 36.1, "roadbed_ft": 22.4, "median_ft": 0.0, "left_sw_ft": 7.9, "right_sw_ft": 5.8}, "geometry": {"type": "LineString", "coordinates": [[-74.11591297719649, 40.63342604571898], [-74.11593318549697, 40.63352391247403]]}}, {"type": "Feature", "properties": {"segment_id": 1509726, "physicalid": "101780", "street_name": "SOUTH ST", "borough": "staten_island", "direction": "TW", "total_row_ft": 35.9, "roadbed_ft": 22.4, "median_ft": 0.0, "left_sw_ft": 7.3, "right_sw_ft": 6.1}, "geometry": {"type": "LineString", "coordinates": [[-74.11598447274419, 40.63341903482555], [-74.11600455114126, 40.63351627196581]]}}, {"type": "Feature", "properties": {"segment_id": 1509727, "physicalid": "101780", "street_name": "SOUTH ST", "borough": "staten_island", "direction": "TW", "total_row_ft": 35.6, "roadbed_ft": 22.4, "median_ft": 0.0, "left_sw_ft": 6.8, "right_sw_ft": 6.4}, "geometry": {"type": "LineString", "coordinates": [[-74.1160559683031, 40.63341202401482], [-74.1160759167148, 40.63350863114984]]}}, {"type": "Feature", "properties": {"segment_id": 1509728, "physicalid": "101780", "street_name": "SOUTH ST", "borough": "staten_island", "direction": "TW", "total_row_ft": 35.8, "roadbed_ft": 22.4, "median_ft": 0.0, "left_sw_ft": 6.6, "right_sw_ft": 6.7}, "geometry": {"type": "LineString", "coordinates": [[-74.11612725353558, 40.633403994657066], [-74.11614728226134, 40.63350099023783]]}}, {"type": "Feature", "properties": {"segment_id": 1509729, "physicalid": "101780", "street_name": "SOUTH ST", "borough": "staten_island", "direction": "TW", "total_row_ft": 36.3, "roadbed_ft": 22.4, "median_ft": 0.0, "left_sw_ft": 7.0, "right_sw_ft": 6.9}, "geometry": {"type": "LineString", "coordinates": [[-74.11619826198697, 40.633394624941225], [-74.1162185950683, 40.63349309395402]]}}, {"type": "Feature", "properties": {"segment_id": 1509730, "physicalid": "101780", "street_name": "SOUTH ST", "borough": "staten_island", "direction": "TW", "total_row_ft": 36.8, "roadbed_ft": 22.4, "median_ft": 0.0, "left_sw_ft": 7.4, "right_sw_ft": 7.0}, "geometry": {"type": "LineString", "coordinates": [[-74.11626927041843, 40.6333852551815], [-74.11628987776899, 40.633485051909936]]}}, {"type": "Feature", "properties": {"segment_id": 1509731, "physicalid": "101780", "street_name": "SOUTH ST", "borough": "staten_island", "direction": "TW", "total_row_ft": 37.3, "roadbed_ft": 22.4, "median_ft": 0.0, "left_sw_ft": 7.8, "right_sw_ft": 7.0}, "geometry": {"type": "LineString", "coordinates": [[-74.11634027895643, 40.63337588599046], [-74.11636116042557, 40.63347700969139]]}}, {"type": "Feature", "properties": {"segment_id": 1509732, "physicalid": "101780", "street_name": "SOUTH ST", "borough": "staten_island", "direction": "TW", "total_row_ft": 37.4, "roadbed_ft": 22.4, "median_ft": 0.0, "left_sw_ft": 7.9, "right_sw_ft": 7.1}, "geometry": {"type": "LineString", "coordinates": [[-74.11641148791391, 40.633367487429716], [-74.11643244304392, 40.63346896732662]]}}, {"type": "Feature", "properties": {"segment_id": 1509733, "physicalid": "101780", "street_name": "SOUTH ST", "borough": "staten_island", "direction": "TW", "total_row_ft": 37.4, "roadbed_ft": 22.4, "median_ft": 0.0, "left_sw_ft": 7.7, "right_sw_ft": 7.2}, "geometry": {"type": "LineString", "coordinates": [[-74.11648275331693, 40.63335936226077], [-74.11650370576044, 40.63346082862251]]}}, {"type": "Feature", "properties": {"segment_id": 1509734, "physicalid": "101780", "street_name": "SOUTH ST", "borough": "staten_island", "direction": "TW", "total_row_ft": 37.4, "roadbed_ft": 22.4, "median_ft": 0.0, "left_sw_ft": 7.6, "right_sw_ft": 7.4}, "geometry": {"type": "LineString", "coordinates": [[-74.11655401869093, 40.63335123699122], [-74.11657496608147, 40.6334526783578]]}}, {"type": "Feature", "properties": {"segment_id": 1509735, "physicalid": "101780", "street_name": "SOUTH ST", "borough": "staten_island", "direction": "TW", "total_row_ft": 37.4, "roadbed_ft": 22.4, "median_ft": 0.0, "left_sw_ft": 7.5, "right_sw_ft": 7.5}, "geometry": {"type": "LineString", "coordinates": [[-74.11662528403761, 40.633343111629195], [-74.11664622639373, 40.633444528090756]]}}, {"type": "Feature", "properties": {"segment_id": 1509736, "physicalid": "101780", "street_name": "SOUTH ST", "borough": "staten_island", "direction": "TW", "total_row_ft": 36.9, "roadbed_ft": 22.4, "median_ft": 0.0, "left_sw_ft": 7.3, "right_sw_ft": 7.1}, "geometry": {"type": "LineString", "coordinates": [[-74.11669654936692, 40.63333498622298], [-74.11671720424005, 40.63343500998979]]}}, {"type": "Feature", "properties": {"segment_id": 1509737, "physicalid": "101780", "street_name": "SOUTH ST", "borough": "staten_island", "direction": "TW", "total_row_ft": 36.9, "roadbed_ft": 22.4, "median_ft": 0.0, "left_sw_ft": 7.1, "right_sw_ft": 7.3}, "geometry": {"type": "LineString", "coordinates": [[-74.1167678146604, 40.63332686068303], [-74.11678845638669, 40.6334268202673]]}}, {"type": "Feature", "properties": {"segment_id": 1509738, "physicalid": "101780", "street_name": "SOUTH ST", "borough": "staten_island", "direction": "TW", "total_row_ft": 36.7, "roadbed_ft": 22.4, "median_ft": 0.0, "left_sw_ft": 6.8, "right_sw_ft": 7.5}, "geometry": {"type": "LineString", "coordinates": [[-74.11683907993289, 40.63331873508128], [-74.11685965108776, 40.63341835240144]]}}, {"type": "Feature", "properties": {"segment_id": 1510464, "physicalid": "101826", "street_name": "NOBLE PL", "borough": "staten_island", "direction": "TF", "total_row_ft": 120.0, "roadbed_ft": 64.3, "median_ft": 0.0, "left_sw_ft": 10.9, "right_sw_ft": 44.8}, "geometry": {"type": "LineString", "coordinates": [[-74.11706958039298, 40.63364791490729], [-74.11712696953842, 40.63397437480746]]}}, {"type": "Feature", "properties": {"segment_id": 1510465, "physicalid": "101826", "street_name": "NOBLE PL", "borough": "staten_island", "direction": "TF", "total_row_ft": 35.8, "roadbed_ft": 21.4, "median_ft": 0.0, "left_sw_ft": 6.1, "right_sw_ft": 8.3}, "geometry": {"type": "LineString", "coordinates": [[-74.11716016710069, 40.63374965997512], [-74.1171772847133, 40.63384703345888]]}}, {"type": "Feature", "properties": {"segment_id": 1510466, "physicalid": "101826", "street_name": "NOBLE PL", "borough": "staten_island", "direction": "TF", "total_row_ft": 35.5, "roadbed_ft": 20.9, "median_ft": 0.0, "left_sw_ft": 6.2, "right_sw_ft": 8.5}, "geometry": {"type": "LineString", "coordinates": [[-74.11723155772766, 40.63374220723991], [-74.11724855922988, 40.63383891964275]]}}, {"type": "Feature", "properties": {"segment_id": 1510467, "physicalid": "101826", "street_name": "NOBLE PL", "borough": "staten_island", "direction": "TF", "total_row_ft": 35.3, "roadbed_ft": 20.7, "median_ft": 0.0, "left_sw_ft": 6.2, "right_sw_ft": 8.4}, "geometry": {"type": "LineString", "coordinates": [[-74.11730294833869, 40.63373475446033], [-74.11731983372911, 40.63383080578243]]}}, {"type": "Feature", "properties": {"segment_id": 1510468, "physicalid": "101826", "street_name": "NOBLE PL", "borough": "staten_island", "direction": "TF", "total_row_ft": 35.1, "roadbed_ft": 20.7, "median_ft": 0.0, "left_sw_ft": 6.2, "right_sw_ft": 8.2}, "geometry": {"type": "LineString", "coordinates": [[-74.11737433893377, 40.63372730163642], [-74.11739110821101, 40.63382269187793]]}}, {"type": "Feature", "properties": {"segment_id": 1510469, "physicalid": "101826", "street_name": "NOBLE PL", "borough": "staten_island", "direction": "TF", "total_row_ft": 34.8, "roadbed_ft": 21.1, "median_ft": 0.0, "left_sw_ft": 5.7, "right_sw_ft": 8.0}, "geometry": {"type": "LineString", "coordinates": [[-74.1174457295129, 40.63371984876818], [-74.11746238267558, 40.633814577929215]]}}, {"type": "Feature", "properties": {"segment_id": 1510470, "physicalid": "101826", "street_name": "NOBLE PL", "borough": "staten_island", "direction": "TF", "total_row_ft": 34.2, "roadbed_ft": 21.6, "median_ft": 0.0, "left_sw_ft": 5.1, "right_sw_ft": 7.5}, "geometry": {"type": "LineString", "coordinates": [[-74.1175173177434, 40.6337135202529], [-74.1175336571228, 40.633806463936345]]}}, {"type": "Feature", "properties": {"segment_id": 1510471, "physicalid": "101826", "street_name": "NOBLE PL", "borough": "staten_island", "direction": "TF", "total_row_ft": 79.3, "roadbed_ft": 23.2, "median_ft": 0.0, "left_sw_ft": 49.1, "right_sw_ft": 7.0}, "geometry": {"type": "LineString", "coordinates": [[-74.1175889973684, 40.633707711649386], [-74.11762690940145, 40.63392336585153]]}}, {"type": "Feature", "properties": {"segment_id": 1517216, "physicalid": "102265", "street_name": "SKINNER LN", "borough": "staten_island", "direction": "TW", "total_row_ft": 104.4, "roadbed_ft": 81.5, "median_ft": 0.0, "left_sw_ft": 15.0, "right_sw_ft": 7.9}, "geometry": {"type": "LineString", "coordinates": [[-74.11674109338932, 40.639860730264246], [-74.1167850362037, 40.6401037816618]]}}, {"type": "Feature", "properties": {"segment_id": 1517221, "physicalid": "102265", "street_name": "SKINNER LN", "borough": "staten_island", "direction": "TW", "total_row_ft": 53.9, "roadbed_ft": 37.5, "median_ft": 0.0, "left_sw_ft": 8.1, "right_sw_ft": 8.3}, "geometry": {"type": "LineString", "coordinates": [[-74.11711548234946, 40.639919731498956], [-74.11714200446482, 40.6400664229923]]}}, {"type": "Feature", "properties": {"segment_id": 1517222, "physicalid": "102265", "street_name": "SKINNER LN", "borough": "staten_island", "direction": "TW", "total_row_ft": 54.7, "roadbed_ft": 37.6, "median_ft": 0.0, "left_sw_ft": 8.4, "right_sw_ft": 8.7}, "geometry": {"type": "LineString", "coordinates": [[-74.11718662303511, 40.639910861634576], [-74.11721350812275, 40.64005955981755]]}}, {"type": "Feature", "properties": {"segment_id": 1517223, "physicalid": "102267", "street_name": "SKINNER LN", "borough": "staten_island", "direction": "TW", "total_row_ft": 54.4, "roadbed_ft": 38.0, "median_ft": 0.0, "left_sw_ft": 7.9, "right_sw_ft": 8.6}, "geometry": {"type": "LineString", "coordinates": [[-74.11729068504125, 40.63988356116414], [-74.11734824003048, 40.64002632427255]]}}, {"type": "Feature", "properties": {"segment_id": 1517224, "physicalid": "102267", "street_name": "SKINNER LN", "borough": "staten_island", "direction": "TW", "total_row_ft": 54.0, "roadbed_ft": 38.4, "median_ft": 0.0, "left_sw_ft": 8.1, "right_sw_ft": 7.5}, "geometry": {"type": "LineString", "coordinates": [[-74.11735884102437, 40.6398656278685], [-74.11741593563895, 40.64000724868213]]}}, {"type": "Feature", "properties": {"segment_id": 1517225, "physicalid": "102267", "street_name": "SKINNER LN", "borough": "staten_island", "direction": "TW", "total_row_ft": 54.8, "roadbed_ft": 39.1, "median_ft": 0.0, "left_sw_ft": 8.3, "right_sw_ft": 7.4}, "geometry": {"type": "LineString", "coordinates": [[-74.11742660493144, 40.639846722095214], [-74.11748458369854, 40.63999053565205]]}}, {"type": "Feature", "properties": {"segment_id": 1517226, "physicalid": "102267", "street_name": "SKINNER LN", "borough": "staten_island", "direction": "TW", "total_row_ft": 54.9, "roadbed_ft": 38.4, "median_ft": 0.0, "left_sw_ft": 8.3, "right_sw_ft": 8.2}, "geometry": {"type": "LineString", "coordinates": [[-74.11749610816737, 40.63983213069802], [-74.11755414588423, 40.63997609010124]]}}, {"type": "Feature", "properties": {"segment_id": 1517227, "physicalid": "102267", "street_name": "SKINNER LN", "borough": "staten_island", "direction": "TW", "total_row_ft": 54.7, "roadbed_ft": 37.7, "median_ft": 0.0, "left_sw_ft": 8.1, "right_sw_ft": 8.9}, "geometry": {"type": "LineString", "coordinates": [[-74.11756581109505, 40.63981803465854], [-74.11762370803979, 40.63996164450836]]}}, {"type": "Feature", "properties": {"segment_id": 1517228, "physicalid": "102267", "street_name": "SKINNER LN", "borough": "staten_island", "direction": "TW", "total_row_ft": 82.9, "roadbed_ft": 36.8, "median_ft": 0.0, "left_sw_ft": 8.4, "right_sw_ft": 37.7}, "geometry": {"type": "LineString", "coordinates": [[-74.11763503401627, 40.639802748023435], [-74.11772918646629, 40.64003628651437]]}}, {"type": "Feature", "properties": {"segment_id": 1517229, "physicalid": "102267", "street_name": "SKINNER LN", "borough": "staten_island", "direction": "TW", "total_row_ft": 150.0, "roadbed_ft": 120.0, "median_ft": 0.0, "left_sw_ft": 15.0, "right_sw_ft": 15.0}, "geometry": {"type": "LineString", "coordinates": [[-74.11767113709335, 40.63970530979917], [-74.11779807519287, 40.64002017037149]]}}, {"type": "Feature", "properties": {"segment_id": 1528629, "physicalid": "102950", "street_name": "BARRETT LN", "borough": "staten_island", "direction": "TW", "total_row_ft": 30.0, "roadbed_ft": 0.0, "median_ft": 0.0, "left_sw_ft": 15.0, "right_sw_ft": 15.0}, "geometry": {"type": "LineString", "coordinates": [[-74.11867490198365, 40.64001144430817], [-74.11909449420308, 40.63993191736958]]}}, {"type": "Feature", "properties": {"segment_id": 1528630, "physicalid": "102950", "street_name": "BARRETT LN", "borough": "staten_island", "direction": "TW", "total_row_ft": 30.0, "roadbed_ft": 0.0, "median_ft": 0.0, "left_sw_ft": 15.0, "right_sw_ft": 15.0}, "geometry": {"type": "LineString", "coordinates": [[-74.11865750237205, 40.63995817272093], [-74.11907709427726, 40.63987864584535]]}}, {"type": "Feature", "properties": {"segment_id": 1529097, "physicalid": "102976", "street_name": "STATE ST", "borough": "staten_island", "direction": "TW", "total_row_ft": 150.0, "roadbed_ft": 120.0, "median_ft": 0.0, "left_sw_ft": 15.0, "right_sw_ft": 15.0}, "geometry": {"type": "LineString", "coordinates": [[-74.11758861304016, 40.634504262999926], [-74.11801613380482, 40.634455174369855]]}}, {"type": "Feature", "properties": {"segment_id": 1529098, "physicalid": "102976", "street_name": "STATE ST", "borough": "staten_island", "direction": "TW", "total_row_ft": 82.1, "roadbed_ft": 28.4, "median_ft": 0.0, "left_sw_ft": 44.9, "right_sw_ft": 8.8}, "geometry": {"type": "LineString", "coordinates": [[-74.11757787395611, 40.63444998031485], [-74.11787034688744, 40.63441639827682]]}}, {"type": "Feature", "properties": {"segment_id": 1529099, "physicalid": "102976", "street_name": "STATE ST", "borough": "staten_island", "direction": "TW", "total_row_ft": 46.3, "roadbed_ft": 28.4, "median_ft": 0.0, "left_sw_ft": 9.2, "right_sw_ft": 8.7}, "geometry": {"type": "LineString", "coordinates": [[-74.11769486262536, 40.63438103189636], [-74.11785975251178, 40.63436209897709]]}}, {"type": "Feature", "properties": {"segment_id": 1529100, "physicalid": "102976", "street_name": "STATE ST", "borough": "staten_island", "direction": "TW", "total_row_ft": 46.1, "roadbed_ft": 28.4, "median_ft": 0.0, "left_sw_ft": 9.0, "right_sw_ft": 8.6}, "geometry": {"type": "LineString", "coordinates": [[-74.11768506907697, 40.63432664064564], [-74.11784915789353, 40.63430779970589]]}}, {"type": "Feature", "properties": {"segment_id": 1529101, "physicalid": "102976", "street_name": "STATE ST", "borough": "staten_island", "direction": "TW", "total_row_ft": 45.9, "roadbed_ft": 28.4, "median_ft": 0.0, "left_sw_ft": 8.9, "right_sw_ft": 8.5}, "geometry": {"type": "LineString", "coordinates": [[-74.11767514890357, 40.6342722639348], [-74.11783856296769, 40.63425350047069]]}}, {"type": "Feature", "properties": {"segment_id": 1529102, "physicalid": "102976", "street_name": "STATE ST", "borough": "staten_island", "direction": "TW", "total_row_ft": 47.3, "roadbed_ft": 28.4, "median_ft": 0.0, "left_sw_ft": 10.4, "right_sw_ft": 8.4}, "geometry": {"type": "LineString", "coordinates": [[-74.11765951320442, 40.634218543486035], [-74.11782796815211, 40.634199201223545]]}}, {"type": "Feature", "properties": {"segment_id": 1529103, "physicalid": "102976", "street_name": "STATE ST", "borough": "staten_island", "direction": "TW", "total_row_ft": 48.2, "roadbed_ft": 28.9, "median_ft": 0.0, "left_sw_ft": 11.3, "right_sw_ft": 8.0}, "geometry": {"type": "LineString", "coordinates": [[-74.11764598605716, 40.63416458093221], [-74.11781786401713, 40.63414484563596]]}}, {"type": "Feature", "properties": {"segment_id": 1529104, "physicalid": "102976", "street_name": "STATE ST", "borough": "staten_island", "direction": "TW", "total_row_ft": 49.4, "roadbed_ft": 29.3, "median_ft": 0.0, "left_sw_ft": 12.2, "right_sw_ft": 7.9}, "geometry": {"type": "LineString", "coordinates": [[-74.11763245893177, 40.63411061837643], [-74.11780851152004, 40.634090403744246]]}}, {"type": "Feature", "properties": {"segment_id": 1529105, "physicalid": "102976", "street_name": "STATE ST", "borough": "staten_island", "direction": "TW", "total_row_ft": 50.6, "roadbed_ft": 29.8, "median_ft": 0.0, "left_sw_ft": 13.1, "right_sw_ft": 7.7}, "geometry": {"type": "LineString", "coordinates": [[-74.11761893179947, 40.63405665582209], [-74.11779915928648, 40.63403596182293]]}}, {"type": "Feature", "properties": {"segment_id": 1529106, "physicalid": "102976", "street_name": "STATE ST", "borough": "staten_island", "direction": "TW", "total_row_ft": 51.6, "roadbed_ft": 30.1, "median_ft": 0.0, "left_sw_ft": 13.8, "right_sw_ft": 7.6}, "geometry": {"type": "LineString", "coordinates": [[-74.11760590560507, 40.63400263575029], [-74.11778980709401, 40.633981519897546]]}}, {"type": "Feature", "properties": {"segment_id": 1529107, "physicalid": "102976", "street_name": "STATE ST", "borough": "staten_island", "direction": "TW", "total_row_ft": 52.0, "roadbed_ft": 30.2, "median_ft": 0.0, "left_sw_ft": 13.8, "right_sw_ft": 8.0}, "geometry": {"type": "LineString", "coordinates": [[-74.11759518986408, 40.63394835039128], [-74.11778045491681, 40.6339270779711]]}}, {"type": "Feature", "properties": {"segment_id": 1529108, "physicalid": "102976", "street_name": "STATE ST", "borough": "staten_island", "direction": "TW", "total_row_ft": 49.1, "roadbed_ft": 30.3, "median_ft": 0.0, "left_sw_ft": 10.7, "right_sw_ft": 8.2}, "geometry": {"type": "LineString", "coordinates": [[-74.1175951388805, 40.63389284049747], [-74.11776997717853, 40.63387276528496]]}}, {"type": "Feature", "properties": {"segment_id": 1529109, "physicalid": "102976", "street_name": "STATE ST", "borough": "staten_island", "direction": "TW", "total_row_ft": 49.0, "roadbed_ft": 30.4, "median_ft": 0.0, "left_sw_ft": 10.5, "right_sw_ft": 8.2}, "geometry": {"type": "LineString", "coordinates": [[-74.1175845526829, 40.63383854026552], [-74.11775918017804, 40.63381848925795]]}}, {"type": "Feature", "properties": {"segment_id": 1559767, "physicalid": "105400", "street_name": "OLIVIA CT", "borough": "staten_island", "direction": "TW", "total_row_ft": 150.0, "roadbed_ft": 120.0, "median_ft": 0.0, "left_sw_ft": 15.0, "right_sw_ft": 15.0}, "geometry": {"type": "LineString", "coordinates": [[-74.11211073933531, 40.63376781601055], [-74.11217529833917, 40.634093497770365]]}}, {"type": "Feature", "properties": {"segment_id": 1559768, "physicalid": "105400", "street_name": "OLIVIA CT", "borough": "staten_island", "direction": "TW", "total_row_ft": 56.4, "roadbed_ft": 26.4, "median_ft": 0.0, "left_sw_ft": 15.0, "right_sw_ft": 15.0}, "geometry": {"type": "LineString", "coordinates": [[-74.11218198891433, 40.63375961883035], [-74.11224654825797, 40.63408530055045]]}}, {"type": "Feature", "properties": {"segment_id": 1559769, "physicalid": "105400", "street_name": "OLIVIA CT", "borough": "staten_island", "direction": "TW", "total_row_ft": 55.8, "roadbed_ft": 25.8, "median_ft": 0.0, "left_sw_ft": 15.0, "right_sw_ft": 15.0}, "geometry": {"type": "LineString", "coordinates": [[-74.11225323847584, 40.63375142160601], [-74.11231779815928, 40.63407710328638]]}}, {"type": "Feature", "properties": {"segment_id": 1559770, "physicalid": "105400", "street_name": "OLIVIA CT", "borough": "staten_island", "direction": "TW", "total_row_ft": 55.3, "roadbed_ft": 25.3, "median_ft": 0.0, "left_sw_ft": 15.0, "right_sw_ft": 15.0}, "geometry": {"type": "LineString", "coordinates": [[-74.11232448801987, 40.63374322433748], [-74.1123890480431, 40.63406890597816]]}}, {"type": "Feature", "properties": {"segment_id": 1559771, "physicalid": "105400", "street_name": "OLIVIA CT", "borough": "staten_island", "direction": "TW", "total_row_ft": 55.2, "roadbed_ft": 25.2, "median_ft": 0.0, "left_sw_ft": 15.0, "right_sw_ft": 15.0}, "geometry": {"type": "LineString", "coordinates": [[-74.11239573754638, 40.63373502702482], [-74.1124602979094, 40.634060708625775]]}}, {"type": "Feature", "properties": {"segment_id": 1559772, "physicalid": "105400", "street_name": "OLIVIA CT", "borough": "staten_island", "direction": "TW", "total_row_ft": 55.1, "roadbed_ft": 25.1, "median_ft": 0.0, "left_sw_ft": 15.0, "right_sw_ft": 15.0}, "geometry": {"type": "LineString", "coordinates": [[-74.11246698705538, 40.633726829667985], [-74.11253154775818, 40.63405251122923]]}}, {"type": "Feature", "properties": {"segment_id": 1559773, "physicalid": "105400", "street_name": "OLIVIA CT", "borough": "staten_island", "direction": "TW", "total_row_ft": 55.0, "roadbed_ft": 25.0, "median_ft": 0.0, "left_sw_ft": 15.0, "right_sw_ft": 15.0}, "geometry": {"type": "LineString", "coordinates": [[-74.1125382365469, 40.63371863226701], [-74.11260279758949, 40.634044313788536]]}}, {"type": "Feature", "properties": {"segment_id": 1559774, "physicalid": "105400", "street_name": "OLIVIA CT", "borough": "staten_island", "direction": "TW", "total_row_ft": 104.6, "roadbed_ft": 74.6, "median_ft": 0.0, "left_sw_ft": 15.0, "right_sw_ft": 15.0}, "geometry": {"type": "LineString", "coordinates": [[-74.11284108623143, 40.633859829234446], [-74.1124150027443, 40.633915685030544]]}}, {"type": "Feature", "properties": {"segment_id": 1559775, "physicalid": "105400", "street_name": "OLIVIA CT", "borough": "staten_island", "direction": "TW", "total_row_ft": 58.8, "roadbed_ft": 28.8, "median_ft": 0.0, "left_sw_ft": 15.0, "right_sw_ft": 15.0}, "geometry": {"type": "LineString", "coordinates": [[-74.11285330603512, 40.63391392986681], [-74.11242722221279, 40.63396978570787]]}}, {"type": "Feature", "properties": {"segment_id": 1559776, "physicalid": "105400", "street_name": "OLIVIA CT", "borough": "staten_island", "direction": "TW", "total_row_ft": 59.0, "roadbed_ft": 29.0, "median_ft": 0.0, "left_sw_ft": 15.0, "right_sw_ft": 15.0}, "geometry": {"type": "LineString", "coordinates": [[-74.1128655258586, 40.633968030497556], [-74.1124394417011, 40.63402388638356]]}}, {"type": "Feature", "properties": {"segment_id": 1559777, "physicalid": "105400", "street_name": "OLIVIA CT", "borough": "staten_island", "direction": "TW", "total_row_ft": 59.3, "roadbed_ft": 29.3, "median_ft": 0.0, "left_sw_ft": 15.0, "right_sw_ft": 15.0}, "geometry": {"type": "LineString", "coordinates": [[-74.11287774570191, 40.634022131126684], [-74.1124516612092, 40.63407798705766]]}}, {"type": "Feature", "properties": {"segment_id": 1562461, "physicalid": "105699", "street_name": "GIACOMO LN", "borough": "staten_island", "direction": "TW", "total_row_ft": 63.9, "roadbed_ft": 38.7, "median_ft": 0.0, "left_sw_ft": 10.2, "right_sw_ft": 15.0}, "geometry": {"type": "LineString", "coordinates": [[-74.11771285079467, 40.633730534843], [-74.1180385025451, 40.63369639042564]]}}, {"type": "Feature", "properties": {"segment_id": 1562462, "physicalid": "105699", "street_name": "GIACOMO LN", "borough": "staten_island", "direction": "TW", "total_row_ft": 61.7, "roadbed_ft": 34.8, "median_ft": 0.0, "left_sw_ft": 12.0, "right_sw_ft": 15.0}, "geometry": {"type": "LineString", "coordinates": [[-74.11771014403686, 40.63367540543627], [-74.1180286779327, 40.63364200731241]]}}, {"type": "Feature", "properties": {"segment_id": 1562463, "physicalid": "105699", "street_name": "GIACOMO LN", "borough": "staten_island", "direction": "TW", "total_row_ft": 60.2, "roadbed_ft": 34.8, "median_ft": 0.0, "left_sw_ft": 10.4, "right_sw_ft": 15.0}, "geometry": {"type": "LineString", "coordinates": [[-74.11770516822148, 40.633620513936094], [-74.1180188533363, 40.63358762419795]]}}, {"type": "Feature", "properties": {"segment_id": 1562464, "physicalid": "105699", "street_name": "GIACOMO LN", "borough": "staten_island", "direction": "TW", "total_row_ft": 58.7, "roadbed_ft": 34.7, "median_ft": 0.0, "left_sw_ft": 8.9, "right_sw_ft": 15.0}, "geometry": {"type": "LineString", "coordinates": [[-74.11770019160782, 40.63356562251992], [-74.11800902875592, 40.63353324108239]]}}, {"type": "Feature", "properties": {"segment_id": 1562465, "physicalid": "105699", "street_name": "GIACOMO LN", "borough": "staten_island", "direction": "TW", "total_row_ft": 57.3, "roadbed_ft": 34.7, "median_ft": 0.0, "left_sw_ft": 7.6, "right_sw_ft": 15.0}, "geometry": {"type": "LineString", "coordinates": [[-74.11769441020832, 40.63351081548438], [-74.11799920419155, 40.633478857965684]]}}, {"type": "Feature", "properties": {"segment_id": 1562466, "physicalid": "105699", "street_name": "GIACOMO LN", "borough": "staten_island", "direction": "TW", "total_row_ft": 57.1, "roadbed_ft": 34.7, "median_ft": 0.0, "left_sw_ft": 7.4, "right_sw_ft": 15.0}, "geometry": {"type": "LineString", "coordinates": [[-74.11768492623403, 40.633456396657614], [-74.11798937964318, 40.63342447484776]]}}, {"type": "Feature", "properties": {"segment_id": 1562467, "physicalid": "105699", "street_name": "GIACOMO LN", "borough": "staten_island", "direction": "TW", "total_row_ft": 56.8, "roadbed_ft": 34.7, "median_ft": 0.0, "left_sw_ft": 7.1, "right_sw_ft": 15.0}, "geometry": {"type": "LineString", "coordinates": [[-74.11767544215941, 40.63340197784186], [-74.11797955511082, 40.63337009172868]]}}, {"type": "Feature", "properties": {"segment_id": 1562468, "physicalid": "105699", "street_name": "GIACOMO LN", "borough": "staten_island", "direction": "TW", "total_row_ft": 56.5, "roadbed_ft": 34.6, "median_ft": 0.0, "left_sw_ft": 6.9, "right_sw_ft": 15.0}, "geometry": {"type": "LineString", "coordinates": [[-74.11766595813215, 40.633347559021686], [-74.1179697305945, 40.63331570860847]]}}, {"type": "Feature", "properties": {"segment_id": 1562469, "physicalid": "105699", "street_name": "GIACOMO LN", "borough": "staten_island", "direction": "TW", "total_row_ft": 48.6, "roadbed_ft": 34.6, "median_ft": 0.0, "left_sw_ft": 6.6, "right_sw_ft": 7.4}, "geometry": {"type": "LineString", "coordinates": [[-74.11765647431005, 40.63329314018051], [-74.11782977055663, 40.63327497024461]]}}, {"type": "Feature", "properties": {"segment_id": 1562470, "physicalid": "105699", "street_name": "GIACOMO LN", "borough": "staten_island", "direction": "TW", "total_row_ft": 48.6, "roadbed_ft": 34.2, "median_ft": 0.0, "left_sw_ft": 6.6, "right_sw_ft": 7.7}, "geometry": {"type": "LineString", "coordinates": [[-74.11764692448567, 40.633238728260075], [-74.11782042418129, 40.633220536992326]]}}, {"type": "Feature", "properties": {"segment_id": 1562471, "physicalid": "105699", "street_name": "GIACOMO LN", "borough": "staten_island", "direction": "TW", "total_row_ft": 48.7, "roadbed_ft": 33.9, "median_ft": 0.0, "left_sw_ft": 6.7, "right_sw_ft": 8.1}, "geometry": {"type": "LineString", "coordinates": [[-74.11763720680133, 40.63318433393997], [-74.1178110778212, 40.633166103738965]]}}, {"type": "Feature", "properties": {"segment_id": 1562472, "physicalid": "105699", "street_name": "GIACOMO LN", "borough": "staten_island", "direction": "TW", "total_row_ft": 48.8, "roadbed_ft": 33.7, "median_ft": 0.0, "left_sw_ft": 6.8, "right_sw_ft": 8.3}, "geometry": {"type": "LineString", "coordinates": [[-74.11762748926222, 40.63312993960515], [-74.11780173147636, 40.633111670484546]]}}, {"type": "Feature", "properties": {"segment_id": 1562473, "physicalid": "105699", "street_name": "GIACOMO LN", "borough": "staten_island", "direction": "TW", "total_row_ft": 84.8, "roadbed_ft": 33.6, "median_ft": 0.0, "left_sw_ft": 6.9, "right_sw_ft": 44.4}, "geometry": {"type": "LineString", "coordinates": [[-74.11761777173896, 40.63307554526922], [-74.11792060825299, 40.63304379299003]]}}, {"type": "Feature", "properties": {"segment_id": 1562474, "physicalid": "105699", "street_name": "GIACOMO LN", "borough": "staten_island", "direction": "TW", "total_row_ft": 99.8, "roadbed_ft": 78.1, "median_ft": 0.0, "left_sw_ft": 6.7, "right_sw_ft": 15.0}, "geometry": {"type": "LineString", "coordinates": [[-74.11760805423152, 40.63302115093212], [-74.11791078383274, 40.63298940986285]]}}, {"type": "Feature", "properties": {"segment_id": 1562475, "physicalid": "105699", "street_name": "GIACOMO LN", "borough": "staten_island", "direction": "TW", "total_row_ft": 92.9, "roadbed_ft": 40.8, "median_ft": 0.0, "left_sw_ft": 15.0, "right_sw_ft": 37.1}, "geometry": {"type": "LineString", "coordinates": [[-74.11771500612075, 40.63282988310379], [-74.11778263216003, 40.63315520334182]]}}, {"type": "Feature", "properties": {"segment_id": 1562476, "physicalid": "105699", "street_name": "GIACOMO LN", "borough": "staten_island", "direction": "TW", "total_row_ft": 58.9, "roadbed_ft": 34.8, "median_ft": 0.0, "left_sw_ft": 15.0, "right_sw_ft": 9.1}, "geometry": {"type": "LineString", "coordinates": [[-74.11778617560195, 40.632821296375745], [-74.11783471118547, 40.633054779644084]]}}, {"type": "Feature", "properties": {"segment_id": 1562477, "physicalid": "105699", "street_name": "GIACOMO LN", "borough": "staten_island", "direction": "TW", "total_row_ft": 58.8, "roadbed_ft": 34.6, "median_ft": 0.0, "left_sw_ft": 15.0, "right_sw_ft": 9.1}, "geometry": {"type": "LineString", "coordinates": [[-74.11785734506485, 40.63281270960364], [-74.1179058875277, 40.63304622476762]]}}, {"type": "Feature", "properties": {"segment_id": 1562478, "physicalid": "105699", "street_name": "GIACOMO LN", "borough": "staten_island", "direction": "TW", "total_row_ft": 58.6, "roadbed_ft": 34.5, "median_ft": 0.0, "left_sw_ft": 15.0, "right_sw_ft": 9.2}, "geometry": {"type": "LineString", "coordinates": [[-74.1179285145094, 40.63280412278748], [-74.11797706385168, 40.633037669847084]]}}, {"type": "Feature", "properties": {"segment_id": 1562479, "physicalid": "105699", "street_name": "GIACOMO LN", "borough": "staten_island", "direction": "TW", "total_row_ft": 58.5, "roadbed_ft": 34.4, "median_ft": 0.0, "left_sw_ft": 15.0, "right_sw_ft": 9.2}, "geometry": {"type": "LineString", "coordinates": [[-74.11799968393566, 40.63279553592726], [-74.1180482401574, 40.6330291148825]]}}, {"type": "Feature", "properties": {"segment_id": 1562480, "physicalid": "105699", "street_name": "GIACOMO LN", "borough": "staten_island", "direction": "TW", "total_row_ft": 108.9, "roadbed_ft": 34.3, "median_ft": 0.0, "left_sw_ft": 31.6, "right_sw_ft": 43.0}, "geometry": {"type": "LineString", "coordinates": [[-74.11807709201187, 40.63281695997955], [-74.11813848107403, 40.6331122690532]]}}, {"type": "Feature", "properties": {"segment_id": 1562754, "physicalid": "109449", "street_name": "WAYNE PL", "borough": "staten_island", "direction": "TW", "total_row_ft": 150.0, "roadbed_ft": 120.0, "median_ft": 0.0, "left_sw_ft": 15.0, "right_sw_ft": 15.0}, "geometry": {"type": "LineString", "coordinates": [[-74.11704709906333, 40.63996218110293], [-74.11747170911822, 40.63990000155085]]}}, {"type": "Feature", "properties": {"segment_id": 1562755, "physicalid": "109449", "street_name": "WAYNE PL", "borough": "staten_island", "direction": "TW", "total_row_ft": 53.3, "roadbed_ft": 21.0, "median_ft": 0.0, "left_sw_ft": 15.0, "right_sw_ft": 17.4}, "geometry": {"type": "LineString", "coordinates": [[-74.11703349491818, 40.639908272423845], [-74.11745810464272, 40.6398460929216]]}}, {"type": "Feature", "properties": {"segment_id": 1562756, "physicalid": "109449", "street_name": "WAYNE PL", "borough": "staten_island", "direction": "TW", "total_row_ft": 70.0, "roadbed_ft": 40.0, "median_ft": 0.0, "left_sw_ft": 15.0, "right_sw_ft": 15.0}, "geometry": {"type": "LineString", "coordinates": [[-74.117019890795, 40.63985436374281], [-74.1174445001892, 40.63979218429044]]}}, {"type": "Feature", "properties": {"segment_id": 1562757, "physicalid": "109449", "street_name": "WAYNE PL", "borough": "staten_island", "direction": "TW", "total_row_ft": 69.5, "roadbed_ft": 39.5, "median_ft": 0.0, "left_sw_ft": 15.0, "right_sw_ft": 15.0}, "geometry": {"type": "LineString", "coordinates": [[-74.11700628669382, 40.63980045505987], [-74.11743089575765, 40.63973827565735]]}}, {"type": "Feature", "properties": {"segment_id": 1562758, "physicalid": "109449", "street_name": "WAYNE PL", "borough": "staten_island", "direction": "TW", "total_row_ft": 50.7, "roadbed_ft": 20.7, "median_ft": 0.0, "left_sw_ft": 15.0, "right_sw_ft": 15.0}, "geometry": {"type": "LineString", "coordinates": [[-74.11699268261462, 40.63974654637497], [-74.11741729134809, 40.639684367022326]]}}, {"type": "Feature", "properties": {"segment_id": 1562759, "physicalid": "109449", "street_name": "WAYNE PL", "borough": "staten_island", "direction": "TW", "total_row_ft": 81.2, "roadbed_ft": 58.3, "median_ft": 0.0, "left_sw_ft": 7.9, "right_sw_ft": 15.0}, "geometry": {"type": "LineString", "coordinates": [[-74.11704436354783, 40.63968307751781], [-74.11740368696051, 40.63963045838538]]}}, {"type": "Feature", "properties": {"segment_id": 1562760, "physicalid": "109449", "street_name": "WAYNE PL", "borough": "staten_island", "direction": "TW", "total_row_ft": 80.6, "roadbed_ft": 58.0, "median_ft": 0.0, "left_sw_ft": 7.6, "right_sw_ft": 15.0}, "geometry": {"type": "LineString", "coordinates": [[-74.11703675740964, 40.63962829051032], [-74.11739008259492, 40.63957654974651]]}}, {"type": "Feature", "properties": {"segment_id": 1562761, "physicalid": "109449", "street_name": "WAYNE PL", "borough": "staten_island", "direction": "TW", "total_row_ft": 80.0, "roadbed_ft": 57.7, "median_ft": 0.0, "left_sw_ft": 7.3, "right_sw_ft": 15.0}, "geometry": {"type": "LineString", "coordinates": [[-74.11702915128394, 40.639573503501985], [-74.1173764782513, 40.6395226411057]]}}, {"type": "Feature", "properties": {"segment_id": 1562762, "physicalid": "109449", "street_name": "WAYNE PL", "borough": "staten_island", "direction": "TW", "total_row_ft": 79.4, "roadbed_ft": 57.5, "median_ft": 0.0, "left_sw_ft": 7.0, "right_sw_ft": 15.0}, "geometry": {"type": "LineString", "coordinates": [[-74.11702154517073, 40.63951871649283], [-74.11736287392966, 40.63946873246298]]}}, {"type": "Feature", "properties": {"segment_id": 1562763, "physicalid": "109449", "street_name": "WAYNE PL", "borough": "staten_island", "direction": "TW", "total_row_ft": 76.6, "roadbed_ft": 21.7, "median_ft": 0.0, "left_sw_ft": 6.7, "right_sw_ft": 48.2}, "geometry": {"type": "LineString", "coordinates": [[-74.1169820270043, 40.63944589800786], [-74.11736488806275, 40.63944390663638]]}}, {"type": "Feature", "properties": {"segment_id": 1562764, "physicalid": "109449", "street_name": "WAYNE PL", "borough": "staten_island", "direction": "TW", "total_row_ft": 59.6, "roadbed_ft": 39.7, "median_ft": 0.0, "left_sw_ft": 4.9, "right_sw_ft": 15.0}, "geometry": {"type": "LineString", "coordinates": [[-74.11699731195561, 40.63939092152936], [-74.11736439587274, 40.63938901219417]]}}, {"type": "Feature", "properties": {"segment_id": 1562765, "physicalid": "109449", "street_name": "WAYNE PL", "borough": "staten_island", "direction": "TW", "total_row_ft": 59.3, "roadbed_ft": 39.4, "median_ft": 0.0, "left_sw_ft": 4.9, "right_sw_ft": 15.0}, "geometry": {"type": "LineString", "coordinates": [[-74.11698685222967, 40.63933607891526], [-74.11736390368354, 40.639334117751595]]}}, {"type": "Feature", "properties": {"segment_id": 1562766, "physicalid": "109449", "street_name": "WAYNE PL", "borough": "staten_island", "direction": "TW", "total_row_ft": 79.3, "roadbed_ft": 59.4, "median_ft": 0.0, "left_sw_ft": 4.9, "right_sw_ft": 15.0}, "geometry": {"type": "LineString", "coordinates": [[-74.11697639252091, 40.639281236299844], [-74.11736341149513, 40.63927922330873]]}}, {"type": "Feature", "properties": {"segment_id": 1562767, "physicalid": "109449", "street_name": "WAYNE PL", "borough": "staten_island", "direction": "TW", "total_row_ft": 62.0, "roadbed_ft": 39.3, "median_ft": 0.0, "left_sw_ft": 7.8, "right_sw_ft": 15.0}, "geometry": {"type": "LineString", "coordinates": [[-74.11708911233778, 40.639225753144935], [-74.11736291930757, 40.63922432886555]]}}, {"type": "Feature", "properties": {"segment_id": 1562768, "physicalid": "109449", "street_name": "WAYNE PL", "borough": "staten_island", "direction": "TW", "total_row_ft": 62.2, "roadbed_ft": 39.6, "median_ft": 0.0, "left_sw_ft": 7.6, "right_sw_ft": 15.0}, "geometry": {"type": "LineString", "coordinates": [[-74.11708831235543, 40.639170860302116], [-74.11736242712078, 40.63916943442201]]}}, {"type": "Feature", "properties": {"segment_id": 1562769, "physicalid": "109449", "street_name": "WAYNE PL", "borough": "staten_island", "direction": "TW", "total_row_ft": 62.4, "roadbed_ft": 39.8, "median_ft": 0.0, "left_sw_ft": 7.5, "right_sw_ft": 15.0}, "geometry": {"type": "LineString", "coordinates": [[-74.11708751237441, 40.63911596745895], [-74.11736193493482, 40.63911453997812]]}}, {"type": "Feature", "properties": {"segment_id": 1562770, "physicalid": "109449", "street_name": "WAYNE PL", "borough": "staten_island", "direction": "TW", "total_row_ft": 62.5, "roadbed_ft": 40.1, "median_ft": 0.0, "left_sw_ft": 7.4, "right_sw_ft": 15.0}, "geometry": {"type": "LineString", "coordinates": [[-74.1170867123947, 40.639061074615476], [-74.11736144274967, 40.63905964553388]]}}, {"type": "Feature", "properties": {"segment_id": 1562771, "physicalid": "109449", "street_name": "WAYNE PL", "borough": "staten_island", "direction": "TW", "total_row_ft": 120.0, "roadbed_ft": 24.5, "median_ft": 0.0, "left_sw_ft": 49.3, "right_sw_ft": 46.1}, "geometry": {"type": "LineString", "coordinates": [[-74.11692858198188, 40.639006999870915], [-74.11736095056531, 40.63900475108933]]}}, {"type": "Feature", "properties": {"segment_id": 1567427, "physicalid": "115436", "street_name": "PELTON AVE", "borough": "staten_island", "direction": "FT", "total_row_ft": 38.2, "roadbed_ft": 27.0, "median_ft": 0.0, "left_sw_ft": 5.1, "right_sw_ft": 6.1}, "geometry": {"type": "LineString", "coordinates": [[-74.11117283579573, 40.63999196352745], [-74.11130885482517, 40.639976535897134]]}}, {"type": "Feature", "properties": {"segment_id": 1567428, "physicalid": "115436", "street_name": "PELTON AVE", "borough": "staten_island", "direction": "FT", "total_row_ft": 38.1, "roadbed_ft": 27.0, "median_ft": 0.0, "left_sw_ft": 4.9, "right_sw_ft": 6.2}, "geometry": {"type": "LineString", "coordinates": [[-74.1111625850521, 40.63993762529806], [-74.11129838704103, 40.639922222284916]]}}, {"type": "Feature", "properties": {"segment_id": 1567429, "physicalid": "115436", "street_name": "PELTON AVE", "borough": "staten_island", "direction": "FT", "total_row_ft": 38.1, "roadbed_ft": 27.0, "median_ft": 0.0, "left_sw_ft": 4.9, "right_sw_ft": 6.2}, "geometry": {"type": "LineString", "coordinates": [[-74.11115214542811, 40.6398833084925], [-74.11128791927393, 40.639867908671384]]}}, {"type": "Feature", "properties": {"segment_id": 1567430, "physicalid": "115436", "street_name": "PELTON AVE", "borough": "staten_island", "direction": "FT", "total_row_ft": 38.1, "roadbed_ft": 27.0, "median_ft": 0.0, "left_sw_ft": 4.8, "right_sw_ft": 6.3}, "geometry": {"type": "LineString", "coordinates": [[-74.11114157869255, 40.63982900610482], [-74.11127745152389, 40.63981359505662]]}}, {"type": "Feature", "properties": {"segment_id": 1567431, "physicalid": "115436", "street_name": "PELTON AVE", "borough": "staten_island", "direction": "FT", "total_row_ft": 38.1, "roadbed_ft": 27.0, "median_ft": 0.0, "left_sw_ft": 4.6, "right_sw_ft": 6.5}, "geometry": {"type": "LineString", "coordinates": [[-74.11113101197421, 40.63977470371587], [-74.11126697409414, 40.63975928254037]]}}, {"type": "Feature", "properties": {"segment_id": 1567432, "physicalid": "115436", "street_name": "PELTON AVE", "borough": "staten_island", "direction": "FT", "total_row_ft": 38.2, "roadbed_ft": 27.0, "median_ft": 0.0, "left_sw_ft": 4.5, "right_sw_ft": 6.7}, "geometry": {"type": "LineString", "coordinates": [[-74.11112044509115, 40.639720401346246], [-74.11125649022833, 40.63970497075477]]}}, {"type": "Feature", "properties": {"segment_id": 1567433, "physicalid": "115436", "street_name": "PELTON AVE", "borough": "staten_island", "direction": "FT", "total_row_ft": 38.2, "roadbed_ft": 27.0, "median_ft": 0.0, "left_sw_ft": 4.3, "right_sw_ft": 6.9}, "geometry": {"type": "LineString", "coordinates": [[-74.11110987803592, 40.639666098996805], [-74.1112460063796, 40.639650658967916]]}}, {"type": "Feature", "properties": {"segment_id": 1567434, "physicalid": "115436", "street_name": "PELTON AVE", "borough": "staten_island", "direction": "FT", "total_row_ft": 38.2, "roadbed_ft": 27.0, "median_ft": 0.0, "left_sw_ft": 4.2, "right_sw_ft": 7.1}, "geometry": {"type": "LineString", "coordinates": [[-74.11109931099787, 40.63961179664606], [-74.11123552270428, 40.63959634716206]]}}, {"type": "Feature", "properties": {"segment_id": 1567435, "physicalid": "115436", "street_name": "PELTON AVE", "borough": "staten_island", "direction": "FT", "total_row_ft": 38.2, "roadbed_ft": 27.0, "median_ft": 0.0, "left_sw_ft": 4.1, "right_sw_ft": 7.1}, "geometry": {"type": "LineString", "coordinates": [[-74.11108875545094, 40.63955749299264], [-74.11122503924537, 40.6395420353323]]}}, {"type": "Feature", "properties": {"segment_id": 1567436, "physicalid": "115436", "street_name": "PELTON AVE", "borough": "staten_island", "direction": "FT", "total_row_ft": 38.3, "roadbed_ft": 27.0, "median_ft": 0.0, "left_sw_ft": 4.3, "right_sw_ft": 7.0}, "geometry": {"type": "LineString", "coordinates": [[-74.11107821012905, 40.63950318775464], [-74.11121455587495, 40.63948772387147]]}}, {"type": "Feature", "properties": {"segment_id": 1567437, "physicalid": "115436", "street_name": "PELTON AVE", "borough": "staten_island", "direction": "FT", "total_row_ft": 38.3, "roadbed_ft": 27.0, "median_ft": 0.0, "left_sw_ft": 4.4, "right_sw_ft": 6.8}, "geometry": {"type": "LineString", "coordinates": [[-74.11106766490526, 40.63944888293207], [-74.1112040724503, 40.639433412039914]]}}, {"type": "Feature", "properties": {"segment_id": 1567438, "physicalid": "115436", "street_name": "PELTON AVE", "borough": "staten_island", "direction": "FT", "total_row_ft": 38.3, "roadbed_ft": 27.0, "median_ft": 0.0, "left_sw_ft": 4.6, "right_sw_ft": 6.8}, "geometry": {"type": "LineString", "coordinates": [[-74.11105711969864, 40.639394578108195], [-74.11119373113895, 40.639379084090855]]}}, {"type": "Feature", "properties": {"segment_id": 1567439, "physicalid": "115436", "street_name": "PELTON AVE", "borough": "staten_island", "direction": "FT", "total_row_ft": 38.4, "roadbed_ft": 27.0, "median_ft": 0.0, "left_sw_ft": 4.7, "right_sw_ft": 6.7}, "geometry": {"type": "LineString", "coordinates": [[-74.11104657450917, 40.63934027328302], [-74.11118342495736, 40.63932475215816]]}}, {"type": "Feature", "properties": {"segment_id": 1567440, "physicalid": "115436", "street_name": "PELTON AVE", "borough": "staten_island", "direction": "FT", "total_row_ft": 38.5, "roadbed_ft": 27.0, "median_ft": 0.0, "left_sw_ft": 4.8, "right_sw_ft": 6.6}, "geometry": {"type": "LineString", "coordinates": [[-74.11103602933689, 40.639285968456555], [-74.11117311879255, 40.63927042022423]]}}, {"type": "Feature", "properties": {"segment_id": 1567441, "physicalid": "115436", "street_name": "PELTON AVE", "borough": "staten_island", "direction": "FT", "total_row_ft": 38.5, "roadbed_ft": 27.0, "median_ft": 0.0, "left_sw_ft": 4.8, "right_sw_ft": 6.7}, "geometry": {"type": "LineString", "coordinates": [[-74.1110255153266, 40.639231660096485], [-74.11116281264454, 40.63921608828902]]}}, {"type": "Feature", "properties": {"segment_id": 1567442, "physicalid": "115436", "street_name": "PELTON AVE", "borough": "staten_island", "direction": "FT", "total_row_ft": 38.6, "roadbed_ft": 27.0, "median_ft": 0.0, "left_sw_ft": 4.7, "right_sw_ft": 6.8}, "geometry": {"type": "LineString", "coordinates": [[-74.11101502963385, 40.63917734852538], [-74.11115250651329, 40.63916175635259]]}}, {"type": "Feature", "properties": {"segment_id": 1567443, "physicalid": "115436", "street_name": "PELTON AVE", "borough": "staten_island", "direction": "FT", "total_row_ft": 38.6, "roadbed_ft": 27.0, "median_ft": 0.0, "left_sw_ft": 4.7, "right_sw_ft": 6.9}, "geometry": {"type": "LineString", "coordinates": [[-74.11100454395817, 40.639123036953016], [-74.11114219989756, 40.63910742447174]]}}, {"type": "Feature", "properties": {"segment_id": 1567444, "physicalid": "115436", "street_name": "PELTON AVE", "borough": "staten_island", "direction": "FT", "total_row_ft": 38.5, "roadbed_ft": 27.0, "median_ft": 0.0, "left_sw_ft": 4.6, "right_sw_ft": 6.9}, "geometry": {"type": "LineString", "coordinates": [[-74.11099405829957, 40.6390687253794], [-74.11113142509295, 40.639053145692294]]}}, {"type": "Feature", "properties": {"segment_id": 1567445, "physicalid": "115436", "street_name": "PELTON AVE", "borough": "staten_island", "direction": "FT", "total_row_ft": 38.5, "roadbed_ft": 27.0, "median_ft": 0.0, "left_sw_ft": 4.6, "right_sw_ft": 6.9}, "geometry": {"type": "LineString", "coordinates": [[-74.11098357265801, 40.63901441380447], [-74.11112063662408, 40.63899886846326]]}}, {"type": "Feature", "properties": {"segment_id": 1567446, "physicalid": "115436", "street_name": "PELTON AVE", "borough": "staten_island", "direction": "FT", "total_row_ft": 38.4, "roadbed_ft": 27.0, "median_ft": 0.0, "left_sw_ft": 4.6, "right_sw_ft": 6.8}, "geometry": {"type": "LineString", "coordinates": [[-74.11097303801556, 40.63896010778769], [-74.11110984817276, 40.638944591232885]]}}, {"type": "Feature", "properties": {"segment_id": 1567447, "physicalid": "115436", "street_name": "PELTON AVE", "borough": "staten_island", "direction": "FT", "total_row_ft": 38.3, "roadbed_ft": 27.0, "median_ft": 0.0, "left_sw_ft": 4.6, "right_sw_ft": 6.8}, "geometry": {"type": "LineString", "coordinates": [[-74.11096243704729, 40.63890580929398], [-74.11109905973899, 40.63889031400119]]}}, {"type": "Feature", "properties": {"segment_id": 1567448, "physicalid": "115436", "street_name": "PELTON AVE", "borough": "staten_island", "direction": "FT", "total_row_ft": 38.3, "roadbed_ft": 27.0, "median_ft": 0.0, "left_sw_ft": 4.5, "right_sw_ft": 6.7}, "geometry": {"type": "LineString", "coordinates": [[-74.11095183609628, 40.63885151079895], [-74.11108827132277, 40.63883603676815]]}}, {"type": "Feature", "properties": {"segment_id": 1567449, "physicalid": "115436", "street_name": "PELTON AVE", "borough": "staten_island", "direction": "FT", "total_row_ft": 38.2, "roadbed_ft": 27.0, "median_ft": 0.0, "left_sw_ft": 4.5, "right_sw_ft": 6.7}, "geometry": {"type": "LineString", "coordinates": [[-74.11094123516251, 40.638797212302634], [-74.1110774829241, 40.63878175953377]]}}, {"type": "Feature", "properties": {"segment_id": 1567450, "physicalid": "115436", "street_name": "PELTON AVE", "borough": "staten_island", "direction": "FT", "total_row_ft": 38.2, "roadbed_ft": 27.0, "median_ft": 0.0, "left_sw_ft": 4.5, "right_sw_ft": 6.7}, "geometry": {"type": "LineString", "coordinates": [[-74.11093063410527, 40.638742913820984], [-74.11106672084921, 40.6387274793145]]}}, {"type": "Feature", "properties": {"segment_id": 1567451, "physicalid": "115436", "street_name": "PELTON AVE", "borough": "staten_island", "direction": "FT", "total_row_ft": 38.2, "roadbed_ft": 27.0, "median_ft": 0.0, "left_sw_ft": 4.5, "right_sw_ft": 6.7}, "geometry": {"type": "LineString", "coordinates": [[-74.11091993964341, 40.638688625933575], [-74.111056177103, 40.63867317433359]]}}, {"type": "Feature", "properties": {"segment_id": 1567452, "physicalid": "115436", "street_name": "PELTON AVE", "borough": "staten_island", "direction": "FT", "total_row_ft": 38.3, "roadbed_ft": 27.0, "median_ft": 0.0, "left_sw_ft": 4.6, "right_sw_ft": 6.7}, "geometry": {"type": "LineString", "coordinates": [[-74.11090921156935, 40.63863434185897], [-74.11104563285905, 40.63861886940982]]}}, {"type": "Feature", "properties": {"segment_id": 1567453, "physicalid": "115436", "street_name": "PELTON AVE", "borough": "staten_island", "direction": "FT", "total_row_ft": 38.3, "roadbed_ft": 27.0, "median_ft": 0.0, "left_sw_ft": 4.6, "right_sw_ft": 6.7}, "geometry": {"type": "LineString", "coordinates": [[-74.11089848351276, 40.63858005778305], [-74.11103508863224, 40.63856456448475]]}}, {"type": "Feature", "properties": {"segment_id": 1567454, "physicalid": "115436", "street_name": "PELTON AVE", "borough": "staten_island", "direction": "FT", "total_row_ft": 38.4, "roadbed_ft": 27.0, "median_ft": 0.0, "left_sw_ft": 4.6, "right_sw_ft": 6.7}, "geometry": {"type": "LineString", "coordinates": [[-74.11088785168667, 40.638525762793705], [-74.11102454442262, 40.638510259558394]]}}, {"type": "Feature", "properties": {"segment_id": 1567455, "physicalid": "115436", "street_name": "PELTON AVE", "borough": "staten_island", "direction": "FT", "total_row_ft": 38.3, "roadbed_ft": 27.0, "median_ft": 0.0, "left_sw_ft": 4.6, "right_sw_ft": 6.7}, "geometry": {"type": "LineString", "coordinates": [[-74.11087742979763, 40.638471443994796], [-74.11101400023016, 40.63845595463076]]}}, {"type": "Feature", "properties": {"segment_id": 1567456, "physicalid": "115436", "street_name": "PELTON AVE", "borough": "staten_island", "direction": "FT", "total_row_ft": 38.3, "roadbed_ft": 27.0, "median_ft": 0.0, "left_sw_ft": 4.6, "right_sw_ft": 6.7}, "geometry": {"type": "LineString", "coordinates": [[-74.11086700792556, 40.63841712519459], [-74.11100345605486, 40.63840164970183]]}}, {"type": "Feature", "properties": {"segment_id": 1567457, "physicalid": "115436", "street_name": "PELTON AVE", "borough": "staten_island", "direction": "FT", "total_row_ft": 38.3, "roadbed_ft": 27.0, "median_ft": 0.0, "left_sw_ft": 4.5, "right_sw_ft": 6.7}, "geometry": {"type": "LineString", "coordinates": [[-74.11085658607045, 40.638362806393125], [-74.11099293889949, 40.63834734170899]]}}, {"type": "Feature", "properties": {"segment_id": 1567458, "physicalid": "115436", "street_name": "PELTON AVE", "borough": "staten_island", "direction": "FT", "total_row_ft": 38.3, "roadbed_ft": 27.0, "median_ft": 0.0, "left_sw_ft": 4.5, "right_sw_ft": 6.7}, "geometry": {"type": "LineString", "coordinates": [[-74.11084616423231, 40.6383084875904], [-74.11098252300746, 40.63829302223184]]}}, {"type": "Feature", "properties": {"segment_id": 1567459, "physicalid": "115436", "street_name": "PELTON AVE", "borough": "staten_island", "direction": "FT", "total_row_ft": 38.3, "roadbed_ft": 27.0, "median_ft": 0.0, "left_sw_ft": 4.5, "right_sw_ft": 6.7}, "geometry": {"type": "LineString", "coordinates": [[-74.11083574241114, 40.63825416878643], [-74.11097210713241, 40.6382387027534]]}}, {"type": "Feature", "properties": {"segment_id": 1567460, "physicalid": "115436", "street_name": "PELTON AVE", "borough": "staten_island", "direction": "FT", "total_row_ft": 38.2, "roadbed_ft": 27.0, "median_ft": 0.0, "left_sw_ft": 4.5, "right_sw_ft": 6.7}, "geometry": {"type": "LineString", "coordinates": [[-74.11082545069013, 40.638199835227624], [-74.11096169133424, 40.63818438326689]]}}, {"type": "Feature", "properties": {"segment_id": 1567461, "physicalid": "115436", "street_name": "PELTON AVE", "borough": "staten_island", "direction": "FT", "total_row_ft": 38.1, "roadbed_ft": 27.0, "median_ft": 0.0, "left_sw_ft": 4.4, "right_sw_ft": 6.7}, "geometry": {"type": "LineString", "coordinates": [[-74.11081533368566, 40.63814548185383], [-74.11095127600252, 40.63813006372814]]}}, {"type": "Feature", "properties": {"segment_id": 1567462, "physicalid": "115436", "street_name": "PELTON AVE", "borough": "staten_island", "direction": "FT", "total_row_ft": 38.1, "roadbed_ft": 27.0, "median_ft": 0.0, "left_sw_ft": 4.4, "right_sw_ft": 6.7}, "geometry": {"type": "LineString", "coordinates": [[-74.11080521669768, 40.638091128478834], [-74.11094087165013, 40.63807574294481]]}}, {"type": "Feature", "properties": {"segment_id": 1567463, "physicalid": "115436", "street_name": "PELTON AVE", "borough": "staten_island", "direction": "FT", "total_row_ft": 38.0, "roadbed_ft": 27.0, "median_ft": 0.0, "left_sw_ft": 4.6, "right_sw_ft": 6.4}, "geometry": {"type": "LineString", "coordinates": [[-74.11079509972619, 40.63803677510262], [-74.11093057200785, 40.6380214102862]]}}, {"type": "Feature", "properties": {"segment_id": 1567464, "physicalid": "115436", "street_name": "PELTON AVE", "borough": "staten_island", "direction": "FT", "total_row_ft": 38.2, "roadbed_ft": 27.0, "median_ft": 0.0, "left_sw_ft": 5.2, "right_sw_ft": 6.0}, "geometry": {"type": "LineString", "coordinates": [[-74.11078399237715, 40.63798253405177], [-74.11092027238233, 40.637967077626335]]}}, {"type": "Feature", "properties": {"segment_id": 1567465, "physicalid": "115436", "street_name": "PELTON AVE", "borough": "staten_island", "direction": "FT", "total_row_ft": 38.5, "roadbed_ft": 27.0, "median_ft": 0.0, "left_sw_ft": 5.8, "right_sw_ft": 5.7}, "geometry": {"type": "LineString", "coordinates": [[-74.11077265636166, 40.637928318936034], [-74.11090997277358, 40.63791274496523]]}}, {"type": "Feature", "properties": {"segment_id": 1567466, "physicalid": "115436", "street_name": "PELTON AVE", "borough": "staten_island", "direction": "FT", "total_row_ft": 38.8, "roadbed_ft": 27.0, "median_ft": 0.0, "left_sw_ft": 6.4, "right_sw_ft": 5.4}, "geometry": {"type": "LineString", "coordinates": [[-74.11076132036459, 40.63787410381885], [-74.1108996731816, 40.63785841230287]]}}, {"type": "Feature", "properties": {"segment_id": 1567467, "physicalid": "115436", "street_name": "PELTON AVE", "borough": "staten_island", "direction": "FT", "total_row_ft": 120.0, "roadbed_ft": 27.3, "median_ft": 0.0, "left_sw_ft": 46.9, "right_sw_ft": 45.8}, "geometry": {"type": "LineString", "coordinates": [[-74.11060758160046, 40.637836039367436], [-74.11103523877945, 40.63778753590841]]}}, {"type": "Feature", "properties": {"segment_id": 1567595, "physicalid": "115490", "street_name": "HENDERSON AVE", "borough": "staten_island", "direction": "TW", "total_row_ft": 84.5, "roadbed_ft": 38.3, "median_ft": 0.0, "left_sw_ft": 38.9, "right_sw_ft": 7.3}, "geometry": {"type": "LineString", "coordinates": [[-74.1117697132971, 40.63747666392362], [-74.11181726783697, 40.637705852790404]]}}, {"type": "Feature", "properties": {"segment_id": 1567596, "physicalid": "115490", "street_name": "HENDERSON AVE", "borough": "staten_island", "direction": "TW", "total_row_ft": 52.7, "roadbed_ft": 34.7, "median_ft": 0.0, "left_sw_ft": 10.7, "right_sw_ft": 7.4}, "geometry": {"type": "LineString", "coordinates": [[-74.11185903785932, 40.637555551361025], [-74.11188869837646, 40.63769849914702]]}}, {"type": "Feature", "properties": {"segment_id": 1567597, "physicalid": "115490", "street_name": "HENDERSON AVE", "borough": "staten_island", "direction": "TW", "total_row_ft": 52.9, "roadbed_ft": 34.7, "median_ft": 0.0, "left_sw_ft": 10.8, "right_sw_ft": 7.4}, "geometry": {"type": "LineString", "coordinates": [[-74.11193037916011, 40.63754776840781], [-74.1119601289002, 40.63769114545926]]}}, {"type": "Feature", "properties": {"segment_id": 1567598, "physicalid": "115490", "street_name": "HENDERSON AVE", "borough": "staten_island", "direction": "TW", "total_row_ft": 53.0, "roadbed_ft": 34.7, "median_ft": 0.0, "left_sw_ft": 11.0, "right_sw_ft": 7.4}, "geometry": {"type": "LineString", "coordinates": [[-74.11200336593677, 40.63753980589434], [-74.11203000015132, 40.63768395225226]]}}, {"type": "Feature", "properties": {"segment_id": 1567599, "physicalid": "115490", "street_name": "HENDERSON AVE", "borough": "staten_island", "direction": "TW", "total_row_ft": 53.2, "roadbed_ft": 34.7, "median_ft": 0.0, "left_sw_ft": 11.1, "right_sw_ft": 7.4}, "geometry": {"type": "LineString", "coordinates": [[-74.1120746998824, 40.637532023650316], [-74.1121014137421, 40.63767660021676]]}}, {"type": "Feature", "properties": {"segment_id": 1567600, "physicalid": "115490", "street_name": "HENDERSON AVE", "borough": "staten_island", "direction": "TW", "total_row_ft": 53.2, "roadbed_ft": 34.7, "median_ft": 0.0, "left_sw_ft": 11.3, "right_sw_ft": 7.2}, "geometry": {"type": "LineString", "coordinates": [[-74.11214603381138, 40.63752424136205], [-74.11217276743089, 40.637668924032525]]}}, {"type": "Feature", "properties": {"segment_id": 1567601, "physicalid": "115490", "street_name": "HENDERSON AVE", "borough": "staten_island", "direction": "TW", "total_row_ft": 53.2, "roadbed_ft": 34.7, "median_ft": 0.0, "left_sw_ft": 11.3, "right_sw_ft": 7.2}, "geometry": {"type": "LineString", "coordinates": [[-74.11221736772372, 40.63751645902952], [-74.11224408751735, 40.637661066038135]]}}, {"type": "Feature", "properties": {"segment_id": 1567602, "physicalid": "115490", "street_name": "HENDERSON AVE", "borough": "staten_island", "direction": "TW", "total_row_ft": 53.2, "roadbed_ft": 34.7, "median_ft": 0.0, "left_sw_ft": 11.2, "right_sw_ft": 7.3}, "geometry": {"type": "LineString", "coordinates": [[-74.11228870161943, 40.63750867665272], [-74.11231540758702, 40.63765320799948]]}}, {"type": "Feature", "properties": {"segment_id": 1567603, "physicalid": "115490", "street_name": "HENDERSON AVE", "borough": "staten_island", "direction": "TW", "total_row_ft": 53.1, "roadbed_ft": 34.7, "median_ft": 0.0, "left_sw_ft": 11.0, "right_sw_ft": 7.4}, "geometry": {"type": "LineString", "coordinates": [[-74.11236004543298, 40.63750094799636], [-74.11238672763987, 40.637645349916575]]}}, {"type": "Feature", "properties": {"segment_id": 1567604, "physicalid": "115490", "street_name": "HENDERSON AVE", "borough": "staten_island", "direction": "TW", "total_row_ft": 53.1, "roadbed_ft": 34.7, "median_ft": 0.0, "left_sw_ft": 10.9, "right_sw_ft": 7.5}, "geometry": {"type": "LineString", "coordinates": [[-74.11243139537893, 40.6374932525732], [-74.11245804767594, 40.637637491789434]]}}, {"type": "Feature", "properties": {"segment_id": 1567605, "physicalid": "115490", "street_name": "HENDERSON AVE", "borough": "staten_island", "direction": "TW", "total_row_ft": 53.0, "roadbed_ft": 34.7, "median_ft": 0.0, "left_sw_ft": 10.8, "right_sw_ft": 7.5}, "geometry": {"type": "LineString", "coordinates": [[-74.11250274532284, 40.637485557183645], [-74.11252936769522, 40.637629633618054]]}}, {"type": "Feature", "properties": {"segment_id": 1567606, "physicalid": "115490", "street_name": "HENDERSON AVE", "borough": "staten_island", "direction": "TW", "total_row_ft": 53.1, "roadbed_ft": 34.7, "median_ft": 0.0, "left_sw_ft": 10.8, "right_sw_ft": 7.6}, "geometry": {"type": "LineString", "coordinates": [[-74.11257409519952, 40.637477861475084], [-74.11260076409154, 40.63762218883164]]}}, {"type": "Feature", "properties": {"segment_id": 1567607, "physicalid": "115490", "street_name": "HENDERSON AVE", "borough": "staten_island", "direction": "TW", "total_row_ft": 53.5, "roadbed_ft": 34.8, "median_ft": 0.0, "left_sw_ft": 10.7, "right_sw_ft": 8.0}, "geometry": {"type": "LineString", "coordinates": [[-74.11264544502414, 40.637470165529656], [-74.1126723096031, 40.63761555106602]]}}, {"type": "Feature", "properties": {"segment_id": 1567608, "physicalid": "115490", "street_name": "HENDERSON AVE", "borough": "staten_island", "direction": "TW", "total_row_ft": 120.0, "roadbed_ft": 47.7, "median_ft": 0.0, "left_sw_ft": 35.3, "right_sw_ft": 37.0}, "geometry": {"type": "LineString", "coordinates": [[-74.11270054167107, 40.63737451099513], [-74.11276081019261, 40.6377006698384]]}}, {"type": "Feature", "properties": {"segment_id": 1567807, "physicalid": "115611", "street_name": "CAROLINE ST", "borough": "staten_island", "direction": "TW", "total_row_ft": 150.0, "roadbed_ft": 120.0, "median_ft": 0.0, "left_sw_ft": 15.0, "right_sw_ft": 15.0}, "geometry": {"type": "LineString", "coordinates": [[-74.11894444764819, 40.632378413689814], [-74.11937070637562, 40.632323383476695]]}}, {"type": "Feature", "properties": {"segment_id": 1567808, "physicalid": "115611", "street_name": "CAROLINE ST", "borough": "staten_island", "direction": "TW", "total_row_ft": 43.4, "roadbed_ft": 29.8, "median_ft": 0.0, "left_sw_ft": 6.8, "right_sw_ft": 6.8}, "geometry": {"type": "LineString", "coordinates": [[-74.11906906748267, 40.6323066470216], [-74.11922306541761, 40.63228676581142]]}}, {"type": "Feature", "properties": {"segment_id": 1567809, "physicalid": "115611", "street_name": "CAROLINE ST", "borough": "staten_island", "direction": "TW", "total_row_ft": 43.3, "roadbed_ft": 29.8, "median_ft": 0.0, "left_sw_ft": 6.9, "right_sw_ft": 6.6}, "geometry": {"type": "LineString", "coordinates": [[-74.1190578969664, 40.63225241077452], [-74.11921168665931, 40.63223255644778]]}}, {"type": "Feature", "properties": {"segment_id": 1567810, "physicalid": "115611", "street_name": "CAROLINE ST", "borough": "staten_island", "direction": "TW", "total_row_ft": 43.2, "roadbed_ft": 29.8, "median_ft": 0.0, "left_sw_ft": 7.0, "right_sw_ft": 6.4}, "geometry": {"type": "LineString", "coordinates": [[-74.11904672626027, 40.632198174552926], [-74.11920030808446, 40.632178347061405]]}}, {"type": "Feature", "properties": {"segment_id": 1567811, "physicalid": "115611", "street_name": "CAROLINE ST", "borough": "staten_island", "direction": "TW", "total_row_ft": 43.2, "roadbed_ft": 29.8, "median_ft": 0.0, "left_sw_ft": 7.2, "right_sw_ft": 6.2}, "geometry": {"type": "LineString", "coordinates": [[-74.11903555534647, 40.632143938359064], [-74.1191889295281, 40.63212413767357]]}}, {"type": "Feature", "properties": {"segment_id": 1567812, "physicalid": "115611", "street_name": "CAROLINE ST", "borough": "staten_island", "direction": "TW", "total_row_ft": 43.1, "roadbed_ft": 29.8, "median_ft": 0.0, "left_sw_ft": 7.3, "right_sw_ft": 6.0}, "geometry": {"type": "LineString", "coordinates": [[-74.11902438445085, 40.632089702163825], [-74.11917755230391, 40.63206992811469]]}}, {"type": "Feature", "properties": {"segment_id": 1567813, "physicalid": "115611", "street_name": "CAROLINE ST", "borough": "staten_island", "direction": "TW", "total_row_ft": 43.1, "roadbed_ft": 29.8, "median_ft": 0.0, "left_sw_ft": 7.4, "right_sw_ft": 5.9}, "geometry": {"type": "LineString", "coordinates": [[-74.11901321357338, 40.63203546596717], [-74.11916621998863, 40.63201571275897]]}}, {"type": "Feature", "properties": {"segment_id": 1567814, "physicalid": "115611", "street_name": "CAROLINE ST", "borough": "staten_island", "direction": "TW", "total_row_ft": 43.4, "roadbed_ft": 29.8, "median_ft": 0.0, "left_sw_ft": 7.5, "right_sw_ft": 6.1}, "geometry": {"type": "LineString", "coordinates": [[-74.11900077330363, 40.631981393649745], [-74.11915488766878, 40.631961497404816]]}}, {"type": "Feature", "properties": {"segment_id": 1567815, "physicalid": "115611", "street_name": "CAROLINE ST", "borough": "staten_island", "direction": "TW", "total_row_ft": 43.8, "roadbed_ft": 29.8, "median_ft": 0.0, "left_sw_ft": 7.6, "right_sw_ft": 6.4}, "geometry": {"type": "LineString", "coordinates": [[-74.11898805365752, 40.63192735740074], [-74.119143555215, 40.631907282068845]]}}, {"type": "Feature", "properties": {"segment_id": 1567816, "physicalid": "115611", "street_name": "CAROLINE ST", "borough": "staten_island", "direction": "TW", "total_row_ft": 44.2, "roadbed_ft": 29.8, "median_ft": 0.0, "left_sw_ft": 7.8, "right_sw_ft": 6.6}, "geometry": {"type": "LineString", "coordinates": [[-74.118975334032, 40.631873321149975], [-74.11913222277965, 40.631853066731466]]}}, {"type": "Feature", "properties": {"segment_id": 1567817, "physicalid": "115611", "street_name": "CAROLINE ST", "borough": "staten_island", "direction": "TW", "total_row_ft": 44.6, "roadbed_ft": 29.8, "median_ft": 0.0, "left_sw_ft": 7.9, "right_sw_ft": 6.9}, "geometry": {"type": "LineString", "coordinates": [[-74.11896261441521, 40.631819284899045], [-74.1191208903797, 40.63179885139046]]}}, {"type": "Feature", "properties": {"segment_id": 1567818, "physicalid": "115611", "street_name": "CAROLINE ST", "borough": "staten_island", "direction": "TW", "total_row_ft": 44.9, "roadbed_ft": 29.8, "median_ft": 0.0, "left_sw_ft": 8.0, "right_sw_ft": 7.2}, "geometry": {"type": "LineString", "coordinates": [[-74.11894989479894, 40.63176524864898], [-74.11910955803963, 40.63174463604268]]}}, {"type": "Feature", "properties": {"segment_id": 1567819, "physicalid": "115611", "street_name": "CAROLINE ST", "borough": "staten_island", "direction": "TW", "total_row_ft": 45.4, "roadbed_ft": 29.8, "median_ft": 0.0, "left_sw_ft": 8.3, "right_sw_ft": 7.3}, "geometry": {"type": "LineString", "coordinates": [[-74.11893711652112, 40.631711219973035], [-74.11909822591454, 40.631690420668065]]}}, {"type": "Feature", "properties": {"segment_id": 1567820, "physicalid": "115611", "street_name": "CAROLINE ST", "borough": "staten_island", "direction": "TW", "total_row_ft": 45.8, "roadbed_ft": 29.8, "median_ft": 0.0, "left_sw_ft": 8.7, "right_sw_ft": 7.3}, "geometry": {"type": "LineString", "coordinates": [[-74.11892404662436, 40.63165722886658], [-74.11908685545237, 40.63163621033219]]}}, {"type": "Feature", "properties": {"segment_id": 1567821, "physicalid": "115611", "street_name": "CAROLINE ST", "borough": "staten_island", "direction": "TW", "total_row_ft": 45.7, "roadbed_ft": 29.8, "median_ft": 0.0, "left_sw_ft": 9.2, "right_sw_ft": 6.8}, "geometry": {"type": "LineString", "coordinates": [[-74.11891097679312, 40.631603237830916], [-74.11907342119491, 40.631582266345944]]}}, {"type": "Feature", "properties": {"segment_id": 1567822, "physicalid": "115611", "street_name": "CAROLINE ST", "borough": "staten_island", "direction": "TW", "total_row_ft": 45.6, "roadbed_ft": 29.8, "median_ft": 0.0, "left_sw_ft": 9.6, "right_sw_ft": 6.3}, "geometry": {"type": "LineString", "coordinates": [[-74.11889790699493, 40.63154924679194], [-74.11905998676477, 40.63152832238293]]}}, {"type": "Feature", "properties": {"segment_id": 1567823, "physicalid": "115611", "street_name": "CAROLINE ST", "borough": "staten_island", "direction": "TW", "total_row_ft": 45.5, "roadbed_ft": 29.8, "median_ft": 0.0, "left_sw_ft": 9.6, "right_sw_ft": 6.1}, "geometry": {"type": "LineString", "coordinates": [[-74.11888483714382, 40.631495255760704], [-74.11904655224323, 40.631474378432614]]}}, {"type": "Feature", "properties": {"segment_id": 1567824, "physicalid": "115611", "street_name": "CAROLINE ST", "borough": "staten_island", "direction": "TW", "total_row_ft": 45.4, "roadbed_ft": 29.8, "median_ft": 0.0, "left_sw_ft": 9.4, "right_sw_ft": 6.3}, "geometry": {"type": "LineString", "coordinates": [[-74.11887180654583, 40.63144125966288], [-74.11903311765043, 40.63142043449244]]}}, {"type": "Feature", "properties": {"segment_id": 1567825, "physicalid": "115611", "street_name": "CAROLINE ST", "borough": "staten_island", "direction": "TW", "total_row_ft": 45.2, "roadbed_ft": 29.8, "median_ft": 0.0, "left_sw_ft": 9.1, "right_sw_ft": 6.3}, "geometry": {"type": "LineString", "coordinates": [[-74.11885881652502, 40.63138725832753], [-74.11901927711955, 40.631366542959825]]}}, {"type": "Feature", "properties": {"segment_id": 1567826, "physicalid": "115611", "street_name": "CAROLINE ST", "borough": "staten_island", "direction": "TW", "total_row_ft": 44.8, "roadbed_ft": 29.8, "median_ft": 0.0, "left_sw_ft": 8.9, "right_sw_ft": 6.1}, "geometry": {"type": "LineString", "coordinates": [[-74.11884582663286, 40.63133325697651], [-74.11900498993383, 40.63131270909134]]}}, {"type": "Feature", "properties": {"segment_id": 1606512, "physicalid": "140280", "street_name": "WAYNE PL", "borough": "staten_island", "direction": "TW", "total_row_ft": 150.0, "roadbed_ft": 120.0, "median_ft": 0.0, "left_sw_ft": 15.0, "right_sw_ft": 15.0}, "geometry": {"type": "LineString", "coordinates": [[-74.11692574029654, 40.638916572455116], [-74.11735762489646, 40.638900841234054]]}}, {"type": "Feature", "properties": {"segment_id": 1606513, "physicalid": "140280", "street_name": "WAYNE PL", "borough": "staten_island", "direction": "TW", "total_row_ft": 59.2, "roadbed_ft": 39.9, "median_ft": 0.0, "left_sw_ft": 4.3, "right_sw_ft": 15.0}, "geometry": {"type": "LineString", "coordinates": [[-74.11700386269544, 40.638858768558705], [-74.11735418292707, 40.6388460081618]]}}, {"type": "Feature", "properties": {"segment_id": 1606514, "physicalid": "140280", "street_name": "WAYNE PL", "borough": "staten_island", "direction": "TW", "total_row_ft": 76.5, "roadbed_ft": 59.9, "median_ft": 0.0, "left_sw_ft": 1.5, "right_sw_ft": 15.0}, "geometry": {"type": "LineString", "coordinates": [[-74.11700394483887, 40.638803807125996], [-74.11735074096335, 40.63879117508911]]}}, {"type": "Feature", "properties": {"segment_id": 1606515, "physicalid": "140280", "street_name": "WAYNE PL", "borough": "staten_island", "direction": "TW", "total_row_ft": 76.1, "roadbed_ft": 59.7, "median_ft": 0.0, "left_sw_ft": 1.4, "right_sw_ft": 15.0}, "geometry": {"type": "LineString", "coordinates": [[-74.11699471062931, 40.63874918502656], [-74.11734729900526, 40.63873634201594]]}}, {"type": "Feature", "properties": {"segment_id": 1606516, "physicalid": "140280", "street_name": "WAYNE PL", "borough": "staten_island", "direction": "TW", "total_row_ft": 79.0, "roadbed_ft": 59.5, "median_ft": 0.0, "left_sw_ft": 4.5, "right_sw_ft": 15.0}, "geometry": {"type": "LineString", "coordinates": [[-74.11697353812089, 40.63869499775878], [-74.11734385705284, 40.638681508942405]]}}, {"type": "Feature", "properties": {"segment_id": 1606517, "physicalid": "140280", "street_name": "WAYNE PL", "borough": "staten_island", "direction": "TW", "total_row_ft": 70.9, "roadbed_ft": 40.9, "median_ft": 0.0, "left_sw_ft": 15.0, "right_sw_ft": 15.0}, "geometry": {"type": "LineString", "coordinates": [[-74.11690853227654, 40.63864240702527], [-74.11734041510609, 40.63862667586841]]}}, {"type": "Feature", "properties": {"segment_id": 1606518, "physicalid": "140280", "street_name": "WAYNE PL", "borough": "staten_island", "direction": "TW", "total_row_ft": 70.6, "roadbed_ft": 40.6, "median_ft": 0.0, "left_sw_ft": 15.0, "right_sw_ft": 15.0}, "geometry": {"type": "LineString", "coordinates": [[-74.1169050906895, 40.638587573938025], [-74.11733697316497, 40.63857184279392]]}}, {"type": "Feature", "properties": {"segment_id": 1606519, "physicalid": "140280", "street_name": "WAYNE PL", "borough": "staten_island", "direction": "TW", "total_row_ft": 70.1, "roadbed_ft": 40.1, "median_ft": 0.0, "left_sw_ft": 15.0, "right_sw_ft": 15.0}, "geometry": {"type": "LineString", "coordinates": [[-74.11690164910813, 40.63853274085029], [-74.11733353122953, 40.63851700971911]]}}, {"type": "Feature", "properties": {"segment_id": 1606520, "physicalid": "140280", "street_name": "WAYNE PL", "borough": "staten_island", "direction": "TW", "total_row_ft": 72.0, "roadbed_ft": 41.0, "median_ft": 0.0, "left_sw_ft": 16.0, "right_sw_ft": 15.0}, "geometry": {"type": "LineString", "coordinates": [[-74.11689820753242, 40.63847790776215], [-74.11733008929974, 40.638462176643806]]}}, {"type": "Feature", "properties": {"segment_id": 1606521, "physicalid": "140280", "street_name": "WAYNE PL", "borough": "staten_island", "direction": "TW", "total_row_ft": 79.4, "roadbed_ft": 59.6, "median_ft": 0.0, "left_sw_ft": 4.7, "right_sw_ft": 15.0}, "geometry": {"type": "LineString", "coordinates": [[-74.11695761781733, 40.63842078542157], [-74.1173266473756, 40.638407343568026]]}}, {"type": "Feature", "properties": {"segment_id": 1606522, "physicalid": "140280", "street_name": "WAYNE PL", "borough": "staten_island", "direction": "TW", "total_row_ft": 66.5, "roadbed_ft": 46.8, "median_ft": 0.0, "left_sw_ft": 4.7, "right_sw_ft": 15.0}, "geometry": {"type": "LineString", "coordinates": [[-74.1169478160191, 40.6383661839928], [-74.11732320545713, 40.638352510491906]]}}, {"type": "Feature", "properties": {"segment_id": 1634457, "physicalid": "157064", "street_name": "WAYNE CT", "borough": "staten_island", "direction": "TW", "total_row_ft": 150.0, "roadbed_ft": 120.0, "median_ft": 0.0, "left_sw_ft": 15.0, "right_sw_ft": 15.0}, "geometry": {"type": "LineString", "coordinates": [[-74.11649520990404, 40.64001335783359], [-74.11692275414127, 40.639964209512435]]}}, {"type": "Feature", "properties": {"segment_id": 1634458, "physicalid": "157064", "street_name": "WAYNE CT", "borough": "staten_island", "direction": "TW", "total_row_ft": 42.7, "roadbed_ft": 31.2, "median_ft": 0.0, "left_sw_ft": 5.6, "right_sw_ft": 6.0}, "geometry": {"type": "LineString", "coordinates": [[-74.11662349895803, 40.63994309328992], [-74.11677580663546, 40.63992558476862]]}}, {"type": "Feature", "properties": {"segment_id": 1634459, "physicalid": "157064", "street_name": "WAYNE CT", "borough": "staten_island", "direction": "TW", "total_row_ft": 43.1, "roadbed_ft": 31.5, "median_ft": 0.0, "left_sw_ft": 5.7, "right_sw_ft": 5.9}, "geometry": {"type": "LineString", "coordinates": [[-74.11661233262335, 40.63988885964981], [-74.11676590962816, 40.639871205212955]]}}, {"type": "Feature", "properties": {"segment_id": 1634460, "physicalid": "157064", "street_name": "WAYNE CT", "borough": "staten_island", "direction": "TW", "total_row_ft": 43.5, "roadbed_ft": 31.9, "median_ft": 0.0, "left_sw_ft": 5.8, "right_sw_ft": 5.8}, "geometry": {"type": "LineString", "coordinates": [[-74.11660116630681, 40.639834626008266], [-74.116756012637, 40.639816825656105]]}}, {"type": "Feature", "properties": {"segment_id": 1634461, "physicalid": "157064", "street_name": "WAYNE CT", "borough": "staten_island", "direction": "TW", "total_row_ft": 43.8, "roadbed_ft": 32.3, "median_ft": 0.0, "left_sw_ft": 5.9, "right_sw_ft": 5.6}, "geometry": {"type": "LineString", "coordinates": [[-74.11659000000842, 40.63978039236534], [-74.11674611062952, 40.63976244667655]]}}, {"type": "Feature", "properties": {"segment_id": 1634462, "physicalid": "157064", "street_name": "WAYNE CT", "borough": "staten_island", "direction": "TW", "total_row_ft": 48.7, "roadbed_ft": 33.0, "median_ft": 0.0, "left_sw_ft": 4.9, "right_sw_ft": 10.8}, "geometry": {"type": "LineString", "coordinates": [[-74.1165226815874, 40.63973261363309], [-74.1167562646847, 40.63970576213786]]}}, {"type": "Feature", "properties": {"segment_id": 1634463, "physicalid": "157064", "street_name": "WAYNE CT", "borough": "staten_island", "direction": "TW", "total_row_ft": 49.0, "roadbed_ft": 34.1, "median_ft": 0.0, "left_sw_ft": 5.1, "right_sw_ft": 9.8}, "geometry": {"type": "LineString", "coordinates": [[-74.11651247033896, 40.63967827020469], [-74.11674581078158, 40.63965144660316]]}}, {"type": "Feature", "properties": {"segment_id": 1634464, "physicalid": "157064", "street_name": "WAYNE CT", "borough": "staten_island", "direction": "TW", "total_row_ft": 49.3, "roadbed_ft": 35.3, "median_ft": 0.0, "left_sw_ft": 5.3, "right_sw_ft": 8.7}, "geometry": {"type": "LineString", "coordinates": [[-74.11650225910715, 40.639623926774995], [-74.1167353568955, 40.63959713106724]]}}, {"type": "Feature", "properties": {"segment_id": 1634465, "physicalid": "157064", "street_name": "WAYNE CT", "borough": "staten_island", "direction": "TW", "total_row_ft": 49.6, "roadbed_ft": 36.2, "median_ft": 0.0, "left_sw_ft": 5.5, "right_sw_ft": 8.0}, "geometry": {"type": "LineString", "coordinates": [[-74.11649204789197, 40.63956958334414], [-74.11672490302644, 40.639542815530035]]}}, {"type": "Feature", "properties": {"segment_id": 1634466, "physicalid": "157064", "street_name": "WAYNE CT", "borough": "staten_island", "direction": "TW", "total_row_ft": 120.0, "roadbed_ft": 35.9, "median_ft": 0.0, "left_sw_ft": 44.4, "right_sw_ft": 39.7}, "geometry": {"type": "LineString", "coordinates": [[-74.11639843320086, 40.63952482742372], [-74.11682597437925, 40.639475679459764]]}}, {"type": "Feature", "properties": {"segment_id": 1634467, "physicalid": "157064", "street_name": "WAYNE CT", "borough": "staten_island", "direction": "TW", "total_row_ft": 49.6, "roadbed_ft": 35.5, "median_ft": 0.0, "left_sw_ft": 5.5, "right_sw_ft": 8.7}, "geometry": {"type": "LineString", "coordinates": [[-74.1164808007804, 40.639459841746756], [-74.1167037469645, 40.63943421300393]]}}, {"type": "Feature", "properties": {"segment_id": 1634468, "physicalid": "157064", "street_name": "WAYNE CT", "borough": "staten_island", "direction": "TW", "total_row_ft": 49.0, "roadbed_ft": 34.6, "median_ft": 0.0, "left_sw_ft": 5.4, "right_sw_ft": 9.0}, "geometry": {"type": "LineString", "coordinates": [[-74.11647070055506, 40.63940548555922], [-74.11669309254378, 40.63937992052333]]}}, {"type": "Feature", "properties": {"segment_id": 1634469, "physicalid": "157064", "street_name": "WAYNE CT", "borough": "staten_island", "direction": "TW", "total_row_ft": 48.4, "roadbed_ft": 33.7, "median_ft": 0.0, "left_sw_ft": 5.3, "right_sw_ft": 9.4}, "geometry": {"type": "LineString", "coordinates": [[-74.11646060034614, 40.63935112937039], [-74.1166824381404, 40.639325628041455]]}}, {"type": "Feature", "properties": {"segment_id": 1634470, "physicalid": "157064", "street_name": "WAYNE CT", "borough": "staten_island", "direction": "TW", "total_row_ft": 78.5, "roadbed_ft": 32.9, "median_ft": 0.0, "left_sw_ft": 4.7, "right_sw_ft": 40.9}, "geometry": {"type": "LineString", "coordinates": [[-74.11650326464672, 40.63928920031353], [-74.1167840243423, 40.63926333476892]]}}, {"type": "Feature", "properties": {"segment_id": 1634471, "physicalid": "157064", "street_name": "WAYNE CT", "borough": "staten_island", "direction": "TW", "total_row_ft": 42.9, "roadbed_ft": 32.2, "median_ft": 0.0, "left_sw_ft": 5.1, "right_sw_ft": 5.6}, "geometry": {"type": "LineString", "coordinates": [[-74.11649302842518, 40.63923484762465], [-74.11664656405553, 40.63922070293944]]}}, {"type": "Feature", "properties": {"segment_id": 1634472, "physicalid": "157064", "street_name": "WAYNE CT", "borough": "staten_island", "direction": "TW", "total_row_ft": 42.9, "roadbed_ft": 31.7, "median_ft": 0.0, "left_sw_ft": 5.5, "right_sw_ft": 5.7}, "geometry": {"type": "LineString", "coordinates": [[-74.11648279222031, 40.63918049493451], [-74.11663634680542, 40.639166348505306]]}}, {"type": "Feature", "properties": {"segment_id": 1634473, "physicalid": "157064", "street_name": "WAYNE CT", "borough": "staten_island", "direction": "TW", "total_row_ft": 42.9, "roadbed_ft": 31.2, "median_ft": 0.0, "left_sw_ft": 5.9, "right_sw_ft": 5.8}, "geometry": {"type": "LineString", "coordinates": [[-74.11647255603212, 40.63912614224316], [-74.11662612957196, 40.63911199406997]]}}, {"type": "Feature", "properties": {"segment_id": 1634474, "physicalid": "157064", "street_name": "WAYNE CT", "borough": "staten_island", "direction": "TW", "total_row_ft": 120.0, "roadbed_ft": 36.8, "median_ft": 0.0, "left_sw_ft": 42.7, "right_sw_ft": 40.4}, "geometry": {"type": "LineString", "coordinates": [[-74.1163201639521, 40.639084885668574], [-74.11674941533678, 40.63904534031829]]}}, {"type": "Feature", "properties": {"segment_id": 1634515, "physicalid": "157067", "street_name": "WAYNE TER", "borough": "staten_island", "direction": "TW", "total_row_ft": 36.0, "roadbed_ft": 22.0, "median_ft": 0.0, "left_sw_ft": 5.2, "right_sw_ft": 8.8}, "geometry": {"type": "LineString", "coordinates": [[-74.11601509178612, 40.63949411704977], [-74.11614353551755, 40.639480591397486]]}}, {"type": "Feature", "properties": {"segment_id": 1634516, "physicalid": "157067", "street_name": "WAYNE TER", "borough": "staten_island", "direction": "TW", "total_row_ft": 51.0, "roadbed_ft": 39.6, "median_ft": 0.0, "left_sw_ft": 5.5, "right_sw_ft": 5.8}, "geometry": {"type": "LineString", "coordinates": [[-74.11600440098248, 40.639439825084224], [-74.116186259376, 40.63942067460632]]}}, {"type": "Feature", "properties": {"segment_id": 1634517, "physicalid": "157067", "street_name": "WAYNE TER", "borough": "staten_island", "direction": "TW", "total_row_ft": 51.1, "roadbed_ft": 39.6, "median_ft": 0.0, "left_sw_ft": 5.8, "right_sw_ft": 5.6}, "geometry": {"type": "LineString", "coordinates": [[-74.11599371019621, 40.63938553311731], [-74.11617604585594, 40.639366332382366]]}}, {"type": "Feature", "properties": {"segment_id": 1634518, "physicalid": "157067", "street_name": "WAYNE TER", "borough": "staten_island", "direction": "TW", "total_row_ft": 30.6, "roadbed_ft": 19.1, "median_ft": 0.0, "left_sw_ft": 5.6, "right_sw_ft": 5.8}, "geometry": {"type": "LineString", "coordinates": [[-74.11599372949887, 40.639330601526666], [-74.11610278460289, 40.63931811025335]]}}, {"type": "Feature", "properties": {"segment_id": 1634519, "physicalid": "157067", "street_name": "WAYNE TER", "borough": "staten_island", "direction": "TW", "total_row_ft": 40.1, "roadbed_ft": 19.6, "median_ft": 0.0, "left_sw_ft": 15.0, "right_sw_ft": 5.4}, "geometry": {"type": "LineString", "coordinates": [[-74.11582189594624, 40.639294770490444], [-74.1160927190615, 40.63926375035617]]}}, {"type": "Feature", "properties": {"segment_id": 1634520, "physicalid": "157067", "street_name": "WAYNE TER", "borough": "staten_island", "direction": "TW", "total_row_ft": 48.8, "roadbed_ft": 18.8, "median_ft": 0.0, "left_sw_ft": 15.0, "right_sw_ft": 15.0}, "geometry": {"type": "LineString", "coordinates": [[-74.11581118100945, 40.6392404849762], [-74.11623875463364, 40.63919151030306]]}}, {"type": "Feature", "properties": {"segment_id": 1634521, "physicalid": "157067", "street_name": "WAYNE TER", "borough": "staten_island", "direction": "TW", "total_row_ft": 40.2, "roadbed_ft": 19.8, "median_ft": 0.0, "left_sw_ft": 5.4, "right_sw_ft": 15.0}, "geometry": {"type": "LineString", "coordinates": [[-74.11596370339417, 40.63916750230726], [-74.1162280393743, 40.639137224827024]]}}, {"type": "Feature", "properties": {"segment_id": 1634522, "physicalid": "157067", "street_name": "WAYNE TER", "borough": "staten_island", "direction": "TW", "total_row_ft": 120.0, "roadbed_ft": 24.9, "median_ft": 0.0, "left_sw_ft": 49.0, "right_sw_ft": 46.1}, "geometry": {"type": "LineString", "coordinates": [[-74.11578975118819, 40.63913191394383], [-74.11621732413242, 40.63908293934977]]}}, {"type": "Feature", "properties": {"segment_id": 1634524, "physicalid": "157068", "street_name": "WAYNE TER", "borough": "staten_island", "direction": "TW", "total_row_ft": 29.6, "roadbed_ft": 18.7, "median_ft": 0.0, "left_sw_ft": 5.5, "right_sw_ft": 5.4}, "geometry": {"type": "LineString", "coordinates": [[-74.11611695802856, 40.63999574879218], [-74.11622267141355, 40.639984863752936]]}}, {"type": "Feature", "properties": {"segment_id": 1634525, "physicalid": "157068", "street_name": "WAYNE TER", "borough": "staten_island", "direction": "TW", "total_row_ft": 24.6, "roadbed_ft": 18.8, "median_ft": 0.0, "left_sw_ft": 2.8, "right_sw_ft": 3.0}, "geometry": {"type": "LineString", "coordinates": [[-74.11611569546297, 40.63994048385078], [-74.11620356805415, 40.63993143583332]]}}, {"type": "Feature", "properties": {"segment_id": 1634526, "physicalid": "157068", "street_name": "WAYNE TER", "borough": "staten_island", "direction": "TW", "total_row_ft": 29.7, "roadbed_ft": 18.5, "median_ft": 0.0, "left_sw_ft": 5.1, "right_sw_ft": 6.2}, "geometry": {"type": "LineString", "coordinates": [[-74.1160971437287, 40.63988699912409], [-74.11620336273288, 40.639876062022935]]}}, {"type": "Feature", "properties": {"segment_id": 1634527, "physicalid": "157068", "street_name": "WAYNE TER", "borough": "staten_island", "direction": "TW", "total_row_ft": 30.2, "roadbed_ft": 12.3, "median_ft": 0.0, "left_sw_ft": 11.1, "right_sw_ft": 6.8}, "geometry": {"type": "LineString", "coordinates": [[-74.11608596836494, 40.639832754874895], [-74.1161937088712, 40.639821661109366]]}}, {"type": "Feature", "properties": {"segment_id": 1634528, "physicalid": "157068", "street_name": "WAYNE TER", "borough": "staten_island", "direction": "TW", "total_row_ft": 51.6, "roadbed_ft": 39.2, "median_ft": 0.0, "left_sw_ft": 6.0, "right_sw_ft": 6.3}, "geometry": {"type": "LineString", "coordinates": [[-74.11606553632446, 40.63977946375756], [-74.11624965614821, 40.639760505362936]]}}, {"type": "Feature", "properties": {"segment_id": 1634529, "physicalid": "157068", "street_name": "WAYNE TER", "borough": "staten_island", "direction": "TW", "total_row_ft": 51.3, "roadbed_ft": 39.1, "median_ft": 0.0, "left_sw_ft": 5.9, "right_sw_ft": 6.2}, "geometry": {"type": "LineString", "coordinates": [[-74.11605619733133, 40.639725030423854], [-74.11623942168289, 40.63970616423432]]}}, {"type": "Feature", "properties": {"segment_id": 1634530, "physicalid": "157068", "street_name": "WAYNE TER", "borough": "staten_island", "direction": "TW", "total_row_ft": 51.1, "roadbed_ft": 39.0, "median_ft": 0.0, "left_sw_ft": 5.8, "right_sw_ft": 6.2}, "geometry": {"type": "LineString", "coordinates": [[-74.11604685835346, 40.63967059708902], [-74.11622918723423, 40.63965182310445]]}}, {"type": "Feature", "properties": {"segment_id": 1634531, "physicalid": "157068", "street_name": "WAYNE TER", "borough": "staten_island", "direction": "TW", "total_row_ft": 50.8, "roadbed_ft": 38.6, "median_ft": 0.0, "left_sw_ft": 6.1, "right_sw_ft": 6.1}, "geometry": {"type": "LineString", "coordinates": [[-74.11603751939082, 40.63961616375316], [-74.11621895280224, 40.63959748197333]]}}, {"type": "Feature", "properties": {"segment_id": 1672809, "physicalid": "169078", "street_name": "ELM ST", "borough": "staten_island", "direction": "FT", "total_row_ft": 44.2, "roadbed_ft": 28.6, "median_ft": 0.0, "left_sw_ft": 8.8, "right_sw_ft": 6.8}, "geometry": {"type": "LineString", "coordinates": [[-74.11430213995062, 40.63999312190509], [-74.1144586597729, 40.63997001084681]]}}, {"type": "Feature", "properties": {"segment_id": 1672810, "physicalid": "169078", "street_name": "ELM ST", "borough": "staten_island", "direction": "FT", "total_row_ft": 44.1, "roadbed_ft": 28.5, "median_ft": 0.0, "left_sw_ft": 9.1, "right_sw_ft": 6.5}, "geometry": {"type": "LineString", "coordinates": [[-74.11428807772516, 40.6399392807967], [-74.11444417951536, 40.639916231464646]]}}, {"type": "Feature", "properties": {"segment_id": 1672811, "physicalid": "169078", "street_name": "ELM ST", "borough": "staten_island", "direction": "FT", "total_row_ft": 44.3, "roadbed_ft": 28.6, "median_ft": 0.0, "left_sw_ft": 9.1, "right_sw_ft": 6.7}, "geometry": {"type": "LineString", "coordinates": [[-74.11427463346828, 40.63988534844344], [-74.11443139644746, 40.63986220148268]]}}, {"type": "Feature", "properties": {"segment_id": 1672812, "physicalid": "169078", "street_name": "ELM ST", "borough": "staten_island", "direction": "FT", "total_row_ft": 44.5, "roadbed_ft": 28.9, "median_ft": 0.0, "left_sw_ft": 8.7, "right_sw_ft": 6.9}, "geometry": {"type": "LineString", "coordinates": [[-74.11426139911993, 40.63983138509743], [-74.11441882731378, 40.639808139913285]]}}, {"type": "Feature", "properties": {"segment_id": 1672813, "physicalid": "169078", "street_name": "ELM ST", "borough": "staten_island", "direction": "FT", "total_row_ft": 44.7, "roadbed_ft": 28.9, "median_ft": 0.0, "left_sw_ft": 8.4, "right_sw_ft": 7.4}, "geometry": {"type": "LineString", "coordinates": [[-74.11424816479298, 40.639777421749585], [-74.11440625820045, 40.639754078342165]]}}, {"type": "Feature", "properties": {"segment_id": 1672814, "physicalid": "169078", "street_name": "ELM ST", "borough": "staten_island", "direction": "FT", "total_row_ft": 44.9, "roadbed_ft": 28.9, "median_ft": 0.0, "left_sw_ft": 8.1, "right_sw_ft": 7.9}, "geometry": {"type": "LineString", "coordinates": [[-74.11423493048746, 40.63972345839988], [-74.11439368910749, 40.63970001676933]]}}, {"type": "Feature", "properties": {"segment_id": 1672815, "physicalid": "169078", "street_name": "ELM ST", "borough": "staten_island", "direction": "FT", "total_row_ft": 44.7, "roadbed_ft": 28.9, "median_ft": 0.0, "left_sw_ft": 7.8, "right_sw_ft": 8.0}, "geometry": {"type": "LineString", "coordinates": [[-74.11422169613019, 40.639669495059145], [-74.11437984052533, 40.639646144122764]]}}, {"type": "Feature", "properties": {"segment_id": 1672816, "physicalid": "169078", "street_name": "ELM ST", "borough": "staten_island", "direction": "FT", "total_row_ft": 44.4, "roadbed_ft": 28.9, "median_ft": 0.0, "left_sw_ft": 7.7, "right_sw_ft": 7.8}, "geometry": {"type": "LineString", "coordinates": [[-74.11420846176135, 40.63961553172143], [-74.11436539821963, 40.6395923591447]]}}, {"type": "Feature", "properties": {"segment_id": 1672817, "physicalid": "169078", "street_name": "ELM ST", "borough": "staten_island", "direction": "FT", "total_row_ft": 44.0, "roadbed_ft": 28.9, "median_ft": 0.0, "left_sw_ft": 7.5, "right_sw_ft": 7.6}, "geometry": {"type": "LineString", "coordinates": [[-74.11419522741392, 40.639561568381886], [-74.11435095570195, 40.639538574199214]]}}, {"type": "Feature", "properties": {"segment_id": 1672818, "physicalid": "169078", "street_name": "ELM ST", "borough": "staten_island", "direction": "FT", "total_row_ft": 43.6, "roadbed_ft": 28.9, "median_ft": 0.0, "left_sw_ft": 7.3, "right_sw_ft": 7.4}, "geometry": {"type": "LineString", "coordinates": [[-74.11418216937966, 40.63950757901011], [-74.11433651320755, 40.63948478925162]]}}, {"type": "Feature", "properties": {"segment_id": 1672819, "physicalid": "169078", "street_name": "ELM ST", "borough": "staten_island", "direction": "FT", "total_row_ft": 43.2, "roadbed_ft": 28.9, "median_ft": 0.0, "left_sw_ft": 7.1, "right_sw_ft": 7.2}, "geometry": {"type": "LineString", "coordinates": [[-74.11416930805844, 40.639453560594], [-74.11432207073642, 40.63943100430188]]}}, {"type": "Feature", "properties": {"segment_id": 1672820, "physicalid": "169078", "street_name": "ELM ST", "borough": "staten_island", "direction": "FT", "total_row_ft": 42.7, "roadbed_ft": 28.9, "median_ft": 0.0, "left_sw_ft": 6.9, "right_sw_ft": 6.9}, "geometry": {"type": "LineString", "coordinates": [[-74.11415644675807, 40.6393995421761], [-74.1143076282886, 40.639377219349974]]}}, {"type": "Feature", "properties": {"segment_id": 1672821, "physicalid": "169078", "street_name": "ELM ST", "borough": "staten_island", "direction": "FT", "total_row_ft": 42.5, "roadbed_ft": 28.9, "median_ft": 0.0, "left_sw_ft": 6.7, "right_sw_ft": 6.9}, "geometry": {"type": "LineString", "coordinates": [[-74.11414358547849, 40.639345523756454], [-74.1142939311776, 40.63932332434562]]}}, {"type": "Feature", "properties": {"segment_id": 1672822, "physicalid": "169078", "street_name": "ELM ST", "borough": "staten_island", "direction": "FT", "total_row_ft": 42.5, "roadbed_ft": 28.9, "median_ft": 0.0, "left_sw_ft": 6.5, "right_sw_ft": 7.0}, "geometry": {"type": "LineString", "coordinates": [[-74.11413072421976, 40.63929150533504], [-74.1142809462928, 40.639269324177754]]}}, {"type": "Feature", "properties": {"segment_id": 1672823, "physicalid": "169078", "street_name": "ELM ST", "borough": "staten_island", "direction": "FT", "total_row_ft": 42.4, "roadbed_ft": 28.9, "median_ft": 0.0, "left_sw_ft": 6.4, "right_sw_ft": 7.1}, "geometry": {"type": "LineString", "coordinates": [[-74.11411786298184, 40.639237486911874], [-74.11426796142902, 40.639215324008084]]}}, {"type": "Feature", "properties": {"segment_id": 1672824, "physicalid": "169078", "street_name": "ELM ST", "borough": "staten_island", "direction": "FT", "total_row_ft": 42.4, "roadbed_ft": 28.9, "median_ft": 0.0, "left_sw_ft": 6.4, "right_sw_ft": 7.1}, "geometry": {"type": "LineString", "coordinates": [[-74.11410500176474, 40.639183468486955], [-74.11425497658625, 40.639161323836646]]}}, {"type": "Feature", "properties": {"segment_id": 1672825, "physicalid": "169078", "street_name": "ELM ST", "borough": "staten_island", "direction": "FT", "total_row_ft": 42.5, "roadbed_ft": 28.9, "median_ft": 0.0, "left_sw_ft": 6.5, "right_sw_ft": 7.1}, "geometry": {"type": "LineString", "coordinates": [[-74.11409160143249, 40.639129529666455], [-74.11424199176449, 40.639107323663396]]}}, {"type": "Feature", "properties": {"segment_id": 1672826, "physicalid": "169078", "street_name": "ELM ST", "borough": "staten_island", "direction": "FT", "total_row_ft": 42.6, "roadbed_ft": 28.9, "median_ft": 0.0, "left_sw_ft": 6.7, "right_sw_ft": 7.0}, "geometry": {"type": "LineString", "coordinates": [[-74.11407807484066, 40.63907560949011], [-74.11422893708652, 40.63905333380623]]}}, {"type": "Feature", "properties": {"segment_id": 1672827, "physicalid": "169078", "street_name": "ELM ST", "borough": "staten_island", "direction": "FT", "total_row_ft": 42.8, "roadbed_ft": 28.9, "median_ft": 0.0, "left_sw_ft": 6.8, "right_sw_ft": 7.0}, "geometry": {"type": "LineString", "coordinates": [[-74.11406454827073, 40.63902168931187], [-74.11421585426133, 40.63899934810647]]}}, {"type": "Feature", "properties": {"segment_id": 1672828, "physicalid": "169078", "street_name": "ELM ST", "borough": "staten_island", "direction": "FT", "total_row_ft": 42.9, "roadbed_ft": 28.9, "median_ft": 0.0, "left_sw_ft": 6.9, "right_sw_ft": 7.1}, "geometry": {"type": "LineString", "coordinates": [[-74.11405102172264, 40.63896776913173], [-74.11420277145733, 40.63894536240491]]}}, {"type": "Feature", "properties": {"segment_id": 1672829, "physicalid": "169078", "street_name": "ELM ST", "borough": "staten_island", "direction": "FT", "total_row_ft": 43.1, "roadbed_ft": 28.9, "median_ft": 0.0, "left_sw_ft": 7.1, "right_sw_ft": 7.1}, "geometry": {"type": "LineString", "coordinates": [[-74.11403715140659, 40.63891389971196], [-74.11418968867449, 40.63889137670152]]}}, {"type": "Feature", "properties": {"segment_id": 1672830, "physicalid": "169078", "street_name": "ELM ST", "borough": "staten_island", "direction": "FT", "total_row_ft": 43.4, "roadbed_ft": 28.9, "median_ft": 0.0, "left_sw_ft": 7.3, "right_sw_ft": 7.2}, "geometry": {"type": "LineString", "coordinates": [[-74.11402317142604, 40.63886004648607], [-74.1141766059128, 40.638837390996336]]}}, {"type": "Feature", "properties": {"segment_id": 1672831, "physicalid": "169078", "street_name": "ELM ST", "borough": "staten_island", "direction": "FT", "total_row_ft": 43.7, "roadbed_ft": 28.9, "median_ft": 0.0, "left_sw_ft": 7.5, "right_sw_ft": 7.3}, "geometry": {"type": "LineString", "coordinates": [[-74.11400919146804, 40.638806193258134], [-74.1141636976311, 40.63878337952937]]}}, {"type": "Feature", "properties": {"segment_id": 1672832, "physicalid": "169078", "street_name": "ELM ST", "borough": "staten_island", "direction": "FT", "total_row_ft": 44.0, "roadbed_ft": 28.9, "median_ft": 0.0, "left_sw_ft": 7.6, "right_sw_ft": 7.5}, "geometry": {"type": "LineString", "coordinates": [[-74.1139952115326, 40.63875234002817], [-74.11415082346417, 40.63872936302645]]}}, {"type": "Feature", "properties": {"segment_id": 1672833, "physicalid": "169078", "street_name": "ELM ST", "borough": "staten_island", "direction": "FT", "total_row_ft": 44.3, "roadbed_ft": 28.9, "median_ft": 0.0, "left_sw_ft": 7.7, "right_sw_ft": 7.7}, "geometry": {"type": "LineString", "coordinates": [[-74.11398123161973, 40.6386984867962], [-74.1141379493181, 40.63867534652177]]}}, {"type": "Feature", "properties": {"segment_id": 1672834, "physicalid": "169078", "street_name": "ELM ST", "borough": "staten_island", "direction": "FT", "total_row_ft": 44.6, "roadbed_ft": 28.9, "median_ft": 0.0, "left_sw_ft": 7.8, "right_sw_ft": 7.9}, "geometry": {"type": "LineString", "coordinates": [[-74.11396725172943, 40.63864463356223], [-74.11412489714498, 40.638621356305265]]}}, {"type": "Feature", "properties": {"segment_id": 1672835, "physicalid": "169078", "street_name": "ELM ST", "borough": "staten_island", "direction": "FT", "total_row_ft": 44.5, "roadbed_ft": 28.9, "median_ft": 0.0, "left_sw_ft": 7.7, "right_sw_ft": 7.9}, "geometry": {"type": "LineString", "coordinates": [[-74.1139536890697, 40.638590718723364], [-74.11411115889523, 40.638567467393734]]}}, {"type": "Feature", "properties": {"segment_id": 1672836, "physicalid": "169078", "street_name": "ELM ST", "borough": "staten_island", "direction": "FT", "total_row_ft": 44.4, "roadbed_ft": 28.9, "median_ft": 0.0, "left_sw_ft": 7.6, "right_sw_ft": 7.9}, "geometry": {"type": "LineString", "coordinates": [[-74.11394022349329, 40.63853678955096], [-74.11409742072776, 40.638513578471425]]}}, {"type": "Feature", "properties": {"segment_id": 1672837, "physicalid": "169078", "street_name": "ELM ST", "borough": "staten_island", "direction": "FT", "total_row_ft": 44.4, "roadbed_ft": 28.9, "median_ft": 0.0, "left_sw_ft": 7.4, "right_sw_ft": 8.0}, "geometry": {"type": "LineString", "coordinates": [[-74.11392675793864, 40.638482860376676], [-74.11408368258246, 40.638459689547105]]}}, {"type": "Feature", "properties": {"segment_id": 1672838, "physicalid": "169078", "street_name": "ELM ST", "borough": "staten_island", "direction": "FT", "total_row_ft": 44.3, "roadbed_ft": 28.9, "median_ft": 0.0, "left_sw_ft": 7.3, "right_sw_ft": 8.1}, "geometry": {"type": "LineString", "coordinates": [[-74.11391329240577, 40.63842893120049], [-74.11406983355843, 40.638405816996084]]}}, {"type": "Feature", "properties": {"segment_id": 1672839, "physicalid": "169078", "street_name": "ELM ST", "borough": "staten_island", "direction": "FT", "total_row_ft": 44.1, "roadbed_ft": 28.9, "median_ft": 0.0, "left_sw_ft": 7.1, "right_sw_ft": 8.1}, "geometry": {"type": "LineString", "coordinates": [[-74.11389982689465, 40.638375002022414], [-74.11405587417636, 40.638351960741474]]}}, {"type": "Feature", "properties": {"segment_id": 1672840, "physicalid": "169078", "street_name": "ELM ST", "borough": "staten_island", "direction": "FT", "total_row_ft": 44.1, "roadbed_ft": 28.9, "median_ft": 0.0, "left_sw_ft": 7.1, "right_sw_ft": 8.0}, "geometry": {"type": "LineString", "coordinates": [[-74.11388606841574, 40.638321116103846], [-74.11404191481682, 40.63829810448482]]}}, {"type": "Feature", "properties": {"segment_id": 1672841, "physicalid": "169078", "street_name": "ELM ST", "borough": "staten_island", "direction": "FT", "total_row_ft": 44.1, "roadbed_ft": 28.9, "median_ft": 0.0, "left_sw_ft": 7.3, "right_sw_ft": 7.8}, "geometry": {"type": "LineString", "coordinates": [[-74.11387204211645, 40.63826726973158], [-74.11402795547983, 40.63824424822621]]}}, {"type": "Feature", "properties": {"segment_id": 1672842, "physicalid": "169078", "street_name": "ELM ST", "borough": "staten_island", "direction": "FT", "total_row_ft": 44.3, "roadbed_ft": 28.9, "median_ft": 0.0, "left_sw_ft": 7.5, "right_sw_ft": 7.9}, "geometry": {"type": "LineString", "coordinates": [[-74.11385801583984, 40.6382134233573], [-74.11401471579298, 40.638190285707864]]}}, {"type": "Feature", "properties": {"segment_id": 1672843, "physicalid": "169078", "street_name": "ELM ST", "borough": "staten_island", "direction": "FT", "total_row_ft": 44.6, "roadbed_ft": 28.9, "median_ft": 0.0, "left_sw_ft": 7.7, "right_sw_ft": 7.9}, "geometry": {"type": "LineString", "coordinates": [[-74.11384398958583, 40.63815957698098], [-74.11400169734752, 40.638136290523136]]}}, {"type": "Feature", "properties": {"segment_id": 1672844, "physicalid": "169078", "street_name": "ELM ST", "borough": "staten_island", "direction": "FT", "total_row_ft": 44.9, "roadbed_ft": 28.9, "median_ft": 0.0, "left_sw_ft": 7.9, "right_sw_ft": 8.0}, "geometry": {"type": "LineString", "coordinates": [[-74.11382996344848, 40.63810573058877], [-74.1139886789231, 40.63808229533658]]}}, {"type": "Feature", "properties": {"segment_id": 1672845, "physicalid": "169078", "street_name": "ELM ST", "borough": "staten_island", "direction": "FT", "total_row_ft": 45.0, "roadbed_ft": 28.9, "median_ft": 0.0, "left_sw_ft": 7.9, "right_sw_ft": 8.2}, "geometry": {"type": "LineString", "coordinates": [[-74.11381634677126, 40.63805182373906], [-74.11397566051978, 40.63802830014823]]}}, {"type": "Feature", "properties": {"segment_id": 1672846, "physicalid": "169078", "street_name": "ELM ST", "borough": "staten_island", "direction": "FT", "total_row_ft": 44.8, "roadbed_ft": 28.9, "median_ft": 0.0, "left_sw_ft": 7.7, "right_sw_ft": 8.2}, "geometry": {"type": "LineString", "coordinates": [[-74.11380359982135, 40.637997788471026], [-74.11396224233543, 40.637974363991496]]}}, {"type": "Feature", "properties": {"segment_id": 1672847, "physicalid": "169078", "street_name": "ELM ST", "borough": "staten_island", "direction": "FT", "total_row_ft": 44.5, "roadbed_ft": 28.9, "median_ft": 0.0, "left_sw_ft": 7.4, "right_sw_ft": 8.2}, "geometry": {"type": "LineString", "coordinates": [[-74.1137908528921, 40.63794375320126], [-74.11394835148903, 40.637920497627675]]}}, {"type": "Feature", "properties": {"segment_id": 1672848, "physicalid": "169078", "street_name": "ELM ST", "borough": "staten_island", "direction": "FT", "total_row_ft": 44.2, "roadbed_ft": 28.9, "median_ft": 0.0, "left_sw_ft": 7.2, "right_sw_ft": 8.1}, "geometry": {"type": "LineString", "coordinates": [[-74.11377810598349, 40.6378897179298], [-74.11393446066602, 40.63786663126175]]}}, {"type": "Feature", "properties": {"segment_id": 1672849, "physicalid": "169078", "street_name": "ELM ST", "borough": "staten_island", "direction": "FT", "total_row_ft": 43.9, "roadbed_ft": 28.9, "median_ft": 0.0, "left_sw_ft": 6.9, "right_sw_ft": 8.0}, "geometry": {"type": "LineString", "coordinates": [[-74.11376535909551, 40.6378356826566], [-74.11392056986544, 40.63781276489378]]}}, {"type": "Feature", "properties": {"segment_id": 1672850, "physicalid": "169078", "street_name": "ELM ST", "borough": "staten_island", "direction": "FT", "total_row_ft": 43.6, "roadbed_ft": 28.9, "median_ft": 0.0, "left_sw_ft": 6.8, "right_sw_ft": 7.8}, "geometry": {"type": "LineString", "coordinates": [[-74.11375261197105, 40.637781647419615], [-74.11390667908728, 40.63775889852383]]}}, {"type": "Feature", "properties": {"segment_id": 1672851, "physicalid": "169078", "street_name": "ELM ST", "borough": "staten_island", "direction": "FT", "total_row_ft": 43.9, "roadbed_ft": 28.9, "median_ft": 0.0, "left_sw_ft": 7.2, "right_sw_ft": 7.7}, "geometry": {"type": "LineString", "coordinates": [[-74.1137378699145, 40.63772790674571], [-74.11389299603296, 40.637705001483454]]}}, {"type": "Feature", "properties": {"segment_id": 1672852, "physicalid": "169078", "street_name": "ELM ST", "borough": "staten_island", "direction": "FT", "total_row_ft": 44.8, "roadbed_ft": 28.9, "median_ft": 0.0, "left_sw_ft": 8.0, "right_sw_ft": 7.9}, "geometry": {"type": "LineString", "coordinates": [[-74.113721829155, 40.637674357833085], [-74.11388025220518, 40.63765096576152]]}}, {"type": "Feature", "properties": {"segment_id": 1672853, "physicalid": "169078", "street_name": "ELM ST", "borough": "staten_island", "direction": "FT", "total_row_ft": 45.7, "roadbed_ft": 28.9, "median_ft": 0.0, "left_sw_ft": 8.5, "right_sw_ft": 8.3}, "geometry": {"type": "LineString", "coordinates": [[-74.11370578842124, 40.63762080891791], [-74.11386750839803, 40.63759693003782]]}}, {"type": "Feature", "properties": {"segment_id": 1672854, "physicalid": "169078", "street_name": "ELM ST", "borough": "staten_island", "direction": "FT", "total_row_ft": 46.7, "roadbed_ft": 28.9, "median_ft": 0.0, "left_sw_ft": 9.0, "right_sw_ft": 8.7}, "geometry": {"type": "LineString", "coordinates": [[-74.11368974771322, 40.637567260000154], [-74.11385476461153, 40.63754289431242]]}}, {"type": "Feature", "properties": {"segment_id": 1672855, "physicalid": "169078", "street_name": "ELM ST", "borough": "staten_island", "direction": "FT", "total_row_ft": 82.2, "roadbed_ft": 28.9, "median_ft": 0.0, "left_sw_ft": 9.4, "right_sw_ft": 43.8}, "geometry": {"type": "LineString", "coordinates": [[-74.11367370703094, 40.63751371107989], [-74.11396711043254, 40.63747038822271]]}}, {"type": "Feature", "properties": {"segment_id": 1681043, "physicalid": "170944", "street_name": "HENDERSON AVE", "borough": "staten_island", "direction": "TW", "total_row_ft": 71.2, "roadbed_ft": 45.1, "median_ft": 0.0, "left_sw_ft": 13.4, "right_sw_ft": 12.6}, "geometry": {"type": "LineString", "coordinates": [[-74.11979014216973, 40.63657815508228], [-74.11982550020635, 40.636771627060746]]}}, {"type": "Feature", "properties": {"segment_id": 1681044, "physicalid": "170944", "street_name": "HENDERSON AVE", "borough": "staten_island", "direction": "TW", "total_row_ft": 56.8, "roadbed_ft": 33.6, "median_ft": 0.0, "left_sw_ft": 14.1, "right_sw_ft": 9.1}, "geometry": {"type": "LineString", "coordinates": [[-74.11986118624503, 40.636568790464466], [-74.11988942299409, 40.63672329540281]]}}, {"type": "Feature", "properties": {"segment_id": 1681045, "physicalid": "170944", "street_name": "HENDERSON AVE", "borough": "staten_island", "direction": "TW", "total_row_ft": 61.6, "roadbed_ft": 33.5, "median_ft": 0.0, "left_sw_ft": 18.4, "right_sw_ft": 9.7}, "geometry": {"type": "LineString", "coordinates": [[-74.11992714269631, 40.6365315876981], [-74.11996101650328, 40.63671693630472]]}}, {"type": "Feature", "properties": {"segment_id": 1694236, "physicalid": "174174", "street_name": "BEMENT CT", "borough": "staten_island", "direction": "TW", "total_row_ft": 39.8, "roadbed_ft": 9.8, "median_ft": 0.0, "left_sw_ft": 15.0, "right_sw_ft": 15.0}, "geometry": {"type": "LineString", "coordinates": [[-74.11254389868722, 40.63993583204063], [-74.11216599650365, 40.6397757783571]]}}, {"type": "Feature", "properties": {"segment_id": 1694237, "physicalid": "174174", "street_name": "BEMENT CT", "borough": "staten_island", "direction": "TW", "total_row_ft": 95.2, "roadbed_ft": 65.2, "median_ft": 0.0, "left_sw_ft": 15.0, "right_sw_ft": 15.0}, "geometry": {"type": "LineString", "coordinates": [[-74.11250888050328, 40.639983810751005], [-74.112130978132, 40.63982375695323]]}}, {"type": "Feature", "properties": {"segment_id": 1694238, "physicalid": "174174", "street_name": "BEMENT CT", "borough": "staten_island", "direction": "TW", "total_row_ft": 102.0, "roadbed_ft": 72.0, "median_ft": 0.0, "left_sw_ft": 15.0, "right_sw_ft": 15.0}, "geometry": {"type": "LineString", "coordinates": [[-74.11247386226898, 40.64003178945047], [-74.11209595970998, 40.63987173553846]]}}, {"type": "Feature", "properties": {"segment_id": 1694239, "physicalid": "174174", "street_name": "BEMENT CT", "borough": "staten_island", "direction": "TW", "total_row_ft": 91.7, "roadbed_ft": 61.7, "median_ft": 0.0, "left_sw_ft": 15.0, "right_sw_ft": 15.0}, "geometry": {"type": "LineString", "coordinates": [[-74.11236506701255, 40.640139112515506], [-74.11213471823727, 40.63986036992996]]}}, {"type": "Feature", "properties": {"segment_id": 1694247, "physicalid": "174174", "street_name": "BEMENT CT", "borough": "staten_island", "direction": "TW", "total_row_ft": 59.7, "roadbed_ft": 29.7, "median_ft": 0.0, "left_sw_ft": 15.0, "right_sw_ft": 15.0}, "geometry": {"type": "LineString", "coordinates": [[-74.1115321492575, 40.640013730976484], [-74.11196056319737, 40.6399691934849]]}}, {"type": "Feature", "properties": {"segment_id": 1694248, "physicalid": "174174", "street_name": "BEMENT CT", "borough": "staten_island", "direction": "TW", "total_row_ft": 58.8, "roadbed_ft": 28.8, "median_ft": 0.0, "left_sw_ft": 15.0, "right_sw_ft": 15.0}, "geometry": {"type": "LineString", "coordinates": [[-74.11152240502922, 40.63995933941156], [-74.11195081862638, 40.63991480195606]]}}, {"type": "Feature", "properties": {"segment_id": 1694249, "physicalid": "174174", "street_name": "BEMENT CT", "borough": "staten_island", "direction": "TW", "total_row_ft": 57.7, "roadbed_ft": 27.7, "median_ft": 0.0, "left_sw_ft": 15.0, "right_sw_ft": 15.0}, "geometry": {"type": "LineString", "coordinates": [[-74.11151266081683, 40.639904947845515], [-74.1119410740713, 40.63986041042605]]}}, {"type": "Feature", "properties": {"segment_id": 1694250, "physicalid": "174174", "street_name": "BEMENT CT", "borough": "staten_island", "direction": "TW", "total_row_ft": 56.2, "roadbed_ft": 26.2, "median_ft": 0.0, "left_sw_ft": 15.0, "right_sw_ft": 15.0}, "geometry": {"type": "LineString", "coordinates": [[-74.11150291662032, 40.63985055627834], [-74.11193132953208, 40.63980601889485]]}}, {"type": "Feature", "properties": {"segment_id": 1694251, "physicalid": "174174", "street_name": "BEMENT CT", "borough": "staten_island", "direction": "TW", "total_row_ft": 55.6, "roadbed_ft": 25.6, "median_ft": 0.0, "left_sw_ft": 15.0, "right_sw_ft": 15.0}, "geometry": {"type": "LineString", "coordinates": [[-74.11149317243972, 40.63979616470999], [-74.11192158500877, 40.63975162736254]]}}, {"type": "Feature", "properties": {"segment_id": 1694252, "physicalid": "174174", "street_name": "BEMENT CT", "borough": "staten_island", "direction": "TW", "total_row_ft": 55.4, "roadbed_ft": 25.4, "median_ft": 0.0, "left_sw_ft": 15.0, "right_sw_ft": 15.0}, "geometry": {"type": "LineString", "coordinates": [[-74.111483428275, 40.639741773140486], [-74.11191184050134, 40.63969723582907]]}}, {"type": "Feature", "properties": {"segment_id": 1694253, "physicalid": "174174", "street_name": "BEMENT CT", "borough": "staten_island", "direction": "TW", "total_row_ft": 56.3, "roadbed_ft": 26.3, "median_ft": 0.0, "left_sw_ft": 15.0, "right_sw_ft": 15.0}, "geometry": {"type": "LineString", "coordinates": [[-74.11147368412614, 40.63968738156979], [-74.1119020960098, 40.639642844294485]]}}, {"type": "Feature", "properties": {"segment_id": 1694254, "physicalid": "174174", "street_name": "BEMENT CT", "borough": "staten_island", "direction": "TW", "total_row_ft": 105.0, "roadbed_ft": 75.0, "median_ft": 0.0, "left_sw_ft": 15.0, "right_sw_ft": 15.0}, "geometry": {"type": "LineString", "coordinates": [[-74.11146393999319, 40.639632989998034], [-74.11189235153412, 40.63958845275867]]}}, {"type": "Feature", "properties": {"segment_id": 1694255, "physicalid": "174174", "street_name": "BEMENT CT", "borough": "staten_island", "direction": "TW", "total_row_ft": 101.9, "roadbed_ft": 77.6, "median_ft": 0.0, "left_sw_ft": 9.3, "right_sw_ft": 15.0}, "geometry": {"type": "LineString", "coordinates": [[-74.1116883282347, 40.63950269965195], [-74.11173328944297, 40.63973872647949]]}}, {"type": "Feature", "properties": {"segment_id": 1694256, "physicalid": "174174", "street_name": "BEMENT CT", "borough": "staten_island", "direction": "TW", "total_row_ft": 53.1, "roadbed_ft": 36.5, "median_ft": 0.0, "left_sw_ft": 9.4, "right_sw_ft": 7.3}, "geometry": {"type": "LineString", "coordinates": [[-74.11175964247458, 40.63949480338989], [-74.11178713530582, 40.639639128212025]]}}, {"type": "Feature", "properties": {"segment_id": 1694257, "physicalid": "174174", "street_name": "BEMENT CT", "borough": "staten_island", "direction": "TW", "total_row_ft": 53.2, "roadbed_ft": 36.5, "median_ft": 0.0, "left_sw_ft": 9.4, "right_sw_ft": 7.2}, "geometry": {"type": "LineString", "coordinates": [[-74.11183095669757, 40.63948690708361], [-74.11185846287772, 40.63963130117126]]}}, {"type": "Feature", "properties": {"segment_id": 1694258, "physicalid": "174174", "street_name": "BEMENT CT", "borough": "staten_island", "direction": "TW", "total_row_ft": 53.2, "roadbed_ft": 36.5, "median_ft": 0.0, "left_sw_ft": 9.5, "right_sw_ft": 7.2}, "geometry": {"type": "LineString", "coordinates": [[-74.1119022709037, 40.639479010733076], [-74.11192979043287, 40.63962347408626]]}}, {"type": "Feature", "properties": {"segment_id": 1694259, "physicalid": "174174", "street_name": "BEMENT CT", "borough": "staten_island", "direction": "TW", "total_row_ft": 86.2, "roadbed_ft": 36.4, "median_ft": 0.0, "left_sw_ft": 42.7, "right_sw_ft": 7.2}, "geometry": {"type": "LineString", "coordinates": [[-74.11195646301326, 40.6393812324234], [-74.1120010886008, 40.6396154927783]]}}, {"type": "Feature", "properties": {"segment_id": 1734675, "physicalid": "185771", "street_name": "N BURGHER AVE", "borough": "staten_island", "direction": "TF", "total_row_ft": 103.7, "roadbed_ft": 77.7, "median_ft": 0.0, "left_sw_ft": 15.0, "right_sw_ft": 11.0}, "geometry": {"type": "LineString", "coordinates": [[-74.1152342099306, 40.63909937568586], [-74.11555030657367, 40.639063432938485]]}}, {"type": "Feature", "properties": {"segment_id": 1734676, "physicalid": "185771", "street_name": "N BURGHER AVE", "borough": "staten_island", "direction": "TF", "total_row_ft": 54.0, "roadbed_ft": 35.5, "median_ft": 0.0, "left_sw_ft": 7.7, "right_sw_ft": 10.9}, "geometry": {"type": "LineString", "coordinates": [[-74.11522420593322, 40.63904500930377], [-74.11541669252158, 40.63902312212762]]}}, {"type": "Feature", "properties": {"segment_id": 1734677, "physicalid": "185771", "street_name": "N BURGHER AVE", "borough": "staten_island", "direction": "TF", "total_row_ft": 54.1, "roadbed_ft": 35.7, "median_ft": 0.0, "left_sw_ft": 7.5, "right_sw_ft": 10.8}, "geometry": {"type": "LineString", "coordinates": [[-74.11521420195213, 40.63899064292049], [-74.11540710732214, 40.63896870812452]]}}, {"type": "Feature", "properties": {"segment_id": 1734678, "physicalid": "185771", "street_name": "N BURGHER AVE", "borough": "staten_island", "direction": "TF", "total_row_ft": 54.4, "roadbed_ft": 35.9, "median_ft": 0.0, "left_sw_ft": 7.6, "right_sw_ft": 10.9}, "geometry": {"type": "LineString", "coordinates": [[-74.11520419798735, 40.63893627653604], [-74.11539799265863, 40.63891424061818]]}}, {"type": "Feature", "properties": {"segment_id": 1734679, "physicalid": "185771", "street_name": "N BURGHER AVE", "borough": "staten_island", "direction": "TF", "total_row_ft": 54.6, "roadbed_ft": 35.9, "median_ft": 0.0, "left_sw_ft": 7.9, "right_sw_ft": 10.9}, "geometry": {"type": "LineString", "coordinates": [[-74.11519419403888, 40.63888191015042], [-74.11538887800998, 40.638859773110774]]}}, {"type": "Feature", "properties": {"segment_id": 1734680, "physicalid": "185771", "street_name": "N BURGHER AVE", "borough": "staten_island", "direction": "TF", "total_row_ft": 54.9, "roadbed_ft": 35.7, "median_ft": 0.0, "left_sw_ft": 8.3, "right_sw_ft": 10.9}, "geometry": {"type": "LineString", "coordinates": [[-74.11518419010669, 40.63882754376359], [-74.11537976337623, 40.63880530560231]]}}, {"type": "Feature", "properties": {"segment_id": 1734681, "physicalid": "185771", "street_name": "N BURGHER AVE", "borough": "staten_island", "direction": "TF", "total_row_ft": 55.1, "roadbed_ft": 35.5, "median_ft": 0.0, "left_sw_ft": 8.7, "right_sw_ft": 10.9}, "geometry": {"type": "LineString", "coordinates": [[-74.11517428630651, 40.63877316599171], [-74.11537064875733, 40.638750838092825]]}}, {"type": "Feature", "properties": {"segment_id": 1734682, "physicalid": "185771", "street_name": "N BURGHER AVE", "borough": "staten_island", "direction": "TF", "total_row_ft": 55.2, "roadbed_ft": 35.6, "median_ft": 0.0, "left_sw_ft": 9.0, "right_sw_ft": 10.6}, "geometry": {"type": "LineString", "coordinates": [[-74.1151645932083, 40.638718764262265], [-74.11536144254421, 40.63869638099902]]}}, {"type": "Feature", "properties": {"segment_id": 1734683, "physicalid": "185771", "street_name": "N BURGHER AVE", "borough": "staten_island", "direction": "TF", "total_row_ft": 87.1, "roadbed_ft": 35.7, "median_ft": 0.0, "left_sw_ft": 41.1, "right_sw_ft": 10.2}, "geometry": {"type": "LineString", "coordinates": [[-74.1151549001259, 40.63866436253171], [-74.11546519531362, 40.6386290794521]]}}, {"type": "Feature", "properties": {"segment_id": 1734684, "physicalid": "185771", "street_name": "N BURGHER AVE", "borough": "staten_island", "direction": "TF", "total_row_ft": 54.8, "roadbed_ft": 35.8, "median_ft": 0.0, "left_sw_ft": 9.1, "right_sw_ft": 9.9}, "geometry": {"type": "LineString", "coordinates": [[-74.11514520705931, 40.63860996079999], [-74.11534041758274, 40.638587763880786]]}}, {"type": "Feature", "properties": {"segment_id": 1734685, "physicalid": "185771", "street_name": "N BURGHER AVE", "borough": "staten_island", "direction": "TF", "total_row_ft": 54.5, "roadbed_ft": 35.9, "median_ft": 0.0, "left_sw_ft": 9.1, "right_sw_ft": 9.6}, "geometry": {"type": "LineString", "coordinates": [[-74.11513551400851, 40.63855555906714], [-74.11532990530553, 40.63853345529953]]}}, {"type": "Feature", "properties": {"segment_id": 1734686, "physicalid": "185771", "street_name": "N BURGHER AVE", "borough": "staten_island", "direction": "TF", "total_row_ft": 54.3, "roadbed_ft": 35.8, "median_ft": 0.0, "left_sw_ft": 9.1, "right_sw_ft": 9.4}, "geometry": {"type": "LineString", "coordinates": [[-74.11512582097355, 40.63850115733316], [-74.1153193930454, 40.63847914671695]]}}, {"type": "Feature", "properties": {"segment_id": 1734687, "physicalid": "185771", "street_name": "N BURGHER AVE", "borough": "staten_island", "direction": "TF", "total_row_ft": 54.1, "roadbed_ft": 35.7, "median_ft": 0.0, "left_sw_ft": 9.1, "right_sw_ft": 9.2}, "geometry": {"type": "LineString", "coordinates": [[-74.11511612795437, 40.63844675559802], [-74.1153088808024, 40.63842483813312]]}}, {"type": "Feature", "properties": {"segment_id": 1747733, "physicalid": "189740", "street_name": "BROADWAY", "borough": "staten_island", "direction": "TW", "total_row_ft": 116.0, "roadbed_ft": 85.0, "median_ft": 0.0, "left_sw_ft": 15.0, "right_sw_ft": 16.0}, "geometry": {"type": "LineString", "coordinates": [[-74.11723795330565, 40.63575399656026], [-74.11759741680909, 40.63571146385318]]}}, {"type": "Feature", "properties": {"segment_id": 1747734, "physicalid": "189740", "street_name": "BROADWAY", "borough": "staten_island", "direction": "TW", "total_row_ft": 100.9, "roadbed_ft": 58.1, "median_ft": 0.0, "left_sw_ft": 27.1, "right_sw_ft": 15.6}, "geometry": {"type": "LineString", "coordinates": [[-74.11722689392522, 40.63569975119566], [-74.11758596710094, 40.63565726467443]]}}, {"type": "Feature", "properties": {"segment_id": 1747735, "physicalid": "189740", "street_name": "BROADWAY", "borough": "staten_island", "direction": "TW", "total_row_ft": 79.5, "roadbed_ft": 52.2, "median_ft": 0.0, "left_sw_ft": 12.0, "right_sw_ft": 15.2}, "geometry": {"type": "LineString", "coordinates": [[-74.11729151355694, 40.63563655138175], [-74.11757441929379, 40.635603077103916]]}}, {"type": "Feature", "properties": {"segment_id": 1747736, "physicalid": "189740", "street_name": "BROADWAY", "borough": "staten_island", "direction": "TW", "total_row_ft": 98.7, "roadbed_ft": 52.1, "median_ft": 0.0, "left_sw_ft": 12.3, "right_sw_ft": 34.3}, "geometry": {"type": "LineString", "coordinates": [[-74.11728072047636, 40.635582274453725], [-74.11763200911592, 40.63554070893325]]}}, {"type": "Feature", "properties": {"segment_id": 1747737, "physicalid": "189740", "street_name": "BROADWAY", "borough": "staten_island", "direction": "TW", "total_row_ft": 79.5, "roadbed_ft": 52.6, "median_ft": 0.0, "left_sw_ft": 12.0, "right_sw_ft": 14.9}, "geometry": {"type": "LineString", "coordinates": [[-74.11726992742423, 40.63552799757912], [-74.11755281875669, 40.63549452512015]]}}, {"type": "Feature", "properties": {"segment_id": 1747738, "physicalid": "189740", "street_name": "BROADWAY", "borough": "staten_island", "direction": "TW", "total_row_ft": 79.2, "roadbed_ft": 53.4, "median_ft": 0.0, "left_sw_ft": 11.5, "right_sw_ft": 14.4}, "geometry": {"type": "LineString", "coordinates": [[-74.11725913418218, 40.63547372072773], [-74.11754120126709, 40.6354403457968]]}}]}