{"type": "FeatureCollection", "features": [{"type": "Feature", "properties": {"segment_id": 534974, "physicalid": "38577", "street_name": "N 7 ST", "borough": "brooklyn", "direction": "FT", "total_row_ft": 150.0, "roadbed_ft": 120.0, "median_ft": 0.0, "left_sw_ft": 15.0, "right_sw_ft": 15.0}, "geometry": {"type": "LineString", "coordinates": [[-73.96154101358597, 40.720421118510046], [-73.96181474082798, 40.72016594742531]]}}, {"type": "Feature", "properties": {"segment_id": 534975, "physicalid": "38577", "street_name": "N 7 ST", "borough": "brooklyn", "direction": "FT", "total_row_ft": 56.1, "roadbed_ft": 30.2, "median_ft": 0.0, "left_sw_ft": 17.0, "right_sw_ft": 8.9}, "geometry": {"type": "LineString", "coordinates": [[-73.96154875802722, 40.72032708125561], [-73.96167677846009, 40.72020773954944]]}}, {"type": "Feature", "properties": {"segment_id": 534976, "physicalid": "38577", "street_name": "N 7 ST", "borough": "brooklyn", "direction": "FT", "total_row_ft": 56.0, "roadbed_ft": 30.1, "median_ft": 0.0, "left_sw_ft": 16.7, "right_sw_ft": 9.3}, "geometry": {"type": "LineString", "coordinates": [[-73.96149393071434, 40.72029137377119], [-73.96162175393277, 40.72017221599826]]}}, {"type": "Feature", "properties": {"segment_id": 534977, "physicalid": "38577", "street_name": "N 7 ST", "borough": "brooklyn", "direction": "FT", "total_row_ft": 56.0, "roadbed_ft": 30.0, "median_ft": 0.0, "left_sw_ft": 16.3, "right_sw_ft": 9.7}, "geometry": {"type": "LineString", "coordinates": [[-73.96143910346024, 40.72025566626056], [-73.9615667294641, 40.72013669242065]]}}, {"type": "Feature", "properties": {"segment_id": 534978, "physicalid": "38577", "street_name": "N 7 ST", "borough": "brooklyn", "direction": "FT", "total_row_ft": 55.9, "roadbed_ft": 29.9, "median_ft": 0.0, "left_sw_ft": 15.9, "right_sw_ft": 10.0}, "geometry": {"type": "LineString", "coordinates": [[-73.96138427626484, 40.72021995872361], [-73.96151170505411, 40.72010116881655]]}}, {"type": "Feature", "properties": {"segment_id": 534979, "physicalid": "38577", "street_name": "N 7 ST", "borough": "brooklyn", "direction": "FT", "total_row_ft": 55.8, "roadbed_ft": 29.8, "median_ft": 0.0, "left_sw_ft": 15.6, "right_sw_ft": 10.4}, "geometry": {"type": "LineString", "coordinates": [[-73.96132944912821, 40.72018425116042], [-73.96145668069283, 40.720065645195234]]}}, {"type": "Feature", "properties": {"segment_id": 534980, "physicalid": "38577", "street_name": "N 7 ST", "borough": "brooklyn", "direction": "FT", "total_row_ft": 55.7, "roadbed_ft": 29.8, "median_ft": 0.0, "left_sw_ft": 15.2, "right_sw_ft": 10.8}, "geometry": {"type": "LineString", "coordinates": [[-73.96127462205033, 40.72014854357089], [-73.96140165635106, 40.72003012158396]]}}, {"type": "Feature", "properties": {"segment_id": 534981, "physicalid": "38577", "street_name": "N 7 ST", "borough": "brooklyn", "direction": "FT", "total_row_ft": 55.2, "roadbed_ft": 29.8, "median_ft": 0.0, "left_sw_ft": 14.7, "right_sw_ft": 10.8}, "geometry": {"type": "LineString", "coordinates": [[-73.96121979503121, 40.72011283595512], [-73.96134572164699, 40.719995446646394]]}}, {"type": "Feature", "properties": {"segment_id": 534982, "physicalid": "38577", "street_name": "N 7 ST", "borough": "brooklyn", "direction": "FT", "total_row_ft": 59.4, "roadbed_ft": 29.8, "median_ft": 0.0, "left_sw_ft": 14.2, "right_sw_ft": 15.4}, "geometry": {"type": "LineString", "coordinates": [[-73.96116496807082, 40.72007712831308], [-73.96130045385877, 40.719950827975275]]}}, {"type": "Feature", "properties": {"segment_id": 534996, "physicalid": "38578", "street_name": "N 7 ST", "borough": "brooklyn", "direction": "TW", "total_row_ft": 68.4, "roadbed_ft": 42.6, "median_ft": 0.0, "left_sw_ft": 9.8, "right_sw_ft": 15.9}, "geometry": {"type": "LineString", "coordinates": [[-73.96243647418156, 40.72087164274505], [-73.96259654900507, 40.72072893652617]]}}, {"type": "Feature", "properties": {"segment_id": 534997, "physicalid": "38578", "street_name": "N 7 ST", "borough": "brooklyn", "direction": "TW", "total_row_ft": 57.2, "roadbed_ft": 36.4, "median_ft": 0.0, "left_sw_ft": 9.8, "right_sw_ft": 11.0}, "geometry": {"type": "LineString", "coordinates": [[-73.9623808375997, 40.72083667946755], [-73.96253201574225, 40.720701904736686]]}}, {"type": "Feature", "properties": {"segment_id": 534998, "physicalid": "38578", "street_name": "N 7 ST", "borough": "brooklyn", "direction": "TW", "total_row_ft": 55.3, "roadbed_ft": 36.3, "median_ft": 0.0, "left_sw_ft": 9.8, "right_sw_ft": 9.2}, "geometry": {"type": "LineString", "coordinates": [[-73.96232520107621, 40.720801716162974], [-73.96245462009172, 40.720686339743274]]}}, {"type": "Feature", "properties": {"segment_id": 534999, "physicalid": "38578", "street_name": "N 7 ST", "borough": "brooklyn", "direction": "TW", "total_row_ft": 55.2, "roadbed_ft": 36.2, "median_ft": 0.0, "left_sw_ft": 9.7, "right_sw_ft": 9.4}, "geometry": {"type": "LineString", "coordinates": [[-73.9622695646111, 40.720766752831366], [-73.9623989274481, 40.720651426581966]]}}, {"type": "Feature", "properties": {"segment_id": 535000, "physicalid": "38578", "street_name": "N 7 ST", "borough": "brooklyn", "direction": "TW", "total_row_ft": 55.2, "roadbed_ft": 36.0, "median_ft": 0.0, "left_sw_ft": 9.7, "right_sw_ft": 9.5}, "geometry": {"type": "LineString", "coordinates": [[-73.96221392820438, 40.720731789472715], [-73.96234323486281, 40.720616513393544]]}}, {"type": "Feature", "properties": {"segment_id": 535001, "physicalid": "38578", "street_name": "N 7 ST", "borough": "brooklyn", "direction": "TW", "total_row_ft": 55.2, "roadbed_ft": 35.9, "median_ft": 0.0, "left_sw_ft": 9.7, "right_sw_ft": 9.6}, "geometry": {"type": "LineString", "coordinates": [[-73.96215829185601, 40.720696826087014], [-73.9622875423359, 40.72058160017802]]}}, {"type": "Feature", "properties": {"segment_id": 535002, "physicalid": "38578", "street_name": "N 7 ST", "borough": "brooklyn", "direction": "TW", "total_row_ft": 55.2, "roadbed_ft": 35.8, "median_ft": 0.0, "left_sw_ft": 9.6, "right_sw_ft": 9.8}, "geometry": {"type": "LineString", "coordinates": [[-73.96210265556603, 40.720661862674255], [-73.96223184986731, 40.72054668693539]]}}, {"type": "Feature", "properties": {"segment_id": 535003, "physicalid": "38578", "street_name": "N 7 ST", "borough": "brooklyn", "direction": "TW", "total_row_ft": 55.1, "roadbed_ft": 35.6, "median_ft": 0.0, "left_sw_ft": 9.6, "right_sw_ft": 9.9}, "geometry": {"type": "LineString", "coordinates": [[-73.96204701933442, 40.72062689923445], [-73.96217615745708, 40.72051177366568]]}}, {"type": "Feature", "properties": {"segment_id": 535004, "physicalid": "38578", "street_name": "N 7 ST", "borough": "brooklyn", "direction": "TW", "total_row_ft": 55.1, "roadbed_ft": 35.7, "median_ft": 0.0, "left_sw_ft": 9.4, "right_sw_ft": 10.1}, "geometry": {"type": "LineString", "coordinates": [[-73.9619913831612, 40.72059193576761], [-73.96212046510519, 40.720476860368834]]}}, {"type": "Feature", "properties": {"segment_id": 535005, "physicalid": "38578", "street_name": "N 7 ST", "borough": "brooklyn", "direction": "TW", "total_row_ft": 55.1, "roadbed_ft": 35.8, "median_ft": 0.0, "left_sw_ft": 9.1, "right_sw_ft": 10.2}, "geometry": {"type": "LineString", "coordinates": [[-73.96193570275592, 40.72055701175809], [-73.96206477281166, 40.7204419470449]]}}, {"type": "Feature", "properties": {"segment_id": 535006, "physicalid": "38578", "street_name": "N 7 ST", "borough": "brooklyn", "direction": "TW", "total_row_ft": 55.3, "roadbed_ft": 35.8, "median_ft": 0.0, "left_sw_ft": 9.2, "right_sw_ft": 10.3}, "geometry": {"type": "LineString", "coordinates": [[-73.96187947750654, 40.72052257349526], [-73.96200908069288, 40.72040703359011]]}}, {"type": "Feature", "properties": {"segment_id": 535007, "physicalid": "38578", "street_name": "N 7 ST", "borough": "brooklyn", "direction": "TW", "total_row_ft": 55.6, "roadbed_ft": 35.9, "median_ft": 0.0, "left_sw_ft": 9.2, "right_sw_ft": 10.5}, "geometry": {"type": "LineString", "coordinates": [[-73.96182325231527, 40.72048813520481], [-73.9619533887472, 40.720372120005905]]}}, {"type": "Feature", "properties": {"segment_id": 535008, "physicalid": "38578", "street_name": "N 7 ST", "borough": "brooklyn", "direction": "TW", "total_row_ft": 55.5, "roadbed_ft": 36.0, "median_ft": 0.0, "left_sw_ft": 9.2, "right_sw_ft": 10.3}, "geometry": {"type": "LineString", "coordinates": [[-73.9617670271821, 40.72045369688674], [-73.96189698728618, 40.72033783897275]]}}, {"type": "Feature", "properties": {"segment_id": 535009, "physicalid": "38578", "street_name": "N 7 ST", "borough": "brooklyn", "direction": "TW", "total_row_ft": 120.0, "roadbed_ft": 50.1, "median_ft": 0.0, "left_sw_ft": 32.7, "right_sw_ft": 37.2}, "geometry": {"type": "LineString", "coordinates": [[-73.96163878024348, 40.720483464903324], [-73.96191980962078, 40.720232930660565]]}}, {"type": "Feature", "properties": {"segment_id": 547216, "physicalid": "39333", "street_name": "KENT AVE", "borough": "brooklyn", "direction": "TF", "total_row_ft": 150.0, "roadbed_ft": 120.0, "median_ft": 0.0, "left_sw_ft": 15.0, "right_sw_ft": 15.0}, "geometry": {"type": "LineString", "coordinates": [[-73.96158658238876, 40.720183392605165], [-73.96192157077031, 40.720392020798045]]}}, {"type": "Feature", "properties": {"segment_id": 547217, "physicalid": "39333", "street_name": "KENT AVE", "borough": "brooklyn", "direction": "TF", "total_row_ft": 61.5, "roadbed_ft": 39.5, "median_ft": 3.5, "left_sw_ft": 8.8, "right_sw_ft": 9.8}, "geometry": {"type": "LineString", "coordinates": [[-73.96171679288105, 40.72019354582436], [-73.96187887262057, 40.720294487805965]]}}, {"type": "Feature", "properties": {"segment_id": 547218, "physicalid": "39333", "street_name": "KENT AVE", "borough": "brooklyn", "direction": "TF", "total_row_ft": 61.0, "roadbed_ft": 39.5, "median_ft": 3.1, "left_sw_ft": 8.6, "right_sw_ft": 9.8}, "geometry": {"type": "LineString", "coordinates": [[-73.96176242955414, 40.72015102692023], [-73.96192405751783, 40.720251687497985]]}}, {"type": "Feature", "properties": {"segment_id": 547219, "physicalid": "39333", "street_name": "KENT AVE", "borough": "brooklyn", "direction": "TF", "total_row_ft": 59.9, "roadbed_ft": 39.5, "median_ft": 2.2, "left_sw_ft": 8.5, "right_sw_ft": 9.8}, "geometry": {"type": "LineString", "coordinates": [[-73.96180806598946, 40.720108507885925], [-73.96196924235709, 40.720208887172]]}}, {"type": "Feature", "properties": {"segment_id": 547220, "physicalid": "39333", "street_name": "KENT AVE", "borough": "brooklyn", "direction": "TF", "total_row_ft": 58.1, "roadbed_ft": 39.5, "median_ft": 0.5, "left_sw_ft": 8.3, "right_sw_ft": 9.7}, "geometry": {"type": "LineString", "coordinates": [[-73.96185388018448, 40.72006609957708], [-73.96201457760462, 40.72016618053695]]}}, {"type": "Feature", "properties": {"segment_id": 547221, "physicalid": "39333", "street_name": "KENT AVE", "borough": "brooklyn", "direction": "TF", "total_row_ft": 60.0, "roadbed_ft": 39.5, "median_ft": 2.8, "left_sw_ft": 8.3, "right_sw_ft": 9.4}, "geometry": {"type": "LineString", "coordinates": [[-73.96190044704035, 40.720024160037745], [-73.96206013353542, 40.72012361135913]]}}, {"type": "Feature", "properties": {"segment_id": 547222, "physicalid": "39333", "street_name": "KENT AVE", "borough": "brooklyn", "direction": "TF", "total_row_ft": 64.1, "roadbed_ft": 39.4, "median_ft": 7.2, "left_sw_ft": 8.2, "right_sw_ft": 9.2}, "geometry": {"type": "LineString", "coordinates": [[-73.96194701383762, 40.71998222047933], [-73.96210568940799, 40.720081042163045]]}}, {"type": "Feature", "properties": {"segment_id": 547228, "physicalid": "39334", "street_name": "KENT AVE", "borough": "brooklyn", "direction": "TF", "total_row_ft": 116.0, "roadbed_ft": 86.0, "median_ft": 11.6, "left_sw_ft": 3.4, "right_sw_ft": 15.0}, "geometry": {"type": "LineString", "coordinates": [[-73.96099326068432, 40.72073734257336], [-73.96124313572712, 40.72089222561851]]}}, {"type": "Feature", "properties": {"segment_id": 547229, "physicalid": "39334", "street_name": "KENT AVE", "borough": "brooklyn", "direction": "TF", "total_row_ft": 70.9, "roadbed_ft": 39.9, "median_ft": 11.3, "left_sw_ft": 9.8, "right_sw_ft": 9.9}, "geometry": {"type": "LineString", "coordinates": [[-73.9611222798566, 40.72074650753487], [-73.96128882433325, 40.7208497386114]]}}, {"type": "Feature", "properties": {"segment_id": 547230, "physicalid": "39334", "street_name": "KENT AVE", "borough": "brooklyn", "direction": "TF", "total_row_ft": 59.0, "roadbed_ft": 39.9, "median_ft": 0.0, "left_sw_ft": 9.7, "right_sw_ft": 9.3}, "geometry": {"type": "LineString", "coordinates": [[-73.96116959984224, 40.72070503178705], [-73.96133451256838, 40.72080725139208]]}}, {"type": "Feature", "properties": {"segment_id": 547231, "physicalid": "39334", "street_name": "KENT AVE", "borough": "brooklyn", "direction": "TF", "total_row_ft": 70.0, "roadbed_ft": 40.0, "median_ft": 11.6, "left_sw_ft": 9.7, "right_sw_ft": 8.8}, "geometry": {"type": "LineString", "coordinates": [[-73.96121691976896, 40.72066355601957], [-73.96138020071119, 40.720764764133236]]}}, {"type": "Feature", "properties": {"segment_id": 547232, "physicalid": "39334", "street_name": "KENT AVE", "borough": "brooklyn", "direction": "TF", "total_row_ft": 63.1, "roadbed_ft": 40.0, "median_ft": 4.6, "left_sw_ft": 9.6, "right_sw_ft": 8.9}, "geometry": {"type": "LineString", "coordinates": [[-73.96126224424958, 40.720620843408184], [-73.96142588879574, 40.72072227685607]]}}, {"type": "Feature", "properties": {"segment_id": 547233, "physicalid": "39334", "street_name": "KENT AVE", "borough": "brooklyn", "direction": "TF", "total_row_ft": 62.9, "roadbed_ft": 40.0, "median_ft": 4.0, "left_sw_ft": 9.6, "right_sw_ft": 9.3}, "geometry": {"type": "LineString", "coordinates": [[-73.96130699908707, 40.72057777772626], [-73.96147157682205, 40.72067978956046]]}}, {"type": "Feature", "properties": {"segment_id": 547234, "physicalid": "39334", "street_name": "KENT AVE", "borough": "brooklyn", "direction": "TF", "total_row_ft": 63.2, "roadbed_ft": 40.0, "median_ft": 4.0, "left_sw_ft": 9.5, "right_sw_ft": 9.7}, "geometry": {"type": "LineString", "coordinates": [[-73.96135175370985, 40.72053471192945], [-73.96151726479007, 40.72063730224653]]}}, {"type": "Feature", "properties": {"segment_id": 547235, "physicalid": "39334", "street_name": "KENT AVE", "borough": "brooklyn", "direction": "TF", "total_row_ft": 63.5, "roadbed_ft": 39.9, "median_ft": 4.0, "left_sw_ft": 9.6, "right_sw_ft": 10.0}, "geometry": {"type": "LineString", "coordinates": [[-73.96139650813161, 40.720491646026304], [-73.9615629526999, 40.72059481491419]]}}, {"type": "Feature", "properties": {"segment_id": 547236, "physicalid": "39334", "street_name": "KENT AVE", "borough": "brooklyn", "direction": "TF", "total_row_ft": 63.9, "roadbed_ft": 39.8, "median_ft": 4.0, "left_sw_ft": 9.7, "right_sw_ft": 10.4}, "geometry": {"type": "LineString", "coordinates": [[-73.96144126249557, 40.72044858010546], [-73.96160864055142, 40.7205523275635]]}}, {"type": "Feature", "properties": {"segment_id": 547237, "physicalid": "39334", "street_name": "KENT AVE", "borough": "brooklyn", "direction": "TF", "total_row_ft": 64.2, "roadbed_ft": 39.7, "median_ft": 4.0, "left_sw_ft": 9.7, "right_sw_ft": 10.8}, "geometry": {"type": "LineString", "coordinates": [[-73.96148601680166, 40.720405514167005], [-73.96165432834474, 40.720509840194445]]}}, {"type": "Feature", "properties": {"segment_id": 547238, "physicalid": "39334", "street_name": "KENT AVE", "borough": "brooklyn", "direction": "TF", "total_row_ft": 70.7, "roadbed_ft": 39.6, "median_ft": 10.4, "left_sw_ft": 9.8, "right_sw_ft": 10.9}, "geometry": {"type": "LineString", "coordinates": [[-73.9615313402706, 40.72036280103676], [-73.96170001569494, 40.7204673525685]]}}, {"type": "Feature", "properties": {"segment_id": 547239, "physicalid": "39334", "street_name": "KENT AVE", "borough": "brooklyn", "direction": "TF", "total_row_ft": 120.0, "roadbed_ft": 42.5, "median_ft": 0.0, "left_sw_ft": 37.1, "right_sw_ft": 40.4}, "geometry": {"type": "LineString", "coordinates": [[-73.96149454956405, 40.7202691902046], [-73.96183017600647, 40.72047722431994]]}}, {"type": "Feature", "properties": {"segment_id": 547240, "physicalid": "39335", "street_name": "KENT AVE", "borough": "brooklyn", "direction": "TF", "total_row_ft": 103.9, "roadbed_ft": 80.6, "median_ft": 0.0, "left_sw_ft": 8.3, "right_sw_ft": 15.0}, "geometry": {"type": "LineString", "coordinates": [[-73.9603989744462, 40.72128951320026], [-73.96064707329917, 40.721444129544714]]}}, {"type": "Feature", "properties": {"segment_id": 547241, "physicalid": "39335", "street_name": "KENT AVE", "borough": "brooklyn", "direction": "TF", "total_row_ft": 70.5, "roadbed_ft": 40.4, "median_ft": 12.4, "left_sw_ft": 8.1, "right_sw_ft": 9.6}, "geometry": {"type": "LineString", "coordinates": [[-73.96052974070291, 40.721300047069995], [-73.96069183213015, 40.7214010630102]]}}, {"type": "Feature", "properties": {"segment_id": 547242, "physicalid": "39335", "street_name": "KENT AVE", "borough": "brooklyn", "direction": "TF", "total_row_ft": 64.1, "roadbed_ft": 40.3, "median_ft": 6.2, "left_sw_ft": 8.0, "right_sw_ft": 9.6}, "geometry": {"type": "LineString", "coordinates": [[-73.96057556272964, 40.72125764318209], [-73.96073707422107, 40.72135829766245]]}}, {"type": "Feature", "properties": {"segment_id": 547243, "physicalid": "39335", "street_name": "KENT AVE", "borough": "brooklyn", "direction": "TF", "total_row_ft": 57.8, "roadbed_ft": 40.2, "median_ft": 0.0, "left_sw_ft": 8.1, "right_sw_ft": 9.5}, "geometry": {"type": "LineString", "coordinates": [[-73.96062145474056, 40.72121528292653], [-73.96078290204396, 40.7213158973618]]}}, {"type": "Feature", "properties": {"segment_id": 547244, "physicalid": "39335", "street_name": "KENT AVE", "borough": "brooklyn", "direction": "TF", "total_row_ft": 57.6, "roadbed_ft": 40.1, "median_ft": 0.0, "left_sw_ft": 8.1, "right_sw_ft": 9.5}, "geometry": {"type": "LineString", "coordinates": [[-73.9606673466697, 40.7211729226378], [-73.96082821484683, 40.72127317611797]]}}, {"type": "Feature", "properties": {"segment_id": 547245, "physicalid": "39335", "street_name": "KENT AVE", "borough": "brooklyn", "direction": "TF", "total_row_ft": 57.4, "roadbed_ft": 40.0, "median_ft": 0.0, "left_sw_ft": 8.0, "right_sw_ft": 9.4}, "geometry": {"type": "LineString", "coordinates": [[-73.96071323854048, 40.72113056233052], [-73.96087352810328, 40.72123045517495]]}}, {"type": "Feature", "properties": {"segment_id": 547246, "physicalid": "39335", "street_name": "KENT AVE", "borough": "brooklyn", "direction": "TF", "total_row_ft": 57.7, "roadbed_ft": 39.9, "median_ft": 4.8, "left_sw_ft": 8.0, "right_sw_ft": 5.1}, "geometry": {"type": "LineString", "coordinates": [[-73.96077098361705, 40.72109558900249], [-73.96091884130162, 40.721187734213835]]}}, {"type": "Feature", "properties": {"segment_id": 547247, "physicalid": "39335", "street_name": "KENT AVE", "borough": "brooklyn", "direction": "TF", "total_row_ft": 58.2, "roadbed_ft": 39.8, "median_ft": 4.9, "left_sw_ft": 8.0, "right_sw_ft": 5.5}, "geometry": {"type": "LineString", "coordinates": [[-73.96081543994613, 40.72105233409337], [-73.96096428563514, 40.721145094994334]]}}, {"type": "Feature", "properties": {"segment_id": 547248, "physicalid": "39335", "street_name": "KENT AVE", "borough": "brooklyn", "direction": "TF", "total_row_ft": 58.7, "roadbed_ft": 39.8, "median_ft": 4.8, "left_sw_ft": 8.2, "right_sw_ft": 6.0}, "geometry": {"type": "LineString", "coordinates": [[-73.96085989621724, 40.72100907916671], [-73.9610105178691, 40.72110294681242]]}}, {"type": "Feature", "properties": {"segment_id": 547249, "physicalid": "39335", "street_name": "KENT AVE", "borough": "brooklyn", "direction": "TF", "total_row_ft": 59.2, "roadbed_ft": 39.8, "median_ft": 4.5, "left_sw_ft": 8.4, "right_sw_ft": 6.5}, "geometry": {"type": "LineString", "coordinates": [[-73.96090435243067, 40.72096582422262], [-73.96105675004458, 40.721060798611724]]}}, {"type": "Feature", "properties": {"segment_id": 547250, "physicalid": "39335", "street_name": "KENT AVE", "borough": "brooklyn", "direction": "TF", "total_row_ft": 67.7, "roadbed_ft": 39.8, "median_ft": 12.4, "left_sw_ft": 8.5, "right_sw_ft": 6.9}, "geometry": {"type": "LineString", "coordinates": [[-73.9609488085864, 40.72092256926111], [-73.96110298216156, 40.721018650392224]]}}, {"type": "Feature", "properties": {"segment_id": 547251, "physicalid": "39335", "street_name": "KENT AVE", "borough": "brooklyn", "direction": "TF", "total_row_ft": 129.8, "roadbed_ft": 62.7, "median_ft": 12.2, "left_sw_ft": 15.0, "right_sw_ft": 39.9}, "geometry": {"type": "LineString", "coordinates": [[-73.9609018992703, 40.72082237505476], [-73.96123680141365, 40.72103108634347]]}}, {"type": "Feature", "properties": {"segment_id": 547253, "physicalid": "39336", "street_name": "KENT AVE", "borough": "brooklyn", "direction": "TF", "total_row_ft": 59.1, "roadbed_ft": 39.2, "median_ft": 0.0, "left_sw_ft": 8.4, "right_sw_ft": 11.5}, "geometry": {"type": "LineString", "coordinates": [[-73.95993241743155, 40.721851350349105], [-73.9600973403474, 40.72195425034787]]}}, {"type": "Feature", "properties": {"segment_id": 547254, "physicalid": "39336", "street_name": "KENT AVE", "borough": "brooklyn", "direction": "TF", "total_row_ft": 71.5, "roadbed_ft": 39.8, "median_ft": 12.2, "left_sw_ft": 8.4, "right_sw_ft": 11.1}, "geometry": {"type": "LineString", "coordinates": [[-73.9599783278058, 40.721809001412744], [-73.9601437608343, 40.721912219639954]]}}, {"type": "Feature", "properties": {"segment_id": 547255, "physicalid": "39336", "street_name": "KENT AVE", "borough": "brooklyn", "direction": "TF", "total_row_ft": 72.3, "roadbed_ft": 40.4, "median_ft": 12.9, "left_sw_ft": 8.4, "right_sw_ft": 10.7}, "geometry": {"type": "LineString", "coordinates": [[-73.9600242381217, 40.72176665245783], [-73.96019018126266, 40.721870188913115]]}}, {"type": "Feature", "properties": {"segment_id": 547256, "physicalid": "39336", "street_name": "KENT AVE", "borough": "brooklyn", "direction": "TF", "total_row_ft": 61.0, "roadbed_ft": 40.8, "median_ft": 1.6, "left_sw_ft": 8.1, "right_sw_ft": 10.5}, "geometry": {"type": "LineString", "coordinates": [[-73.96007014837924, 40.721724303484365], [-73.9602360212143, 40.72182779602972]]}}, {"type": "Feature", "properties": {"segment_id": 547257, "physicalid": "39336", "street_name": "KENT AVE", "borough": "brooklyn", "direction": "TF", "total_row_ft": 59.3, "roadbed_ft": 41.0, "median_ft": 0.0, "left_sw_ft": 7.9, "right_sw_ft": 10.3}, "geometry": {"type": "LineString", "coordinates": [[-73.96011605857845, 40.72168195449236], [-73.9602814957564, 40.72178517517605]]}}, {"type": "Feature", "properties": {"segment_id": 547258, "physicalid": "39336", "street_name": "KENT AVE", "borough": "brooklyn", "direction": "TF", "total_row_ft": 59.1, "roadbed_ft": 41.0, "median_ft": 0.0, "left_sw_ft": 7.9, "right_sw_ft": 10.2}, "geometry": {"type": "LineString", "coordinates": [[-73.96016196871932, 40.721639605481776], [-73.96032697024035, 40.72174255430418]]}}, {"type": "Feature", "properties": {"segment_id": 547259, "physicalid": "39336", "street_name": "KENT AVE", "borough": "brooklyn", "direction": "TF", "total_row_ft": 59.0, "roadbed_ft": 41.0, "median_ft": 0.0, "left_sw_ft": 8.0, "right_sw_ft": 10.0}, "geometry": {"type": "LineString", "coordinates": [[-73.96020787880184, 40.72159725645267], [-73.9603724446661, 40.72169993341407]]}}, {"type": "Feature", "properties": {"segment_id": 547260, "physicalid": "39336", "street_name": "KENT AVE", "borough": "brooklyn", "direction": "TF", "total_row_ft": 63.6, "roadbed_ft": 41.0, "median_ft": 4.8, "left_sw_ft": 8.0, "right_sw_ft": 9.8}, "geometry": {"type": "LineString", "coordinates": [[-73.96025378882601, 40.721554907405], [-73.96041791903372, 40.72165731250578]]}}, {"type": "Feature", "properties": {"segment_id": 547261, "physicalid": "39336", "street_name": "KENT AVE", "borough": "brooklyn", "direction": "TF", "total_row_ft": 63.2, "roadbed_ft": 41.0, "median_ft": 4.5, "left_sw_ft": 8.0, "right_sw_ft": 9.7}, "geometry": {"type": "LineString", "coordinates": [[-73.96029969879184, 40.7215125583388], [-73.96046339334318, 40.72161469157928]]}}, {"type": "Feature", "properties": {"segment_id": 547262, "physicalid": "39336", "street_name": "KENT AVE", "borough": "brooklyn", "direction": "TF", "total_row_ft": 70.8, "roadbed_ft": 40.9, "median_ft": 12.3, "left_sw_ft": 8.0, "right_sw_ft": 9.6}, "geometry": {"type": "LineString", "coordinates": [[-73.96034560869931, 40.72147020925405], [-73.96050886759444, 40.72157207063458]]}}, {"type": "Feature", "properties": {"segment_id": 547263, "physicalid": "39336", "street_name": "KENT AVE", "borough": "brooklyn", "direction": "TF", "total_row_ft": 88.7, "roadbed_ft": 41.1, "median_ft": 0.0, "left_sw_ft": 8.0, "right_sw_ft": 39.7}, "geometry": {"type": "LineString", "coordinates": [[-73.96030684109243, 40.72137502753867], [-73.96055434178757, 40.72152944967168]]}}, {"type": "Feature", "properties": {"segment_id": 660410, "physicalid": "47239", "street_name": "GREENPOINT AVE", "borough": "brooklyn", "direction": "TW", "total_row_ft": 74.1, "roadbed_ft": 50.9, "median_ft": 0.0, "left_sw_ft": 11.2, "right_sw_ft": 12.0}, "geometry": {"type": "LineString", "coordinates": [[-73.96020726580653, 40.72972934446], [-73.9601733383672, 40.72952751613089]]}}, {"type": "Feature", "properties": {"segment_id": 660411, "physicalid": "47239", "street_name": "GREENPOINT AVE", "borough": "brooklyn", "direction": "TW", "total_row_ft": 73.7, "roadbed_ft": 50.8, "median_ft": 0.0, "left_sw_ft": 10.8, "right_sw_ft": 12.1}, "geometry": {"type": "LineString", "coordinates": [[-73.96013550425224, 40.72973521774401], [-73.96010177216392, 40.72953455023845]]}}, {"type": "Feature", "properties": {"segment_id": 660412, "physicalid": "47239", "street_name": "GREENPOINT AVE", "borough": "brooklyn", "direction": "TW", "total_row_ft": 73.3, "roadbed_ft": 50.7, "median_ft": 0.0, "left_sw_ft": 10.3, "right_sw_ft": 12.3}, "geometry": {"type": "LineString", "coordinates": [[-73.96006374268525, 40.7297410909833], [-73.96003020594553, 40.72954158430155]]}}, {"type": "Feature", "properties": {"segment_id": 926795, "physicalid": "64754", "street_name": "NOBLE ST", "borough": "brooklyn", "direction": "TW", "total_row_ft": 30.0, "roadbed_ft": 0.0, "median_ft": 0.0, "left_sw_ft": 15.0, "right_sw_ft": 15.0}, "geometry": {"type": "LineString", "coordinates": [[-73.96111566596362, 40.7282723294155], [-73.96106017396457, 40.72794567525622]]}}, {"type": "Feature", "properties": {"segment_id": 926796, "physicalid": "64754", "street_name": "NOBLE ST", "borough": "brooklyn", "direction": "TW", "total_row_ft": 58.9, "roadbed_ft": 28.9, "median_ft": 0.0, "left_sw_ft": 15.0, "right_sw_ft": 15.0}, "geometry": {"type": "LineString", "coordinates": [[-73.96104410147314, 40.728279365308936], [-73.96098860981905, 40.72795271111548]]}}, {"type": "Feature", "properties": {"segment_id": 926797, "physicalid": "64754", "street_name": "NOBLE ST", "borough": "brooklyn", "direction": "TW", "total_row_ft": 59.1, "roadbed_ft": 29.1, "median_ft": 0.0, "left_sw_ft": 15.0, "right_sw_ft": 15.0}, "geometry": {"type": "LineString", "coordinates": [[-73.96097253696756, 40.72828640115785], [-73.9609170456584, 40.72795974693025]]}}, {"type": "Feature", "properties": {"segment_id": 926798, "physicalid": "64754", "street_name": "NOBLE ST", "borough": "brooklyn", "direction": "TW", "total_row_ft": 59.3, "roadbed_ft": 29.3, "median_ft": 0.0, "left_sw_ft": 15.0, "right_sw_ft": 15.0}, "geometry": {"type": "LineString", "coordinates": [[-73.96090097244688, 40.72829343696233], [-73.96084548148265, 40.72796678270054]]}}, {"type": "Feature", "properties": {"segment_id": 926799, "physicalid": "64754", "street_name": "NOBLE ST", "borough": "brooklyn", "direction": "TW", "total_row_ft": 59.4, "roadbed_ft": 29.4, "median_ft": 0.0, "left_sw_ft": 15.0, "right_sw_ft": 15.0}, "geometry": {"type": "LineString", "coordinates": [[-73.96082940791106, 40.728300472722296], [-73.9607739172918, 40.72797381842633]]}}, {"type": "Feature", "properties": {"segment_id": 926800, "physicalid": "64754", "street_name": "NOBLE ST", "borough": "brooklyn", "direction": "TW", "total_row_ft": 59.6, "roadbed_ft": 29.6, "median_ft": 0.0, "left_sw_ft": 15.0, "right_sw_ft": 15.0}, "geometry": {"type": "LineString", "coordinates": [[-73.96075784336016, 40.72830750843778], [-73.96070235308582, 40.72798085410765]]}}, {"type": "Feature", "properties": {"segment_id": 926801, "physicalid": "64754", "street_name": "NOBLE ST", "borough": "brooklyn", "direction": "TW", "total_row_ft": 59.8, "roadbed_ft": 29.8, "median_ft": 0.0, "left_sw_ft": 15.0, "right_sw_ft": 15.0}, "geometry": {"type": "LineString", "coordinates": [[-73.96068627879414, 40.72831454410878], [-73.96063078886472, 40.72798788974447]]}}, {"type": "Feature", "properties": {"segment_id": 926802, "physicalid": "64754", "street_name": "NOBLE ST", "borough": "brooklyn", "direction": "TW", "total_row_ft": 59.9, "roadbed_ft": 29.9, "median_ft": 0.0, "left_sw_ft": 15.0, "right_sw_ft": 15.0}, "geometry": {"type": "LineString", "coordinates": [[-73.960614714213, 40.72832157973531], [-73.96055922462854, 40.727994925336816]]}}, {"type": "Feature", "properties": {"segment_id": 926803, "physicalid": "64754", "street_name": "NOBLE ST", "borough": "brooklyn", "direction": "TW", "total_row_ft": 60.1, "roadbed_ft": 30.1, "median_ft": 0.0, "left_sw_ft": 15.0, "right_sw_ft": 15.0}, "geometry": {"type": "LineString", "coordinates": [[-73.96054314961674, 40.728328615317345], [-73.96048766037723, 40.72800196088468]]}}, {"type": "Feature", "properties": {"segment_id": 926804, "physicalid": "64754", "street_name": "NOBLE ST", "borough": "brooklyn", "direction": "TW", "total_row_ft": 60.3, "roadbed_ft": 30.3, "median_ft": 0.0, "left_sw_ft": 15.0, "right_sw_ft": 15.0}, "geometry": {"type": "LineString", "coordinates": [[-73.9604715850054, 40.72833565085487], [-73.9604160961108, 40.728008996388056]]}}, {"type": "Feature", "properties": {"segment_id": 926805, "physicalid": "64754", "street_name": "NOBLE ST", "borough": "brooklyn", "direction": "TW", "total_row_ft": 60.5, "roadbed_ft": 30.5, "median_ft": 0.0, "left_sw_ft": 15.0, "right_sw_ft": 15.0}, "geometry": {"type": "LineString", "coordinates": [[-73.96040002037891, 40.728342686347936], [-73.96034453182928, 40.72801603184695]]}}, {"type": "Feature", "properties": {"segment_id": 926806, "physicalid": "64754", "street_name": "NOBLE ST", "borough": "brooklyn", "direction": "TW", "total_row_ft": 60.1, "roadbed_ft": 30.1, "median_ft": 0.0, "left_sw_ft": 15.0, "right_sw_ft": 15.0}, "geometry": {"type": "LineString", "coordinates": [[-73.96032845573734, 40.728349721796526], [-73.96027296753263, 40.72802306726135]]}}, {"type": "Feature", "properties": {"segment_id": 926807, "physicalid": "64754", "street_name": "NOBLE ST", "borough": "brooklyn", "direction": "TW", "total_row_ft": 45.8, "roadbed_ft": 29.6, "median_ft": 0.0, "left_sw_ft": 1.2, "right_sw_ft": 15.0}, "geometry": {"type": "LineString", "coordinates": [[-73.96023573136907, 40.72823219129963], [-73.96020140322088, 40.72803010263128]]}}, {"type": "Feature", "properties": {"segment_id": 926808, "physicalid": "64754", "street_name": "NOBLE ST", "borough": "brooklyn", "direction": "TW", "total_row_ft": 46.0, "roadbed_ft": 29.2, "median_ft": 0.0, "left_sw_ft": 1.7, "right_sw_ft": 15.0}, "geometry": {"type": "LineString", "coordinates": [[-73.96016420500018, 40.72823945136064], [-73.96012983889402, 40.72803713795671]]}}, {"type": "Feature", "properties": {"segment_id": 926809, "physicalid": "64754", "street_name": "NOBLE ST", "borough": "brooklyn", "direction": "TW", "total_row_ft": 46.2, "roadbed_ft": 28.8, "median_ft": 0.0, "left_sw_ft": 2.3, "right_sw_ft": 15.0}, "geometry": {"type": "LineString", "coordinates": [[-73.96009267873728, 40.72824671209277], [-73.96005827455205, 40.728044173237656]]}}, {"type": "Feature", "properties": {"segment_id": 926810, "physicalid": "64754", "street_name": "NOBLE ST", "borough": "brooklyn", "direction": "TW", "total_row_ft": 46.3, "roadbed_ft": 28.4, "median_ft": 0.0, "left_sw_ft": 2.9, "right_sw_ft": 15.0}, "geometry": {"type": "LineString", "coordinates": [[-73.96002115241355, 40.72825397251411], [-73.95998671019495, 40.72805120847412]]}}, {"type": "Feature", "properties": {"segment_id": 1236468, "physicalid": "85269", "street_name": "N 8 ST", "borough": "brooklyn", "direction": "TF", "total_row_ft": 150.0, "roadbed_ft": 120.0, "median_ft": 0.0, "left_sw_ft": 15.0, "right_sw_ft": 15.0}, "geometry": {"type": "LineString", "coordinates": [[-73.96094804393721, 40.72097476844763], [-73.96122193168253, 40.720719695683904]]}}, {"type": "Feature", "properties": {"segment_id": 1236469, "physicalid": "85269", "street_name": "N 8 ST", "borough": "brooklyn", "direction": "TF", "total_row_ft": 54.5, "roadbed_ft": 30.4, "median_ft": 0.0, "left_sw_ft": 9.4, "right_sw_ft": 14.7}, "geometry": {"type": "LineString", "coordinates": [[-73.9609608391743, 40.72087608455592], [-73.96108517329658, 40.720760291801874]]}}, {"type": "Feature", "properties": {"segment_id": 1236470, "physicalid": "85269", "street_name": "N 8 ST", "borough": "brooklyn", "direction": "TF", "total_row_ft": 53.7, "roadbed_ft": 30.3, "median_ft": 0.0, "left_sw_ft": 9.0, "right_sw_ft": 14.3}, "geometry": {"type": "LineString", "coordinates": [[-73.96090592814406, 40.72084045556974], [-73.96102839300218, 40.72072640375556]]}}, {"type": "Feature", "properties": {"segment_id": 1236471, "physicalid": "85269", "street_name": "N 8 ST", "borough": "brooklyn", "direction": "TF", "total_row_ft": 53.4, "roadbed_ft": 30.3, "median_ft": 0.0, "left_sw_ft": 9.2, "right_sw_ft": 13.9}, "geometry": {"type": "LineString", "coordinates": [[-73.96085101717252, 40.720804826557206], [-73.96097280116716, 40.720691408918185]]}}, {"type": "Feature", "properties": {"segment_id": 1236472, "physicalid": "85269", "street_name": "N 8 ST", "borough": "brooklyn", "direction": "TF", "total_row_ft": 53.7, "roadbed_ft": 30.3, "median_ft": 0.0, "left_sw_ft": 9.9, "right_sw_ft": 13.5}, "geometry": {"type": "LineString", "coordinates": [[-73.96079610625966, 40.7207691975183], [-73.9609186115894, 40.720655108181624]]}}, {"type": "Feature", "properties": {"segment_id": 1236473, "physicalid": "85269", "street_name": "N 8 ST", "borough": "brooklyn", "direction": "TF", "total_row_ft": 54.0, "roadbed_ft": 30.2, "median_ft": 0.0, "left_sw_ft": 10.7, "right_sw_ft": 13.0}, "geometry": {"type": "LineString", "coordinates": [[-73.96074119540555, 40.72073356845303], [-73.96086442224704, 40.72061880725512]]}}, {"type": "Feature", "properties": {"segment_id": 1236474, "physicalid": "85269", "street_name": "N 8 ST", "borough": "brooklyn", "direction": "TF", "total_row_ft": 54.3, "roadbed_ft": 30.2, "median_ft": 0.0, "left_sw_ft": 11.5, "right_sw_ft": 12.6}, "geometry": {"type": "LineString", "coordinates": [[-73.96068628461013, 40.72069793936143], [-73.96081023318047, 40.72058250610105]]}}, {"type": "Feature", "properties": {"segment_id": 1236475, "physicalid": "85269", "street_name": "N 8 ST", "borough": "brooklyn", "direction": "TF", "total_row_ft": 54.2, "roadbed_ft": 30.2, "median_ft": 0.0, "left_sw_ft": 11.8, "right_sw_ft": 12.2}, "geometry": {"type": "LineString", "coordinates": [[-73.96063137387344, 40.72066231024345], [-73.96075506906317, 40.72054711304213]]}}, {"type": "Feature", "properties": {"segment_id": 1236476, "physicalid": "85269", "street_name": "N 8 ST", "borough": "brooklyn", "direction": "TF", "total_row_ft": 53.5, "roadbed_ft": 30.1, "median_ft": 0.0, "left_sw_ft": 11.6, "right_sw_ft": 11.8}, "geometry": {"type": "LineString", "coordinates": [[-73.96057646319544, 40.72062668109911], [-73.9606984710145, 40.72051305543203]]}}, {"type": "Feature", "properties": {"segment_id": 1236477, "physicalid": "85269", "street_name": "N 8 ST", "borough": "brooklyn", "direction": "TF", "total_row_ft": 52.7, "roadbed_ft": 30.1, "median_ft": 0.0, "left_sw_ft": 11.2, "right_sw_ft": 11.4}, "geometry": {"type": "LineString", "coordinates": [[-73.96052155257617, 40.72059105192844], [-73.96064187298353, 40.72047899783131]]}}, {"type": "Feature", "properties": {"segment_id": 1236478, "physicalid": "85269", "street_name": "N 8 ST", "borough": "brooklyn", "direction": "TF", "total_row_ft": 52.4, "roadbed_ft": 30.2, "median_ft": 0.0, "left_sw_ft": 10.9, "right_sw_ft": 11.4}, "geometry": {"type": "LineString", "coordinates": [[-73.96046564393804, 40.720556352235725], [-73.96058527501042, 40.72044494020261]]}}, {"type": "Feature", "properties": {"segment_id": 1236479, "physicalid": "85269", "street_name": "N 8 ST", "borough": "brooklyn", "direction": "TF", "total_row_ft": 52.2, "roadbed_ft": 30.2, "median_ft": 0.0, "left_sw_ft": 10.3, "right_sw_ft": 11.6}, "geometry": {"type": "LineString", "coordinates": [[-73.9604091879419, 40.72052216232115], [-73.96052826455112, 40.720411266747426]]}}, {"type": "Feature", "properties": {"segment_id": 1236480, "physicalid": "85269", "street_name": "N 8 ST", "borough": "brooklyn", "direction": "TF", "total_row_ft": 51.9, "roadbed_ft": 30.3, "median_ft": 0.0, "left_sw_ft": 9.8, "right_sw_ft": 11.9}, "geometry": {"type": "LineString", "coordinates": [[-73.96035273220272, 40.72048797219338], [-73.96047124056759, 40.72037760591255]]}}, {"type": "Feature", "properties": {"segment_id": 1236481, "physicalid": "85269", "street_name": "N 8 ST", "borough": "brooklyn", "direction": "TF", "total_row_ft": 51.7, "roadbed_ft": 30.4, "median_ft": 0.0, "left_sw_ft": 9.2, "right_sw_ft": 12.1}, "geometry": {"type": "LineString", "coordinates": [[-73.96029622212016, 40.72045383270127], [-73.96041421664168, 40.72034394504932]]}}, {"type": "Feature", "properties": {"segment_id": 1236482, "physicalid": "85269", "street_name": "N 8 ST", "borough": "brooklyn", "direction": "TF", "total_row_ft": 52.1, "roadbed_ft": 30.4, "median_ft": 0.0, "left_sw_ft": 9.1, "right_sw_ft": 12.6}, "geometry": {"type": "LineString", "coordinates": [[-73.96023930339835, 40.72042007379754], [-73.96035816261795, 40.72030938094545]]}}, {"type": "Feature", "properties": {"segment_id": 1236483, "physicalid": "85269", "street_name": "N 8 ST", "borough": "brooklyn", "direction": "TF", "total_row_ft": 52.8, "roadbed_ft": 30.5, "median_ft": 0.0, "left_sw_ft": 9.3, "right_sw_ft": 13.0}, "geometry": {"type": "LineString", "coordinates": [[-73.96018238473421, 40.72038631486551], [-73.96030280710704, 40.720274166346684]]}}, {"type": "Feature", "properties": {"segment_id": 1236484, "physicalid": "85269", "street_name": "N 8 ST", "borough": "brooklyn", "direction": "TF", "total_row_ft": 53.4, "roadbed_ft": 30.4, "median_ft": 0.0, "left_sw_ft": 9.5, "right_sw_ft": 13.5}, "geometry": {"type": "LineString", "coordinates": [[-73.96012546577533, 40.72035255623341], [-73.96024745152495, 40.72023895184188]]}}, {"type": "Feature", "properties": {"segment_id": 1236485, "physicalid": "85269", "street_name": "N 8 ST", "borough": "brooklyn", "direction": "TF", "total_row_ft": 54.0, "roadbed_ft": 30.4, "median_ft": 0.0, "left_sw_ft": 9.8, "right_sw_ft": 13.8}, "geometry": {"type": "LineString", "coordinates": [[-73.96006880851935, 40.72031855390554], [-73.96019209600138, 40.72020373731031]]}}, {"type": "Feature", "properties": {"segment_id": 1236486, "physicalid": "85269", "street_name": "N 8 ST", "borough": "brooklyn", "direction": "TF", "total_row_ft": 54.3, "roadbed_ft": 30.4, "median_ft": 0.0, "left_sw_ft": 9.9, "right_sw_ft": 14.1}, "geometry": {"type": "LineString", "coordinates": [[-73.96001239017187, 40.72028432911069], [-73.9601363586477, 40.72016887840214]]}}, {"type": "Feature", "properties": {"segment_id": 1236487, "physicalid": "85269", "street_name": "N 8 ST", "borough": "brooklyn", "direction": "TF", "total_row_ft": 54.5, "roadbed_ft": 30.3, "median_ft": 0.0, "left_sw_ft": 9.9, "right_sw_ft": 14.4}, "geometry": {"type": "LineString", "coordinates": [[-73.9599559719287, 40.720250104244876], [-73.96008046083914, 40.72013416895151]]}}, {"type": "Feature", "properties": {"segment_id": 1236490, "physicalid": "85270", "street_name": "N 8 ST", "borough": "brooklyn", "direction": "TW", "total_row_ft": 67.4, "roadbed_ft": 37.4, "median_ft": 0.0, "left_sw_ft": 15.0, "right_sw_ft": 15.0}, "geometry": {"type": "LineString", "coordinates": [[-73.96130483593481, 40.721216998944676], [-73.96159466377554, 40.72097233389466]]}}, {"type": "Feature", "properties": {"segment_id": 1236491, "physicalid": "85270", "street_name": "N 8 ST", "borough": "brooklyn", "direction": "TW", "total_row_ft": 67.6, "roadbed_ft": 37.6, "median_ft": 0.0, "left_sw_ft": 15.0, "right_sw_ft": 15.0}, "geometry": {"type": "LineString", "coordinates": [[-73.96125123973223, 40.72118024733509], [-73.96154106760986, 40.72093558241875]]}}, {"type": "Feature", "properties": {"segment_id": 1236492, "physicalid": "85270", "street_name": "N 8 ST", "borough": "brooklyn", "direction": "TW", "total_row_ft": 67.8, "roadbed_ft": 37.8, "median_ft": 0.0, "left_sw_ft": 15.0, "right_sw_ft": 15.0}, "geometry": {"type": "LineString", "coordinates": [[-73.96119764358872, 40.721143495700325], [-73.96148747150333, 40.720898830917726]]}}, {"type": "Feature", "properties": {"segment_id": 1236493, "physicalid": "85270", "street_name": "N 8 ST", "borough": "brooklyn", "direction": "TW", "total_row_ft": 68.0, "roadbed_ft": 38.0, "median_ft": 0.0, "left_sw_ft": 15.0, "right_sw_ft": 15.0}, "geometry": {"type": "LineString", "coordinates": [[-73.96114404750433, 40.72110674404043], [-73.96143387545588, 40.72086207939155]]}}, {"type": "Feature", "properties": {"segment_id": 1236494, "physicalid": "85270", "street_name": "N 8 ST", "borough": "brooklyn", "direction": "TW", "total_row_ft": 68.2, "roadbed_ft": 38.2, "median_ft": 0.0, "left_sw_ft": 15.0, "right_sw_ft": 15.0}, "geometry": {"type": "LineString", "coordinates": [[-73.9610904514791, 40.721069992355474], [-73.96138027946752, 40.72082532784025]]}}, {"type": "Feature", "properties": {"segment_id": 1236495, "physicalid": "85270", "street_name": "N 8 ST", "borough": "brooklyn", "direction": "TW", "total_row_ft": 135.0, "roadbed_ft": 80.5, "median_ft": 0.0, "left_sw_ft": 15.0, "right_sw_ft": 39.5}, "geometry": {"type": "LineString", "coordinates": [[-73.9610368555129, 40.72103324064533], [-73.96132668353832, 40.72078857626384]]}}, {"type": "Feature", "properties": {"segment_id": 1237663, "physicalid": "85327", "street_name": "N 9 ST", "borough": "brooklyn", "direction": "FT", "total_row_ft": 150.0, "roadbed_ft": 120.0, "median_ft": 0.0, "left_sw_ft": 15.0, "right_sw_ft": 15.0}, "geometry": {"type": "LineString", "coordinates": [[-73.96035344942669, 40.7215273785494], [-73.96062692007546, 40.721272045476354]]}}, {"type": "Feature", "properties": {"segment_id": 1237664, "physicalid": "85327", "street_name": "N 9 ST", "borough": "brooklyn", "direction": "FT", "total_row_ft": 56.7, "roadbed_ft": 31.5, "median_ft": 0.0, "left_sw_ft": 12.4, "right_sw_ft": 12.8}, "geometry": {"type": "LineString", "coordinates": [[-73.96036947938293, 40.72142551108133], [-73.9604986565965, 40.721304901468734]]}}, {"type": "Feature", "properties": {"segment_id": 1237665, "physicalid": "85327", "street_name": "N 9 ST", "borough": "brooklyn", "direction": "FT", "total_row_ft": 56.5, "roadbed_ft": 31.4, "median_ft": 0.0, "left_sw_ft": 12.3, "right_sw_ft": 12.9}, "geometry": {"type": "LineString", "coordinates": [[-73.96031403180444, 40.7213903802712], [-73.96044287735894, 40.721270080412836]]}}, {"type": "Feature", "properties": {"segment_id": 1237666, "physicalid": "85327", "street_name": "N 9 ST", "borough": "brooklyn", "direction": "FT", "total_row_ft": 56.4, "roadbed_ft": 31.3, "median_ft": 0.0, "left_sw_ft": 12.1, "right_sw_ft": 13.0}, "geometry": {"type": "LineString", "coordinates": [[-73.96025858424696, 40.72135524946916], [-73.96038709817968, 40.72123525932978]]}}, {"type": "Feature", "properties": {"segment_id": 1237667, "physicalid": "85327", "street_name": "N 9 ST", "borough": "brooklyn", "direction": "FT", "total_row_ft": 56.2, "roadbed_ft": 31.2, "median_ft": 0.0, "left_sw_ft": 11.9, "right_sw_ft": 13.1}, "geometry": {"type": "LineString", "coordinates": [[-73.96020313671772, 40.72132011866844], [-73.96033131905871, 40.72120043821951]]}}, {"type": "Feature", "properties": {"segment_id": 1237668, "physicalid": "85327", "street_name": "N 9 ST", "borough": "brooklyn", "direction": "FT", "total_row_ft": 56.1, "roadbed_ft": 31.2, "median_ft": 0.0, "left_sw_ft": 11.8, "right_sw_ft": 13.2}, "geometry": {"type": "LineString", "coordinates": [[-73.96014768924711, 40.72128498784072], [-73.96027553999602, 40.72116561708205]]}}, {"type": "Feature", "properties": {"segment_id": 1237669, "physicalid": "85327", "street_name": "N 9 ST", "borough": "brooklyn", "direction": "FT", "total_row_ft": 56.0, "roadbed_ft": 31.1, "median_ft": 0.0, "left_sw_ft": 11.6, "right_sw_ft": 13.3}, "geometry": {"type": "LineString", "coordinates": [[-73.96009224184131, 40.721249856980215], [-73.96021976099159, 40.721130795917404]]}}, {"type": "Feature", "properties": {"segment_id": 1237670, "physicalid": "85327", "street_name": "N 9 ST", "borough": "brooklyn", "direction": "FT", "total_row_ft": 55.8, "roadbed_ft": 31.0, "median_ft": 0.0, "left_sw_ft": 11.5, "right_sw_ft": 13.3}, "geometry": {"type": "LineString", "coordinates": [[-73.96003679449397, 40.7212147260928], [-73.96016398204549, 40.721095974725586]]}}, {"type": "Feature", "properties": {"segment_id": 1237671, "physicalid": "85327", "street_name": "N 9 ST", "borough": "brooklyn", "direction": "FT", "total_row_ft": 55.7, "roadbed_ft": 30.9, "median_ft": 0.0, "left_sw_ft": 11.4, "right_sw_ft": 13.4}, "geometry": {"type": "LineString", "coordinates": [[-73.95998134714708, 40.72117959523268], [-73.96010820315766, 40.72106115350658]]}}, {"type": "Feature", "properties": {"segment_id": 1294758, "physicalid": "88495", "street_name": "OAK ST", "borough": "brooklyn", "direction": "TW", "total_row_ft": 30.0, "roadbed_ft": 0.0, "median_ft": 0.0, "left_sw_ft": 15.0, "right_sw_ft": 15.0}, "geometry": {"type": "LineString", "coordinates": [[-73.96139310116273, 40.72752485029351], [-73.96133613960308, 40.727198342592274]]}}, {"type": "Feature", "properties": {"segment_id": 1294759, "physicalid": "88495", "street_name": "OAK ST", "borough": "brooklyn", "direction": "TW", "total_row_ft": 30.0, "roadbed_ft": 0.0, "median_ft": 0.0, "left_sw_ft": 15.0, "right_sw_ft": 15.0}, "geometry": {"type": "LineString", "coordinates": [[-73.9613215695684, 40.727532072596524], [-73.96126460835305, 40.72720556486023]]}}, {"type": "Feature", "properties": {"segment_id": 1294760, "physicalid": "88495", "street_name": "OAK ST", "borough": "brooklyn", "direction": "TW", "total_row_ft": 30.0, "roadbed_ft": 0.0, "median_ft": 0.0, "left_sw_ft": 15.0, "right_sw_ft": 15.0}, "geometry": {"type": "LineString", "coordinates": [[-73.96125003795856, 40.72753929485512], [-73.96119307708751, 40.727212787083744]]}}, {"type": "Feature", "properties": {"segment_id": 1294761, "physicalid": "88495", "street_name": "OAK ST", "borough": "brooklyn", "direction": "TW", "total_row_ft": 30.0, "roadbed_ft": 0.0, "median_ft": 0.0, "left_sw_ft": 15.0, "right_sw_ft": 15.0}, "geometry": {"type": "LineString", "coordinates": [[-73.96117850633323, 40.72754651706927], [-73.96112154580648, 40.7272200092628]]}}, {"type": "Feature", "properties": {"segment_id": 1294762, "physicalid": "88495", "street_name": "OAK ST", "borough": "brooklyn", "direction": "TW", "total_row_ft": 30.0, "roadbed_ft": 0.0, "median_ft": 0.0, "left_sw_ft": 15.0, "right_sw_ft": 15.0}, "geometry": {"type": "LineString", "coordinates": [[-73.96110697469238, 40.72755373923895], [-73.96105001450992, 40.727227231397436]]}}, {"type": "Feature", "properties": {"segment_id": 1294763, "physicalid": "88495", "street_name": "OAK ST", "borough": "brooklyn", "direction": "TW", "total_row_ft": 30.0, "roadbed_ft": 0.0, "median_ft": 0.0, "left_sw_ft": 15.0, "right_sw_ft": 15.0}, "geometry": {"type": "LineString", "coordinates": [[-73.96103544303602, 40.72756096136419], [-73.96097848319789, 40.72723445348761]]}}, {"type": "Feature", "properties": {"segment_id": 1294764, "physicalid": "88495", "street_name": "OAK ST", "borough": "brooklyn", "direction": "TW", "total_row_ft": 30.0, "roadbed_ft": 0.0, "median_ft": 0.0, "left_sw_ft": 15.0, "right_sw_ft": 15.0}, "geometry": {"type": "LineString", "coordinates": [[-73.96096391136419, 40.727568183444994], [-73.96090695187033, 40.72724167553336]]}}, {"type": "Feature", "properties": {"segment_id": 1294765, "physicalid": "88495", "street_name": "OAK ST", "borough": "brooklyn", "direction": "TW", "total_row_ft": 30.0, "roadbed_ft": 0.0, "median_ft": 0.0, "left_sw_ft": 15.0, "right_sw_ft": 15.0}, "geometry": {"type": "LineString", "coordinates": [[-73.96089237967682, 40.727575405481346], [-73.96083542052726, 40.72724889753464]]}}, {"type": "Feature", "properties": {"segment_id": 1294766, "physicalid": "88495", "street_name": "OAK ST", "borough": "brooklyn", "direction": "TW", "total_row_ft": 30.0, "roadbed_ft": 0.0, "median_ft": 0.0, "left_sw_ft": 15.0, "right_sw_ft": 15.0}, "geometry": {"type": "LineString", "coordinates": [[-73.96082084797398, 40.72758262747326], [-73.9607638891687, 40.72725611949151]]}}, {"type": "Feature", "properties": {"segment_id": 1294767, "physicalid": "88495", "street_name": "OAK ST", "borough": "brooklyn", "direction": "TW", "total_row_ft": 30.0, "roadbed_ft": 0.0, "median_ft": 0.0, "left_sw_ft": 15.0, "right_sw_ft": 15.0}, "geometry": {"type": "LineString", "coordinates": [[-73.9607493162556, 40.72758984942074], [-73.96069235779464, 40.72726334140391]]}}, {"type": "Feature", "properties": {"segment_id": 1294768, "physicalid": "88495", "street_name": "OAK ST", "borough": "brooklyn", "direction": "TW", "total_row_ft": 48.9, "roadbed_ft": 18.9, "median_ft": 0.0, "left_sw_ft": 15.0, "right_sw_ft": 15.0}, "geometry": {"type": "LineString", "coordinates": [[-73.96067778452175, 40.727597071323764], [-73.96062082640506, 40.727270563271865]]}}, {"type": "Feature", "properties": {"segment_id": 1294769, "physicalid": "88495", "street_name": "OAK ST", "borough": "brooklyn", "direction": "TW", "total_row_ft": 48.3, "roadbed_ft": 18.3, "median_ft": 0.0, "left_sw_ft": 15.0, "right_sw_ft": 15.0}, "geometry": {"type": "LineString", "coordinates": [[-73.96060625277237, 40.72760429318234], [-73.960549295, 40.727277785095374]]}}, {"type": "Feature", "properties": {"segment_id": 1294770, "physicalid": "88495", "street_name": "OAK ST", "borough": "brooklyn", "direction": "TW", "total_row_ft": 47.8, "roadbed_ft": 17.8, "median_ft": 0.0, "left_sw_ft": 15.0, "right_sw_ft": 15.0}, "geometry": {"type": "LineString", "coordinates": [[-73.96053472100749, 40.72761151499647], [-73.96047776357942, 40.72728500687446]]}}, {"type": "Feature", "properties": {"segment_id": 1294771, "physicalid": "88495", "street_name": "OAK ST", "borough": "brooklyn", "direction": "TW", "total_row_ft": 47.2, "roadbed_ft": 17.2, "median_ft": 0.0, "left_sw_ft": 15.0, "right_sw_ft": 15.0}, "geometry": {"type": "LineString", "coordinates": [[-73.9604631892271, 40.72761873676614], [-73.96040623214334, 40.72729222860907]]}}, {"type": "Feature", "properties": {"segment_id": 1294772, "physicalid": "88495", "street_name": "OAK ST", "borough": "brooklyn", "direction": "TW", "total_row_ft": 46.6, "roadbed_ft": 16.6, "median_ft": 0.0, "left_sw_ft": 15.0, "right_sw_ft": 15.0}, "geometry": {"type": "LineString", "coordinates": [[-73.96039165743122, 40.7276259584914], [-73.96033470069177, 40.72729945029926]]}}, {"type": "Feature", "properties": {"segment_id": 1294773, "physicalid": "88495", "street_name": "OAK ST", "borough": "brooklyn", "direction": "TW", "total_row_ft": 46.1, "roadbed_ft": 16.1, "median_ft": 0.0, "left_sw_ft": 15.0, "right_sw_ft": 15.0}, "geometry": {"type": "LineString", "coordinates": [[-73.96032012561982, 40.7276331801722], [-73.96026316922469, 40.727306671945]]}}, {"type": "Feature", "properties": {"segment_id": 1294774, "physicalid": "88495", "street_name": "OAK ST", "borough": "brooklyn", "direction": "TW", "total_row_ft": 45.5, "roadbed_ft": 15.5, "median_ft": 0.0, "left_sw_ft": 15.0, "right_sw_ft": 15.0}, "geometry": {"type": "LineString", "coordinates": [[-73.96024859379293, 40.72764040180856], [-73.96019163774208, 40.727313893546274]]}}, {"type": "Feature", "properties": {"segment_id": 1294775, "physicalid": "88495", "street_name": "OAK ST", "borough": "brooklyn", "direction": "TW", "total_row_ft": 45.0, "roadbed_ft": 15.0, "median_ft": 0.0, "left_sw_ft": 15.0, "right_sw_ft": 15.0}, "geometry": {"type": "LineString", "coordinates": [[-73.96017706195053, 40.727647623400465], [-73.960120106244, 40.72732111510314]]}}, {"type": "Feature", "properties": {"segment_id": 1294776, "physicalid": "88495", "street_name": "OAK ST", "borough": "brooklyn", "direction": "TW", "total_row_ft": 61.2, "roadbed_ft": 31.2, "median_ft": 0.0, "left_sw_ft": 15.0, "right_sw_ft": 15.0}, "geometry": {"type": "LineString", "coordinates": [[-73.96010553009263, 40.72765484494792], [-73.9600485747304, 40.72732833661555]]}}, {"type": "Feature", "properties": {"segment_id": 1294777, "physicalid": "88495", "street_name": "OAK ST", "borough": "brooklyn", "direction": "TW", "total_row_ft": 61.0, "roadbed_ft": 31.0, "median_ft": 0.0, "left_sw_ft": 15.0, "right_sw_ft": 15.0}, "geometry": {"type": "LineString", "coordinates": [[-73.96003399821923, 40.72766206645095], [-73.9599770432013, 40.72733555808351]]}}, {"type": "Feature", "properties": {"segment_id": 1295126, "physicalid": "88517", "street_name": "N 12 ST", "borough": "brooklyn", "direction": "TW", "total_row_ft": 30.0, "roadbed_ft": 0.0, "median_ft": 0.0, "left_sw_ft": 15.0, "right_sw_ft": 15.0}, "geometry": {"type": "LineString", "coordinates": [[-73.96148218339313, 40.72496315731197], [-73.96175307315242, 40.72470622824165]]}}, {"type": "Feature", "properties": {"segment_id": 1295127, "physicalid": "88517", "street_name": "N 12 ST", "borough": "brooklyn", "direction": "TW", "total_row_ft": 52.9, "roadbed_ft": 31.9, "median_ft": 0.0, "left_sw_ft": 7.6, "right_sw_ft": 13.4}, "geometry": {"type": "LineString", "coordinates": [[-73.96148016850411, 40.72487733520115], [-73.9615996875163, 40.72476397595315]]}}, {"type": "Feature", "properties": {"segment_id": 1295128, "physicalid": "88517", "street_name": "N 12 ST", "borough": "brooklyn", "direction": "TW", "total_row_ft": 52.7, "roadbed_ft": 31.5, "median_ft": 0.0, "left_sw_ft": 8.2, "right_sw_ft": 13.0}, "geometry": {"type": "LineString", "coordinates": [[-73.96142423537492, 40.724842652395786], [-73.96154328711388, 40.72472973642813]]}}, {"type": "Feature", "properties": {"segment_id": 1295129, "physicalid": "88517", "street_name": "N 12 ST", "borough": "brooklyn", "direction": "TW", "total_row_ft": 52.5, "roadbed_ft": 31.0, "median_ft": 0.0, "left_sw_ft": 8.9, "right_sw_ft": 12.6}, "geometry": {"type": "LineString", "coordinates": [[-73.96136830230395, 40.724807969563074], [-73.96148688676944, 40.72469549687531]]}}, {"type": "Feature", "properties": {"segment_id": 1295130, "physicalid": "88517", "street_name": "N 12 ST", "borough": "brooklyn", "direction": "TW", "total_row_ft": 52.3, "roadbed_ft": 30.6, "median_ft": 0.0, "left_sw_ft": 9.5, "right_sw_ft": 12.2}, "geometry": {"type": "LineString", "coordinates": [[-73.96131236929119, 40.72477328670305], [-73.96143048648293, 40.7246612572947]]}}, {"type": "Feature", "properties": {"segment_id": 1295131, "physicalid": "88517", "street_name": "N 12 ST", "borough": "brooklyn", "direction": "TW", "total_row_ft": 52.1, "roadbed_ft": 30.5, "median_ft": 0.0, "left_sw_ft": 9.8, "right_sw_ft": 11.8}, "geometry": {"type": "LineString", "coordinates": [[-73.96125643633665, 40.72473860381568], [-73.96137408625437, 40.724627017686316]]}}, {"type": "Feature", "properties": {"segment_id": 1295132, "physicalid": "88517", "street_name": "N 12 ST", "borough": "brooklyn", "direction": "TW", "total_row_ft": 51.8, "roadbed_ft": 30.4, "median_ft": 0.0, "left_sw_ft": 9.9, "right_sw_ft": 11.5}, "geometry": {"type": "LineString", "coordinates": [[-73.9612007427172, 40.72470369395736], [-73.96131768608379, 40.724592778050145]]}}, {"type": "Feature", "properties": {"segment_id": 1295133, "physicalid": "88517", "street_name": "N 12 ST", "borough": "brooklyn", "direction": "TW", "total_row_ft": 51.4, "roadbed_ft": 30.2, "median_ft": 0.0, "left_sw_ft": 9.9, "right_sw_ft": 11.3}, "geometry": {"type": "LineString", "coordinates": [[-73.96114521813996, 40.72466862379824], [-73.96126119798838, 40.72455862183428]]}}, {"type": "Feature", "properties": {"segment_id": 1295134, "physicalid": "88517", "street_name": "N 12 ST", "borough": "brooklyn", "direction": "TW", "total_row_ft": 50.8, "roadbed_ft": 30.1, "median_ft": 0.0, "left_sw_ft": 9.8, "right_sw_ft": 10.8}, "geometry": {"type": "LineString", "coordinates": [[-73.96108969365658, 40.724633553578606], [-73.96120430749428, 40.724524847304075]]}}, {"type": "Feature", "properties": {"segment_id": 1295135, "physicalid": "88517", "street_name": "N 12 ST", "borough": "brooklyn", "direction": "TW", "total_row_ft": 50.2, "roadbed_ft": 30.1, "median_ft": 0.0, "left_sw_ft": 9.7, "right_sw_ft": 10.4}, "geometry": {"type": "LineString", "coordinates": [[-73.96103416977218, 40.72459848281933], [-73.96114743771807, 40.72449105315024]]}}, {"type": "Feature", "properties": {"segment_id": 1295136, "physicalid": "88517", "street_name": "N 12 ST", "borough": "brooklyn", "direction": "TW", "total_row_ft": 50.1, "roadbed_ft": 30.0, "median_ft": 0.0, "left_sw_ft": 9.6, "right_sw_ft": 10.5}, "geometry": {"type": "LineString", "coordinates": [[-73.96097849428091, 40.724563555880565], [-73.96109163943495, 40.72445624275743]]}}, {"type": "Feature", "properties": {"segment_id": 1295137, "physicalid": "88517", "street_name": "N 12 ST", "borough": "brooklyn", "direction": "TW", "total_row_ft": 50.2, "roadbed_ft": 30.0, "median_ft": 0.0, "left_sw_ft": 9.6, "right_sw_ft": 10.5}, "geometry": {"type": "LineString", "coordinates": [[-73.9609226297768, 40.72452880823978], [-73.96103584138702, 40.724421432169585]]}}, {"type": "Feature", "properties": {"segment_id": 1295138, "physicalid": "88517", "street_name": "N 12 ST", "borough": "brooklyn", "direction": "TW", "total_row_ft": 50.2, "roadbed_ft": 30.0, "median_ft": 0.0, "left_sw_ft": 9.6, "right_sw_ft": 10.6}, "geometry": {"type": "LineString", "coordinates": [[-73.96086676533092, 40.724494060571764], [-73.96098004357603, 40.72438662138515]]}}, {"type": "Feature", "properties": {"segment_id": 1295139, "physicalid": "88517", "street_name": "N 12 ST", "borough": "brooklyn", "direction": "TW", "total_row_ft": 50.2, "roadbed_ft": 30.0, "median_ft": 0.0, "left_sw_ft": 9.6, "right_sw_ft": 10.6}, "geometry": {"type": "LineString", "coordinates": [[-73.96081090094333, 40.724459312876455], [-73.9609242458233, 40.72435181057346]]}}, {"type": "Feature", "properties": {"segment_id": 1295140, "physicalid": "88517", "street_name": "N 12 ST", "borough": "brooklyn", "direction": "TW", "total_row_ft": 50.2, "roadbed_ft": 30.0, "median_ft": 0.0, "left_sw_ft": 9.6, "right_sw_ft": 10.6}, "geometry": {"type": "LineString", "coordinates": [[-73.96075503661396, 40.72442456515389], [-73.96086844812889, 40.72431699973461]]}}, {"type": "Feature", "properties": {"segment_id": 1295141, "physicalid": "88517", "street_name": "N 12 ST", "borough": "brooklyn", "direction": "TW", "total_row_ft": 50.2, "roadbed_ft": 30.1, "median_ft": 0.0, "left_sw_ft": 9.6, "right_sw_ft": 10.4}, "geometry": {"type": "LineString", "coordinates": [[-73.96069917234284, 40.72438981740404], [-73.9608124061931, 40.724282420575456]]}}, {"type": "Feature", "properties": {"segment_id": 1295142, "physicalid": "88517", "street_name": "N 12 ST", "borough": "brooklyn", "direction": "TW", "total_row_ft": 50.1, "roadbed_ft": 30.1, "median_ft": 0.0, "left_sw_ft": 9.6, "right_sw_ft": 10.3}, "geometry": {"type": "LineString", "coordinates": [[-73.96064330813002, 40.72435506962693], [-73.96075631904047, 40.72424788433003]]}}, {"type": "Feature", "properties": {"segment_id": 1295143, "physicalid": "88517", "street_name": "N 12 ST", "borough": "brooklyn", "direction": "TW", "total_row_ft": 50.0, "roadbed_ft": 30.2, "median_ft": 0.0, "left_sw_ft": 9.6, "right_sw_ft": 10.1}, "geometry": {"type": "LineString", "coordinates": [[-73.96058744397541, 40.72432032182257], [-73.96070023194598, 40.72421334805718]]}}, {"type": "Feature", "properties": {"segment_id": 1295144, "physicalid": "88517", "street_name": "N 12 ST", "borough": "brooklyn", "direction": "TW", "total_row_ft": 49.9, "roadbed_ft": 30.3, "median_ft": 0.0, "left_sw_ft": 9.7, "right_sw_ft": 9.9}, "geometry": {"type": "LineString", "coordinates": [[-73.96053157987907, 40.724285573990905], [-73.96064414490962, 40.72417881175677]]}}, {"type": "Feature", "properties": {"segment_id": 1295145, "physicalid": "88517", "street_name": "N 12 ST", "borough": "brooklyn", "direction": "TW", "total_row_ft": 49.8, "roadbed_ft": 30.3, "median_ft": 0.0, "left_sw_ft": 9.7, "right_sw_ft": 9.8}, "geometry": {"type": "LineString", "coordinates": [[-73.96047571584101, 40.724250826132014], [-73.96058805793139, 40.724144275428934]]}}, {"type": "Feature", "properties": {"segment_id": 1295146, "physicalid": "88517", "street_name": "N 12 ST", "borough": "brooklyn", "direction": "TW", "total_row_ft": 49.7, "roadbed_ft": 30.4, "median_ft": 0.0, "left_sw_ft": 9.7, "right_sw_ft": 9.7}, "geometry": {"type": "LineString", "coordinates": [[-73.96041985186119, 40.72421607824583], [-73.9605321423477, 40.72410957656959]]}}, {"type": "Feature", "properties": {"segment_id": 1295147, "physicalid": "88517", "street_name": "N 12 ST", "borough": "brooklyn", "direction": "TW", "total_row_ft": 49.7, "roadbed_ft": 30.5, "median_ft": 0.0, "left_sw_ft": 9.7, "right_sw_ft": 9.6}, "geometry": {"type": "LineString", "coordinates": [[-73.9603639879396, 40.724181330332364], [-73.96047624705066, 40.72407485849732]]}}, {"type": "Feature", "properties": {"segment_id": 1295148, "physicalid": "88517", "street_name": "N 12 ST", "borough": "brooklyn", "direction": "TW", "total_row_ft": 49.7, "roadbed_ft": 30.5, "median_ft": 0.0, "left_sw_ft": 9.7, "right_sw_ft": 9.5}, "geometry": {"type": "LineString", "coordinates": [[-73.9603081240763, 40.724146582391676], [-73.96042035181182, 40.72404014039774]]}}, {"type": "Feature", "properties": {"segment_id": 1295149, "physicalid": "88517", "street_name": "N 12 ST", "borough": "brooklyn", "direction": "TW", "total_row_ft": 49.7, "roadbed_ft": 30.6, "median_ft": 0.0, "left_sw_ft": 9.7, "right_sw_ft": 9.4}, "geometry": {"type": "LineString", "coordinates": [[-73.96025226027125, 40.72411183442369], [-73.96036445663125, 40.72400542227087]]}}, {"type": "Feature", "properties": {"segment_id": 1295150, "physicalid": "88517", "street_name": "N 12 ST", "borough": "brooklyn", "direction": "TW", "total_row_ft": 49.7, "roadbed_ft": 30.6, "median_ft": 0.0, "left_sw_ft": 9.7, "right_sw_ft": 9.3}, "geometry": {"type": "LineString", "coordinates": [[-73.96019643093169, 40.724077053795085], [-73.96030856150891, 40.723970704116724]]}}, {"type": "Feature", "properties": {"segment_id": 1295151, "physicalid": "88517", "street_name": "N 12 ST", "borough": "brooklyn", "direction": "TW", "total_row_ft": 49.1, "roadbed_ft": 30.7, "median_ft": 0.0, "left_sw_ft": 9.1, "right_sw_ft": 9.4}, "geometry": {"type": "LineString", "coordinates": [[-73.96014200791313, 40.72404093938036], [-73.96025293034053, 40.72393573564433]]}}, {"type": "Feature", "properties": {"segment_id": 1295152, "physicalid": "88517", "street_name": "N 12 ST", "borough": "brooklyn", "direction": "TW", "total_row_ft": 48.6, "roadbed_ft": 30.7, "median_ft": 0.0, "left_sw_ft": 8.5, "right_sw_ft": 9.4}, "geometry": {"type": "LineString", "coordinates": [[-73.96008758495356, 40.72400482493973], [-73.96019732987708, 40.723900738078335]]}}, {"type": "Feature", "properties": {"segment_id": 1295153, "physicalid": "88517", "street_name": "N 12 ST", "borough": "brooklyn", "direction": "TW", "total_row_ft": 48.1, "roadbed_ft": 30.8, "median_ft": 0.0, "left_sw_ft": 7.9, "right_sw_ft": 9.5}, "geometry": {"type": "LineString", "coordinates": [[-73.96003316200209, 40.72396871052144], [-73.96014172947204, 40.72386574048535]]}}, {"type": "Feature", "properties": {"segment_id": 1295154, "physicalid": "88517", "street_name": "N 12 ST", "borough": "brooklyn", "direction": "TW", "total_row_ft": 47.6, "roadbed_ft": 30.7, "median_ft": 0.0, "left_sw_ft": 7.4, "right_sw_ft": 9.5}, "geometry": {"type": "LineString", "coordinates": [[-73.95997873912725, 40.72393259606055], [-73.96008612912537, 40.72383074286531]]}}, {"type": "Feature", "properties": {"segment_id": 1378904, "physicalid": "93805", "street_name": "N 6 ST", "borough": "brooklyn", "direction": "TW", "total_row_ft": 111.8, "roadbed_ft": 84.9, "median_ft": 0.0, "left_sw_ft": 15.0, "right_sw_ft": 11.8}, "geometry": {"type": "LineString", "coordinates": [[-73.96308735238023, 40.720479105761605], [-73.96331145577388, 40.720275407871895]]}}, {"type": "Feature", "properties": {"segment_id": 1378905, "physicalid": "93805", "street_name": "N 6 ST", "borough": "brooklyn", "direction": "TW", "total_row_ft": 60.1, "roadbed_ft": 36.6, "median_ft": 0.0, "left_sw_ft": 12.1, "right_sw_ft": 11.4}, "geometry": {"type": "LineString", "coordinates": [[-73.96311528371594, 40.720368193567104], [-73.96325449809783, 40.72024165511153]]}}, {"type": "Feature", "properties": {"segment_id": 1378906, "physicalid": "93805", "street_name": "N 6 ST", "borough": "brooklyn", "direction": "TW", "total_row_ft": 58.6, "roadbed_ft": 36.6, "median_ft": 0.0, "left_sw_ft": 11.1, "right_sw_ft": 10.9}, "geometry": {"type": "LineString", "coordinates": [[-73.96306184581749, 40.72033124144865], [-73.96319754047947, 40.720207902322876]]}}, {"type": "Feature", "properties": {"segment_id": 1378907, "physicalid": "93805", "street_name": "N 6 ST", "borough": "brooklyn", "direction": "TW", "total_row_ft": 58.2, "roadbed_ft": 36.6, "median_ft": 0.0, "left_sw_ft": 10.7, "right_sw_ft": 11.0}, "geometry": {"type": "LineString", "coordinates": [[-73.96300687842555, 40.720295679581675], [-73.96314168976747, 40.72017314343842]]}}, {"type": "Feature", "properties": {"segment_id": 1378908, "physicalid": "93805", "street_name": "N 6 ST", "borough": "brooklyn", "direction": "TW", "total_row_ft": 58.2, "roadbed_ft": 36.5, "median_ft": 0.0, "left_sw_ft": 10.7, "right_sw_ft": 11.0}, "geometry": {"type": "LineString", "coordinates": [[-73.9629511928091, 40.72026077056633], [-73.9630858991646, 40.7201383299437]]}}, {"type": "Feature", "properties": {"segment_id": 1378909, "physicalid": "93805", "street_name": "N 6 ST", "borough": "brooklyn", "direction": "TW", "total_row_ft": 58.1, "roadbed_ft": 36.5, "median_ft": 0.0, "left_sw_ft": 10.6, "right_sw_ft": 11.1}, "geometry": {"type": "LineString", "coordinates": [[-73.9628955070584, 40.720225861698935], [-73.96303010863151, 40.72010351641126]]}}, {"type": "Feature", "properties": {"segment_id": 1378910, "physicalid": "93805", "street_name": "N 6 ST", "borough": "brooklyn", "direction": "TW", "total_row_ft": 59.1, "roadbed_ft": 36.5, "median_ft": 0.0, "left_sw_ft": 10.5, "right_sw_ft": 12.1}, "geometry": {"type": "LineString", "coordinates": [[-73.96283982130264, 40.72019095286206], [-73.96297665989515, 40.7200665743389]]}}, {"type": "Feature", "properties": {"segment_id": 1378911, "physicalid": "93805", "street_name": "N 6 ST", "borough": "brooklyn", "direction": "TW", "total_row_ft": 59.0, "roadbed_ft": 36.5, "median_ft": 0.0, "left_sw_ft": 10.4, "right_sw_ft": 12.2}, "geometry": {"type": "LineString", "coordinates": [[-73.96278413555642, 40.72015604404242], [-73.96292086933407, 40.72003176088512]]}}, {"type": "Feature", "properties": {"segment_id": 1378912, "physicalid": "93805", "street_name": "N 6 ST", "borough": "brooklyn", "direction": "TW", "total_row_ft": 59.0, "roadbed_ft": 36.4, "median_ft": 0.0, "left_sw_ft": 10.3, "right_sw_ft": 12.2}, "geometry": {"type": "LineString", "coordinates": [[-73.96272844986856, 40.72012113519573], [-73.96286507883129, 40.71999694740412]]}}, {"type": "Feature", "properties": {"segment_id": 1378913, "physicalid": "93805", "street_name": "N 6 ST", "borough": "brooklyn", "direction": "TW", "total_row_ft": 59.0, "roadbed_ft": 36.4, "median_ft": 0.0, "left_sw_ft": 10.3, "right_sw_ft": 12.3}, "geometry": {"type": "LineString", "coordinates": [[-73.96267276423899, 40.72008622632189], [-73.96280928838681, 40.71996213389595]]}}, {"type": "Feature", "properties": {"segment_id": 1668584, "physicalid": "168346", "street_name": "N 7 ST", "borough": "brooklyn", "direction": "TW", "total_row_ft": 98.9, "roadbed_ft": 74.0, "median_ft": 0.0, "left_sw_ft": 15.0, "right_sw_ft": 9.9}, "geometry": {"type": "LineString", "coordinates": [[-73.9627126816439, 40.7207466156837], [-73.9625213899454, 40.72092500559517]]}}, {"type": "Feature", "properties": {"segment_id": 1668585, "physicalid": "168346", "street_name": "N 7 ST", "borough": "brooklyn", "direction": "TW", "total_row_ft": 56.8, "roadbed_ft": 34.7, "median_ft": 0.0, "left_sw_ft": 12.2, "right_sw_ft": 10.0}, "geometry": {"type": "LineString", "coordinates": [[-73.96270660130286, 40.7208391237804], [-73.96257702047112, 40.72095996490587]]}}, {"type": "Feature", "properties": {"segment_id": 1668586, "physicalid": "168346", "street_name": "N 7 ST", "borough": "brooklyn", "direction": "TW", "total_row_ft": 80.0, "roadbed_ft": 34.9, "median_ft": 0.0, "left_sw_ft": 35.0, "right_sw_ft": 10.0}, "geometry": {"type": "LineString", "coordinates": [[-73.96281532384862, 40.72082457164185], [-73.96263293866662, 40.720994655976824]]}}, {"type": "Feature", "properties": {"segment_id": 1668587, "physicalid": "168346", "street_name": "N 7 ST", "borough": "brooklyn", "direction": "TW", "total_row_ft": 73.0, "roadbed_ft": 35.0, "median_ft": 0.0, "left_sw_ft": 28.0, "right_sw_ft": 10.0}, "geometry": {"type": "LineString", "coordinates": [[-73.96288039950298, 40.72085072273001], [-73.96268897846387, 40.72102923367462]]}}, {"type": "Feature", "properties": {"segment_id": 1668588, "physicalid": "168346", "street_name": "N 7 ST", "borough": "brooklyn", "direction": "TW", "total_row_ft": 58.9, "roadbed_ft": 35.1, "median_ft": 0.0, "left_sw_ft": 13.8, "right_sw_ft": 10.0}, "geometry": {"type": "LineString", "coordinates": [[-73.96287940625068, 40.72093848703443], [-73.9627450183193, 40.72106381134495]]}}, {"type": "Feature", "properties": {"segment_id": 1668589, "physicalid": "168346", "street_name": "N 7 ST", "borough": "brooklyn", "direction": "TW", "total_row_ft": 59.0, "roadbed_ft": 35.1, "median_ft": 0.0, "left_sw_ft": 13.8, "right_sw_ft": 10.1}, "geometry": {"type": "LineString", "coordinates": [[-73.96293559403945, 40.720972926676886], [-73.96280105823287, 40.721098388987855]]}}, {"type": "Feature", "properties": {"segment_id": 1668590, "physicalid": "168346", "street_name": "N 7 ST", "borough": "brooklyn", "direction": "TW", "total_row_ft": 59.1, "roadbed_ft": 35.3, "median_ft": 0.0, "left_sw_ft": 13.8, "right_sw_ft": 9.9}, "geometry": {"type": "LineString", "coordinates": [[-73.96299178188627, 40.72100736629172], [-73.96285709820461, 40.72113296660332]]}}, {"type": "Feature", "properties": {"segment_id": 1668591, "physicalid": "168346", "street_name": "N 7 ST", "borough": "brooklyn", "direction": "TW", "total_row_ft": 59.1, "roadbed_ft": 36.3, "median_ft": 0.0, "left_sw_ft": 13.3, "right_sw_ft": 9.6}, "geometry": {"type": "LineString", "coordinates": [[-73.96304796979119, 40.721041805878976], [-73.96291313823447, 40.72116754419137]]}}, {"type": "Feature", "properties": {"segment_id": 1668592, "physicalid": "168346", "street_name": "N 7 ST", "borough": "brooklyn", "direction": "TW", "total_row_ft": 59.2, "roadbed_ft": 36.7, "median_ft": 0.0, "left_sw_ft": 13.3, "right_sw_ft": 9.2}, "geometry": {"type": "LineString", "coordinates": [[-73.96310415775417, 40.72107624543866], [-73.9629691783225, 40.72120212175196]]}}, {"type": "Feature", "properties": {"segment_id": 1668593, "physicalid": "168346", "street_name": "N 7 ST", "borough": "brooklyn", "direction": "TW", "total_row_ft": 59.3, "roadbed_ft": 37.0, "median_ft": 0.0, "left_sw_ft": 13.5, "right_sw_ft": 8.8}, "geometry": {"type": "LineString", "coordinates": [[-73.96316034577524, 40.72111068497076], [-73.96302521846866, 40.721236699285114]]}}, {"type": "Feature", "properties": {"segment_id": 1668594, "physicalid": "168346", "street_name": "N 7 ST", "borough": "brooklyn", "direction": "TW", "total_row_ft": 59.3, "roadbed_ft": 37.2, "median_ft": 0.0, "left_sw_ft": 13.7, "right_sw_ft": 8.4}, "geometry": {"type": "LineString", "coordinates": [[-73.96321653385435, 40.721145124475285], [-73.96308125867299, 40.721271276790816]]}}, {"type": "Feature", "properties": {"segment_id": 1711331, "physicalid": "180117", "street_name": "N 10 ST", "borough": "brooklyn", "direction": "TW", "total_row_ft": 16.5, "roadbed_ft": 0.0, "median_ft": 0.0, "left_sw_ft": 15.0, "right_sw_ft": 1.5}, "geometry": {"type": "LineString", "coordinates": [[-73.96184231268826, 40.723388152687704], [-73.96211785340901, 40.723134106359396]]}}, {"type": "Feature", "properties": {"segment_id": 1711332, "physicalid": "180117", "street_name": "N 10 ST", "borough": "brooklyn", "direction": "TW", "total_row_ft": 15.8, "roadbed_ft": 0.0, "median_ft": 0.0, "left_sw_ft": 15.0, "right_sw_ft": 0.8}, "geometry": {"type": "LineString", "coordinates": [[-73.961786659586, 40.72335321389786], [-73.96206220037443, 40.72309916770152]]}}, {"type": "Feature", "properties": {"segment_id": 1711333, "physicalid": "180117", "street_name": "N 10 ST", "borough": "brooklyn", "direction": "TW", "total_row_ft": 30.0, "roadbed_ft": 0.0, "median_ft": 0.0, "left_sw_ft": 15.0, "right_sw_ft": 15.0}, "geometry": {"type": "LineString", "coordinates": [[-73.96173100654208, 40.72331827508092], [-73.96200654739823, 40.72306422901659]]}}, {"type": "Feature", "properties": {"segment_id": 1711334, "physicalid": "180117", "street_name": "N 10 ST", "borough": "brooklyn", "direction": "TW", "total_row_ft": 30.0, "roadbed_ft": 0.0, "median_ft": 0.0, "left_sw_ft": 15.0, "right_sw_ft": 15.0}, "geometry": {"type": "LineString", "coordinates": [[-73.96167535355653, 40.72328333623694], [-73.96195089448037, 40.723029290304595]]}}, {"type": "Feature", "properties": {"segment_id": 1711335, "physicalid": "180117", "street_name": "N 10 ST", "borough": "brooklyn", "direction": "TW", "total_row_ft": 16.3, "roadbed_ft": 0.0, "median_ft": 0.0, "left_sw_ft": 15.0, "right_sw_ft": 1.3}, "geometry": {"type": "LineString", "coordinates": [[-73.96161970062933, 40.7232483973659], [-73.96189524162085, 40.72299435156552]]}}, {"type": "Feature", "properties": {"segment_id": 1711336, "physicalid": "180117", "street_name": "N 10 ST", "borough": "brooklyn", "direction": "TW", "total_row_ft": 21.9, "roadbed_ft": 0.0, "median_ft": 0.0, "left_sw_ft": 15.0, "right_sw_ft": 6.9}, "geometry": {"type": "LineString", "coordinates": [[-73.96156404776048, 40.72321345846777], [-73.9618395888197, 40.72295941279939]]}}, {"type": "Feature", "properties": {"segment_id": 1711337, "physicalid": "180117", "street_name": "N 10 ST", "borough": "brooklyn", "direction": "TW", "total_row_ft": 30.5, "roadbed_ft": 0.0, "median_ft": 0.0, "left_sw_ft": 15.0, "right_sw_ft": 15.5}, "geometry": {"type": "LineString", "coordinates": [[-73.96150839494997, 40.723178519542586], [-73.9617839360769, 40.722924474006184]]}}, {"type": "Feature", "properties": {"segment_id": 1711338, "physicalid": "180117", "street_name": "N 10 ST", "borough": "brooklyn", "direction": "TW", "total_row_ft": 21.8, "roadbed_ft": 0.0, "median_ft": 0.0, "left_sw_ft": 15.0, "right_sw_ft": 6.8}, "geometry": {"type": "LineString", "coordinates": [[-73.96145274219784, 40.72314358059034], [-73.96172828339243, 40.72288953518591]]}}, {"type": "Feature", "properties": {"segment_id": 1711339, "physicalid": "180117", "street_name": "N 10 ST", "borough": "brooklyn", "direction": "TW", "total_row_ft": 20.9, "roadbed_ft": 0.0, "median_ft": 0.0, "left_sw_ft": 15.0, "right_sw_ft": 5.9}, "geometry": {"type": "LineString", "coordinates": [[-73.96139708950405, 40.72310864161102], [-73.9616363486295, 40.72288804812107]]}}, {"type": "Feature", "properties": {"segment_id": 1711340, "physicalid": "180117", "street_name": "N 10 ST", "borough": "brooklyn", "direction": "TW", "total_row_ft": 30.0, "roadbed_ft": 0.0, "median_ft": 0.0, "left_sw_ft": 15.0, "right_sw_ft": 15.0}, "geometry": {"type": "LineString", "coordinates": [[-73.96134143686861, 40.723073702604644], [-73.96161697819859, 40.722819657464186]]}}, {"type": "Feature", "properties": {"segment_id": 1711341, "physicalid": "180117", "street_name": "N 10 ST", "borough": "brooklyn", "direction": "TW", "total_row_ft": 30.0, "roadbed_ft": 0.0, "median_ft": 0.0, "left_sw_ft": 15.0, "right_sw_ft": 15.0}, "geometry": {"type": "LineString", "coordinates": [[-73.96128578429152, 40.72303876357119], [-73.9615613256892, 40.72278471856273]]}}, {"type": "Feature", "properties": {"segment_id": 1711342, "physicalid": "180117", "street_name": "N 10 ST", "borough": "brooklyn", "direction": "TW", "total_row_ft": 30.0, "roadbed_ft": 0.0, "median_ft": 0.0, "left_sw_ft": 15.0, "right_sw_ft": 15.0}, "geometry": {"type": "LineString", "coordinates": [[-73.9612301317728, 40.723003824510684], [-73.96150567323815, 40.72274977963421]]}}, {"type": "Feature", "properties": {"segment_id": 1711343, "physicalid": "180117", "street_name": "N 10 ST", "borough": "brooklyn", "direction": "TW", "total_row_ft": 30.0, "roadbed_ft": 0.0, "median_ft": 0.0, "left_sw_ft": 15.0, "right_sw_ft": 15.0}, "geometry": {"type": "LineString", "coordinates": [[-73.9611744793124, 40.72296888542312], [-73.96145002084546, 40.7227148406786]]}}, {"type": "Feature", "properties": {"segment_id": 1711344, "physicalid": "180117", "street_name": "N 10 ST", "borough": "brooklyn", "direction": "TW", "total_row_ft": 30.0, "roadbed_ft": 0.0, "median_ft": 0.0, "left_sw_ft": 15.0, "right_sw_ft": 15.0}, "geometry": {"type": "LineString", "coordinates": [[-73.9611188269104, 40.722933946308466], [-73.96139436851112, 40.722679901695955]]}}, {"type": "Feature", "properties": {"segment_id": 1711345, "physicalid": "180117", "street_name": "N 10 ST", "borough": "brooklyn", "direction": "TW", "total_row_ft": 30.0, "roadbed_ft": 0.0, "median_ft": 0.0, "left_sw_ft": 15.0, "right_sw_ft": 15.0}, "geometry": {"type": "LineString", "coordinates": [[-73.96106317456672, 40.72289900716675], [-73.96133871623515, 40.72264496268623]]}}, {"type": "Feature", "properties": {"segment_id": 1711346, "physicalid": "180117", "street_name": "N 10 ST", "borough": "brooklyn", "direction": "TW", "total_row_ft": 30.0, "roadbed_ft": 0.0, "median_ft": 0.0, "left_sw_ft": 15.0, "right_sw_ft": 15.0}, "geometry": {"type": "LineString", "coordinates": [[-73.96100752228139, 40.722864067997996], [-73.96128306401751, 40.722610023649445]]}}, {"type": "Feature", "properties": {"segment_id": 1711347, "physicalid": "180117", "street_name": "N 10 ST", "borough": "brooklyn", "direction": "TW", "total_row_ft": 30.0, "roadbed_ft": 0.0, "median_ft": 0.0, "left_sw_ft": 15.0, "right_sw_ft": 15.0}, "geometry": {"type": "LineString", "coordinates": [[-73.96095187005443, 40.722829128802175], [-73.96122741185822, 40.72257508458558]]}}, {"type": "Feature", "properties": {"segment_id": 1711348, "physicalid": "180117", "street_name": "N 10 ST", "borough": "brooklyn", "direction": "TW", "total_row_ft": 30.0, "roadbed_ft": 0.0, "median_ft": 0.0, "left_sw_ft": 15.0, "right_sw_ft": 15.0}, "geometry": {"type": "LineString", "coordinates": [[-73.9608962178858, 40.72279418957925], [-73.96117175975729, 40.72254014549469]]}}, {"type": "Feature", "properties": {"segment_id": 1711349, "physicalid": "180117", "street_name": "N 10 ST", "borough": "brooklyn", "direction": "TW", "total_row_ft": 30.0, "roadbed_ft": 0.0, "median_ft": 0.0, "left_sw_ft": 15.0, "right_sw_ft": 15.0}, "geometry": {"type": "LineString", "coordinates": [[-73.96084056577554, 40.72275925032927], [-73.96111610771472, 40.7225052063767]]}}, {"type": "Feature", "properties": {"segment_id": 1711350, "physicalid": "180117", "street_name": "N 10 ST", "borough": "brooklyn", "direction": "TW", "total_row_ft": 30.0, "roadbed_ft": 0.0, "median_ft": 0.0, "left_sw_ft": 15.0, "right_sw_ft": 15.0}, "geometry": {"type": "LineString", "coordinates": [[-73.96078491372363, 40.72272431105225], [-73.96106045573049, 40.72247026723166]]}}, {"type": "Feature", "properties": {"segment_id": 1711351, "physicalid": "180117", "street_name": "N 10 ST", "borough": "brooklyn", "direction": "TW", "total_row_ft": 30.0, "roadbed_ft": 0.0, "median_ft": 0.0, "left_sw_ft": 15.0, "right_sw_ft": 15.0}, "geometry": {"type": "LineString", "coordinates": [[-73.96072926173007, 40.72268937174817], [-73.96100480380461, 40.72243532805954]]}}, {"type": "Feature", "properties": {"segment_id": 1711352, "physicalid": "180117", "street_name": "N 10 ST", "borough": "brooklyn", "direction": "TW", "total_row_ft": 30.0, "roadbed_ft": 0.0, "median_ft": 0.0, "left_sw_ft": 15.0, "right_sw_ft": 15.0}, "geometry": {"type": "LineString", "coordinates": [[-73.96067360979487, 40.72265443241699], [-73.96094915193709, 40.72240038886036]]}}, {"type": "Feature", "properties": {"segment_id": 1711353, "physicalid": "180117", "street_name": "N 10 ST", "borough": "brooklyn", "direction": "TW", "total_row_ft": 30.0, "roadbed_ft": 0.0, "median_ft": 0.0, "left_sw_ft": 15.0, "right_sw_ft": 15.0}, "geometry": {"type": "LineString", "coordinates": [[-73.960617957918, 40.72261949305879], [-73.96089350012792, 40.72236544963412]]}}, {"type": "Feature", "properties": {"segment_id": 1711354, "physicalid": "180117", "street_name": "N 10 ST", "borough": "brooklyn", "direction": "TW", "total_row_ft": 30.0, "roadbed_ft": 0.0, "median_ft": 0.0, "left_sw_ft": 15.0, "right_sw_ft": 15.0}, "geometry": {"type": "LineString", "coordinates": [[-73.9605623060995, 40.72258455367348], [-73.96083784837711, 40.72233051038082]]}}, {"type": "Feature", "properties": {"segment_id": 1711355, "physicalid": "180117", "street_name": "N 10 ST", "borough": "brooklyn", "direction": "TW", "total_row_ft": 30.0, "roadbed_ft": 0.0, "median_ft": 0.0, "left_sw_ft": 15.0, "right_sw_ft": 15.0}, "geometry": {"type": "LineString", "coordinates": [[-73.96050665433937, 40.72254961426114], [-73.96078219668463, 40.72229557110046]]}}, {"type": "Feature", "properties": {"segment_id": 1711356, "physicalid": "180117", "street_name": "N 10 ST", "borough": "brooklyn", "direction": "TW", "total_row_ft": 30.0, "roadbed_ft": 0.0, "median_ft": 0.0, "left_sw_ft": 15.0, "right_sw_ft": 15.0}, "geometry": {"type": "LineString", "coordinates": [[-73.96045100263758, 40.72251467482172], [-73.9607265450505, 40.72226063179302]]}}, {"type": "Feature", "properties": {"segment_id": 1711357, "physicalid": "180117", "street_name": "N 10 ST", "borough": "brooklyn", "direction": "TW", "total_row_ft": 30.0, "roadbed_ft": 0.0, "median_ft": 0.0, "left_sw_ft": 15.0, "right_sw_ft": 15.0}, "geometry": {"type": "LineString", "coordinates": [[-73.96039535099412, 40.72247973535522], [-73.96067089347476, 40.72222569245853]]}}, {"type": "Feature", "properties": {"segment_id": 1711358, "physicalid": "180117", "street_name": "N 10 ST", "borough": "brooklyn", "direction": "TW", "total_row_ft": 30.0, "roadbed_ft": 0.0, "median_ft": 0.0, "left_sw_ft": 15.0, "right_sw_ft": 15.0}, "geometry": {"type": "LineString", "coordinates": [[-73.96033969940902, 40.72244479586168], [-73.96061524195734, 40.72219075309696]]}}, {"type": "Feature", "properties": {"segment_id": 1711359, "physicalid": "180117", "street_name": "N 10 ST", "borough": "brooklyn", "direction": "TW", "total_row_ft": 30.0, "roadbed_ft": 0.0, "median_ft": 0.0, "left_sw_ft": 15.0, "right_sw_ft": 15.0}, "geometry": {"type": "LineString", "coordinates": [[-73.96028404788228, 40.72240985634107], [-73.96055959049829, 40.72215581370833]]}}, {"type": "Feature", "properties": {"segment_id": 1711360, "physicalid": "180117", "street_name": "N 10 ST", "borough": "brooklyn", "direction": "TW", "total_row_ft": 30.0, "roadbed_ft": 0.0, "median_ft": 0.0, "left_sw_ft": 15.0, "right_sw_ft": 15.0}, "geometry": {"type": "LineString", "coordinates": [[-73.9602283964139, 40.722374916793406], [-73.96050393909756, 40.72212087429264]]}}, {"type": "Feature", "properties": {"segment_id": 1711361, "physicalid": "180117", "street_name": "N 10 ST", "borough": "brooklyn", "direction": "TW", "total_row_ft": 30.0, "roadbed_ft": 0.0, "median_ft": 0.0, "left_sw_ft": 15.0, "right_sw_ft": 15.0}, "geometry": {"type": "LineString", "coordinates": [[-73.96017274500386, 40.72233997721865], [-73.96044828775521, 40.722085934849886]]}}, {"type": "Feature", "properties": {"segment_id": 1711362, "physicalid": "180117", "street_name": "N 10 ST", "borough": "brooklyn", "direction": "TW", "total_row_ft": 30.0, "roadbed_ft": 0.0, "median_ft": 0.0, "left_sw_ft": 15.0, "right_sw_ft": 15.0}, "geometry": {"type": "LineString", "coordinates": [[-73.96011709365219, 40.72230503761686], [-73.96039263647121, 40.722050995380066]]}}, {"type": "Feature", "properties": {"segment_id": 1711363, "physicalid": "180117", "street_name": "N 10 ST", "borough": "brooklyn", "direction": "TW", "total_row_ft": 30.0, "roadbed_ft": 0.0, "median_ft": 0.0, "left_sw_ft": 15.0, "right_sw_ft": 15.0}, "geometry": {"type": "LineString", "coordinates": [[-73.96006144235884, 40.72227009798799], [-73.96033698524555, 40.722016055883195]]}}, {"type": "Feature", "properties": {"segment_id": 1711364, "physicalid": "180117", "street_name": "N 10 ST", "borough": "brooklyn", "direction": "TW", "total_row_ft": 30.0, "roadbed_ft": 0.0, "median_ft": 0.0, "left_sw_ft": 15.0, "right_sw_ft": 15.0}, "geometry": {"type": "LineString", "coordinates": [[-73.96000579112386, 40.72223515833203], [-73.96028133407825, 40.721981116359245]]}}, {"type": "Feature", "properties": {"segment_id": 1711365, "physicalid": "180117", "street_name": "N 10 ST", "borough": "brooklyn", "direction": "TW", "total_row_ft": 30.0, "roadbed_ft": 0.0, "median_ft": 0.0, "left_sw_ft": 15.0, "right_sw_ft": 15.0}, "geometry": {"type": "LineString", "coordinates": [[-73.95995013994724, 40.72220021864906], [-73.9602256829693, 40.72194617680824]]}}, {"type": "Feature", "properties": {"segment_id": 1711366, "physicalid": "180117", "street_name": "N 10 ST", "borough": "brooklyn", "direction": "TW", "total_row_ft": 30.0, "roadbed_ft": 0.0, "median_ft": 0.0, "left_sw_ft": 15.0, "right_sw_ft": 15.0}, "geometry": {"type": "LineString", "coordinates": [[-73.95989448882897, 40.722165278938995], [-73.9601700319187, 40.72191123723015]]}}, {"type": "Feature", "properties": {"segment_id": 1711367, "physicalid": "180118", "street_name": "N 11 ST", "borough": "brooklyn", "direction": "TW", "total_row_ft": 50.7, "roadbed_ft": 31.7, "median_ft": 0.0, "left_sw_ft": 7.3, "right_sw_ft": 11.7}, "geometry": {"type": "LineString", "coordinates": [[-73.961305955735, 40.72383555829174], [-73.96142183849582, 40.723727748073955]]}}, {"type": "Feature", "properties": {"segment_id": 1711368, "physicalid": "180118", "street_name": "N 11 ST", "borough": "brooklyn", "direction": "TW", "total_row_ft": 52.3, "roadbed_ft": 31.9, "median_ft": 0.0, "left_sw_ft": 7.3, "right_sw_ft": 13.0}, "geometry": {"type": "LineString", "coordinates": [[-73.96125012135514, 40.723800786956474], [-73.96136946070352, 40.72368976102025]]}}, {"type": "Feature", "properties": {"segment_id": 1711369, "physicalid": "180118", "street_name": "N 11 ST", "borough": "brooklyn", "direction": "TW", "total_row_ft": 53.8, "roadbed_ft": 32.1, "median_ft": 0.0, "left_sw_ft": 7.3, "right_sw_ft": 14.3}, "geometry": {"type": "LineString", "coordinates": [[-73.96119427037502, 40.723766031091955], [-73.96131708297092, 40.723651773942564]]}}, {"type": "Feature", "properties": {"segment_id": 1711370, "physicalid": "180118", "street_name": "N 11 ST", "borough": "brooklyn", "direction": "TW", "total_row_ft": 54.1, "roadbed_ft": 32.3, "median_ft": 0.0, "left_sw_ft": 7.3, "right_sw_ft": 14.4}, "geometry": {"type": "LineString", "coordinates": [[-73.96113841945316, 40.723731275200194], [-73.96126186833703, 40.72361642617595]]}}, {"type": "Feature", "properties": {"segment_id": 1711371, "physicalid": "180118", "street_name": "N 11 ST", "borough": "brooklyn", "direction": "TW", "total_row_ft": 54.0, "roadbed_ft": 32.5, "median_ft": 0.0, "left_sw_ft": 7.4, "right_sw_ft": 14.1}, "geometry": {"type": "LineString", "coordinates": [[-73.96108256858956, 40.72369651928117], [-73.96120586681528, 40.72358181050891]]}}, {"type": "Feature", "properties": {"segment_id": 1711372, "physicalid": "180118", "street_name": "N 11 ST", "borough": "brooklyn", "direction": "TW", "total_row_ft": 53.9, "roadbed_ft": 32.7, "median_ft": 0.0, "left_sw_ft": 7.4, "right_sw_ft": 13.8}, "geometry": {"type": "LineString", "coordinates": [[-73.96102671778421, 40.723661763334874], [-73.96114986535173, 40.72354719481447]]}}, {"type": "Feature", "properties": {"segment_id": 1711373, "physicalid": "180118", "street_name": "N 11 ST", "borough": "brooklyn", "direction": "TW", "total_row_ft": 54.0, "roadbed_ft": 32.4, "median_ft": 0.0, "left_sw_ft": 7.4, "right_sw_ft": 14.1}, "geometry": {"type": "LineString", "coordinates": [[-73.96097081910725, 40.72362705195205], [-73.96109409433274, 40.72351236475572]]}}, {"type": "Feature", "properties": {"segment_id": 1711374, "physicalid": "180118", "street_name": "N 11 ST", "borough": "brooklyn", "direction": "TW", "total_row_ft": 54.2, "roadbed_ft": 32.1, "median_ft": 0.0, "left_sw_ft": 7.6, "right_sw_ft": 14.4}, "geometry": {"type": "LineString", "coordinates": [[-73.96091471730331, 40.72359252957154], [-73.96103841381917, 40.72347745052358]]}}, {"type": "Feature", "properties": {"segment_id": 1711375, "physicalid": "180118", "street_name": "N 11 ST", "borough": "brooklyn", "direction": "TW", "total_row_ft": 54.3, "roadbed_ft": 31.9, "median_ft": 0.0, "left_sw_ft": 7.7, "right_sw_ft": 14.8}, "geometry": {"type": "LineString", "coordinates": [[-73.9608586155575, 40.72355800716354], [-73.96098273336396, 40.723442536264336]]}}, {"type": "Feature", "properties": {"segment_id": 1711376, "physicalid": "180118", "street_name": "N 11 ST", "borough": "brooklyn", "direction": "TW", "total_row_ft": 54.5, "roadbed_ft": 31.6, "median_ft": 0.0, "left_sw_ft": 7.8, "right_sw_ft": 15.1}, "geometry": {"type": "LineString", "coordinates": [[-73.96080251386981, 40.72352348472805], [-73.96092705296708, 40.723407621978026]]}}, {"type": "Feature", "properties": {"segment_id": 1711377, "physicalid": "180118", "street_name": "N 11 ST", "borough": "brooklyn", "direction": "TW", "total_row_ft": 54.7, "roadbed_ft": 31.3, "median_ft": 0.0, "left_sw_ft": 7.9, "right_sw_ft": 15.4}, "geometry": {"type": "LineString", "coordinates": [[-73.96074641224023, 40.72348896226504], [-73.96087137293951, 40.72337270737531]]}}, {"type": "Feature", "properties": {"segment_id": 1711378, "physicalid": "180118", "street_name": "N 11 ST", "borough": "brooklyn", "direction": "TW", "total_row_ft": 54.7, "roadbed_ft": 31.1, "median_ft": 0.0, "left_sw_ft": 8.0, "right_sw_ft": 15.6}, "geometry": {"type": "LineString", "coordinates": [[-73.96069031069102, 40.72345443975388], [-73.96081530409158, 40.7233381545322]]}}, {"type": "Feature", "properties": {"segment_id": 1711379, "physicalid": "180118", "street_name": "N 11 ST", "borough": "brooklyn", "direction": "TW", "total_row_ft": 54.6, "roadbed_ft": 31.1, "median_ft": 0.0, "left_sw_ft": 8.2, "right_sw_ft": 15.4}, "geometry": {"type": "LineString", "coordinates": [[-73.96063420923359, 40.72341991718388], [-73.96075898527727, 40.72330383426753]]}}, {"type": "Feature", "properties": {"segment_id": 1711380, "physicalid": "180118", "street_name": "N 11 ST", "borough": "brooklyn", "direction": "TW", "total_row_ft": 54.8, "roadbed_ft": 31.1, "median_ft": 0.0, "left_sw_ft": 8.3, "right_sw_ft": 15.4}, "geometry": {"type": "LineString", "coordinates": [[-73.96057810783427, 40.7233853945864], [-73.96070320814971, 40.72326901008083]]}}, {"type": "Feature", "properties": {"segment_id": 1711381, "physicalid": "180118", "street_name": "N 11 ST", "borough": "brooklyn", "direction": "TW", "total_row_ft": 54.9, "roadbed_ft": 31.1, "median_ft": 0.0, "left_sw_ft": 8.4, "right_sw_ft": 15.4}, "geometry": {"type": "LineString", "coordinates": [[-73.96052200649306, 40.723350871961415], [-73.96064743108046, 40.72323418586694]]}}, {"type": "Feature", "properties": {"segment_id": 1711382, "physicalid": "180118", "street_name": "N 11 ST", "borough": "brooklyn", "direction": "TW", "total_row_ft": 59.0, "roadbed_ft": 31.1, "median_ft": 0.0, "left_sw_ft": 12.5, "right_sw_ft": 15.5}, "geometry": {"type": "LineString", "coordinates": [[-73.96045690100831, 40.72332472614867], [-73.96059165406947, 40.72319936162586]]}}, {"type": "Feature", "properties": {"segment_id": 1711383, "physicalid": "180118", "street_name": "N 11 ST", "borough": "brooklyn", "direction": "TW", "total_row_ft": 59.1, "roadbed_ft": 31.0, "median_ft": 0.0, "left_sw_ft": 12.6, "right_sw_ft": 15.5}, "geometry": {"type": "LineString", "coordinates": [[-73.9604009140886, 40.72329009712114], [-73.96053587711678, 40.723164537357576]]}}, {"type": "Feature", "properties": {"segment_id": 1711384, "physicalid": "180118", "street_name": "N 11 ST", "borough": "brooklyn", "direction": "TW", "total_row_ft": 59.2, "roadbed_ft": 31.0, "median_ft": 0.0, "left_sw_ft": 12.7, "right_sw_ft": 15.5}, "geometry": {"type": "LineString", "coordinates": [[-73.96034492722708, 40.72325546806621], [-73.96048010021084, 40.723129713072844]]}}, {"type": "Feature", "properties": {"segment_id": 1711385, "physicalid": "180118", "street_name": "N 11 ST", "borough": "brooklyn", "direction": "TW", "total_row_ft": 59.3, "roadbed_ft": 30.9, "median_ft": 0.0, "left_sw_ft": 12.8, "right_sw_ft": 15.6}, "geometry": {"type": "LineString", "coordinates": [[-73.96028894041022, 40.723220838996475], [-73.96042432333249, 40.72309488878955]]}}, {"type": "Feature", "properties": {"segment_id": 1711386, "physicalid": "180118", "street_name": "N 11 ST", "borough": "brooklyn", "direction": "TW", "total_row_ft": 59.4, "roadbed_ft": 30.8, "median_ft": 0.0, "left_sw_ft": 12.9, "right_sw_ft": 15.6}, "geometry": {"type": "LineString", "coordinates": [[-73.96023295357415, 40.723186209971345], [-73.96036854651241, 40.72306006447905]]}}, {"type": "Feature", "properties": {"segment_id": 1711387, "physicalid": "180118", "street_name": "N 11 ST", "borough": "brooklyn", "direction": "TW", "total_row_ft": 59.5, "roadbed_ft": 30.8, "median_ft": 0.0, "left_sw_ft": 13.1, "right_sw_ft": 15.6}, "geometry": {"type": "LineString", "coordinates": [[-73.96017696671888, 40.723151580990844], [-73.96031276975063, 40.72302524014137]]}}, {"type": "Feature", "properties": {"segment_id": 1711388, "physicalid": "180118", "street_name": "N 11 ST", "borough": "brooklyn", "direction": "TW", "total_row_ft": 59.6, "roadbed_ft": 30.7, "median_ft": 0.0, "left_sw_ft": 13.2, "right_sw_ft": 15.6}, "geometry": {"type": "LineString", "coordinates": [[-73.96012097992177, 40.72311695198297], [-73.96025699304714, 40.7229904157765]]}}, {"type": "Feature", "properties": {"segment_id": 1711389, "physicalid": "180118", "street_name": "N 11 ST", "borough": "brooklyn", "direction": "TW", "total_row_ft": 59.6, "roadbed_ft": 30.5, "median_ft": 0.0, "left_sw_ft": 13.5, "right_sw_ft": 15.7}, "geometry": {"type": "LineString", "coordinates": [[-73.96006499318285, 40.723082322947675], [-73.96020121640196, 40.72295559138444]]}}, {"type": "Feature", "properties": {"segment_id": 1711390, "physicalid": "180118", "street_name": "N 11 ST", "borough": "brooklyn", "direction": "TW", "total_row_ft": 59.7, "roadbed_ft": 30.0, "median_ft": 0.0, "left_sw_ft": 14.0, "right_sw_ft": 15.7}, "geometry": {"type": "LineString", "coordinates": [[-73.96000900650212, 40.72304769388502], [-73.96014543981504, 40.7229207669652]]}}, {"type": "Feature", "properties": {"segment_id": 1711391, "physicalid": "180118", "street_name": "N 11 ST", "borough": "brooklyn", "direction": "TW", "total_row_ft": 59.8, "roadbed_ft": 29.5, "median_ft": 0.0, "left_sw_ft": 14.6, "right_sw_ft": 15.7}, "geometry": {"type": "LineString", "coordinates": [[-73.95995301988044, 40.72301306479416], [-73.96008966328641, 40.72288594251881]]}}, {"type": "Feature", "properties": {"segment_id": 1711403, "physicalid": "180121", "street_name": "N 9 ST", "borough": "brooklyn", "direction": "TW", "total_row_ft": 49.7, "roadbed_ft": 0.0, "median_ft": 0.0, "left_sw_ft": 40.4, "right_sw_ft": 9.3}, "geometry": {"type": "LineString", "coordinates": [[-73.96216439967723, 40.722587906980024], [-73.96227808717659, 40.7224824555238]]}}, {"type": "Feature", "properties": {"segment_id": 1711404, "physicalid": "180121", "street_name": "N 9 ST", "borough": "brooklyn", "direction": "TW", "total_row_ft": 17.7, "roadbed_ft": 0.0, "median_ft": 0.0, "left_sw_ft": 8.3, "right_sw_ft": 9.3}, "geometry": {"type": "LineString", "coordinates": [[-73.96218202932668, 40.72248499472014], [-73.96222250026281, 40.722447455661396]]}}, {"type": "Feature", "properties": {"segment_id": 1711405, "physicalid": "180121", "street_name": "N 9 ST", "borough": "brooklyn", "direction": "TW", "total_row_ft": 17.7, "roadbed_ft": 0.0, "median_ft": 0.0, "left_sw_ft": 8.3, "right_sw_ft": 9.4}, "geometry": {"type": "LineString", "coordinates": [[-73.96212632239856, 40.72245010617604], [-73.9621669134074, 40.72241245577197]]}}, {"type": "Feature", "properties": {"segment_id": 1711406, "physicalid": "180121", "street_name": "N 9 ST", "borough": "brooklyn", "direction": "TW", "total_row_ft": 17.8, "roadbed_ft": 0.0, "median_ft": 0.0, "left_sw_ft": 8.3, "right_sw_ft": 9.5}, "geometry": {"type": "LineString", "coordinates": [[-73.96207053998124, 40.72241528767919], [-73.96211132661038, 40.72237745585554]]}}, {"type": "Feature", "properties": {"segment_id": 1711407, "physicalid": "180121", "street_name": "N 9 ST", "borough": "brooklyn", "direction": "TW", "total_row_ft": 17.9, "roadbed_ft": 0.0, "median_ft": 0.0, "left_sw_ft": 8.3, "right_sw_ft": 9.6}, "geometry": {"type": "LineString", "coordinates": [[-73.96201474326216, 40.7223804824749], [-73.96205573987176, 40.722342455912134]]}}, {"type": "Feature", "properties": {"segment_id": 1711408, "physicalid": "180121", "street_name": "N 9 ST", "borough": "brooklyn", "direction": "TW", "total_row_ft": 18.0, "roadbed_ft": 0.0, "median_ft": 0.0, "left_sw_ft": 8.3, "right_sw_ft": 9.7}, "geometry": {"type": "LineString", "coordinates": [[-73.96195894660136, 40.72234567724339], [-73.96200015319151, 40.7223074559417]]}}, {"type": "Feature", "properties": {"segment_id": 1711409, "physicalid": "180121", "street_name": "N 9 ST", "borough": "brooklyn", "direction": "TW", "total_row_ft": 18.1, "roadbed_ft": 0.0, "median_ft": 0.0, "left_sw_ft": 8.3, "right_sw_ft": 9.8}, "geometry": {"type": "LineString", "coordinates": [[-73.96190314999882, 40.722310871984675], [-73.96194456656964, 40.72227245594426]]}}, {"type": "Feature", "properties": {"segment_id": 1711410, "physicalid": "180121", "street_name": "N 9 ST", "borough": "brooklyn", "direction": "TW", "total_row_ft": 18.2, "roadbed_ft": 0.0, "median_ft": 0.0, "left_sw_ft": 8.3, "right_sw_ft": 9.9}, "geometry": {"type": "LineString", "coordinates": [[-73.96184735345457, 40.722276066698754], [-73.96188898000618, 40.72223745591982]]}}, {"type": "Feature", "properties": {"segment_id": 1711411, "physicalid": "180121", "street_name": "N 9 ST", "borough": "brooklyn", "direction": "TW", "total_row_ft": 18.3, "roadbed_ft": 0.0, "median_ft": 0.0, "left_sw_ft": 8.3, "right_sw_ft": 10.0}, "geometry": {"type": "LineString", "coordinates": [[-73.96179155696859, 40.72224126138562], [-73.96183339350108, 40.722202455868405]]}}, {"type": "Feature", "properties": {"segment_id": 1711412, "physicalid": "180121", "street_name": "N 9 ST", "borough": "brooklyn", "direction": "TW", "total_row_ft": 18.4, "roadbed_ft": 0.0, "median_ft": 0.0, "left_sw_ft": 8.3, "right_sw_ft": 10.0}, "geometry": {"type": "LineString", "coordinates": [[-73.9617357605409, 40.72220645604529], [-73.96177777849316, 40.72216748228192]]}}, {"type": "Feature", "properties": {"segment_id": 1711413, "physicalid": "180121", "street_name": "N 9 ST", "borough": "brooklyn", "direction": "TW", "total_row_ft": 18.4, "roadbed_ft": 0.0, "median_ft": 0.0, "left_sw_ft": 8.3, "right_sw_ft": 10.1}, "geometry": {"type": "LineString", "coordinates": [[-73.96167996417151, 40.72217165067777], [-73.96172214119518, 40.72213252939772]]}}, {"type": "Feature", "properties": {"segment_id": 1711414, "physicalid": "180121", "street_name": "N 9 ST", "borough": "brooklyn", "direction": "TW", "total_row_ft": 18.5, "roadbed_ft": 0.0, "median_ft": 0.0, "left_sw_ft": 8.3, "right_sw_ft": 10.2}, "geometry": {"type": "LineString", "coordinates": [[-73.9616241633604, 40.722136849456966], [-73.96166650395557, 40.722097576486476]]}}, {"type": "Feature", "properties": {"segment_id": 1711415, "physicalid": "180121", "street_name": "N 9 ST", "borough": "brooklyn", "direction": "TW", "total_row_ft": 18.6, "roadbed_ft": 0.0, "median_ft": 0.0, "left_sw_ft": 8.4, "right_sw_ft": 10.2}, "geometry": {"type": "LineString", "coordinates": [[-73.96156835664583, 40.72210205373877], [-73.96161086677432, 40.72206262354817]]}}, {"type": "Feature", "properties": {"segment_id": 1711416, "physicalid": "180121", "street_name": "N 9 ST", "borough": "brooklyn", "direction": "TW", "total_row_ft": 18.7, "roadbed_ft": 0.0, "median_ft": 0.0, "left_sw_ft": 8.4, "right_sw_ft": 10.3}, "geometry": {"type": "LineString", "coordinates": [[-73.96151254998951, 40.722067257993366], [-73.96155522965144, 40.722027670582825]]}}, {"type": "Feature", "properties": {"segment_id": 1711417, "physicalid": "180121", "street_name": "N 9 ST", "borough": "brooklyn", "direction": "TW", "total_row_ft": 18.7, "roadbed_ft": 0.0, "median_ft": 0.0, "left_sw_ft": 8.4, "right_sw_ft": 10.4}, "geometry": {"type": "LineString", "coordinates": [[-73.9614567433385, 40.72203246226988], [-73.9614995925869, 40.7219927175904]]}}, {"type": "Feature", "properties": {"segment_id": 1711418, "physicalid": "180121", "street_name": "N 9 ST", "borough": "brooklyn", "direction": "TW", "total_row_ft": 18.8, "roadbed_ft": 0.0, "median_ft": 0.0, "left_sw_ft": 8.4, "right_sw_ft": 10.4}, "geometry": {"type": "LineString", "coordinates": [[-73.96140093676269, 40.72199766650348], [-73.96144395558073, 40.72195776457095]]}}, {"type": "Feature", "properties": {"segment_id": 1711419, "physicalid": "180121", "street_name": "N 9 ST", "borough": "brooklyn", "direction": "TW", "total_row_ft": 18.9, "roadbed_ft": 0.0, "median_ft": 0.0, "left_sw_ft": 8.4, "right_sw_ft": 10.5}, "geometry": {"type": "LineString", "coordinates": [[-73.96134513024515, 40.72196287070991], [-73.96138831863291, 40.721922811524436]]}}, {"type": "Feature", "properties": {"segment_id": 1711420, "physicalid": "180121", "street_name": "N 9 ST", "borough": "brooklyn", "direction": "TW", "total_row_ft": 19.0, "roadbed_ft": 0.0, "median_ft": 0.0, "left_sw_ft": 8.4, "right_sw_ft": 10.6}, "geometry": {"type": "LineString", "coordinates": [[-73.96128932378586, 40.72192807488908], [-73.96133268174347, 40.72188785845089]]}}, {"type": "Feature", "properties": {"segment_id": 1711421, "physicalid": "180121", "street_name": "N 9 ST", "borough": "brooklyn", "direction": "TW", "total_row_ft": 19.0, "roadbed_ft": 0.0, "median_ft": 0.0, "left_sw_ft": 8.4, "right_sw_ft": 10.6}, "geometry": {"type": "LineString", "coordinates": [[-73.96123351738485, 40.72189327904108], [-73.96127704491238, 40.721852905350275]]}}, {"type": "Feature", "properties": {"segment_id": 1711422, "physicalid": "180121", "street_name": "N 9 ST", "borough": "brooklyn", "direction": "TW", "total_row_ft": 18.9, "roadbed_ft": 0.0, "median_ft": 0.0, "left_sw_ft": 8.3, "right_sw_ft": 10.6}, "geometry": {"type": "LineString", "coordinates": [[-73.96117795372324, 40.72185825806882], [-73.96122117510842, 40.72181816836928]]}}, {"type": "Feature", "properties": {"segment_id": 1711423, "physicalid": "180121", "street_name": "N 9 ST", "borough": "brooklyn", "direction": "TW", "total_row_ft": 18.6, "roadbed_ft": 0.0, "median_ft": 0.0, "left_sw_ft": 8.2, "right_sw_ft": 10.4}, "geometry": {"type": "LineString", "coordinates": [[-73.9611224302935, 40.721823199807005], [-73.96116502824263, 40.72178368840187]]}}, {"type": "Feature", "properties": {"segment_id": 1711424, "physicalid": "180121", "street_name": "N 9 ST", "borough": "brooklyn", "direction": "TW", "total_row_ft": 18.3, "roadbed_ft": 0.0, "median_ft": 0.0, "left_sw_ft": 8.1, "right_sw_ft": 10.3}, "geometry": {"type": "LineString", "coordinates": [[-73.96106690692217, 40.72178814151824], [-73.96110888143495, 40.721749208406905]]}}, {"type": "Feature", "properties": {"segment_id": 1711425, "physicalid": "180121", "street_name": "N 9 ST", "borough": "brooklyn", "direction": "TW", "total_row_ft": 18.1, "roadbed_ft": 0.0, "median_ft": 0.0, "left_sw_ft": 8.0, "right_sw_ft": 10.1}, "geometry": {"type": "LineString", "coordinates": [[-73.96101138360926, 40.72175308320256], [-73.96105273468537, 40.7217147283844]]}}, {"type": "Feature", "properties": {"segment_id": 1711426, "physicalid": "180121", "street_name": "N 9 ST", "borough": "brooklyn", "direction": "TW", "total_row_ft": 17.8, "roadbed_ft": 0.0, "median_ft": 0.0, "left_sw_ft": 7.9, "right_sw_ft": 10.0}, "geometry": {"type": "LineString", "coordinates": [[-73.96095586035476, 40.72171802485992], [-73.96099658799388, 40.72168024833437]]}}, {"type": "Feature", "properties": {"segment_id": 1711427, "physicalid": "180121", "street_name": "N 9 ST", "borough": "brooklyn", "direction": "TW", "total_row_ft": 17.3, "roadbed_ft": 0.0, "median_ft": 0.0, "left_sw_ft": 7.7, "right_sw_ft": 9.6}, "geometry": {"type": "LineString", "coordinates": [[-73.96090033715868, 40.72168296649036], [-73.96094002497787, 40.721646154468395]]}}, {"type": "Feature", "properties": {"segment_id": 1711428, "physicalid": "180121", "street_name": "N 9 ST", "borough": "brooklyn", "direction": "TW", "total_row_ft": 17.0, "roadbed_ft": 0.0, "median_ft": 0.0, "left_sw_ft": 7.8, "right_sw_ft": 9.2}, "geometry": {"type": "LineString", "coordinates": [[-73.96084438644213, 40.72164830468955], [-73.96088338367625, 40.72161213324117]]}}, {"type": "Feature", "properties": {"segment_id": 1711429, "physicalid": "180121", "street_name": "N 9 ST", "borough": "brooklyn", "direction": "TW", "total_row_ft": 17.3, "roadbed_ft": 0.0, "median_ft": 0.0, "left_sw_ft": 8.4, "right_sw_ft": 8.9}, "geometry": {"type": "LineString", "coordinates": [[-73.96078717222026, 40.72161481486382], [-73.96082674243246, 40.72157811198592]]}}, {"type": "Feature", "properties": {"segment_id": 1711430, "physicalid": "180121", "street_name": "N 9 ST", "borough": "brooklyn", "direction": "TW", "total_row_ft": 17.5, "roadbed_ft": 0.0, "median_ft": 0.0, "left_sw_ft": 9.1, "right_sw_ft": 8.5}, "geometry": {"type": "LineString", "coordinates": [[-73.96072995805591, 40.72158132500952], [-73.9607701012465, 40.721544090702665]]}}, {"type": "Feature", "properties": {"segment_id": 1711431, "physicalid": "180121", "street_name": "N 9 ST", "borough": "brooklyn", "direction": "TW", "total_row_ft": 17.8, "roadbed_ft": 0.0, "median_ft": 0.0, "left_sw_ft": 9.7, "right_sw_ft": 8.1}, "geometry": {"type": "LineString", "coordinates": [[-73.96067274394903, 40.72154783512661], [-73.96071346011837, 40.721510069391364]]}}, {"type": "Feature", "properties": {"segment_id": 1711432, "physicalid": "180121", "street_name": "N 9 ST", "borough": "brooklyn", "direction": "TW", "total_row_ft": 18.0, "roadbed_ft": 0.0, "median_ft": 0.0, "left_sw_ft": 10.3, "right_sw_ft": 7.7}, "geometry": {"type": "LineString", "coordinates": [[-73.96061552989968, 40.721514345215134], [-73.96065681904805, 40.721476048052054]]}}, {"type": "Feature", "properties": {"segment_id": 1711433, "physicalid": "180121", "street_name": "N 9 ST", "borough": "brooklyn", "direction": "TW", "total_row_ft": 150.0, "roadbed_ft": 120.0, "median_ft": 0.0, "left_sw_ft": 15.0, "right_sw_ft": 15.0}, "geometry": {"type": "LineString", "coordinates": [[-73.96044604231939, 40.72158499266285], [-73.96072059687225, 40.72133033365596]]}}, {"type": "Feature", "properties": {"segment_id": 1718509, "physicalid": "182153", "street_name": "N 6 PL", "borough": "brooklyn", "direction": "TW", "total_row_ft": 79.1, "roadbed_ft": 35.6, "median_ft": 0.0, "left_sw_ft": 34.3, "right_sw_ft": 9.3}, "geometry": {"type": "LineString", "coordinates": [[-73.96278147177863, 40.720927174306354], [-73.96270329683126, 40.720718424858084]]}}, {"type": "Feature", "properties": {"segment_id": 1718510, "physicalid": "182153", "street_name": "N 6 PL", "borough": "brooklyn", "direction": "TW", "total_row_ft": 51.4, "roadbed_ft": 37.0, "median_ft": 0.0, "left_sw_ft": 7.3, "right_sw_ft": 7.1}, "geometry": {"type": "LineString", "coordinates": [[-73.96268441150123, 40.720868329134426], [-73.96263357000873, 40.720732567284934]]}}, {"type": "Feature", "properties": {"segment_id": 1718511, "physicalid": "182153", "street_name": "N 6 PL", "borough": "brooklyn", "direction": "TW", "total_row_ft": 106.1, "roadbed_ft": 78.4, "median_ft": 0.0, "left_sw_ft": 9.6, "right_sw_ft": 18.1}, "geometry": {"type": "LineString", "coordinates": [[-73.9626560598892, 40.72099295593414], [-73.96255117176342, 40.72071287311015]]}}, {"type": "Feature", "properties": {"segment_id": 1718512, "physicalid": "182155", "street_name": "N 6 PL", "borough": "brooklyn", "direction": "TW", "total_row_ft": 94.0, "roadbed_ft": 44.7, "median_ft": 0.0, "left_sw_ft": 15.5, "right_sw_ft": 33.9}, "geometry": {"type": "LineString", "coordinates": [[-73.96332390566799, 40.72047200948184], [-73.96306981981196, 40.720300947800894]]}}, {"type": "Feature", "properties": {"segment_id": 1718513, "physicalid": "182155", "street_name": "N 6 PL", "borough": "brooklyn", "direction": "TW", "total_row_ft": 64.5, "roadbed_ft": 34.1, "median_ft": 0.0, "left_sw_ft": 15.5, "right_sw_ft": 14.9}, "geometry": {"type": "LineString", "coordinates": [[-73.9632783642899, 40.72051465009129], [-73.96310410248749, 40.72039732955325]]}}, {"type": "Feature", "properties": {"segment_id": 1718514, "physicalid": "182155", "street_name": "N 6 PL", "borough": "brooklyn", "direction": "TW", "total_row_ft": 59.2, "roadbed_ft": 34.0, "median_ft": 0.0, "left_sw_ft": 15.3, "right_sw_ft": 10.0}, "geometry": {"type": "LineString", "coordinates": [[-73.96323175968595, 40.72055657491413], [-73.96307187287877, 40.72044893221955]]}}, {"type": "Feature", "properties": {"segment_id": 1718515, "physicalid": "182155", "street_name": "N 6 PL", "borough": "brooklyn", "direction": "TW", "total_row_ft": 58.5, "roadbed_ft": 36.8, "median_ft": 0.0, "left_sw_ft": 12.0, "right_sw_ft": 9.7}, "geometry": {"type": "LineString", "coordinates": [[-73.96318515502335, 40.72059849971783], [-73.96302702574143, 40.720492040221615]]}}, {"type": "Feature", "properties": {"segment_id": 1718516, "physicalid": "182155", "street_name": "N 6 PL", "borough": "brooklyn", "direction": "TW", "total_row_ft": 57.9, "roadbed_ft": 41.1, "median_ft": 0.0, "left_sw_ft": 7.3, "right_sw_ft": 9.5}, "geometry": {"type": "LineString", "coordinates": [[-73.96313855030213, 40.72064042450248], [-73.96298217854607, 40.72053514820598]]}}, {"type": "Feature", "properties": {"segment_id": 1718517, "physicalid": "182155", "street_name": "N 6 PL", "borough": "brooklyn", "direction": "TW", "total_row_ft": 57.2, "roadbed_ft": 41.2, "median_ft": 0.0, "left_sw_ft": 6.6, "right_sw_ft": 9.4}, "geometry": {"type": "LineString", "coordinates": [[-73.96309194552228, 40.72068234926795], [-73.9629373312927, 40.720578256172615]]}}, {"type": "Feature", "properties": {"segment_id": 1718518, "physicalid": "182155", "street_name": "N 6 PL", "borough": "brooklyn", "direction": "TW", "total_row_ft": 56.6, "roadbed_ft": 41.1, "median_ft": 0.0, "left_sw_ft": 6.2, "right_sw_ft": 9.3}, "geometry": {"type": "LineString", "coordinates": [[-73.96304534068378, 40.72072427401439], [-73.96289248398132, 40.72062136412152]]}}, {"type": "Feature", "properties": {"segment_id": 1718519, "physicalid": "182155", "street_name": "N 6 PL", "borough": "brooklyn", "direction": "TW", "total_row_ft": 60.2, "roadbed_ft": 39.8, "median_ft": 0.0, "left_sw_ft": 7.0, "right_sw_ft": 13.5}, "geometry": {"type": "LineString", "coordinates": [[-73.96299873578664, 40.720766198741714], [-73.9628359597779, 40.72065661066716]]}}, {"type": "Feature", "properties": {"segment_id": 1718520, "physicalid": "182155", "street_name": "N 6 PL", "borough": "brooklyn", "direction": "TW", "total_row_ft": 65.3, "roadbed_ft": 38.1, "median_ft": 0.0, "left_sw_ft": 12.0, "right_sw_ft": 15.2}, "geometry": {"type": "LineString", "coordinates": [[-73.96295213083089, 40.72080812344991], [-73.9627758195113, 40.72068942272139]]}}]}