{"type": "FeatureCollection", "features": [{"type": "Feature", "properties": {"segment_id": 527352, "physicalid": "38086", "street_name": "HAWKINS ST", "borough": "bronx", "direction": "TW", "total_row_ft": 51.9, "roadbed_ft": 21.9, "median_ft": 0.0, "left_sw_ft": 15.0, "right_sw_ft": 15.0}, "geometry": {"type": "LineString", "coordinates": [[-73.79002250486272, 40.8457773707804], [-73.78989856695914, 40.84546173960482]]}}, {"type": "Feature", "properties": {"segment_id": 527353, "physicalid": "38086", "street_name": "HAWKINS ST", "borough": "bronx", "direction": "TW", "total_row_ft": 53.8, "roadbed_ft": 23.8, "median_ft": 0.0, "left_sw_ft": 15.0, "right_sw_ft": 15.0}, "geometry": {"type": "LineString", "coordinates": [[-73.7899532319201, 40.845793057039536], [-73.789829294316, 40.84547742579034]]}}, {"type": "Feature", "properties": {"segment_id": 527354, "physicalid": "38086", "street_name": "HAWKINS ST", "borough": "bronx", "direction": "TW", "total_row_ft": 54.8, "roadbed_ft": 24.8, "median_ft": 0.0, "left_sw_ft": 15.0, "right_sw_ft": 15.0}, "geometry": {"type": "LineString", "coordinates": [[-73.7898839589448, 40.845808743257], [-73.78976002164016, 40.84549311193424]]}}, {"type": "Feature", "properties": {"segment_id": 527355, "physicalid": "38086", "street_name": "HAWKINS ST", "borough": "bronx", "direction": "TW", "total_row_ft": 47.7, "roadbed_ft": 26.2, "median_ft": 0.0, "left_sw_ft": 15.0, "right_sw_ft": 6.5}, "geometry": {"type": "LineString", "coordinates": [[-73.78981468593682, 40.84582442943283], [-73.78973188630516, 40.84561356327463]]}}, {"type": "Feature", "properties": {"segment_id": 527356, "physicalid": "38086", "street_name": "HAWKINS ST", "borough": "bronx", "direction": "TW", "total_row_ft": 44.3, "roadbed_ft": 27.5, "median_ft": 0.0, "left_sw_ft": 10.4, "right_sw_ft": 6.4}, "geometry": {"type": "LineString", "coordinates": [[-73.78970903251519, 40.84574746543044], [-73.7896633063817, 40.84563101402499]]}}, {"type": "Feature", "properties": {"segment_id": 527357, "physicalid": "38086", "street_name": "HAWKINS ST", "borough": "bronx", "direction": "TW", "total_row_ft": 44.4, "roadbed_ft": 27.8, "median_ft": 0.0, "left_sw_ft": 9.9, "right_sw_ft": 6.7}, "geometry": {"type": "LineString", "coordinates": [[-73.78963986626088, 40.84576342331522], [-73.78959401614495, 40.8456466558529]]}}, {"type": "Feature", "properties": {"segment_id": 527358, "physicalid": "38086", "street_name": "HAWKINS ST", "borough": "bronx", "direction": "TW", "total_row_ft": 44.6, "roadbed_ft": 28.3, "median_ft": 0.0, "left_sw_ft": 9.5, "right_sw_ft": 6.9}, "geometry": {"type": "LineString", "coordinates": [[-73.7895706999734, 40.84577938115848], [-73.78952461187242, 40.845662007303645]]}}, {"type": "Feature", "properties": {"segment_id": 527359, "physicalid": "38086", "street_name": "HAWKINS ST", "borough": "bronx", "direction": "TW", "total_row_ft": 44.9, "roadbed_ft": 28.8, "median_ft": 0.0, "left_sw_ft": 9.0, "right_sw_ft": 7.1}, "geometry": {"type": "LineString", "coordinates": [[-73.78950153365271, 40.84579533896023], [-73.78945520756791, 40.84567735871258]]}}, {"type": "Feature", "properties": {"segment_id": 527360, "physicalid": "38086", "street_name": "HAWKINS ST", "borough": "bronx", "direction": "TW", "total_row_ft": 45.0, "roadbed_ft": 29.3, "median_ft": 0.0, "left_sw_ft": 8.7, "right_sw_ft": 7.1}, "geometry": {"type": "LineString", "coordinates": [[-73.78943245413697, 40.84581151787427], [-73.78938595588303, 40.84569309884482]]}}, {"type": "Feature", "properties": {"segment_id": 527361, "physicalid": "38086", "street_name": "HAWKINS ST", "borough": "bronx", "direction": "TW", "total_row_ft": 45.6, "roadbed_ft": 29.8, "median_ft": 0.0, "left_sw_ft": 8.9, "right_sw_ft": 6.9}, "geometry": {"type": "LineString", "coordinates": [[-73.78936384947399, 40.8458289061606], [-73.78931672736297, 40.845708898013925]]}}, {"type": "Feature", "properties": {"segment_id": 527362, "physicalid": "38086", "street_name": "HAWKINS ST", "borough": "bronx", "direction": "TW", "total_row_ft": 46.2, "roadbed_ft": 29.7, "median_ft": 0.0, "left_sw_ft": 9.8, "right_sw_ft": 6.8}, "geometry": {"type": "LineString", "coordinates": [[-73.78929524477515, 40.84584629440605], [-73.78924749881001, 40.84572469714143]]}}, {"type": "Feature", "properties": {"segment_id": 527363, "physicalid": "38086", "street_name": "HAWKINS ST", "borough": "bronx", "direction": "TW", "total_row_ft": 46.8, "roadbed_ft": 29.5, "median_ft": 0.0, "left_sw_ft": 10.7, "right_sw_ft": 6.7}, "geometry": {"type": "LineString", "coordinates": [[-73.78922664004043, 40.84586368261068], [-73.78917827022416, 40.84574049622733]]}}, {"type": "Feature", "properties": {"segment_id": 527364, "physicalid": "38086", "street_name": "HAWKINS ST", "borough": "bronx", "direction": "TW", "total_row_ft": 47.5, "roadbed_ft": 29.1, "median_ft": 0.0, "left_sw_ft": 11.6, "right_sw_ft": 6.8}, "geometry": {"type": "LineString", "coordinates": [[-73.78915803526985, 40.84588107077445], [-73.78910900188993, 40.84575619412531]]}}, {"type": "Feature", "properties": {"segment_id": 527365, "physicalid": "38086", "street_name": "HAWKINS ST", "borough": "bronx", "direction": "TW", "total_row_ft": 47.6, "roadbed_ft": 28.8, "median_ft": 0.0, "left_sw_ft": 11.8, "right_sw_ft": 6.9}, "geometry": {"type": "LineString", "coordinates": [[-73.78908883951934, 40.84589695389884], [-73.78903971166304, 40.8457718363091]]}}, {"type": "Feature", "properties": {"segment_id": 527366, "physicalid": "38086", "street_name": "HAWKINS ST", "borough": "bronx", "direction": "TW", "total_row_ft": 47.1, "roadbed_ft": 28.7, "median_ft": 0.0, "left_sw_ft": 11.4, "right_sw_ft": 7.1}, "geometry": {"type": "LineString", "coordinates": [[-73.7890191011721, 40.84591145519321], [-73.78897042141928, 40.845787478491275]]}}, {"type": "Feature", "properties": {"segment_id": 527367, "physicalid": "38086", "street_name": "HAWKINS ST", "borough": "bronx", "direction": "TW", "total_row_ft": 46.7, "roadbed_ft": 28.6, "median_ft": 0.0, "left_sw_ft": 11.0, "right_sw_ft": 7.2}, "geometry": {"type": "LineString", "coordinates": [[-73.78894936279447, 40.84592595644538], [-73.78890113114825, 40.84580312064531]]}}, {"type": "Feature", "properties": {"segment_id": 527368, "physicalid": "38086", "street_name": "HAWKINS ST", "borough": "bronx", "direction": "TW", "total_row_ft": 46.3, "roadbed_ft": 28.4, "median_ft": 0.0, "left_sw_ft": 10.5, "right_sw_ft": 7.3}, "geometry": {"type": "LineString", "coordinates": [[-73.78887962438642, 40.84594045765536], [-73.78883184084462, 40.845818762757666]]}}, {"type": "Feature", "properties": {"segment_id": 527369, "physicalid": "38086", "street_name": "HAWKINS ST", "borough": "bronx", "direction": "TW", "total_row_ft": 47.0, "roadbed_ft": 24.9, "median_ft": 0.0, "left_sw_ft": 15.0, "right_sw_ft": 7.1}, "geometry": {"type": "LineString", "coordinates": [[-73.78884486039497, 40.84604403152186], [-73.78876288074531, 40.845835245877915]]}}, {"type": "Feature", "properties": {"segment_id": 527370, "physicalid": "38086", "street_name": "HAWKINS ST", "borough": "bronx", "direction": "TW", "total_row_ft": 45.1, "roadbed_ft": 23.4, "median_ft": 0.0, "left_sw_ft": 15.0, "right_sw_ft": 6.7}, "geometry": {"type": "LineString", "coordinates": [[-73.78877558689696, 40.84605971707304], [-73.7886942748126, 40.845852631040266]]}}, {"type": "Feature", "properties": {"segment_id": 527371, "physicalid": "38086", "street_name": "HAWKINS ST", "borough": "bronx", "direction": "TW", "total_row_ft": 43.5, "roadbed_ft": 22.0, "median_ft": 0.0, "left_sw_ft": 15.0, "right_sw_ft": 6.4}, "geometry": {"type": "LineString", "coordinates": [[-73.78870631336628, 40.846075402582564], [-73.78862566884403, 40.845870016161776]]}}, {"type": "Feature", "properties": {"segment_id": 527372, "physicalid": "38086", "street_name": "HAWKINS ST", "borough": "bronx", "direction": "TW", "total_row_ft": 42.7, "roadbed_ft": 21.5, "median_ft": 0.0, "left_sw_ft": 15.0, "right_sw_ft": 6.2}, "geometry": {"type": "LineString", "coordinates": [[-73.78863703980292, 40.84609108805047], [-73.78855706283962, 40.84588740124241]]}}, {"type": "Feature", "properties": {"segment_id": 527373, "physicalid": "38086", "street_name": "HAWKINS ST", "borough": "bronx", "direction": "TW", "total_row_ft": 41.9, "roadbed_ft": 21.0, "median_ft": 0.0, "left_sw_ft": 15.0, "right_sw_ft": 5.9}, "geometry": {"type": "LineString", "coordinates": [[-73.78856776620691, 40.8461067734767], [-73.78848845679933, 40.8459047862822]]}}, {"type": "Feature", "properties": {"segment_id": 527379, "physicalid": "38088", "street_name": "HAWKINS ST", "borough": "bronx", "direction": "TW", "total_row_ft": 90.3, "roadbed_ft": 71.3, "median_ft": 0.0, "left_sw_ft": 15.0, "right_sw_ft": 4.1}, "geometry": {"type": "LineString", "coordinates": [[-73.78840599821785, 40.846143449062815], [-73.78832790310469, 40.845945348475425]]}}, {"type": "Feature", "properties": {"segment_id": 527380, "physicalid": "38088", "street_name": "HAWKINS ST", "borough": "bronx", "direction": "TW", "total_row_ft": 29.5, "roadbed_ft": 22.9, "median_ft": 0.0, "left_sw_ft": 2.9, "right_sw_ft": 3.7}, "geometry": {"type": "LineString", "coordinates": [[-73.78828963060288, 40.846039673159], [-73.78825908300672, 40.84596218400794]]}}, {"type": "Feature", "properties": {"segment_id": 527381, "physicalid": "38088", "street_name": "HAWKINS ST", "borough": "bronx", "direction": "TW", "total_row_ft": 29.2, "roadbed_ft": 22.6, "median_ft": 0.0, "left_sw_ft": 3.1, "right_sw_ft": 3.5}, "geometry": {"type": "LineString", "coordinates": [[-73.78822050688059, 40.84605573874492], [-73.78819026287393, 40.84597901949935]]}}, {"type": "Feature", "properties": {"segment_id": 527382, "physicalid": "38088", "street_name": "HAWKINS ST", "borough": "bronx", "direction": "TW", "total_row_ft": 28.9, "roadbed_ft": 22.3, "median_ft": 0.0, "left_sw_ft": 3.3, "right_sw_ft": 3.3}, "geometry": {"type": "LineString", "coordinates": [[-73.7881513831249, 40.846071804289416], [-73.7881214427063, 40.84599585494966]]}}, {"type": "Feature", "properties": {"segment_id": 527383, "physicalid": "38088", "street_name": "HAWKINS ST", "borough": "bronx", "direction": "TW", "total_row_ft": 28.7, "roadbed_ft": 21.6, "median_ft": 0.0, "left_sw_ft": 3.5, "right_sw_ft": 3.6}, "geometry": {"type": "LineString", "coordinates": [[-73.78808225932171, 40.84608786975659], [-73.78805245845867, 40.84601227422678]]}}, {"type": "Feature", "properties": {"segment_id": 527384, "physicalid": "38088", "street_name": "HAWKINS ST", "borough": "bronx", "direction": "TW", "total_row_ft": 29.0, "roadbed_ft": 21.1, "median_ft": 0.0, "left_sw_ft": 3.5, "right_sw_ft": 4.3}, "geometry": {"type": "LineString", "coordinates": [[-73.78801313544493, 40.84610393508028], [-73.78798310810653, 40.84602776485203]]}}, {"type": "Feature", "properties": {"segment_id": 527385, "physicalid": "38088", "street_name": "HAWKINS ST", "borough": "bronx", "direction": "TW", "total_row_ft": 29.2, "roadbed_ft": 20.6, "median_ft": 0.0, "left_sw_ft": 3.5, "right_sw_ft": 5.0}, "geometry": {"type": "LineString", "coordinates": [[-73.78794401153473, 40.8461200003625], [-73.78791375770943, 40.846043255403465]]}}, {"type": "Feature", "properties": {"segment_id": 527386, "physicalid": "38088", "street_name": "HAWKINS ST", "borough": "bronx", "direction": "TW", "total_row_ft": 29.4, "roadbed_ft": 20.2, "median_ft": 0.0, "left_sw_ft": 3.5, "right_sw_ft": 5.7}, "geometry": {"type": "LineString", "coordinates": [[-73.78787488760146, 40.84613606562938], [-73.78784440728005, 40.84605874591316]]}}, {"type": "Feature", "properties": {"segment_id": 527387, "physicalid": "38088", "street_name": "HAWKINS ST", "borough": "bronx", "direction": "TW", "total_row_ft": 29.6, "roadbed_ft": 20.0, "median_ft": 0.0, "left_sw_ft": 3.5, "right_sw_ft": 6.1}, "geometry": {"type": "LineString", "coordinates": [[-73.78780576369381, 40.846152131004466], [-73.78777505682308, 40.84607423639305]]}}, {"type": "Feature", "properties": {"segment_id": 527388, "physicalid": "38088", "street_name": "HAWKINS ST", "borough": "bronx", "direction": "TW", "total_row_ft": 29.9, "roadbed_ft": 20.6, "median_ft": 0.0, "left_sw_ft": 3.6, "right_sw_ft": 5.8}, "geometry": {"type": "LineString", "coordinates": [[-73.7877366877734, 40.846168318153], [-73.78770570634568, 40.846089726861365]]}}, {"type": "Feature", "properties": {"segment_id": 527389, "physicalid": "38088", "street_name": "HAWKINS ST", "borough": "bronx", "direction": "TW", "total_row_ft": 30.3, "roadbed_ft": 21.2, "median_ft": 0.0, "left_sw_ft": 3.7, "right_sw_ft": 5.4}, "geometry": {"type": "LineString", "coordinates": [[-73.78766773089802, 40.84618480733002], [-73.78763635583599, 40.84610521728792]]}}, {"type": "Feature", "properties": {"segment_id": 527390, "physicalid": "38088", "street_name": "HAWKINS ST", "borough": "bronx", "direction": "TW", "total_row_ft": 30.7, "roadbed_ft": 21.8, "median_ft": 0.0, "left_sw_ft": 3.9, "right_sw_ft": 5.1}, "geometry": {"type": "LineString", "coordinates": [[-73.78759877403638, 40.846201296587395], [-73.78756690411304, 40.84612045100307]]}}, {"type": "Feature", "properties": {"segment_id": 527391, "physicalid": "38088", "street_name": "HAWKINS ST", "borough": "bronx", "direction": "TW", "total_row_ft": 31.3, "roadbed_ft": 22.4, "median_ft": 0.0, "left_sw_ft": 4.1, "right_sw_ft": 4.8}, "geometry": {"type": "LineString", "coordinates": [[-73.78752981715006, 40.846217785827555], [-73.78749742415116, 40.846135613122016]]}}, {"type": "Feature", "properties": {"segment_id": 527392, "physicalid": "38088", "street_name": "HAWKINS ST", "borough": "bronx", "direction": "TW", "total_row_ft": 31.8, "roadbed_ft": 22.7, "median_ft": 0.0, "left_sw_ft": 4.2, "right_sw_ft": 4.8}, "geometry": {"type": "LineString", "coordinates": [[-73.78746086022954, 40.846234275026454], [-73.7874279441576, 40.8461507751991]]}}, {"type": "Feature", "properties": {"segment_id": 527393, "physicalid": "38088", "street_name": "HAWKINS ST", "borough": "bronx", "direction": "TW", "total_row_ft": 32.2, "roadbed_ft": 22.8, "median_ft": 0.0, "left_sw_ft": 4.4, "right_sw_ft": 5.0}, "geometry": {"type": "LineString", "coordinates": [[-73.78739183600383, 40.84625059353415], [-73.78735846413237, 40.84616593723429]]}}, {"type": "Feature", "properties": {"segment_id": 527394, "physicalid": "38088", "street_name": "HAWKINS ST", "borough": "bronx", "direction": "TW", "total_row_ft": 32.6, "roadbed_ft": 22.7, "median_ft": 0.0, "left_sw_ft": 4.6, "right_sw_ft": 5.3}, "geometry": {"type": "LineString", "coordinates": [[-73.78732274487903, 40.846266742379534], [-73.78728898403523, 40.846181099125495]]}}, {"type": "Feature", "properties": {"segment_id": 527395, "physicalid": "38088", "street_name": "HAWKINS ST", "borough": "bronx", "direction": "TW", "total_row_ft": 32.9, "roadbed_ft": 22.6, "median_ft": 0.0, "left_sw_ft": 4.8, "right_sw_ft": 5.5}, "geometry": {"type": "LineString", "coordinates": [[-73.78725365372068, 40.84628289118348], [-73.78721950389541, 40.84619626094693]]}}, {"type": "Feature", "properties": {"segment_id": 527396, "physicalid": "38088", "street_name": "HAWKINS ST", "borough": "bronx", "direction": "TW", "total_row_ft": 33.3, "roadbed_ft": 22.6, "median_ft": 0.0, "left_sw_ft": 5.0, "right_sw_ft": 5.7}, "geometry": {"type": "LineString", "coordinates": [[-73.78718456252878, 40.84629903994599], [-73.78715002372392, 40.8462114227265]]}}, {"type": "Feature", "properties": {"segment_id": 527397, "physicalid": "38088", "street_name": "HAWKINS ST", "borough": "bronx", "direction": "TW", "total_row_ft": 33.7, "roadbed_ft": 22.5, "median_ft": 0.0, "left_sw_ft": 5.2, "right_sw_ft": 6.0}, "geometry": {"type": "LineString", "coordinates": [[-73.78711547130443, 40.84631518866985], [-73.78708054352077, 40.846226584464155]]}}, {"type": "Feature", "properties": {"segment_id": 527398, "physicalid": "38088", "street_name": "HAWKINS ST", "borough": "bronx", "direction": "TW", "total_row_ft": 34.0, "roadbed_ft": 22.4, "median_ft": 0.0, "left_sw_ft": 5.3, "right_sw_ft": 6.2}, "geometry": {"type": "LineString", "coordinates": [[-73.78704628287521, 40.846331090849404], [-73.78701106328595, 40.84624174615992]]}}, {"type": "Feature", "properties": {"segment_id": 527399, "physicalid": "38088", "street_name": "HAWKINS ST", "borough": "bronx", "direction": "TW", "total_row_ft": 34.2, "roadbed_ft": 22.3, "median_ft": 0.0, "left_sw_ft": 5.4, "right_sw_ft": 6.5}, "geometry": {"type": "LineString", "coordinates": [[-73.78697701856846, 40.846346800585806], [-73.78694152086932, 40.84625675015136]]}}, {"type": "Feature", "properties": {"segment_id": 527400, "physicalid": "38088", "street_name": "HAWKINS ST", "borough": "bronx", "direction": "TW", "total_row_ft": 34.6, "roadbed_ft": 22.4, "median_ft": 0.0, "left_sw_ft": 5.4, "right_sw_ft": 6.7}, "geometry": {"type": "LineString", "coordinates": [[-73.78690775422821, 40.84636251027851], [-73.7868719128819, 40.84627158784003]]}}, {"type": "Feature", "properties": {"segment_id": 527401, "physicalid": "38088", "street_name": "HAWKINS ST", "borough": "bronx", "direction": "TW", "total_row_ft": 34.9, "roadbed_ft": 22.6, "median_ft": 0.0, "left_sw_ft": 5.4, "right_sw_ft": 6.9}, "geometry": {"type": "LineString", "coordinates": [[-73.78683848985523, 40.84637821992961], [-73.78680230486346, 40.84628642548669]]}}, {"type": "Feature", "properties": {"segment_id": 527402, "physicalid": "38088", "street_name": "HAWKINS ST", "borough": "bronx", "direction": "TW", "total_row_ft": 35.2, "roadbed_ft": 22.7, "median_ft": 0.0, "left_sw_ft": 5.4, "right_sw_ft": 7.1}, "geometry": {"type": "LineString", "coordinates": [[-73.78676922544953, 40.84639392953905], [-73.78673269681396, 40.84630126309128]]}}, {"type": "Feature", "properties": {"segment_id": 527403, "physicalid": "38088", "street_name": "HAWKINS ST", "borough": "bronx", "direction": "TW", "total_row_ft": 34.2, "roadbed_ft": 22.9, "median_ft": 0.0, "left_sw_ft": 5.4, "right_sw_ft": 5.9}, "geometry": {"type": "LineString", "coordinates": [[-73.78669996101111, 40.84640963910686], [-73.78666450820954, 40.84631970161908]]}}, {"type": "Feature", "properties": {"segment_id": 527404, "physicalid": "38088", "street_name": "HAWKINS ST", "borough": "bronx", "direction": "TW", "total_row_ft": 35.9, "roadbed_ft": 23.1, "median_ft": 0.0, "left_sw_ft": 5.3, "right_sw_ft": 7.5}, "geometry": {"type": "LineString", "coordinates": [[-73.78663069654, 40.84642534863303], [-73.786593480806, 40.8463309386417]]}}, {"type": "Feature", "properties": {"segment_id": 527405, "physicalid": "38088", "street_name": "HAWKINS ST", "borough": "bronx", "direction": "TW", "total_row_ft": 36.3, "roadbed_ft": 23.2, "median_ft": 0.0, "left_sw_ft": 5.3, "right_sw_ft": 7.7}, "geometry": {"type": "LineString", "coordinates": [[-73.78656144701937, 40.84644109612751], [-73.78652387271094, 40.84634577624093]]}}, {"type": "Feature", "properties": {"segment_id": 527406, "physicalid": "38088", "street_name": "HAWKINS ST", "borough": "bronx", "direction": "TW", "total_row_ft": 31.6, "roadbed_ft": 23.4, "median_ft": 0.0, "left_sw_ft": 5.3, "right_sw_ft": 2.8}, "geometry": {"type": "LineString", "coordinates": [[-73.78649225171687, 40.84645698120623], [-73.78645951911402, 40.846373943733745]]}}, {"type": "Feature", "properties": {"segment_id": 527407, "physicalid": "38088", "street_name": "HAWKINS ST", "borough": "bronx", "direction": "TW", "total_row_ft": 32.0, "roadbed_ft": 23.6, "median_ft": 0.0, "left_sw_ft": 5.4, "right_sw_ft": 3.0}, "geometry": {"type": "LineString", "coordinates": [[-73.78642305626896, 40.84647286595831], [-73.78638991321279, 40.8463887870074]]}}, {"type": "Feature", "properties": {"segment_id": 527408, "physicalid": "38088", "street_name": "HAWKINS ST", "borough": "bronx", "direction": "TW", "total_row_ft": 102.7, "roadbed_ft": 23.7, "median_ft": 0.0, "left_sw_ft": 44.5, "right_sw_ft": 34.5}, "geometry": {"type": "LineString", "coordinates": [[-73.78639433522173, 40.84659142819014], [-73.78627332799357, 40.84628445015032]]}}, {"type": "Feature", "properties": {"segment_id": 527409, "physicalid": "38088", "street_name": "HAWKINS ST", "borough": "bronx", "direction": "TW", "total_row_ft": 150.0, "roadbed_ft": 120.0, "median_ft": 0.0, "left_sw_ft": 15.0, "right_sw_ft": 15.0}, "geometry": {"type": "LineString", "coordinates": [[-73.78632845496955, 40.84661572345519], [-73.78620407637574, 40.846300191952785]]}}, {"type": "Feature", "properties": {"segment_id": 527410, "physicalid": "38089", "street_name": "HAWKINS ST", "borough": "bronx", "direction": "TW", "total_row_ft": 150.0, "roadbed_ft": 120.0, "median_ft": 0.0, "left_sw_ft": 15.0, "right_sw_ft": 15.0}, "geometry": {"type": "LineString", "coordinates": [[-73.78621296575297, 40.84664195730482], [-73.78608876413438, 40.84632638559522]]}}, {"type": "Feature", "properties": {"segment_id": 527411, "physicalid": "38089", "street_name": "HAWKINS ST", "borough": "bronx", "direction": "TW", "total_row_ft": 120.0, "roadbed_ft": 23.6, "median_ft": 0.0, "left_sw_ft": 48.6, "right_sw_ft": 47.8}, "geometry": {"type": "LineString", "coordinates": [[-73.78614370495107, 40.846657676734544], [-73.78601950363174, 40.8463421049512]]}}, {"type": "Feature", "properties": {"segment_id": 527412, "physicalid": "38089", "street_name": "HAWKINS ST", "borough": "bronx", "direction": "TW", "total_row_ft": 32.4, "roadbed_ft": 23.1, "median_ft": 0.0, "left_sw_ft": 5.1, "right_sw_ft": 4.2}, "geometry": {"type": "LineString", "coordinates": [[-73.78602911255466, 40.846558217359515], [-73.78599553404972, 40.84647290057893]]}}, {"type": "Feature", "properties": {"segment_id": 527413, "physicalid": "38089", "street_name": "HAWKINS ST", "borough": "bronx", "direction": "TW", "total_row_ft": 34.3, "roadbed_ft": 22.7, "median_ft": 0.0, "left_sw_ft": 7.0, "right_sw_ft": 4.7}, "geometry": {"type": "LineString", "coordinates": [[-73.7859615123454, 40.846578155832326], [-73.78592600539471, 40.846487938993825]]}}, {"type": "Feature", "properties": {"segment_id": 527414, "physicalid": "38089", "street_name": "HAWKINS ST", "borough": "bronx", "direction": "TW", "total_row_ft": 35.2, "roadbed_ft": 22.2, "median_ft": 0.0, "left_sw_ft": 6.6, "right_sw_ft": 6.4}, "geometry": {"type": "LineString", "coordinates": [[-73.78589164246807, 40.84659232753924], [-73.78585519797656, 40.84649972832377]]}}, {"type": "Feature", "properties": {"segment_id": 527415, "physicalid": "38089", "street_name": "HAWKINS ST", "borough": "bronx", "direction": "TW", "total_row_ft": 34.2, "roadbed_ft": 21.7, "median_ft": 0.0, "left_sw_ft": 6.3, "right_sw_ft": 6.2}, "geometry": {"type": "LineString", "coordinates": [[-73.78582177258849, 40.84660649927372], [-73.78578640928113, 40.84651664692418]]}}, {"type": "Feature", "properties": {"segment_id": 527416, "physicalid": "38089", "street_name": "HAWKINS ST", "borough": "bronx", "direction": "TW", "total_row_ft": 33.1, "roadbed_ft": 21.4, "median_ft": 0.0, "left_sw_ft": 5.7, "right_sw_ft": 6.0}, "geometry": {"type": "LineString", "coordinates": [[-73.78575190267914, 40.84662067096586], [-73.78571762055073, 40.84653356548353]]}}, {"type": "Feature", "properties": {"segment_id": 527417, "physicalid": "38089", "street_name": "HAWKINS ST", "borough": "bronx", "direction": "TW", "total_row_ft": 32.3, "roadbed_ft": 20.7, "median_ft": 0.0, "left_sw_ft": 5.3, "right_sw_ft": 6.3}, "geometry": {"type": "LineString", "coordinates": [[-73.7856822564733, 40.846635411087355], [-73.78564883178761, 40.84655048400767]]}}, {"type": "Feature", "properties": {"segment_id": 527418, "physicalid": "38089", "street_name": "HAWKINS ST", "borough": "bronx", "direction": "TW", "total_row_ft": 32.3, "roadbed_ft": 20.1, "median_ft": 0.0, "left_sw_ft": 5.5, "right_sw_ft": 6.6}, "geometry": {"type": "LineString", "coordinates": [[-73.78561333699174, 40.84665199774432], [-73.7855799314782, 40.84656711915621]]}}, {"type": "Feature", "properties": {"segment_id": 527419, "physicalid": "38089", "street_name": "HAWKINS ST", "borough": "bronx", "direction": "TW", "total_row_ft": 32.6, "roadbed_ft": 20.6, "median_ft": 0.0, "left_sw_ft": 5.8, "right_sw_ft": 6.3}, "geometry": {"type": "LineString", "coordinates": [[-73.78554441747583, 40.84666858436007], [-73.78551066620092, 40.84658282701673]]}}, {"type": "Feature", "properties": {"segment_id": 527420, "physicalid": "38089", "street_name": "HAWKINS ST", "borough": "bronx", "direction": "TW", "total_row_ft": 32.9, "roadbed_ft": 21.2, "median_ft": 0.0, "left_sw_ft": 6.0, "right_sw_ft": 5.7}, "geometry": {"type": "LineString", "coordinates": [[-73.78547549780083, 40.84668517061769], [-73.78544140089248, 40.8465985348396]]}}, {"type": "Feature", "properties": {"segment_id": 527421, "physicalid": "38089", "street_name": "HAWKINS ST", "borough": "bronx", "direction": "TW", "total_row_ft": 33.3, "roadbed_ft": 22.2, "median_ft": 0.0, "left_sw_ft": 5.9, "right_sw_ft": 5.2}, "geometry": {"type": "LineString", "coordinates": [[-73.78540657066439, 40.84670173796285], [-73.78537213555387, 40.84661424262724]]}}, {"type": "Feature", "properties": {"segment_id": 909887, "physicalid": "63601", "street_name": "CITY ISLAND AVE", "borough": "bronx", "direction": "TW", "total_row_ft": 112.7, "roadbed_ft": 85.3, "median_ft": 0.0, "left_sw_ft": 15.0, "right_sw_ft": 12.5}, "geometry": {"type": "LineString", "coordinates": [[-73.78541759210655, 40.84376588860158], [-73.78507784695378, 40.84383920508933]]}}, {"type": "Feature", "properties": {"segment_id": 909888, "physicalid": "63601", "street_name": "CITY ISLAND AVE", "borough": "bronx", "direction": "TW", "total_row_ft": 77.6, "roadbed_ft": 50.1, "median_ft": 0.0, "left_sw_ft": 15.2, "right_sw_ft": 12.3}, "geometry": {"type": "LineString", "coordinates": [[-73.7853676057112, 40.84383374314562], [-73.78509787611388, 40.843891950291685]]}}, {"type": "Feature", "properties": {"segment_id": 909889, "physicalid": "63601", "street_name": "CITY ISLAND AVE", "borough": "bronx", "direction": "TW", "total_row_ft": 77.8, "roadbed_ft": 49.9, "median_ft": 0.0, "left_sw_ft": 15.4, "right_sw_ft": 12.5}, "geometry": {"type": "LineString", "coordinates": [[-73.78538851642656, 40.843886298107726], [-73.78511790530575, 40.84394469549005]]}}, {"type": "Feature", "properties": {"segment_id": 909890, "physicalid": "63601", "street_name": "CITY ISLAND AVE", "borough": "bronx", "direction": "TW", "total_row_ft": 100.3, "roadbed_ft": 49.7, "median_ft": 0.0, "left_sw_ft": 15.4, "right_sw_ft": 35.2}, "geometry": {"type": "LineString", "coordinates": [[-73.78540851190023, 40.843939050581426], [-73.78505967469286, 40.844014328876895]]}}, {"type": "Feature", "properties": {"segment_id": 909891, "physicalid": "63601", "street_name": "CITY ISLAND AVE", "borough": "bronx", "direction": "TW", "total_row_ft": 77.7, "roadbed_ft": 49.5, "median_ft": 0.0, "left_sw_ft": 15.2, "right_sw_ft": 12.9}, "geometry": {"type": "LineString", "coordinates": [[-73.78542803494554, 40.84399190500786], [-73.78515796310376, 40.84405018602192]]}}, {"type": "Feature", "properties": {"segment_id": 909892, "physicalid": "63601", "street_name": "CITY ISLAND AVE", "borough": "bronx", "direction": "TW", "total_row_ft": 77.6, "roadbed_ft": 49.3, "median_ft": 0.0, "left_sw_ft": 15.1, "right_sw_ft": 13.1}, "geometry": {"type": "LineString", "coordinates": [[-73.78544755791643, 40.84404475945326], [-73.78517783393471, 40.844102965402776]]}}, {"type": "Feature", "properties": {"segment_id": 909893, "physicalid": "63601", "street_name": "CITY ISLAND AVE", "borough": "bronx", "direction": "TW", "total_row_ft": 77.7, "roadbed_ft": 49.3, "median_ft": 0.0, "left_sw_ft": 15.0, "right_sw_ft": 13.4}, "geometry": {"type": "LineString", "coordinates": [[-73.78546708091834, 40.84409761389488], [-73.78519695988918, 40.84415590552856]]}}, {"type": "Feature", "properties": {"segment_id": 909894, "physicalid": "63601", "street_name": "CITY ISLAND AVE", "borough": "bronx", "direction": "TW", "total_row_ft": 77.8, "roadbed_ft": 49.4, "median_ft": 0.0, "left_sw_ft": 14.9, "right_sw_ft": 13.5}, "geometry": {"type": "LineString", "coordinates": [[-73.78548660395128, 40.84415046833271], [-73.78521608587408, 40.84420884565065]]}}, {"type": "Feature", "properties": {"segment_id": 909895, "physicalid": "63601", "street_name": "CITY ISLAND AVE", "borough": "bronx", "direction": "TW", "total_row_ft": 77.9, "roadbed_ft": 49.5, "median_ft": 0.0, "left_sw_ft": 14.9, "right_sw_ft": 13.5}, "geometry": {"type": "LineString", "coordinates": [[-73.78550611250256, 40.84420332589858], [-73.78523521186452, 40.84426178577448]]}}, {"type": "Feature", "properties": {"segment_id": 909896, "physicalid": "63601", "street_name": "CITY ISLAND AVE", "borough": "bronx", "direction": "TW", "total_row_ft": 78.0, "roadbed_ft": 49.4, "median_ft": 0.0, "left_sw_ft": 15.1, "right_sw_ft": 13.6}, "geometry": {"type": "LineString", "coordinates": [[-73.78552559859864, 40.84425618831319], [-73.785254338031, 40.84431472586324]]}}, {"type": "Feature", "properties": {"segment_id": 909897, "physicalid": "63601", "street_name": "CITY ISLAND AVE", "borough": "bronx", "direction": "TW", "total_row_ft": 78.1, "roadbed_ft": 49.6, "median_ft": 0.0, "left_sw_ft": 14.9, "right_sw_ft": 13.6}, "geometry": {"type": "LineString", "coordinates": [[-73.78554508535073, 40.84430905058912], [-73.78527346439742, 40.844367665911804]]}}, {"type": "Feature", "properties": {"segment_id": 909898, "physicalid": "63601", "street_name": "CITY ISLAND AVE", "borough": "bronx", "direction": "TW", "total_row_ft": 98.5, "roadbed_ft": 49.9, "median_ft": 0.0, "left_sw_ft": 34.9, "right_sw_ft": 13.7}, "geometry": {"type": "LineString", "coordinates": [[-73.78563493974994, 40.84434672753197], [-73.78529259079427, 40.84442060595664]]}}, {"type": "Feature", "properties": {"segment_id": 909899, "physicalid": "63602", "street_name": "CITY ISLAND AVE", "borough": "bronx", "direction": "TW", "total_row_ft": 108.6, "roadbed_ft": 84.9, "median_ft": 0.0, "left_sw_ft": 15.0, "right_sw_ft": 8.7}, "geometry": {"type": "LineString", "coordinates": [[-73.78518021235685, 40.84313275464533], [-73.78485488760371, 40.84320310717015]]}}, {"type": "Feature", "properties": {"segment_id": 909900, "physicalid": "63602", "street_name": "CITY ISLAND AVE", "borough": "bronx", "direction": "TW", "total_row_ft": 70.9, "roadbed_ft": 49.9, "median_ft": 0.0, "left_sw_ft": 12.3, "right_sw_ft": 8.7}, "geometry": {"type": "LineString", "coordinates": [[-73.7851210180532, 40.84320263212194], [-73.78487453889308, 40.843255933938124]]}}, {"type": "Feature", "properties": {"segment_id": 909901, "physicalid": "63602", "street_name": "CITY ISLAND AVE", "borough": "bronx", "direction": "TW", "total_row_ft": 71.4, "roadbed_ft": 49.9, "median_ft": 0.0, "left_sw_ft": 12.7, "right_sw_ft": 8.8}, "geometry": {"type": "LineString", "coordinates": [[-73.7851422746362, 40.84325511173893], [-73.78489419021366, 40.84330876070231]]}}, {"type": "Feature", "properties": {"segment_id": 909902, "physicalid": "63602", "street_name": "CITY ISLAND AVE", "borough": "bronx", "direction": "TW", "total_row_ft": 71.5, "roadbed_ft": 50.0, "median_ft": 0.0, "left_sw_ft": 13.0, "right_sw_ft": 8.4}, "geometry": {"type": "LineString", "coordinates": [[-73.78516353125273, 40.84330759135152], [-73.78491508349993, 40.843361318892285]]}}, {"type": "Feature", "properties": {"segment_id": 909903, "physicalid": "63602", "street_name": "CITY ISLAND AVE", "borough": "bronx", "direction": "TW", "total_row_ft": 76.8, "roadbed_ft": 50.1, "median_ft": 0.0, "left_sw_ft": 13.4, "right_sw_ft": 13.4}, "geometry": {"type": "LineString", "coordinates": [[-73.78518478790279, 40.84336007095977], [-73.78491782696483, 40.84341780201219]]}}, {"type": "Feature", "properties": {"segment_id": 909904, "physicalid": "63602", "street_name": "CITY ISLAND AVE", "borough": "bronx", "direction": "TW", "total_row_ft": 77.2, "roadbed_ft": 50.1, "median_ft": 0.0, "left_sw_ft": 13.7, "right_sw_ft": 13.3}, "geometry": {"type": "LineString", "coordinates": [[-73.78520604458642, 40.84341255056359], [-73.78493785583106, 40.843470547140484]]}}, {"type": "Feature", "properties": {"segment_id": 909905, "physicalid": "63602", "street_name": "CITY ISLAND AVE", "borough": "bronx", "direction": "TW", "total_row_ft": 77.5, "roadbed_ft": 50.2, "median_ft": 0.0, "left_sw_ft": 14.1, "right_sw_ft": 13.2}, "geometry": {"type": "LineString", "coordinates": [[-73.78522730130356, 40.843465030163024], [-73.78495788472904, 40.843523292264805]]}}, {"type": "Feature", "properties": {"segment_id": 909906, "physicalid": "63602", "street_name": "CITY ISLAND AVE", "borough": "bronx", "direction": "TW", "total_row_ft": 77.6, "roadbed_ft": 50.3, "median_ft": 0.0, "left_sw_ft": 14.2, "right_sw_ft": 13.2}, "geometry": {"type": "LineString", "coordinates": [[-73.78524772365446, 40.84351769020053], [-73.78497791365878, 40.84357603738519]]}}, {"type": "Feature", "properties": {"segment_id": 909907, "physicalid": "63602", "street_name": "CITY ISLAND AVE", "borough": "bronx", "direction": "TW", "total_row_ft": 77.6, "roadbed_ft": 50.4, "median_ft": 0.0, "left_sw_ft": 14.1, "right_sw_ft": 13.1}, "geometry": {"type": "LineString", "coordinates": [[-73.78526767545395, 40.84357045199969], [-73.7849979426203, 40.8436287825016]]}}, {"type": "Feature", "properties": {"segment_id": 909908, "physicalid": "63602", "street_name": "CITY ISLAND AVE", "borough": "bronx", "direction": "TW", "total_row_ft": 77.6, "roadbed_ft": 50.5, "median_ft": 0.0, "left_sw_ft": 14.1, "right_sw_ft": 12.9}, "geometry": {"type": "LineString", "coordinates": [[-73.78528762728511, 40.84362321379495], [-73.78501797161354, 40.843681527614024]]}}, {"type": "Feature", "properties": {"segment_id": 909909, "physicalid": "63602", "street_name": "CITY ISLAND AVE", "borough": "bronx", "direction": "TW", "total_row_ft": 77.6, "roadbed_ft": 50.7, "median_ft": 0.0, "left_sw_ft": 14.1, "right_sw_ft": 12.8}, "geometry": {"type": "LineString", "coordinates": [[-73.78530757914793, 40.84367597558625], [-73.78503800063858, 40.84373427272252]]}}, {"type": "Feature", "properties": {"segment_id": 909910, "physicalid": "63603", "street_name": "CITY ISLAND AVE", "borough": "bronx", "direction": "TW", "total_row_ft": 108.1, "roadbed_ft": 84.6, "median_ft": 0.0, "left_sw_ft": 15.0, "right_sw_ft": 8.5}, "geometry": {"type": "LineString", "coordinates": [[-73.78494242161449, 40.84249800223656], [-73.78461882505515, 40.84256791125024]]}}, {"type": "Feature", "properties": {"segment_id": 909911, "physicalid": "63603", "street_name": "CITY ISLAND AVE", "borough": "bronx", "direction": "TW", "total_row_ft": 68.0, "roadbed_ft": 49.5, "median_ft": 0.0, "left_sw_ft": 10.0, "right_sw_ft": 8.5}, "geometry": {"type": "LineString", "coordinates": [[-73.78487482008012, 40.8425696789294], [-73.78463843625859, 40.842620746613804]]}}, {"type": "Feature", "properties": {"segment_id": 909912, "physicalid": "63603", "street_name": "CITY ISLAND AVE", "borough": "bronx", "direction": "TW", "total_row_ft": 68.0, "roadbed_ft": 49.6, "median_ft": 0.0, "left_sw_ft": 9.9, "right_sw_ft": 8.5}, "geometry": {"type": "LineString", "coordinates": [[-73.78489452755296, 40.84262249349558], [-73.78465804749318, 40.84267358197357]]}}, {"type": "Feature", "properties": {"segment_id": 909913, "physicalid": "63603", "street_name": "CITY ISLAND AVE", "borough": "bronx", "direction": "TW", "total_row_ft": 68.1, "roadbed_ft": 49.7, "median_ft": 0.0, "left_sw_ft": 9.8, "right_sw_ft": 8.5}, "geometry": {"type": "LineString", "coordinates": [[-73.78491423505709, 40.84267530805793], [-73.78467765922056, 40.84272641722978]]}}, {"type": "Feature", "properties": {"segment_id": 909914, "physicalid": "63603", "street_name": "CITY ISLAND AVE", "borough": "bronx", "direction": "TW", "total_row_ft": 68.0, "roadbed_ft": 50.1, "median_ft": 0.0, "left_sw_ft": 9.7, "right_sw_ft": 8.3}, "geometry": {"type": "LineString", "coordinates": [[-73.78493375848578, 40.84272816239052], [-73.78469727076045, 40.8427792525294]]}}, {"type": "Feature", "properties": {"segment_id": 909915, "physicalid": "63603", "street_name": "CITY ISLAND AVE", "borough": "bronx", "direction": "TW", "total_row_ft": 67.9, "roadbed_ft": 49.8, "median_ft": 0.0, "left_sw_ft": 9.6, "right_sw_ft": 8.6}, "geometry": {"type": "LineString", "coordinates": [[-73.7849529694303, 40.84278108423462], [-73.78471688155345, 40.8428320879933]]}}, {"type": "Feature", "properties": {"segment_id": 909916, "physicalid": "63603", "street_name": "CITY ISLAND AVE", "borough": "bronx", "direction": "TW", "total_row_ft": 67.8, "roadbed_ft": 49.8, "median_ft": 0.0, "left_sw_ft": 9.5, "right_sw_ft": 8.6}, "geometry": {"type": "LineString", "coordinates": [[-73.78497218040539, 40.84283400607502], [-73.78473652231625, 40.842884916985575]]}}, {"type": "Feature", "properties": {"segment_id": 909917, "physicalid": "63603", "street_name": "CITY ISLAND AVE", "borough": "bronx", "direction": "TW", "total_row_ft": 67.7, "roadbed_ft": 49.8, "median_ft": 0.0, "left_sw_ft": 9.3, "right_sw_ft": 8.6}, "geometry": {"type": "LineString", "coordinates": [[-73.78499139141107, 40.84288692791176], [-73.78475617370941, 40.8429377436842]]}}, {"type": "Feature", "properties": {"segment_id": 909918, "physicalid": "63603", "street_name": "CITY ISLAND AVE", "borough": "bronx", "direction": "TW", "total_row_ft": 67.6, "roadbed_ft": 49.7, "median_ft": 0.0, "left_sw_ft": 9.3, "right_sw_ft": 8.6}, "geometry": {"type": "LineString", "coordinates": [[-73.78501078356909, 40.842939810615555], [-73.78477582513378, 40.842990570379]]}}, {"type": "Feature", "properties": {"segment_id": 909919, "physicalid": "63603", "street_name": "CITY ISLAND AVE", "borough": "bronx", "direction": "TW", "total_row_ft": 67.7, "roadbed_ft": 49.7, "median_ft": 0.0, "left_sw_ft": 9.4, "right_sw_ft": 8.6}, "geometry": {"type": "LineString", "coordinates": [[-73.78503071645038, 40.84299257650528], [-73.78479547646606, 40.84304339709663]]}}, {"type": "Feature", "properties": {"segment_id": 909920, "physicalid": "63603", "street_name": "CITY ISLAND AVE", "borough": "bronx", "direction": "TW", "total_row_ft": 73.0, "roadbed_ft": 49.6, "median_ft": 0.0, "left_sw_ft": 14.7, "right_sw_ft": 8.7}, "geometry": {"type": "LineString", "coordinates": [[-73.78506896187358, 40.843041386183685], [-73.78481512765094, 40.843096223849024]]}}, {"type": "Feature", "properties": {"segment_id": 909921, "physicalid": "63604", "street_name": "CITY ISLAND AVE", "borough": "bronx", "direction": "TW", "total_row_ft": 109.0, "roadbed_ft": 84.6, "median_ft": 0.0, "left_sw_ft": 15.0, "right_sw_ft": 9.4}, "geometry": {"type": "LineString", "coordinates": [[-73.78470770304571, 40.841861946284716], [-73.78438042514924, 40.841931530623455]]}}, {"type": "Feature", "properties": {"segment_id": 909922, "physicalid": "63604", "street_name": "CITY ISLAND AVE", "borough": "bronx", "direction": "TW", "total_row_ft": 72.2, "roadbed_ft": 49.4, "median_ft": 0.0, "left_sw_ft": 13.4, "right_sw_ft": 9.4}, "geometry": {"type": "LineString", "coordinates": [[-73.7846514886789, 40.84193090332072], [-73.78440021018203, 40.84198432892037]]}}, {"type": "Feature", "properties": {"segment_id": 909923, "physicalid": "63604", "street_name": "CITY ISLAND AVE", "borough": "bronx", "direction": "TW", "total_row_ft": 72.5, "roadbed_ft": 49.1, "median_ft": 0.0, "left_sw_ft": 14.0, "right_sw_ft": 9.4}, "geometry": {"type": "LineString", "coordinates": [[-73.78467214876352, 40.84198351556648], [-73.78441999534013, 40.84203712719344]]}}, {"type": "Feature", "properties": {"segment_id": 909924, "physicalid": "63604", "street_name": "CITY ISLAND AVE", "borough": "bronx", "direction": "TW", "total_row_ft": 72.7, "roadbed_ft": 48.6, "median_ft": 0.0, "left_sw_ft": 14.6, "right_sw_ft": 9.6}, "geometry": {"type": "LineString", "coordinates": [[-73.7846928088808, 40.84203612780808], [-73.78443978052962, 40.84208992546263]]}}, {"type": "Feature", "properties": {"segment_id": 909925, "physicalid": "63604", "street_name": "CITY ISLAND AVE", "borough": "bronx", "direction": "TW", "total_row_ft": 73.0, "roadbed_ft": 48.6, "median_ft": 0.0, "left_sw_ft": 15.1, "right_sw_ft": 9.2}, "geometry": {"type": "LineString", "coordinates": [[-73.78471346917259, 40.84208874001538], [-73.78445956622932, 40.842142723626125]]}}, {"type": "Feature", "properties": {"segment_id": 909926, "physicalid": "63604", "street_name": "CITY ISLAND AVE", "borough": "bronx", "direction": "TW", "total_row_ft": 73.2, "roadbed_ft": 48.3, "median_ft": 0.0, "left_sw_ft": 15.7, "right_sw_ft": 9.2}, "geometry": {"type": "LineString", "coordinates": [[-73.78473412959693, 40.842141352197224], [-73.78447935206539, 40.842195521763465]]}}, {"type": "Feature", "properties": {"segment_id": 909927, "physicalid": "63604", "street_name": "CITY ISLAND AVE", "borough": "bronx", "direction": "TW", "total_row_ft": 73.5, "roadbed_ft": 48.4, "median_ft": 0.0, "left_sw_ft": 16.0, "right_sw_ft": 9.1}, "geometry": {"type": "LineString", "coordinates": [[-73.78475479005394, 40.842193964374914], [-73.78449914144782, 40.842248319149604]]}}, {"type": "Feature", "properties": {"segment_id": 909928, "physicalid": "63604", "street_name": "CITY ISLAND AVE", "borough": "bronx", "direction": "TW", "total_row_ft": 73.7, "roadbed_ft": 48.4, "median_ft": 0.0, "left_sw_ft": 16.3, "right_sw_ft": 9.0}, "geometry": {"type": "LineString", "coordinates": [[-73.78477545095583, 40.842246576460795], [-73.78451893086167, 40.84230111653187]]}}, {"type": "Feature", "properties": {"segment_id": 909929, "physicalid": "63604", "street_name": "CITY ISLAND AVE", "borough": "bronx", "direction": "TW", "total_row_ft": 73.8, "roadbed_ft": 48.4, "median_ft": 0.0, "left_sw_ft": 16.5, "right_sw_ft": 8.9}, "geometry": {"type": "LineString", "coordinates": [[-73.78479557835817, 40.84229930198026], [-73.78453872030691, 40.84235391391023]]}}, {"type": "Feature", "properties": {"segment_id": 909930, "physicalid": "63604", "street_name": "CITY ISLAND AVE", "borough": "bronx", "direction": "TW", "total_row_ft": 73.9, "roadbed_ft": 48.4, "median_ft": 0.0, "left_sw_ft": 16.7, "right_sw_ft": 8.9}, "geometry": {"type": "LineString", "coordinates": [[-73.78481563936515, 40.84235204161925], [-73.7845585097836, 40.842406711284745]]}}, {"type": "Feature", "properties": {"segment_id": 909931, "physicalid": "63604", "street_name": "CITY ISLAND AVE", "borough": "bronx", "direction": "TW", "total_row_ft": 74.0, "roadbed_ft": 48.6, "median_ft": 0.0, "left_sw_ft": 16.6, "right_sw_ft": 8.7}, "geometry": {"type": "LineString", "coordinates": [[-73.78483570040395, 40.84240478125425], [-73.78457829950369, 40.84245950861033]]}}, {"type": "Feature", "properties": {"segment_id": 909932, "physicalid": "63605", "street_name": "CITY ISLAND AVE", "borough": "bronx", "direction": "TW", "total_row_ft": 103.1, "roadbed_ft": 51.9, "median_ft": 0.0, "left_sw_ft": 32.9, "right_sw_ft": 18.2}, "geometry": {"type": "LineString", "coordinates": [[-73.78446650854488, 40.841217016082624], [-73.78410824151103, 40.841294364775315]]}}, {"type": "Feature", "properties": {"segment_id": 909933, "physicalid": "63605", "street_name": "CITY ISLAND AVE", "borough": "bronx", "direction": "TW", "total_row_ft": 67.5, "roadbed_ft": 49.0, "median_ft": 0.0, "left_sw_ft": 9.6, "right_sw_ft": 8.9}, "geometry": {"type": "LineString", "coordinates": [[-73.78439539473152, 40.841289438710305], [-73.78416078975823, 40.841340089098594]]}}, {"type": "Feature", "properties": {"segment_id": 909934, "physicalid": "63605", "street_name": "CITY ISLAND AVE", "borough": "bronx", "direction": "TW", "total_row_ft": 67.4, "roadbed_ft": 49.2, "median_ft": 0.0, "left_sw_ft": 9.3, "right_sw_ft": 8.9}, "geometry": {"type": "LineString", "coordinates": [[-73.78441464140158, 40.84134235268308], [-73.78418045088506, 40.84139291359367]]}}, {"type": "Feature", "properties": {"segment_id": 909935, "physicalid": "63605", "street_name": "CITY ISLAND AVE", "borough": "bronx", "direction": "TW", "total_row_ft": 67.2, "roadbed_ft": 49.3, "median_ft": 0.0, "left_sw_ft": 9.0, "right_sw_ft": 9.0}, "geometry": {"type": "LineString", "coordinates": [[-73.78443388824438, 40.8413952666215], [-73.7842001120431, 40.841445738084914]]}}, {"type": "Feature", "properties": {"segment_id": 909936, "physicalid": "63605", "street_name": "CITY ISLAND AVE", "borough": "bronx", "direction": "TW", "total_row_ft": 67.1, "roadbed_ft": 49.2, "median_ft": 0.0, "left_sw_ft": 8.9, "right_sw_ft": 9.1}, "geometry": {"type": "LineString", "coordinates": [[-73.78445313549749, 40.841448180474266], [-73.78421977323235, 40.84149856257233]]}}, {"type": "Feature", "properties": {"segment_id": 909937, "physicalid": "63605", "street_name": "CITY ISLAND AVE", "borough": "bronx", "direction": "TW", "total_row_ft": 66.9, "roadbed_ft": 49.2, "median_ft": 0.0, "left_sw_ft": 8.7, "right_sw_ft": 9.0}, "geometry": {"type": "LineString", "coordinates": [[-73.78447238254653, 40.84150109437396], [-73.78423980257068, 40.841551307581]]}}, {"type": "Feature", "properties": {"segment_id": 909938, "physicalid": "63605", "street_name": "CITY ISLAND AVE", "borough": "bronx", "direction": "TW", "total_row_ft": 70.3, "roadbed_ft": 49.2, "median_ft": 0.0, "left_sw_ft": 12.2, "right_sw_ft": 8.9}, "geometry": {"type": "LineString", "coordinates": [[-73.78450433206153, 40.84155126584264], [-73.78425991789851, 40.84160403402783]]}}, {"type": "Feature", "properties": {"segment_id": 909939, "physicalid": "63605", "street_name": "CITY ISLAND AVE", "borough": "bronx", "direction": "TW", "total_row_ft": 70.1, "roadbed_ft": 49.2, "median_ft": 0.0, "left_sw_ft": 12.1, "right_sw_ft": 8.8}, "geometry": {"type": "LineString", "coordinates": [[-73.78452369386564, 40.84160415497274], [-73.78428003325824, 40.84165676047066]]}}, {"type": "Feature", "properties": {"segment_id": 909940, "physicalid": "63605", "street_name": "CITY ISLAND AVE", "borough": "bronx", "direction": "TW", "total_row_ft": 69.9, "roadbed_ft": 49.2, "median_ft": 0.0, "left_sw_ft": 12.0, "right_sw_ft": 8.7}, "geometry": {"type": "LineString", "coordinates": [[-73.78454305570055, 40.841657044099094], [-73.784300148712, 40.84170948689612]]}}, {"type": "Feature", "properties": {"segment_id": 909941, "physicalid": "63605", "street_name": "CITY ISLAND AVE", "borough": "bronx", "direction": "TW", "total_row_ft": 69.7, "roadbed_ft": 49.2, "median_ft": 0.0, "left_sw_ft": 11.9, "right_sw_ft": 8.6}, "geometry": {"type": "LineString", "coordinates": [[-73.78456241741718, 40.84170993325394], [-73.78432026471013, 40.84176221320693]]}}, {"type": "Feature", "properties": {"segment_id": 909942, "physicalid": "63605", "street_name": "CITY ISLAND AVE", "borough": "bronx", "direction": "TW", "total_row_ft": 79.5, "roadbed_ft": 49.2, "median_ft": 0.0, "left_sw_ft": 15.2, "right_sw_ft": 15.1}, "geometry": {"type": "LineString", "coordinates": [[-73.784593819182, 40.84176022299035], [-73.78431733320726, 40.841819915367964]]}}, {"type": "Feature", "properties": {"segment_id": 909943, "physicalid": "63606", "street_name": "CITY ISLAND AVE", "borough": "bronx", "direction": "TW", "total_row_ft": 109.4, "roadbed_ft": 84.7, "median_ft": 0.0, "left_sw_ft": 15.0, "right_sw_ft": 9.7}, "geometry": {"type": "LineString", "coordinates": [[-73.7842423231527, 40.840610447492004], [-73.7839138089174, 40.840680413408606]]}}, {"type": "Feature", "properties": {"segment_id": 909944, "physicalid": "63606", "street_name": "CITY ISLAND AVE", "borough": "bronx", "direction": "TW", "total_row_ft": 72.3, "roadbed_ft": 49.2, "median_ft": 0.0, "left_sw_ft": 13.6, "right_sw_ft": 9.5}, "geometry": {"type": "LineString", "coordinates": [[-73.78418559741253, 40.84067954073423], [-73.78393392665531, 40.8407331406787]]}}, {"type": "Feature", "properties": {"segment_id": 909945, "physicalid": "63606", "street_name": "CITY ISLAND AVE", "borough": "bronx", "direction": "TW", "total_row_ft": 71.8, "roadbed_ft": 49.0, "median_ft": 0.0, "left_sw_ft": 13.4, "right_sw_ft": 9.3}, "geometry": {"type": "LineString", "coordinates": [[-73.78420387514281, 40.84073265988335], [-73.7839540444251, 40.84078586794478]]}}, {"type": "Feature", "properties": {"segment_id": 909946, "physicalid": "63606", "street_name": "CITY ISLAND AVE", "borough": "bronx", "direction": "TW", "total_row_ft": 71.3, "roadbed_ft": 48.8, "median_ft": 0.0, "left_sw_ft": 13.3, "right_sw_ft": 9.2}, "geometry": {"type": "LineString", "coordinates": [[-73.78422215290229, 40.84078577902911], [-73.78397416222678, 40.8408385952069]]}}, {"type": "Feature", "properties": {"segment_id": 909947, "physicalid": "63606", "street_name": "CITY ISLAND AVE", "borough": "bronx", "direction": "TW", "total_row_ft": 70.7, "roadbed_ft": 48.8, "median_ft": 0.0, "left_sw_ft": 13.0, "right_sw_ft": 9.0}, "geometry": {"type": "LineString", "coordinates": [[-73.78424043069094, 40.84083889817149], [-73.78399428006034, 40.840891322465026]]}}, {"type": "Feature", "properties": {"segment_id": 909948, "physicalid": "63606", "street_name": "CITY ISLAND AVE", "borough": "bronx", "direction": "TW", "total_row_ft": 70.2, "roadbed_ft": 49.0, "median_ft": 0.0, "left_sw_ft": 12.4, "right_sw_ft": 8.8}, "geometry": {"type": "LineString", "coordinates": [[-73.78425870851652, 40.84089201730883], [-73.7840143979258, 40.84094404971914]]}}, {"type": "Feature", "properties": {"segment_id": 909949, "physicalid": "63606", "street_name": "CITY ISLAND AVE", "borough": "bronx", "direction": "TW", "total_row_ft": 69.8, "roadbed_ft": 49.3, "median_ft": 0.0, "left_sw_ft": 12.0, "right_sw_ft": 8.6}, "geometry": {"type": "LineString", "coordinates": [[-73.78427752262908, 40.84094502223184], [-73.78403445714483, 40.84099678946633]]}}, {"type": "Feature", "properties": {"segment_id": 909950, "physicalid": "63606", "street_name": "CITY ISLAND AVE", "borough": "bronx", "direction": "TW", "total_row_ft": 69.7, "roadbed_ft": 49.6, "median_ft": 0.0, "left_sw_ft": 11.7, "right_sw_ft": 8.4}, "geometry": {"type": "LineString", "coordinates": [[-73.78429672095804, 40.840997945328176], [-73.78405414795121, 40.841049607679096]]}}, {"type": "Feature", "properties": {"segment_id": 909951, "physicalid": "63606", "street_name": "CITY ISLAND AVE", "borough": "bronx", "direction": "TW", "total_row_ft": 69.6, "roadbed_ft": 49.9, "median_ft": 0.0, "left_sw_ft": 11.4, "right_sw_ft": 8.2}, "geometry": {"type": "LineString", "coordinates": [[-73.78431591931754, 40.84105086842078], [-73.78407383878887, 40.84110242588804]]}}, {"type": "Feature", "properties": {"segment_id": 909952, "physicalid": "63606", "street_name": "CITY ISLAND AVE", "borough": "bronx", "direction": "TW", "total_row_ft": 69.4, "roadbed_ft": 50.3, "median_ft": 0.0, "left_sw_ft": 11.1, "right_sw_ft": 8.0}, "geometry": {"type": "LineString", "coordinates": [[-73.7843351175985, 40.84110379153299], [-73.7840935296578, 40.84115524409315]]}}, {"type": "Feature", "properties": {"segment_id": 909953, "physicalid": "63607", "street_name": "CITY ISLAND AVE", "borough": "bronx", "direction": "TW", "total_row_ft": 96.8, "roadbed_ft": 50.4, "median_ft": 0.0, "left_sw_ft": 11.8, "right_sw_ft": 34.6}, "geometry": {"type": "LineString", "coordinates": [[-73.78405810978234, 40.84034927897233], [-73.78372135633215, 40.84042169009052]]}}, {"type": "Feature", "properties": {"segment_id": 909954, "physicalid": "63607", "street_name": "CITY ISLAND AVE", "borough": "bronx", "direction": "TW", "total_row_ft": 77.6, "roadbed_ft": 49.9, "median_ft": 0.0, "left_sw_ft": 11.8, "right_sw_ft": 15.8}, "geometry": {"type": "LineString", "coordinates": [[-73.78407747652251, 40.840402166656396], [-73.78380776344925, 40.84046016236994]]}}, {"type": "Feature", "properties": {"segment_id": 909955, "physicalid": "63607", "street_name": "CITY ISLAND AVE", "borough": "bronx", "direction": "TW", "total_row_ft": 77.4, "roadbed_ft": 49.7, "median_ft": 0.0, "left_sw_ft": 11.8, "right_sw_ft": 15.9}, "geometry": {"type": "LineString", "coordinates": [[-73.78409684318221, 40.840455054360625], [-73.78382757211648, 40.84051295503335]]}}, {"type": "Feature", "properties": {"segment_id": 909956, "physicalid": "63607", "street_name": "CITY ISLAND AVE", "borough": "bronx", "direction": "TW", "total_row_ft": 73.5, "roadbed_ft": 49.6, "median_ft": 0.0, "left_sw_ft": 8.1, "right_sw_ft": 15.9}, "geometry": {"type": "LineString", "coordinates": [[-73.78410308992675, 40.84051076322679], [-73.78384738081513, 40.840565747692814]]}}, {"type": "Feature", "properties": {"segment_id": 909957, "physicalid": "63608", "street_name": "CITY ISLAND AVE", "borough": "bronx", "direction": "TW", "total_row_ft": 108.7, "roadbed_ft": 85.0, "median_ft": 0.0, "left_sw_ft": 15.0, "right_sw_ft": 8.7}, "geometry": {"type": "LineString", "coordinates": [[-73.784016917146, 40.84000445293179], [-73.78369117119361, 40.84007425108131]]}}, {"type": "Feature", "properties": {"segment_id": 909958, "physicalid": "63608", "street_name": "CITY ISLAND AVE", "borough": "bronx", "direction": "TW", "total_row_ft": 65.7, "roadbed_ft": 50.1, "median_ft": 0.0, "left_sw_ft": 6.8, "right_sw_ft": 8.9}, "geometry": {"type": "LineString", "coordinates": [[-73.78393896135367, 40.84007819395643], [-73.78371030411684, 40.840127188628536]]}}, {"type": "Feature", "properties": {"segment_id": 909959, "physicalid": "63608", "street_name": "CITY ISLAND AVE", "borough": "bronx", "direction": "TW", "total_row_ft": 66.2, "roadbed_ft": 50.3, "median_ft": 0.0, "left_sw_ft": 6.9, "right_sw_ft": 9.0}, "geometry": {"type": "LineString", "coordinates": [[-73.78395971463969, 40.840130784305956], [-73.78372943707053, 40.840180126172115]]}}, {"type": "Feature", "properties": {"segment_id": 909960, "physicalid": "63608", "street_name": "CITY ISLAND AVE", "borough": "bronx", "direction": "TW", "total_row_ft": 66.7, "roadbed_ft": 50.3, "median_ft": 0.0, "left_sw_ft": 7.3, "right_sw_ft": 9.0}, "geometry": {"type": "LineString", "coordinates": [[-73.78398046795854, 40.840183374651275], [-73.78374857005466, 40.840233063712034]]}}, {"type": "Feature", "properties": {"segment_id": 909961, "physicalid": "63608", "street_name": "CITY ISLAND AVE", "borough": "bronx", "direction": "TW", "total_row_ft": 67.1, "roadbed_ft": 50.3, "median_ft": 0.0, "left_sw_ft": 7.7, "right_sw_ft": 9.1}, "geometry": {"type": "LineString", "coordinates": [[-73.78400122131019, 40.840235964992374], [-73.78376770306924, 40.8402860012483]]}}, {"type": "Feature", "properties": {"segment_id": 910004, "physicalid": "63614", "street_name": "CITY ISLAND AVE", "borough": "bronx", "direction": "TW", "total_row_ft": 98.7, "roadbed_ft": 55.0, "median_ft": 0.0, "left_sw_ft": 29.9, "right_sw_ft": 13.7}, "geometry": {"type": "LineString", "coordinates": [[-73.78566593549074, 40.84443004116965], [-73.7853224556027, 40.84450326872621]]}}, {"type": "Feature", "properties": {"segment_id": 910005, "physicalid": "63614", "street_name": "CITY ISLAND AVE", "borough": "bronx", "direction": "TW", "total_row_ft": 75.6, "roadbed_ft": 50.0, "median_ft": 0.0, "left_sw_ft": 11.8, "right_sw_ft": 13.8}, "geometry": {"type": "LineString", "coordinates": [[-73.78560462436076, 40.8445001286954], [-73.78534158132646, 40.84455620756197]]}}, {"type": "Feature", "properties": {"segment_id": 910006, "physicalid": "63614", "street_name": "CITY ISLAND AVE", "borough": "bronx", "direction": "TW", "total_row_ft": 75.1, "roadbed_ft": 50.1, "median_ft": 0.0, "left_sw_ft": 11.2, "right_sw_ft": 13.9}, "geometry": {"type": "LineString", "coordinates": [[-73.7856220446164, 40.84455343112779], [-73.78536070701175, 40.844609146408814]]}}, {"type": "Feature", "properties": {"segment_id": 910007, "physicalid": "63614", "street_name": "CITY ISLAND AVE", "borough": "bronx", "direction": "TW", "total_row_ft": 74.6, "roadbed_ft": 50.1, "median_ft": 0.0, "left_sw_ft": 10.6, "right_sw_ft": 13.9}, "geometry": {"type": "LineString", "coordinates": [[-73.78563946489997, 40.844606733557036], [-73.78538004714697, 40.8446620395396]]}}, {"type": "Feature", "properties": {"segment_id": 910008, "physicalid": "63614", "street_name": "CITY ISLAND AVE", "borough": "bronx", "direction": "TW", "total_row_ft": 74.0, "roadbed_ft": 50.2, "median_ft": 0.0, "left_sw_ft": 10.0, "right_sw_ft": 13.9}, "geometry": {"type": "LineString", "coordinates": [[-73.78565688521145, 40.84466003598321], [-73.78539942820424, 40.84471492394898]]}}, {"type": "Feature", "properties": {"segment_id": 910009, "physicalid": "63614", "street_name": "CITY ISLAND AVE", "borough": "bronx", "direction": "TW", "total_row_ft": 73.4, "roadbed_ft": 50.2, "median_ft": 0.0, "left_sw_ft": 9.4, "right_sw_ft": 13.8}, "geometry": {"type": "LineString", "coordinates": [[-73.78567430555086, 40.84471333840626], [-73.78541880929234, 40.84476780835459]]}}, {"type": "Feature", "properties": {"segment_id": 910010, "physicalid": "63614", "street_name": "CITY ISLAND AVE", "borough": "bronx", "direction": "TW", "total_row_ft": 73.5, "roadbed_ft": 50.2, "median_ft": 0.0, "left_sw_ft": 9.4, "right_sw_ft": 13.9}, "geometry": {"type": "LineString", "coordinates": [[-73.78569410024039, 40.844766134634845], [-73.78543819041127, 40.844820692756514]]}}, {"type": "Feature", "properties": {"segment_id": 910011, "physicalid": "63614", "street_name": "CITY ISLAND AVE", "borough": "bronx", "direction": "TW", "total_row_ft": 74.2, "roadbed_ft": 50.1, "median_ft": 0.0, "left_sw_ft": 10.1, "right_sw_ft": 14.0}, "geometry": {"type": "LineString", "coordinates": [[-73.78571581021404, 40.844818522539036], [-73.78545757156101, 40.844873577154665]]}}, {"type": "Feature", "properties": {"segment_id": 910012, "physicalid": "63614", "street_name": "CITY ISLAND AVE", "borough": "bronx", "direction": "TW", "total_row_ft": 73.9, "roadbed_ft": 50.0, "median_ft": 0.0, "left_sw_ft": 10.7, "right_sw_ft": 13.2}, "geometry": {"type": "LineString", "coordinates": [[-73.7857375202219, 40.84487091043871], [-73.78548035038006, 40.84492573720143]]}}, {"type": "Feature", "properties": {"segment_id": 910013, "physicalid": "63614", "street_name": "CITY ISLAND AVE", "borough": "bronx", "direction": "TW", "total_row_ft": 74.5, "roadbed_ft": 50.1, "median_ft": 0.0, "left_sw_ft": 11.2, "right_sw_ft": 13.3}, "geometry": {"type": "LineString", "coordinates": [[-73.78575923026395, 40.84492329833381], [-73.78549984105148, 40.84497859825609]]}}, {"type": "Feature", "properties": {"segment_id": 910014, "physicalid": "63614", "street_name": "CITY ISLAND AVE", "borough": "bronx", "direction": "TW", "total_row_ft": 75.2, "roadbed_ft": 50.2, "median_ft": 0.0, "left_sw_ft": 11.6, "right_sw_ft": 13.4}, "geometry": {"type": "LineString", "coordinates": [[-73.78578094034019, 40.844975686224345], [-73.78551933153875, 40.84503145935288]]}}, {"type": "Feature", "properties": {"segment_id": 910015, "physicalid": "63614", "street_name": "CITY ISLAND AVE", "borough": "bronx", "direction": "TW", "total_row_ft": 75.8, "roadbed_ft": 50.1, "median_ft": 0.0, "left_sw_ft": 12.1, "right_sw_ft": 13.6}, "geometry": {"type": "LineString", "coordinates": [[-73.78580265045062, 40.84502807411031], [-73.78553882165916, 40.845084320530724]]}}, {"type": "Feature", "properties": {"segment_id": 910016, "physicalid": "63615", "street_name": "CITY ISLAND AVE", "borough": "bronx", "direction": "TW", "total_row_ft": 120.0, "roadbed_ft": 56.6, "median_ft": 0.0, "left_sw_ft": 32.0, "right_sw_ft": 31.4}, "geometry": {"type": "LineString", "coordinates": [[-73.78592597009698, 40.84513443130949], [-73.78550764518833, 40.8452214020437]]}}, {"type": "Feature", "properties": {"segment_id": 910017, "physicalid": "63615", "street_name": "CITY ISLAND AVE", "borough": "bronx", "direction": "TW", "total_row_ft": 77.1, "roadbed_ft": 49.3, "median_ft": 0.0, "left_sw_ft": 13.7, "right_sw_ft": 14.2}, "geometry": {"type": "LineString", "coordinates": [[-73.7858722776341, 40.84520250838667], [-73.78560334912426, 40.8452584192655]]}}, {"type": "Feature", "properties": {"segment_id": 910018, "physicalid": "63615", "street_name": "CITY ISLAND AVE", "borough": "bronx", "direction": "TW", "total_row_ft": 77.6, "roadbed_ft": 49.3, "median_ft": 0.0, "left_sw_ft": 13.8, "right_sw_ft": 14.5}, "geometry": {"type": "LineString", "coordinates": [[-73.78589241495666, 40.845255235953275], [-73.78562192121306, 40.84531147225151]]}}, {"type": "Feature", "properties": {"segment_id": 910019, "physicalid": "63615", "street_name": "CITY ISLAND AVE", "borough": "bronx", "direction": "TW", "total_row_ft": 78.0, "roadbed_ft": 49.3, "median_ft": 0.0, "left_sw_ft": 13.8, "right_sw_ft": 14.9}, "geometry": {"type": "LineString", "coordinates": [[-73.78591255226772, 40.845307963524895], [-73.7856404933315, 40.845364525234004]]}}, {"type": "Feature", "properties": {"segment_id": 910020, "physicalid": "63615", "street_name": "CITY ISLAND AVE", "borough": "bronx", "direction": "TW", "total_row_ft": 78.2, "roadbed_ft": 49.3, "median_ft": 0.0, "left_sw_ft": 13.9, "right_sw_ft": 15.0}, "geometry": {"type": "LineString", "coordinates": [[-73.7859326896107, 40.84536069109256], [-73.78565992380588, 40.84541739976606]]}}, {"type": "Feature", "properties": {"segment_id": 910021, "physicalid": "63615", "street_name": "CITY ISLAND AVE", "borough": "bronx", "direction": "TW", "total_row_ft": 78.1, "roadbed_ft": 49.4, "median_ft": 0.0, "left_sw_ft": 13.7, "right_sw_ft": 14.9}, "geometry": {"type": "LineString", "coordinates": [[-73.78595171039031, 40.84541365080058], [-73.78567952757562, 40.84547023827254]]}}, {"type": "Feature", "properties": {"segment_id": 910022, "physicalid": "63615", "street_name": "CITY ISLAND AVE", "borough": "bronx", "direction": "TW", "total_row_ft": 78.6, "roadbed_ft": 49.6, "median_ft": 0.0, "left_sw_ft": 14.1, "right_sw_ft": 14.8}, "geometry": {"type": "LineString", "coordinates": [[-73.78597296489139, 40.845466146112074], [-73.78569913137649, 40.84552307677519]]}}, {"type": "Feature", "properties": {"segment_id": 910023, "physicalid": "63615", "street_name": "CITY ISLAND AVE", "borough": "bronx", "direction": "TW", "total_row_ft": 78.7, "roadbed_ft": 49.8, "median_ft": 0.0, "left_sw_ft": 14.1, "right_sw_ft": 14.7}, "geometry": {"type": "LineString", "coordinates": [[-73.78599310268807, 40.84551887359331], [-73.78571892172364, 40.84557587649731]]}}, {"type": "Feature", "properties": {"segment_id": 910024, "physicalid": "63615", "street_name": "CITY ISLAND AVE", "borough": "bronx", "direction": "TW", "total_row_ft": 79.0, "roadbed_ft": 50.1, "median_ft": 0.0, "left_sw_ft": 14.3, "right_sw_ft": 14.6}, "geometry": {"type": "LineString", "coordinates": [[-73.78601365590397, 40.84557151470993], [-73.78573833916263, 40.84562875375012]]}}, {"type": "Feature", "properties": {"segment_id": 910025, "physicalid": "63615", "street_name": "CITY ISLAND AVE", "borough": "bronx", "direction": "TW", "total_row_ft": 79.4, "roadbed_ft": 50.3, "median_ft": 0.0, "left_sw_ft": 14.5, "right_sw_ft": 14.5}, "geometry": {"type": "LineString", "coordinates": [[-73.78603470416786, 40.84562405290675], [-73.78575794287553, 40.84568159227903]]}}, {"type": "Feature", "properties": {"segment_id": 910026, "physicalid": "63615", "street_name": "CITY ISLAND AVE", "borough": "bronx", "direction": "TW", "total_row_ft": 79.8, "roadbed_ft": 50.5, "median_ft": 0.0, "left_sw_ft": 14.8, "right_sw_ft": 14.5}, "geometry": {"type": "LineString", "coordinates": [[-73.78605575246499, 40.845676591099284], [-73.78577754661957, 40.84573443080413]]}}, {"type": "Feature", "properties": {"segment_id": 910027, "physicalid": "63615", "street_name": "CITY ISLAND AVE", "borough": "bronx", "direction": "TW", "total_row_ft": 80.2, "roadbed_ft": 50.7, "median_ft": 0.0, "left_sw_ft": 15.1, "right_sw_ft": 14.4}, "geometry": {"type": "LineString", "coordinates": [[-73.78607680079536, 40.84572912928745], [-73.78579715039477, 40.84578726932545]]}}, {"type": "Feature", "properties": {"segment_id": 910028, "physicalid": "63616", "street_name": "CITY ISLAND AVE", "borough": "bronx", "direction": "TW", "total_row_ft": 120.0, "roadbed_ft": 52.0, "median_ft": 0.0, "left_sw_ft": 31.1, "right_sw_ft": 36.9}, "geometry": {"type": "LineString", "coordinates": [[-73.78617591134774, 40.84582454743527], [-73.78576010228498, 40.845918228741276]]}}, {"type": "Feature", "properties": {"segment_id": 910029, "physicalid": "63616", "street_name": "CITY ISLAND AVE", "borough": "bronx", "direction": "TW", "total_row_ft": 78.6, "roadbed_ft": 49.4, "median_ft": 0.0, "left_sw_ft": 16.3, "right_sw_ft": 12.9}, "geometry": {"type": "LineString", "coordinates": [[-73.78613823572358, 40.84589029492658], [-73.78586574522872, 40.845951686764344]]}}, {"type": "Feature", "properties": {"segment_id": 910030, "physicalid": "63616", "street_name": "CITY ISLAND AVE", "borough": "bronx", "direction": "TW", "total_row_ft": 78.4, "roadbed_ft": 49.7, "median_ft": 0.0, "left_sw_ft": 16.0, "right_sw_ft": 12.8}, "geometry": {"type": "LineString", "coordinates": [[-73.7861569469463, 40.84594333842567], [-73.78588517154446, 40.84600456915324]]}}, {"type": "Feature", "properties": {"segment_id": 910031, "physicalid": "63616", "street_name": "CITY ISLAND AVE", "borough": "bronx", "direction": "TW", "total_row_ft": 78.2, "roadbed_ft": 49.9, "median_ft": 0.0, "left_sw_ft": 15.6, "right_sw_ft": 12.7}, "geometry": {"type": "LineString", "coordinates": [[-73.78617545366625, 40.84599642800254], [-73.78590459789109, 40.846057451538385]]}}, {"type": "Feature", "properties": {"segment_id": 910032, "physicalid": "63616", "street_name": "CITY ISLAND AVE", "borough": "bronx", "direction": "TW", "total_row_ft": 77.9, "roadbed_ft": 50.0, "median_ft": 0.0, "left_sw_ft": 15.2, "right_sw_ft": 12.7}, "geometry": {"type": "LineString", "coordinates": [[-73.78619395088391, 40.84604951972343], [-73.78592402426861, 40.846110333919775]]}}, {"type": "Feature", "properties": {"segment_id": 910033, "physicalid": "63616", "street_name": "CITY ISLAND AVE", "borough": "bronx", "direction": "TW", "total_row_ft": 77.6, "roadbed_ft": 49.9, "median_ft": 0.0, "left_sw_ft": 14.8, "right_sw_ft": 12.9}, "geometry": {"type": "LineString", "coordinates": [[-73.78621244813291, 40.84610261144048], [-73.78594345067701, 40.846163216297406]]}}, {"type": "Feature", "properties": {"segment_id": 910034, "physicalid": "63616", "street_name": "CITY ISLAND AVE", "borough": "bronx", "direction": "TW", "total_row_ft": 77.6, "roadbed_ft": 49.8, "median_ft": 0.0, "left_sw_ft": 14.5, "right_sw_ft": 13.4}, "geometry": {"type": "LineString", "coordinates": [[-73.7862309455872, 40.84615570311445], [-73.78596195792942, 40.846216305761914]]}}, {"type": "Feature", "properties": {"segment_id": 910035, "physicalid": "63616", "street_name": "CITY ISLAND AVE", "borough": "bronx", "direction": "TW", "total_row_ft": 77.7, "roadbed_ft": 49.7, "median_ft": 0.0, "left_sw_ft": 14.1, "right_sw_ft": 13.9}, "geometry": {"type": "LineString", "coordinates": [[-73.78624944307106, 40.846208794784964], [-73.78598031864858, 40.84626942824321]]}}, {"type": "Feature", "properties": {"segment_id": 910036, "physicalid": "63616", "street_name": "CITY ISLAND AVE", "borough": "bronx", "direction": "TW", "total_row_ft": 77.7, "roadbed_ft": 49.6, "median_ft": 0.0, "left_sw_ft": 13.7, "right_sw_ft": 14.4}, "geometry": {"type": "LineString", "coordinates": [[-73.78626794058444, 40.84626188645208], [-73.78599867924638, 40.84632255075504]]}}, {"type": "Feature", "properties": {"segment_id": 910037, "physicalid": "63616", "street_name": "CITY ISLAND AVE", "borough": "bronx", "direction": "TW", "total_row_ft": 77.7, "roadbed_ft": 49.5, "median_ft": 0.0, "left_sw_ft": 13.3, "right_sw_ft": 15.0}, "geometry": {"type": "LineString", "coordinates": [[-73.7862864381273, 40.84631497811567], [-73.7860170398735, 40.846375673263466]]}}, {"type": "Feature", "properties": {"segment_id": 910038, "physicalid": "63616", "street_name": "CITY ISLAND AVE", "borough": "bronx", "direction": "TW", "total_row_ft": 77.8, "roadbed_ft": 49.4, "median_ft": 0.0, "left_sw_ft": 12.9, "right_sw_ft": 15.5}, "geometry": {"type": "LineString", "coordinates": [[-73.78630493569975, 40.84636806977587], [-73.78603547331772, 40.846428779369546]]}}, {"type": "Feature", "properties": {"segment_id": 910039, "physicalid": "63617", "street_name": "CITY ISLAND AVE", "borough": "bronx", "direction": "TW", "total_row_ft": 120.0, "roadbed_ft": 53.9, "median_ft": 0.0, "left_sw_ft": 33.5, "right_sw_ft": 32.6}, "geometry": {"type": "LineString", "coordinates": [[-73.78642623435469, 40.84646696679739], [-73.78600902669463, 40.84655700159152]]}}, {"type": "Feature", "properties": {"segment_id": 910040, "physicalid": "63617", "street_name": "CITY ISLAND AVE", "borough": "bronx", "direction": "TW", "total_row_ft": 79.1, "roadbed_ft": 49.4, "median_ft": 0.0, "left_sw_ft": 14.8, "right_sw_ft": 14.9}, "geometry": {"type": "LineString", "coordinates": [[-73.78637505112364, 40.84653508013684], [-73.7861001250907, 40.846594410088656]]}}, {"type": "Feature", "properties": {"segment_id": 910041, "physicalid": "63617", "street_name": "CITY ISLAND AVE", "borough": "bronx", "direction": "TW", "total_row_ft": 78.9, "roadbed_ft": 49.3, "median_ft": 0.0, "left_sw_ft": 14.4, "right_sw_ft": 15.2}, "geometry": {"type": "LineString", "coordinates": [[-73.78639323830062, 40.84658822299395], [-73.78611875260589, 40.84664745791883]]}}, {"type": "Feature", "properties": {"segment_id": 910042, "physicalid": "63617", "street_name": "CITY ISLAND AVE", "borough": "bronx", "direction": "TW", "total_row_ft": 78.8, "roadbed_ft": 49.3, "median_ft": 0.0, "left_sw_ft": 13.9, "right_sw_ft": 15.6}, "geometry": {"type": "LineString", "coordinates": [[-73.78641142550666, 40.8466413658477], [-73.786137380291, 40.84670050571525]]}}, {"type": "Feature", "properties": {"segment_id": 910043, "physicalid": "63617", "street_name": "CITY ISLAND AVE", "borough": "bronx", "direction": "TW", "total_row_ft": 78.7, "roadbed_ft": 49.3, "median_ft": 0.0, "left_sw_ft": 13.5, "right_sw_ft": 16.0}, "geometry": {"type": "LineString", "coordinates": [[-73.78642961274176, 40.84669450869809], [-73.78615600843642, 40.84675355341523]]}}, {"type": "Feature", "properties": {"segment_id": 910044, "physicalid": "63617", "street_name": "CITY ISLAND AVE", "borough": "bronx", "direction": "TW", "total_row_ft": 78.5, "roadbed_ft": 49.2, "median_ft": 0.0, "left_sw_ft": 13.0, "right_sw_ft": 16.3}, "geometry": {"type": "LineString", "coordinates": [[-73.78644754433789, 40.84674770671949], [-73.78617463628896, 40.84680660118138]]}}, {"type": "Feature", "properties": {"segment_id": 910045, "physicalid": "63617", "street_name": "CITY ISLAND AVE", "borough": "bronx", "direction": "TW", "total_row_ft": 78.2, "roadbed_ft": 49.2, "median_ft": 0.0, "left_sw_ft": 12.4, "right_sw_ft": 16.7}, "geometry": {"type": "LineString", "coordinates": [[-73.7864652926267, 40.84680094430236], [-73.7861932643124, 40.84685964891355]]}}, {"type": "Feature", "properties": {"segment_id": 910046, "physicalid": "63617", "street_name": "CITY ISLAND AVE", "borough": "bronx", "direction": "TW", "total_row_ft": 77.9, "roadbed_ft": 49.1, "median_ft": 0.0, "left_sw_ft": 11.8, "right_sw_ft": 16.9}, "geometry": {"type": "LineString", "coordinates": [[-73.7864830409042, 40.846854181890606], [-73.78621231732744, 40.846912604934616]]}}, {"type": "Feature", "properties": {"segment_id": 910047, "physicalid": "63617", "street_name": "CITY ISLAND AVE", "borough": "bronx", "direction": "TW", "total_row_ft": 77.5, "roadbed_ft": 49.1, "median_ft": 0.0, "left_sw_ft": 11.2, "right_sw_ft": 17.1}, "geometry": {"type": "LineString", "coordinates": [[-73.7865007892101, 40.846907419475635], [-73.78623141547965, 40.846965551217906]]}}, {"type": "Feature", "properties": {"segment_id": 910048, "physicalid": "63617", "street_name": "CITY ISLAND AVE", "borough": "bronx", "direction": "TW", "total_row_ft": 77.1, "roadbed_ft": 49.2, "median_ft": 0.0, "left_sw_ft": 10.5, "right_sw_ft": 17.4}, "geometry": {"type": "LineString", "coordinates": [[-73.78651853754441, 40.84696065705744], [-73.78625051366225, 40.84701849749754]]}}, {"type": "Feature", "properties": {"segment_id": 910049, "physicalid": "63617", "street_name": "CITY ISLAND AVE", "borough": "bronx", "direction": "TW", "total_row_ft": 76.7, "roadbed_ft": 49.3, "median_ft": 0.0, "left_sw_ft": 9.9, "right_sw_ft": 17.5}, "geometry": {"type": "LineString", "coordinates": [[-73.78653628590715, 40.84701389463601], [-73.78626961187526, 40.84707144377356]]}}, {"type": "Feature", "properties": {"segment_id": 910050, "physicalid": "63617", "street_name": "CITY ISLAND AVE", "borough": "bronx", "direction": "TW", "total_row_ft": 76.3, "roadbed_ft": 49.6, "median_ft": 0.0, "left_sw_ft": 9.2, "right_sw_ft": 17.5}, "geometry": {"type": "LineString", "coordinates": [[-73.78655403429828, 40.84706713221138], [-73.78628870988838, 40.847124390095594]]}}, {"type": "Feature", "properties": {"segment_id": 910051, "physicalid": "63617", "street_name": "CITY ISLAND AVE", "borough": "bronx", "direction": "TW", "total_row_ft": 75.9, "roadbed_ft": 49.9, "median_ft": 0.0, "left_sw_ft": 8.6, "right_sw_ft": 17.4}, "geometry": {"type": "LineString", "coordinates": [[-73.78657178271783, 40.84712036978352], [-73.78630780792611, 40.84717733641524]]}}, {"type": "Feature", "properties": {"segment_id": 910052, "physicalid": "63617", "street_name": "CITY ISLAND AVE", "borough": "bronx", "direction": "TW", "total_row_ft": 120.0, "roadbed_ft": 52.3, "median_ft": 0.0, "left_sw_ft": 32.8, "right_sw_ft": 34.9}, "geometry": {"type": "LineString", "coordinates": [[-73.78668312610097, 40.84715340908851], [-73.7862659144833, 40.84724344480115]]}}, {"type": "Feature", "properties": {"segment_id": 910053, "physicalid": "63618", "street_name": "CITY ISLAND AVE", "borough": "bronx", "direction": "TW", "total_row_ft": 120.0, "roadbed_ft": 57.6, "median_ft": 0.0, "left_sw_ft": 31.5, "right_sw_ft": 30.8}, "geometry": {"type": "LineString", "coordinates": [[-73.7867161750063, 40.84724148471594], [-73.7862991477938, 40.847332013197956]]}}, {"type": "Feature", "properties": {"segment_id": 910054, "physicalid": "63618", "street_name": "CITY ISLAND AVE", "borough": "bronx", "direction": "TW", "total_row_ft": 75.8, "roadbed_ft": 49.6, "median_ft": 0.0, "left_sw_ft": 11.7, "right_sw_ft": 14.5}, "geometry": {"type": "LineString", "coordinates": [[-73.7866534716859, 40.84731218958], [-73.78638992127757, 40.847369401226054]]}}, {"type": "Feature", "properties": {"segment_id": 910055, "physicalid": "63618", "street_name": "CITY ISLAND AVE", "borough": "bronx", "direction": "TW", "total_row_ft": 77.1, "roadbed_ft": 49.9, "median_ft": 0.0, "left_sw_ft": 11.1, "right_sw_ft": 16.1}, "geometry": {"type": "LineString", "coordinates": [[-73.78667233151907, 40.84736518853756], [-73.78640427232325, 40.84742337894773]]}}, {"type": "Feature", "properties": {"segment_id": 910056, "physicalid": "63618", "street_name": "CITY ISLAND AVE", "borough": "bronx", "direction": "TW", "total_row_ft": 76.1, "roadbed_ft": 50.0, "median_ft": 0.0, "left_sw_ft": 10.6, "right_sw_ft": 15.4}, "geometry": {"type": "LineString", "coordinates": [[-73.78669119145805, 40.84741818747513], [-73.7864268093104, 40.847475579675425]]}}, {"type": "Feature", "properties": {"segment_id": 910057, "physicalid": "63618", "street_name": "CITY ISLAND AVE", "borough": "bronx", "direction": "TW", "total_row_ft": 75.8, "roadbed_ft": 50.0, "median_ft": 0.0, "left_sw_ft": 10.4, "right_sw_ft": 15.4}, "geometry": {"type": "LineString", "coordinates": [[-73.78671005143431, 40.84747118640753], [-73.78644661001387, 40.847528374396106]]}}, {"type": "Feature", "properties": {"segment_id": 910058, "physicalid": "63618", "street_name": "CITY ISLAND AVE", "borough": "bronx", "direction": "TW", "total_row_ft": 75.2, "roadbed_ft": 49.9, "median_ft": 0.0, "left_sw_ft": 10.2, "right_sw_ft": 15.1}, "geometry": {"type": "LineString", "coordinates": [[-73.78672891144066, 40.84752418533639], [-73.78646762416263, 40.847580905705996]]}}, {"type": "Feature", "properties": {"segment_id": 910059, "physicalid": "63618", "street_name": "CITY ISLAND AVE", "borough": "bronx", "direction": "TW", "total_row_ft": 75.3, "roadbed_ft": 49.9, "median_ft": 0.0, "left_sw_ft": 9.9, "right_sw_ft": 15.5}, "geometry": {"type": "LineString", "coordinates": [[-73.78674777147702, 40.84757718426166], [-73.78648605846453, 40.84763399704989]]}}, {"type": "Feature", "properties": {"segment_id": 910060, "physicalid": "63618", "street_name": "CITY ISLAND AVE", "borough": "bronx", "direction": "TW", "total_row_ft": 75.1, "roadbed_ft": 50.0, "median_ft": 0.0, "left_sw_ft": 9.7, "right_sw_ft": 15.4}, "geometry": {"type": "LineString", "coordinates": [[-73.78676663154346, 40.84763018318334], [-73.7865057829469, 40.84768680832536]]}}, {"type": "Feature", "properties": {"segment_id": 910061, "physicalid": "63618", "street_name": "CITY ISLAND AVE", "borough": "bronx", "direction": "TW", "total_row_ft": 74.8, "roadbed_ft": 50.0, "median_ft": 0.0, "left_sw_ft": 9.4, "right_sw_ft": 15.3}, "geometry": {"type": "LineString", "coordinates": [[-73.78678549163996, 40.84768318210151], [-73.78652550718336, 40.8477396196572]]}}, {"type": "Feature", "properties": {"segment_id": 910062, "physicalid": "63618", "street_name": "CITY ISLAND AVE", "borough": "bronx", "direction": "TW", "total_row_ft": 73.9, "roadbed_ft": 50.1, "median_ft": 0.0, "left_sw_ft": 9.2, "right_sw_ft": 14.6}, "geometry": {"type": "LineString", "coordinates": [[-73.78680435176649, 40.84773618101605], [-73.78654748028367, 40.84779194281041]]}}, {"type": "Feature", "properties": {"segment_id": 910063, "physicalid": "63618", "street_name": "CITY ISLAND AVE", "borough": "bronx", "direction": "TW", "total_row_ft": 93.6, "roadbed_ft": 52.9, "median_ft": 0.0, "left_sw_ft": 8.9, "right_sw_ft": 31.8}, "geometry": {"type": "LineString", "coordinates": [[-73.78682321196821, 40.847789179917235], [-73.78649783919649, 40.847859811894956]]}}, {"type": "Feature", "properties": {"segment_id": 910064, "physicalid": "63619", "street_name": "CITY ISLAND AVE", "borough": "bronx", "direction": "TW", "total_row_ft": 72.9, "roadbed_ft": 59.5, "median_ft": 0.0, "left_sw_ft": 4.0, "right_sw_ft": 9.3}, "geometry": {"type": "LineString", "coordinates": [[-73.78687914089149, 40.84789651432729], [-73.78662488359637, 40.84794863138304]]}}, {"type": "Feature", "properties": {"segment_id": 910065, "physicalid": "63619", "street_name": "CITY ISLAND AVE", "borough": "bronx", "direction": "TW", "total_row_ft": 71.9, "roadbed_ft": 50.8, "median_ft": 0.0, "left_sw_ft": 11.8, "right_sw_ft": 9.3}, "geometry": {"type": "LineString", "coordinates": [[-73.78689588710961, 40.84794994056574], [-73.78664487325148, 40.84800139279084]]}}, {"type": "Feature", "properties": {"segment_id": 910066, "physicalid": "63619", "street_name": "CITY ISLAND AVE", "borough": "bronx", "direction": "TW", "total_row_ft": 71.0, "roadbed_ft": 50.7, "median_ft": 0.0, "left_sw_ft": 11.0, "right_sw_ft": 9.2}, "geometry": {"type": "LineString", "coordinates": [[-73.78691263335465, 40.84800336680126], [-73.7866648629383, 40.84805415419468]]}}, {"type": "Feature", "properties": {"segment_id": 910067, "physicalid": "63619", "street_name": "CITY ISLAND AVE", "borough": "bronx", "direction": "TW", "total_row_ft": 70.1, "roadbed_ft": 50.7, "median_ft": 0.0, "left_sw_ft": 10.2, "right_sw_ft": 9.1}, "geometry": {"type": "LineString", "coordinates": [[-73.78692937964671, 40.84805679302974], [-73.78668485265682, 40.84810691559458]]}}, {"type": "Feature", "properties": {"segment_id": 910068, "physicalid": "63619", "street_name": "CITY ISLAND AVE", "borough": "bronx", "direction": "TW", "total_row_ft": 69.1, "roadbed_ft": 50.7, "median_ft": 0.0, "left_sw_ft": 9.5, "right_sw_ft": 9.0}, "geometry": {"type": "LineString", "coordinates": [[-73.78694612616692, 40.848110219214014], [-73.78670484240706, 40.84815967699058]]}}, {"type": "Feature", "properties": {"segment_id": 910069, "physicalid": "63619", "street_name": "CITY ISLAND AVE", "borough": "bronx", "direction": "TW", "total_row_ft": 68.2, "roadbed_ft": 50.6, "median_ft": 0.0, "left_sw_ft": 8.7, "right_sw_ft": 8.9}, "geometry": {"type": "LineString", "coordinates": [[-73.78696287271407, 40.84816364539538], [-73.78672483218902, 40.84821243838256]]}}, {"type": "Feature", "properties": {"segment_id": 910070, "physicalid": "63619", "street_name": "CITY ISLAND AVE", "borough": "bronx", "direction": "TW", "total_row_ft": 67.7, "roadbed_ft": 50.6, "median_ft": 0.0, "left_sw_ft": 8.3, "right_sw_ft": 8.8}, "geometry": {"type": "LineString", "coordinates": [[-73.78698119762083, 40.84821674804904], [-73.78674482205244, 40.8482651997604]]}}, {"type": "Feature", "properties": {"segment_id": 910071, "physicalid": "63619", "street_name": "CITY ISLAND AVE", "borough": "bronx", "direction": "TW", "total_row_ft": 67.5, "roadbed_ft": 50.6, "median_ft": 0.0, "left_sw_ft": 8.2, "right_sw_ft": 8.7}, "geometry": {"type": "LineString", "coordinates": [[-73.78700039818965, 40.84826967121308], [-73.78676481202159, 40.848317961119136]]}}, {"type": "Feature", "properties": {"segment_id": 910072, "physicalid": "63620", "street_name": "CITY ISLAND AVE", "borough": "bronx", "direction": "TW", "total_row_ft": 74.0, "roadbed_ft": 53.2, "median_ft": 0.0, "left_sw_ft": 8.0, "right_sw_ft": 12.8}, "geometry": {"type": "LineString", "coordinates": [[-73.7870449662618, 40.848392515328335], [-73.78678703472032, 40.848446009119336]]}}, {"type": "Feature", "properties": {"segment_id": 910073, "physicalid": "63620", "street_name": "CITY ISLAND AVE", "borough": "bronx", "direction": "TW", "total_row_ft": 72.7, "roadbed_ft": 50.7, "median_ft": 0.0, "left_sw_ft": 7.9, "right_sw_ft": 14.1}, "geometry": {"type": "LineString", "coordinates": [[-73.7870641667218, 40.8484454379005], [-73.78681058785396, 40.848498028975904]]}}, {"type": "Feature", "properties": {"segment_id": 910074, "physicalid": "63620", "street_name": "CITY ISLAND AVE", "borough": "bronx", "direction": "TW", "total_row_ft": 71.5, "roadbed_ft": 50.6, "median_ft": 0.0, "left_sw_ft": 7.8, "right_sw_ft": 13.0}, "geometry": {"type": "LineString", "coordinates": [[-73.78708336721235, 40.84849836046897], [-73.78683414102449, 40.84855004882725]]}}, {"type": "Feature", "properties": {"segment_id": 910075, "physicalid": "63621", "street_name": "CITY ISLAND AVE", "borough": "bronx", "direction": "TW", "total_row_ft": 93.9, "roadbed_ft": 49.9, "median_ft": 0.0, "left_sw_ft": 33.3, "right_sw_ft": 10.7}, "geometry": {"type": "LineString", "coordinates": [[-73.78720873302188, 40.848585350669616], [-73.78688346400936, 40.84865898600413]]}}, {"type": "Feature", "properties": {"segment_id": 910076, "physicalid": "63621", "street_name": "CITY ISLAND AVE", "borough": "bronx", "direction": "TW", "total_row_ft": 72.7, "roadbed_ft": 49.6, "median_ft": 0.0, "left_sw_ft": 12.8, "right_sw_ft": 10.3}, "geometry": {"type": "LineString", "coordinates": [[-73.78715663432446, 40.84865442663307], [-73.78690473729434, 40.848711451717875]]}}, {"type": "Feature", "properties": {"segment_id": 910077, "physicalid": "63621", "street_name": "CITY ISLAND AVE", "borough": "bronx", "direction": "TW", "total_row_ft": 72.8, "roadbed_ft": 49.6, "median_ft": 0.0, "left_sw_ft": 13.2, "right_sw_ft": 10.1}, "geometry": {"type": "LineString", "coordinates": [[-73.7871772132436, 40.84870704953814], [-73.7869249777428, 40.84876415124964]]}}, {"type": "Feature", "properties": {"segment_id": 910078, "physicalid": "63621", "street_name": "CITY ISLAND AVE", "borough": "bronx", "direction": "TW", "total_row_ft": 72.9, "roadbed_ft": 49.7, "median_ft": 0.0, "left_sw_ft": 13.3, "right_sw_ft": 9.9}, "geometry": {"type": "LineString", "coordinates": [[-73.78719779237734, 40.84875967239783], [-73.78694521822337, 40.84881685077736]]}}, {"type": "Feature", "properties": {"segment_id": 910079, "physicalid": "63621", "street_name": "CITY ISLAND AVE", "borough": "bronx", "direction": "TW", "total_row_ft": 73.0, "roadbed_ft": 49.8, "median_ft": 0.0, "left_sw_ft": 13.5, "right_sw_ft": 9.7}, "geometry": {"type": "LineString", "coordinates": [[-73.7872183710823, 40.84881229535782], [-73.78696545873598, 40.84886955030106]]}}, {"type": "Feature", "properties": {"segment_id": 910080, "physicalid": "63621", "street_name": "CITY ISLAND AVE", "borough": "bronx", "direction": "TW", "total_row_ft": 72.8, "roadbed_ft": 49.9, "median_ft": 0.0, "left_sw_ft": 13.4, "right_sw_ft": 9.5}, "geometry": {"type": "LineString", "coordinates": [[-73.78723790073444, 40.84886515580962], [-73.78698569914555, 40.848922249851306]]}}, {"type": "Feature", "properties": {"segment_id": 910081, "physicalid": "63621", "street_name": "CITY ISLAND AVE", "borough": "bronx", "direction": "TW", "total_row_ft": 97.8, "roadbed_ft": 50.5, "median_ft": 0.0, "left_sw_ft": 12.8, "right_sw_ft": 34.4}, "geometry": {"type": "LineString", "coordinates": [[-73.78725568062609, 40.8489184123822], [-73.78691698884482, 40.84899508614021]]}}, {"type": "Feature", "properties": {"segment_id": 910082, "physicalid": "63622", "street_name": "CITY ISLAND AVE", "borough": "bronx", "direction": "TW", "total_row_ft": 96.0, "roadbed_ft": 53.4, "median_ft": 0.0, "left_sw_ft": 11.7, "right_sw_ft": 30.9}, "geometry": {"type": "LineString", "coordinates": [[-73.78728901895421, 40.849018272568884], [-73.78695772359414, 40.849096894190176]]}}, {"type": "Feature", "properties": {"segment_id": 910083, "physicalid": "63622", "street_name": "CITY ISLAND AVE", "borough": "bronx", "direction": "TW", "total_row_ft": 70.6, "roadbed_ft": 49.2, "median_ft": 0.0, "left_sw_ft": 11.0, "right_sw_ft": 10.4}, "geometry": {"type": "LineString", "coordinates": [[-73.78730681009068, 40.84907156288972], [-73.787063201231, 40.84912937522474]]}}, {"type": "Feature", "properties": {"segment_id": 910084, "physicalid": "63622", "street_name": "CITY ISLAND AVE", "borough": "bronx", "direction": "TW", "total_row_ft": 70.0, "roadbed_ft": 49.1, "median_ft": 0.0, "left_sw_ft": 10.4, "right_sw_ft": 10.4}, "geometry": {"type": "LineString", "coordinates": [[-73.78732460125565, 40.849124853207336], [-73.78708325203318, 40.849182129291016]]}}, {"type": "Feature", "properties": {"segment_id": 910085, "physicalid": "63622", "street_name": "CITY ISLAND AVE", "borough": "bronx", "direction": "TW", "total_row_ft": 69.3, "roadbed_ft": 49.1, "median_ft": 0.0, "left_sw_ft": 9.9, "right_sw_ft": 10.4}, "geometry": {"type": "LineString", "coordinates": [[-73.78734239244913, 40.84917814352166], [-73.78710330286718, 40.84923488335335]]}}, {"type": "Feature", "properties": {"segment_id": 910086, "physicalid": "63622", "street_name": "CITY ISLAND AVE", "borough": "bronx", "direction": "TW", "total_row_ft": 68.8, "roadbed_ft": 49.0, "median_ft": 0.0, "left_sw_ft": 9.4, "right_sw_ft": 10.3}, "geometry": {"type": "LineString", "coordinates": [[-73.78736058667306, 40.84923133819342], [-73.78712335373298, 40.84928763741168]]}}, {"type": "Feature", "properties": {"segment_id": 910087, "physicalid": "63622", "street_name": "CITY ISLAND AVE", "borough": "bronx", "direction": "TW", "total_row_ft": 68.3, "roadbed_ft": 48.9, "median_ft": 0.0, "left_sw_ft": 9.1, "right_sw_ft": 10.3}, "geometry": {"type": "LineString", "coordinates": [[-73.78737893964986, 40.84928449519386], [-73.78714340463058, 40.84934039146606]]}}, {"type": "Feature", "properties": {"segment_id": 910088, "physicalid": "63622", "street_name": "CITY ISLAND AVE", "borough": "bronx", "direction": "TW", "total_row_ft": 74.4, "roadbed_ft": 48.8, "median_ft": 0.0, "left_sw_ft": 8.7, "right_sw_ft": 16.9}, "geometry": {"type": "LineString", "coordinates": [[-73.78739729265601, 40.84933765219091], [-73.78714061247645, 40.849398566519305]]}}, {"type": "Feature", "properties": {"segment_id": 910089, "physicalid": "63622", "street_name": "CITY ISLAND AVE", "borough": "bronx", "direction": "TW", "total_row_ft": 73.8, "roadbed_ft": 48.7, "median_ft": 0.0, "left_sw_ft": 8.3, "right_sw_ft": 16.7}, "geometry": {"type": "LineString", "coordinates": [[-73.7874156456915, 40.84939080918457], [-73.78716115086566, 40.849451204891906]]}}, {"type": "Feature", "properties": {"segment_id": 910090, "physicalid": "63622", "street_name": "CITY ISLAND AVE", "borough": "bronx", "direction": "TW", "total_row_ft": 73.1, "roadbed_ft": 48.6, "median_ft": 0.0, "left_sw_ft": 7.9, "right_sw_ft": 16.6}, "geometry": {"type": "LineString", "coordinates": [[-73.78743399875628, 40.84944396617477], [-73.78718168875547, 40.849503843386636]]}}, {"type": "Feature", "properties": {"segment_id": 910091, "physicalid": "63622", "street_name": "CITY ISLAND AVE", "borough": "bronx", "direction": "TW", "total_row_ft": 72.5, "roadbed_ft": 48.8, "median_ft": 0.0, "left_sw_ft": 7.5, "right_sw_ft": 16.2}, "geometry": {"type": "LineString", "coordinates": [[-73.78745235187488, 40.84949712315579], [-73.78720222685469, 40.84955648183519]]}}, {"type": "Feature", "properties": {"segment_id": 910092, "physicalid": "63622", "street_name": "CITY ISLAND AVE", "borough": "bronx", "direction": "TW", "total_row_ft": 71.9, "roadbed_ft": 49.1, "median_ft": 0.0, "left_sw_ft": 7.2, "right_sw_ft": 15.6}, "geometry": {"type": "LineString", "coordinates": [[-73.78747070507377, 40.84955028012129], [-73.78722276498644, 40.84960912027964]]}}, {"type": "Feature", "properties": {"segment_id": 910093, "physicalid": "63622", "street_name": "CITY ISLAND AVE", "borough": "bronx", "direction": "TW", "total_row_ft": 71.9, "roadbed_ft": 49.4, "median_ft": 0.0, "left_sw_ft": 7.4, "right_sw_ft": 15.1}, "geometry": {"type": "LineString", "coordinates": [[-73.78749126007368, 40.84960291456485], [-73.78724330236811, 40.84966175890565]]}}, {"type": "Feature", "properties": {"segment_id": 910094, "physicalid": "63623", "street_name": "CITY ISLAND AVE", "borough": "bronx", "direction": "TW", "total_row_ft": 111.8, "roadbed_ft": 88.1, "median_ft": 0.0, "left_sw_ft": 15.0, "right_sw_ft": 8.7}, "geometry": {"type": "LineString", "coordinates": [[-73.78764561472698, 40.84964801171899], [-73.78733719690598, 40.84977363481153]]}}, {"type": "Feature", "properties": {"segment_id": 910095, "physicalid": "63623", "street_name": "CITY ISLAND AVE", "borough": "bronx", "direction": "TW", "total_row_ft": 72.1, "roadbed_ft": 50.7, "median_ft": 0.0, "left_sw_ft": 12.8, "right_sw_ft": 8.6}, "geometry": {"type": "LineString", "coordinates": [[-73.78767978644318, 40.84969638583559], [-73.78737261174153, 40.84982150261515]]}}, {"type": "Feature", "properties": {"segment_id": 910096, "physicalid": "63623", "street_name": "CITY ISLAND AVE", "borough": "bronx", "direction": "TW", "total_row_ft": 67.2, "roadbed_ft": 50.4, "median_ft": 0.0, "left_sw_ft": 8.0, "right_sw_ft": 8.7}, "geometry": {"type": "LineString", "coordinates": [[-73.78762085879436, 40.84978268084828], [-73.78740692313715, 40.849869819873376]]}}, {"type": "Feature", "properties": {"segment_id": 910097, "physicalid": "63623", "street_name": "CITY ISLAND AVE", "borough": "bronx", "direction": "TW", "total_row_ft": 67.3, "roadbed_ft": 50.1, "median_ft": 0.0, "left_sw_ft": 8.3, "right_sw_ft": 8.9}, "geometry": {"type": "LineString", "coordinates": [[-73.7876556771369, 40.84983079161082], [-73.78744123458263, 40.84991813712097]]}}, {"type": "Feature", "properties": {"segment_id": 910098, "physicalid": "63623", "street_name": "CITY ISLAND AVE", "borough": "bronx", "direction": "TW", "total_row_ft": 67.5, "roadbed_ft": 49.9, "median_ft": 0.0, "left_sw_ft": 8.5, "right_sw_ft": 9.1}, "geometry": {"type": "LineString", "coordinates": [[-73.78769049552979, 40.84987890236248], [-73.78747554607793, 40.84996645435799]]}}, {"type": "Feature", "properties": {"segment_id": 910099, "physicalid": "63623", "street_name": "CITY ISLAND AVE", "borough": "bronx", "direction": "TW", "total_row_ft": 67.6, "roadbed_ft": 49.7, "median_ft": 0.0, "left_sw_ft": 8.6, "right_sw_ft": 9.3}, "geometry": {"type": "LineString", "coordinates": [[-73.78772531397307, 40.849927013103226], [-73.78750985762308, 40.85001477158439]]}}, {"type": "Feature", "properties": {"segment_id": 924644, "physicalid": "64613", "street_name": "MINNIEFORD AVE", "borough": "bronx", "direction": "TW", "total_row_ft": 106.7, "roadbed_ft": 72.1, "median_ft": 0.0, "left_sw_ft": 15.0, "right_sw_ft": 19.5}, "geometry": {"type": "LineString", "coordinates": [[-73.78683130305009, 40.84984525108446], [-73.78653627772853, 40.84995979970731]]}}, {"type": "Feature", "properties": {"segment_id": 924645, "physicalid": "64613", "street_name": "MINNIEFORD AVE", "borough": "bronx", "direction": "TW", "total_row_ft": 41.0, "roadbed_ft": 24.7, "median_ft": 0.0, "left_sw_ft": 6.6, "right_sw_ft": 9.7}, "geometry": {"type": "LineString", "coordinates": [[-73.78673159516062, 40.849945618378726], [-73.786599702353, 40.84999682793559]]}}, {"type": "Feature", "properties": {"segment_id": 924707, "physicalid": "64618", "street_name": "TIER ST", "borough": "bronx", "direction": "TW", "total_row_ft": 60.0, "roadbed_ft": 34.1, "median_ft": 0.0, "left_sw_ft": 10.9, "right_sw_ft": 15.0}, "geometry": {"type": "LineString", "coordinates": [[-73.78950800815198, 40.848101080936225], [-73.78942042620719, 40.84787568361325]]}}, {"type": "Feature", "properties": {"segment_id": 924708, "physicalid": "64618", "street_name": "TIER ST", "borough": "bronx", "direction": "TW", "total_row_ft": 56.6, "roadbed_ft": 31.2, "median_ft": 0.0, "left_sw_ft": 10.4, "right_sw_ft": 15.0}, "geometry": {"type": "LineString", "coordinates": [[-73.78943833989133, 40.84811575684318], [-73.78935109202499, 40.84789121868616]]}}, {"type": "Feature", "properties": {"segment_id": 924709, "physicalid": "64618", "street_name": "TIER ST", "borough": "bronx", "direction": "TW", "total_row_ft": 47.5, "roadbed_ft": 32.2, "median_ft": 0.0, "left_sw_ft": 9.9, "right_sw_ft": 5.5}, "geometry": {"type": "LineString", "coordinates": [[-73.78936873470494, 40.848130595112785], [-73.78932013270725, 40.848005514514156]]}}, {"type": "Feature", "properties": {"segment_id": 924710, "physicalid": "64618", "street_name": "TIER ST", "borough": "bronx", "direction": "TW", "total_row_ft": 47.8, "roadbed_ft": 33.3, "median_ft": 0.0, "left_sw_ft": 9.7, "right_sw_ft": 4.9}, "geometry": {"type": "LineString", "coordinates": [[-73.78929927014356, 40.84814579532875], [-73.78925034259807, 40.84801987656991]]}}, {"type": "Feature", "properties": {"segment_id": 924711, "physicalid": "64618", "street_name": "TIER ST", "borough": "bronx", "direction": "TW", "total_row_ft": 48.2, "roadbed_ft": 34.2, "median_ft": 0.0, "left_sw_ft": 9.6, "right_sw_ft": 4.3}, "geometry": {"type": "LineString", "coordinates": [[-73.78922980555043, 40.84816099550285], [-73.78918055245875, 40.848034238583395]]}}, {"type": "Feature", "properties": {"segment_id": 924712, "physicalid": "64618", "street_name": "TIER ST", "borough": "bronx", "direction": "TW", "total_row_ft": 48.5, "roadbed_ft": 35.1, "median_ft": 0.0, "left_sw_ft": 9.6, "right_sw_ft": 3.8}, "geometry": {"type": "LineString", "coordinates": [[-73.78916034092558, 40.84817619563507], [-73.7891107622893, 40.848048600554655]]}}, {"type": "Feature", "properties": {"segment_id": 924713, "physicalid": "64618", "street_name": "TIER ST", "borough": "bronx", "direction": "TW", "total_row_ft": 48.4, "roadbed_ft": 34.9, "median_ft": 0.0, "left_sw_ft": 9.5, "right_sw_ft": 4.0}, "geometry": {"type": "LineString", "coordinates": [[-73.78909087626896, 40.84819139572545], [-73.78904132228962, 40.84806386375884]]}}, {"type": "Feature", "properties": {"segment_id": 924714, "physicalid": "64618", "street_name": "TIER ST", "borough": "bronx", "direction": "TW", "total_row_ft": 48.0, "roadbed_ft": 34.5, "median_ft": 0.0, "left_sw_ft": 9.5, "right_sw_ft": 4.1}, "geometry": {"type": "LineString", "coordinates": [[-73.7890214115806, 40.84820659577394], [-73.78897229773212, 40.8480801961889]]}}, {"type": "Feature", "properties": {"segment_id": 924715, "physicalid": "64618", "street_name": "TIER ST", "borough": "bronx", "direction": "TW", "total_row_ft": 47.7, "roadbed_ft": 34.0, "median_ft": 0.0, "left_sw_ft": 9.5, "right_sw_ft": 4.2}, "geometry": {"type": "LineString", "coordinates": [[-73.78895205225152, 40.84822206701548], [-73.78890327314072, 40.84809652857762]]}}, {"type": "Feature", "properties": {"segment_id": 924716, "physicalid": "64618", "street_name": "TIER ST", "borough": "bronx", "direction": "TW", "total_row_ft": 47.5, "roadbed_ft": 33.5, "median_ft": 0.0, "left_sw_ft": 9.8, "right_sw_ft": 4.3}, "geometry": {"type": "LineString", "coordinates": [[-73.78888288519109, 40.84823803312329], [-73.78883424851543, 40.84811286092503]]}}, {"type": "Feature", "properties": {"segment_id": 924717, "physicalid": "64618", "street_name": "TIER ST", "borough": "bronx", "direction": "TW", "total_row_ft": 47.4, "roadbed_ft": 32.9, "median_ft": 0.0, "left_sw_ft": 10.1, "right_sw_ft": 4.3}, "geometry": {"type": "LineString", "coordinates": [[-73.78881371809746, 40.848253999189595], [-73.78876522385623, 40.84812919323105]]}}, {"type": "Feature", "properties": {"segment_id": 924718, "physicalid": "64618", "street_name": "TIER ST", "borough": "bronx", "direction": "TW", "total_row_ft": 47.3, "roadbed_ft": 32.4, "median_ft": 0.0, "left_sw_ft": 10.5, "right_sw_ft": 4.4}, "geometry": {"type": "LineString", "coordinates": [[-73.78874455097062, 40.848269965214364], [-73.78869619916316, 40.848145525495745]]}}, {"type": "Feature", "properties": {"segment_id": 924719, "physicalid": "64618", "street_name": "TIER ST", "borough": "bronx", "direction": "TW", "total_row_ft": 47.1, "roadbed_ft": 32.1, "median_ft": 0.0, "left_sw_ft": 10.5, "right_sw_ft": 4.5}, "geometry": {"type": "LineString", "coordinates": [[-73.78867502270975, 40.84828500185664], [-73.78862688932212, 40.84816112393724]]}}, {"type": "Feature", "properties": {"segment_id": 924720, "physicalid": "64618", "street_name": "TIER ST", "borough": "bronx", "direction": "TW", "total_row_ft": 46.9, "roadbed_ft": 31.9, "median_ft": 0.0, "left_sw_ft": 10.4, "right_sw_ft": 4.6}, "geometry": {"type": "LineString", "coordinates": [[-73.78860548203619, 40.848300006592034], [-73.78855746203007, 40.84817642014294]]}}, {"type": "Feature", "properties": {"segment_id": 924721, "physicalid": "64618", "street_name": "TIER ST", "borough": "bronx", "direction": "TW", "total_row_ft": 46.8, "roadbed_ft": 31.7, "median_ft": 0.0, "left_sw_ft": 10.3, "right_sw_ft": 4.8}, "geometry": {"type": "LineString", "coordinates": [[-73.78853594133125, 40.848315011285486], [-73.7884880347904, 40.84819171652379]]}}, {"type": "Feature", "properties": {"segment_id": 924722, "physicalid": "64618", "street_name": "TIER ST", "borough": "bronx", "direction": "TW", "total_row_ft": 46.7, "roadbed_ft": 31.6, "median_ft": 0.0, "left_sw_ft": 10.1, "right_sw_ft": 5.0}, "geometry": {"type": "LineString", "coordinates": [[-73.78846640059494, 40.84833001593697], [-73.78841860752544, 40.84820701287988]]}}, {"type": "Feature", "properties": {"segment_id": 924723, "physicalid": "64618", "street_name": "TIER ST", "borough": "bronx", "direction": "TW", "total_row_ft": 46.6, "roadbed_ft": 31.3, "median_ft": 0.0, "left_sw_ft": 10.1, "right_sw_ft": 5.2}, "geometry": {"type": "LineString", "coordinates": [[-73.78839685982726, 40.84834502054649], [-73.78834918023382, 40.848222309207785]]}}, {"type": "Feature", "properties": {"segment_id": 924724, "physicalid": "64618", "street_name": "TIER ST", "borough": "bronx", "direction": "TW", "total_row_ft": 46.5, "roadbed_ft": 31.2, "median_ft": 0.0, "left_sw_ft": 10.2, "right_sw_ft": 5.1}, "geometry": {"type": "LineString", "coordinates": [[-73.7883273190282, 40.84836002511403], [-73.78827976977436, 40.84823764889652]]}}, {"type": "Feature", "properties": {"segment_id": 924725, "physicalid": "64618", "street_name": "TIER ST", "borough": "bronx", "direction": "TW", "total_row_ft": 46.3, "roadbed_ft": 31.2, "median_ft": 0.0, "left_sw_ft": 10.3, "right_sw_ft": 4.7}, "geometry": {"type": "LineString", "coordinates": [[-73.78825777819776, 40.84837502963964], [-73.78821045980386, 40.848253247252764]]}}, {"type": "Feature", "properties": {"segment_id": 924726, "physicalid": "64618", "street_name": "TIER ST", "borough": "bronx", "direction": "TW", "total_row_ft": 46.0, "roadbed_ft": 31.3, "median_ft": 0.0, "left_sw_ft": 10.4, "right_sw_ft": 4.4}, "geometry": {"type": "LineString", "coordinates": [[-73.78818823733597, 40.848390034123284], [-73.78814114980086, 40.84826884556733]]}}, {"type": "Feature", "properties": {"segment_id": 924727, "physicalid": "64618", "street_name": "TIER ST", "borough": "bronx", "direction": "TW", "total_row_ft": 46.1, "roadbed_ft": 31.3, "median_ft": 0.0, "left_sw_ft": 10.4, "right_sw_ft": 4.3}, "geometry": {"type": "LineString", "coordinates": [[-73.7881186964428, 40.848405038564955], [-73.78807156574202, 40.84828373858678]]}}, {"type": "Feature", "properties": {"segment_id": 924728, "physicalid": "64618", "street_name": "TIER ST", "borough": "bronx", "direction": "TW", "total_row_ft": 50.8, "roadbed_ft": 31.3, "median_ft": 0.0, "left_sw_ft": 15.0, "right_sw_ft": 4.5}, "geometry": {"type": "LineString", "coordinates": [[-73.78808714372508, 40.84851781289147], [-73.78800182720215, 40.84829823405573]]}}, {"type": "Feature", "properties": {"segment_id": 924729, "physicalid": "64618", "street_name": "TIER ST", "borough": "bronx", "direction": "TW", "total_row_ft": 51.0, "roadbed_ft": 31.4, "median_ft": 0.0, "left_sw_ft": 15.0, "right_sw_ft": 4.6}, "geometry": {"type": "LineString", "coordinates": [[-73.7880178085622, 40.84853334716127], [-73.78793208863188, 40.848312729482515]]}}, {"type": "Feature", "properties": {"segment_id": 924730, "physicalid": "64618", "street_name": "TIER ST", "borough": "bronx", "direction": "TW", "total_row_ft": 51.4, "roadbed_ft": 31.6, "median_ft": 0.0, "left_sw_ft": 15.0, "right_sw_ft": 4.8}, "geometry": {"type": "LineString", "coordinates": [[-73.78794847336694, 40.848548881389384], [-73.7878623500312, 40.8483272248671]]}}, {"type": "Feature", "properties": {"segment_id": 924731, "physicalid": "64618", "street_name": "TIER ST", "borough": "bronx", "direction": "TW", "total_row_ft": 51.8, "roadbed_ft": 31.8, "median_ft": 0.0, "left_sw_ft": 15.0, "right_sw_ft": 4.9}, "geometry": {"type": "LineString", "coordinates": [[-73.78787913813927, 40.84856441557576], [-73.78779261140015, 40.84834172020948]]}}, {"type": "Feature", "properties": {"segment_id": 924732, "physicalid": "64618", "street_name": "TIER ST", "borough": "bronx", "direction": "TW", "total_row_ft": 52.1, "roadbed_ft": 32.0, "median_ft": 0.0, "left_sw_ft": 15.0, "right_sw_ft": 5.1}, "geometry": {"type": "LineString", "coordinates": [[-73.78780980287925, 40.848579949720424], [-73.78772287273868, 40.84835621550966]]}}, {"type": "Feature", "properties": {"segment_id": 924733, "physicalid": "64618", "street_name": "TIER ST", "borough": "bronx", "direction": "TW", "total_row_ft": 62.9, "roadbed_ft": 32.9, "median_ft": 0.0, "left_sw_ft": 15.0, "right_sw_ft": 15.0}, "geometry": {"type": "LineString", "coordinates": [[-73.78774046758683, 40.84859548382339], [-73.78761772694511, 40.8482795819515]]}}, {"type": "Feature", "properties": {"segment_id": 924734, "physicalid": "64618", "street_name": "TIER ST", "borough": "bronx", "direction": "TW", "total_row_ft": 63.9, "roadbed_ft": 33.9, "median_ft": 0.0, "left_sw_ft": 15.0, "right_sw_ft": 15.0}, "geometry": {"type": "LineString", "coordinates": [[-73.78767113226199, 40.848611017884615], [-73.78754839192094, 40.8482951159398]]}}, {"type": "Feature", "properties": {"segment_id": 924735, "physicalid": "64618", "street_name": "TIER ST", "borough": "bronx", "direction": "TW", "total_row_ft": 55.4, "roadbed_ft": 34.7, "median_ft": 0.0, "left_sw_ft": 5.7, "right_sw_ft": 15.0}, "geometry": {"type": "LineString", "coordinates": [[-73.78756217318956, 40.84852457076323], [-73.78747905686434, 40.8483106498864]]}}, {"type": "Feature", "properties": {"segment_id": 924736, "physicalid": "64618", "street_name": "TIER ST", "borough": "bronx", "direction": "TW", "total_row_ft": 54.9, "roadbed_ft": 34.8, "median_ft": 0.0, "left_sw_ft": 5.2, "right_sw_ft": 15.0}, "geometry": {"type": "LineString", "coordinates": [[-73.78749270756722, 40.848539769281004], [-73.7874097217754, 40.84832618379128]]}}, {"type": "Feature", "properties": {"segment_id": 924737, "physicalid": "64618", "street_name": "TIER ST", "borough": "bronx", "direction": "TW", "total_row_ft": 54.5, "roadbed_ft": 34.9, "median_ft": 0.0, "left_sw_ft": 4.6, "right_sw_ft": 15.0}, "geometry": {"type": "LineString", "coordinates": [[-73.78742324174198, 40.84855496731642], [-73.78734038665407, 40.84834171765445]]}}, {"type": "Feature", "properties": {"segment_id": 924738, "physicalid": "64618", "street_name": "TIER ST", "borough": "bronx", "direction": "TW", "total_row_ft": 54.0, "roadbed_ft": 34.6, "median_ft": 0.0, "left_sw_ft": 4.4, "right_sw_ft": 15.0}, "geometry": {"type": "LineString", "coordinates": [[-73.78735377588501, 40.848570165309965], [-73.78727105150033, 40.84835725147589]]}}, {"type": "Feature", "properties": {"segment_id": 924739, "physicalid": "64618", "street_name": "TIER ST", "borough": "bronx", "direction": "TW", "total_row_ft": 53.3, "roadbed_ft": 33.8, "median_ft": 0.0, "left_sw_ft": 4.6, "right_sw_ft": 15.0}, "geometry": {"type": "LineString", "coordinates": [[-73.78728431000587, 40.84858536328627], [-73.78720171631421, 40.84837278525565]]}}, {"type": "Feature", "properties": {"segment_id": 924740, "physicalid": "64618", "street_name": "TIER ST", "borough": "bronx", "direction": "TW", "total_row_ft": 52.1, "roadbed_ft": 26.7, "median_ft": 0.0, "left_sw_ft": 10.3, "right_sw_ft": 15.0}, "geometry": {"type": "LineString", "coordinates": [[-73.78721484411548, 40.848600561273486], [-73.78713238109574, 40.84838831899365]]}}, {"type": "Feature", "properties": {"segment_id": 924741, "physicalid": "64618", "street_name": "TIER ST", "borough": "bronx", "direction": "TW", "total_row_ft": 42.2, "roadbed_ft": 24.4, "median_ft": 0.0, "left_sw_ft": 10.9, "right_sw_ft": 6.9}, "geometry": {"type": "LineString", "coordinates": [[-73.78714537819334, 40.84861575921881], [-73.78710224312867, 40.84850473861208]]}}, {"type": "Feature", "properties": {"segment_id": 924742, "physicalid": "64618", "street_name": "TIER ST", "borough": "bronx", "direction": "TW", "total_row_ft": 150.0, "roadbed_ft": 120.0, "median_ft": 0.0, "left_sw_ft": 15.0, "right_sw_ft": 15.0}, "geometry": {"type": "LineString", "coordinates": [[-73.78711644849773, 40.84873528887271], [-73.7869937105616, 40.84841938634456]]}}, {"type": "Feature", "properties": {"segment_id": 924743, "physicalid": "64620", "street_name": "SCHOFIELD ST", "borough": "bronx", "direction": "TW", "total_row_ft": 45.1, "roadbed_ft": 25.0, "median_ft": 0.0, "left_sw_ft": 9.6, "right_sw_ft": 10.5}, "geometry": {"type": "LineString", "coordinates": [[-73.78935281255252, 40.84438230101532], [-73.78930644124232, 40.844263578926785]]}}, {"type": "Feature", "properties": {"segment_id": 924744, "physicalid": "64620", "street_name": "SCHOFIELD ST", "borough": "bronx", "direction": "TW", "total_row_ft": 46.1, "roadbed_ft": 25.3, "median_ft": 0.0, "left_sw_ft": 10.2, "right_sw_ft": 10.7}, "geometry": {"type": "LineString", "coordinates": [[-73.78928385492195, 40.84439879103851], [-73.78923643070854, 40.844277372930534]]}}, {"type": "Feature", "properties": {"segment_id": 924745, "physicalid": "64620", "street_name": "SCHOFIELD ST", "borough": "bronx", "direction": "TW", "total_row_ft": 47.2, "roadbed_ft": 25.9, "median_ft": 0.0, "left_sw_ft": 10.3, "right_sw_ft": 11.0}, "geometry": {"type": "LineString", "coordinates": [[-73.78921489726123, 40.8444152810308], [-73.78916642015314, 40.844291166910786]]}}, {"type": "Feature", "properties": {"segment_id": 924746, "physicalid": "64620", "street_name": "SCHOFIELD ST", "borough": "bronx", "direction": "TW", "total_row_ft": 48.2, "roadbed_ft": 26.7, "median_ft": 0.0, "left_sw_ft": 10.2, "right_sw_ft": 11.3}, "geometry": {"type": "LineString", "coordinates": [[-73.78914593855188, 40.84443176838457], [-73.78909640962824, 40.84430496100096]]}}, {"type": "Feature", "properties": {"segment_id": 924747, "physicalid": "64620", "street_name": "SCHOFIELD ST", "borough": "bronx", "direction": "TW", "total_row_ft": 48.6, "roadbed_ft": 27.4, "median_ft": 0.0, "left_sw_ft": 9.7, "right_sw_ft": 11.4}, "geometry": {"type": "LineString", "coordinates": [[-73.78907657697259, 40.84444722432838], [-73.78902663728094, 40.84431936492455]]}}, {"type": "Feature", "properties": {"segment_id": 924748, "physicalid": "64620", "street_name": "SCHOFIELD ST", "borough": "bronx", "direction": "TW", "total_row_ft": 48.7, "roadbed_ft": 27.8, "median_ft": 0.0, "left_sw_ft": 9.5, "right_sw_ft": 11.4}, "geometry": {"type": "LineString", "coordinates": [[-73.78900721537943, 40.84446268027737], [-73.78895718880655, 40.844334598091265]]}}, {"type": "Feature", "properties": {"segment_id": 924749, "physicalid": "64620", "street_name": "SCHOFIELD ST", "borough": "bronx", "direction": "TW", "total_row_ft": 48.8, "roadbed_ft": 27.8, "median_ft": 0.0, "left_sw_ft": 9.3, "right_sw_ft": 11.6}, "geometry": {"type": "LineString", "coordinates": [[-73.78893785377839, 40.84447813624706], [-73.78888774022012, 40.844349831010774]]}}, {"type": "Feature", "properties": {"segment_id": 924750, "physicalid": "64620", "street_name": "SCHOFIELD ST", "borough": "bronx", "direction": "TW", "total_row_ft": 48.8, "roadbed_ft": 27.9, "median_ft": 0.0, "left_sw_ft": 9.1, "right_sw_ft": 11.8}, "geometry": {"type": "LineString", "coordinates": [[-73.78886849214514, 40.844493592175], [-73.78881829154795, 40.84436506375036]]}}, {"type": "Feature", "properties": {"segment_id": 924751, "physicalid": "64620", "street_name": "SCHOFIELD ST", "borough": "bronx", "direction": "TW", "total_row_ft": 49.0, "roadbed_ft": 27.9, "median_ft": 0.0, "left_sw_ft": 9.0, "right_sw_ft": 12.0}, "geometry": {"type": "LineString", "coordinates": [[-73.78879922026285, 40.844509277932985], [-73.78874884284402, 40.84438029644808]]}}, {"type": "Feature", "properties": {"segment_id": 924752, "physicalid": "64620", "street_name": "SCHOFIELD ST", "borough": "bronx", "direction": "TW", "total_row_ft": 49.2, "roadbed_ft": 28.0, "median_ft": 0.0, "left_sw_ft": 9.1, "right_sw_ft": 12.1}, "geometry": {"type": "LineString", "coordinates": [[-73.78873011845168, 40.84452539916688], [-73.78867956830665, 40.84439597510684]]}}, {"type": "Feature", "properties": {"segment_id": 924753, "physicalid": "64620", "street_name": "SCHOFIELD ST", "borough": "bronx", "direction": "TW", "total_row_ft": 49.1, "roadbed_ft": 28.1, "median_ft": 0.0, "left_sw_ft": 9.2, "right_sw_ft": 11.9}, "geometry": {"type": "LineString", "coordinates": [[-73.78866101657512, 40.84454152027771], [-73.7886105060497, 40.8444121973138]]}}, {"type": "Feature", "properties": {"segment_id": 924754, "physicalid": "64620", "street_name": "SCHOFIELD ST", "borough": "bronx", "direction": "TW", "total_row_ft": 49.1, "roadbed_ft": 28.2, "median_ft": 0.0, "left_sw_ft": 9.2, "right_sw_ft": 11.7}, "geometry": {"type": "LineString", "coordinates": [[-73.78859191466506, 40.84455764134708], [-73.78854144367644, 40.84442841926788]]}}, {"type": "Feature", "properties": {"segment_id": 924755, "physicalid": "64620", "street_name": "SCHOFIELD ST", "borough": "bronx", "direction": "TW", "total_row_ft": 49.1, "roadbed_ft": 28.3, "median_ft": 0.0, "left_sw_ft": 9.2, "right_sw_ft": 11.5}, "geometry": {"type": "LineString", "coordinates": [[-73.78852281272152, 40.84457376237501], [-73.78847238126949, 40.84444464118058]]}}, {"type": "Feature", "properties": {"segment_id": 924756, "physicalid": "64620", "street_name": "SCHOFIELD ST", "borough": "bronx", "direction": "TW", "total_row_ft": 49.1, "roadbed_ft": 28.5, "median_ft": 0.0, "left_sw_ft": 9.3, "right_sw_ft": 11.3}, "geometry": {"type": "LineString", "coordinates": [[-73.78845373074206, 40.84458993456197], [-73.78840331934043, 40.84446086436164]]}}, {"type": "Feature", "properties": {"segment_id": 924757, "physicalid": "64620", "street_name": "SCHOFIELD ST", "borough": "bronx", "direction": "TW", "total_row_ft": 49.0, "roadbed_ft": 28.6, "median_ft": 0.0, "left_sw_ft": 9.4, "right_sw_ft": 11.0}, "geometry": {"type": "LineString", "coordinates": [[-73.78838472319396, 40.84460629736298], [-73.78833431793771, 40.844477242556145]]}}, {"type": "Feature", "properties": {"segment_id": 924758, "physicalid": "64620", "street_name": "SCHOFIELD ST", "borough": "bronx", "direction": "TW", "total_row_ft": 49.0, "roadbed_ft": 28.7, "median_ft": 0.0, "left_sw_ft": 9.6, "right_sw_ft": 10.7}, "geometry": {"type": "LineString", "coordinates": [[-73.78831571551498, 40.84462265987451], [-73.78826531658555, 40.84449362092576]]}}, {"type": "Feature", "properties": {"segment_id": 924759, "physicalid": "64620", "street_name": "SCHOFIELD ST", "borough": "bronx", "direction": "TW", "total_row_ft": 49.0, "roadbed_ft": 28.6, "median_ft": 0.0, "left_sw_ft": 9.9, "right_sw_ft": 10.5}, "geometry": {"type": "LineString", "coordinates": [[-73.78824670778033, 40.844639022289094], [-73.78819631519941, 40.84450999925404]]}}, {"type": "Feature", "properties": {"segment_id": 924760, "physicalid": "64620", "street_name": "SCHOFIELD ST", "borough": "bronx", "direction": "TW", "total_row_ft": 53.6, "roadbed_ft": 28.3, "median_ft": 0.0, "left_sw_ft": 15.0, "right_sw_ft": 10.3}, "geometry": {"type": "LineString", "coordinates": [[-73.78821355748477, 40.84474719254381], [-73.7881273137793, 40.844526377541015]]}}, {"type": "Feature", "properties": {"segment_id": 924761, "physicalid": "64620", "street_name": "SCHOFIELD ST", "borough": "bronx", "direction": "TW", "total_row_ft": 53.0, "roadbed_ft": 28.0, "median_ft": 0.0, "left_sw_ft": 15.0, "right_sw_ft": 10.0}, "geometry": {"type": "LineString", "coordinates": [[-73.78814425554886, 40.84476280203133], [-73.78805839901173, 40.84454297773679]]}}, {"type": "Feature", "properties": {"segment_id": 924762, "physicalid": "64620", "street_name": "SCHOFIELD ST", "borough": "bronx", "direction": "TW", "total_row_ft": 52.3, "roadbed_ft": 27.8, "median_ft": 0.0, "left_sw_ft": 15.0, "right_sw_ft": 9.6}, "geometry": {"type": "LineString", "coordinates": [[-73.78807495358045, 40.84477841147718], [-73.78798969419945, 40.84456011554544]]}}, {"type": "Feature", "properties": {"segment_id": 924763, "physicalid": "64620", "street_name": "SCHOFIELD ST", "borough": "bronx", "direction": "TW", "total_row_ft": 51.7, "roadbed_ft": 27.7, "median_ft": 0.0, "left_sw_ft": 15.0, "right_sw_ft": 9.0}, "geometry": {"type": "LineString", "coordinates": [[-73.7880056515795, 40.84479402088132], [-73.7879209893708, 40.84457725336179]]}}, {"type": "Feature", "properties": {"segment_id": 924764, "physicalid": "64620", "street_name": "SCHOFIELD ST", "borough": "bronx", "direction": "TW", "total_row_ft": 51.0, "roadbed_ft": 28.0, "median_ft": 0.0, "left_sw_ft": 15.0, "right_sw_ft": 8.1}, "geometry": {"type": "LineString", "coordinates": [[-73.78793634954606, 40.84480963024378], [-73.78785228452725, 40.844594391189716]]}}, {"type": "Feature", "properties": {"segment_id": 924765, "physicalid": "64621", "street_name": "SCHOFIELD ST", "borough": "bronx", "direction": "TW", "total_row_ft": 52.1, "roadbed_ft": 30.6, "median_ft": 0.0, "left_sw_ft": 15.0, "right_sw_ft": 6.5}, "geometry": {"type": "LineString", "coordinates": [[-73.78779766518683, 40.84484079759483], [-73.78771366206244, 40.84462443962167]]}}, {"type": "Feature", "properties": {"segment_id": 924766, "physicalid": "64621", "street_name": "SCHOFIELD ST", "borough": "bronx", "direction": "TW", "total_row_ft": 52.1, "roadbed_ft": 28.3, "median_ft": 0.0, "left_sw_ft": 15.0, "right_sw_ft": 8.8}, "geometry": {"type": "LineString", "coordinates": [[-73.78772833007623, 40.8448563221414], [-73.78764405647983, 40.84463926695757]]}}, {"type": "Feature", "properties": {"segment_id": 924767, "physicalid": "64621", "street_name": "SCHOFIELD ST", "borough": "bronx", "direction": "TW", "total_row_ft": 52.1, "roadbed_ft": 27.0, "median_ft": 0.0, "left_sw_ft": 15.0, "right_sw_ft": 10.1}, "geometry": {"type": "LineString", "coordinates": [[-73.78765899493327, 40.84487184664627], [-73.78757445076181, 40.844654093982605]]}}, {"type": "Feature", "properties": {"segment_id": 924768, "physicalid": "64621", "street_name": "SCHOFIELD ST", "borough": "bronx", "direction": "TW", "total_row_ft": 51.7, "roadbed_ft": 26.2, "median_ft": 0.0, "left_sw_ft": 15.0, "right_sw_ft": 10.4}, "geometry": {"type": "LineString", "coordinates": [[-73.78758965975793, 40.84488737110942], [-73.78750559902983, 40.84467086303]]}}, {"type": "Feature", "properties": {"segment_id": 924769, "physicalid": "64621", "street_name": "SCHOFIELD ST", "borough": "bronx", "direction": "TW", "total_row_ft": 51.5, "roadbed_ft": 25.8, "median_ft": 0.0, "left_sw_ft": 15.0, "right_sw_ft": 10.7}, "geometry": {"type": "LineString", "coordinates": [[-73.78752032455023, 40.84490289553084], [-73.78743677380142, 40.844687700389095]]}}, {"type": "Feature", "properties": {"segment_id": 924770, "physicalid": "64621", "street_name": "SCHOFIELD ST", "borough": "bronx", "direction": "TW", "total_row_ft": 51.6, "roadbed_ft": 25.4, "median_ft": 0.0, "left_sw_ft": 15.0, "right_sw_ft": 11.2}, "geometry": {"type": "LineString", "coordinates": [[-73.78745098931019, 40.84491841991055], [-73.7873672750757, 40.84470280311185]]}}, {"type": "Feature", "properties": {"segment_id": 924771, "physicalid": "64621", "street_name": "SCHOFIELD ST", "borough": "bronx", "direction": "TW", "total_row_ft": 51.9, "roadbed_ft": 24.9, "median_ft": 0.0, "left_sw_ft": 15.0, "right_sw_ft": 11.9}, "geometry": {"type": "LineString", "coordinates": [[-73.78738165403777, 40.84493394424855], [-73.78729739684358, 40.844716928400395]]}}, {"type": "Feature", "properties": {"segment_id": 924772, "physicalid": "64621", "street_name": "SCHOFIELD ST", "borough": "bronx", "direction": "TW", "total_row_ft": 52.1, "roadbed_ft": 24.9, "median_ft": 0.0, "left_sw_ft": 15.0, "right_sw_ft": 12.2}, "geometry": {"type": "LineString", "coordinates": [[-73.78731231873299, 40.84494946854483], [-73.78722751858182, 40.84473105364657]]}}, {"type": "Feature", "properties": {"segment_id": 924773, "physicalid": "64621", "street_name": "SCHOFIELD ST", "borough": "bronx", "direction": "TW", "total_row_ft": 48.0, "roadbed_ft": 24.8, "median_ft": 0.0, "left_sw_ft": 10.6, "right_sw_ft": 12.6}, "geometry": {"type": "LineString", "coordinates": [[-73.78720667216211, 40.84487146796528], [-73.78715764034011, 40.84474517897853]]}}, {"type": "Feature", "properties": {"segment_id": 924774, "physicalid": "64621", "street_name": "SCHOFIELD ST", "borough": "bronx", "direction": "TW", "total_row_ft": 47.6, "roadbed_ft": 24.7, "median_ft": 0.0, "left_sw_ft": 11.0, "right_sw_ft": 12.0}, "geometry": {"type": "LineString", "coordinates": [[-73.7871374144316, 40.84488719189856], [-73.78708871104753, 40.84476174852018]]}}, {"type": "Feature", "properties": {"segment_id": 924775, "physicalid": "64621", "street_name": "SCHOFIELD ST", "borough": "bronx", "direction": "TW", "total_row_ft": 47.3, "roadbed_ft": 24.5, "median_ft": 0.0, "left_sw_ft": 11.1, "right_sw_ft": 11.7}, "geometry": {"type": "LineString", "coordinates": [[-73.78706815663641, 40.84490291570799], [-73.78701978503777, 40.844778326564516]]}}, {"type": "Feature", "properties": {"segment_id": 924776, "physicalid": "64621", "street_name": "SCHOFIELD ST", "borough": "bronx", "direction": "TW", "total_row_ft": 47.0, "roadbed_ft": 24.5, "median_ft": 0.0, "left_sw_ft": 11.1, "right_sw_ft": 11.5}, "geometry": {"type": "LineString", "coordinates": [[-73.78699889867383, 40.844918639128956], [-73.78695085897229, 40.84479490451257]]}}, {"type": "Feature", "properties": {"segment_id": 924777, "physicalid": "64621", "street_name": "SCHOFIELD ST", "borough": "bronx", "direction": "TW", "total_row_ft": 46.6, "roadbed_ft": 24.4, "median_ft": 0.0, "left_sw_ft": 11.0, "right_sw_ft": 11.2}, "geometry": {"type": "LineString", "coordinates": [[-73.78692955538142, 40.84493414281061], [-73.78688193287459, 40.84481148242486]]}}, {"type": "Feature", "properties": {"segment_id": 924778, "physicalid": "64621", "street_name": "SCHOFIELD ST", "borough": "bronx", "direction": "TW", "total_row_ft": 46.5, "roadbed_ft": 24.3, "median_ft": 0.0, "left_sw_ft": 10.8, "right_sw_ft": 11.4}, "geometry": {"type": "LineString", "coordinates": [[-73.7868601269717, 40.844949427298644], [-73.7868125696662, 40.844826934521585]]}}, {"type": "Feature", "properties": {"segment_id": 924779, "physicalid": "64621", "street_name": "SCHOFIELD ST", "borough": "bronx", "direction": "TW", "total_row_ft": 46.8, "roadbed_ft": 24.2, "median_ft": 0.0, "left_sw_ft": 10.6, "right_sw_ft": 11.9}, "geometry": {"type": "LineString", "coordinates": [[-73.78679069852527, 40.844964711732416], [-73.78674287022687, 40.84484152062961]]}}, {"type": "Feature", "properties": {"segment_id": 924780, "physicalid": "64621", "street_name": "SCHOFIELD ST", "borough": "bronx", "direction": "TW", "total_row_ft": 47.1, "roadbed_ft": 24.5, "median_ft": 0.0, "left_sw_ft": 10.5, "right_sw_ft": 12.0}, "geometry": {"type": "LineString", "coordinates": [[-73.78672127007238, 40.84497999618991], [-73.78667317072234, 40.84485610660616]]}}, {"type": "Feature", "properties": {"segment_id": 924781, "physicalid": "64621", "street_name": "SCHOFIELD ST", "borough": "bronx", "direction": "TW", "total_row_ft": 47.3, "roadbed_ft": 24.9, "median_ft": 0.0, "left_sw_ft": 10.3, "right_sw_ft": 12.1}, "geometry": {"type": "LineString", "coordinates": [[-73.78665184162188, 40.84499528069391], [-73.7866034710776, 40.84487069225823]]}}, {"type": "Feature", "properties": {"segment_id": 924782, "physicalid": "64621", "street_name": "SCHOFIELD ST", "borough": "bronx", "direction": "TW", "total_row_ft": 47.2, "roadbed_ft": 25.2, "median_ft": 0.0, "left_sw_ft": 10.2, "right_sw_ft": 11.8}, "geometry": {"type": "LineString", "coordinates": [[-73.78658241310166, 40.845010565058686], [-73.78653421866979, 40.84488642990434]]}}, {"type": "Feature", "properties": {"segment_id": 924783, "physicalid": "64621", "street_name": "SCHOFIELD ST", "borough": "bronx", "direction": "TW", "total_row_ft": 46.5, "roadbed_ft": 25.4, "median_ft": 0.0, "left_sw_ft": 10.1, "right_sw_ft": 10.9}, "geometry": {"type": "LineString", "coordinates": [[-73.78651298452985, 40.845025849330966], [-73.78646548008268, 40.844903491055355]]}}, {"type": "Feature", "properties": {"segment_id": 924784, "physicalid": "64621", "street_name": "SCHOFIELD ST", "borough": "bronx", "direction": "TW", "total_row_ft": 45.5, "roadbed_ft": 25.6, "median_ft": 0.0, "left_sw_ft": 9.8, "right_sw_ft": 10.2}, "geometry": {"type": "LineString", "coordinates": [[-73.7864432584156, 40.84504036725619], [-73.78639674130916, 40.844920551776]]}}, {"type": "Feature", "properties": {"segment_id": 924785, "physicalid": "64621", "street_name": "SCHOFIELD ST", "borough": "bronx", "direction": "TW", "total_row_ft": 44.4, "roadbed_ft": 25.6, "median_ft": 0.0, "left_sw_ft": 9.3, "right_sw_ft": 9.6}, "geometry": {"type": "LineString", "coordinates": [[-73.78637334829374, 40.845054411263426], [-73.78632797879635, 40.8449375514002]]}}, {"type": "Feature", "properties": {"segment_id": 924786, "physicalid": "64621", "street_name": "SCHOFIELD ST", "borough": "bronx", "direction": "TW", "total_row_ft": 43.7, "roadbed_ft": 25.6, "median_ft": 0.0, "left_sw_ft": 8.7, "right_sw_ft": 9.4}, "geometry": {"type": "LineString", "coordinates": [[-73.78630343822994, 40.84506845545379], [-73.78625877794052, 40.8449534220128]]}}, {"type": "Feature", "properties": {"segment_id": 924787, "physicalid": "64621", "street_name": "SCHOFIELD ST", "borough": "bronx", "direction": "TW", "total_row_ft": 43.0, "roadbed_ft": 25.6, "median_ft": 0.0, "left_sw_ft": 8.2, "right_sw_ft": 9.2}, "geometry": {"type": "LineString", "coordinates": [[-73.78623352813659, 40.84508249960177], [-73.78618957704478, 40.844969292566056]]}}, {"type": "Feature", "properties": {"segment_id": 924788, "physicalid": "64621", "street_name": "SCHOFIELD ST", "borough": "bronx", "direction": "TW", "total_row_ft": 42.3, "roadbed_ft": 25.8, "median_ft": 0.0, "left_sw_ft": 7.6, "right_sw_ft": 8.9}, "geometry": {"type": "LineString", "coordinates": [[-73.78616361801375, 40.84509654370732], [-73.78612037625582, 40.84498516343784]]}}, {"type": "Feature", "properties": {"segment_id": 924789, "physicalid": "64621", "street_name": "SCHOFIELD ST", "borough": "bronx", "direction": "TW", "total_row_ft": 41.6, "roadbed_ft": 26.0, "median_ft": 0.0, "left_sw_ft": 7.1, "right_sw_ft": 8.5}, "geometry": {"type": "LineString", "coordinates": [[-73.78609370786137, 40.845110587770485], [-73.78605117543384, 40.845001034268066]]}}, {"type": "Feature", "properties": {"segment_id": 924790, "physicalid": "64621", "street_name": "SCHOFIELD ST", "borough": "bronx", "direction": "TW", "total_row_ft": 47.5, "roadbed_ft": 26.1, "median_ft": 0.0, "left_sw_ft": 13.2, "right_sw_ft": 8.1}, "geometry": {"type": "LineString", "coordinates": [[-73.78603053502509, 40.84514198561718], [-73.78598197665522, 40.84501691040504]]}}, {"type": "Feature", "properties": {"segment_id": 924791, "physicalid": "64621", "street_name": "SCHOFIELD ST", "borough": "bronx", "direction": "TW", "total_row_ft": 47.3, "roadbed_ft": 26.3, "median_ft": 0.0, "left_sw_ft": 13.3, "right_sw_ft": 7.8}, "geometry": {"type": "LineString", "coordinates": [[-73.78596113395982, 40.84515734108739], [-73.78591279263833, 40.84503282460858]]}}, {"type": "Feature", "properties": {"segment_id": 924792, "physicalid": "64621", "street_name": "SCHOFIELD ST", "borough": "bronx", "direction": "TW", "total_row_ft": 47.1, "roadbed_ft": 26.4, "median_ft": 0.0, "left_sw_ft": 13.3, "right_sw_ft": 7.4}, "geometry": {"type": "LineString", "coordinates": [[-73.78589173286248, 40.84517269651579], [-73.78584360858837, 40.84504873877055]]}}, {"type": "Feature", "properties": {"segment_id": 924793, "physicalid": "64621", "street_name": "SCHOFIELD ST", "borough": "bronx", "direction": "TW", "total_row_ft": 120.0, "roadbed_ft": 29.4, "median_ft": 0.0, "left_sw_ft": 43.3, "right_sw_ft": 47.2}, "geometry": {"type": "LineString", "coordinates": [[-73.78585626985713, 40.845275469129724], [-73.78573361981607, 40.84495954815664]]}}, {"type": "Feature", "properties": {"segment_id": 924794, "physicalid": "64622", "street_name": "SCHOFIELD ST", "borough": "bronx", "direction": "TW", "total_row_ft": 150.0, "roadbed_ft": 120.0, "median_ft": 0.0, "left_sw_ft": 15.0, "right_sw_ft": 15.0}, "geometry": {"type": "LineString", "coordinates": [[-73.78570425555895, 40.84530795295515], [-73.78559574732097, 40.84498906230449]]}}, {"type": "Feature", "properties": {"segment_id": 924795, "physicalid": "64622", "street_name": "SCHOFIELD ST", "borough": "bronx", "direction": "TW", "total_row_ft": 120.0, "roadbed_ft": 28.3, "median_ft": 0.0, "left_sw_ft": 45.6, "right_sw_ft": 46.1}, "geometry": {"type": "LineString", "coordinates": [[-73.78563426774328, 40.84532168644705], [-73.78552575981838, 40.845002795731325]]}}, {"type": "Feature", "properties": {"segment_id": 924796, "physicalid": "64622", "street_name": "SCHOFIELD ST", "borough": "bronx", "direction": "TW", "total_row_ft": 47.6, "roadbed_ft": 28.2, "median_ft": 0.0, "left_sw_ft": 13.5, "right_sw_ft": 5.9}, "geometry": {"type": "LineString", "coordinates": [[-73.78553515579497, 40.84524982798105], [-73.78549214640543, 40.845123428615814]]}}, {"type": "Feature", "properties": {"segment_id": 924797, "physicalid": "64622", "street_name": "SCHOFIELD ST", "borough": "bronx", "direction": "TW", "total_row_ft": 48.0, "roadbed_ft": 28.1, "median_ft": 0.0, "left_sw_ft": 13.4, "right_sw_ft": 6.5}, "geometry": {"type": "LineString", "coordinates": [[-73.78546500801764, 40.845263091184975], [-73.78542162763614, 40.84513560112158]]}}, {"type": "Feature", "properties": {"segment_id": 924798, "physicalid": "64622", "street_name": "SCHOFIELD ST", "borough": "bronx", "direction": "TW", "total_row_ft": 43.3, "roadbed_ft": 28.1, "median_ft": 0.0, "left_sw_ft": 8.2, "right_sw_ft": 7.1}, "geometry": {"type": "LineString", "coordinates": [[-73.78539027379564, 40.84526287536544], [-73.78535110884103, 40.84514777358417]]}}, {"type": "Feature", "properties": {"segment_id": 924799, "physicalid": "64622", "street_name": "SCHOFIELD ST", "borough": "bronx", "direction": "TW", "total_row_ft": 43.5, "roadbed_ft": 28.0, "median_ft": 0.0, "left_sw_ft": 7.9, "right_sw_ft": 7.7}, "geometry": {"type": "LineString", "coordinates": [[-73.78531995859593, 40.845275646568766], [-73.78528059002012, 40.84515994600367]]}}, {"type": "Feature", "properties": {"segment_id": 924800, "physicalid": "64622", "street_name": "SCHOFIELD ST", "borough": "bronx", "direction": "TW", "total_row_ft": 43.8, "roadbed_ft": 27.9, "median_ft": 0.0, "left_sw_ft": 7.6, "right_sw_ft": 8.3}, "geometry": {"type": "LineString", "coordinates": [[-73.78524964336921, 40.845288417729186], [-73.78521001609874, 40.84517195651993]]}}, {"type": "Feature", "properties": {"segment_id": 924801, "physicalid": "64622", "street_name": "SCHOFIELD ST", "borough": "bronx", "direction": "TW", "total_row_ft": 44.6, "roadbed_ft": 28.0, "median_ft": 0.0, "left_sw_ft": 7.3, "right_sw_ft": 9.3}, "geometry": {"type": "LineString", "coordinates": [[-73.7851793281155, 40.84530118884673], [-73.78513902820728, 40.84518275043866]]}}, {"type": "Feature", "properties": {"segment_id": 924802, "physicalid": "64622", "street_name": "SCHOFIELD ST", "borough": "bronx", "direction": "TW", "total_row_ft": 45.3, "roadbed_ft": 28.0, "median_ft": 0.0, "left_sw_ft": 7.1, "right_sw_ft": 10.1}, "geometry": {"type": "LineString", "coordinates": [[-73.78510901279009, 40.845313959790005], [-73.78506804027559, 40.845193544263076]]}}, {"type": "Feature", "properties": {"segment_id": 924803, "physicalid": "64622", "street_name": "SCHOFIELD ST", "borough": "bronx", "direction": "TW", "total_row_ft": 46.1, "roadbed_ft": 28.0, "median_ft": 0.0, "left_sw_ft": 7.1, "right_sw_ft": 11.0}, "geometry": {"type": "LineString", "coordinates": [[-73.78503872056594, 40.845326798662875], [-73.78499705229292, 40.84520433796171]]}}, {"type": "Feature", "properties": {"segment_id": 924804, "physicalid": "64622", "street_name": "SCHOFIELD ST", "borough": "bronx", "direction": "TW", "total_row_ft": 46.8, "roadbed_ft": 28.0, "median_ft": 0.0, "left_sw_ft": 7.1, "right_sw_ft": 11.6}, "geometry": {"type": "LineString", "coordinates": [[-73.7849685853542, 40.84534009902388], [-73.78492625506892, 40.845215692316195]]}}, {"type": "Feature", "properties": {"segment_id": 924805, "physicalid": "64622", "street_name": "SCHOFIELD ST", "borough": "bronx", "direction": "TW", "total_row_ft": 48.0, "roadbed_ft": 28.1, "median_ft": 0.0, "left_sw_ft": 7.2, "right_sw_ft": 12.7}, "geometry": {"type": "LineString", "coordinates": [[-73.78489845011444, 40.84535339934219], [-73.7848550766785, 40.84522592646231]]}}, {"type": "Feature", "properties": {"segment_id": 924806, "physicalid": "64622", "street_name": "SCHOFIELD ST", "borough": "bronx", "direction": "TW", "total_row_ft": 48.9, "roadbed_ft": 28.1, "median_ft": 0.0, "left_sw_ft": 7.3, "right_sw_ft": 13.6}, "geometry": {"type": "LineString", "coordinates": [[-73.78482831484664, 40.84536669961784], [-73.78478408869928, 40.84523672024312]]}}, {"type": "Feature", "properties": {"segment_id": 924807, "physicalid": "64622", "street_name": "SCHOFIELD ST", "borough": "bronx", "direction": "TW", "total_row_ft": 49.9, "roadbed_ft": 28.1, "median_ft": 0.0, "left_sw_ft": 7.4, "right_sw_ft": 14.4}, "geometry": {"type": "LineString", "coordinates": [[-73.78475817955078, 40.8453799998508], [-73.78471310069703, 40.845247513980226]]}}, {"type": "Feature", "properties": {"segment_id": 924808, "physicalid": "64622", "street_name": "SCHOFIELD ST", "borough": "bronx", "direction": "TW", "total_row_ft": 50.0, "roadbed_ft": 28.0, "median_ft": 0.0, "left_sw_ft": 10.7, "right_sw_ft": 11.3}, "geometry": {"type": "LineString", "coordinates": [[-73.78469096811304, 40.8454018932932], [-73.78464575638884, 40.845269016541394]]}}, {"type": "Feature", "properties": {"segment_id": 924809, "physicalid": "64622", "street_name": "SCHOFIELD ST", "borough": "bronx", "direction": "TW", "total_row_ft": 49.9, "roadbed_ft": 28.3, "median_ft": 0.0, "left_sw_ft": 10.2, "right_sw_ft": 11.4}, "geometry": {"type": "LineString", "coordinates": [[-73.78462023563831, 40.84541343852845], [-73.78457516103744, 40.84528096436304]]}}, {"type": "Feature", "properties": {"segment_id": 924810, "physicalid": "64622", "street_name": "SCHOFIELD ST", "borough": "bronx", "direction": "TW", "total_row_ft": 51.1, "roadbed_ft": 28.8, "median_ft": 0.0, "left_sw_ft": 10.9, "right_sw_ft": 11.3}, "geometry": {"type": "LineString", "coordinates": [[-73.7845507331105, 40.84542859860786], [-73.78450456566067, 40.845292912141474]]}}, {"type": "Feature", "properties": {"segment_id": 924811, "physicalid": "64622", "street_name": "SCHOFIELD ST", "borough": "bronx", "direction": "TW", "total_row_ft": 52.3, "roadbed_ft": 28.8, "median_ft": 0.0, "left_sw_ft": 11.7, "right_sw_ft": 11.8}, "geometry": {"type": "LineString", "coordinates": [[-73.78448125512742, 40.8454438308756], [-73.78443397025855, 40.84530485987664]]}}, {"type": "Feature", "properties": {"segment_id": 924812, "physicalid": "64622", "street_name": "SCHOFIELD ST", "borough": "bronx", "direction": "TW", "total_row_ft": 98.4, "roadbed_ft": 71.4, "median_ft": 0.0, "left_sw_ft": 12.0, "right_sw_ft": 15.0}, "geometry": {"type": "LineString", "coordinates": [[-73.78441135077358, 40.84545781008333], [-73.78433596785328, 40.84523625748538]]}}, {"type": "Feature", "properties": {"segment_id": 924813, "physicalid": "64622", "street_name": "SCHOFIELD ST", "borough": "bronx", "direction": "TW", "total_row_ft": 42.8, "roadbed_ft": 29.2, "median_ft": 0.0, "left_sw_ft": 7.0, "right_sw_ft": 6.6}, "geometry": {"type": "LineString", "coordinates": [[-73.78433657252631, 40.845457464822516], [-73.78429787721926, 40.845343737978354]]}}, {"type": "Feature", "properties": {"segment_id": 924814, "physicalid": "64622", "street_name": "SCHOFIELD ST", "borough": "bronx", "direction": "TW", "total_row_ft": 43.6, "roadbed_ft": 29.8, "median_ft": 0.0, "left_sw_ft": 7.2, "right_sw_ft": 6.6}, "geometry": {"type": "LineString", "coordinates": [[-73.78426661819547, 40.845471297189626], [-73.78422723516387, 40.84535554873831]]}}, {"type": "Feature", "properties": {"segment_id": 924815, "physicalid": "64622", "street_name": "SCHOFIELD ST", "borough": "bronx", "direction": "TW", "total_row_ft": 44.3, "roadbed_ft": 30.5, "median_ft": 0.0, "left_sw_ft": 7.2, "right_sw_ft": 6.6}, "geometry": {"type": "LineString", "coordinates": [[-73.78419666380657, 40.845485129429186], [-73.78415661007061, 40.84536740938147]]}}, {"type": "Feature", "properties": {"segment_id": 924816, "physicalid": "64622", "street_name": "SCHOFIELD ST", "borough": "bronx", "direction": "TW", "total_row_ft": 44.7, "roadbed_ft": 30.9, "median_ft": 0.0, "left_sw_ft": 7.4, "right_sw_ft": 6.5}, "geometry": {"type": "LineString", "coordinates": [[-73.78412670938859, 40.84549896162626], [-73.78408629429438, 40.84538017915899]]}}, {"type": "Feature", "properties": {"segment_id": 924817, "physicalid": "64622", "street_name": "SCHOFIELD ST", "borough": "bronx", "direction": "TW", "total_row_ft": 44.7, "roadbed_ft": 30.7, "median_ft": 0.0, "left_sw_ft": 7.3, "right_sw_ft": 6.7}, "geometry": {"type": "LineString", "coordinates": [[-73.78405640952333, 40.84551177857427], [-73.78401597849118, 40.84539294889364]]}}, {"type": "Feature", "properties": {"segment_id": 924818, "physicalid": "64622", "street_name": "SCHOFIELD ST", "borough": "bronx", "direction": "TW", "total_row_ft": 44.4, "roadbed_ft": 30.6, "median_ft": 0.0, "left_sw_ft": 6.8, "right_sw_ft": 6.9}, "geometry": {"type": "LineString", "coordinates": [[-73.78398578215632, 40.84552363300674], [-73.78394566266097, 40.84540571858535]]}}, {"type": "Feature", "properties": {"segment_id": 924819, "physicalid": "64622", "street_name": "SCHOFIELD ST", "borough": "bronx", "direction": "TW", "total_row_ft": 44.0, "roadbed_ft": 30.1, "median_ft": 0.0, "left_sw_ft": 6.6, "right_sw_ft": 7.3}, "geometry": {"type": "LineString", "coordinates": [[-73.78391515473538, 40.845535487311494], [-73.78387534215878, 40.845418474582175]]}}, {"type": "Feature", "properties": {"segment_id": 924820, "physicalid": "64622", "street_name": "SCHOFIELD ST", "borough": "bronx", "direction": "TW", "total_row_ft": 48.7, "roadbed_ft": 29.7, "median_ft": 0.0, "left_sw_ft": 11.3, "right_sw_ft": 7.8}, "geometry": {"type": "LineString", "coordinates": [[-73.78384894655055, 40.84556033019219], [-73.78380487696334, 40.84543080534688]]}}, {"type": "Feature", "properties": {"segment_id": 924821, "physicalid": "64622", "street_name": "SCHOFIELD ST", "borough": "bronx", "direction": "TW", "total_row_ft": 48.6, "roadbed_ft": 29.4, "median_ft": 0.0, "left_sw_ft": 11.1, "right_sw_ft": 8.1}, "geometry": {"type": "LineString", "coordinates": [[-73.78377836266543, 40.84557231255546], [-73.78373441174551, 40.845443136079396]]}}, {"type": "Feature", "properties": {"segment_id": 924822, "physicalid": "64622", "street_name": "SCHOFIELD ST", "borough": "bronx", "direction": "TW", "total_row_ft": 48.5, "roadbed_ft": 29.8, "median_ft": 0.0, "left_sw_ft": 10.9, "right_sw_ft": 7.7}, "geometry": {"type": "LineString", "coordinates": [[-73.78370777869985, 40.84558429471373], [-73.78366394653746, 40.84545546687443]]}}, {"type": "Feature", "properties": {"segment_id": 924823, "physicalid": "64622", "street_name": "SCHOFIELD ST", "borough": "bronx", "direction": "TW", "total_row_ft": 48.3, "roadbed_ft": 30.0, "median_ft": 0.0, "left_sw_ft": 10.7, "right_sw_ft": 7.7}, "geometry": {"type": "LineString", "coordinates": [[-73.78363719479421, 40.84559627707973], [-73.78359348143876, 40.84546779802451]]}}, {"type": "Feature", "properties": {"segment_id": 924824, "physicalid": "64622", "street_name": "SCHOFIELD ST", "borough": "bronx", "direction": "TW", "total_row_ft": 76.0, "roadbed_ft": 61.3, "median_ft": 0.0, "left_sw_ft": 6.7, "right_sw_ft": 7.9}, "geometry": {"type": "LineString", "coordinates": [[-73.78359153541575, 40.84568151580007], [-73.78352283853741, 40.845479606621325]]}}, {"type": "Feature", "properties": {"segment_id": 924825, "physicalid": "64623", "street_name": "BAY ST", "borough": "bronx", "direction": "TW", "total_row_ft": 135.0, "roadbed_ft": 75.4, "median_ft": 0.0, "left_sw_ft": 44.6, "right_sw_ft": 15.0}, "geometry": {"type": "LineString", "coordinates": [[-73.78926431056166, 40.847538963013086], [-73.78915198308555, 40.84722083525967]]}}, {"type": "Feature", "properties": {"segment_id": 924826, "physicalid": "64623", "street_name": "BAY ST", "borough": "bronx", "direction": "TW", "total_row_ft": 46.0, "roadbed_ft": 29.1, "median_ft": 0.0, "left_sw_ft": 8.0, "right_sw_ft": 8.9}, "geometry": {"type": "LineString", "coordinates": [[-73.78916013617973, 40.84745589063567], [-73.78911705727609, 40.84733388455411]]}}, {"type": "Feature", "properties": {"segment_id": 924827, "physicalid": "64623", "street_name": "BAY ST", "borough": "bronx", "direction": "TW", "total_row_ft": 46.3, "roadbed_ft": 28.4, "median_ft": 0.0, "left_sw_ft": 8.2, "right_sw_ft": 9.7}, "geometry": {"type": "LineString", "coordinates": [[-73.78909072670332, 40.84747127723859], [-73.78904740801521, 40.84734859168927]]}}, {"type": "Feature", "properties": {"segment_id": 924828, "physicalid": "64623", "street_name": "BAY ST", "borough": "bronx", "direction": "TW", "total_row_ft": 46.5, "roadbed_ft": 27.7, "median_ft": 0.0, "left_sw_ft": 8.5, "right_sw_ft": 10.4}, "geometry": {"type": "LineString", "coordinates": [[-73.78902131720731, 40.84748666383518], [-73.78897775874452, 40.84736329884187]]}}, {"type": "Feature", "properties": {"segment_id": 924829, "physicalid": "64623", "street_name": "BAY ST", "borough": "bronx", "direction": "TW", "total_row_ft": 49.2, "roadbed_ft": 27.5, "median_ft": 0.0, "left_sw_ft": 8.7, "right_sw_ft": 13.0}, "geometry": {"type": "LineString", "coordinates": [[-73.78895189577538, 40.84750201667626], [-73.78890586550621, 40.84737165070894]]}}, {"type": "Feature", "properties": {"segment_id": 924830, "physicalid": "64623", "street_name": "BAY ST", "borough": "bronx", "direction": "TW", "total_row_ft": 48.5, "roadbed_ft": 27.3, "median_ft": 0.0, "left_sw_ft": 8.2, "right_sw_ft": 13.0}, "geometry": {"type": "LineString", "coordinates": [[-73.78888178116576, 40.84751540636109], [-73.78883638438978, 40.847386834178344]]}}, {"type": "Feature", "properties": {"segment_id": 924831, "physicalid": "64623", "street_name": "BAY ST", "borough": "bronx", "direction": "TW", "total_row_ft": 47.8, "roadbed_ft": 27.1, "median_ft": 0.0, "left_sw_ft": 7.7, "right_sw_ft": 13.1}, "geometry": {"type": "LineString", "coordinates": [[-73.7888116665279, 40.84752879600325], [-73.78876690324162, 40.84740201760587]]}}, {"type": "Feature", "properties": {"segment_id": 924832, "physicalid": "64623", "street_name": "BAY ST", "borough": "bronx", "direction": "TW", "total_row_ft": 47.1, "roadbed_ft": 27.1, "median_ft": 0.0, "left_sw_ft": 7.1, "right_sw_ft": 12.9}, "geometry": {"type": "LineString", "coordinates": [[-73.78874155186183, 40.847542185602784], [-73.78869742206176, 40.84741720099149]]}}, {"type": "Feature", "properties": {"segment_id": 924833, "physicalid": "64623", "street_name": "BAY ST", "borough": "bronx", "direction": "TW", "total_row_ft": 41.9, "roadbed_ft": 27.3, "median_ft": 0.0, "left_sw_ft": 6.6, "right_sw_ft": 8.0}, "geometry": {"type": "LineString", "coordinates": [[-73.78867143716754, 40.84755557515969], [-73.78863220424721, 40.847444459203665]]}}, {"type": "Feature", "properties": {"segment_id": 924834, "physicalid": "64623", "street_name": "BAY ST", "borough": "bronx", "direction": "TW", "total_row_ft": 41.5, "roadbed_ft": 27.4, "median_ft": 0.0, "left_sw_ft": 6.1, "right_sw_ft": 8.0}, "geometry": {"type": "LineString", "coordinates": [[-73.78860132244499, 40.847568964673926], [-73.7885624445031, 40.847458853763946]]}}, {"type": "Feature", "properties": {"segment_id": 924835, "physicalid": "64623", "street_name": "BAY ST", "borough": "bronx", "direction": "TW", "total_row_ft": 42.2, "roadbed_ft": 27.6, "median_ft": 0.0, "left_sw_ft": 6.6, "right_sw_ft": 8.0}, "geometry": {"type": "LineString", "coordinates": [[-73.78853216365283, 40.84758506163451], [-73.78849264647494, 40.84747313993808]]}}, {"type": "Feature", "properties": {"segment_id": 924836, "physicalid": "64623", "street_name": "BAY ST", "borough": "bronx", "direction": "TW", "total_row_ft": 43.0, "roadbed_ft": 27.8, "median_ft": 0.0, "left_sw_ft": 7.2, "right_sw_ft": 8.1}, "geometry": {"type": "LineString", "coordinates": [[-73.78846307442248, 40.84760135566363], [-73.78842278865756, 40.847487256817374]]}}, {"type": "Feature", "properties": {"segment_id": 924837, "physicalid": "64623", "street_name": "BAY ST", "borough": "bronx", "direction": "TW", "total_row_ft": 43.9, "roadbed_ft": 28.1, "median_ft": 0.0, "left_sw_ft": 7.6, "right_sw_ft": 8.2}, "geometry": {"type": "LineString", "coordinates": [[-73.78839398515828, 40.84761764965128], [-73.78835293081055, 40.84750137365431]]}}, {"type": "Feature", "properties": {"segment_id": 924838, "physicalid": "64623", "street_name": "BAY ST", "borough": "bronx", "direction": "TW", "total_row_ft": 44.7, "roadbed_ft": 28.4, "median_ft": 0.0, "left_sw_ft": 7.9, "right_sw_ft": 8.3}, "geometry": {"type": "LineString", "coordinates": [[-73.78832489586024, 40.84763394359753], [-73.78828307293388, 40.84751549044892]]}}, {"type": "Feature", "properties": {"segment_id": 924839, "physicalid": "64623", "street_name": "BAY ST", "borough": "bronx", "direction": "TW", "total_row_ft": 45.4, "roadbed_ft": 28.7, "median_ft": 0.0, "left_sw_ft": 8.4, "right_sw_ft": 8.4}, "geometry": {"type": "LineString", "coordinates": [[-73.78825573944606, 40.84765004750811], [-73.78821321502755, 40.847529607201196]]}}, {"type": "Feature", "properties": {"segment_id": 924840, "physicalid": "64623", "street_name": "BAY ST", "borough": "bronx", "direction": "TW", "total_row_ft": 45.4, "roadbed_ft": 28.7, "median_ft": 0.0, "left_sw_ft": 7.9, "right_sw_ft": 8.8}, "geometry": {"type": "LineString", "coordinates": [[-73.78818558411011, 40.847663322260445], [-73.78814309529176, 40.84754298242173]]}}, {"type": "Feature", "properties": {"segment_id": 924841, "physicalid": "64623", "street_name": "BAY ST", "borough": "bronx", "direction": "TW", "total_row_ft": 46.0, "roadbed_ft": 28.5, "median_ft": 0.0, "left_sw_ft": 7.5, "right_sw_ft": 10.0}, "geometry": {"type": "LineString", "coordinates": [[-73.78811542874612, 40.84767659697012], [-73.78807233175704, 40.84755453425764]]}}, {"type": "Feature", "properties": {"segment_id": 924842, "physicalid": "64623", "street_name": "BAY ST", "borough": "bronx", "direction": "TW", "total_row_ft": 45.5, "roadbed_ft": 28.4, "median_ft": 0.0, "left_sw_ft": 7.0, "right_sw_ft": 10.1}, "geometry": {"type": "LineString", "coordinates": [[-73.78804527335417, 40.84768987163708], [-73.78800272074649, 40.84756935040623]]}}, {"type": "Feature", "properties": {"segment_id": 924843, "physicalid": "64623", "street_name": "BAY ST", "borough": "bronx", "direction": "TW", "total_row_ft": 44.9, "roadbed_ft": 28.2, "median_ft": 0.0, "left_sw_ft": 6.6, "right_sw_ft": 10.1}, "geometry": {"type": "LineString", "coordinates": [[-73.7879751179342, 40.847703146261345], [-73.78793310970495, 40.847584166512775]]}}, {"type": "Feature", "properties": {"segment_id": 924844, "physicalid": "64623", "street_name": "BAY ST", "borough": "bronx", "direction": "TW", "total_row_ft": 44.4, "roadbed_ft": 27.7, "median_ft": 0.0, "left_sw_ft": 6.4, "right_sw_ft": 10.3}, "geometry": {"type": "LineString", "coordinates": [[-73.78790508139511, 40.84771675762848], [-73.78786349863239, 40.84759898257728]]}}, {"type": "Feature", "properties": {"segment_id": 924845, "physicalid": "64623", "street_name": "BAY ST", "borough": "bronx", "direction": "TW", "total_row_ft": 44.0, "roadbed_ft": 27.2, "median_ft": 0.0, "left_sw_ft": 6.2, "right_sw_ft": 10.6}, "geometry": {"type": "LineString", "coordinates": [[-73.7878350952243, 40.84773051169269], [-73.78779388752882, 40.84761379859974]]}}, {"type": "Feature", "properties": {"segment_id": 924846, "physicalid": "64623", "street_name": "BAY ST", "borough": "bronx", "direction": "TW", "total_row_ft": 43.6, "roadbed_ft": 26.6, "median_ft": 0.0, "left_sw_ft": 6.1, "right_sw_ft": 11.0}, "geometry": {"type": "LineString", "coordinates": [[-73.78776510903273, 40.847744265737575], [-73.78772427077863, 40.84762859867486]]}}, {"type": "Feature", "properties": {"segment_id": 924847, "physicalid": "64623", "street_name": "BAY ST", "borough": "bronx", "direction": "TW", "total_row_ft": 43.2, "roadbed_ft": 26.4, "median_ft": 0.0, "left_sw_ft": 5.9, "right_sw_ft": 11.0}, "geometry": {"type": "LineString", "coordinates": [[-73.7876951229615, 40.8477580201628], [-73.78765464661842, 40.84764337780808]]}}, {"type": "Feature", "properties": {"segment_id": 924848, "physicalid": "64623", "street_name": "BAY ST", "borough": "bronx", "direction": "TW", "total_row_ft": 42.8, "roadbed_ft": 27.1, "median_ft": 0.0, "left_sw_ft": 5.5, "right_sw_ft": 10.2}, "geometry": {"type": "LineString", "coordinates": [[-73.78762511399538, 40.84777170978152], [-73.78758502243124, 40.84765815691045]]}}, {"type": "Feature", "properties": {"segment_id": 924849, "physicalid": "64623", "street_name": "BAY ST", "borough": "bronx", "direction": "TW", "total_row_ft": 40.3, "roadbed_ft": 24.2, "median_ft": 0.0, "left_sw_ft": 6.7, "right_sw_ft": 9.4}, "geometry": {"type": "LineString", "coordinates": [[-73.78755315380661, 40.84777987290966], [-73.78751539821609, 40.84767293597914]]}}, {"type": "Feature", "properties": {"segment_id": 924850, "physicalid": "64623", "street_name": "BAY ST", "borough": "bronx", "direction": "TW", "total_row_ft": 33.9, "roadbed_ft": 19.0, "median_ft": 0.0, "left_sw_ft": 6.3, "right_sw_ft": 8.6}, "geometry": {"type": "LineString", "coordinates": [[-73.78747750960451, 40.84777760162189], [-73.78744577393024, 40.84768771489318]]}}, {"type": "Feature", "properties": {"segment_id": 924851, "physicalid": "64623", "street_name": "BAY ST", "borough": "bronx", "direction": "TW", "total_row_ft": 32.8, "roadbed_ft": 18.5, "median_ft": 0.0, "left_sw_ft": 6.0, "right_sw_ft": 8.2}, "geometry": {"type": "LineString", "coordinates": [[-73.78740680506847, 40.84778932118891], [-73.78737614957873, 40.847702493666844]]}}, {"type": "Feature", "properties": {"segment_id": 924852, "physicalid": "64623", "street_name": "BAY ST", "borough": "bronx", "direction": "TW", "total_row_ft": 32.2, "roadbed_ft": 18.6, "median_ft": 0.0, "left_sw_ft": 5.5, "right_sw_ft": 8.2}, "geometry": {"type": "LineString", "coordinates": [[-73.7873366708185, 40.84780265604386], [-73.78730652519629, 40.84771727239841]]}}, {"type": "Feature", "properties": {"segment_id": 924853, "physicalid": "64623", "street_name": "BAY ST", "borough": "bronx", "direction": "TW", "total_row_ft": 32.0, "roadbed_ft": 18.7, "median_ft": 0.0, "left_sw_ft": 5.2, "right_sw_ft": 8.1}, "geometry": {"type": "LineString", "coordinates": [[-73.78726680812358, 40.84781676008222], [-73.7872369007829, 40.84773205108792]]}}, {"type": "Feature", "properties": {"segment_id": 924854, "physicalid": "64623", "street_name": "BAY ST", "borough": "bronx", "direction": "TW", "total_row_ft": 31.6, "roadbed_ft": 18.7, "median_ft": 0.0, "left_sw_ft": 5.1, "right_sw_ft": 7.7}, "geometry": {"type": "LineString", "coordinates": [[-73.78719710506854, 40.847831316323926], [-73.78716749133906, 40.84774743870135]]}}, {"type": "Feature", "properties": {"segment_id": 924855, "physicalid": "64623", "street_name": "BAY ST", "borough": "bronx", "direction": "TW", "total_row_ft": 31.3, "roadbed_ft": 18.9, "median_ft": 0.0, "left_sw_ft": 5.1, "right_sw_ft": 7.3}, "geometry": {"type": "LineString", "coordinates": [[-73.787127401983, 40.84784587252349], [-73.7870980858104, 40.84776283745326]]}}, {"type": "Feature", "properties": {"segment_id": 924856, "physicalid": "64623", "street_name": "BAY ST", "borough": "bronx", "direction": "TW", "total_row_ft": 30.7, "roadbed_ft": 19.3, "median_ft": 0.0, "left_sw_ft": 5.0, "right_sw_ft": 6.3}, "geometry": {"type": "LineString", "coordinates": [[-73.78705766670419, 40.84786033758297], [-73.78702896079581, 40.84777903078523]]}}, {"type": "Feature", "properties": {"segment_id": 924857, "physicalid": "64623", "street_name": "BAY ST", "borough": "bronx", "direction": "TW", "total_row_ft": 30.3, "roadbed_ft": 19.6, "median_ft": 0.0, "left_sw_ft": 4.9, "right_sw_ft": 5.8}, "geometry": {"type": "LineString", "coordinates": [[-73.78698777678842, 40.84787436469076], [-73.7869594194672, 40.84779404499569]]}}, {"type": "Feature", "properties": {"segment_id": 924858, "physicalid": "64623", "street_name": "BAY ST", "borough": "bronx", "direction": "TW", "total_row_ft": 29.9, "roadbed_ft": 18.7, "median_ft": 0.0, "left_sw_ft": 4.7, "right_sw_ft": 6.5}, "geometry": {"type": "LineString", "coordinates": [[-73.78691788684318, 40.84788839175618], [-73.78688987811556, 40.84780905918782]]}}, {"type": "Feature", "properties": {"segment_id": 924859, "physicalid": "64623", "street_name": "BAY ST", "borough": "bronx", "direction": "TW", "total_row_ft": 120.0, "roadbed_ft": 27.0, "median_ft": 0.0, "left_sw_ft": 38.8, "right_sw_ft": 54.2}, "geometry": {"type": "LineString", "coordinates": [[-73.78689032035805, 40.848022296793495], [-73.7867780034195, 40.84770416675514]]}}, {"type": "Feature", "properties": {"segment_id": 924877, "physicalid": "64624", "street_name": "BAY ST", "borough": "bronx", "direction": "TW", "total_row_ft": 45.3, "roadbed_ft": 28.0, "median_ft": 0.0, "left_sw_ft": 10.3, "right_sw_ft": 7.0}, "geometry": {"type": "LineString", "coordinates": [[-73.78998216952611, 40.84728650338556], [-73.78993860512027, 40.84716672933494]]}}, {"type": "Feature", "properties": {"segment_id": 924878, "physicalid": "64624", "street_name": "BAY ST", "borough": "bronx", "direction": "TW", "total_row_ft": 45.0, "roadbed_ft": 27.9, "median_ft": 0.0, "left_sw_ft": 10.1, "right_sw_ft": 7.0}, "geometry": {"type": "LineString", "coordinates": [[-73.78991233799205, 40.847300700727025], [-73.7898690018041, 40.84718155378542]]}}, {"type": "Feature", "properties": {"segment_id": 924879, "physicalid": "64624", "street_name": "BAY ST", "borough": "bronx", "direction": "TW", "total_row_ft": 44.8, "roadbed_ft": 28.1, "median_ft": 0.0, "left_sw_ft": 9.8, "right_sw_ft": 6.9}, "geometry": {"type": "LineString", "coordinates": [[-73.78984250642817, 40.84731489802619], [-73.78979939845692, 40.847196378193836]]}}, {"type": "Feature", "properties": {"segment_id": 924880, "physicalid": "64624", "street_name": "BAY ST", "borough": "bronx", "direction": "TW", "total_row_ft": 44.6, "roadbed_ft": 28.3, "median_ft": 0.0, "left_sw_ft": 9.5, "right_sw_ft": 6.8}, "geometry": {"type": "LineString", "coordinates": [[-73.78977266761794, 40.847329075442076], [-73.78972979505531, 40.84721120249587]]}}, {"type": "Feature", "properties": {"segment_id": 924881, "physicalid": "64624", "street_name": "BAY ST", "borough": "bronx", "direction": "TW", "total_row_ft": 52.5, "roadbed_ft": 28.5, "median_ft": 0.0, "left_sw_ft": 9.0, "right_sw_ft": 15.0}, "geometry": {"type": "LineString", "coordinates": [[-73.78970266691276, 40.84734280778636], [-73.78962252371156, 40.84712246271481]]}}, {"type": "Feature", "properties": {"segment_id": 924882, "physicalid": "64624", "street_name": "BAY ST", "borough": "bronx", "direction": "TW", "total_row_ft": 52.3, "roadbed_ft": 28.8, "median_ft": 0.0, "left_sw_ft": 8.5, "right_sw_ft": 15.0}, "geometry": {"type": "LineString", "coordinates": [[-73.78963266617868, 40.84735654008814], [-73.78955284402467, 40.84713707706656]]}}, {"type": "Feature", "properties": {"segment_id": 924883, "physicalid": "64624", "street_name": "BAY ST", "borough": "bronx", "direction": "TW", "total_row_ft": 52.3, "roadbed_ft": 29.2, "median_ft": 0.0, "left_sw_ft": 8.1, "right_sw_ft": 15.0}, "geometry": {"type": "LineString", "coordinates": [[-73.78956266541569, 40.847370272347405], [-73.78948316430716, 40.847151691376226]]}}, {"type": "Feature", "properties": {"segment_id": 924884, "physicalid": "64624", "street_name": "BAY ST", "borough": "bronx", "direction": "TW", "total_row_ft": 52.7, "roadbed_ft": 29.8, "median_ft": 0.0, "left_sw_ft": 7.9, "right_sw_ft": 15.0}, "geometry": {"type": "LineString", "coordinates": [[-73.7894929395969, 40.84738476057693], [-73.78941348455902, 40.84716630564374]]}}, {"type": "Feature", "properties": {"segment_id": 924885, "physicalid": "64624", "street_name": "BAY ST", "borough": "bronx", "direction": "TW", "total_row_ft": 53.5, "roadbed_ft": 30.4, "median_ft": 0.0, "left_sw_ft": 8.1, "right_sw_ft": 15.0}, "geometry": {"type": "LineString", "coordinates": [[-73.78942352903712, 40.847400115625376], [-73.78934380478027, 40.84718091986915]]}}, {"type": "Feature", "properties": {"segment_id": 924886, "physicalid": "64624", "street_name": "BAY ST", "borough": "bronx", "direction": "TW", "total_row_ft": 54.9, "roadbed_ft": 30.9, "median_ft": 0.0, "left_sw_ft": 9.0, "right_sw_ft": 15.0}, "geometry": {"type": "LineString", "coordinates": [[-73.78935467377644, 40.8474169974717], [-73.7892741249709, 40.84719553405242]]}}, {"type": "Feature", "properties": {"segment_id": 924887, "physicalid": "64625", "street_name": "BAY ST", "borough": "bronx", "direction": "TW", "total_row_ft": 150.0, "roadbed_ft": 120.0, "median_ft": 0.0, "left_sw_ft": 15.0, "right_sw_ft": 15.0}, "geometry": {"type": "LineString", "coordinates": [[-73.78673075912438, 40.848053679043055], [-73.78662879669292, 40.84773354447276]]}}, {"type": "Feature", "properties": {"segment_id": 924888, "physicalid": "64625", "street_name": "BAY ST", "borough": "bronx", "direction": "TW", "total_row_ft": 64.5, "roadbed_ft": 24.8, "median_ft": 0.0, "left_sw_ft": 4.2, "right_sw_ft": 35.4}, "geometry": {"type": "LineString", "coordinates": [[-73.78661332754, 40.84791848914628], [-73.7865585332551, 40.84774644888443]]}}, {"type": "Feature", "properties": {"segment_id": 924889, "physicalid": "64625", "street_name": "BAY ST", "borough": "bronx", "direction": "TW", "total_row_ft": 32.7, "roadbed_ft": 24.2, "median_ft": 0.0, "left_sw_ft": 4.3, "right_sw_ft": 4.2}, "geometry": {"type": "LineString", "coordinates": [[-73.7865433879059, 40.84793241083373], [-73.78651556593177, 40.84784505666668]]}}, {"type": "Feature", "properties": {"segment_id": 924890, "physicalid": "64625", "street_name": "BAY ST", "borough": "bronx", "direction": "TW", "total_row_ft": 32.5, "roadbed_ft": 23.5, "median_ft": 0.0, "left_sw_ft": 4.4, "right_sw_ft": 4.6}, "geometry": {"type": "LineString", "coordinates": [[-73.78647344824252, 40.84794633247877], [-73.78644582080503, 40.847859588825045]]}}, {"type": "Feature", "properties": {"segment_id": 924891, "physicalid": "64625", "street_name": "BAY ST", "borough": "bronx", "direction": "TW", "total_row_ft": 32.2, "roadbed_ft": 22.9, "median_ft": 0.0, "left_sw_ft": 4.4, "right_sw_ft": 4.9}, "geometry": {"type": "LineString", "coordinates": [[-73.78640350854987, 40.84796025408134], [-73.78637618255078, 40.84787445659293]]}}, {"type": "Feature", "properties": {"segment_id": 924892, "physicalid": "64625", "street_name": "BAY ST", "borough": "bronx", "direction": "TW", "total_row_ft": 32.3, "roadbed_ft": 22.2, "median_ft": 0.0, "left_sw_ft": 4.5, "right_sw_ft": 5.6}, "geometry": {"type": "LineString", "coordinates": [[-73.78633356882794, 40.847974175641475], [-73.78630611333183, 40.84788797127796]]}}, {"type": "Feature", "properties": {"segment_id": 924893, "physicalid": "64625", "street_name": "BAY ST", "borough": "bronx", "direction": "TW", "total_row_ft": 31.6, "roadbed_ft": 21.3, "median_ft": 0.0, "left_sw_ft": 4.5, "right_sw_ft": 5.8}, "geometry": {"type": "LineString", "coordinates": [[-73.78626362907674, 40.84798809715918], [-73.78623681754951, 40.84790391444601]]}}, {"type": "Feature", "properties": {"segment_id": 924894, "physicalid": "64625", "street_name": "BAY ST", "borough": "bronx", "direction": "TW", "total_row_ft": 39.7, "roadbed_ft": 9.7, "median_ft": 0.0, "left_sw_ft": 15.0, "right_sw_ft": 15.0}, "geometry": {"type": "LineString", "coordinates": [[-73.78623891225844, 40.84814400945508], [-73.78613695205564, 40.84782387445504]]}}, {"type": "Feature", "properties": {"segment_id": 924895, "physicalid": "64625", "street_name": "BAY ST", "borough": "bronx", "direction": "TW", "total_row_ft": 40.2, "roadbed_ft": 10.2, "median_ft": 0.0, "left_sw_ft": 15.0, "right_sw_ft": 15.0}, "geometry": {"type": "LineString", "coordinates": [[-73.7861686483114, 40.84815691362834], [-73.78606668842697, 40.84783677856694]]}}, {"type": "Feature", "properties": {"segment_id": 924896, "physicalid": "64625", "street_name": "BAY ST", "borough": "bronx", "direction": "TW", "total_row_ft": 40.7, "roadbed_ft": 10.7, "median_ft": 0.0, "left_sw_ft": 15.0, "right_sw_ft": 15.0}, "geometry": {"type": "LineString", "coordinates": [[-73.78609838433711, 40.84816981775879], [-73.78599642477106, 40.84784968263599]]}}, {"type": "Feature", "properties": {"segment_id": 924897, "physicalid": "64625", "street_name": "BAY ST", "borough": "bronx", "direction": "TW", "total_row_ft": 41.0, "roadbed_ft": 11.0, "median_ft": 0.0, "left_sw_ft": 15.0, "right_sw_ft": 15.0}, "geometry": {"type": "LineString", "coordinates": [[-73.78602812033553, 40.84818272184638], [-73.78592616108789, 40.84786258666222]]}}, {"type": "Feature", "properties": {"segment_id": 924898, "physicalid": "64625", "street_name": "BAY ST", "borough": "bronx", "direction": "TW", "total_row_ft": 40.7, "roadbed_ft": 10.7, "median_ft": 0.0, "left_sw_ft": 15.0, "right_sw_ft": 15.0}, "geometry": {"type": "LineString", "coordinates": [[-73.7859578563067, 40.84819562589119], [-73.78585589737743, 40.84787549064559]]}}, {"type": "Feature", "properties": {"segment_id": 924899, "physicalid": "64625", "street_name": "BAY ST", "borough": "bronx", "direction": "TW", "total_row_ft": 40.5, "roadbed_ft": 10.5, "median_ft": 0.0, "left_sw_ft": 15.0, "right_sw_ft": 15.0}, "geometry": {"type": "LineString", "coordinates": [[-73.78588759225062, 40.84820852989315], [-73.78578563363973, 40.84788839458616]]}}, {"type": "Feature", "properties": {"segment_id": 924900, "physicalid": "64625", "street_name": "BAY ST", "borough": "bronx", "direction": "TW", "total_row_ft": 40.2, "roadbed_ft": 10.2, "median_ft": 0.0, "left_sw_ft": 15.0, "right_sw_ft": 15.0}, "geometry": {"type": "LineString", "coordinates": [[-73.78581732816728, 40.848221433852274], [-73.78571536987477, 40.84790129848392]]}}, {"type": "Feature", "properties": {"segment_id": 924901, "physicalid": "64625", "street_name": "BAY ST", "borough": "bronx", "direction": "TW", "total_row_ft": 40.5, "roadbed_ft": 10.5, "median_ft": 0.0, "left_sw_ft": 15.0, "right_sw_ft": 15.0}, "geometry": {"type": "LineString", "coordinates": [[-73.78574706405666, 40.848234337768574], [-73.78564510608254, 40.84791420233884]]}}, {"type": "Feature", "properties": {"segment_id": 924902, "physicalid": "64625", "street_name": "BAY ST", "borough": "bronx", "direction": "TW", "total_row_ft": 41.1, "roadbed_ft": 11.1, "median_ft": 0.0, "left_sw_ft": 15.0, "right_sw_ft": 15.0}, "geometry": {"type": "LineString", "coordinates": [[-73.78567679991882, 40.848247241642056], [-73.78557484226303, 40.847927106150934]]}}, {"type": "Feature", "properties": {"segment_id": 924903, "physicalid": "64625", "street_name": "BAY ST", "borough": "bronx", "direction": "TW", "total_row_ft": 41.6, "roadbed_ft": 11.6, "median_ft": 0.0, "left_sw_ft": 15.0, "right_sw_ft": 15.0}, "geometry": {"type": "LineString", "coordinates": [[-73.78560653575367, 40.84826014547271], [-73.7855045784163, 40.84794000992017]]}}, {"type": "Feature", "properties": {"segment_id": 924904, "physicalid": "64625", "street_name": "BAY ST", "borough": "bronx", "direction": "TW", "total_row_ft": 42.0, "roadbed_ft": 12.0, "median_ft": 0.0, "left_sw_ft": 15.0, "right_sw_ft": 15.0}, "geometry": {"type": "LineString", "coordinates": [[-73.78553627156128, 40.84827304926052], [-73.78543431454229, 40.84795291364662]]}}, {"type": "Feature", "properties": {"segment_id": 924905, "physicalid": "64625", "street_name": "BAY ST", "borough": "bronx", "direction": "TW", "total_row_ft": 42.5, "roadbed_ft": 12.5, "median_ft": 0.0, "left_sw_ft": 15.0, "right_sw_ft": 15.0}, "geometry": {"type": "LineString", "coordinates": [[-73.78546600734163, 40.848285953005515], [-73.78536405064102, 40.84796581733022]]}}, {"type": "Feature", "properties": {"segment_id": 924906, "physicalid": "64625", "street_name": "BAY ST", "borough": "bronx", "direction": "TW", "total_row_ft": 42.7, "roadbed_ft": 12.7, "median_ft": 0.0, "left_sw_ft": 15.0, "right_sw_ft": 15.0}, "geometry": {"type": "LineString", "coordinates": [[-73.78539574309471, 40.84829885670767], [-73.7852937867125, 40.847978720971]]}}, {"type": "Feature", "properties": {"segment_id": 924907, "physicalid": "64625", "street_name": "BAY ST", "borough": "bronx", "direction": "TW", "total_row_ft": 42.6, "roadbed_ft": 12.6, "median_ft": 0.0, "left_sw_ft": 15.0, "right_sw_ft": 15.0}, "geometry": {"type": "LineString", "coordinates": [[-73.78532547882054, 40.84831176036702], [-73.78522352275671, 40.84799162456898]]}}, {"type": "Feature", "properties": {"segment_id": 924908, "physicalid": "64625", "street_name": "BAY ST", "borough": "bronx", "direction": "TW", "total_row_ft": 42.5, "roadbed_ft": 12.5, "median_ft": 0.0, "left_sw_ft": 15.0, "right_sw_ft": 15.0}, "geometry": {"type": "LineString", "coordinates": [[-73.7852552145191, 40.84832466398354], [-73.78515325877366, 40.8480045281241]]}}, {"type": "Feature", "properties": {"segment_id": 924909, "physicalid": "64625", "street_name": "BAY ST", "borough": "bronx", "direction": "TW", "total_row_ft": 42.5, "roadbed_ft": 12.5, "median_ft": 0.0, "left_sw_ft": 15.0, "right_sw_ft": 15.0}, "geometry": {"type": "LineString", "coordinates": [[-73.78518495019038, 40.84833756755723], [-73.78508299476336, 40.84801743163639]]}}, {"type": "Feature", "properties": {"segment_id": 924910, "physicalid": "64625", "street_name": "BAY ST", "borough": "bronx", "direction": "TW", "total_row_ft": 42.5, "roadbed_ft": 12.5, "median_ft": 0.0, "left_sw_ft": 15.0, "right_sw_ft": 15.0}, "geometry": {"type": "LineString", "coordinates": [[-73.78511468583444, 40.84835047108809], [-73.7850127307258, 40.84803033510587]]}}, {"type": "Feature", "properties": {"segment_id": 924994, "physicalid": "64638", "street_name": "CENTRE ST", "borough": "bronx", "direction": "TW", "total_row_ft": 58.2, "roadbed_ft": 28.2, "median_ft": 0.0, "left_sw_ft": 15.0, "right_sw_ft": 15.0}, "geometry": {"type": "LineString", "coordinates": [[-73.78908647420624, 40.8438382570399], [-73.78896504612615, 40.84352206446908]]}}, {"type": "Feature", "properties": {"segment_id": 924995, "physicalid": "64638", "street_name": "CENTRE ST", "borough": "bronx", "direction": "TW", "total_row_ft": 57.7, "roadbed_ft": 27.7, "median_ft": 0.0, "left_sw_ft": 15.0, "right_sw_ft": 15.0}, "geometry": {"type": "LineString", "coordinates": [[-73.78901708009757, 40.8438536260948], [-73.78889565231925, 40.84353743345174]]}}, {"type": "Feature", "properties": {"segment_id": 924996, "physicalid": "64638", "street_name": "CENTRE ST", "borough": "bronx", "direction": "TW", "total_row_ft": 52.6, "roadbed_ft": 27.7, "median_ft": 0.0, "left_sw_ft": 15.0, "right_sw_ft": 9.9}, "geometry": {"type": "LineString", "coordinates": [[-73.7889476859568, 40.84386899510792], [-73.78886214952077, 40.843646261679595]]}}, {"type": "Feature", "properties": {"segment_id": 924997, "physicalid": "64638", "street_name": "CENTRE ST", "borough": "bronx", "direction": "TW", "total_row_ft": 52.0, "roadbed_ft": 27.6, "median_ft": 0.0, "left_sw_ft": 15.0, "right_sw_ft": 9.4}, "geometry": {"type": "LineString", "coordinates": [[-73.78887829178402, 40.843884364079244], [-73.78879340953834, 40.843663333542416]]}}, {"type": "Feature", "properties": {"segment_id": 924998, "physicalid": "64638", "street_name": "CENTRE ST", "borough": "bronx", "direction": "TW", "total_row_ft": 51.4, "roadbed_ft": 27.1, "median_ft": 0.0, "left_sw_ft": 15.0, "right_sw_ft": 9.3}, "geometry": {"type": "LineString", "coordinates": [[-73.78880889757912, 40.84389973300878], [-73.78872466950689, 40.84368040532844]]}}, {"type": "Feature", "properties": {"segment_id": 924999, "physicalid": "64638", "street_name": "CENTRE ST", "borough": "bronx", "direction": "TW", "total_row_ft": 51.4, "roadbed_ft": 27.0, "median_ft": 0.0, "left_sw_ft": 15.0, "right_sw_ft": 9.4}, "geometry": {"type": "LineString", "coordinates": [[-73.78873950334219, 40.84391510189652], [-73.78865567496712, 40.8436968144283]]}}, {"type": "Feature", "properties": {"segment_id": 925000, "physicalid": "64638", "street_name": "CENTRE ST", "borough": "bronx", "direction": "TW", "total_row_ft": 44.8, "roadbed_ft": 27.0, "median_ft": 0.0, "left_sw_ft": 8.0, "right_sw_ft": 9.8}, "geometry": {"type": "LineString", "coordinates": [[-73.78863185065019, 40.84383084646451], [-73.78858647282854, 40.84371268298887]]}}, {"type": "Feature", "properties": {"segment_id": 925001, "physicalid": "64638", "street_name": "CENTRE ST", "borough": "bronx", "direction": "TW", "total_row_ft": 45.5, "roadbed_ft": 27.1, "median_ft": 0.0, "left_sw_ft": 8.3, "right_sw_ft": 10.1}, "geometry": {"type": "LineString", "coordinates": [[-73.78856331963337, 40.84384846298526], [-73.7885172706521, 40.84372855149523]]}}, {"type": "Feature", "properties": {"segment_id": 925002, "physicalid": "64638", "street_name": "CENTRE ST", "borough": "bronx", "direction": "TW", "total_row_ft": 46.0, "roadbed_ft": 26.5, "median_ft": 0.0, "left_sw_ft": 9.0, "right_sw_ft": 10.5}, "geometry": {"type": "LineString", "coordinates": [[-73.78849454631468, 40.84386544860556], [-73.78844800919272, 40.843744265672655]]}}, {"type": "Feature", "properties": {"segment_id": 925003, "physicalid": "64638", "street_name": "CENTRE ST", "borough": "bronx", "direction": "TW", "total_row_ft": 45.6, "roadbed_ft": 25.8, "median_ft": 0.0, "left_sw_ft": 8.8, "right_sw_ft": 11.0}, "geometry": {"type": "LineString", "coordinates": [[-73.78842475968186, 40.84387979559833], [-73.78837866234119, 40.84375975753093]]}}, {"type": "Feature", "properties": {"segment_id": 925004, "physicalid": "64638", "street_name": "CENTRE ST", "borough": "bronx", "direction": "TW", "total_row_ft": 45.1, "roadbed_ft": 25.7, "median_ft": 0.0, "left_sw_ft": 8.4, "right_sw_ft": 11.0}, "geometry": {"type": "LineString", "coordinates": [[-73.788354991858, 40.84389419160601], [-73.78830931545735, 40.8437752493475]]}}, {"type": "Feature", "properties": {"segment_id": 925005, "physicalid": "64638", "street_name": "CENTRE ST", "borough": "bronx", "direction": "TW", "total_row_ft": 45.4, "roadbed_ft": 26.0, "median_ft": 0.0, "left_sw_ft": 8.8, "right_sw_ft": 10.7}, "geometry": {"type": "LineString", "coordinates": [[-73.7882859391667, 40.84391044987112], [-73.78824002089263, 40.843790877447084]]}}, {"type": "Feature", "properties": {"segment_id": 925006, "physicalid": "64638", "street_name": "CENTRE ST", "borough": "bronx", "direction": "TW", "total_row_ft": 45.5, "roadbed_ft": 26.2, "median_ft": 0.0, "left_sw_ft": 9.1, "right_sw_ft": 10.2}, "geometry": {"type": "LineString", "coordinates": [[-73.78821688645075, 40.843926708118545], [-73.78817082295559, 40.843806757212036]]}}, {"type": "Feature", "properties": {"segment_id": 925007, "physicalid": "64638", "street_name": "CENTRE ST", "borough": "bronx", "direction": "TW", "total_row_ft": 45.7, "roadbed_ft": 26.4, "median_ft": 0.0, "left_sw_ft": 9.4, "right_sw_ft": 9.9}, "geometry": {"type": "LineString", "coordinates": [[-73.78814783370105, 40.843942966324605], [-73.78810162498554, 40.84382263693545]]}}, {"type": "Feature", "properties": {"segment_id": 925008, "physicalid": "64638", "street_name": "CENTRE ST", "borough": "bronx", "direction": "TW", "total_row_ft": 45.8, "roadbed_ft": 26.4, "median_ft": 0.0, "left_sw_ft": 9.6, "right_sw_ft": 9.8}, "geometry": {"type": "LineString", "coordinates": [[-73.78807877412795, 40.84395920680874], [-73.78803242698244, 40.843838516617275]]}}, {"type": "Feature", "properties": {"segment_id": 925009, "physicalid": "64638", "street_name": "CENTRE ST", "borough": "bronx", "direction": "TW", "total_row_ft": 45.7, "roadbed_ft": 26.4, "median_ft": 0.0, "left_sw_ft": 9.8, "right_sw_ft": 9.5}, "geometry": {"type": "LineString", "coordinates": [[-73.78800971164112, 40.84397543975185], [-73.78796350653026, 40.843855119102855]]}}, {"type": "Feature", "properties": {"segment_id": 925010, "physicalid": "64638", "street_name": "CENTRE ST", "borough": "bronx", "direction": "TW", "total_row_ft": 45.4, "roadbed_ft": 26.5, "median_ft": 0.0, "left_sw_ft": 9.9, "right_sw_ft": 9.0}, "geometry": {"type": "LineString", "coordinates": [[-73.78794064912063, 40.843991672653594], [-73.78789468701618, 40.84387198448634]]}}, {"type": "Feature", "properties": {"segment_id": 925011, "physicalid": "64638", "street_name": "CENTRE ST", "borough": "bronx", "direction": "TW", "total_row_ft": 45.2, "roadbed_ft": 26.6, "median_ft": 0.0, "left_sw_ft": 10.1, "right_sw_ft": 8.4}, "geometry": {"type": "LineString", "coordinates": [[-73.7878715865664, 40.844007905513905], [-73.78782586735917, 40.843888849547376]]}}, {"type": "Feature", "properties": {"segment_id": 925012, "physicalid": "64638", "street_name": "CENTRE ST", "borough": "bronx", "direction": "TW", "total_row_ft": 45.0, "roadbed_ft": 26.8, "median_ft": 0.0, "left_sw_ft": 10.2, "right_sw_ft": 8.0}, "geometry": {"type": "LineString", "coordinates": [[-73.78780248165188, 40.8440240281114], [-73.78775698686067, 40.84390555622202]]}}, {"type": "Feature", "properties": {"segment_id": 925013, "physicalid": "64638", "street_name": "CENTRE ST", "borough": "bronx", "direction": "TW", "total_row_ft": 44.6, "roadbed_ft": 26.8, "median_ft": 0.0, "left_sw_ft": 10.3, "right_sw_ft": 7.5}, "geometry": {"type": "LineString", "coordinates": [[-73.78773320713047, 40.84403970908507], [-73.78768810635432, 40.84392226292512]]}}, {"type": "Feature", "properties": {"segment_id": 925014, "physicalid": "64638", "street_name": "CENTRE ST", "borough": "bronx", "direction": "TW", "total_row_ft": 44.2, "roadbed_ft": 26.9, "median_ft": 0.0, "left_sw_ft": 10.3, "right_sw_ft": 7.1}, "geometry": {"type": "LineString", "coordinates": [[-73.78766393257641, 40.84405539001708], [-73.78761918622278, 40.84393886648942]]}}, {"type": "Feature", "properties": {"segment_id": 925015, "physicalid": "64639", "street_name": "CENTRE ST", "borough": "bronx", "direction": "TW", "total_row_ft": 46.9, "roadbed_ft": 25.7, "median_ft": 0.0, "left_sw_ft": 12.0, "right_sw_ft": 9.2}, "geometry": {"type": "LineString", "coordinates": [[-73.78748928139132, 40.844088935646276], [-73.78744558449861, 40.843964662817804]]}}, {"type": "Feature", "properties": {"segment_id": 925016, "physicalid": "64639", "street_name": "CENTRE ST", "borough": "bronx", "direction": "TW", "total_row_ft": 46.9, "roadbed_ft": 24.9, "median_ft": 0.0, "left_sw_ft": 12.3, "right_sw_ft": 9.8}, "geometry": {"type": "LineString", "coordinates": [[-73.78741648082398, 40.84409467301761], [-73.7873727564936, 40.843970321753176]]}}, {"type": "Feature", "properties": {"segment_id": 925017, "physicalid": "64639", "street_name": "CENTRE ST", "borough": "bronx", "direction": "TW", "total_row_ft": 46.7, "roadbed_ft": 24.9, "median_ft": 0.0, "left_sw_ft": 11.9, "right_sw_ft": 9.9}, "geometry": {"type": "LineString", "coordinates": [[-73.78734349392988, 40.84409988046777], [-73.78729994063042, 40.84397601520912]]}}, {"type": "Feature", "properties": {"segment_id": 925018, "physicalid": "64639", "street_name": "CENTRE ST", "borough": "bronx", "direction": "TW", "total_row_ft": 46.8, "roadbed_ft": 25.5, "median_ft": 0.0, "left_sw_ft": 11.2, "right_sw_ft": 10.1}, "geometry": {"type": "LineString", "coordinates": [[-73.78727080134648, 40.84410592492281], [-73.78722715233553, 40.84398178705903]]}}, {"type": "Feature", "properties": {"segment_id": 925019, "physicalid": "64639", "street_name": "CENTRE ST", "borough": "bronx", "direction": "TW", "total_row_ft": 46.0, "roadbed_ft": 26.8, "median_ft": 0.0, "left_sw_ft": 10.0, "right_sw_ft": 9.2}, "geometry": {"type": "LineString", "coordinates": [[-73.78719857272964, 40.84411328889299], [-73.78715565652833, 40.84399123475496]]}}, {"type": "Feature", "properties": {"segment_id": 925020, "physicalid": "64639", "street_name": "CENTRE ST", "borough": "bronx", "direction": "TW", "total_row_ft": 43.7, "roadbed_ft": 27.9, "median_ft": 0.0, "left_sw_ft": 8.3, "right_sw_ft": 7.5}, "geometry": {"type": "LineString", "coordinates": [[-73.78712683153772, 40.8441220391069], [-73.78708606275092, 40.844006091884324]]}}, {"type": "Feature", "properties": {"segment_id": 925021, "physicalid": "64639", "street_name": "CENTRE ST", "borough": "bronx", "direction": "TW", "total_row_ft": 43.1, "roadbed_ft": 28.1, "median_ft": 0.0, "left_sw_ft": 8.0, "right_sw_ft": 6.9}, "geometry": {"type": "LineString", "coordinates": [[-73.7870573212672, 40.84413713412152], [-73.78701716530617, 40.844022929453104]]}}, {"type": "Feature", "properties": {"segment_id": 925022, "physicalid": "64639", "street_name": "CENTRE ST", "borough": "bronx", "direction": "TW", "total_row_ft": 42.9, "roadbed_ft": 28.1, "median_ft": 0.0, "left_sw_ft": 7.9, "right_sw_ft": 7.0}, "geometry": {"type": "LineString", "coordinates": [[-73.78698803673723, 40.84415287119711], [-73.78694800260998, 40.84403901269388]]}}, {"type": "Feature", "properties": {"segment_id": 925023, "physicalid": "64639", "street_name": "CENTRE ST", "borough": "bronx", "direction": "TW", "total_row_ft": 43.0, "roadbed_ft": 28.0, "median_ft": 0.0, "left_sw_ft": 7.8, "right_sw_ft": 7.2}, "geometry": {"type": "LineString", "coordinates": [[-73.78691877967803, 40.844168686452235], [-73.78687866191876, 40.84405458976158]]}}, {"type": "Feature", "properties": {"segment_id": 925024, "physicalid": "64639", "street_name": "CENTRE ST", "borough": "bronx", "direction": "TW", "total_row_ft": 43.1, "roadbed_ft": 27.9, "median_ft": 0.0, "left_sw_ft": 7.8, "right_sw_ft": 7.4}, "geometry": {"type": "LineString", "coordinates": [[-73.78684955192833, 40.84418458511696], [-73.78680932110402, 40.84407016652865]]}}, {"type": "Feature", "properties": {"segment_id": 925025, "physicalid": "64639", "street_name": "CENTRE ST", "borough": "bronx", "direction": "TW", "total_row_ft": 43.2, "roadbed_ft": 27.9, "median_ft": 0.0, "left_sw_ft": 7.8, "right_sw_ft": 7.5}, "geometry": {"type": "LineString", "coordinates": [[-73.78678032414555, 40.84420048374015], [-73.78674003928865, 40.84408591114441]]}}, {"type": "Feature", "properties": {"segment_id": 925026, "physicalid": "64639", "street_name": "CENTRE ST", "borough": "bronx", "direction": "TW", "total_row_ft": 43.1, "roadbed_ft": 27.8, "median_ft": 0.0, "left_sw_ft": 7.9, "right_sw_ft": 7.4}, "geometry": {"type": "LineString", "coordinates": [[-73.78671109632967, 40.8442163823217], [-73.78667089044451, 40.84410203399196]]}}, {"type": "Feature", "properties": {"segment_id": 925027, "physicalid": "64639", "street_name": "CENTRE ST", "borough": "bronx", "direction": "TW", "total_row_ft": 43.0, "roadbed_ft": 27.8, "median_ft": 0.0, "left_sw_ft": 7.9, "right_sw_ft": 7.3}, "geometry": {"type": "LineString", "coordinates": [[-73.7866418684807, 40.844232280861675], [-73.78660174156688, 40.844118156798004]]}}, {"type": "Feature", "properties": {"segment_id": 925028, "physicalid": "64639", "street_name": "CENTRE ST", "borough": "bronx", "direction": "TW", "total_row_ft": 43.1, "roadbed_ft": 27.8, "median_ft": 0.0, "left_sw_ft": 8.0, "right_sw_ft": 7.3}, "geometry": {"type": "LineString", "coordinates": [[-73.7865727764772, 40.844248565809664], [-73.78653259265572, 40.84413427956257]]}}, {"type": "Feature", "properties": {"segment_id": 925029, "physicalid": "64639", "street_name": "CENTRE ST", "borough": "bronx", "direction": "TW", "total_row_ft": 43.6, "roadbed_ft": 27.7, "median_ft": 0.0, "left_sw_ft": 8.1, "right_sw_ft": 7.8}, "geometry": {"type": "LineString", "coordinates": [[-73.78650369756248, 40.844264888038154], [-73.78646307787315, 40.84414936180621]]}}, {"type": "Feature", "properties": {"segment_id": 925030, "physicalid": "64639", "street_name": "CENTRE ST", "borough": "bronx", "direction": "TW", "total_row_ft": 44.1, "roadbed_ft": 27.6, "median_ft": 0.0, "left_sw_ft": 8.3, "right_sw_ft": 8.2}, "geometry": {"type": "LineString", "coordinates": [[-73.78643461859983, 40.84428121018527], [-73.78639353781787, 40.84416437221931]]}}, {"type": "Feature", "properties": {"segment_id": 925031, "physicalid": "64639", "street_name": "CENTRE ST", "borough": "bronx", "direction": "TW", "total_row_ft": 44.6, "roadbed_ft": 27.5, "median_ft": 0.0, "left_sw_ft": 8.4, "right_sw_ft": 8.6}, "geometry": {"type": "LineString", "coordinates": [[-73.78636553960327, 40.844297532290994], [-73.7863239977312, 40.84417938259043]]}}, {"type": "Feature", "properties": {"segment_id": 925032, "physicalid": "64639", "street_name": "CENTRE ST", "borough": "bronx", "direction": "TW", "total_row_ft": 44.7, "roadbed_ft": 27.6, "median_ft": 0.0, "left_sw_ft": 8.5, "right_sw_ft": 8.5}, "geometry": {"type": "LineString", "coordinates": [[-73.78629646064061, 40.844313854548076], [-73.78625479077722, 40.84419534047976]]}}, {"type": "Feature", "properties": {"segment_id": 925033, "physicalid": "64639", "street_name": "CENTRE ST", "borough": "bronx", "direction": "TW", "total_row_ft": 44.7, "roadbed_ft": 27.7, "median_ft": 0.0, "left_sw_ft": 8.6, "right_sw_ft": 8.4}, "geometry": {"type": "LineString", "coordinates": [[-73.7862273738479, 40.84433015459053], [-73.78618566476645, 40.844211528635164]]}}, {"type": "Feature", "properties": {"segment_id": 925034, "physicalid": "64639", "street_name": "CENTRE ST", "borough": "bronx", "direction": "TW", "total_row_ft": 44.7, "roadbed_ft": 27.8, "median_ft": 0.0, "left_sw_ft": 8.8, "right_sw_ft": 8.2}, "geometry": {"type": "LineString", "coordinates": [[-73.7861582595411, 40.84434637643422], [-73.78611653873413, 40.84422771678356]]}}, {"type": "Feature", "properties": {"segment_id": 925035, "physicalid": "64639", "street_name": "CENTRE ST", "borough": "bronx", "direction": "TW", "total_row_ft": 44.9, "roadbed_ft": 28.3, "median_ft": 0.0, "left_sw_ft": 9.0, "right_sw_ft": 7.6}, "geometry": {"type": "LineString", "coordinates": [[-73.78608914512805, 40.844362598030095], [-73.78604728011548, 40.84424352789082]]}}, {"type": "Feature", "properties": {"segment_id": 925036, "physicalid": "64639", "street_name": "CENTRE ST", "borough": "bronx", "direction": "TW", "total_row_ft": 45.7, "roadbed_ft": 28.8, "median_ft": 0.0, "left_sw_ft": 9.2, "right_sw_ft": 7.6}, "geometry": {"type": "LineString", "coordinates": [[-73.78602003068958, 40.84437881960819], [-73.78597745588553, 40.844257730362074]]}}, {"type": "Feature", "properties": {"segment_id": 925037, "physicalid": "64639", "street_name": "CENTRE ST", "borough": "bronx", "direction": "TW", "total_row_ft": 46.4, "roadbed_ft": 29.4, "median_ft": 0.0, "left_sw_ft": 9.4, "right_sw_ft": 7.6}, "geometry": {"type": "LineString", "coordinates": [[-73.78595091624126, 40.844395041212586], [-73.78590763166041, 40.844271932889626]]}}, {"type": "Feature", "properties": {"segment_id": 925038, "physicalid": "64639", "street_name": "CENTRE ST", "borough": "bronx", "direction": "TW", "total_row_ft": 47.1, "roadbed_ft": 30.0, "median_ft": 0.0, "left_sw_ft": 9.6, "right_sw_ft": 7.5}, "geometry": {"type": "LineString", "coordinates": [[-73.78588176441129, 40.84441115655183], [-73.78583780755383, 40.8442861357968]]}}, {"type": "Feature", "properties": {"segment_id": 925039, "physicalid": "64639", "street_name": "CENTRE ST", "borough": "bronx", "direction": "TW", "total_row_ft": 47.7, "roadbed_ft": 30.7, "median_ft": 0.0, "left_sw_ft": 9.6, "right_sw_ft": 7.4}, "geometry": {"type": "LineString", "coordinates": [[-73.78581246820306, 40.84442686130829], [-73.78576799927475, 40.844300383762814]]}}, {"type": "Feature", "properties": {"segment_id": 925040, "physicalid": "64639", "street_name": "CENTRE ST", "borough": "bronx", "direction": "TW", "total_row_ft": 47.6, "roadbed_ft": 30.1, "median_ft": 0.0, "left_sw_ft": 9.6, "right_sw_ft": 7.9}, "geometry": {"type": "LineString", "coordinates": [[-73.78574285585455, 40.84444166695602], [-73.78569844723371, 40.84431536056172]]}}, {"type": "Feature", "properties": {"segment_id": 925041, "physicalid": "64639", "street_name": "CENTRE ST", "borough": "bronx", "direction": "TW", "total_row_ft": 47.7, "roadbed_ft": 28.0, "median_ft": 0.0, "left_sw_ft": 10.2, "right_sw_ft": 9.5}, "geometry": {"type": "LineString", "coordinates": [[-73.78567339968399, 40.84445691684945], [-73.78562889516168, 40.84433033731963]]}}, {"type": "Feature", "properties": {"segment_id": 925042, "physicalid": "64639", "street_name": "CENTRE ST", "borough": "bronx", "direction": "TW", "total_row_ft": 47.8, "roadbed_ft": 25.0, "median_ft": 0.0, "left_sw_ft": 10.9, "right_sw_ft": 12.0}, "geometry": {"type": "LineString", "coordinates": [[-73.78560394340548, 40.84447216648459], [-73.78555934326526, 40.844345314624114]]}}, {"type": "Feature", "properties": {"segment_id": 925043, "physicalid": "64639", "street_name": "CENTRE ST", "borough": "bronx", "direction": "TW", "total_row_ft": 150.0, "roadbed_ft": 120.0, "median_ft": 0.0, "left_sw_ft": 15.0, "right_sw_ft": 15.0}, "geometry": {"type": "LineString", "coordinates": [[-73.78556707623743, 40.84458010617476], [-73.78545519380808, 40.84426188884539]]}}, {"type": "Feature", "properties": {"segment_id": 925102, "physicalid": "64648", "street_name": "WILLIAM AVE", "borough": "bronx", "direction": "FT", "total_row_ft": 91.5, "roadbed_ft": 34.0, "median_ft": 0.0, "left_sw_ft": 15.0, "right_sw_ft": 42.5}, "geometry": {"type": "LineString", "coordinates": [[-73.78861927847574, 40.84597372010082], [-73.78819860158178, 40.846053897962264]]}}, {"type": "Feature", "properties": {"segment_id": 925103, "physicalid": "64648", "street_name": "WILLIAM AVE", "borough": "bronx", "direction": "FT", "total_row_ft": 52.4, "roadbed_ft": 28.8, "median_ft": 0.0, "left_sw_ft": 15.0, "right_sw_ft": 8.7}, "geometry": {"type": "LineString", "coordinates": [[-73.78863687569378, 40.84602696286325], [-73.78834460831273, 40.84608266702006]]}}, {"type": "Feature", "properties": {"segment_id": 925104, "physicalid": "64648", "street_name": "WILLIAM AVE", "borough": "bronx", "direction": "FT", "total_row_ft": 51.4, "roadbed_ft": 27.7, "median_ft": 0.0, "left_sw_ft": 15.0, "right_sw_ft": 8.7}, "geometry": {"type": "LineString", "coordinates": [[-73.78865447293998, 40.846080205622535], [-73.7883631741106, 40.84613572518372]]}}, {"type": "Feature", "properties": {"segment_id": 925105, "physicalid": "64648", "street_name": "WILLIAM AVE", "borough": "bronx", "direction": "FT", "total_row_ft": 50.4, "roadbed_ft": 26.7, "median_ft": 0.0, "left_sw_ft": 15.0, "right_sw_ft": 8.7}, "geometry": {"type": "LineString", "coordinates": [[-73.78867207021436, 40.84613344837865], [-73.7883817399381, 40.846188783343905]]}}, {"type": "Feature", "properties": {"segment_id": 925106, "physicalid": "64648", "street_name": "WILLIAM AVE", "borough": "bronx", "direction": "FT", "total_row_ft": 49.4, "roadbed_ft": 25.6, "median_ft": 0.0, "left_sw_ft": 15.0, "right_sw_ft": 8.8}, "geometry": {"type": "LineString", "coordinates": [[-73.78868966751692, 40.84618669113162], [-73.78840030587102, 40.84624184148614]]}}, {"type": "Feature", "properties": {"segment_id": 925107, "physicalid": "64648", "street_name": "WILLIAM AVE", "borough": "bronx", "direction": "FT", "total_row_ft": 48.4, "roadbed_ft": 24.6, "median_ft": 0.0, "left_sw_ft": 15.0, "right_sw_ft": 8.8}, "geometry": {"type": "LineString", "coordinates": [[-73.78870726484763, 40.846239933881364], [-73.78841887187512, 40.84629489961703]]}}, {"type": "Feature", "properties": {"segment_id": 925108, "physicalid": "64648", "street_name": "WILLIAM AVE", "borough": "bronx", "direction": "FT", "total_row_ft": 54.2, "roadbed_ft": 24.5, "median_ft": 0.0, "left_sw_ft": 15.0, "right_sw_ft": 14.6}, "geometry": {"type": "LineString", "coordinates": [[-73.78872486220651, 40.846293176627945], [-73.7884171396098, 40.84635182643165]]}}, {"type": "Feature", "properties": {"segment_id": 925109, "physicalid": "64648", "street_name": "WILLIAM AVE", "borough": "bronx", "direction": "FT", "total_row_ft": 54.5, "roadbed_ft": 24.6, "median_ft": 0.0, "left_sw_ft": 15.0, "right_sw_ft": 14.9}, "geometry": {"type": "LineString", "coordinates": [[-73.78874245959358, 40.84634641937137], [-73.78843486194832, 40.846405045362786]]}}, {"type": "Feature", "properties": {"segment_id": 925110, "physicalid": "64648", "street_name": "WILLIAM AVE", "borough": "bronx", "direction": "FT", "total_row_ft": 46.7, "roadbed_ft": 24.8, "median_ft": 0.0, "left_sw_ft": 6.8, "right_sw_ft": 15.0}, "geometry": {"type": "LineString", "coordinates": [[-73.78861632392307, 40.84642705676341], [-73.78845258431518, 40.8464582642907]]}}, {"type": "Feature", "properties": {"segment_id": 925111, "physicalid": "64648", "street_name": "WILLIAM AVE", "borough": "bronx", "direction": "FT", "total_row_ft": 46.9, "roadbed_ft": 25.1, "median_ft": 0.0, "left_sw_ft": 6.6, "right_sw_ft": 15.2}, "geometry": {"type": "LineString", "coordinates": [[-73.78863465500851, 40.846480159674385], [-73.78847030671041, 40.84651148321542]]}}, {"type": "Feature", "properties": {"segment_id": 925112, "physicalid": "64648", "street_name": "WILLIAM AVE", "borough": "bronx", "direction": "FT", "total_row_ft": 47.0, "roadbed_ft": 25.4, "median_ft": 0.0, "left_sw_ft": 6.3, "right_sw_ft": 15.2}, "geometry": {"type": "LineString", "coordinates": [[-73.7886529861232, 40.846533262581985], [-73.78848834489605, 40.84656464195532]]}}, {"type": "Feature", "properties": {"segment_id": 925113, "physicalid": "64648", "street_name": "WILLIAM AVE", "borough": "bronx", "direction": "FT", "total_row_ft": 46.9, "roadbed_ft": 25.7, "median_ft": 0.0, "left_sw_ft": 6.0, "right_sw_ft": 15.1}, "geometry": {"type": "LineString", "coordinates": [[-73.78867131699533, 40.84658636553798], [-73.78850698423, 40.84661768612355]]}}, {"type": "Feature", "properties": {"segment_id": 925114, "physicalid": "64648", "street_name": "WILLIAM AVE", "borough": "bronx", "direction": "FT", "total_row_ft": 47.5, "roadbed_ft": 26.1, "median_ft": 0.0, "left_sw_ft": 6.4, "right_sw_ft": 15.0}, "geometry": {"type": "LineString", "coordinates": [[-73.7886919720061, 40.84663902553094], [-73.78852562355377, 40.84667073029589]]}}, {"type": "Feature", "properties": {"segment_id": 925115, "physicalid": "64648", "street_name": "WILLIAM AVE", "borough": "bronx", "direction": "FT", "total_row_ft": 48.1, "roadbed_ft": 28.3, "median_ft": 0.0, "left_sw_ft": 6.9, "right_sw_ft": 12.9}, "geometry": {"type": "LineString", "coordinates": [[-73.78871277625431, 40.846691657082324], [-73.78854426268502, 40.84672377450706]]}}, {"type": "Feature", "properties": {"segment_id": 925433, "physicalid": "64672", "street_name": "REVILLE ST", "borough": "bronx", "direction": "TW", "total_row_ft": 150.0, "roadbed_ft": 120.0, "median_ft": 0.0, "left_sw_ft": 15.0, "right_sw_ft": 15.0}, "geometry": {"type": "LineString", "coordinates": [[-73.78715956382484, 40.84917801848063], [-73.78703376026355, 40.84886281194001]]}}, {"type": "Feature", "properties": {"segment_id": 925434, "physicalid": "64672", "street_name": "REVILLE ST", "borough": "bronx", "direction": "TW", "total_row_ft": 83.9, "roadbed_ft": 27.1, "median_ft": 0.0, "left_sw_ft": 47.4, "right_sw_ft": 9.4}, "geometry": {"type": "LineString", "coordinates": [[-73.78709038050143, 40.8491939400445], [-73.78700237634813, 40.84897344139476]]}}, {"type": "Feature", "properties": {"segment_id": 925435, "physicalid": "64672", "street_name": "REVILLE ST", "borough": "bronx", "direction": "TW", "total_row_ft": 44.5, "roadbed_ft": 27.2, "median_ft": 0.0, "left_sw_ft": 7.9, "right_sw_ft": 9.4}, "geometry": {"type": "LineString", "coordinates": [[-73.78697989433613, 40.84910637530996], [-73.78693324577874, 40.84898949460463]]}}, {"type": "Feature", "properties": {"segment_id": 925436, "physicalid": "64672", "street_name": "REVILLE ST", "borough": "bronx", "direction": "TW", "total_row_ft": 44.5, "roadbed_ft": 27.2, "median_ft": 0.0, "left_sw_ft": 8.0, "right_sw_ft": 9.4}, "geometry": {"type": "LineString", "coordinates": [[-73.786910770367, 40.84912244540312], [-73.78686411506634, 40.84900554749839]]}}, {"type": "Feature", "properties": {"segment_id": 925437, "physicalid": "64672", "street_name": "REVILLE ST", "borough": "bronx", "direction": "TW", "total_row_ft": 44.4, "roadbed_ft": 27.1, "median_ft": 0.0, "left_sw_ft": 8.1, "right_sw_ft": 9.3}, "geometry": {"type": "LineString", "coordinates": [[-73.78684164637265, 40.84913851547525], [-73.7867950531658, 40.849021772847586]]}}, {"type": "Feature", "properties": {"segment_id": 925438, "physicalid": "64672", "street_name": "REVILLE ST", "borough": "bronx", "direction": "TW", "total_row_ft": 44.3, "roadbed_ft": 27.0, "median_ft": 0.0, "left_sw_ft": 8.1, "right_sw_ft": 9.2}, "geometry": {"type": "LineString", "coordinates": [[-73.78677241304288, 40.84915431164174], [-73.78672600667387, 40.849038036847375]]}}, {"type": "Feature", "properties": {"segment_id": 925439, "physicalid": "64672", "street_name": "REVILLE ST", "borough": "bronx", "direction": "TW", "total_row_ft": 43.9, "roadbed_ft": 27.0, "median_ft": 0.0, "left_sw_ft": 8.0, "right_sw_ft": 9.0}, "geometry": {"type": "LineString", "coordinates": [[-73.78670299396991, 40.8491696424545], [-73.78665696014818, 40.8490543008058]]}}, {"type": "Feature", "properties": {"segment_id": 925440, "physicalid": "64672", "street_name": "REVILLE ST", "borough": "bronx", "direction": "TW", "total_row_ft": 43.6, "roadbed_ft": 26.8, "median_ft": 0.0, "left_sw_ft": 8.0, "right_sw_ft": 8.7}, "geometry": {"type": "LineString", "coordinates": [[-73.78663357482485, 40.84918497312496], [-73.7865879135887, 40.849070564722844]]}}, {"type": "Feature", "properties": {"segment_id": 925441, "physicalid": "64672", "street_name": "REVILLE ST", "borough": "bronx", "direction": "TW", "total_row_ft": 43.2, "roadbed_ft": 26.7, "median_ft": 0.0, "left_sw_ft": 8.0, "right_sw_ft": 8.5}, "geometry": {"type": "LineString", "coordinates": [[-73.78656415563408, 40.84920030371928], [-73.78651886699548, 40.84908682859851]]}}, {"type": "Feature", "properties": {"segment_id": 925442, "physicalid": "64672", "street_name": "REVILLE ST", "borough": "bronx", "direction": "TW", "total_row_ft": 42.8, "roadbed_ft": 26.6, "median_ft": 0.0, "left_sw_ft": 8.0, "right_sw_ft": 8.2}, "geometry": {"type": "LineString", "coordinates": [[-73.78649473641131, 40.84921563427175], [-73.7864498203685, 40.849103092432806]]}}, {"type": "Feature", "properties": {"segment_id": 925443, "physicalid": "64672", "street_name": "REVILLE ST", "borough": "bronx", "direction": "TW", "total_row_ft": 42.5, "roadbed_ft": 26.4, "median_ft": 0.0, "left_sw_ft": 8.1, "right_sw_ft": 8.0}, "geometry": {"type": "LineString", "coordinates": [[-73.78642536552574, 40.84923108597662], [-73.78638077370773, 40.849119356225756]]}}, {"type": "Feature", "properties": {"segment_id": 925444, "physicalid": "64672", "street_name": "REVILLE ST", "borough": "bronx", "direction": "TW", "total_row_ft": 42.4, "roadbed_ft": 26.5, "median_ft": 0.0, "left_sw_ft": 8.1, "right_sw_ft": 7.9}, "geometry": {"type": "LineString", "coordinates": [[-73.78635609655974, 40.84924679309148], [-73.78631160314067, 40.849135309599504]]}}, {"type": "Feature", "properties": {"segment_id": 925445, "physicalid": "64672", "street_name": "REVILLE ST", "borough": "bronx", "direction": "TW", "total_row_ft": 42.4, "roadbed_ft": 26.5, "median_ft": 0.0, "left_sw_ft": 7.9, "right_sw_ft": 8.0}, "geometry": {"type": "LineString", "coordinates": [[-73.78628682756103, 40.849262500164706], [-73.78624237297396, 40.84915111368031]]}}, {"type": "Feature", "properties": {"segment_id": 925446, "physicalid": "64672", "street_name": "REVILLE ST", "borough": "bronx", "direction": "TW", "total_row_ft": 42.4, "roadbed_ft": 26.3, "median_ft": 0.0, "left_sw_ft": 7.7, "right_sw_ft": 8.3}, "geometry": {"type": "LineString", "coordinates": [[-73.7862175585296, 40.84927820719629], [-73.78617314277435, 40.849166917719536]]}}, {"type": "Feature", "properties": {"segment_id": 925447, "physicalid": "64672", "street_name": "REVILLE ST", "borough": "bronx", "direction": "TW", "total_row_ft": 42.3, "roadbed_ft": 26.1, "median_ft": 0.0, "left_sw_ft": 7.5, "right_sw_ft": 8.7}, "geometry": {"type": "LineString", "coordinates": [[-73.78614828946546, 40.849293914186255], [-73.78610391254183, 40.84918272171718]]}}, {"type": "Feature", "properties": {"segment_id": 925448, "physicalid": "64672", "street_name": "REVILLE ST", "borough": "bronx", "direction": "TW", "total_row_ft": 42.4, "roadbed_ft": 25.9, "median_ft": 0.0, "left_sw_ft": 7.4, "right_sw_ft": 9.1}, "geometry": {"type": "LineString", "coordinates": [[-73.78607913409719, 40.84930990609739], [-73.78603468227101, 40.84919852565965]]}}, {"type": "Feature", "properties": {"segment_id": 925449, "physicalid": "64672", "street_name": "REVILLE ST", "borough": "bronx", "direction": "TW", "total_row_ft": 37.5, "roadbed_ft": 25.6, "median_ft": 0.0, "left_sw_ft": 7.5, "right_sw_ft": 4.4}, "geometry": {"type": "LineString", "coordinates": [[-73.78601012666297, 40.84932626872069], [-73.78597080145589, 40.849227733528544]]}}, {"type": "Feature", "properties": {"segment_id": 925450, "physicalid": "64672", "street_name": "REVILLE ST", "borough": "bronx", "direction": "TW", "total_row_ft": 39.6, "roadbed_ft": 25.2, "median_ft": 0.0, "left_sw_ft": 7.5, "right_sw_ft": 6.9}, "geometry": {"type": "LineString", "coordinates": [[-73.78594111904968, 40.849342630939006], [-73.78589958111407, 40.849238551145795]]}}, {"type": "Feature", "properties": {"segment_id": 925451, "physicalid": "64672", "street_name": "REVILLE ST", "borough": "bronx", "direction": "TW", "total_row_ft": 39.3, "roadbed_ft": 24.9, "median_ft": 0.0, "left_sw_ft": 7.6, "right_sw_ft": 6.9}, "geometry": {"type": "LineString", "coordinates": [[-73.78587211140244, 40.84935899311603], [-73.78583092413422, 40.84925579170897]]}}, {"type": "Feature", "properties": {"segment_id": 925452, "physicalid": "64672", "street_name": "REVILLE ST", "borough": "bronx", "direction": "TW", "total_row_ft": 38.5, "roadbed_ft": 24.4, "median_ft": 0.0, "left_sw_ft": 7.2, "right_sw_ft": 6.9}, "geometry": {"type": "LineString", "coordinates": [[-73.78580258624672, 40.849374058633686], [-73.78576226711877, 40.849273032231245]]}}, {"type": "Feature", "properties": {"segment_id": 925453, "physicalid": "64672", "street_name": "REVILLE ST", "borough": "bronx", "direction": "TW", "total_row_ft": 37.3, "roadbed_ft": 23.8, "median_ft": 0.0, "left_sw_ft": 6.6, "right_sw_ft": 6.9}, "geometry": {"type": "LineString", "coordinates": [[-73.78573269528661, 40.849388207602594], [-73.78569361006775, 40.8492902727126]]}}, {"type": "Feature", "properties": {"segment_id": 925454, "physicalid": "64672", "street_name": "REVILLE ST", "borough": "bronx", "direction": "TW", "total_row_ft": 36.1, "roadbed_ft": 23.2, "median_ft": 0.0, "left_sw_ft": 6.0, "right_sw_ft": 6.9}, "geometry": {"type": "LineString", "coordinates": [[-73.78566280429679, 40.84940235652917], [-73.78562495287875, 40.84930751289652]]}}, {"type": "Feature", "properties": {"segment_id": 925455, "physicalid": "64672", "street_name": "REVILLE ST", "borough": "bronx", "direction": "TW", "total_row_ft": 35.3, "roadbed_ft": 22.6, "median_ft": 0.0, "left_sw_ft": 5.4, "right_sw_ft": 7.3}, "geometry": {"type": "LineString", "coordinates": [[-73.78559291317427, 40.849416505155325], [-73.78555588364738, 40.84932372067714]]}}, {"type": "Feature", "properties": {"segment_id": 925456, "physicalid": "64672", "street_name": "REVILLE ST", "borough": "bronx", "direction": "TW", "total_row_ft": 35.5, "roadbed_ft": 22.8, "median_ft": 0.0, "left_sw_ft": 5.8, "right_sw_ft": 7.0}, "geometry": {"type": "LineString", "coordinates": [[-73.7855240129789, 40.849433136771765], [-73.7854867486313, 40.84933976366407]]}}, {"type": "Feature", "properties": {"segment_id": 925457, "physicalid": "64672", "street_name": "REVILLE ST", "borough": "bronx", "direction": "TW", "total_row_ft": 35.9, "roadbed_ft": 23.6, "median_ft": 0.0, "left_sw_ft": 6.3, "right_sw_ft": 6.0}, "geometry": {"type": "LineString", "coordinates": [[-73.7854552377105, 40.8494500814626], [-73.78541761358187, 40.84935580660949]]}}, {"type": "Feature", "properties": {"segment_id": 925458, "physicalid": "64672", "street_name": "REVILLE ST", "borough": "bronx", "direction": "TW", "total_row_ft": 36.2, "roadbed_ft": 24.5, "median_ft": 0.0, "left_sw_ft": 6.7, "right_sw_ft": 5.0}, "geometry": {"type": "LineString", "coordinates": [[-73.78538646240705, 40.849467026112364], [-73.78534847849912, 40.84937184951345]]}}, {"type": "Feature", "properties": {"segment_id": 925459, "physicalid": "64672", "street_name": "REVILLE ST", "borough": "bronx", "direction": "TW", "total_row_ft": 36.6, "roadbed_ft": 25.0, "median_ft": 0.0, "left_sw_ft": 7.2, "right_sw_ft": 4.4}, "geometry": {"type": "LineString", "coordinates": [[-73.78531768706856, 40.849483970721074], [-73.78527934338298, 40.84938789237596]]}}, {"type": "Feature", "properties": {"segment_id": 925460, "physicalid": "64672", "street_name": "REVILLE ST", "borough": "bronx", "direction": "TW", "total_row_ft": 36.9, "roadbed_ft": 24.7, "median_ft": 0.0, "left_sw_ft": 7.7, "right_sw_ft": 4.5}, "geometry": {"type": "LineString", "coordinates": [[-73.78524891168112, 40.849500915253884], [-73.78521020823152, 40.84940393519196]]}}, {"type": "Feature", "properties": {"segment_id": 925461, "physicalid": "64672", "street_name": "REVILLE ST", "borough": "bronx", "direction": "TW", "total_row_ft": 37.3, "roadbed_ft": 24.5, "median_ft": 0.0, "left_sw_ft": 8.2, "right_sw_ft": 4.6}, "geometry": {"type": "LineString", "coordinates": [[-73.78518013625435, 40.84951785973492], [-73.78514107304565, 40.84941997796382]]}}, {"type": "Feature", "properties": {"segment_id": 925462, "physicalid": "64672", "street_name": "REVILLE ST", "borough": "bronx", "direction": "TW", "total_row_ft": 37.7, "roadbed_ft": 25.1, "median_ft": 0.0, "left_sw_ft": 7.8, "right_sw_ft": 4.8}, "geometry": {"type": "LineString", "coordinates": [[-73.78511136079257, 40.84953480417489], [-73.78507182672554, 40.849435742304486]]}}, {"type": "Feature", "properties": {"segment_id": 1289253, "physicalid": "88190", "street_name": "KING AVE", "borough": "bronx", "direction": "TW", "total_row_ft": 57.0, "roadbed_ft": 27.0, "median_ft": 0.0, "left_sw_ft": 15.0, "right_sw_ft": 15.0}, "geometry": {"type": "LineString", "coordinates": [[-73.78494759671578, 40.84886138782637], [-73.78453234199654, 40.84895652419511]]}}, {"type": "Feature", "properties": {"segment_id": 1289254, "physicalid": "88190", "street_name": "KING AVE", "borough": "bronx", "direction": "TW", "total_row_ft": 51.3, "roadbed_ft": 21.3, "median_ft": 0.0, "left_sw_ft": 15.0, "right_sw_ft": 15.0}, "geometry": {"type": "LineString", "coordinates": [[-73.78496847786711, 40.848913942013844], [-73.78455322284965, 40.84900907845686]]}}, {"type": "Feature", "properties": {"segment_id": 1289255, "physicalid": "88190", "street_name": "KING AVE", "borough": "bronx", "direction": "TW", "total_row_ft": 51.0, "roadbed_ft": 21.0, "median_ft": 0.0, "left_sw_ft": 15.0, "right_sw_ft": 15.0}, "geometry": {"type": "LineString", "coordinates": [[-73.78498935905142, 40.848966496196994], [-73.78457410373578, 40.849061632714395]]}}, {"type": "Feature", "properties": {"segment_id": 1289256, "physicalid": "88190", "street_name": "KING AVE", "borough": "bronx", "direction": "TW", "total_row_ft": 51.0, "roadbed_ft": 21.0, "median_ft": 0.0, "left_sw_ft": 15.0, "right_sw_ft": 15.0}, "geometry": {"type": "LineString", "coordinates": [[-73.78501024026876, 40.84901905037597], [-73.78459498465486, 40.84911418696759]]}}, {"type": "Feature", "properties": {"segment_id": 1289257, "physicalid": "88190", "street_name": "KING AVE", "borough": "bronx", "direction": "TW", "total_row_ft": 51.1, "roadbed_ft": 21.1, "median_ft": 0.0, "left_sw_ft": 15.0, "right_sw_ft": 15.0}, "geometry": {"type": "LineString", "coordinates": [[-73.78503112151907, 40.849071604550595], [-73.78461586560697, 40.84916674121659]]}}, {"type": "Feature", "properties": {"segment_id": 1289258, "physicalid": "88190", "street_name": "KING AVE", "borough": "bronx", "direction": "TW", "total_row_ft": 51.1, "roadbed_ft": 21.1, "median_ft": 0.0, "left_sw_ft": 15.0, "right_sw_ft": 15.0}, "geometry": {"type": "LineString", "coordinates": [[-73.78505200280239, 40.84912415872104], [-73.78463674659206, 40.849219295461275]]}}, {"type": "Feature", "properties": {"segment_id": 1289259, "physicalid": "88190", "street_name": "KING AVE", "borough": "bronx", "direction": "TW", "total_row_ft": 51.2, "roadbed_ft": 21.2, "median_ft": 0.0, "left_sw_ft": 15.0, "right_sw_ft": 15.0}, "geometry": {"type": "LineString", "coordinates": [[-73.7850728841187, 40.84917671288722], [-73.78465762761014, 40.84927184970174]]}}, {"type": "Feature", "properties": {"segment_id": 1289260, "physicalid": "88190", "street_name": "KING AVE", "borough": "bronx", "direction": "TW", "total_row_ft": 51.3, "roadbed_ft": 21.3, "median_ft": 0.0, "left_sw_ft": 15.0, "right_sw_ft": 15.0}, "geometry": {"type": "LineString", "coordinates": [[-73.78509376546799, 40.84922926704908], [-73.78467850866124, 40.849324403937956]]}}, {"type": "Feature", "properties": {"segment_id": 1289261, "physicalid": "88190", "street_name": "KING AVE", "borough": "bronx", "direction": "TW", "total_row_ft": 51.4, "roadbed_ft": 21.4, "median_ft": 0.0, "left_sw_ft": 15.0, "right_sw_ft": 15.0}, "geometry": {"type": "LineString", "coordinates": [[-73.78511464685032, 40.84928182120676], [-73.78469938974531, 40.84937695816988]]}}, {"type": "Feature", "properties": {"segment_id": 1289262, "physicalid": "88190", "street_name": "KING AVE", "borough": "bronx", "direction": "TW", "total_row_ft": 51.5, "roadbed_ft": 21.5, "median_ft": 0.0, "left_sw_ft": 15.0, "right_sw_ft": 15.0}, "geometry": {"type": "LineString", "coordinates": [[-73.7851355282656, 40.8493343753601], [-73.7847202708624, 40.84942951239756]]}}, {"type": "Feature", "properties": {"segment_id": 1289263, "physicalid": "88190", "street_name": "KING AVE", "borough": "bronx", "direction": "TW", "total_row_ft": 51.6, "roadbed_ft": 21.6, "median_ft": 0.0, "left_sw_ft": 15.0, "right_sw_ft": 15.0}, "geometry": {"type": "LineString", "coordinates": [[-73.7851564097139, 40.849386929509244], [-73.78474115201246, 40.84948206662095]]}}, {"type": "Feature", "properties": {"segment_id": 1289264, "physicalid": "88191", "street_name": "KING AVE", "borough": "bronx", "direction": "TW", "total_row_ft": 135.0, "roadbed_ft": 72.1, "median_ft": 0.0, "left_sw_ft": 15.0, "right_sw_ft": 47.9}, "geometry": {"type": "LineString", "coordinates": [[-73.78449389445859, 40.847738435167656], [-73.78407925641449, 40.84783509273773]]}}, {"type": "Feature", "properties": {"segment_id": 1289265, "physicalid": "88191", "street_name": "KING AVE", "borough": "bronx", "direction": "TW", "total_row_ft": 34.1, "roadbed_ft": 21.1, "median_ft": 0.0, "left_sw_ft": 7.8, "right_sw_ft": 5.2}, "geometry": {"type": "LineString", "coordinates": [[-73.78436924010744, 40.8478249163917], [-73.78425140011309, 40.84785238644586]]}}, {"type": "Feature", "properties": {"segment_id": 1289266, "physicalid": "88191", "street_name": "KING AVE", "borough": "bronx", "direction": "TW", "total_row_ft": 34.0, "roadbed_ft": 20.8, "median_ft": 0.0, "left_sw_ft": 7.8, "right_sw_ft": 5.4}, "geometry": {"type": "LineString", "coordinates": [[-73.78438940208865, 40.84787763883], [-73.78427182408151, 40.84790504781217]]}}, {"type": "Feature", "properties": {"segment_id": 1289267, "physicalid": "88191", "street_name": "KING AVE", "borough": "bronx", "direction": "TW", "total_row_ft": 33.9, "roadbed_ft": 20.6, "median_ft": 0.0, "left_sw_ft": 7.9, "right_sw_ft": 5.5}, "geometry": {"type": "LineString", "coordinates": [[-73.78440956410181, 40.8479303612643], [-73.78429230511163, 40.847957695880076]]}}, {"type": "Feature", "properties": {"segment_id": 1289268, "physicalid": "88191", "street_name": "KING AVE", "borough": "bronx", "direction": "TW", "total_row_ft": 33.8, "roadbed_ft": 20.3, "median_ft": 0.0, "left_sw_ft": 7.9, "right_sw_ft": 5.6}, "geometry": {"type": "LineString", "coordinates": [[-73.78442972614694, 40.84798308369456], [-73.78431293130905, 40.848010310111135]]}}, {"type": "Feature", "properties": {"segment_id": 1289269, "physicalid": "88191", "street_name": "KING AVE", "borough": "bronx", "direction": "TW", "total_row_ft": 33.7, "roadbed_ft": 20.1, "median_ft": 0.0, "left_sw_ft": 7.9, "right_sw_ft": 5.7}, "geometry": {"type": "LineString", "coordinates": [[-73.78444988822403, 40.84803580612082], [-73.78433355753909, 40.84806292433803]]}}, {"type": "Feature", "properties": {"segment_id": 1289270, "physicalid": "88191", "street_name": "KING AVE", "borough": "bronx", "direction": "TW", "total_row_ft": 33.5, "roadbed_ft": 19.9, "median_ft": 0.0, "left_sw_ft": 7.9, "right_sw_ft": 5.8}, "geometry": {"type": "LineString", "coordinates": [[-73.78447005033307, 40.8480885285431], [-73.7843541836235, 40.8481155386023]]}}, {"type": "Feature", "properties": {"segment_id": 1289271, "physicalid": "88191", "street_name": "KING AVE", "borough": "bronx", "direction": "TW", "total_row_ft": 33.4, "roadbed_ft": 20.0, "median_ft": 0.0, "left_sw_ft": 7.6, "right_sw_ft": 5.9}, "geometry": {"type": "LineString", "coordinates": [[-73.78449021247408, 40.848141250961376], [-73.78437480959636, 40.848168152896]]}}, {"type": "Feature", "properties": {"segment_id": 1289272, "physicalid": "88191", "street_name": "KING AVE", "borough": "bronx", "direction": "TW", "total_row_ft": 32.9, "roadbed_ft": 20.1, "median_ft": 0.0, "left_sw_ft": 7.2, "right_sw_ft": 5.6}, "geometry": {"type": "LineString", "coordinates": [[-73.78451037464706, 40.84819397337562], [-73.7843965451549, 40.84822050853473]]}}, {"type": "Feature", "properties": {"segment_id": 1289273, "physicalid": "88191", "street_name": "KING AVE", "borough": "bronx", "direction": "TW", "total_row_ft": 32.5, "roadbed_ft": 19.9, "median_ft": 0.0, "left_sw_ft": 7.0, "right_sw_ft": 5.6}, "geometry": {"type": "LineString", "coordinates": [[-73.78453068726601, 40.848246660722275], [-73.78441852995863, 40.848272806074654]]}}, {"type": "Feature", "properties": {"segment_id": 1289274, "physicalid": "88191", "street_name": "KING AVE", "borough": "bronx", "direction": "TW", "total_row_ft": 32.1, "roadbed_ft": 19.8, "median_ft": 0.0, "left_sw_ft": 6.8, "right_sw_ft": 5.5}, "geometry": {"type": "LineString", "coordinates": [[-73.78455137331376, 40.84829926102098], [-73.78444051479691, 40.848325103609895]]}}, {"type": "Feature", "properties": {"segment_id": 1289275, "physicalid": "88191", "street_name": "KING AVE", "borough": "bronx", "direction": "TW", "total_row_ft": 31.7, "roadbed_ft": 19.6, "median_ft": 0.0, "left_sw_ft": 6.6, "right_sw_ft": 5.5}, "geometry": {"type": "LineString", "coordinates": [[-73.78457205939422, 40.84835186131548], [-73.78446249966977, 40.848377401140496]]}}, {"type": "Feature", "properties": {"segment_id": 1289276, "physicalid": "88191", "street_name": "KING AVE", "borough": "bronx", "direction": "TW", "total_row_ft": 31.3, "roadbed_ft": 19.5, "median_ft": 0.0, "left_sw_ft": 6.5, "right_sw_ft": 5.4}, "geometry": {"type": "LineString", "coordinates": [[-73.78459274550741, 40.8484044616058], [-73.7844844845772, 40.84842969866643]]}}, {"type": "Feature", "properties": {"segment_id": 1289277, "physicalid": "88191", "street_name": "KING AVE", "borough": "bronx", "direction": "TW", "total_row_ft": 31.0, "roadbed_ft": 19.3, "median_ft": 0.0, "left_sw_ft": 6.3, "right_sw_ft": 5.4}, "geometry": {"type": "LineString", "coordinates": [[-73.78461343165328, 40.84845706189193], [-73.78450648571042, 40.84848199241331]]}}, {"type": "Feature", "properties": {"segment_id": 1289278, "physicalid": "88191", "street_name": "KING AVE", "borough": "bronx", "direction": "TW", "total_row_ft": 30.5, "roadbed_ft": 19.1, "median_ft": 0.0, "left_sw_ft": 6.1, "right_sw_ft": 5.3}, "geometry": {"type": "LineString", "coordinates": [[-73.7846341178319, 40.84850966217386], [-73.78452871016245, 40.84853423410515]]}}, {"type": "Feature", "properties": {"segment_id": 1289279, "physicalid": "88191", "street_name": "KING AVE", "borough": "bronx", "direction": "TW", "total_row_ft": 30.1, "roadbed_ft": 19.0, "median_ft": 0.0, "left_sw_ft": 5.9, "right_sw_ft": 5.1}, "geometry": {"type": "LineString", "coordinates": [[-73.7846547816839, 40.84856226766389], [-73.78455093457214, 40.84858647581021]]}}, {"type": "Feature", "properties": {"segment_id": 1289280, "physicalid": "88191", "street_name": "KING AVE", "borough": "bronx", "direction": "TW", "total_row_ft": 29.6, "roadbed_ft": 18.9, "median_ft": 0.0, "left_sw_ft": 5.7, "right_sw_ft": 5.0}, "geometry": {"type": "LineString", "coordinates": [[-73.78467542914272, 40.84861487697882], [-73.7845731588315, 40.84863871755368]]}}, {"type": "Feature", "properties": {"segment_id": 1289281, "physicalid": "88191", "street_name": "KING AVE", "borough": "bronx", "direction": "TW", "total_row_ft": 29.1, "roadbed_ft": 18.8, "median_ft": 0.0, "left_sw_ft": 5.5, "right_sw_ft": 4.9}, "geometry": {"type": "LineString", "coordinates": [[-73.7846960766342, 40.84866748628955], [-73.78459538312578, 40.848690959292426]]}}, {"type": "Feature", "properties": {"segment_id": 1289282, "physicalid": "88191", "street_name": "KING AVE", "borough": "bronx", "direction": "TW", "total_row_ft": 28.7, "roadbed_ft": 18.7, "median_ft": 0.0, "left_sw_ft": 5.2, "right_sw_ft": 4.8}, "geometry": {"type": "LineString", "coordinates": [[-73.78471672415834, 40.84872009559615], [-73.78461760745496, 40.848743201026416]]}}, {"type": "Feature", "properties": {"segment_id": 1289283, "physicalid": "88191", "street_name": "KING AVE", "borough": "bronx", "direction": "TW", "total_row_ft": 38.6, "roadbed_ft": 18.6, "median_ft": 0.0, "left_sw_ft": 5.0, "right_sw_ft": 15.0}, "geometry": {"type": "LineString", "coordinates": [[-73.78473737171515, 40.84877270489856], [-73.78448233522212, 40.84883215711615]]}}, {"type": "Feature", "properties": {"segment_id": 1289284, "physicalid": "88192", "street_name": "KING AVE", "borough": "bronx", "direction": "TW", "total_row_ft": 82.4, "roadbed_ft": 29.9, "median_ft": 0.0, "left_sw_ft": 37.6, "right_sw_ft": 15.0}, "geometry": {"type": "LineString", "coordinates": [[-73.78520116249146, 40.84949831689511], [-73.78478703525461, 40.849596255796364]]}}, {"type": "Feature", "properties": {"segment_id": 1289285, "physicalid": "88192", "street_name": "KING AVE", "borough": "bronx", "direction": "TW", "total_row_ft": 51.8, "roadbed_ft": 21.8, "median_ft": 0.0, "left_sw_ft": 15.0, "right_sw_ft": 15.0}, "geometry": {"type": "LineString", "coordinates": [[-73.78522265896338, 40.84955072787961], [-73.78480853143185, 40.849648666857156]]}}, {"type": "Feature", "properties": {"segment_id": 1289286, "physicalid": "88192", "street_name": "KING AVE", "borough": "bronx", "direction": "TW", "total_row_ft": 51.9, "roadbed_ft": 21.9, "median_ft": 0.0, "left_sw_ft": 15.0, "right_sw_ft": 15.0}, "geometry": {"type": "LineString", "coordinates": [[-73.78524415546917, 40.84960313885965], [-73.784830027643, 40.84970107791349]]}}, {"type": "Feature", "properties": {"segment_id": 1289287, "physicalid": "88192", "street_name": "KING AVE", "borough": "bronx", "direction": "TW", "total_row_ft": 51.9, "roadbed_ft": 21.9, "median_ft": 0.0, "left_sw_ft": 15.0, "right_sw_ft": 15.0}, "geometry": {"type": "LineString", "coordinates": [[-73.78526565200883, 40.84965554983523], [-73.78485152388801, 40.849753488965305]]}}, {"type": "Feature", "properties": {"segment_id": 1289288, "physicalid": "88192", "street_name": "KING AVE", "borough": "bronx", "direction": "TW", "total_row_ft": 52.0, "roadbed_ft": 22.0, "median_ft": 0.0, "left_sw_ft": 15.0, "right_sw_ft": 15.0}, "geometry": {"type": "LineString", "coordinates": [[-73.78528714858238, 40.84970796080629], [-73.78487302016688, 40.84980590001265]]}}, {"type": "Feature", "properties": {"segment_id": 1289289, "physicalid": "88192", "street_name": "KING AVE", "borough": "bronx", "direction": "TW", "total_row_ft": 52.2, "roadbed_ft": 22.2, "median_ft": 0.0, "left_sw_ft": 15.0, "right_sw_ft": 15.0}, "geometry": {"type": "LineString", "coordinates": [[-73.78530864518979, 40.84976037177288], [-73.78489451647965, 40.84985831105551]]}}, {"type": "Feature", "properties": {"segment_id": 1289290, "physicalid": "88192", "street_name": "KING AVE", "borough": "bronx", "direction": "TW", "total_row_ft": 52.5, "roadbed_ft": 22.5, "median_ft": 0.0, "left_sw_ft": 15.0, "right_sw_ft": 15.0}, "geometry": {"type": "LineString", "coordinates": [[-73.7853301418311, 40.849812782734986], [-73.78491601282629, 40.8499107220939]]}}, {"type": "Feature", "properties": {"segment_id": 1289291, "physicalid": "88192", "street_name": "KING AVE", "borough": "bronx", "direction": "TW", "total_row_ft": 47.3, "roadbed_ft": 22.8, "median_ft": 0.0, "left_sw_ft": 15.0, "right_sw_ft": 9.5}, "geometry": {"type": "LineString", "coordinates": [[-73.785351638434, 40.84986519287447], [-73.78506941681239, 40.849931938158036]]}}, {"type": "Feature", "properties": {"segment_id": 1289292, "physicalid": "88192", "street_name": "KING AVE", "borough": "bronx", "direction": "TW", "total_row_ft": 47.4, "roadbed_ft": 23.0, "median_ft": 0.0, "left_sw_ft": 15.0, "right_sw_ft": 9.4}, "geometry": {"type": "LineString", "coordinates": [[-73.78537313547727, 40.84991760374856], [-73.78509081109989, 40.84998437333819]]}}, {"type": "Feature", "properties": {"segment_id": 1289296, "physicalid": "88193", "street_name": "FORDHAM PL", "borough": "bronx", "direction": "TW", "total_row_ft": 43.3, "roadbed_ft": 38.1, "median_ft": 0.0, "left_sw_ft": 5.2, "right_sw_ft": 0.0}, "geometry": {"type": "LineString", "coordinates": [[-73.78364448478133, 40.84665804664469], [-73.78349274740457, 40.84668758012191]]}}, {"type": "Feature", "properties": {"segment_id": 1289297, "physicalid": "88193", "street_name": "FORDHAM PL", "borough": "bronx", "direction": "TW", "total_row_ft": 43.1, "roadbed_ft": 37.7, "median_ft": 0.0, "left_sw_ft": 5.4, "right_sw_ft": 0.0}, "geometry": {"type": "LineString", "coordinates": [[-73.78366297127582, 40.846711117059904], [-73.78351192425133, 40.84674051617263]]}}, {"type": "Feature", "properties": {"segment_id": 1289298, "physicalid": "88193", "street_name": "FORDHAM PL", "borough": "bronx", "direction": "TW", "total_row_ft": 51.4, "roadbed_ft": 37.6, "median_ft": 0.0, "left_sw_ft": 5.6, "right_sw_ft": 8.2}, "geometry": {"type": "LineString", "coordinates": [[-73.78368145809583, 40.84676418741404], [-73.78350151548273, 40.84679921061101]]}}, {"type": "Feature", "properties": {"segment_id": 1289299, "physicalid": "88193", "street_name": "FORDHAM PL", "borough": "bronx", "direction": "TW", "total_row_ft": 51.5, "roadbed_ft": 37.5, "median_ft": 0.0, "left_sw_ft": 5.8, "right_sw_ft": 8.2}, "geometry": {"type": "LineString", "coordinates": [[-73.78369994506717, 40.846817257741044], [-73.78351976256931, 40.84685232763027]]}}, {"type": "Feature", "properties": {"segment_id": 1289300, "physicalid": "88193", "street_name": "FORDHAM PL", "borough": "bronx", "direction": "TW", "total_row_ft": 51.5, "roadbed_ft": 37.4, "median_ft": 0.0, "left_sw_ft": 5.9, "right_sw_ft": 8.2}, "geometry": {"type": "LineString", "coordinates": [[-73.78371869422759, 40.846871080641], [-73.7835377255165, 40.84690461743752]]}}, {"type": "Feature", "properties": {"segment_id": 1289301, "physicalid": "88193", "street_name": "FORDHAM PL", "borough": "bronx", "direction": "TW", "total_row_ft": 51.6, "roadbed_ft": 37.3, "median_ft": 0.0, "left_sw_ft": 6.1, "right_sw_ft": 8.2}, "geometry": {"type": "LineString", "coordinates": [[-73.78373730878677, 40.846924136115895], [-73.78355597477781, 40.84695774061234]]}}, {"type": "Feature", "properties": {"segment_id": 1289302, "physicalid": "88193", "street_name": "FORDHAM PL", "borough": "bronx", "direction": "TW", "total_row_ft": 51.9, "roadbed_ft": 37.2, "median_ft": 0.0, "left_sw_ft": 6.5, "right_sw_ft": 8.2}, "geometry": {"type": "LineString", "coordinates": [[-73.78375641702962, 40.84697710010377], [-73.78357422406827, 40.84701086378377]]}}, {"type": "Feature", "properties": {"segment_id": 1289303, "physicalid": "88193", "street_name": "FORDHAM PL", "borough": "bronx", "direction": "TW", "total_row_ft": 52.1, "roadbed_ft": 37.1, "median_ft": 0.0, "left_sw_ft": 6.8, "right_sw_ft": 8.2}, "geometry": {"type": "LineString", "coordinates": [[-73.78377552530291, 40.847030064088024], [-73.78359247338787, 40.847063986951845]]}}, {"type": "Feature", "properties": {"segment_id": 1289304, "physicalid": "88193", "street_name": "FORDHAM PL", "borough": "bronx", "direction": "TW", "total_row_ft": 52.1, "roadbed_ft": 36.6, "median_ft": 0.0, "left_sw_ft": 7.2, "right_sw_ft": 8.3}, "geometry": {"type": "LineString", "coordinates": [[-73.78379463361766, 40.84708302806655], [-73.78361172754168, 40.847116923908686]]}}, {"type": "Feature", "properties": {"segment_id": 1289305, "physicalid": "88193", "street_name": "FORDHAM PL", "borough": "bronx", "direction": "TW", "total_row_ft": 51.9, "roadbed_ft": 36.3, "median_ft": 0.0, "left_sw_ft": 7.4, "right_sw_ft": 8.3}, "geometry": {"type": "LineString", "coordinates": [[-73.78381374215272, 40.847135992006244], [-73.78363153840023, 40.847169757700385]]}}, {"type": "Feature", "properties": {"segment_id": 1289306, "physicalid": "88193", "street_name": "FORDHAM PL", "borough": "bronx", "direction": "TW", "total_row_ft": 51.7, "roadbed_ft": 36.3, "median_ft": 0.0, "left_sw_ft": 7.1, "right_sw_ft": 8.3}, "geometry": {"type": "LineString", "coordinates": [[-73.7838328507182, 40.8471889559423], [-73.78365134914483, 40.84722259151516]]}}, {"type": "Feature", "properties": {"segment_id": 1289307, "physicalid": "88193", "street_name": "FORDHAM PL", "borough": "bronx", "direction": "TW", "total_row_ft": 51.5, "roadbed_ft": 36.3, "median_ft": 0.0, "left_sw_ft": 6.9, "right_sw_ft": 8.3}, "geometry": {"type": "LineString", "coordinates": [[-73.7838519593141, 40.84724191987471], [-73.7836711599209, 40.84727542532607]]}}, {"type": "Feature", "properties": {"segment_id": 1289308, "physicalid": "88193", "street_name": "FORDHAM PL", "borough": "bronx", "direction": "TW", "total_row_ft": 59.6, "roadbed_ft": 36.3, "median_ft": 0.0, "left_sw_ft": 15.0, "right_sw_ft": 8.3}, "geometry": {"type": "LineString", "coordinates": [[-73.78397999212834, 40.84727469799296], [-73.78369097072844, 40.84732825913307]]}}, {"type": "Feature", "properties": {"segment_id": 1289309, "physicalid": "88193", "street_name": "FORDHAM PL", "borough": "bronx", "direction": "TW", "total_row_ft": 53.0, "roadbed_ft": 26.7, "median_ft": 0.0, "left_sw_ft": 15.0, "right_sw_ft": 11.3}, "geometry": {"type": "LineString", "coordinates": [[-73.78399713078186, 40.84732802699692], [-73.78369855910879, 40.84738335797185]]}}, {"type": "Feature", "properties": {"segment_id": 1292802, "physicalid": "88375", "street_name": "LEEWARD LN", "borough": "bronx", "direction": "TW", "total_row_ft": 71.0, "roadbed_ft": 23.5, "median_ft": 0.0, "left_sw_ft": 5.5, "right_sw_ft": 42.0}, "geometry": {"type": "LineString", "coordinates": [[-73.78341752587066, 40.84661753211196], [-73.7833464639077, 40.8463724265687]]}}, {"type": "Feature", "properties": {"segment_id": 1292803, "physicalid": "88375", "street_name": "LEEWARD LN", "borough": "bronx", "direction": "TW", "total_row_ft": 60.5, "roadbed_ft": 40.3, "median_ft": 0.0, "left_sw_ft": 5.2, "right_sw_ft": 15.0}, "geometry": {"type": "LineString", "coordinates": [[-73.78334708895477, 40.84662988823679], [-73.78327586687006, 40.84638422950805]]}}, {"type": "Feature", "properties": {"segment_id": 1292804, "physicalid": "88376", "street_name": "LEEWARD LN", "borough": "bronx", "direction": "TW", "total_row_ft": 120.0, "roadbed_ft": 19.4, "median_ft": 0.0, "left_sw_ft": 52.6, "right_sw_ft": 48.0}, "geometry": {"type": "LineString", "coordinates": [[-73.78360041468189, 40.846308973212444], [-73.78317889606718, 40.84638656651401]]}}, {"type": "Feature", "properties": {"segment_id": 1292805, "physicalid": "88376", "street_name": "LEEWARD LN", "borough": "bronx", "direction": "TW", "total_row_ft": 59.6, "roadbed_ft": 39.3, "median_ft": 0.0, "left_sw_ft": 15.0, "right_sw_ft": 5.4}, "geometry": {"type": "LineString", "coordinates": [[-73.7836174447407, 40.84636232223706], [-73.7833477199669, 40.84641197347293]]}}, {"type": "Feature", "properties": {"segment_id": 1292806, "physicalid": "88376", "street_name": "LEEWARD LN", "borough": "bronx", "direction": "TW", "total_row_ft": 60.5, "roadbed_ft": 40.1, "median_ft": 0.0, "left_sw_ft": 15.0, "right_sw_ft": 5.4}, "geometry": {"type": "LineString", "coordinates": [[-73.78363447482684, 40.846415671258704], [-73.78336401164026, 40.84646545842333]]}}, {"type": "Feature", "properties": {"segment_id": 1293024, "physicalid": "88392", "street_name": "DEEP WATER WAY", "borough": "bronx", "direction": "TW", "total_row_ft": 52.9, "roadbed_ft": 22.9, "median_ft": 0.0, "left_sw_ft": 15.0, "right_sw_ft": 15.0}, "geometry": {"type": "LineString", "coordinates": [[-73.78232816965705, 40.846378860613314], [-73.78243356850822, 40.84669835244448]]}}, {"type": "Feature", "properties": {"segment_id": 1293025, "physicalid": "88392", "street_name": "DEEP WATER WAY", "borough": "bronx", "direction": "TW", "total_row_ft": 69.6, "roadbed_ft": 39.6, "median_ft": 0.0, "left_sw_ft": 15.0, "right_sw_ft": 15.0}, "geometry": {"type": "LineString", "coordinates": [[-73.78239829055444, 40.84636552096842], [-73.78250368972125, 40.84668501273628]]}}, {"type": "Feature", "properties": {"segment_id": 1293026, "physicalid": "88392", "street_name": "DEEP WATER WAY", "borough": "bronx", "direction": "TW", "total_row_ft": 70.3, "roadbed_ft": 40.3, "median_ft": 0.0, "left_sw_ft": 15.0, "right_sw_ft": 15.0}, "geometry": {"type": "LineString", "coordinates": [[-73.7824684114237, 40.846352181280885], [-73.78257381090617, 40.84667167298541]]}}, {"type": "Feature", "properties": {"segment_id": 1293027, "physicalid": "88392", "street_name": "DEEP WATER WAY", "borough": "bronx", "direction": "TW", "total_row_ft": 90.9, "roadbed_ft": 60.9, "median_ft": 0.0, "left_sw_ft": 15.0, "right_sw_ft": 15.0}, "geometry": {"type": "LineString", "coordinates": [[-73.78253853226484, 40.8463388415507], [-73.78264393206294, 40.84665833319188]]}}, {"type": "Feature", "properties": {"segment_id": 1293028, "physicalid": "88393", "street_name": "DEEP WATER WAY", "borough": "bronx", "direction": "TW", "total_row_ft": 44.5, "roadbed_ft": 26.2, "median_ft": 0.0, "left_sw_ft": 15.0, "right_sw_ft": 3.3}, "geometry": {"type": "LineString", "coordinates": [[-73.78265026112122, 40.846315011618465], [-73.78274059174132, 40.846524680041746]]}}, {"type": "Feature", "properties": {"segment_id": 1293029, "physicalid": "88393", "street_name": "DEEP WATER WAY", "borough": "bronx", "direction": "TW", "total_row_ft": 43.8, "roadbed_ft": 24.6, "median_ft": 0.0, "left_sw_ft": 15.0, "right_sw_ft": 4.3}, "geometry": {"type": "LineString", "coordinates": [[-73.78271896537969, 40.846297942632894], [-73.78280004585183, 40.84648613994451]]}}, {"type": "Feature", "properties": {"segment_id": 1293030, "physicalid": "88393", "street_name": "DEEP WATER WAY", "borough": "bronx", "direction": "TW", "total_row_ft": 70.7, "roadbed_ft": 50.2, "median_ft": 0.0, "left_sw_ft": 15.0, "right_sw_ft": 5.5}, "geometry": {"type": "LineString", "coordinates": [[-73.78278766960291, 40.84628087360637], [-73.7828654681866, 40.846461452858456]]}}, {"type": "Feature", "properties": {"segment_id": 1293031, "physicalid": "88393", "street_name": "DEEP WATER WAY", "borough": "bronx", "direction": "TW", "total_row_ft": 51.7, "roadbed_ft": 28.1, "median_ft": 0.0, "left_sw_ft": 19.7, "right_sw_ft": 3.8}, "geometry": {"type": "LineString", "coordinates": [[-73.78287402605218, 40.846304777413266], [-73.78293209227972, 40.84643955524988]]}}, {"type": "Feature", "properties": {"segment_id": 1293032, "physicalid": "88393", "street_name": "DEEP WATER WAY", "borough": "bronx", "direction": "TW", "total_row_ft": 33.4, "roadbed_ft": 23.8, "median_ft": 0.0, "left_sw_ft": 5.6, "right_sw_ft": 4.0}, "geometry": {"type": "LineString", "coordinates": [[-73.78296312340187, 40.84633504291976], [-73.78300070570724, 40.846422275138835]]}}, {"type": "Feature", "properties": {"segment_id": 1293033, "physicalid": "88393", "street_name": "DEEP WATER WAY", "borough": "bronx", "direction": "TW", "total_row_ft": 32.5, "roadbed_ft": 22.6, "median_ft": 0.0, "left_sw_ft": 5.7, "right_sw_ft": 4.1}, "geometry": {"type": "LineString", "coordinates": [[-73.78303359587497, 40.84632207808152], [-73.78307007201343, 40.8464067425683]]}}, {"type": "Feature", "properties": {"segment_id": 1293034, "physicalid": "88393", "street_name": "DEEP WATER WAY", "borough": "bronx", "direction": "TW", "total_row_ft": 32.6, "roadbed_ft": 22.1, "median_ft": 0.0, "left_sw_ft": 5.9, "right_sw_ft": 4.6}, "geometry": {"type": "LineString", "coordinates": [[-73.7831040683206, 40.84630911320017], [-73.78314070397906, 40.846394147732454]]}}, {"type": "Feature", "properties": {"segment_id": 1293035, "physicalid": "88393", "street_name": "DEEP WATER WAY", "borough": "bronx", "direction": "TW", "total_row_ft": 32.7, "roadbed_ft": 21.8, "median_ft": 0.0, "left_sw_ft": 5.9, "right_sw_ft": 5.0}, "geometry": {"type": "LineString", "coordinates": [[-73.78317458816193, 40.84629625834893], [-73.78321133591797, 40.84638155285332]]}}, {"type": "Feature", "properties": {"segment_id": 1293036, "physicalid": "88393", "street_name": "DEEP WATER WAY", "borough": "bronx", "direction": "TW", "total_row_ft": 32.8, "roadbed_ft": 21.6, "median_ft": 0.0, "left_sw_ft": 5.8, "right_sw_ft": 5.3}, "geometry": {"type": "LineString", "coordinates": [[-73.78324511998315, 40.84628343132407], [-73.7832819678301, 40.84636895793091]]}}, {"type": "Feature", "properties": {"segment_id": 1293037, "physicalid": "88394", "street_name": "DEEP WATER WAY", "borough": "bronx", "direction": "TW", "total_row_ft": 37.7, "roadbed_ft": 22.0, "median_ft": 0.0, "left_sw_ft": 10.0, "right_sw_ft": 5.7}, "geometry": {"type": "LineString", "coordinates": [[-73.78338076521554, 40.84615819012069], [-73.78344423286791, 40.84634002304702]]}}, {"type": "Feature", "properties": {"segment_id": 1293038, "physicalid": "88394", "street_name": "DEEP WATER WAY", "borough": "bronx", "direction": "TW", "total_row_ft": 37.8, "roadbed_ft": 22.3, "median_ft": 0.0, "left_sw_ft": 9.7, "right_sw_ft": 5.9}, "geometry": {"type": "LineString", "coordinates": [[-73.78345251069321, 40.84614948559541], [-73.78351463486928, 40.846327468948004]]}}, {"type": "Feature", "properties": {"segment_id": 1293260, "physicalid": "88415", "street_name": "FORDHAM ST", "borough": "bronx", "direction": "TW", "total_row_ft": 46.8, "roadbed_ft": 27.4, "median_ft": 0.0, "left_sw_ft": 10.7, "right_sw_ft": 8.8}, "geometry": {"type": "LineString", "coordinates": [[-73.79000191544058, 40.846573266100016], [-73.78995729278537, 40.84644931059067]]}}, {"type": "Feature", "properties": {"segment_id": 1293261, "physicalid": "88415", "street_name": "FORDHAM ST", "borough": "bronx", "direction": "TW", "total_row_ft": 43.3, "roadbed_ft": 27.7, "median_ft": 0.0, "left_sw_ft": 6.9, "right_sw_ft": 8.7}, "geometry": {"type": "LineString", "coordinates": [[-73.78992861265215, 40.84657781509238], [-73.78988735224743, 40.84646319909339]]}}, {"type": "Feature", "properties": {"segment_id": 1293262, "physicalid": "88415", "street_name": "FORDHAM ST", "borough": "bronx", "direction": "TW", "total_row_ft": 44.0, "roadbed_ft": 28.0, "median_ft": 0.0, "left_sw_ft": 7.3, "right_sw_ft": 8.7}, "geometry": {"type": "LineString", "coordinates": [[-73.78985933514765, 40.84659354579148], [-73.78981741168029, 40.84647708755368]]}}, {"type": "Feature", "properties": {"segment_id": 1293263, "physicalid": "88415", "street_name": "FORDHAM ST", "borough": "bronx", "direction": "TW", "total_row_ft": 44.7, "roadbed_ft": 27.9, "median_ft": 0.0, "left_sw_ft": 7.7, "right_sw_ft": 9.1}, "geometry": {"type": "LineString", "coordinates": [[-73.78979005764374, 40.846609276541535], [-73.78974747108394, 40.84649097597152]]}}, {"type": "Feature", "properties": {"segment_id": 1293264, "physicalid": "88415", "street_name": "FORDHAM ST", "borough": "bronx", "direction": "TW", "total_row_ft": 44.9, "roadbed_ft": 27.8, "median_ft": 0.0, "left_sw_ft": 8.1, "right_sw_ft": 9.0}, "geometry": {"type": "LineString", "coordinates": [[-73.78972078010776, 40.84662500725187], [-73.78967796436157, 40.84650606968587]]}}, {"type": "Feature", "properties": {"segment_id": 1293265, "physicalid": "88415", "street_name": "FORDHAM ST", "borough": "bronx", "direction": "TW", "total_row_ft": 45.1, "roadbed_ft": 27.9, "median_ft": 0.0, "left_sw_ft": 8.4, "right_sw_ft": 8.8}, "geometry": {"type": "LineString", "coordinates": [[-73.789651502539, 40.84664073792055], [-73.7896085619393, 40.84652145318181]]}}, {"type": "Feature", "properties": {"segment_id": 1293266, "physicalid": "88415", "street_name": "FORDHAM ST", "borough": "bronx", "direction": "TW", "total_row_ft": 45.2, "roadbed_ft": 28.0, "median_ft": 0.0, "left_sw_ft": 8.6, "right_sw_ft": 8.6}, "geometry": {"type": "LineString", "coordinates": [[-73.78958222493748, 40.84665646854755], [-73.78953915949047, 40.846536836651396]]}}, {"type": "Feature", "properties": {"segment_id": 1293267, "physicalid": "88415", "street_name": "FORDHAM ST", "borough": "bronx", "direction": "TW", "total_row_ft": 45.3, "roadbed_ft": 27.9, "median_ft": 0.0, "left_sw_ft": 8.8, "right_sw_ft": 8.5}, "geometry": {"type": "LineString", "coordinates": [[-73.7895129473032, 40.846672199132946], [-73.78946975700954, 40.84655222007914]]}}, {"type": "Feature", "properties": {"segment_id": 1293268, "physicalid": "88415", "street_name": "FORDHAM ST", "borough": "bronx", "direction": "TW", "total_row_ft": 45.4, "roadbed_ft": 27.8, "median_ft": 0.0, "left_sw_ft": 9.0, "right_sw_ft": 8.6}, "geometry": {"type": "LineString", "coordinates": [[-73.78944353385923, 40.846687552499276], [-73.78940030108586, 40.846567455094004]]}}, {"type": "Feature", "properties": {"segment_id": 1293269, "physicalid": "88415", "street_name": "FORDHAM ST", "borough": "bronx", "direction": "TW", "total_row_ft": 44.8, "roadbed_ft": 27.7, "median_ft": 0.0, "left_sw_ft": 8.3, "right_sw_ft": 8.9}, "geometry": {"type": "LineString", "coordinates": [[-73.78937335815912, 40.84670078842022], [-73.78933062252867, 40.84658207169325]]}}, {"type": "Feature", "properties": {"segment_id": 1293270, "physicalid": "88415", "street_name": "FORDHAM ST", "borough": "bronx", "direction": "TW", "total_row_ft": 44.3, "roadbed_ft": 27.6, "median_ft": 0.0, "left_sw_ft": 7.6, "right_sw_ft": 9.2}, "geometry": {"type": "LineString", "coordinates": [[-73.7893031824311, 40.84671402429846], [-73.78926094394086, 40.84659668825036]]}}, {"type": "Feature", "properties": {"segment_id": 1293271, "physicalid": "88415", "street_name": "FORDHAM ST", "borough": "bronx", "direction": "TW", "total_row_ft": 43.8, "roadbed_ft": 27.5, "median_ft": 0.0, "left_sw_ft": 6.9, "right_sw_ft": 9.4}, "geometry": {"type": "LineString", "coordinates": [[-73.78923300667516, 40.84672726013396], [-73.78919126532243, 40.84661130476535]]}}, {"type": "Feature", "properties": {"segment_id": 1293272, "physicalid": "88415", "street_name": "FORDHAM ST", "borough": "bronx", "direction": "TW", "total_row_ft": 43.3, "roadbed_ft": 27.9, "median_ft": 0.0, "left_sw_ft": 6.2, "right_sw_ft": 9.1}, "geometry": {"type": "LineString", "coordinates": [[-73.78916283089958, 40.846740495949824], [-73.78912158657538, 40.84662592096599]]}}, {"type": "Feature", "properties": {"segment_id": 1293273, "physicalid": "88415", "street_name": "FORDHAM ST", "borough": "bronx", "direction": "TW", "total_row_ft": 42.7, "roadbed_ft": 28.3, "median_ft": 0.0, "left_sw_ft": 5.6, "right_sw_ft": 8.8}, "geometry": {"type": "LineString", "coordinates": [[-73.78909265511015, 40.846753731762], [-73.78905192896231, 40.84664059591915]]}}, {"type": "Feature", "properties": {"segment_id": 1293274, "physicalid": "88416", "street_name": "FORDHAM ST", "borough": "bronx", "direction": "TW", "total_row_ft": 46.5, "roadbed_ft": 31.5, "median_ft": 0.0, "left_sw_ft": 6.5, "right_sw_ft": 8.4}, "geometry": {"type": "LineString", "coordinates": [[-73.78896579304312, 40.846791149365124], [-73.78892216846813, 40.84666800604854]]}}, {"type": "Feature", "properties": {"segment_id": 1293275, "physicalid": "88416", "street_name": "FORDHAM ST", "borough": "bronx", "direction": "TW", "total_row_ft": 46.3, "roadbed_ft": 27.2, "median_ft": 0.0, "left_sw_ft": 10.5, "right_sw_ft": 8.6}, "geometry": {"type": "LineString", "coordinates": [[-73.78889603621676, 40.84680554970742], [-73.78885252209737, 40.84668271782209]]}}, {"type": "Feature", "properties": {"segment_id": 1293276, "physicalid": "88416", "street_name": "FORDHAM ST", "borough": "bronx", "direction": "TW", "total_row_ft": 46.2, "roadbed_ft": 27.2, "median_ft": 0.0, "left_sw_ft": 10.3, "right_sw_ft": 8.7}, "geometry": {"type": "LineString", "coordinates": [[-73.78882627936018, 40.84681995000747], [-73.78878287567044, 40.846697429481964]]}}, {"type": "Feature", "properties": {"segment_id": 1293277, "physicalid": "88416", "street_name": "FORDHAM ST", "borough": "bronx", "direction": "TW", "total_row_ft": 84.2, "roadbed_ft": 28.8, "median_ft": 0.0, "left_sw_ft": 10.1, "right_sw_ft": 45.3}, "geometry": {"type": "LineString", "coordinates": [[-73.78875652247342, 40.846834350265276], [-73.78867749195513, 40.84661126083305]]}}, {"type": "Feature", "properties": {"segment_id": 1293278, "physicalid": "88417", "street_name": "FORDHAM ST", "borough": "bronx", "direction": "TW", "total_row_ft": 84.1, "roadbed_ft": 30.7, "median_ft": 0.0, "left_sw_ft": 9.8, "right_sw_ft": 43.7}, "geometry": {"type": "LineString", "coordinates": [[-73.78863503299945, 40.84685942982029], [-73.78855291158047, 40.846637179290134]]}}, {"type": "Feature", "properties": {"segment_id": 1293279, "physicalid": "88417", "street_name": "FORDHAM ST", "borough": "bronx", "direction": "TW", "total_row_ft": 46.9, "roadbed_ft": 26.6, "median_ft": 0.0, "left_sw_ft": 9.5, "right_sw_ft": 10.8}, "geometry": {"type": "LineString", "coordinates": [[-73.78856527397025, 40.846873830387544], [-73.78851949864308, 40.84674994548581]]}}, {"type": "Feature", "properties": {"segment_id": 1293280, "physicalid": "88417", "street_name": "FORDHAM ST", "borough": "bronx", "direction": "TW", "total_row_ft": 46.8, "roadbed_ft": 26.6, "median_ft": 0.0, "left_sw_ft": 9.3, "right_sw_ft": 10.9}, "geometry": {"type": "LineString", "coordinates": [[-73.78849551491082, 40.846888230912576], [-73.78844980943077, 40.84676453469158]]}}, {"type": "Feature", "properties": {"segment_id": 1293281, "physicalid": "88417", "street_name": "FORDHAM ST", "borough": "bronx", "direction": "TW", "total_row_ft": 46.7, "roadbed_ft": 26.6, "median_ft": 0.0, "left_sw_ft": 9.1, "right_sw_ft": 11.0}, "geometry": {"type": "LineString", "coordinates": [[-73.78842575582118, 40.84690263139538], [-73.7883801201879, 40.846779123855214]]}}, {"type": "Feature", "properties": {"segment_id": 1293282, "physicalid": "88417", "street_name": "FORDHAM ST", "borough": "bronx", "direction": "TW", "total_row_ft": 46.7, "roadbed_ft": 26.6, "median_ft": 0.0, "left_sw_ft": 9.0, "right_sw_ft": 11.1}, "geometry": {"type": "LineString", "coordinates": [[-73.78835599665142, 40.84691703170084], [-73.78831043086741, 40.84679371284945]]}}, {"type": "Feature", "properties": {"segment_id": 1293283, "physicalid": "88417", "street_name": "FORDHAM ST", "borough": "bronx", "direction": "TW", "total_row_ft": 46.8, "roadbed_ft": 26.7, "median_ft": 0.0, "left_sw_ft": 9.0, "right_sw_ft": 11.1}, "geometry": {"type": "LineString", "coordinates": [[-73.78828645052458, 40.84693200862389], [-73.78824074150512, 40.84680830177112]]}}, {"type": "Feature", "properties": {"segment_id": 1293284, "physicalid": "88417", "street_name": "FORDHAM ST", "borough": "bronx", "direction": "TW", "total_row_ft": 46.9, "roadbed_ft": 26.8, "median_ft": 0.0, "left_sw_ft": 9.1, "right_sw_ft": 10.9}, "geometry": {"type": "LineString", "coordinates": [[-73.78821694313432, 40.846947090426426], [-73.78817112634701, 40.84682309156049]]}}, {"type": "Feature", "properties": {"segment_id": 1293285, "physicalid": "88417", "street_name": "FORDHAM ST", "borough": "bronx", "direction": "TW", "total_row_ft": 47.0, "roadbed_ft": 27.0, "median_ft": 0.0, "left_sw_ft": 9.2, "right_sw_ft": 10.8}, "geometry": {"type": "LineString", "coordinates": [[-73.78814743565067, 40.84696217201968], [-73.78810155360576, 40.84683799618939]]}}, {"type": "Feature", "properties": {"segment_id": 1293286, "physicalid": "88417", "street_name": "FORDHAM ST", "borough": "bronx", "direction": "TW", "total_row_ft": 47.1, "roadbed_ft": 27.0, "median_ft": 0.0, "left_sw_ft": 9.4, "right_sw_ft": 10.7}, "geometry": {"type": "LineString", "coordinates": [[-73.78807792810629, 40.8469772534919], [-73.78803198083334, 40.8468529007763]]}}, {"type": "Feature", "properties": {"segment_id": 1293287, "physicalid": "88417", "street_name": "FORDHAM ST", "borough": "bronx", "direction": "TW", "total_row_ft": 47.1, "roadbed_ft": 26.9, "median_ft": 0.0, "left_sw_ft": 9.5, "right_sw_ft": 10.8}, "geometry": {"type": "LineString", "coordinates": [[-73.7880084205304, 40.846992334922206], [-73.78796240802973, 40.846867805321196]]}}, {"type": "Feature", "properties": {"segment_id": 1293288, "physicalid": "88417", "street_name": "FORDHAM ST", "borough": "bronx", "direction": "TW", "total_row_ft": 47.2, "roadbed_ft": 26.7, "median_ft": 0.0, "left_sw_ft": 9.6, "right_sw_ft": 10.9}, "geometry": {"type": "LineString", "coordinates": [[-73.78793891292298, 40.847007416310596], [-73.78789283519494, 40.846882709824115]]}}, {"type": "Feature", "properties": {"segment_id": 1293289, "physicalid": "88417", "street_name": "FORDHAM ST", "borough": "bronx", "direction": "TW", "total_row_ft": 47.2, "roadbed_ft": 26.6, "median_ft": 0.0, "left_sw_ft": 9.7, "right_sw_ft": 10.9}, "geometry": {"type": "LineString", "coordinates": [[-73.78786939497829, 40.847022469765136], [-73.78782326232897, 40.84689761428503]]}}, {"type": "Feature", "properties": {"segment_id": 1293290, "physicalid": "88417", "street_name": "FORDHAM ST", "borough": "bronx", "direction": "TW", "total_row_ft": 47.4, "roadbed_ft": 26.5, "median_ft": 0.0, "left_sw_ft": 9.8, "right_sw_ft": 11.1}, "geometry": {"type": "LineString", "coordinates": [[-73.78779987059114, 40.84703750582673], [-73.78775356499168, 40.846912181911854]]}}, {"type": "Feature", "properties": {"segment_id": 1293291, "physicalid": "88417", "street_name": "FORDHAM ST", "borough": "bronx", "direction": "TW", "total_row_ft": 48.0, "roadbed_ft": 26.4, "median_ft": 0.0, "left_sw_ft": 9.9, "right_sw_ft": 11.7}, "geometry": {"type": "LineString", "coordinates": [[-73.78773034612823, 40.84705254172638], [-73.78768351387117, 40.84692579207704]]}}, {"type": "Feature", "properties": {"segment_id": 1293292, "physicalid": "88417", "street_name": "FORDHAM ST", "borough": "bronx", "direction": "TW", "total_row_ft": 48.5, "roadbed_ft": 26.3, "median_ft": 0.0, "left_sw_ft": 10.0, "right_sw_ft": 12.2}, "geometry": {"type": "LineString", "coordinates": [[-73.78766082163386, 40.84706757758406], [-73.78761346272199, 40.84693940219965]]}}, {"type": "Feature", "properties": {"segment_id": 1293293, "physicalid": "88417", "street_name": "FORDHAM ST", "borough": "bronx", "direction": "TW", "total_row_ft": 49.0, "roadbed_ft": 26.4, "median_ft": 0.0, "left_sw_ft": 10.0, "right_sw_ft": 12.6}, "geometry": {"type": "LineString", "coordinates": [[-73.78759129710808, 40.84708261339982], [-73.78754341154416, 40.84695301227968]]}}, {"type": "Feature", "properties": {"segment_id": 1293294, "physicalid": "88417", "street_name": "FORDHAM ST", "borough": "bronx", "direction": "TW", "total_row_ft": 49.4, "roadbed_ft": 26.6, "median_ft": 0.0, "left_sw_ft": 10.1, "right_sw_ft": 12.7}, "geometry": {"type": "LineString", "coordinates": [[-73.78752177255085, 40.84709764917363], [-73.78747351630987, 40.84696704445424]]}}, {"type": "Feature", "properties": {"segment_id": 1293295, "physicalid": "88417", "street_name": "FORDHAM ST", "borough": "bronx", "direction": "TW", "total_row_ft": 49.1, "roadbed_ft": 26.7, "median_ft": 0.0, "left_sw_ft": 10.2, "right_sw_ft": 12.2}, "geometry": {"type": "LineString", "coordinates": [[-73.78745214926143, 40.847112417773246], [-73.78740423213925, 40.846982730507996]]}}, {"type": "Feature", "properties": {"segment_id": 1293296, "physicalid": "88417", "street_name": "FORDHAM ST", "borough": "bronx", "direction": "TW", "total_row_ft": 48.2, "roadbed_ft": 26.8, "median_ft": 0.0, "left_sw_ft": 9.8, "right_sw_ft": 11.7}, "geometry": {"type": "LineString", "coordinates": [[-73.78738205895623, 40.84712592243944], [-73.78733494793595, 40.846998416520094]]}}, {"type": "Feature", "properties": {"segment_id": 1293297, "physicalid": "88417", "street_name": "FORDHAM ST", "borough": "bronx", "direction": "TW", "total_row_ft": 47.4, "roadbed_ft": 26.9, "median_ft": 0.0, "left_sw_ft": 9.4, "right_sw_ft": 11.2}, "geometry": {"type": "LineString", "coordinates": [[-73.78731196862257, 40.847139427062984], [-73.78726566369997, 40.84701410249057]]}}, {"type": "Feature", "properties": {"segment_id": 1293298, "physicalid": "88417", "street_name": "FORDHAM ST", "borough": "bronx", "direction": "TW", "total_row_ft": 46.6, "roadbed_ft": 27.0, "median_ft": 0.0, "left_sw_ft": 9.0, "right_sw_ft": 10.7}, "geometry": {"type": "LineString", "coordinates": [[-73.78724187826046, 40.84715293164394], [-73.78719637943132, 40.847029788419356]]}}, {"type": "Feature", "properties": {"segment_id": 1293299, "physicalid": "88417", "street_name": "FORDHAM ST", "borough": "bronx", "direction": "TW", "total_row_ft": 45.8, "roadbed_ft": 27.1, "median_ft": 0.0, "left_sw_ft": 8.6, "right_sw_ft": 10.1}, "geometry": {"type": "LineString", "coordinates": [[-73.78717178786988, 40.84716643618225], [-73.78712709512999, 40.8470454743065]]}}, {"type": "Feature", "properties": {"segment_id": 1293300, "physicalid": "88417", "street_name": "FORDHAM ST", "borough": "bronx", "direction": "TW", "total_row_ft": 45.2, "roadbed_ft": 27.3, "median_ft": 0.0, "left_sw_ft": 8.4, "right_sw_ft": 9.5}, "geometry": {"type": "LineString", "coordinates": [[-73.78710189974893, 40.84718048820267], [-73.78705781079599, 40.84706116015199]]}}, {"type": "Feature", "properties": {"segment_id": 1293301, "physicalid": "88417", "street_name": "FORDHAM ST", "borough": "bronx", "direction": "TW", "total_row_ft": 45.0, "roadbed_ft": 27.4, "median_ft": 0.0, "left_sw_ft": 8.2, "right_sw_ft": 9.4}, "geometry": {"type": "LineString", "coordinates": [[-73.78703208440194, 40.84719473722569], [-73.78698813871391, 40.847075796587724]]}}, {"type": "Feature", "properties": {"segment_id": 1293302, "physicalid": "88417", "street_name": "FORDHAM ST", "borough": "bronx", "direction": "TW", "total_row_ft": 45.0, "roadbed_ft": 27.6, "median_ft": 0.0, "left_sw_ft": 8.1, "right_sw_ft": 9.3}, "geometry": {"type": "LineString", "coordinates": [[-73.78696226902505, 40.847208986206425], [-73.78691837190217, 40.8470901766738]]}}, {"type": "Feature", "properties": {"segment_id": 1293303, "physicalid": "88417", "street_name": "FORDHAM ST", "borough": "bronx", "direction": "TW", "total_row_ft": 44.9, "roadbed_ft": 27.6, "median_ft": 0.0, "left_sw_ft": 8.1, "right_sw_ft": 9.2}, "geometry": {"type": "LineString", "coordinates": [[-73.78689245360687, 40.847223235114086], [-73.78684860506027, 40.84710455671764]]}}, {"type": "Feature", "properties": {"segment_id": 1293304, "physicalid": "88417", "street_name": "FORDHAM ST", "borough": "bronx", "direction": "TW", "total_row_ft": 44.9, "roadbed_ft": 27.5, "median_ft": 0.0, "left_sw_ft": 8.2, "right_sw_ft": 9.1}, "geometry": {"type": "LineString", "coordinates": [[-73.78682263815315, 40.84723748396424], [-73.78677883816349, 40.847118936652315]]}}, {"type": "Feature", "properties": {"segment_id": 1293305, "physicalid": "88417", "street_name": "FORDHAM ST", "borough": "bronx", "direction": "TW", "total_row_ft": 44.8, "roadbed_ft": 27.4, "median_ft": 0.0, "left_sw_ft": 8.4, "right_sw_ft": 9.0}, "geometry": {"type": "LineString", "coordinates": [[-73.78675282266953, 40.84725173277211], [-73.78670907119945, 40.84713331644445]]}}, {"type": "Feature", "properties": {"segment_id": 1293306, "physicalid": "88417", "street_name": "FORDHAM ST", "borough": "bronx", "direction": "TW", "total_row_ft": 44.8, "roadbed_ft": 25.6, "median_ft": 0.0, "left_sw_ft": 8.5, "right_sw_ft": 10.7}, "geometry": {"type": "LineString", "coordinates": [[-73.78668300715599, 40.847265981537674], [-73.78663930420528, 40.847147696194334]]}}, {"type": "Feature", "properties": {"segment_id": 1293307, "physicalid": "88417", "street_name": "FORDHAM ST", "borough": "bronx", "direction": "TW", "total_row_ft": 120.0, "roadbed_ft": 31.1, "median_ft": 0.0, "left_sw_ft": 45.4, "right_sw_ft": 43.5}, "geometry": {"type": "LineString", "coordinates": [[-73.78665166116218, 40.84738435094088], [-73.78653449508377, 40.84706723122698]]}}, {"type": "Feature", "properties": {"segment_id": 1293308, "physicalid": "88418", "street_name": "FORDHAM ST", "borough": "bronx", "direction": "TW", "total_row_ft": 150.0, "roadbed_ft": 120.0, "median_ft": 0.0, "left_sw_ft": 15.0, "right_sw_ft": 15.0}, "geometry": {"type": "LineString", "coordinates": [[-73.78650223354596, 40.8474167623918], [-73.7863792996936, 40.847100904268814]]}}, {"type": "Feature", "properties": {"segment_id": 1293309, "physicalid": "88418", "street_name": "FORDHAM ST", "borough": "bronx", "direction": "TW", "total_row_ft": 120.0, "roadbed_ft": 24.7, "median_ft": 0.0, "left_sw_ft": 47.9, "right_sw_ft": 47.5}, "geometry": {"type": "LineString", "coordinates": [[-73.78643290906595, 40.84743232118469], [-73.78630997551403, 40.847116462988666]]}}, {"type": "Feature", "properties": {"segment_id": 1293310, "physicalid": "88418", "street_name": "FORDHAM ST", "borough": "bronx", "direction": "TW", "total_row_ft": 45.0, "roadbed_ft": 26.1, "median_ft": 0.0, "left_sw_ft": 8.5, "right_sw_ft": 10.3}, "geometry": {"type": "LineString", "coordinates": [[-73.78632376172236, 40.847345561580255], [-73.78627767627617, 40.84722715203088]]}}, {"type": "Feature", "properties": {"segment_id": 1293311, "physicalid": "88418", "street_name": "FORDHAM ST", "borough": "bronx", "direction": "TW", "total_row_ft": 46.1, "roadbed_ft": 27.7, "median_ft": 0.0, "left_sw_ft": 8.6, "right_sw_ft": 9.8}, "geometry": {"type": "LineString", "coordinates": [[-73.7862550871811, 40.84736279010283], [-73.78620784709247, 40.84724141355121]]}}, {"type": "Feature", "properties": {"segment_id": 1293312, "physicalid": "88418", "street_name": "FORDHAM ST", "borough": "bronx", "direction": "TW", "total_row_ft": 46.1, "roadbed_ft": 29.2, "median_ft": 0.0, "left_sw_ft": 8.6, "right_sw_ft": 8.3}, "geometry": {"type": "LineString", "coordinates": [[-73.78618641254928, 40.84738001844314], [-73.78613916680466, 40.84725862704093]]}}, {"type": "Feature", "properties": {"segment_id": 1293313, "physicalid": "88418", "street_name": "FORDHAM ST", "borough": "bronx", "direction": "TW", "total_row_ft": 48.4, "roadbed_ft": 29.6, "median_ft": 0.0, "left_sw_ft": 8.8, "right_sw_ft": 9.9}, "geometry": {"type": "LineString", "coordinates": [[-73.78611773780236, 40.84739724653815], [-73.78606818892446, 40.847269937208026]]}}, {"type": "Feature", "properties": {"segment_id": 1293314, "physicalid": "88419", "street_name": "FORDHAM ST", "borough": "bronx", "direction": "TW", "total_row_ft": 49.6, "roadbed_ft": 30.3, "median_ft": 0.0, "left_sw_ft": 9.2, "right_sw_ft": 10.0}, "geometry": {"type": "LineString", "coordinates": [[-73.78600564751875, 40.84742536625452], [-73.78595391115208, 40.847295039787554]]}}, {"type": "Feature", "properties": {"segment_id": 1293315, "physicalid": "88419", "street_name": "FORDHAM ST", "borough": "bronx", "direction": "TW", "total_row_ft": 50.0, "roadbed_ft": 30.8, "median_ft": 0.0, "left_sw_ft": 9.5, "right_sw_ft": 9.8}, "geometry": {"type": "LineString", "coordinates": [[-73.78593698352576, 40.847442591659984], [-73.78588477644215, 40.84731107909274]]}}, {"type": "Feature", "properties": {"segment_id": 1293316, "physicalid": "88419", "street_name": "FORDHAM ST", "borough": "bronx", "direction": "TW", "total_row_ft": 46.2, "roadbed_ft": 31.1, "median_ft": 0.0, "left_sw_ft": 5.8, "right_sw_ft": 9.4}, "geometry": {"type": "LineString", "coordinates": [[-73.78586385754527, 40.84744857711018], [-73.78581564150765, 40.84732711787475]]}}, {"type": "Feature", "properties": {"segment_id": 1293317, "physicalid": "88419", "street_name": "FORDHAM ST", "borough": "bronx", "direction": "TW", "total_row_ft": 46.2, "roadbed_ft": 31.3, "median_ft": 0.0, "left_sw_ft": 5.9, "right_sw_ft": 9.0}, "geometry": {"type": "LineString", "coordinates": [[-73.78579474984689, 40.84746468486148], [-73.78574650656395, 40.84734315667602]]}}, {"type": "Feature", "properties": {"segment_id": 1293318, "physicalid": "88419", "street_name": "FORDHAM ST", "borough": "bronx", "direction": "TW", "total_row_ft": 46.3, "roadbed_ft": 31.3, "median_ft": 0.0, "left_sw_ft": 6.1, "right_sw_ft": 8.9}, "geometry": {"type": "LineString", "coordinates": [[-73.78572564200688, 40.84748079229887], [-73.78567737167835, 40.84735919566617]]}}, {"type": "Feature", "properties": {"segment_id": 1293319, "physicalid": "88419", "street_name": "FORDHAM ST", "borough": "bronx", "direction": "TW", "total_row_ft": 46.3, "roadbed_ft": 31.3, "median_ft": 0.0, "left_sw_ft": 6.2, "right_sw_ft": 8.7}, "geometry": {"type": "LineString", "coordinates": [[-73.78565653413341, 40.847496899694846], [-73.78560823669254, 40.84737523444644]]}}, {"type": "Feature", "properties": {"segment_id": 1293320, "physicalid": "88419", "street_name": "FORDHAM ST", "borough": "bronx", "direction": "TW", "total_row_ft": 46.3, "roadbed_ft": 31.2, "median_ft": 0.0, "left_sw_ft": 6.5, "right_sw_ft": 8.6}, "geometry": {"type": "LineString", "coordinates": [[-73.78558742624972, 40.847513007107906], [-73.7855391016251, 40.847391273063536]]}}, {"type": "Feature", "properties": {"segment_id": 1293321, "physicalid": "88419", "street_name": "FORDHAM ST", "borough": "bronx", "direction": "TW", "total_row_ft": 46.3, "roadbed_ft": 31.0, "median_ft": 0.0, "left_sw_ft": 6.9, "right_sw_ft": 8.5}, "geometry": {"type": "LineString", "coordinates": [[-73.78551831412362, 40.84752910387685], [-73.78546996652433, 40.84740731163915]]}}, {"type": "Feature", "properties": {"segment_id": 1293322, "physicalid": "88419", "street_name": "FORDHAM ST", "borough": "bronx", "direction": "TW", "total_row_ft": 45.8, "roadbed_ft": 30.8, "median_ft": 0.0, "left_sw_ft": 7.1, "right_sw_ft": 7.9}, "geometry": {"type": "LineString", "coordinates": [[-73.78544901593995, 40.847544731991405], [-73.78540123462263, 40.847424365959]]}}, {"type": "Feature", "properties": {"segment_id": 1293323, "physicalid": "88419", "street_name": "FORDHAM ST", "borough": "bronx", "direction": "TW", "total_row_ft": 45.2, "roadbed_ft": 30.5, "median_ft": 0.0, "left_sw_ft": 7.3, "right_sw_ft": 7.4}, "geometry": {"type": "LineString", "coordinates": [[-73.78537971772371, 40.84756036006428], [-73.7853325545686, 40.84744155093681]]}}, {"type": "Feature", "properties": {"segment_id": 1293324, "physicalid": "88419", "street_name": "FORDHAM ST", "borough": "bronx", "direction": "TW", "total_row_ft": 44.6, "roadbed_ft": 30.4, "median_ft": 0.0, "left_sw_ft": 7.4, "right_sw_ft": 6.8}, "geometry": {"type": "LineString", "coordinates": [[-73.78531041947491, 40.84757598809548], [-73.78526387447907, 40.84745873587368]]}}, {"type": "Feature", "properties": {"segment_id": 1293325, "physicalid": "88420", "street_name": "FORDHAM ST", "borough": "bronx", "direction": "TW", "total_row_ft": 44.0, "roadbed_ft": 29.2, "median_ft": 0.0, "left_sw_ft": 7.7, "right_sw_ft": 7.1}, "geometry": {"type": "LineString", "coordinates": [[-73.78517450312928, 40.847606639591895], [-73.78512990150548, 40.84749084572053]]}}, {"type": "Feature", "properties": {"segment_id": 1293326, "physicalid": "88420", "street_name": "FORDHAM ST", "borough": "bronx", "direction": "TW", "total_row_ft": 43.9, "roadbed_ft": 28.7, "median_ft": 0.0, "left_sw_ft": 7.8, "right_sw_ft": 7.3}, "geometry": {"type": "LineString", "coordinates": [[-73.78510520477572, 40.847622267501585], [-73.7850606958314, 40.84750671393155]]}}, {"type": "Feature", "properties": {"segment_id": 1293327, "physicalid": "88420", "street_name": "FORDHAM ST", "borough": "bronx", "direction": "TW", "total_row_ft": 43.8, "roadbed_ft": 28.5, "median_ft": 0.0, "left_sw_ft": 7.9, "right_sw_ft": 7.3}, "geometry": {"type": "LineString", "coordinates": [[-73.78503590638958, 40.84763789536958], [-73.78499149012431, 40.84752258210102]]}}, {"type": "Feature", "properties": {"segment_id": 1293328, "physicalid": "88420", "street_name": "FORDHAM ST", "borough": "bronx", "direction": "TW", "total_row_ft": 43.8, "roadbed_ft": 28.2, "median_ft": 0.0, "left_sw_ft": 8.2, "right_sw_ft": 7.4}, "geometry": {"type": "LineString", "coordinates": [[-73.78496671009127, 40.84765378832056], [-73.78492228438418, 40.84753845022892]]}}, {"type": "Feature", "properties": {"segment_id": 1293329, "physicalid": "88420", "street_name": "FORDHAM ST", "borough": "bronx", "direction": "TW", "total_row_ft": 44.0, "roadbed_ft": 28.3, "median_ft": 0.0, "left_sw_ft": 8.3, "right_sw_ft": 7.5}, "geometry": {"type": "LineString", "coordinates": [[-73.78489759419618, 40.84766989005899], [-73.78485290827844, 40.84755387609543]]}}, {"type": "Feature", "properties": {"segment_id": 1293330, "physicalid": "88420", "street_name": "FORDHAM ST", "borough": "bronx", "direction": "TW", "total_row_ft": 44.6, "roadbed_ft": 28.4, "median_ft": 0.0, "left_sw_ft": 8.3, "right_sw_ft": 7.9}, "geometry": {"type": "LineString", "coordinates": [[-73.78482847814188, 40.84768599142948], [-73.78478317485397, 40.84756837432559]]}}, {"type": "Feature", "properties": {"segment_id": 1293331, "physicalid": "88420", "street_name": "FORDHAM ST", "borough": "bronx", "direction": "TW", "total_row_ft": 45.3, "roadbed_ft": 28.6, "median_ft": 0.0, "left_sw_ft": 8.3, "right_sw_ft": 8.4}, "geometry": {"type": "LineString", "coordinates": [[-73.78475936205412, 40.847702092758496], [-73.7847134086475, 40.84758278748295]]}}, {"type": "Feature", "properties": {"segment_id": 1293332, "physicalid": "88420", "street_name": "FORDHAM ST", "borough": "bronx", "direction": "TW", "total_row_ft": 46.0, "roadbed_ft": 28.8, "median_ft": 0.0, "left_sw_ft": 8.3, "right_sw_ft": 9.0}, "geometry": {"type": "LineString", "coordinates": [[-73.78469024627566, 40.84771819493596], [-73.78464352088886, 40.8475968850986]]}}, {"type": "Feature", "properties": {"segment_id": 1293333, "physicalid": "88420", "street_name": "FORDHAM ST", "borough": "bronx", "direction": "TW", "total_row_ft": 46.8, "roadbed_ft": 28.9, "median_ft": 0.0, "left_sw_ft": 8.3, "right_sw_ft": 9.6}, "geometry": {"type": "LineString", "coordinates": [[-73.78462113057161, 40.84773429735205], [-73.78457363310059, 40.847610982671874]]}}, {"type": "Feature", "properties": {"segment_id": 1293334, "physicalid": "88420", "street_name": "FORDHAM ST", "borough": "bronx", "direction": "TW", "total_row_ft": 47.4, "roadbed_ft": 29.1, "median_ft": 0.0, "left_sw_ft": 8.2, "right_sw_ft": 10.1}, "geometry": {"type": "LineString", "coordinates": [[-73.78455182395523, 40.84774990415956], [-73.7845037452827, 40.84762508020276]]}}, {"type": "Feature", "properties": {"segment_id": 1293335, "physicalid": "88420", "street_name": "FORDHAM ST", "borough": "bronx", "direction": "TW", "total_row_ft": 47.9, "roadbed_ft": 29.5, "median_ft": 0.0, "left_sw_ft": 7.9, "right_sw_ft": 10.5}, "geometry": {"type": "LineString", "coordinates": [[-73.78448243646504, 40.84776530104154], [-73.78443385749772, 40.84763917785362]]}}, {"type": "Feature", "properties": {"segment_id": 1293336, "physicalid": "88420", "street_name": "FORDHAM ST", "borough": "bronx", "direction": "TW", "total_row_ft": 48.1, "roadbed_ft": 29.8, "median_ft": 0.0, "left_sw_ft": 7.7, "right_sw_ft": 10.6}, "geometry": {"type": "LineString", "coordinates": [[-73.78441304894272, 40.847780697881745], [-73.7843642789374, 40.84765407836766]]}}, {"type": "Feature", "properties": {"segment_id": 1293337, "physicalid": "88421", "street_name": "FORDHAM ST", "borough": "bronx", "direction": "TW", "total_row_ft": 85.4, "roadbed_ft": 28.6, "median_ft": 0.0, "left_sw_ft": 46.2, "right_sw_ft": 10.6}, "geometry": {"type": "LineString", "coordinates": [[-73.78428076198277, 40.84791698371275], [-73.78419241649416, 40.847692305792776]]}}, {"type": "Feature", "properties": {"segment_id": 1293338, "physicalid": "88421", "street_name": "FORDHAM ST", "borough": "bronx", "direction": "TW", "total_row_ft": 45.7, "roadbed_ft": 29.2, "median_ft": 0.0, "left_sw_ft": 8.0, "right_sw_ft": 8.6}, "geometry": {"type": "LineString", "coordinates": [[-73.7841725624495, 40.84783367850019], [-73.78412525677268, 40.84771337145258]]}}, {"type": "Feature", "properties": {"segment_id": 1293339, "physicalid": "88421", "street_name": "FORDHAM ST", "borough": "bronx", "direction": "TW", "total_row_ft": 45.6, "roadbed_ft": 29.7, "median_ft": 0.0, "left_sw_ft": 7.5, "right_sw_ft": 8.5}, "geometry": {"type": "LineString", "coordinates": [[-73.78410330046776, 40.84784939808843], [-73.78405610091319, 40.84772936061217]]}}, {"type": "Feature", "properties": {"segment_id": 1293340, "physicalid": "88421", "street_name": "FORDHAM ST", "borough": "bronx", "direction": "TW", "total_row_ft": 82.4, "roadbed_ft": 31.4, "median_ft": 0.0, "left_sw_ft": 7.3, "right_sw_ft": 43.7}, "geometry": {"type": "LineString", "coordinates": [[-73.78403403842748, 40.84786511756936], [-73.78394886487465, 40.84764850406422]]}}, {"type": "Feature", "properties": {"segment_id": 1293341, "physicalid": "88422", "street_name": "FORDHAM ST", "borough": "bronx", "direction": "TW", "total_row_ft": 135.0, "roadbed_ft": 84.6, "median_ft": 0.0, "left_sw_ft": 15.0, "right_sw_ft": 35.4}, "geometry": {"type": "LineString", "coordinates": [[-73.78395423442055, 40.84799067005141], [-73.78383345268774, 40.84767433331052]]}}, {"type": "Feature", "properties": {"segment_id": 1293342, "physicalid": "88422", "street_name": "FORDHAM ST", "borough": "bronx", "direction": "TW", "total_row_ft": 55.1, "roadbed_ft": 30.2, "median_ft": 0.0, "left_sw_ft": 15.0, "right_sw_ft": 9.9}, "geometry": {"type": "LineString", "coordinates": [[-73.78388480428744, 40.84800595633336], [-73.78379969140586, 40.84778303880397]]}}, {"type": "Feature", "properties": {"segment_id": 1293343, "physicalid": "88422", "street_name": "FORDHAM ST", "borough": "bronx", "direction": "TW", "total_row_ft": 54.9, "roadbed_ft": 30.0, "median_ft": 0.0, "left_sw_ft": 15.0, "right_sw_ft": 9.9}, "geometry": {"type": "LineString", "coordinates": [[-73.78381537412238, 40.848021242573466], [-73.7837302339175, 40.84779825287276]]}}, {"type": "Feature", "properties": {"segment_id": 1293344, "physicalid": "88422", "street_name": "FORDHAM ST", "borough": "bronx", "direction": "TW", "total_row_ft": 54.8, "roadbed_ft": 29.9, "median_ft": 0.0, "left_sw_ft": 15.0, "right_sw_ft": 9.9}, "geometry": {"type": "LineString", "coordinates": [[-73.78374594392544, 40.84803652877173], [-73.78366077832388, 40.84781347194549]]}}, {"type": "Feature", "properties": {"segment_id": 1293345, "physicalid": "88422", "street_name": "FORDHAM ST", "borough": "bronx", "direction": "TW", "total_row_ft": 54.7, "roadbed_ft": 29.7, "median_ft": 0.0, "left_sw_ft": 15.0, "right_sw_ft": 9.9}, "geometry": {"type": "LineString", "coordinates": [[-73.78367651369662, 40.848051814928205], [-73.78359132099628, 40.84782868651814]]}}, {"type": "Feature", "properties": {"segment_id": 1293346, "physicalid": "88422", "street_name": "FORDHAM ST", "borough": "bronx", "direction": "TW", "total_row_ft": 55.2, "roadbed_ft": 30.3, "median_ft": 0.0, "left_sw_ft": 15.0, "right_sw_ft": 9.9}, "geometry": {"type": "LineString", "coordinates": [[-73.78360708343583, 40.848067101042815], [-73.78352186428614, 40.84784390274932]]}}, {"type": "Feature", "properties": {"segment_id": 1293347, "physicalid": "88422", "street_name": "FORDHAM ST", "borough": "bronx", "direction": "TW", "total_row_ft": 55.8, "roadbed_ft": 30.9, "median_ft": 0.0, "left_sw_ft": 15.0, "right_sw_ft": 9.9}, "geometry": {"type": "LineString", "coordinates": [[-73.78353765314314, 40.848082387115625], [-73.78345244662262, 40.847859221289845]]}}, {"type": "Feature", "properties": {"segment_id": 1293348, "physicalid": "88422", "street_name": "FORDHAM ST", "borough": "bronx", "direction": "TW", "total_row_ft": 56.3, "roadbed_ft": 31.4, "median_ft": 0.0, "left_sw_ft": 15.0, "right_sw_ft": 9.9}, "geometry": {"type": "LineString", "coordinates": [[-73.78346822281858, 40.84809767314656], [-73.78338306308481, 40.84787462925214]]}}, {"type": "Feature", "properties": {"segment_id": 1293349, "physicalid": "88422", "street_name": "FORDHAM ST", "borough": "bronx", "direction": "TW", "total_row_ft": 99.6, "roadbed_ft": 74.6, "median_ft": 0.0, "left_sw_ft": 15.0, "right_sw_ft": 9.9}, "geometry": {"type": "LineString", "coordinates": [[-73.78339879246207, 40.84811295913571], [-73.78331368028812, 40.84789003919787]]}}, {"type": "Feature", "properties": {"segment_id": 1293350, "physicalid": "88423", "street_name": "FORDHAM ST", "borough": "bronx", "direction": "TW", "total_row_ft": 59.7, "roadbed_ft": 34.7, "median_ft": 0.0, "left_sw_ft": 15.0, "right_sw_ft": 9.9}, "geometry": {"type": "LineString", "coordinates": [[-73.78329093441711, 40.84813683995659], [-73.78320492089726, 40.84791419096659]]}}, {"type": "Feature", "properties": {"segment_id": 1293351, "physicalid": "88423", "street_name": "FORDHAM ST", "borough": "bronx", "direction": "TW", "total_row_ft": 54.5, "roadbed_ft": 29.6, "median_ft": 0.0, "left_sw_ft": 15.0, "right_sw_ft": 9.9}, "geometry": {"type": "LineString", "coordinates": [[-73.78322156792464, 40.84815229233765], [-73.78313566883885, 40.84792993896562]]}}, {"type": "Feature", "properties": {"segment_id": 1293352, "physicalid": "88423", "street_name": "FORDHAM ST", "borough": "bronx", "direction": "TW", "total_row_ft": 54.9, "roadbed_ft": 30.0, "median_ft": 0.0, "left_sw_ft": 15.0, "right_sw_ft": 9.9}, "geometry": {"type": "LineString", "coordinates": [[-73.78315220139996, 40.84816774467695], [-73.78306646638937, 40.84794581542347]]}}, {"type": "Feature", "properties": {"segment_id": 1293353, "physicalid": "88423", "street_name": "FORDHAM ST", "borough": "bronx", "direction": "TW", "total_row_ft": 56.1, "roadbed_ft": 31.2, "median_ft": 0.0, "left_sw_ft": 15.0, "right_sw_ft": 9.9}, "geometry": {"type": "LineString", "coordinates": [[-73.78308283484304, 40.84818319697451], [-73.78299726390686, 40.84796169183977]]}}, {"type": "Feature", "properties": {"segment_id": 1293354, "physicalid": "88423", "street_name": "FORDHAM ST", "borough": "bronx", "direction": "TW", "total_row_ft": 57.4, "roadbed_ft": 32.5, "median_ft": 0.0, "left_sw_ft": 15.0, "right_sw_ft": 9.9}, "geometry": {"type": "LineString", "coordinates": [[-73.78301346825388, 40.8481986492303], [-73.78292806139133, 40.8479775682145]]}}, {"type": "Feature", "properties": {"segment_id": 1293355, "physicalid": "88423", "street_name": "FORDHAM ST", "borough": "bronx", "direction": "TW", "total_row_ft": 58.7, "roadbed_ft": 33.8, "median_ft": 0.0, "left_sw_ft": 15.0, "right_sw_ft": 9.9}, "geometry": {"type": "LineString", "coordinates": [[-73.78294410163251, 40.84821410144435], [-73.7828588588056, 40.84799344445154]]}}, {"type": "Feature", "properties": {"segment_id": 1293356, "physicalid": "88423", "street_name": "FORDHAM ST", "borough": "bronx", "direction": "TW", "total_row_ft": 59.3, "roadbed_ft": 34.4, "median_ft": 0.0, "left_sw_ft": 15.0, "right_sw_ft": 9.9}, "geometry": {"type": "LineString", "coordinates": [[-73.78287473497892, 40.848229553616626], [-73.78278906498288, 40.848007790264894]]}}, {"type": "Feature", "properties": {"segment_id": 1293357, "physicalid": "88423", "street_name": "FORDHAM ST", "borough": "bronx", "direction": "TW", "total_row_ft": 58.4, "roadbed_ft": 34.9, "median_ft": 0.0, "left_sw_ft": 15.0, "right_sw_ft": 8.5}, "geometry": {"type": "LineString", "coordinates": [[-73.7828053682931, 40.84824500574718], [-73.78272067879067, 40.848025779895906]]}}, {"type": "Feature", "properties": {"segment_id": 1293776, "physicalid": "88450", "street_name": "WILLIAM AVE", "borough": "bronx", "direction": "FT", "total_row_ft": 58.5, "roadbed_ft": 28.5, "median_ft": 0.0, "left_sw_ft": 15.0, "right_sw_ft": 15.0}, "geometry": {"type": "LineString", "coordinates": [[-73.78801154945666, 40.8446621240975], [-73.78759700534923, 40.84475896646915]]}}, {"type": "Feature", "properties": {"segment_id": 1293777, "physicalid": "88450", "street_name": "WILLIAM AVE", "borough": "bronx", "direction": "FT", "total_row_ft": 46.9, "roadbed_ft": 16.9, "median_ft": 0.0, "left_sw_ft": 15.0, "right_sw_ft": 15.0}, "geometry": {"type": "LineString", "coordinates": [[-73.78803280369192, 40.844714591699464], [-73.78761825928845, 40.844811434146635]]}}, {"type": "Feature", "properties": {"segment_id": 1293778, "physicalid": "88450", "street_name": "WILLIAM AVE", "borough": "bronx", "direction": "FT", "total_row_ft": 46.7, "roadbed_ft": 16.7, "median_ft": 0.0, "left_sw_ft": 15.0, "right_sw_ft": 15.0}, "geometry": {"type": "LineString", "coordinates": [[-73.78805405796068, 40.84476705929701], [-73.78763951326121, 40.84486390181973]]}}, {"type": "Feature", "properties": {"segment_id": 1293779, "physicalid": "88450", "street_name": "WILLIAM AVE", "borough": "bronx", "direction": "FT", "total_row_ft": 46.6, "roadbed_ft": 16.6, "median_ft": 0.0, "left_sw_ft": 15.0, "right_sw_ft": 15.0}, "geometry": {"type": "LineString", "coordinates": [[-73.78807531226299, 40.844819526890234], [-73.7876607672675, 40.8449163694884]]}}, {"type": "Feature", "properties": {"segment_id": 1293780, "physicalid": "88450", "street_name": "WILLIAM AVE", "borough": "bronx", "direction": "FT", "total_row_ft": 46.4, "roadbed_ft": 16.4, "median_ft": 0.0, "left_sw_ft": 15.0, "right_sw_ft": 15.0}, "geometry": {"type": "LineString", "coordinates": [[-73.78809656659882, 40.844871994479035], [-73.78768202130729, 40.8449688371527]]}}, {"type": "Feature", "properties": {"segment_id": 1293781, "physicalid": "88450", "street_name": "WILLIAM AVE", "borough": "bronx", "direction": "FT", "total_row_ft": 46.5, "roadbed_ft": 16.5, "median_ft": 0.0, "left_sw_ft": 15.0, "right_sw_ft": 15.0}, "geometry": {"type": "LineString", "coordinates": [[-73.78811782096818, 40.84492446206341], [-73.78770327538066, 40.84502130481266]]}}, {"type": "Feature", "properties": {"segment_id": 1293782, "physicalid": "88450", "street_name": "WILLIAM AVE", "borough": "bronx", "direction": "FT", "total_row_ft": 46.9, "roadbed_ft": 16.9, "median_ft": 0.0, "left_sw_ft": 15.0, "right_sw_ft": 15.0}, "geometry": {"type": "LineString", "coordinates": [[-73.78813907537108, 40.84497692964345], [-73.7877245294875, 40.84507377246813]]}}, {"type": "Feature", "properties": {"segment_id": 1293783, "physicalid": "88450", "street_name": "WILLIAM AVE", "borough": "bronx", "direction": "FT", "total_row_ft": 46.9, "roadbed_ft": 16.9, "median_ft": 0.0, "left_sw_ft": 15.0, "right_sw_ft": 15.0}, "geometry": {"type": "LineString", "coordinates": [[-73.7881603298075, 40.84502939721909], [-73.7877457836279, 40.84512624011926]]}}, {"type": "Feature", "properties": {"segment_id": 1293784, "physicalid": "88450", "street_name": "WILLIAM AVE", "borough": "bronx", "direction": "FT", "total_row_ft": 46.8, "roadbed_ft": 16.8, "median_ft": 0.0, "left_sw_ft": 15.0, "right_sw_ft": 15.0}, "geometry": {"type": "LineString", "coordinates": [[-73.78818158427744, 40.84508186479027], [-73.78776703780184, 40.845178707766024]]}}, {"type": "Feature", "properties": {"segment_id": 1293785, "physicalid": "88450", "street_name": "WILLIAM AVE", "borough": "bronx", "direction": "FT", "total_row_ft": 46.8, "roadbed_ft": 16.8, "median_ft": 0.0, "left_sw_ft": 15.0, "right_sw_ft": 15.0}, "geometry": {"type": "LineString", "coordinates": [[-73.78820283878092, 40.84513433235715], [-73.78778829200927, 40.84523117540836]]}}, {"type": "Feature", "properties": {"segment_id": 1293786, "physicalid": "88450", "street_name": "WILLIAM AVE", "borough": "bronx", "direction": "FT", "total_row_ft": 46.8, "roadbed_ft": 16.8, "median_ft": 0.0, "left_sw_ft": 15.0, "right_sw_ft": 15.0}, "geometry": {"type": "LineString", "coordinates": [[-73.78822409331792, 40.8451867999196], [-73.78780954625024, 40.8452836430463]]}}, {"type": "Feature", "properties": {"segment_id": 1293787, "physicalid": "88450", "street_name": "WILLIAM AVE", "borough": "bronx", "direction": "FT", "total_row_ft": 46.8, "roadbed_ft": 16.8, "median_ft": 0.0, "left_sw_ft": 15.0, "right_sw_ft": 15.0}, "geometry": {"type": "LineString", "coordinates": [[-73.78824534788845, 40.84523926747761], [-73.78783080052477, 40.84533611067993]]}}, {"type": "Feature", "properties": {"segment_id": 1293788, "physicalid": "88451", "street_name": "WILLIAM AVE", "borough": "bronx", "direction": "FT", "total_row_ft": 133.1, "roadbed_ft": 71.3, "median_ft": 0.0, "left_sw_ft": 15.0, "right_sw_ft": 46.8}, "geometry": {"type": "LineString", "coordinates": [[-73.78774216715564, 40.8440042422874], [-73.78733446112376, 40.844100583230954]]}}, {"type": "Feature", "properties": {"segment_id": 1293789, "physicalid": "88451", "street_name": "WILLIAM AVE", "borough": "bronx", "direction": "FT", "total_row_ft": 46.2, "roadbed_ft": 16.2, "median_ft": 0.0, "left_sw_ft": 15.0, "right_sw_ft": 15.0}, "geometry": {"type": "LineString", "coordinates": [[-73.7877636440813, 40.84405665752295], [-73.78734951755987, 40.84415451562105]]}}, {"type": "Feature", "properties": {"segment_id": 1293790, "physicalid": "88451", "street_name": "WILLIAM AVE", "borough": "bronx", "direction": "FT", "total_row_ft": 45.7, "roadbed_ft": 15.7, "median_ft": 0.0, "left_sw_ft": 15.0, "right_sw_ft": 15.0}, "geometry": {"type": "LineString", "coordinates": [[-73.78778512104077, 40.844109072754016], [-73.78737099422463, 40.84420693092832]]}}, {"type": "Feature", "properties": {"segment_id": 1293791, "physicalid": "88451", "street_name": "WILLIAM AVE", "borough": "bronx", "direction": "FT", "total_row_ft": 46.1, "roadbed_ft": 16.1, "median_ft": 0.0, "left_sw_ft": 15.0, "right_sw_ft": 15.0}, "geometry": {"type": "LineString", "coordinates": [[-73.78780659803408, 40.8441614879806], [-73.78739247092325, 40.84425934623111]]}}, {"type": "Feature", "properties": {"segment_id": 1293792, "physicalid": "88451", "street_name": "WILLIAM AVE", "borough": "bronx", "direction": "FT", "total_row_ft": 46.4, "roadbed_ft": 16.4, "median_ft": 0.0, "left_sw_ft": 15.0, "right_sw_ft": 15.0}, "geometry": {"type": "LineString", "coordinates": [[-73.78782807506124, 40.84421390320271], [-73.7874139476557, 40.84431176152944]]}}, {"type": "Feature", "properties": {"segment_id": 1293793, "physicalid": "88451", "street_name": "WILLIAM AVE", "borough": "bronx", "direction": "FT", "total_row_ft": 46.6, "roadbed_ft": 16.6, "median_ft": 0.0, "left_sw_ft": 15.0, "right_sw_ft": 15.0}, "geometry": {"type": "LineString", "coordinates": [[-73.78784955212225, 40.84426631842033], [-73.787435424422, 40.844364176823305]]}}, {"type": "Feature", "properties": {"segment_id": 1293794, "physicalid": "88451", "street_name": "WILLIAM AVE", "borough": "bronx", "direction": "FT", "total_row_ft": 46.7, "roadbed_ft": 16.7, "median_ft": 0.0, "left_sw_ft": 15.0, "right_sw_ft": 15.0}, "geometry": {"type": "LineString", "coordinates": [[-73.7878710292171, 40.84431873363347], [-73.78745690122213, 40.844416592112694]]}}, {"type": "Feature", "properties": {"segment_id": 1293795, "physicalid": "88451", "street_name": "WILLIAM AVE", "borough": "bronx", "direction": "FT", "total_row_ft": 46.8, "roadbed_ft": 16.8, "median_ft": 0.0, "left_sw_ft": 15.0, "right_sw_ft": 15.0}, "geometry": {"type": "LineString", "coordinates": [[-73.7878925063458, 40.84437114884214], [-73.78747837805612, 40.84446900739766]]}}, {"type": "Feature", "properties": {"segment_id": 1293796, "physicalid": "88451", "street_name": "WILLIAM AVE", "borough": "bronx", "direction": "FT", "total_row_ft": 46.8, "roadbed_ft": 16.8, "median_ft": 0.0, "left_sw_ft": 15.0, "right_sw_ft": 15.0}, "geometry": {"type": "LineString", "coordinates": [[-73.78791398350835, 40.84442356404636], [-73.78749985492396, 40.84452142267808]]}}, {"type": "Feature", "properties": {"segment_id": 1293797, "physicalid": "88451", "street_name": "WILLIAM AVE", "borough": "bronx", "direction": "FT", "total_row_ft": 46.6, "roadbed_ft": 16.6, "median_ft": 0.0, "left_sw_ft": 15.0, "right_sw_ft": 15.0}, "geometry": {"type": "LineString", "coordinates": [[-73.78793546070474, 40.84447597924611], [-73.78752133182564, 40.84457383795405]]}}, {"type": "Feature", "properties": {"segment_id": 1293798, "physicalid": "88451", "street_name": "WILLIAM AVE", "borough": "bronx", "direction": "FT", "total_row_ft": 46.0, "roadbed_ft": 16.0, "median_ft": 0.0, "left_sw_ft": 15.0, "right_sw_ft": 15.0}, "geometry": {"type": "LineString", "coordinates": [[-73.78795693793498, 40.84452839444143], [-73.78754280876115, 40.84462625322551]]}}, {"type": "Feature", "properties": {"segment_id": 1293799, "physicalid": "88451", "street_name": "WILLIAM AVE", "borough": "bronx", "direction": "FT", "total_row_ft": 120.0, "roadbed_ft": 26.3, "median_ft": 0.0, "left_sw_ft": 49.4, "right_sw_ft": 44.3}, "geometry": {"type": "LineString", "coordinates": [[-73.78797841519906, 40.844580809632205], [-73.78756428573051, 40.844678668492556]]}}, {"type": "Feature", "properties": {"segment_id": 1293800, "physicalid": "88452", "street_name": "WILLIAM AVE", "borough": "bronx", "direction": "TW", "total_row_ft": 50.0, "roadbed_ft": 20.0, "median_ft": 0.0, "left_sw_ft": 15.0, "right_sw_ft": 15.0}, "geometry": {"type": "LineString", "coordinates": [[-73.78764831902328, 40.84362373324266], [-73.7872212444444, 40.84368112116368]]}}, {"type": "Feature", "properties": {"segment_id": 1293801, "physicalid": "88452", "street_name": "WILLIAM AVE", "borough": "bronx", "direction": "TW", "total_row_ft": 49.8, "roadbed_ft": 19.8, "median_ft": 0.0, "left_sw_ft": 15.0, "right_sw_ft": 15.0}, "geometry": {"type": "LineString", "coordinates": [[-73.78766091397053, 40.84367778767554], [-73.78723383905547, 40.84373517564268]]}}, {"type": "Feature", "properties": {"segment_id": 1293802, "physicalid": "88452", "street_name": "WILLIAM AVE", "borough": "bronx", "direction": "TW", "total_row_ft": 49.6, "roadbed_ft": 19.6, "median_ft": 0.0, "left_sw_ft": 15.0, "right_sw_ft": 15.0}, "geometry": {"type": "LineString", "coordinates": [[-73.78767350893825, 40.84373184210659], [-73.78724643368703, 40.84378923011975]]}}, {"type": "Feature", "properties": {"segment_id": 1293803, "physicalid": "88452", "street_name": "WILLIAM AVE", "borough": "bronx", "direction": "TW", "total_row_ft": 49.4, "roadbed_ft": 19.4, "median_ft": 0.0, "left_sw_ft": 15.0, "right_sw_ft": 15.0}, "geometry": {"type": "LineString", "coordinates": [[-73.78768610392643, 40.84378589653575], [-73.78725902833905, 40.843843284594996]]}}, {"type": "Feature", "properties": {"segment_id": 1293804, "physicalid": "88452", "street_name": "WILLIAM AVE", "borough": "bronx", "direction": "TW", "total_row_ft": 49.2, "roadbed_ft": 19.2, "median_ft": 0.0, "left_sw_ft": 15.0, "right_sw_ft": 15.0}, "geometry": {"type": "LineString", "coordinates": [[-73.78769869893509, 40.84383995096296], [-73.78727162301155, 40.8438973390684]]}}, {"type": "Feature", "properties": {"segment_id": 1293805, "physicalid": "88452", "street_name": "WILLIAM AVE", "borough": "bronx", "direction": "TW", "total_row_ft": 49.0, "roadbed_ft": 19.0, "median_ft": 0.0, "left_sw_ft": 15.0, "right_sw_ft": 15.0}, "geometry": {"type": "LineString", "coordinates": [[-73.78771129396421, 40.84389400538834], [-73.78728421770451, 40.84395139353987]]}}, {"type": "Feature", "properties": {"segment_id": 1293806, "physicalid": "88453", "street_name": "REYNOLDS ST", "borough": "bronx", "direction": "TW", "total_row_ft": 44.9, "roadbed_ft": 29.6, "median_ft": 0.0, "left_sw_ft": 6.0, "right_sw_ft": 9.3}, "geometry": {"type": "LineString", "coordinates": [[-73.78747428800847, 40.841292970817705], [-73.78743027977053, 40.841174361664756]]}}, {"type": "Feature", "properties": {"segment_id": 1293807, "physicalid": "88453", "street_name": "REYNOLDS ST", "borough": "bronx", "direction": "TW", "total_row_ft": 45.5, "roadbed_ft": 30.0, "median_ft": 0.0, "left_sw_ft": 6.5, "right_sw_ft": 8.9}, "geometry": {"type": "LineString", "coordinates": [[-73.78740494347085, 40.84130847472524], [-73.78736036278463, 40.84118832239476]]}}, {"type": "Feature", "properties": {"segment_id": 1293808, "physicalid": "88453", "street_name": "REYNOLDS ST", "borough": "bronx", "direction": "TW", "total_row_ft": 46.1, "roadbed_ft": 30.5, "median_ft": 0.0, "left_sw_ft": 7.1, "right_sw_ft": 8.5}, "geometry": {"type": "LineString", "coordinates": [[-73.78733559887853, 40.84132397853076], [-73.78729044574618, 40.84120228301989]]}}, {"type": "Feature", "properties": {"segment_id": 1293809, "physicalid": "88453", "street_name": "REYNOLDS ST", "borough": "bronx", "direction": "TW", "total_row_ft": 46.5, "roadbed_ft": 30.8, "median_ft": 0.0, "left_sw_ft": 7.6, "right_sw_ft": 8.1}, "geometry": {"type": "LineString", "coordinates": [[-73.78726613472406, 40.841339160140706], [-73.7872205286768, 40.84121624359834]]}}, {"type": "Feature", "properties": {"segment_id": 1293810, "physicalid": "88453", "street_name": "REYNOLDS ST", "borough": "bronx", "direction": "TW", "total_row_ft": 46.8, "roadbed_ft": 30.3, "median_ft": 0.0, "left_sw_ft": 7.9, "right_sw_ft": 8.6}, "geometry": {"type": "LineString", "coordinates": [[-73.787196468833, 40.84135379807711], [-73.78715061157625, 40.84123020412941]]}}, {"type": "Feature", "properties": {"segment_id": 1293811, "physicalid": "88453", "street_name": "REYNOLDS ST", "borough": "bronx", "direction": "TW", "total_row_ft": 46.9, "roadbed_ft": 30.0, "median_ft": 0.0, "left_sw_ft": 8.0, "right_sw_ft": 8.9}, "geometry": {"type": "LineString", "coordinates": [[-73.78712680286185, 40.841368435838184], [-73.78708078267631, 40.84124440241557]]}}, {"type": "Feature", "properties": {"segment_id": 1293812, "physicalid": "88453", "street_name": "REYNOLDS ST", "borough": "bronx", "direction": "TW", "total_row_ft": 47.0, "roadbed_ft": 29.7, "median_ft": 0.0, "left_sw_ft": 8.1, "right_sw_ft": 9.2}, "geometry": {"type": "LineString", "coordinates": [[-73.78705713679668, 40.84138307338635], [-73.78701104437494, 40.84125884492184]]}}, {"type": "Feature", "properties": {"segment_id": 1293813, "physicalid": "88453", "street_name": "REYNOLDS ST", "borough": "bronx", "direction": "TW", "total_row_ft": 47.1, "roadbed_ft": 29.4, "median_ft": 0.0, "left_sw_ft": 8.1, "right_sw_ft": 9.5}, "geometry": {"type": "LineString", "coordinates": [[-73.78698750817642, 40.84139781189681], [-73.78694130596449, 40.841273287173536]]}}, {"type": "Feature", "properties": {"segment_id": 1293814, "physicalid": "88453", "street_name": "REYNOLDS ST", "borough": "bronx", "direction": "TW", "total_row_ft": 47.4, "roadbed_ft": 29.2, "median_ft": 0.0, "left_sw_ft": 8.4, "right_sw_ft": 9.8}, "geometry": {"type": "LineString", "coordinates": [[-73.78691805965852, 40.84141303586267], [-73.78687156752491, 40.841287729386146]]}}, {"type": "Feature", "properties": {"segment_id": 1293815, "physicalid": "88453", "street_name": "REYNOLDS ST", "borough": "bronx", "direction": "TW", "total_row_ft": 47.7, "roadbed_ft": 29.1, "median_ft": 0.0, "left_sw_ft": 8.5, "right_sw_ft": 10.1}, "geometry": {"type": "LineString", "coordinates": [[-73.78684861120638, 40.841428260049575], [-73.78680182929946, 40.84130217221526]]}}, {"type": "Feature", "properties": {"segment_id": 1293816, "physicalid": "88453", "street_name": "REYNOLDS ST", "borough": "bronx", "direction": "TW", "total_row_ft": 48.0, "roadbed_ft": 29.0, "median_ft": 0.0, "left_sw_ft": 8.6, "right_sw_ft": 10.4}, "geometry": {"type": "LineString", "coordinates": [[-73.78677916272719, 40.84144348420747], [-73.78673209082007, 40.841316614399354]]}}, {"type": "Feature", "properties": {"segment_id": 1293817, "physicalid": "88453", "street_name": "REYNOLDS ST", "borough": "bronx", "direction": "TW", "total_row_ft": 48.1, "roadbed_ft": 28.8, "median_ft": 0.0, "left_sw_ft": 8.8, "right_sw_ft": 10.5}, "geometry": {"type": "LineString", "coordinates": [[-73.78670971432594, 40.84145870861912], [-73.78666259493501, 40.84133171047452]]}}, {"type": "Feature", "properties": {"segment_id": 1293818, "physicalid": "88453", "street_name": "REYNOLDS ST", "borough": "bronx", "direction": "TW", "total_row_ft": 47.7, "roadbed_ft": 28.9, "median_ft": 0.0, "left_sw_ft": 8.7, "right_sw_ft": 10.1}, "geometry": {"type": "LineString", "coordinates": [[-73.78664021708651, 40.84147380144389], [-73.78659345960435, 40.84134777837868]]}}, {"type": "Feature", "properties": {"segment_id": 1293819, "physicalid": "88453", "street_name": "REYNOLDS ST", "borough": "bronx", "direction": "TW", "total_row_ft": 47.2, "roadbed_ft": 29.2, "median_ft": 0.0, "left_sw_ft": 8.5, "right_sw_ft": 9.5}, "geometry": {"type": "LineString", "coordinates": [[-73.7865705476314, 40.8414884301471], [-73.7865243241326, 40.84136384595107]]}}, {"type": "Feature", "properties": {"segment_id": 1293820, "physicalid": "88453", "street_name": "REYNOLDS ST", "borough": "bronx", "direction": "TW", "total_row_ft": 46.6, "roadbed_ft": 29.5, "median_ft": 0.0, "left_sw_ft": 8.2, "right_sw_ft": 8.9}, "geometry": {"type": "LineString", "coordinates": [[-73.78650087813745, 40.84150305878618], [-73.78645518862744, 40.841379913481994]]}}, {"type": "Feature", "properties": {"segment_id": 1293821, "physicalid": "88453", "street_name": "REYNOLDS ST", "borough": "bronx", "direction": "TW", "total_row_ft": 46.1, "roadbed_ft": 29.9, "median_ft": 0.0, "left_sw_ft": 7.9, "right_sw_ft": 8.3}, "geometry": {"type": "LineString", "coordinates": [[-73.78643120861588, 40.84151768739121], [-73.78638605311798, 40.841395981049764]]}}, {"type": "Feature", "properties": {"segment_id": 1293822, "physicalid": "88453", "street_name": "REYNOLDS ST", "borough": "bronx", "direction": "TW", "total_row_ft": 45.5, "roadbed_ft": 29.9, "median_ft": 0.0, "left_sw_ft": 8.0, "right_sw_ft": 7.7}, "geometry": {"type": "LineString", "coordinates": [[-73.78636153916408, 40.841532316224864], [-73.78631689596483, 40.841411990330236]]}}, {"type": "Feature", "properties": {"segment_id": 1293823, "physicalid": "88453", "street_name": "REYNOLDS ST", "borough": "bronx", "direction": "TW", "total_row_ft": 45.4, "roadbed_ft": 29.7, "median_ft": 0.0, "left_sw_ft": 8.1, "right_sw_ft": 7.7}, "geometry": {"type": "LineString", "coordinates": [[-73.78629193069668, 40.841547109469], [-73.78624743056089, 40.84142716883304]]}}, {"type": "Feature", "properties": {"segment_id": 1293824, "physicalid": "88453", "street_name": "REYNOLDS ST", "borough": "bronx", "direction": "TW", "total_row_ft": 45.6, "roadbed_ft": 29.1, "median_ft": 0.0, "left_sw_ft": 8.5, "right_sw_ft": 8.0}, "geometry": {"type": "LineString", "coordinates": [[-73.78622262922435, 40.84156273019518], [-73.78617796512935, 40.84144234730501]]}}, {"type": "Feature", "properties": {"segment_id": 1293825, "physicalid": "88453", "street_name": "REYNOLDS ST", "borough": "bronx", "direction": "TW", "total_row_ft": 45.7, "roadbed_ft": 28.7, "median_ft": 0.0, "left_sw_ft": 8.9, "right_sw_ft": 8.2}, "geometry": {"type": "LineString", "coordinates": [[-73.78615332775962, 40.84157835098787], [-73.78610849960505, 40.84145752557049]]}}, {"type": "Feature", "properties": {"segment_id": 1293826, "physicalid": "88453", "street_name": "REYNOLDS ST", "borough": "bronx", "direction": "TW", "total_row_ft": 45.9, "roadbed_ft": 28.7, "median_ft": 0.0, "left_sw_ft": 9.2, "right_sw_ft": 8.0}, "geometry": {"type": "LineString", "coordinates": [[-73.78608402626236, 40.84159397173888], [-73.7860390340092, 40.841472703686684]]}}, {"type": "Feature", "properties": {"segment_id": 1293827, "physicalid": "88453", "street_name": "REYNOLDS ST", "borough": "bronx", "direction": "TW", "total_row_ft": 46.4, "roadbed_ft": 28.8, "median_ft": 0.0, "left_sw_ft": 9.4, "right_sw_ft": 8.3}, "geometry": {"type": "LineString", "coordinates": [[-73.78601472473254, 40.84160959244822], [-73.78596921399162, 40.84148692656562]]}}, {"type": "Feature", "properties": {"segment_id": 1293828, "physicalid": "88453", "street_name": "REYNOLDS ST", "borough": "bronx", "direction": "TW", "total_row_ft": 47.2, "roadbed_ft": 28.9, "median_ft": 0.0, "left_sw_ft": 9.5, "right_sw_ft": 8.8}, "geometry": {"type": "LineString", "coordinates": [[-73.78594536049046, 40.841625044173995], [-73.78589908522962, 40.841500317314626]]}}, {"type": "Feature", "properties": {"segment_id": 1293829, "physicalid": "88453", "street_name": "REYNOLDS ST", "borough": "bronx", "direction": "TW", "total_row_ft": 47.9, "roadbed_ft": 29.0, "median_ft": 0.0, "left_sw_ft": 9.5, "right_sw_ft": 9.3}, "geometry": {"type": "LineString", "coordinates": [[-73.78587587364996, 40.84164016550203], [-73.7858289564845, 40.841513708142564]]}}, {"type": "Feature", "properties": {"segment_id": 1293830, "physicalid": "88453", "street_name": "REYNOLDS ST", "borough": "bronx", "direction": "TW", "total_row_ft": 48.5, "roadbed_ft": 29.1, "median_ft": 0.0, "left_sw_ft": 9.5, "right_sw_ft": 9.9}, "geometry": {"type": "LineString", "coordinates": [[-73.78580638680612, 40.84165528686432], [-73.78575882771113, 40.84152709892783]]}}, {"type": "Feature", "properties": {"segment_id": 1293831, "physicalid": "88453", "street_name": "REYNOLDS ST", "borough": "bronx", "direction": "TW", "total_row_ft": 49.2, "roadbed_ft": 29.2, "median_ft": 0.0, "left_sw_ft": 9.5, "right_sw_ft": 10.5}, "geometry": {"type": "LineString", "coordinates": [[-73.7857368999307, 40.841670408184726], [-73.78568869890955, 40.84154048967039]]}}, {"type": "Feature", "properties": {"segment_id": 1293832, "physicalid": "88453", "street_name": "REYNOLDS ST", "borough": "bronx", "direction": "TW", "total_row_ft": 49.8, "roadbed_ft": 29.2, "median_ft": 0.0, "left_sw_ft": 9.5, "right_sw_ft": 11.1}, "geometry": {"type": "LineString", "coordinates": [[-73.78566735891582, 40.84168538362359], [-73.78561857007972, 40.8415538803703]]}}, {"type": "Feature", "properties": {"segment_id": 1293833, "physicalid": "88453", "street_name": "REYNOLDS ST", "borough": "bronx", "direction": "TW", "total_row_ft": 49.4, "roadbed_ft": 29.3, "median_ft": 0.0, "left_sw_ft": 9.4, "right_sw_ft": 10.7}, "geometry": {"type": "LineString", "coordinates": [[-73.78559779979733, 40.841700310309214], [-73.7855494181449, 40.841569904195715]]}}, {"type": "Feature", "properties": {"segment_id": 1293834, "physicalid": "88453", "street_name": "REYNOLDS ST", "borough": "bronx", "direction": "TW", "total_row_ft": 48.8, "roadbed_ft": 29.3, "median_ft": 0.0, "left_sw_ft": 9.3, "right_sw_ft": 10.2}, "geometry": {"type": "LineString", "coordinates": [[-73.78552824064764, 40.84171523695286], [-73.78548040848982, 40.84158631156685]]}}, {"type": "Feature", "properties": {"segment_id": 1293835, "physicalid": "88453", "street_name": "REYNOLDS ST", "borough": "bronx", "direction": "TW", "total_row_ft": 48.2, "roadbed_ft": 29.4, "median_ft": 0.0, "left_sw_ft": 9.2, "right_sw_ft": 9.6}, "geometry": {"type": "LineString", "coordinates": [[-73.78545868151755, 40.84173016369146], [-73.78541139880069, 40.84160271889664]]}}, {"type": "Feature", "properties": {"segment_id": 1293836, "physicalid": "88453", "street_name": "REYNOLDS ST", "borough": "bronx", "direction": "TW", "total_row_ft": 47.6, "roadbed_ft": 29.2, "median_ft": 0.0, "left_sw_ft": 9.0, "right_sw_ft": 9.3}, "geometry": {"type": "LineString", "coordinates": [[-73.78538900672973, 40.84174477873063], [-73.78534238907753, 40.84161912618509]]}}, {"type": "Feature", "properties": {"segment_id": 1293837, "physicalid": "88453", "street_name": "REYNOLDS ST", "borough": "bronx", "direction": "TW", "total_row_ft": 46.8, "roadbed_ft": 29.0, "median_ft": 0.0, "left_sw_ft": 8.7, "right_sw_ft": 9.0}, "geometry": {"type": "LineString", "coordinates": [[-73.78531921120033, 40.841759068364944], [-73.78527337744593, 40.84163552837995]]}}, {"type": "Feature", "properties": {"segment_id": 1293838, "physicalid": "88453", "street_name": "REYNOLDS ST", "borough": "bronx", "direction": "TW", "total_row_ft": 46.7, "roadbed_ft": 29.1, "median_ft": 0.0, "left_sw_ft": 8.4, "right_sw_ft": 9.2}, "geometry": {"type": "LineString", "coordinates": [[-73.78524941555987, 40.84177335773834], [-73.78520368645792, 40.84165009948392]]}}, {"type": "Feature", "properties": {"segment_id": 1293839, "physicalid": "88453", "street_name": "REYNOLDS ST", "borough": "bronx", "direction": "TW", "total_row_ft": 46.5, "roadbed_ft": 29.0, "median_ft": 0.0, "left_sw_ft": 8.5, "right_sw_ft": 9.1}, "geometry": {"type": "LineString", "coordinates": [[-73.7851796198313, 40.841787646912856], [-73.78513399543937, 40.84166467054574]]}}, {"type": "Feature", "properties": {"segment_id": 1293840, "physicalid": "88453", "street_name": "REYNOLDS ST", "borough": "bronx", "direction": "TW", "total_row_ft": 46.6, "roadbed_ft": 28.7, "median_ft": 0.0, "left_sw_ft": 8.7, "right_sw_ft": 9.2}, "geometry": {"type": "LineString", "coordinates": [[-73.78510999316391, 40.8418023918152], [-73.78506430439027, 40.84167924156544]]}}, {"type": "Feature", "properties": {"segment_id": 1293841, "physicalid": "88453", "street_name": "REYNOLDS ST", "borough": "bronx", "direction": "TW", "total_row_ft": 46.4, "roadbed_ft": 28.3, "median_ft": 0.0, "left_sw_ft": 9.1, "right_sw_ft": 9.0}, "geometry": {"type": "LineString", "coordinates": [[-73.7850404685959, 40.84181741195921], [-73.78499499348673, 40.84169483728044]]}}, {"type": "Feature", "properties": {"segment_id": 1293842, "physicalid": "88453", "street_name": "REYNOLDS ST", "borough": "bronx", "direction": "TW", "total_row_ft": 46.1, "roadbed_ft": 28.1, "median_ft": 0.0, "left_sw_ft": 9.2, "right_sw_ft": 8.7}, "geometry": {"type": "LineString", "coordinates": [[-73.78497094399648, 40.84183243206128], [-73.78492578042383, 40.841710696764636]]}}, {"type": "Feature", "properties": {"segment_id": 1293843, "physicalid": "88453", "street_name": "REYNOLDS ST", "borough": "bronx", "direction": "TW", "total_row_ft": 45.8, "roadbed_ft": 28.3, "median_ft": 0.0, "left_sw_ft": 9.1, "right_sw_ft": 8.4}, "geometry": {"type": "LineString", "coordinates": [[-73.78490141942422, 40.841847452279175], [-73.78485656732794, 40.84172655620725]]}}, {"type": "Feature", "properties": {"segment_id": 1293844, "physicalid": "88453", "street_name": "REYNOLDS ST", "borough": "bronx", "direction": "TW", "total_row_ft": 48.0, "roadbed_ft": 28.6, "median_ft": 0.0, "left_sw_ft": 8.9, "right_sw_ft": 10.5}, "geometry": {"type": "LineString", "coordinates": [[-73.7848318948231, 40.84186247246204], [-73.78478485825377, 40.841735687908795]]}}, {"type": "Feature", "properties": {"segment_id": 1293845, "physicalid": "88453", "street_name": "REYNOLDS ST", "borough": "bronx", "direction": "TW", "total_row_ft": 48.2, "roadbed_ft": 28.9, "median_ft": 0.0, "left_sw_ft": 8.9, "right_sw_ft": 10.4}, "geometry": {"type": "LineString", "coordinates": [[-73.78476244439985, 40.84187769263009], [-73.78471519647826, 40.841750338029755]]}}, {"type": "Feature", "properties": {"segment_id": 1293846, "physicalid": "88453", "street_name": "REYNOLDS ST", "borough": "bronx", "direction": "TW", "total_row_ft": 48.4, "roadbed_ft": 29.3, "median_ft": 0.0, "left_sw_ft": 8.8, "right_sw_ft": 10.3}, "geometry": {"type": "LineString", "coordinates": [[-73.78469300166475, 40.84189293356515], [-73.78464553467208, 40.84176498810857]]}}, {"type": "Feature", "properties": {"segment_id": 1293847, "physicalid": "88453", "street_name": "REYNOLDS ST", "borough": "bronx", "direction": "TW", "total_row_ft": 120.0, "roadbed_ft": 30.1, "median_ft": 0.0, "left_sw_ft": 43.6, "right_sw_ft": 46.4}, "geometry": {"type": "LineString", "coordinates": [[-73.78465786611228, 40.84200064817701], [-73.78454025300209, 40.84168362564356]]}}, {"type": "Feature", "properties": {"segment_id": 1405333, "physicalid": "95285", "street_name": "DITMARS ST", "borough": "bronx", "direction": "TW", "total_row_ft": 66.9, "roadbed_ft": 26.3, "median_ft": 0.0, "left_sw_ft": 31.4, "right_sw_ft": 9.1}, "geometry": {"type": "LineString", "coordinates": [[-73.78661046284682, 40.85001263016409], [-73.78653751139922, 40.84983765916965]]}}, {"type": "Feature", "properties": {"segment_id": 1405334, "physicalid": "95285", "street_name": "DITMARS ST", "borough": "bronx", "direction": "TW", "total_row_ft": 42.2, "roadbed_ft": 26.3, "median_ft": 0.0, "left_sw_ft": 6.7, "right_sw_ft": 9.2}, "geometry": {"type": "LineString", "coordinates": [[-73.78651477573675, 40.84996499938928], [-73.78646869221986, 40.849854469615764]]}}, {"type": "Feature", "properties": {"segment_id": 1405335, "physicalid": "95285", "street_name": "DITMARS ST", "borough": "bronx", "direction": "TW", "total_row_ft": 42.1, "roadbed_ft": 26.7, "median_ft": 0.0, "left_sw_ft": 6.5, "right_sw_ft": 8.9}, "geometry": {"type": "LineString", "coordinates": [[-73.78644589265707, 40.84998165688832], [-73.78639992653899, 40.84987140841908]]}}, {"type": "Feature", "properties": {"segment_id": 1405336, "physicalid": "95285", "street_name": "DITMARS ST", "borough": "bronx", "direction": "TW", "total_row_ft": 42.0, "roadbed_ft": 27.1, "median_ft": 0.0, "left_sw_ft": 6.4, "right_sw_ft": 8.5}, "geometry": {"type": "LineString", "coordinates": [[-73.7863770094661, 40.84999831416203], [-73.78633116075356, 40.849888347014605]]}}, {"type": "Feature", "properties": {"segment_id": 1405337, "physicalid": "95285", "street_name": "DITMARS ST", "borough": "bronx", "direction": "TW", "total_row_ft": 41.9, "roadbed_ft": 27.3, "median_ft": 0.0, "left_sw_ft": 6.5, "right_sw_ft": 8.2}, "geometry": {"type": "LineString", "coordinates": [[-73.78630812624961, 40.85001497141611], [-73.78626239488817, 40.84990528546123]]}}, {"type": "Feature", "properties": {"segment_id": 1405338, "physicalid": "95285", "street_name": "DITMARS ST", "borough": "bronx", "direction": "TW", "total_row_ft": 41.8, "roadbed_ft": 27.4, "median_ft": 0.0, "left_sw_ft": 6.6, "right_sw_ft": 7.8}, "geometry": {"type": "LineString", "coordinates": [[-73.78623924304364, 40.85003162873699], [-73.78619362898775, 40.84992222386685]]}}, {"type": "Feature", "properties": {"segment_id": 1405339, "physicalid": "95285", "street_name": "DITMARS ST", "borough": "bronx", "direction": "TW", "total_row_ft": 42.0, "roadbed_ft": 27.3, "median_ft": 0.0, "left_sw_ft": 6.9, "right_sw_ft": 7.7}, "geometry": {"type": "LineString", "coordinates": [[-73.78617063858525, 40.850048954673284], [-73.7861248630523, 40.8499391622314]]}}, {"type": "Feature", "properties": {"segment_id": 1405344, "physicalid": "95286", "street_name": "DITMARS ST", "borough": "bronx", "direction": "TW", "total_row_ft": 150.0, "roadbed_ft": 120.0, "median_ft": 0.0, "left_sw_ft": 15.0, "right_sw_ft": 15.0}, "geometry": {"type": "LineString", "coordinates": [[-73.78744197834187, 40.84985903382105], [-73.7873122871514, 40.84954473682263]]}}, {"type": "Feature", "properties": {"segment_id": 1405345, "physicalid": "95286", "street_name": "DITMARS ST", "borough": "bronx", "direction": "TW", "total_row_ft": 80.5, "roadbed_ft": 24.7, "median_ft": 0.0, "left_sw_ft": 9.3, "right_sw_ft": 46.5}, "geometry": {"type": "LineString", "coordinates": [[-73.78733027064644, 40.849771910586625], [-73.78724330303943, 40.849561150154564]]}}, {"type": "Feature", "properties": {"segment_id": 1405346, "physicalid": "95286", "street_name": "DITMARS ST", "borough": "bronx", "direction": "TW", "total_row_ft": 43.6, "roadbed_ft": 23.7, "median_ft": 0.0, "left_sw_ft": 9.2, "right_sw_ft": 10.6}, "geometry": {"type": "LineString", "coordinates": [[-73.7872612060866, 40.84978812952874], [-73.78721410414748, 40.84967398088009]]}}, {"type": "Feature", "properties": {"segment_id": 1405347, "physicalid": "95286", "street_name": "DITMARS ST", "borough": "bronx", "direction": "TW", "total_row_ft": 43.5, "roadbed_ft": 23.7, "median_ft": 0.0, "left_sw_ft": 9.4, "right_sw_ft": 10.5}, "geometry": {"type": "LineString", "coordinates": [[-73.78719234468649, 40.8498048408565], [-73.78714531107813, 40.84969085751848]]}}, {"type": "Feature", "properties": {"segment_id": 1405348, "physicalid": "95286", "street_name": "DITMARS ST", "borough": "bronx", "direction": "TW", "total_row_ft": 43.5, "roadbed_ft": 23.6, "median_ft": 0.0, "left_sw_ft": 9.5, "right_sw_ft": 10.3}, "geometry": {"type": "LineString", "coordinates": [[-73.78712348325178, 40.8498215521431], [-73.78707651797387, 40.8497077341158]]}}, {"type": "Feature", "properties": {"segment_id": 1405349, "physicalid": "95286", "street_name": "DITMARS ST", "borough": "bronx", "direction": "TW", "total_row_ft": 43.4, "roadbed_ft": 23.6, "median_ft": 0.0, "left_sw_ft": 9.6, "right_sw_ft": 10.2}, "geometry": {"type": "LineString", "coordinates": [[-73.78705462178245, 40.849838263388534], [-73.78700772483471, 40.84972461067202]]}}, {"type": "Feature", "properties": {"segment_id": 1405350, "physicalid": "95286", "street_name": "DITMARS ST", "borough": "bronx", "direction": "TW", "total_row_ft": 43.3, "roadbed_ft": 24.2, "median_ft": 0.0, "left_sw_ft": 9.4, "right_sw_ft": 9.7}, "geometry": {"type": "LineString", "coordinates": [[-73.78698576027853, 40.84985497459281], [-73.78693893166063, 40.84974148718719]]}}, {"type": "Feature", "properties": {"segment_id": 1405351, "physicalid": "95286", "street_name": "DITMARS ST", "borough": "bronx", "direction": "TW", "total_row_ft": 43.3, "roadbed_ft": 24.9, "median_ft": 0.0, "left_sw_ft": 9.2, "right_sw_ft": 9.3}, "geometry": {"type": "LineString", "coordinates": [[-73.78691689869633, 40.849871685650115], [-73.78687013845166, 40.84975836366127]]}}, {"type": "Feature", "properties": {"segment_id": 1405352, "physicalid": "95286", "street_name": "DITMARS ST", "borough": "bronx", "direction": "TW", "total_row_ft": 43.3, "roadbed_ft": 25.5, "median_ft": 0.0, "left_sw_ft": 8.9, "right_sw_ft": 8.9}, "geometry": {"type": "LineString", "coordinates": [[-73.78684803706335, 40.84988839662705], [-73.78680119949834, 40.849774886970565]]}}, {"type": "Feature", "properties": {"segment_id": 1405353, "physicalid": "95286", "street_name": "DITMARS ST", "borough": "bronx", "direction": "TW", "total_row_ft": 43.4, "roadbed_ft": 26.2, "median_ft": 0.0, "left_sw_ft": 8.7, "right_sw_ft": 8.6}, "geometry": {"type": "LineString", "coordinates": [[-73.7867791753958, 40.849905107562805], [-73.78673221842814, 40.84979130825193]]}}, {"type": "Feature", "properties": {"segment_id": 1405354, "physicalid": "95286", "street_name": "DITMARS ST", "borough": "bronx", "direction": "TW", "total_row_ft": 75.4, "roadbed_ft": 28.7, "median_ft": 0.0, "left_sw_ft": 38.1, "right_sw_ft": 8.6}, "geometry": {"type": "LineString", "coordinates": [[-73.78674476791191, 40.85000531754255], [-73.78666323732386, 40.84980772949198]]}}, {"type": "Feature", "properties": {"segment_id": 1405355, "physicalid": "95287", "street_name": "DITMARS ST", "borough": "bronx", "direction": "TW", "total_row_ft": 104.5, "roadbed_ft": 74.5, "median_ft": 0.0, "left_sw_ft": 15.0, "right_sw_ft": 15.0}, "geometry": {"type": "LineString", "coordinates": [[-73.78842629932157, 40.84966627055579], [-73.78831905432911, 40.849347132439185]]}}, {"type": "Feature", "properties": {"segment_id": 1405356, "physicalid": "95287", "street_name": "DITMARS ST", "borough": "bronx", "direction": "TW", "total_row_ft": 45.8, "roadbed_ft": 28.2, "median_ft": 0.0, "left_sw_ft": 10.4, "right_sw_ft": 7.2}, "geometry": {"type": "LineString", "coordinates": [[-73.78832383988623, 40.84958339015021], [-73.78828288396022, 40.84946151371729]]}}, {"type": "Feature", "properties": {"segment_id": 1405357, "physicalid": "95287", "street_name": "DITMARS ST", "borough": "bronx", "direction": "TW", "total_row_ft": 50.3, "roadbed_ft": 28.2, "median_ft": 0.0, "left_sw_ft": 15.0, "right_sw_ft": 7.1}, "geometry": {"type": "LineString", "coordinates": [[-73.78828620575305, 40.84969341592871], [-73.7882126917047, 40.84947465284658]]}}, {"type": "Feature", "properties": {"segment_id": 1405358, "physicalid": "95287", "street_name": "DITMARS ST", "borough": "bronx", "direction": "TW", "total_row_ft": 50.2, "roadbed_ft": 28.1, "median_ft": 0.0, "left_sw_ft": 15.0, "right_sw_ft": 7.1}, "geometry": {"type": "LineString", "coordinates": [[-73.78821615892589, 40.84970698855134], [-73.78814249942147, 40.84948779193309]]}}, {"type": "Feature", "properties": {"segment_id": 1405359, "physicalid": "95287", "street_name": "DITMARS ST", "borough": "bronx", "direction": "TW", "total_row_ft": 50.2, "roadbed_ft": 28.1, "median_ft": 0.0, "left_sw_ft": 15.0, "right_sw_ft": 7.1}, "geometry": {"type": "LineString", "coordinates": [[-73.78814611207017, 40.84972056113139], [-73.78807230710898, 40.84950093097242]]}}, {"type": "Feature", "properties": {"segment_id": 1405360, "physicalid": "95287", "street_name": "DITMARS ST", "borough": "bronx", "direction": "TW", "total_row_ft": 50.1, "roadbed_ft": 28.0, "median_ft": 0.0, "left_sw_ft": 15.0, "right_sw_ft": 7.0}, "geometry": {"type": "LineString", "coordinates": [[-73.78807606518586, 40.84973413366886], [-73.78800211475878, 40.84951406993926]]}}, {"type": "Feature", "properties": {"segment_id": 1405361, "physicalid": "95287", "street_name": "DITMARS ST", "borough": "bronx", "direction": "TW", "total_row_ft": 43.8, "roadbed_ft": 28.0, "median_ft": 0.0, "left_sw_ft": 8.9, "right_sw_ft": 7.0}, "geometry": {"type": "LineString", "coordinates": [[-73.78797112565786, 40.84964387161641], [-73.78793196962047, 40.849527349441274]]}}, {"type": "Feature", "properties": {"segment_id": 1405362, "physicalid": "95287", "street_name": "DITMARS ST", "borough": "bronx", "direction": "TW", "total_row_ft": 43.7, "roadbed_ft": 27.8, "median_ft": 0.0, "left_sw_ft": 9.1, "right_sw_ft": 6.8}, "geometry": {"type": "LineString", "coordinates": [[-73.78790104333633, 40.84965733845809], [-73.78786198506745, 40.84954110686275]]}}, {"type": "Feature", "properties": {"segment_id": 1405363, "physicalid": "95287", "street_name": "DITMARS ST", "borough": "bronx", "direction": "TW", "total_row_ft": 43.6, "roadbed_ft": 26.9, "median_ft": 0.0, "left_sw_ft": 9.3, "right_sw_ft": 7.4}, "geometry": {"type": "LineString", "coordinates": [[-73.78783096098643, 40.84967080525713], [-73.7877920004855, 40.84955486424174]]}}, {"type": "Feature", "properties": {"segment_id": 1405364, "physicalid": "95287", "street_name": "DITMARS ST", "borough": "bronx", "direction": "TW", "total_row_ft": 43.5, "roadbed_ft": 26.1, "median_ft": 0.0, "left_sw_ft": 9.5, "right_sw_ft": 7.9}, "geometry": {"type": "LineString", "coordinates": [[-73.78776087859008, 40.84968427195984], [-73.78772201580732, 40.84956862137806]]}}, {"type": "Feature", "properties": {"segment_id": 1405365, "physicalid": "95287", "street_name": "DITMARS ST", "borough": "bronx", "direction": "TW", "total_row_ft": 43.4, "roadbed_ft": 25.3, "median_ft": 0.0, "left_sw_ft": 9.6, "right_sw_ft": 8.5}, "geometry": {"type": "LineString", "coordinates": [[-73.78769079608396, 40.84969773837773], [-73.78765203106563, 40.84958237836904]]}}, {"type": "Feature", "properties": {"segment_id": 1405366, "physicalid": "95287", "street_name": "DITMARS ST", "borough": "bronx", "direction": "TW", "total_row_ft": 43.3, "roadbed_ft": 25.0, "median_ft": 0.0, "left_sw_ft": 9.8, "right_sw_ft": 8.5}, "geometry": {"type": "LineString", "coordinates": [[-73.7876207135833, 40.849711204853605], [-73.78758204633445, 40.84959613543499]]}}, {"type": "Feature", "properties": {"segment_id": 1405367, "physicalid": "95287", "street_name": "DITMARS ST", "borough": "bronx", "direction": "TW", "total_row_ft": 46.7, "roadbed_ft": 26.8, "median_ft": 0.0, "left_sw_ft": 11.3, "right_sw_ft": 8.6}, "geometry": {"type": "LineString", "coordinates": [[-73.78755366866459, 40.84973371088724], [-73.78751189090812, 40.84960938457232]]}}, {"type": "Feature", "properties": {"segment_id": 1405368, "physicalid": "95288", "street_name": "DITMARS ST", "borough": "bronx", "direction": "TW", "total_row_ft": 52.0, "roadbed_ft": 27.6, "median_ft": 0.0, "left_sw_ft": 9.4, "right_sw_ft": 15.0}, "geometry": {"type": "LineString", "coordinates": [[-73.78951578047733, 40.84936299812431], [-73.78944740848488, 40.84914360862913]]}}, {"type": "Feature", "properties": {"segment_id": 1405369, "physicalid": "95288", "street_name": "DITMARS ST", "borough": "bronx", "direction": "TW", "total_row_ft": 52.3, "roadbed_ft": 27.6, "median_ft": 0.0, "left_sw_ft": 9.6, "right_sw_ft": 15.0}, "geometry": {"type": "LineString", "coordinates": [[-73.78944579002192, 40.84937678688221], [-73.78937706069942, 40.84915625005566]]}}, {"type": "Feature", "properties": {"segment_id": 1405370, "physicalid": "95288", "street_name": "DITMARS ST", "borough": "bronx", "direction": "TW", "total_row_ft": 52.4, "roadbed_ft": 27.6, "median_ft": 0.0, "left_sw_ft": 9.8, "right_sw_ft": 15.0}, "geometry": {"type": "LineString", "coordinates": [[-73.78937568719168, 40.84939021510536], [-73.78930671288721, 40.84916889143929]]}}, {"type": "Feature", "properties": {"segment_id": 1405371, "physicalid": "95288", "street_name": "DITMARS ST", "borough": "bronx", "direction": "TW", "total_row_ft": 52.5, "roadbed_ft": 27.6, "median_ft": 0.0, "left_sw_ft": 9.9, "right_sw_ft": 15.0}, "geometry": {"type": "LineString", "coordinates": [[-73.78930558436622, 40.84940364339202], [-73.78923636504825, 40.84918153277997]]}}, {"type": "Feature", "properties": {"segment_id": 1405372, "physicalid": "95288", "street_name": "DITMARS ST", "borough": "bronx", "direction": "TW", "total_row_ft": 52.7, "roadbed_ft": 27.6, "median_ft": 0.0, "left_sw_ft": 10.1, "right_sw_ft": 15.0}, "geometry": {"type": "LineString", "coordinates": [[-73.78923548157307, 40.84941707183063], [-73.78916601718258, 40.84919417407774]]}}, {"type": "Feature", "properties": {"segment_id": 1405373, "physicalid": "95288", "street_name": "DITMARS ST", "borough": "bronx", "direction": "TW", "total_row_ft": 52.8, "roadbed_ft": 27.6, "median_ft": 0.0, "left_sw_ft": 10.2, "right_sw_ft": 15.0}, "geometry": {"type": "LineString", "coordinates": [[-73.78916537875165, 40.84943050022655], [-73.78909566929013, 40.84920681533257]]}}, {"type": "Feature", "properties": {"segment_id": 1405374, "physicalid": "95288", "street_name": "DITMARS ST", "borough": "bronx", "direction": "TW", "total_row_ft": 52.9, "roadbed_ft": 27.5, "median_ft": 0.0, "left_sw_ft": 10.4, "right_sw_ft": 15.0}, "geometry": {"type": "LineString", "coordinates": [[-73.7890952759019, 40.84944392857989], [-73.78902532137097, 40.849219456544475]]}}, {"type": "Feature", "properties": {"segment_id": 1405375, "physicalid": "95288", "street_name": "DITMARS ST", "borough": "bronx", "direction": "TW", "total_row_ft": 57.5, "roadbed_ft": 27.5, "median_ft": 0.0, "left_sw_ft": 15.0, "right_sw_ft": 15.0}, "geometry": {"type": "LineString", "coordinates": [[-73.78905485782218, 40.84955261014064], [-73.78895497342508, 40.84923209771347]]}}, {"type": "Feature", "properties": {"segment_id": 1405376, "physicalid": "95288", "street_name": "DITMARS ST", "borough": "bronx", "direction": "TW", "total_row_ft": 57.6, "roadbed_ft": 27.6, "median_ft": 0.0, "left_sw_ft": 15.0, "right_sw_ft": 15.0}, "geometry": {"type": "LineString", "coordinates": [[-73.78898450952954, 40.84956525132691], [-73.78888462545244, 40.8492447388395]]}}, {"type": "Feature", "properties": {"segment_id": 1405377, "physicalid": "95288", "street_name": "DITMARS ST", "borough": "bronx", "direction": "TW", "total_row_ft": 57.7, "roadbed_ft": 27.7, "median_ft": 0.0, "left_sw_ft": 15.0, "right_sw_ft": 15.0}, "geometry": {"type": "LineString", "coordinates": [[-73.78891416121016, 40.849577892470236], [-73.78881427745306, 40.84925737992263]]}}, {"type": "Feature", "properties": {"segment_id": 1405378, "physicalid": "95288", "street_name": "DITMARS ST", "borough": "bronx", "direction": "TW", "total_row_ft": 57.9, "roadbed_ft": 27.9, "median_ft": 0.0, "left_sw_ft": 15.0, "right_sw_ft": 15.0}, "geometry": {"type": "LineString", "coordinates": [[-73.78884381286407, 40.84959053357064], [-73.78874392942694, 40.849270020962834]]}}, {"type": "Feature", "properties": {"segment_id": 1405379, "physicalid": "95288", "street_name": "DITMARS ST", "borough": "bronx", "direction": "TW", "total_row_ft": 58.1, "roadbed_ft": 28.1, "median_ft": 0.0, "left_sw_ft": 15.0, "right_sw_ft": 15.0}, "geometry": {"type": "LineString", "coordinates": [[-73.7887734644912, 40.849603174628136], [-73.78867358137411, 40.8492826619601]]}}, {"type": "Feature", "properties": {"segment_id": 1405380, "physicalid": "95288", "street_name": "DITMARS ST", "borough": "bronx", "direction": "TW", "total_row_ft": 58.3, "roadbed_ft": 28.3, "median_ft": 0.0, "left_sw_ft": 15.0, "right_sw_ft": 15.0}, "geometry": {"type": "LineString", "coordinates": [[-73.78870311609164, 40.84961581564267], [-73.7886032332945, 40.84929530291445]]}}, {"type": "Feature", "properties": {"segment_id": 1405381, "physicalid": "95288", "street_name": "DITMARS ST", "borough": "bronx", "direction": "TW", "total_row_ft": 58.4, "roadbed_ft": 28.4, "median_ft": 0.0, "left_sw_ft": 15.0, "right_sw_ft": 15.0}, "geometry": {"type": "LineString", "coordinates": [[-73.78863276766532, 40.84962845661429], [-73.78853288518816, 40.84930794382586]]}}, {"type": "Feature", "properties": {"segment_id": 1405382, "physicalid": "95288", "street_name": "DITMARS ST", "borough": "bronx", "direction": "TW", "total_row_ft": 58.6, "roadbed_ft": 28.6, "median_ft": 0.0, "left_sw_ft": 15.0, "right_sw_ft": 15.0}, "geometry": {"type": "LineString", "coordinates": [[-73.78856241921224, 40.84964109754298], [-73.7884625370551, 40.84932058469435]]}}, {"type": "Feature", "properties": {"segment_id": 1406999, "physicalid": "95388", "street_name": "WINDWARD LN", "borough": "bronx", "direction": "TW", "total_row_ft": 81.3, "roadbed_ft": 15.8, "median_ft": 0.0, "left_sw_ft": 50.5, "right_sw_ft": 15.0}, "geometry": {"type": "LineString", "coordinates": [[-73.78271281184277, 40.846575668195584], [-73.78281738905876, 40.8468953157329]]}}, {"type": "Feature", "properties": {"segment_id": 1407000, "physicalid": "95388", "street_name": "WINDWARD LN", "borough": "bronx", "direction": "TW", "total_row_ft": 32.6, "roadbed_ft": 13.5, "median_ft": 0.0, "left_sw_ft": 4.1, "right_sw_ft": 15.0}, "geometry": {"type": "LineString", "coordinates": [[-73.7828254266645, 40.846692213085475], [-73.78288754465616, 40.846882080053625]]}}, {"type": "Feature", "properties": {"segment_id": 1407001, "physicalid": "95388", "street_name": "WINDWARD LN", "borough": "bronx", "direction": "TW", "total_row_ft": 32.0, "roadbed_ft": 13.3, "median_ft": 0.0, "left_sw_ft": 3.6, "right_sw_ft": 15.0}, "geometry": {"type": "LineString", "coordinates": [[-73.78289623319142, 40.84668096766078], [-73.78295770022567, 40.84686884433161]]}}, {"type": "Feature", "properties": {"segment_id": 1407002, "physicalid": "95388", "street_name": "WINDWARD LN", "borough": "bronx", "direction": "TW", "total_row_ft": 31.3, "roadbed_ft": 13.2, "median_ft": 0.0, "left_sw_ft": 3.1, "right_sw_ft": 15.0}, "geometry": {"type": "LineString", "coordinates": [[-73.7829670396944, 40.846669722192594], [-73.78302785576722, 40.84685560856693]]}}, {"type": "Feature", "properties": {"segment_id": 1407003, "physicalid": "95389", "street_name": "WINDWARD LN", "borough": "bronx", "direction": "TW", "total_row_ft": 95.9, "roadbed_ft": 76.8, "median_ft": 0.0, "left_sw_ft": 4.1, "right_sw_ft": 15.0}, "geometry": {"type": "LineString", "coordinates": [[-73.7827483529137, 40.84651746652425], [-73.78245848138775, 40.84654712118633]]}}, {"type": "Feature", "properties": {"segment_id": 1407004, "physicalid": "95389", "street_name": "WINDWARD LN", "borough": "bronx", "direction": "TW", "total_row_ft": 43.5, "roadbed_ft": 21.8, "median_ft": 0.0, "left_sw_ft": 6.8, "right_sw_ft": 15.0}, "geometry": {"type": "LineString", "coordinates": [[-73.78272445590486, 40.84657530130795], [-73.78246813261643, 40.84660152385376]]}}, {"type": "Feature", "properties": {"segment_id": 1407005, "physicalid": "95389", "street_name": "WINDWARD LN", "borough": "bronx", "direction": "TW", "total_row_ft": 42.1, "roadbed_ft": 24.3, "median_ft": 0.0, "left_sw_ft": 2.8, "right_sw_ft": 15.0}, "geometry": {"type": "LineString", "coordinates": [[-73.78273218163466, 40.846629900961254], [-73.78247778386086, 40.84665592651974]]}}, {"type": "Feature", "properties": {"segment_id": 1407006, "physicalid": "95389", "street_name": "WINDWARD LN", "borough": "bronx", "direction": "TW", "total_row_ft": 43.2, "roadbed_ft": 26.8, "median_ft": 0.0, "left_sw_ft": 1.3, "right_sw_ft": 15.0}, "geometry": {"type": "LineString", "coordinates": [[-73.78274902416457, 40.84668356793167], [-73.78248743512108, 40.84671032918447]]}}, {"type": "Feature", "properties": {"segment_id": 1407007, "physicalid": "95390", "street_name": "WINDWARD LN", "borough": "bronx", "direction": "TW", "total_row_ft": 40.7, "roadbed_ft": 10.7, "median_ft": 0.0, "left_sw_ft": 15.0, "right_sw_ft": 15.0}, "geometry": {"type": "LineString", "coordinates": [[-73.78227994439776, 40.846657346556114], [-73.78238453874981, 40.84697699087997]]}}, {"type": "Feature", "properties": {"segment_id": 1407008, "physicalid": "95390", "street_name": "WINDWARD LN", "borough": "bronx", "direction": "TW", "total_row_ft": 41.2, "roadbed_ft": 11.2, "median_ft": 0.0, "left_sw_ft": 15.0, "right_sw_ft": 15.0}, "geometry": {"type": "LineString", "coordinates": [[-73.7823500990607, 40.84664410878731], [-73.78245469372905, 40.84696375304831]]}}, {"type": "Feature", "properties": {"segment_id": 1407009, "physicalid": "95390", "street_name": "WINDWARD LN", "borough": "bronx", "direction": "TW", "total_row_ft": 41.7, "roadbed_ft": 11.7, "median_ft": 0.0, "left_sw_ft": 15.0, "right_sw_ft": 15.0}, "geometry": {"type": "LineString", "coordinates": [[-73.78242025369569, 40.84663087097585], [-73.78252484868038, 40.846950515173965]]}}, {"type": "Feature", "properties": {"segment_id": 1407010, "physicalid": "95390", "street_name": "WINDWARD LN", "borough": "bronx", "direction": "TW", "total_row_ft": 42.3, "roadbed_ft": 12.3, "median_ft": 0.0, "left_sw_ft": 15.0, "right_sw_ft": 15.0}, "geometry": {"type": "LineString", "coordinates": [[-73.7824904083028, 40.846617633121674], [-73.78259500360376, 40.84693727725691]]}}, {"type": "Feature", "properties": {"segment_id": 1407011, "physicalid": "95390", "street_name": "WINDWARD LN", "borough": "bronx", "direction": "TW", "total_row_ft": 42.8, "roadbed_ft": 12.8, "median_ft": 0.0, "left_sw_ft": 15.0, "right_sw_ft": 15.0}, "geometry": {"type": "LineString", "coordinates": [[-73.78256056288195, 40.8466043952248], [-73.78266515849923, 40.84692403929716]]}}, {"type": "Feature", "properties": {"segment_id": 1407254, "physicalid": "95411", "street_name": "WILLIAM AVE", "borough": "bronx", "direction": "TF", "total_row_ft": 135.0, "roadbed_ft": 76.8, "median_ft": 0.0, "left_sw_ft": 43.2, "right_sw_ft": 15.0}, "geometry": {"type": "LineString", "coordinates": [[-73.7892188138561, 40.846707632232565], [-73.78880433989919, 40.84680467897041]]}}, {"type": "Feature", "properties": {"segment_id": 1407255, "physicalid": "95411", "street_name": "WILLIAM AVE", "borough": "bronx", "direction": "TF", "total_row_ft": 59.1, "roadbed_ft": 29.1, "median_ft": 0.0, "left_sw_ft": 15.0, "right_sw_ft": 15.0}, "geometry": {"type": "LineString", "coordinates": [[-73.78924011360617, 40.84676008932402], [-73.78882563935349, 40.846857136137494]]}}, {"type": "Feature", "properties": {"segment_id": 1407256, "physicalid": "95411", "street_name": "WILLIAM AVE", "borough": "bronx", "direction": "TF", "total_row_ft": 58.7, "roadbed_ft": 28.7, "median_ft": 0.0, "left_sw_ft": 15.0, "right_sw_ft": 15.0}, "geometry": {"type": "LineString", "coordinates": [[-73.78926141338982, 40.84681254641101], [-73.78884693884139, 40.846909593300225]]}}, {"type": "Feature", "properties": {"segment_id": 1407257, "physicalid": "95411", "street_name": "WILLIAM AVE", "borough": "bronx", "direction": "TF", "total_row_ft": 58.3, "roadbed_ft": 28.3, "median_ft": 0.0, "left_sw_ft": 15.0, "right_sw_ft": 15.0}, "geometry": {"type": "LineString", "coordinates": [[-73.78928271320709, 40.84686500349366], [-73.78886823836288, 40.84696205045851]]}}, {"type": "Feature", "properties": {"segment_id": 1407258, "physicalid": "95411", "street_name": "WILLIAM AVE", "borough": "bronx", "direction": "TF", "total_row_ft": 58.0, "roadbed_ft": 28.0, "median_ft": 0.0, "left_sw_ft": 15.0, "right_sw_ft": 15.0}, "geometry": {"type": "LineString", "coordinates": [[-73.78930401305794, 40.846917460571895], [-73.78888953791797, 40.84701450761237]]}}, {"type": "Feature", "properties": {"segment_id": 1407259, "physicalid": "95411", "street_name": "WILLIAM AVE", "borough": "bronx", "direction": "TF", "total_row_ft": 57.6, "roadbed_ft": 27.6, "median_ft": 0.0, "left_sw_ft": 15.0, "right_sw_ft": 15.0}, "geometry": {"type": "LineString", "coordinates": [[-73.7893253129424, 40.84696991764569], [-73.78891083750663, 40.84706696476186]]}}, {"type": "Feature", "properties": {"segment_id": 1407260, "physicalid": "95411", "street_name": "WILLIAM AVE", "borough": "bronx", "direction": "TF", "total_row_ft": 49.2, "roadbed_ft": 27.3, "median_ft": 0.0, "left_sw_ft": 6.9, "right_sw_ft": 15.0}, "geometry": {"type": "LineString", "coordinates": [[-73.78934661286044, 40.847022374715095], [-73.78906641418087, 40.847087981874814]]}}, {"type": "Feature", "properties": {"segment_id": 1407261, "physicalid": "95411", "street_name": "WILLIAM AVE", "borough": "bronx", "direction": "TF", "total_row_ft": 49.8, "roadbed_ft": 27.4, "median_ft": 0.0, "left_sw_ft": 7.4, "right_sw_ft": 15.0}, "geometry": {"type": "LineString", "coordinates": [[-73.7893679128121, 40.847074831780134], [-73.78908576088179, 40.847140896285474]]}}, {"type": "Feature", "properties": {"segment_id": 1407262, "physicalid": "95411", "street_name": "WILLIAM AVE", "borough": "bronx", "direction": "TF", "total_row_ft": 50.5, "roadbed_ft": 27.8, "median_ft": 0.0, "left_sw_ft": 7.8, "right_sw_ft": 15.0}, "geometry": {"type": "LineString", "coordinates": [[-73.78938921279735, 40.84712728884072], [-73.78910510761351, 40.84719381069242]]}}, {"type": "Feature", "properties": {"segment_id": 1407263, "physicalid": "95411", "street_name": "WILLIAM AVE", "borough": "bronx", "direction": "TF", "total_row_ft": 51.3, "roadbed_ft": 28.2, "median_ft": 0.0, "left_sw_ft": 8.1, "right_sw_ft": 15.0}, "geometry": {"type": "LineString", "coordinates": [[-73.78941051281618, 40.847179745896916], [-73.78912445437601, 40.84724672509563]]}}, {"type": "Feature", "properties": {"segment_id": 1407264, "physicalid": "95411", "street_name": "WILLIAM AVE", "borough": "bronx", "direction": "TF", "total_row_ft": 52.1, "roadbed_ft": 28.6, "median_ft": 0.0, "left_sw_ft": 8.5, "right_sw_ft": 15.0}, "geometry": {"type": "LineString", "coordinates": [[-73.78943181286859, 40.84723220294867], [-73.78914380104658, 40.847299639523854]]}}, {"type": "Feature", "properties": {"segment_id": 1407265, "physicalid": "95412", "street_name": "WILLIAM AVE", "borough": "bronx", "direction": "TF", "total_row_ft": 135.0, "roadbed_ft": 75.3, "median_ft": 0.0, "left_sw_ft": 44.7, "right_sw_ft": 15.0}, "geometry": {"type": "LineString", "coordinates": [[-73.7894836132173, 40.847358576249015], [-73.78907026705751, 40.84745836789876]]}}, {"type": "Feature", "properties": {"segment_id": 1407266, "physicalid": "95412", "street_name": "WILLIAM AVE", "borough": "bronx", "direction": "TF", "total_row_ft": 50.6, "roadbed_ft": 26.9, "median_ft": 0.0, "left_sw_ft": 8.8, "right_sw_ft": 15.0}, "geometry": {"type": "LineString", "coordinates": [[-73.78950551562995, 40.84741089008294], [-73.7892229706505, 40.847479103396644]]}}, {"type": "Feature", "properties": {"segment_id": 1407267, "physicalid": "95412", "street_name": "WILLIAM AVE", "borough": "bronx", "direction": "TF", "total_row_ft": 50.6, "roadbed_ft": 26.5, "median_ft": 0.0, "left_sw_ft": 9.1, "right_sw_ft": 15.0}, "geometry": {"type": "LineString", "coordinates": [[-73.78952741807706, 40.8474632039122], [-73.78924433026107, 40.84753154828403]]}}, {"type": "Feature", "properties": {"segment_id": 1407268, "physicalid": "95412", "street_name": "WILLIAM AVE", "borough": "bronx", "direction": "TF", "total_row_ft": 50.6, "roadbed_ft": 26.2, "median_ft": 0.0, "left_sw_ft": 9.4, "right_sw_ft": 15.0}, "geometry": {"type": "LineString", "coordinates": [[-73.78954932055859, 40.8475155177368], [-73.78926568990532, 40.847583993166985]]}}, {"type": "Feature", "properties": {"segment_id": 1407269, "physicalid": "95412", "street_name": "WILLIAM AVE", "borough": "bronx", "direction": "TF", "total_row_ft": 50.5, "roadbed_ft": 25.9, "median_ft": 0.0, "left_sw_ft": 9.7, "right_sw_ft": 15.0}, "geometry": {"type": "LineString", "coordinates": [[-73.7895712230746, 40.84756783155685], [-73.78928704976784, 40.84763643800094]]}}, {"type": "Feature", "properties": {"segment_id": 1407270, "physicalid": "95412", "street_name": "WILLIAM AVE", "borough": "bronx", "direction": "TF", "total_row_ft": 50.6, "roadbed_ft": 25.6, "median_ft": 0.0, "left_sw_ft": 10.0, "right_sw_ft": 15.0}, "geometry": {"type": "LineString", "coordinates": [[-73.78959312562505, 40.84762014537221], [-73.7893082230662, 40.8476889278795]]}}, {"type": "Feature", "properties": {"segment_id": 1407271, "physicalid": "95412", "street_name": "WILLIAM AVE", "borough": "bronx", "direction": "TF", "total_row_ft": 50.8, "roadbed_ft": 25.4, "median_ft": 0.0, "left_sw_ft": 10.4, "right_sw_ft": 15.0}, "geometry": {"type": "LineString", "coordinates": [[-73.78961502820997, 40.847672459182945], [-73.78932927820529, 40.84774144628818]]}}, {"type": "Feature", "properties": {"segment_id": 1407272, "physicalid": "95412", "street_name": "WILLIAM AVE", "borough": "bronx", "direction": "TF", "total_row_ft": 55.6, "roadbed_ft": 25.6, "median_ft": 0.0, "left_sw_ft": 15.0, "right_sw_ft": 15.0}, "geometry": {"type": "LineString", "coordinates": [[-73.78963693082929, 40.84772477298902], [-73.78922358262396, 40.84782456518181]]}}, {"type": "Feature", "properties": {"segment_id": 1407273, "physicalid": "95412", "street_name": "WILLIAM AVE", "borough": "bronx", "direction": "TF", "total_row_ft": 56.1, "roadbed_ft": 26.1, "median_ft": 0.0, "left_sw_ft": 15.0, "right_sw_ft": 15.0}, "geometry": {"type": "LineString", "coordinates": [[-73.7896588334831, 40.84777708679051], [-73.78924548498553, 40.84787687906082]]}}, {"type": "Feature", "properties": {"segment_id": 1407274, "physicalid": "95412", "street_name": "WILLIAM AVE", "borough": "bronx", "direction": "TF", "total_row_ft": 56.6, "roadbed_ft": 26.6, "median_ft": 0.0, "left_sw_ft": 15.0, "right_sw_ft": 15.0}, "geometry": {"type": "LineString", "coordinates": [[-73.78968073617136, 40.847829400587365], [-73.78926738738157, 40.847929192935254]]}}, {"type": "Feature", "properties": {"segment_id": 1407275, "physicalid": "95412", "street_name": "WILLIAM AVE", "borough": "bronx", "direction": "TF", "total_row_ft": 57.3, "roadbed_ft": 27.3, "median_ft": 0.0, "left_sw_ft": 15.0, "right_sw_ft": 15.0}, "geometry": {"type": "LineString", "coordinates": [[-73.78970263889406, 40.84788171437953], [-73.78928928981206, 40.84798150680508]]}}, {"type": "Feature", "properties": {"segment_id": 1409020, "physicalid": "95520", "street_name": "MINNIEFORD AVE", "borough": "bronx", "direction": "TF", "total_row_ft": 39.4, "roadbed_ft": 9.4, "median_ft": 0.0, "left_sw_ft": 15.0, "right_sw_ft": 15.0}, "geometry": {"type": "LineString", "coordinates": [[-73.78495307264521, 40.8462824556073], [-73.78453746812473, 40.84637666614906]]}}, {"type": "Feature", "properties": {"segment_id": 1409021, "physicalid": "95521", "street_name": "MINNIEFORD AVE", "borough": "bronx", "direction": "TF", "total_row_ft": 39.2, "roadbed_ft": 9.2, "median_ft": 0.0, "left_sw_ft": 15.0, "right_sw_ft": 15.0}, "geometry": {"type": "LineString", "coordinates": [[-73.78499852432896, 40.84640111409907], [-73.78458049101977, 40.84648891151945]]}}, {"type": "Feature", "properties": {"segment_id": 1409022, "physicalid": "95521", "street_name": "MINNIEFORD AVE", "borough": "bronx", "direction": "TF", "total_row_ft": 38.6, "roadbed_ft": 8.6, "median_ft": 0.0, "left_sw_ft": 15.0, "right_sw_ft": 15.0}, "geometry": {"type": "LineString", "coordinates": [[-73.785017793974, 40.846454021927364], [-73.78459976035776, 40.84654181941677]]}}, {"type": "Feature", "properties": {"segment_id": 1409023, "physicalid": "95521", "street_name": "MINNIEFORD AVE", "borough": "bronx", "direction": "TF", "total_row_ft": 38.0, "roadbed_ft": 8.0, "median_ft": 0.0, "left_sw_ft": 15.0, "right_sw_ft": 15.0}, "geometry": {"type": "LineString", "coordinates": [[-73.78503706364971, 40.846506929751946], [-73.78461902972641, 40.84659472731039]]}}, {"type": "Feature", "properties": {"segment_id": 1409024, "physicalid": "95521", "street_name": "MINNIEFORD AVE", "borough": "bronx", "direction": "TF", "total_row_ft": 37.3, "roadbed_ft": 7.3, "median_ft": 0.0, "left_sw_ft": 15.0, "right_sw_ft": 15.0}, "geometry": {"type": "LineString", "coordinates": [[-73.78505633335605, 40.84655983757279], [-73.78463829912572, 40.846647635200334]]}}, {"type": "Feature", "properties": {"segment_id": 1409025, "physicalid": "95521", "street_name": "MINNIEFORD AVE", "borough": "bronx", "direction": "TF", "total_row_ft": 37.2, "roadbed_ft": 7.2, "median_ft": 0.0, "left_sw_ft": 15.0, "right_sw_ft": 15.0}, "geometry": {"type": "LineString", "coordinates": [[-73.78507563126163, 40.84661082079606], [-73.78465891914901, 40.84670217177841]]}}, {"type": "Feature", "properties": {"segment_id": 1409026, "physicalid": "95521", "street_name": "MINNIEFORD AVE", "borough": "bronx", "direction": "TF", "total_row_ft": 37.1, "roadbed_ft": 7.1, "median_ft": 0.0, "left_sw_ft": 15.0, "right_sw_ft": 15.0}, "geometry": {"type": "LineString", "coordinates": [[-73.7850956808932, 40.846663561237754], [-73.78467896847769, 40.8467549122917]]}}, {"type": "Feature", "properties": {"segment_id": 1409027, "physicalid": "95521", "street_name": "MINNIEFORD AVE", "borough": "bronx", "direction": "TF", "total_row_ft": 37.5, "roadbed_ft": 7.5, "median_ft": 0.0, "left_sw_ft": 15.0, "right_sw_ft": 15.0}, "geometry": {"type": "LineString", "coordinates": [[-73.78511573055657, 40.84671630167549], [-73.78469901783818, 40.846807652800976]]}}, {"type": "Feature", "properties": {"segment_id": 1409028, "physicalid": "95521", "street_name": "MINNIEFORD AVE", "borough": "bronx", "direction": "TF", "total_row_ft": 38.2, "roadbed_ft": 8.2, "median_ft": 0.0, "left_sw_ft": 15.0, "right_sw_ft": 15.0}, "geometry": {"type": "LineString", "coordinates": [[-73.78513573786593, 40.846768705328344], [-73.78471926852906, 40.84686069511864]]}}, {"type": "Feature", "properties": {"segment_id": 1409029, "physicalid": "95521", "street_name": "MINNIEFORD AVE", "borough": "bronx", "direction": "TF", "total_row_ft": 38.8, "roadbed_ft": 8.8, "median_ft": 0.0, "left_sw_ft": 15.0, "right_sw_ft": 15.0}, "geometry": {"type": "LineString", "coordinates": [[-73.78515592774961, 40.84682141491644], [-73.78473945811066, 40.8469134047788]]}}, {"type": "Feature", "properties": {"segment_id": 1409030, "physicalid": "95521", "street_name": "MINNIEFORD AVE", "borough": "bronx", "direction": "TF", "total_row_ft": 38.5, "roadbed_ft": 8.5, "median_ft": 0.0, "left_sw_ft": 15.0, "right_sw_ft": 15.0}, "geometry": {"type": "LineString", "coordinates": [[-73.78517611766529, 40.846874124500495], [-73.78475964772427, 40.846966114434984]]}}, {"type": "Feature", "properties": {"segment_id": 1409031, "physicalid": "95521", "street_name": "MINNIEFORD AVE", "borough": "bronx", "direction": "TF", "total_row_ft": 38.3, "roadbed_ft": 8.3, "median_ft": 0.0, "left_sw_ft": 15.0, "right_sw_ft": 15.0}, "geometry": {"type": "LineString", "coordinates": [[-73.78519630761298, 40.84692683408057], [-73.78477983736987, 40.847018824087115]]}}, {"type": "Feature", "properties": {"segment_id": 1409032, "physicalid": "95521", "street_name": "MINNIEFORD AVE", "borough": "bronx", "direction": "TF", "total_row_ft": 38.6, "roadbed_ft": 8.6, "median_ft": 0.0, "left_sw_ft": 15.0, "right_sw_ft": 15.0}, "geometry": {"type": "LineString", "coordinates": [[-73.78521649759264, 40.84697954365664], [-73.78480002704745, 40.84707153373521]]}}, {"type": "Feature", "properties": {"segment_id": 1409033, "physicalid": "95521", "street_name": "MINNIEFORD AVE", "borough": "bronx", "direction": "TF", "total_row_ft": 39.3, "roadbed_ft": 9.3, "median_ft": 0.0, "left_sw_ft": 15.0, "right_sw_ft": 15.0}, "geometry": {"type": "LineString", "coordinates": [[-73.78523668760432, 40.84703225322868], [-73.78482021675704, 40.84712424337932]]}}, {"type": "Feature", "properties": {"segment_id": 1409034, "physicalid": "95521", "street_name": "MINNIEFORD AVE", "borough": "bronx", "direction": "TF", "total_row_ft": 40.0, "roadbed_ft": 10.0, "median_ft": 0.0, "left_sw_ft": 15.0, "right_sw_ft": 15.0}, "geometry": {"type": "LineString", "coordinates": [[-73.785256877648, 40.84708496279672], [-73.78484040649862, 40.847176953019414]]}}, {"type": "Feature", "properties": {"segment_id": 1409035, "physicalid": "95521", "street_name": "MINNIEFORD AVE", "borough": "bronx", "direction": "TF", "total_row_ft": 40.6, "roadbed_ft": 10.6, "median_ft": 0.0, "left_sw_ft": 15.0, "right_sw_ft": 15.0}, "geometry": {"type": "LineString", "coordinates": [[-73.78527706772365, 40.84713767236074], [-73.78486059627221, 40.84722966265548]]}}, {"type": "Feature", "properties": {"segment_id": 1409036, "physicalid": "95521", "street_name": "MINNIEFORD AVE", "borough": "bronx", "direction": "TF", "total_row_ft": 41.3, "roadbed_ft": 11.3, "median_ft": 0.0, "left_sw_ft": 15.0, "right_sw_ft": 15.0}, "geometry": {"type": "LineString", "coordinates": [[-73.78529725783133, 40.847190381920754], [-73.78488078607778, 40.84728237228754]]}}, {"type": "Feature", "properties": {"segment_id": 1409037, "physicalid": "95521", "street_name": "MINNIEFORD AVE", "borough": "bronx", "direction": "TF", "total_row_ft": 40.9, "roadbed_ft": 10.9, "median_ft": 0.0, "left_sw_ft": 15.0, "right_sw_ft": 15.0}, "geometry": {"type": "LineString", "coordinates": [[-73.785317447971, 40.84724309147672], [-73.78490097591535, 40.84733508191559]]}}, {"type": "Feature", "properties": {"segment_id": 1409038, "physicalid": "95521", "street_name": "MINNIEFORD AVE", "borough": "bronx", "direction": "TF", "total_row_ft": 42.1, "roadbed_ft": 12.1, "median_ft": 0.0, "left_sw_ft": 15.0, "right_sw_ft": 15.0}, "geometry": {"type": "LineString", "coordinates": [[-73.78533763814268, 40.84729580102875], [-73.78492116578491, 40.847387791539575]]}}, {"type": "Feature", "properties": {"segment_id": 1409039, "physicalid": "95521", "street_name": "MINNIEFORD AVE", "borough": "bronx", "direction": "TF", "total_row_ft": 42.4, "roadbed_ft": 12.4, "median_ft": 0.0, "left_sw_ft": 15.0, "right_sw_ft": 15.0}, "geometry": {"type": "LineString", "coordinates": [[-73.78535782834632, 40.84734851057671], [-73.78494135568648, 40.8474405011596]]}}, {"type": "Feature", "properties": {"segment_id": 1409040, "physicalid": "95521", "street_name": "MINNIEFORD AVE", "borough": "bronx", "direction": "TF", "total_row_ft": 42.8, "roadbed_ft": 12.8, "median_ft": 0.0, "left_sw_ft": 15.0, "right_sw_ft": 15.0}, "geometry": {"type": "LineString", "coordinates": [[-73.78537801858197, 40.84740122012061], [-73.78496154562005, 40.847493210775625]]}}, {"type": "Feature", "properties": {"segment_id": 1409041, "physicalid": "95521", "street_name": "MINNIEFORD AVE", "borough": "bronx", "direction": "TF", "total_row_ft": 150.0, "roadbed_ft": 120.0, "median_ft": 0.0, "left_sw_ft": 15.0, "right_sw_ft": 15.0}, "geometry": {"type": "LineString", "coordinates": [[-73.78539820884963, 40.847453929660546], [-73.78498173558562, 40.84754592038761]]}}, {"type": "Feature", "properties": {"segment_id": 1463971, "physicalid": "98897", "street_name": "CAROLL ST", "borough": "bronx", "direction": "TW", "total_row_ft": 43.9, "roadbed_ft": 24.2, "median_ft": 0.0, "left_sw_ft": 4.7, "right_sw_ft": 15.0}, "geometry": {"type": "LineString", "coordinates": [[-73.78802945705962, 40.845407571249474], [-73.78794965950107, 40.84520541485422]]}}, {"type": "Feature", "properties": {"segment_id": 1463972, "physicalid": "98897", "street_name": "CAROLL ST", "borough": "bronx", "direction": "TW", "total_row_ft": 42.9, "roadbed_ft": 23.3, "median_ft": 0.0, "left_sw_ft": 4.6, "right_sw_ft": 15.0}, "geometry": {"type": "LineString", "coordinates": [[-73.78796020438928, 40.845423308089394], [-73.78788041696211, 40.84522117682816]]}}, {"type": "Feature", "properties": {"segment_id": 1463973, "physicalid": "98897", "street_name": "CAROLL ST", "borough": "bronx", "direction": "TW", "total_row_ft": 42.1, "roadbed_ft": 22.7, "median_ft": 0.0, "left_sw_ft": 4.4, "right_sw_ft": 15.0}, "geometry": {"type": "LineString", "coordinates": [[-73.7878909516848, 40.84543904488428], [-73.78781117439036, 40.84523693876046]]}}, {"type": "Feature", "properties": {"segment_id": 1463974, "physicalid": "98897", "street_name": "CAROLL ST", "borough": "bronx", "direction": "TW", "total_row_ft": 41.5, "roadbed_ft": 22.0, "median_ft": 0.0, "left_sw_ft": 4.4, "right_sw_ft": 15.0}, "geometry": {"type": "LineString", "coordinates": [[-73.78782160847263, 40.84545455243035], [-73.78774193178579, 40.84525270065119]]}}, {"type": "Feature", "properties": {"segment_id": 1463975, "physicalid": "98897", "street_name": "CAROLL ST", "borough": "bronx", "direction": "TW", "total_row_ft": 41.8, "roadbed_ft": 22.3, "median_ft": 0.0, "left_sw_ft": 4.6, "right_sw_ft": 15.0}, "geometry": {"type": "LineString", "coordinates": [[-73.78775226148116, 40.845470050442174], [-73.7876726891484, 40.84526846250028]]}}, {"type": "Feature", "properties": {"segment_id": 1463976, "physicalid": "98897", "street_name": "CAROLL ST", "borough": "bronx", "direction": "TW", "total_row_ft": 30.9, "roadbed_ft": 22.4, "median_ft": 0.0, "left_sw_ft": 4.7, "right_sw_ft": 3.8}, "geometry": {"type": "LineString", "coordinates": [[-73.78768291446181, 40.845485548423554], [-73.78765081106576, 40.84540421786397]]}}, {"type": "Feature", "properties": {"segment_id": 1463977, "physicalid": "98897", "street_name": "CAROLL ST", "borough": "bronx", "direction": "TW", "total_row_ft": 30.9, "roadbed_ft": 22.1, "median_ft": 0.0, "left_sw_ft": 4.8, "right_sw_ft": 4.0}, "geometry": {"type": "LineString", "coordinates": [[-73.78761363651701, 40.845501221438305], [-73.78758152817996, 40.845419878146714]]}}, {"type": "Feature", "properties": {"segment_id": 1463978, "physicalid": "98897", "street_name": "CAROLL ST", "borough": "bronx", "direction": "TW", "total_row_ft": 41.1, "roadbed_ft": 21.9, "median_ft": 0.0, "left_sw_ft": 15.0, "right_sw_ft": 4.2}, "geometry": {"type": "LineString", "coordinates": [[-73.78758949517464, 40.84563124355378], [-73.78751224526154, 40.845435538387804]]}}, {"type": "Feature", "properties": {"segment_id": 1463979, "physicalid": "98897", "street_name": "CAROLL ST", "borough": "bronx", "direction": "TW", "total_row_ft": 41.1, "roadbed_ft": 21.8, "median_ft": 0.0, "left_sw_ft": 15.0, "right_sw_ft": 4.3}, "geometry": {"type": "LineString", "coordinates": [[-73.78752025210711, 40.845647005310354], [-73.7874429623105, 40.845451198587234]]}}, {"type": "Feature", "properties": {"segment_id": 1463980, "physicalid": "98897", "street_name": "CAROLL ST", "borough": "bronx", "direction": "TW", "total_row_ft": 41.1, "roadbed_ft": 21.4, "median_ft": 0.0, "left_sw_ft": 15.0, "right_sw_ft": 4.8}, "geometry": {"type": "LineString", "coordinates": [[-73.78745100900677, 40.84566276702531], [-73.78737367932683, 40.845466858745]]}}, {"type": "Feature", "properties": {"segment_id": 1463981, "physicalid": "98897", "street_name": "CAROLL ST", "borough": "bronx", "direction": "TW", "total_row_ft": 40.9, "roadbed_ft": 20.9, "median_ft": 0.0, "left_sw_ft": 15.0, "right_sw_ft": 5.0}, "geometry": {"type": "LineString", "coordinates": [[-73.78738176587362, 40.84567852869868], [-73.78730461688782, 40.84548307767841]]}}, {"type": "Feature", "properties": {"segment_id": 1463982, "physicalid": "98897", "street_name": "CAROLL ST", "borough": "bronx", "direction": "TW", "total_row_ft": 40.6, "roadbed_ft": 20.5, "median_ft": 0.0, "left_sw_ft": 15.0, "right_sw_ft": 5.1}, "geometry": {"type": "LineString", "coordinates": [[-73.78731252270764, 40.845694290330414], [-73.78723561749253, 40.845499456373105]]}}, {"type": "Feature", "properties": {"segment_id": 1463983, "physicalid": "98897", "street_name": "CAROLL ST", "borough": "bronx", "direction": "TW", "total_row_ft": 30.6, "roadbed_ft": 20.3, "median_ft": 0.0, "left_sw_ft": 5.2, "right_sw_ft": 5.1}, "geometry": {"type": "LineString", "coordinates": [[-73.7871983280697, 40.84559617045443], [-73.78716661808677, 40.84551583508597]]}}, {"type": "Feature", "properties": {"segment_id": 1463984, "physicalid": "98897", "street_name": "CAROLL ST", "borough": "bronx", "direction": "TW", "total_row_ft": 30.7, "roadbed_ft": 20.6, "median_ft": 0.0, "left_sw_ft": 5.2, "right_sw_ft": 5.0}, "geometry": {"type": "LineString", "coordinates": [[-73.78712929702775, 40.84561246927361], [-73.78709746767186, 40.84553183126934]]}}, {"type": "Feature", "properties": {"segment_id": 1463985, "physicalid": "98897", "street_name": "CAROLL ST", "borough": "bronx", "direction": "TW", "total_row_ft": 30.9, "roadbed_ft": 20.8, "median_ft": 0.0, "left_sw_ft": 5.2, "right_sw_ft": 4.9}, "geometry": {"type": "LineString", "coordinates": [[-73.7870602659535, 40.845628768055334], [-73.78702823462524, 40.845547618151635]]}}, {"type": "Feature", "properties": {"segment_id": 1463986, "physicalid": "98897", "street_name": "CAROLL ST", "borough": "bronx", "direction": "TW", "total_row_ft": 31.1, "roadbed_ft": 21.1, "median_ft": 0.0, "left_sw_ft": 5.2, "right_sw_ft": 4.9}, "geometry": {"type": "LineString", "coordinates": [[-73.78699123484631, 40.845645066797935], [-73.78695900150866, 40.8455634048983]]}}, {"type": "Feature", "properties": {"segment_id": 1463987, "physicalid": "98897", "street_name": "CAROLL ST", "borough": "bronx", "direction": "TW", "total_row_ft": 31.3, "roadbed_ft": 21.4, "median_ft": 0.0, "left_sw_ft": 5.2, "right_sw_ft": 4.7}, "geometry": {"type": "LineString", "coordinates": [[-73.78692220370067, 40.84566136548746], [-73.78688976835925, 40.845579191603385]]}}, {"type": "Feature", "properties": {"segment_id": 1463988, "physicalid": "98897", "street_name": "CAROLL ST", "borough": "bronx", "direction": "TW", "total_row_ft": 31.6, "roadbed_ft": 21.8, "median_ft": 0.0, "left_sw_ft": 5.1, "right_sw_ft": 4.6}, "geometry": {"type": "LineString", "coordinates": [[-73.7868531637055, 40.84567764180132], [-73.78682036247191, 40.84559454072259]]}}, {"type": "Feature", "properties": {"segment_id": 1463989, "physicalid": "98897", "street_name": "CAROLL ST", "borough": "bronx", "direction": "TW", "total_row_ft": 32.1, "roadbed_ft": 22.3, "median_ft": 0.0, "left_sw_ft": 5.1, "right_sw_ft": 4.7}, "geometry": {"type": "LineString", "coordinates": [[-73.7867841041573, 40.84569386862226], [-73.78675077167081, 40.84560942140497]]}}, {"type": "Feature", "properties": {"segment_id": 1463990, "physicalid": "98897", "street_name": "CAROLL ST", "borough": "bronx", "direction": "TW", "total_row_ft": 32.6, "roadbed_ft": 22.4, "median_ft": 0.0, "left_sw_ft": 5.4, "right_sw_ft": 4.9}, "geometry": {"type": "LineString", "coordinates": [[-73.78671504457543, 40.84571009540183], [-73.78668118078052, 40.845624301898226]]}}, {"type": "Feature", "properties": {"segment_id": 1463991, "physicalid": "98897", "street_name": "CAROLL ST", "borough": "bronx", "direction": "TW", "total_row_ft": 33.1, "roadbed_ft": 22.6, "median_ft": 0.0, "left_sw_ft": 5.6, "right_sw_ft": 4.9}, "geometry": {"type": "LineString", "coordinates": [[-73.786645984995, 40.84572632222904], [-73.78661158985909, 40.84563918234949]]}}, {"type": "Feature", "properties": {"segment_id": 1463992, "physicalid": "98897", "street_name": "CAROLL ST", "borough": "bronx", "direction": "TW", "total_row_ft": 33.7, "roadbed_ft": 22.8, "median_ft": 0.0, "left_sw_ft": 5.9, "right_sw_ft": 5.0}, "geometry": {"type": "LineString", "coordinates": [[-73.78657692539869, 40.845742549060006], [-73.78654199180245, 40.84565404476047]]}}, {"type": "Feature", "properties": {"segment_id": 1463993, "physicalid": "98897", "street_name": "CAROLL ST", "borough": "bronx", "direction": "TW", "total_row_ft": 34.2, "roadbed_ft": 23.0, "median_ft": 0.0, "left_sw_ft": 6.2, "right_sw_ft": 5.0}, "geometry": {"type": "LineString", "coordinates": [[-73.7865078657687, 40.845758775849575], [-73.78647232746614, 40.84566873928798]]}}, {"type": "Feature", "properties": {"segment_id": 1463994, "physicalid": "98897", "street_name": "CAROLL ST", "borough": "bronx", "direction": "TW", "total_row_ft": 41.6, "roadbed_ft": 23.2, "median_ft": 0.0, "left_sw_ft": 13.3, "right_sw_ft": 5.1}, "geometry": {"type": "LineString", "coordinates": [[-73.78644586128753, 40.84579287697302], [-73.78640266313158, 40.84568343385578]]}}, {"type": "Feature", "properties": {"segment_id": 1463995, "physicalid": "98897", "street_name": "CAROLL ST", "borough": "bronx", "direction": "TW", "total_row_ft": 42.1, "roadbed_ft": 23.3, "median_ft": 0.0, "left_sw_ft": 13.6, "right_sw_ft": 5.2}, "geometry": {"type": "LineString", "coordinates": [[-73.78637668534157, 40.84580880920902], [-73.78633299876624, 40.84569812838147]]}}, {"type": "Feature", "properties": {"segment_id": 1463996, "physicalid": "98897", "street_name": "CAROLL ST", "borough": "bronx", "direction": "TW", "total_row_ft": 42.6, "roadbed_ft": 23.3, "median_ft": 0.0, "left_sw_ft": 13.9, "right_sw_ft": 5.3}, "geometry": {"type": "LineString", "coordinates": [[-73.78630750936247, 40.845824741403476], [-73.78626334125994, 40.845712840320594]]}}, {"type": "Feature", "properties": {"segment_id": 1463997, "physicalid": "98897", "street_name": "CAROLL ST", "borough": "bronx", "direction": "TW", "total_row_ft": 42.7, "roadbed_ft": 23.4, "median_ft": 0.0, "left_sw_ft": 14.0, "right_sw_ft": 5.3}, "geometry": {"type": "LineString", "coordinates": [[-73.78623811010908, 40.84584010796838], [-73.78619380867407, 40.84572786878637]]}}, {"type": "Feature", "properties": {"segment_id": 1463998, "physicalid": "98897", "street_name": "CAROLL ST", "borough": "bronx", "direction": "TW", "total_row_ft": 42.8, "roadbed_ft": 23.5, "median_ft": 0.0, "left_sw_ft": 14.1, "right_sw_ft": 5.3}, "geometry": {"type": "LineString", "coordinates": [[-73.7861687296353, 40.84585552215159], [-73.78612427605677, 40.84574289721018]]}}, {"type": "Feature", "properties": {"segment_id": 1463999, "physicalid": "98897", "street_name": "CAROLL ST", "borough": "bronx", "direction": "TW", "total_row_ft": 120.0, "roadbed_ft": 23.6, "median_ft": 0.0, "left_sw_ft": 48.8, "right_sw_ft": 47.6}, "geometry": {"type": "LineString", "coordinates": [[-73.78613538386564, 40.845962231704085], [-73.78601085600734, 40.84564673439646]]}}, {"type": "Feature", "properties": {"segment_id": 1464000, "physicalid": "98898", "street_name": "CAROLL ST", "borough": "bronx", "direction": "TW", "total_row_ft": 32.4, "roadbed_ft": 21.0, "median_ft": 0.0, "left_sw_ft": 5.6, "right_sw_ft": 5.9}, "geometry": {"type": "LineString", "coordinates": [[-73.78972961631783, 40.84501309799217], [-73.78969582820925, 40.84492792660155]]}}, {"type": "Feature", "properties": {"segment_id": 1464001, "physicalid": "98898", "street_name": "CAROLL ST", "borough": "bronx", "direction": "TW", "total_row_ft": 32.7, "roadbed_ft": 21.3, "median_ft": 0.0, "left_sw_ft": 5.7, "right_sw_ft": 5.6}, "geometry": {"type": "LineString", "coordinates": [[-73.78966070584865, 40.8450296967088], [-73.7896266406388, 40.844943826591134]]}}, {"type": "Feature", "properties": {"segment_id": 1464002, "physicalid": "98898", "street_name": "CAROLL ST", "borough": "bronx", "direction": "TW", "total_row_ft": 32.8, "roadbed_ft": 21.7, "median_ft": 0.0, "left_sw_ft": 5.7, "right_sw_ft": 5.4}, "geometry": {"type": "LineString", "coordinates": [[-73.78959163638034, 40.84504589467211], [-73.78955745309214, 40.844959726682504]]}}, {"type": "Feature", "properties": {"segment_id": 1464003, "physicalid": "98898", "street_name": "CAROLL ST", "borough": "bronx", "direction": "TW", "total_row_ft": 32.6, "roadbed_ft": 21.9, "median_ft": 0.0, "left_sw_ft": 5.5, "right_sw_ft": 5.2}, "geometry": {"type": "LineString", "coordinates": [[-73.78952223552027, 40.84506125731753], [-73.78948826545087, 40.8449756265772]]}}, {"type": "Feature", "properties": {"segment_id": 1464004, "physicalid": "98898", "street_name": "CAROLL ST", "borough": "bronx", "direction": "TW", "total_row_ft": 32.4, "roadbed_ft": 22.1, "median_ft": 0.0, "left_sw_ft": 5.3, "right_sw_ft": 5.1}, "geometry": {"type": "LineString", "coordinates": [[-73.78945286722889, 40.845076702100286], [-73.7894190777206, 40.84499152628936]]}}, {"type": "Feature", "properties": {"segment_id": 1464005, "physicalid": "98898", "street_name": "CAROLL ST", "borough": "bronx", "direction": "TW", "total_row_ft": 32.6, "roadbed_ft": 22.1, "median_ft": 0.0, "left_sw_ft": 5.6, "right_sw_ft": 4.9}, "geometry": {"type": "LineString", "coordinates": [[-73.7893839635011, 40.84509331798507], [-73.78934994686335, 40.84500756940815]]}}, {"type": "Feature", "properties": {"segment_id": 1464006, "physicalid": "98898", "street_name": "CAROLL ST", "borough": "bronx", "direction": "TW", "total_row_ft": 32.8, "roadbed_ft": 22.0, "median_ft": 0.0, "left_sw_ft": 5.9, "right_sw_ft": 5.0}, "geometry": {"type": "LineString", "coordinates": [[-73.78931505973888, 40.84510993382864], [-73.7892808642621, 40.84502373421288]]}}, {"type": "Feature", "properties": {"segment_id": 1464007, "physicalid": "98898", "street_name": "CAROLL ST", "borough": "bronx", "direction": "TW", "total_row_ft": 33.0, "roadbed_ft": 21.7, "median_ft": 0.0, "left_sw_ft": 6.1, "right_sw_ft": 5.2}, "geometry": {"type": "LineString", "coordinates": [[-73.78924615601878, 40.84512654982391], [-73.78921178166541, 40.84503989907242]]}}, {"type": "Feature", "properties": {"segment_id": 1464008, "physicalid": "98898", "street_name": "CAROLL ST", "borough": "bronx", "direction": "TW", "total_row_ft": 33.1, "roadbed_ft": 21.5, "median_ft": 0.0, "left_sw_ft": 6.3, "right_sw_ft": 5.4}, "geometry": {"type": "LineString", "coordinates": [[-73.78917725226854, 40.84514316578879], [-73.78914269905786, 40.84505606394772]]}}, {"type": "Feature", "properties": {"segment_id": 1464009, "physicalid": "98898", "street_name": "CAROLL ST", "borough": "bronx", "direction": "TW", "total_row_ft": 33.1, "roadbed_ft": 21.3, "median_ft": 0.0, "left_sw_ft": 6.3, "right_sw_ft": 5.5}, "geometry": {"type": "LineString", "coordinates": [[-73.78910812397811, 40.84515921577696], [-73.78907361641674, 40.845072228781625]]}}, {"type": "Feature", "properties": {"segment_id": 1464010, "physicalid": "98898", "street_name": "CAROLL ST", "borough": "bronx", "direction": "TW", "total_row_ft": 32.9, "roadbed_ft": 21.2, "median_ft": 0.0, "left_sw_ft": 6.2, "right_sw_ft": 5.6}, "geometry": {"type": "LineString", "coordinates": [[-73.789038866426, 40.845174939963215], [-73.78900453374204, 40.845088393574095]]}}, {"type": "Feature", "properties": {"segment_id": 1464011, "physicalid": "98898", "street_name": "CAROLL ST", "borough": "bronx", "direction": "TW", "total_row_ft": 32.8, "roadbed_ft": 21.1, "median_ft": 0.0, "left_sw_ft": 6.1, "right_sw_ft": 5.6}, "geometry": {"type": "LineString", "coordinates": [[-73.78896960884116, 40.845190664107875], [-73.78893545105932, 40.84510455838957]]}}, {"type": "Feature", "properties": {"segment_id": 1464012, "physicalid": "98898", "street_name": "CAROLL ST", "borough": "bronx", "direction": "TW", "total_row_ft": 32.5, "roadbed_ft": 21.0, "median_ft": 0.0, "left_sw_ft": 5.9, "right_sw_ft": 5.5}, "geometry": {"type": "LineString", "coordinates": [[-73.78890035121249, 40.845206388182994], [-73.78886650692934, 40.845121072516534]]}}, {"type": "Feature", "properties": {"segment_id": 1464013, "physicalid": "98898", "street_name": "CAROLL ST", "borough": "bronx", "direction": "TW", "total_row_ft": 32.2, "roadbed_ft": 20.9, "median_ft": 0.0, "left_sw_ft": 5.9, "right_sw_ft": 5.4}, "geometry": {"type": "LineString", "coordinates": [[-73.78883115593906, 40.845222269486136], [-73.78879756545696, 40.84513759338802]]}}, {"type": "Feature", "properties": {"segment_id": 1464014, "physicalid": "98898", "street_name": "CAROLL ST", "borough": "bronx", "direction": "TW", "total_row_ft": 32.1, "roadbed_ft": 21.0, "median_ft": 0.0, "left_sw_ft": 5.9, "right_sw_ft": 5.2}, "geometry": {"type": "LineString", "coordinates": [[-73.78876212134314, 40.84523855587318], [-73.78872862395038, 40.84515411421826]]}}, {"type": "Feature", "properties": {"segment_id": 1464015, "physicalid": "98898", "street_name": "CAROLL ST", "borough": "bronx", "direction": "TW", "total_row_ft": 32.0, "roadbed_ft": 21.1, "median_ft": 0.0, "left_sw_ft": 5.9, "right_sw_ft": 5.1}, "geometry": {"type": "LineString", "coordinates": [[-73.78869308671342, 40.84525484221885], [-73.78865968240954, 40.84517063500723]]}}, {"type": "Feature", "properties": {"segment_id": 1464016, "physicalid": "98898", "street_name": "CAROLL ST", "borough": "bronx", "direction": "TW", "total_row_ft": 42.1, "roadbed_ft": 21.2, "median_ft": 0.0, "left_sw_ft": 5.9, "right_sw_ft": 15.0}, "geometry": {"type": "LineString", "coordinates": [[-73.7886240520499, 40.84527112852321], [-73.78854406627256, 40.8450694955435]]}}, {"type": "Feature", "properties": {"segment_id": 1464017, "physicalid": "98898", "street_name": "CAROLL ST", "borough": "bronx", "direction": "TW", "total_row_ft": 42.2, "roadbed_ft": 21.3, "median_ft": 0.0, "left_sw_ft": 5.9, "right_sw_ft": 15.0}, "geometry": {"type": "LineString", "coordinates": [[-73.78855501735258, 40.84528741478617], [-73.78847485225933, 40.845085329247986]]}}, {"type": "Feature", "properties": {"segment_id": 1464018, "physicalid": "98898", "street_name": "CAROLL ST", "borough": "bronx", "direction": "TW", "total_row_ft": 42.3, "roadbed_ft": 21.4, "median_ft": 0.0, "left_sw_ft": 5.9, "right_sw_ft": 15.0}, "geometry": {"type": "LineString", "coordinates": [[-73.78848598262144, 40.84530370100777], [-73.78840563821313, 40.84510116291093]]}}, {"type": "Feature", "properties": {"segment_id": 1464019, "physicalid": "98898", "street_name": "CAROLL ST", "borough": "bronx", "direction": "TW", "total_row_ft": 42.7, "roadbed_ft": 22.0, "median_ft": 0.0, "left_sw_ft": 5.7, "right_sw_ft": 15.0}, "geometry": {"type": "LineString", "coordinates": [[-73.78841677698858, 40.8453195564518], [-73.78833642413397, 40.84511699653229]]}}, {"type": "Feature", "properties": {"segment_id": 1464020, "physicalid": "98898", "street_name": "CAROLL ST", "borough": "bronx", "direction": "TW", "total_row_ft": 43.3, "roadbed_ft": 22.8, "median_ft": 0.0, "left_sw_ft": 5.5, "right_sw_ft": 15.0}, "geometry": {"type": "LineString", "coordinates": [[-73.7883475243658, 40.845335293481625], [-73.7882672100219, 40.845132830112064]]}}, {"type": "Feature", "properties": {"segment_id": 1464021, "physicalid": "98898", "street_name": "CAROLL ST", "borough": "bronx", "direction": "TW", "total_row_ft": 43.9, "roadbed_ft": 23.6, "median_ft": 0.0, "left_sw_ft": 5.3, "right_sw_ft": 15.0}, "geometry": {"type": "LineString", "coordinates": [[-73.78827827171027, 40.84535103046978], [-73.78819799587684, 40.84514866365028]]}}, {"type": "Feature", "properties": {"segment_id": 1464022, "physicalid": "98898", "street_name": "CAROLL ST", "borough": "bronx", "direction": "TW", "total_row_ft": 44.5, "roadbed_ft": 24.3, "median_ft": 0.0, "left_sw_ft": 5.1, "right_sw_ft": 15.0}, "geometry": {"type": "LineString", "coordinates": [[-73.78820901902198, 40.84536676741635], [-73.78812878169883, 40.84516449714692]]}}, {"type": "Feature", "properties": {"segment_id": 1464023, "physicalid": "98898", "street_name": "CAROLL ST", "borough": "bronx", "direction": "TW", "total_row_ft": 45.0, "roadbed_ft": 25.1, "median_ft": 0.0, "left_sw_ft": 5.0, "right_sw_ft": 15.0}, "geometry": {"type": "LineString", "coordinates": [[-73.78813976633339, 40.84538250440319], [-73.7880595674879, 40.845180330601984]]}}, {"type": "Feature", "properties": {"segment_id": 1464024, "physicalid": "98899", "street_name": "CAROLL ST", "borough": "bronx", "direction": "TW", "total_row_ft": 150.0, "roadbed_ft": 120.0, "median_ft": 0.0, "left_sw_ft": 15.0, "right_sw_ft": 15.0}, "geometry": {"type": "LineString", "coordinates": [[-73.78595075556697, 40.84600166316481], [-73.78584901244959, 40.84568148882312]]}}, {"type": "Feature", "properties": {"segment_id": 1464025, "physicalid": "98899", "street_name": "CAROLL ST", "borough": "bronx", "direction": "TW", "total_row_ft": 88.3, "roadbed_ft": 23.7, "median_ft": 0.0, "left_sw_ft": 16.6, "right_sw_ft": 48.0}, "geometry": {"type": "LineString", "coordinates": [[-73.78585358754978, 40.845929896146515], [-73.78577874247549, 40.845694365880036]]}}, {"type": "Feature", "properties": {"segment_id": 1464026, "physicalid": "98899", "street_name": "CAROLL ST", "borough": "bronx", "direction": "TW", "total_row_ft": 36.8, "roadbed_ft": 22.6, "median_ft": 0.0, "left_sw_ft": 8.7, "right_sw_ft": 5.5}, "geometry": {"type": "LineString", "coordinates": [[-73.78577629212323, 40.845920665603934], [-73.78574510806864, 40.84582253219294]]}}, {"type": "Feature", "properties": {"segment_id": 1464027, "physicalid": "98899", "street_name": "CAROLL ST", "borough": "bronx", "direction": "TW", "total_row_ft": 36.5, "roadbed_ft": 22.7, "median_ft": 0.0, "left_sw_ft": 8.8, "right_sw_ft": 5.0}, "geometry": {"type": "LineString", "coordinates": [[-73.78570574175764, 40.84593266108711], [-73.78567477772759, 40.84583521974813]]}}, {"type": "Feature", "properties": {"segment_id": 1464028, "physicalid": "98899", "street_name": "CAROLL ST", "borough": "bronx", "direction": "TW", "total_row_ft": 33.9, "roadbed_ft": 22.9, "median_ft": 0.0, "left_sw_ft": 6.5, "right_sw_ft": 4.5}, "geometry": {"type": "LineString", "coordinates": [[-73.78563317940575, 40.845938325034055], [-73.78560444729185, 40.84584790704685]]}}, {"type": "Feature", "properties": {"segment_id": 1464029, "physicalid": "98899", "street_name": "CAROLL ST", "borough": "bronx", "direction": "TW", "total_row_ft": 33.8, "roadbed_ft": 23.2, "median_ft": 0.0, "left_sw_ft": 6.3, "right_sw_ft": 4.3}, "geometry": {"type": "LineString", "coordinates": [[-73.78556276448685, 40.84595074681202], [-73.78553411682927, 40.84586059430264]]}}, {"type": "Feature", "properties": {"segment_id": 1464030, "physicalid": "98899", "street_name": "CAROLL ST", "borough": "bronx", "direction": "TW", "total_row_ft": 33.7, "roadbed_ft": 22.7, "median_ft": 0.0, "left_sw_ft": 6.2, "right_sw_ft": 4.8}, "geometry": {"type": "LineString", "coordinates": [[-73.78549238525324, 40.845963280929446], [-73.78546382515849, 40.845873403676045]]}}, {"type": "Feature", "properties": {"segment_id": 1464031, "physicalid": "98899", "street_name": "CAROLL ST", "borough": "bronx", "direction": "TW", "total_row_ft": 33.4, "roadbed_ft": 22.2, "median_ft": 0.0, "left_sw_ft": 6.1, "right_sw_ft": 5.1}, "geometry": {"type": "LineString", "coordinates": [[-73.7854220633954, 40.84597599564656], [-73.78539372351909, 40.84588681111429]]}}, {"type": "Feature", "properties": {"segment_id": 1464032, "physicalid": "98899", "street_name": "CAROLL ST", "borough": "bronx", "direction": "TW", "total_row_ft": 33.2, "roadbed_ft": 21.8, "median_ft": 0.0, "left_sw_ft": 6.1, "right_sw_ft": 5.3}, "geometry": {"type": "LineString", "coordinates": [[-73.7853517414904, 40.84598871025693], [-73.78532362187376, 40.845900218580155]]}}, {"type": "Feature", "properties": {"segment_id": 1464033, "physicalid": "98899", "street_name": "CAROLL ST", "borough": "bronx", "direction": "TW", "total_row_ft": 32.9, "roadbed_ft": 21.5, "median_ft": 0.0, "left_sw_ft": 6.0, "right_sw_ft": 5.4}, "geometry": {"type": "LineString", "coordinates": [[-73.78528141950089, 40.84600142464308], [-73.78525352020871, 40.84591362603025]]}}, {"type": "Feature", "properties": {"segment_id": 1464034, "physicalid": "98899", "street_name": "CAROLL ST", "borough": "bronx", "direction": "TW", "total_row_ft": 32.6, "roadbed_ft": 21.2, "median_ft": 0.0, "left_sw_ft": 5.9, "right_sw_ft": 5.5}, "geometry": {"type": "LineString", "coordinates": [[-73.78521103423978, 40.84601393995582], [-73.78518341852907, 40.84592703348074]]}}, {"type": "Feature", "properties": {"segment_id": 1464035, "physicalid": "98899", "street_name": "CAROLL ST", "borough": "bronx", "direction": "TW", "total_row_ft": 32.2, "roadbed_ft": 20.9, "median_ft": 0.0, "left_sw_ft": 5.7, "right_sw_ft": 5.6}, "geometry": {"type": "LineString", "coordinates": [[-73.78514063057092, 40.84602639737979], [-73.78511331682118, 40.8459404408886]]}}, {"type": "Feature", "properties": {"segment_id": 1464036, "physicalid": "98899", "street_name": "CAROLL ST", "borough": "bronx", "direction": "TW", "total_row_ft": 31.9, "roadbed_ft": 20.6, "median_ft": 0.0, "left_sw_ft": 5.6, "right_sw_ft": 5.7}, "geometry": {"type": "LineString", "coordinates": [[-73.7850702268757, 40.84603885476076], [-73.7850431725335, 40.84595371434339]]}}, {"type": "Feature", "properties": {"segment_id": 1464037, "physicalid": "98899", "street_name": "CAROLL ST", "borough": "bronx", "direction": "TW", "total_row_ft": 31.7, "roadbed_ft": 20.7, "median_ft": 0.0, "left_sw_ft": 5.7, "right_sw_ft": 5.3}, "geometry": {"type": "LineString", "coordinates": [[-73.78499982315411, 40.84605131209874], [-73.78497295489514, 40.84596675700678]]}}, {"type": "Feature", "properties": {"segment_id": 1464038, "physicalid": "98899", "street_name": "CAROLL ST", "borough": "bronx", "direction": "TW", "total_row_ft": 31.5, "roadbed_ft": 21.1, "median_ft": 0.0, "left_sw_ft": 5.7, "right_sw_ft": 4.7}, "geometry": {"type": "LineString", "coordinates": [[-73.78492941940615, 40.84606376939371], [-73.78490273722925, 40.845979799627415]]}}, {"type": "Feature", "properties": {"segment_id": 1464039, "physicalid": "98899", "street_name": "CAROLL ST", "borough": "bronx", "direction": "TW", "total_row_ft": 31.3, "roadbed_ft": 20.9, "median_ft": 0.0, "left_sw_ft": 5.6, "right_sw_ft": 4.8}, "geometry": {"type": "LineString", "coordinates": [[-73.78485901563182, 40.84607622664567], [-73.7848325195358, 40.84599284220526]]}}, {"type": "Feature", "properties": {"segment_id": 1464040, "physicalid": "98899", "street_name": "CAROLL ST", "borough": "bronx", "direction": "TW", "total_row_ft": 31.0, "roadbed_ft": 20.8, "median_ft": 0.0, "left_sw_ft": 5.4, "right_sw_ft": 4.9}, "geometry": {"type": "LineString", "coordinates": [[-73.78478861179654, 40.84608868374582], [-73.7847623018136, 40.846005884736485]]}}, {"type": "Feature", "properties": {"segment_id": 1464041, "physicalid": "98899", "street_name": "CAROLL ST", "borough": "bronx", "direction": "TW", "total_row_ft": 30.9, "roadbed_ft": 20.4, "median_ft": 0.0, "left_sw_ft": 5.2, "right_sw_ft": 5.3}, "geometry": {"type": "LineString", "coordinates": [[-73.78471821906129, 40.846101175818426], [-73.78469204918332, 40.84601881745337]]}}, {"type": "Feature", "properties": {"segment_id": 1464042, "physicalid": "98900", "street_name": "CAROLL ST", "borough": "bronx", "direction": "TW", "total_row_ft": 30.7, "roadbed_ft": 19.5, "median_ft": 0.0, "left_sw_ft": 5.3, "right_sw_ft": 6.0}, "geometry": {"type": "LineString", "coordinates": [[-73.7846040842919, 40.8461218321732], [-73.78457800367283, 40.84603979023204]]}}, {"type": "Feature", "properties": {"segment_id": 1464043, "physicalid": "98900", "street_name": "CAROLL ST", "borough": "bronx", "direction": "TW", "total_row_ft": 30.7, "roadbed_ft": 19.1, "median_ft": 0.0, "left_sw_ft": 5.4, "right_sw_ft": 6.2}, "geometry": {"type": "LineString", "coordinates": [[-73.784533766078, 40.84613455894473], [-73.78450774691652, 40.8460527100591]]}}, {"type": "Feature", "properties": {"segment_id": 1464044, "physicalid": "98900", "street_name": "CAROLL ST", "borough": "bronx", "direction": "TW", "total_row_ft": 30.6, "roadbed_ft": 18.7, "median_ft": 0.0, "left_sw_ft": 5.5, "right_sw_ft": 6.4}, "geometry": {"type": "LineString", "coordinates": [[-73.78446344783718, 40.84614728567339], [-73.78443749010025, 40.8460656297406]]}}, {"type": "Feature", "properties": {"segment_id": 1464045, "physicalid": "98900", "street_name": "CAROLL ST", "borough": "bronx", "direction": "TW", "total_row_ft": 30.5, "roadbed_ft": 18.5, "median_ft": 0.0, "left_sw_ft": 5.4, "right_sw_ft": 6.6}, "geometry": {"type": "LineString", "coordinates": [[-73.78439312956944, 40.84616001235916], [-73.78436723150003, 40.84607854385325]]}}, {"type": "Feature", "properties": {"segment_id": 1464046, "physicalid": "98900", "street_name": "CAROLL ST", "borough": "bronx", "direction": "TW", "total_row_ft": 30.5, "roadbed_ft": 18.5, "median_ft": 0.0, "left_sw_ft": 5.1, "right_sw_ft": 6.9}, "geometry": {"type": "LineString", "coordinates": [[-73.78432281127483, 40.84617273900202], [-73.7842969728725, 40.846091457923066]]}}, {"type": "Feature", "properties": {"segment_id": 1464047, "physicalid": "98900", "street_name": "CAROLL ST", "borough": "bronx", "direction": "TW", "total_row_ft": 30.4, "roadbed_ft": 19.0, "median_ft": 0.0, "left_sw_ft": 4.9, "right_sw_ft": 6.5}, "geometry": {"type": "LineString", "coordinates": [[-73.78425249291358, 40.846185465477106], [-73.78422671426418, 40.846104372096256]]}}, {"type": "Feature", "properties": {"segment_id": 1464048, "physicalid": "98900", "street_name": "CAROLL ST", "borough": "bronx", "direction": "TW", "total_row_ft": 62.6, "roadbed_ft": 51.0, "median_ft": 0.0, "left_sw_ft": 5.5, "right_sw_ft": 6.1}, "geometry": {"type": "LineString", "coordinates": [[-73.78420954181942, 40.84628428284318], [-73.78415645564615, 40.84611728628189]]}}, {"type": "Feature", "properties": {"segment_id": 1464049, "physicalid": "98900", "street_name": "CAROLL ST", "borough": "bronx", "direction": "TW", "total_row_ft": 71.5, "roadbed_ft": 60.8, "median_ft": 0.0, "left_sw_ft": 4.9, "right_sw_ft": 5.7}, "geometry": {"type": "LineString", "coordinates": [[-73.78414680344889, 40.84632085455675], [-73.78408619700085, 40.84613020042471]]}}, {"type": "Feature", "properties": {"segment_id": 1464050, "physicalid": "98900", "street_name": "CAROLL ST", "borough": "bronx", "direction": "TW", "total_row_ft": 68.3, "roadbed_ft": 57.8, "median_ft": 0.0, "left_sw_ft": 5.2, "right_sw_ft": 5.3}, "geometry": {"type": "LineString", "coordinates": [[-73.78407387103007, 40.84632535828677], [-73.78401592060737, 40.84614305877843]]}}, {"type": "Feature", "properties": {"segment_id": 1464051, "physicalid": "98900", "street_name": "CAROLL ST", "borough": "bronx", "direction": "TW", "total_row_ft": 51.5, "roadbed_ft": 24.5, "median_ft": 0.0, "left_sw_ft": 21.8, "right_sw_ft": 5.1}, "geometry": {"type": "LineString", "coordinates": [[-73.78398929683902, 40.84629323945352], [-73.78394562968698, 40.84615587147606]]}}, {"type": "Feature", "properties": {"segment_id": 1464052, "physicalid": "98900", "street_name": "CAROLL ST", "borough": "bronx", "direction": "TW", "total_row_ft": 32.3, "roadbed_ft": 21.5, "median_ft": 0.0, "left_sw_ft": 5.8, "right_sw_ft": 5.0}, "geometry": {"type": "LineString", "coordinates": [[-73.78390269637876, 40.846254746053354], [-73.78387533873953, 40.84616868413082]]}}, {"type": "Feature", "properties": {"segment_id": 1464053, "physicalid": "98900", "street_name": "CAROLL ST", "borough": "bronx", "direction": "TW", "total_row_ft": 32.4, "roadbed_ft": 21.6, "median_ft": 0.0, "left_sw_ft": 5.9, "right_sw_ft": 4.9}, "geometry": {"type": "LineString", "coordinates": [[-73.78383251497377, 40.84626790363683], [-73.78380504776501, 40.84618149674272]]}}, {"type": "Feature", "properties": {"segment_id": 1464054, "physicalid": "98900", "street_name": "CAROLL ST", "borough": "bronx", "direction": "TW", "total_row_ft": 32.5, "roadbed_ft": 21.9, "median_ft": 0.0, "left_sw_ft": 5.9, "right_sw_ft": 4.8}, "geometry": {"type": "LineString", "coordinates": [[-73.78376233356853, 40.846281061264115], [-73.78373475677145, 40.846194309337065]]}}, {"type": "Feature", "properties": {"segment_id": 1464055, "physicalid": "98900", "street_name": "CAROLL ST", "borough": "bronx", "direction": "TW", "total_row_ft": 32.6, "roadbed_ft": 22.1, "median_ft": 0.0, "left_sw_ft": 5.9, "right_sw_ft": 4.6}, "geometry": {"type": "LineString", "coordinates": [[-73.78369215215598, 40.846294218913016], [-73.78366446576081, 40.84620712192003]]}}, {"type": "Feature", "properties": {"segment_id": 1472811, "physicalid": "99493", "street_name": "MARINE ST", "borough": "bronx", "direction": "TW", "total_row_ft": 150.0, "roadbed_ft": 120.0, "median_ft": 0.0, "left_sw_ft": 15.0, "right_sw_ft": 15.0}, "geometry": {"type": "LineString", "coordinates": [[-73.78391481964984, 40.84050696365564], [-73.78381040792938, 40.84018728645949]]}}, {"type": "Feature", "properties": {"segment_id": 1472812, "physicalid": "99493", "street_name": "MARINE ST", "borough": "bronx", "direction": "TW", "total_row_ft": 115.6, "roadbed_ft": 23.1, "median_ft": 0.0, "left_sw_ft": 48.1, "right_sw_ft": 44.3}, "geometry": {"type": "LineString", "coordinates": [[-73.78384466432966, 40.84052017963016], [-73.78374025292557, 40.84020050237125]]}}, {"type": "Feature", "properties": {"segment_id": 1472813, "physicalid": "99493", "street_name": "MARINE ST", "borough": "bronx", "direction": "TW", "total_row_ft": 36.7, "roadbed_ft": 23.2, "median_ft": 0.0, "left_sw_ft": 7.0, "right_sw_ft": 6.6}, "geometry": {"type": "LineString", "coordinates": [[-73.78373837935371, 40.840422777185054], [-73.78370644544391, 40.84032500455503]]}}, {"type": "Feature", "properties": {"segment_id": 1472814, "physicalid": "99493", "street_name": "MARINE ST", "borough": "bronx", "direction": "TW", "total_row_ft": 36.3, "roadbed_ft": 23.2, "median_ft": 0.0, "left_sw_ft": 7.1, "right_sw_ft": 6.1}, "geometry": {"type": "LineString", "coordinates": [[-73.78366802343854, 40.84043537872162], [-73.78363642466911, 40.84033863188448]]}}, {"type": "Feature", "properties": {"segment_id": 1472815, "physicalid": "99493", "street_name": "MARINE ST", "borough": "bronx", "direction": "TW", "total_row_ft": 35.9, "roadbed_ft": 23.0, "median_ft": 0.0, "left_sw_ft": 7.2, "right_sw_ft": 5.7}, "geometry": {"type": "LineString", "coordinates": [[-73.78359766760828, 40.840447980556796], [-73.78356640386562, 40.84035225917138]]}}, {"type": "Feature", "properties": {"segment_id": 1472816, "physicalid": "99493", "street_name": "MARINE ST", "borough": "bronx", "direction": "TW", "total_row_ft": 35.5, "roadbed_ft": 22.4, "median_ft": 0.0, "left_sw_ft": 7.3, "right_sw_ft": 5.8}, "geometry": {"type": "LineString", "coordinates": [[-73.78352731169684, 40.840460582182104], [-73.78349638303345, 40.840365886415746]]}}, {"type": "Feature", "properties": {"segment_id": 1472817, "physicalid": "99493", "street_name": "MARINE ST", "borough": "bronx", "direction": "TW", "total_row_ft": 35.2, "roadbed_ft": 21.9, "median_ft": 0.0, "left_sw_ft": 7.3, "right_sw_ft": 5.9}, "geometry": {"type": "LineString", "coordinates": [[-73.78345695575875, 40.84047318376448], [-73.7834263621726, 40.84037951361757]]}}, {"type": "Feature", "properties": {"segment_id": 1472818, "physicalid": "99493", "street_name": "MARINE ST", "borough": "bronx", "direction": "TW", "total_row_ft": 34.8, "roadbed_ft": 21.7, "median_ft": 0.0, "left_sw_ft": 7.1, "right_sw_ft": 6.0}, "geometry": {"type": "LineString", "coordinates": [[-73.78338660643503, 40.84048580563719], [-73.78335634126968, 40.84039314073588]]}}, {"type": "Feature", "properties": {"segment_id": 1472819, "physicalid": "99493", "street_name": "MARINE ST", "borough": "bronx", "direction": "TW", "total_row_ft": 34.4, "roadbed_ft": 21.5, "median_ft": 0.0, "left_sw_ft": 6.9, "right_sw_ft": 6.0}, "geometry": {"type": "LineString", "coordinates": [[-73.78331626254608, 40.84049844418868], [-73.78328632033255, 40.84040676779479]]}}, {"type": "Feature", "properties": {"segment_id": 1472820, "physicalid": "99493", "street_name": "MARINE ST", "borough": "bronx", "direction": "TW", "total_row_ft": 34.0, "roadbed_ft": 21.2, "median_ft": 0.0, "left_sw_ft": 6.7, "right_sw_ft": 6.1}, "geometry": {"type": "LineString", "coordinates": [[-73.78324591863635, 40.84051108271545], [-73.78321629936671, 40.8404203948111]]}}, {"type": "Feature", "properties": {"segment_id": 1472821, "physicalid": "99493", "street_name": "MARINE ST", "borough": "bronx", "direction": "TW", "total_row_ft": 33.7, "roadbed_ft": 20.9, "median_ft": 0.0, "left_sw_ft": 6.6, "right_sw_ft": 6.2}, "geometry": {"type": "LineString", "coordinates": [[-73.78317557469987, 40.84052372119929], [-73.78314627837223, 40.840434021784894]]}}, {"type": "Feature", "properties": {"segment_id": 1472822, "physicalid": "99493", "street_name": "MARINE ST", "borough": "bronx", "direction": "TW", "total_row_ft": 33.3, "roadbed_ft": 20.4, "median_ft": 0.0, "left_sw_ft": 6.7, "right_sw_ft": 6.2}, "geometry": {"type": "LineString", "coordinates": [[-73.78310523073668, 40.84053635964019], [-73.78307625734902, 40.840447648716136]]}}, {"type": "Feature", "properties": {"segment_id": 1472823, "physicalid": "99493", "street_name": "MARINE ST", "borough": "bronx", "direction": "TW", "total_row_ft": 32.7, "roadbed_ft": 19.7, "median_ft": 0.0, "left_sw_ft": 6.7, "right_sw_ft": 6.3}, "geometry": {"type": "LineString", "coordinates": [[-73.78303467027865, 40.840548335253374], [-73.78300623629603, 40.840461275601406]]}}, {"type": "Feature", "properties": {"segment_id": 1472824, "physicalid": "99493", "street_name": "MARINE ST", "borough": "bronx", "direction": "TW", "total_row_ft": 32.0, "roadbed_ft": 18.6, "median_ft": 0.0, "left_sw_ft": 6.8, "right_sw_ft": 6.6}, "geometry": {"type": "LineString", "coordinates": [[-73.78296406592875, 40.840560176511964], [-73.78293621517604, 40.84047490232684]]}}, {"type": "Feature", "properties": {"segment_id": 1472825, "physicalid": "99493", "street_name": "MARINE ST", "borough": "bronx", "direction": "TW", "total_row_ft": 31.3, "roadbed_ft": 18.4, "median_ft": 0.0, "left_sw_ft": 6.9, "right_sw_ft": 6.0}, "geometry": {"type": "LineString", "coordinates": [[-73.78289346155371, 40.84057201772734], [-73.78286619402735, 40.840488529009725]]}}, {"type": "Feature", "properties": {"segment_id": 1472843, "physicalid": "99494", "street_name": "HORTON ST", "borough": "bronx", "direction": "TW", "total_row_ft": 40.2, "roadbed_ft": 19.1, "median_ft": 0.0, "left_sw_ft": 15.0, "right_sw_ft": 6.1}, "geometry": {"type": "LineString", "coordinates": [[-73.7824918730708, 40.84011594540501], [-73.78242406373039, 40.83990183480592]]}}, {"type": "Feature", "properties": {"segment_id": 1472844, "physicalid": "99494", "street_name": "HORTON ST", "borough": "bronx", "direction": "TW", "total_row_ft": 39.9, "roadbed_ft": 18.8, "median_ft": 0.0, "left_sw_ft": 15.0, "right_sw_ft": 6.0}, "geometry": {"type": "LineString", "coordinates": [[-73.78242159631102, 40.84012878255147], [-73.78235382535722, 40.83991479244668]]}}, {"type": "Feature", "properties": {"segment_id": 1472845, "physicalid": "99494", "street_name": "HORTON ST", "borough": "bronx", "direction": "TW", "total_row_ft": 39.7, "roadbed_ft": 18.7, "median_ft": 0.0, "left_sw_ft": 15.0, "right_sw_ft": 5.9}, "geometry": {"type": "LineString", "coordinates": [[-73.7823513195241, 40.84014161965507], [-73.78228358695668, 40.839927750044644]]}}, {"type": "Feature", "properties": {"segment_id": 1472846, "physicalid": "99494", "street_name": "HORTON ST", "borough": "bronx", "direction": "TW", "total_row_ft": 39.5, "roadbed_ft": 18.7, "median_ft": 0.0, "left_sw_ft": 15.0, "right_sw_ft": 5.8}, "geometry": {"type": "LineString", "coordinates": [[-73.78228104271007, 40.84015445671584], [-73.78221336972194, 40.83994077451888]]}}, {"type": "Feature", "properties": {"segment_id": 1472847, "physicalid": "99494", "street_name": "HORTON ST", "borough": "bronx", "direction": "TW", "total_row_ft": 39.5, "roadbed_ft": 18.9, "median_ft": 0.0, "left_sw_ft": 15.0, "right_sw_ft": 5.6}, "geometry": {"type": "LineString", "coordinates": [[-73.78221076586892, 40.840167293733735], [-73.78214322350885, 40.839954023294524]]}}, {"type": "Feature", "properties": {"segment_id": 1472848, "physicalid": "99494", "street_name": "HORTON ST", "borough": "bronx", "direction": "TW", "total_row_ft": 39.7, "roadbed_ft": 19.3, "median_ft": 0.0, "left_sw_ft": 15.0, "right_sw_ft": 5.4}, "geometry": {"type": "LineString", "coordinates": [[-73.78214048900064, 40.840180130708816], [-73.78207307728064, 40.83996727206792]]}}, {"type": "Feature", "properties": {"segment_id": 1472849, "physicalid": "99494", "street_name": "HORTON ST", "borough": "bronx", "direction": "TW", "total_row_ft": 39.9, "roadbed_ft": 19.7, "median_ft": 0.0, "left_sw_ft": 15.0, "right_sw_ft": 5.2}, "geometry": {"type": "LineString", "coordinates": [[-73.78207021210524, 40.84019296764105], [-73.7820029310297, 40.839980520815075]]}}, {"type": "Feature", "properties": {"segment_id": 1472850, "physicalid": "99494", "street_name": "HORTON ST", "borough": "bronx", "direction": "TW", "total_row_ft": 40.1, "roadbed_ft": 20.1, "median_ft": 0.0, "left_sw_ft": 15.0, "right_sw_ft": 5.0}, "geometry": {"type": "LineString", "coordinates": [[-73.78199993518274, 40.840205804530406], [-73.78193278480265, 40.83999376968324]]}}, {"type": "Feature", "properties": {"segment_id": 1472851, "physicalid": "99494", "street_name": "HORTON ST", "borough": "bronx", "direction": "TW", "total_row_ft": 39.9, "roadbed_ft": 20.2, "median_ft": 0.0, "left_sw_ft": 15.0, "right_sw_ft": 4.7}, "geometry": {"type": "LineString", "coordinates": [[-73.7819296582331, 40.84021864137692], [-73.78186263856931, 40.840007018577026]]}}, {"type": "Feature", "properties": {"segment_id": 1472852, "physicalid": "99494", "street_name": "HORTON ST", "borough": "bronx", "direction": "TW", "total_row_ft": 39.7, "roadbed_ft": 20.7, "median_ft": 0.0, "left_sw_ft": 15.0, "right_sw_ft": 4.0}, "geometry": {"type": "LineString", "coordinates": [[-73.78185938125631, 40.84023147818063], [-73.78179238176209, 40.84001991836344]]}}, {"type": "Feature", "properties": {"segment_id": 1494496, "physicalid": "100853", "street_name": "EARLEY ST", "borough": "bronx", "direction": "TW", "total_row_ft": 45.5, "roadbed_ft": 29.1, "median_ft": 0.0, "left_sw_ft": 8.0, "right_sw_ft": 8.5}, "geometry": {"type": "LineString", "coordinates": [[-73.78822199516597, 40.84250019257385], [-73.78817750144997, 40.84237989716446]]}}, {"type": "Feature", "properties": {"segment_id": 1494497, "physicalid": "100853", "street_name": "EARLEY ST", "borough": "bronx", "direction": "TW", "total_row_ft": 45.9, "roadbed_ft": 29.2, "median_ft": 0.0, "left_sw_ft": 8.3, "right_sw_ft": 8.4}, "geometry": {"type": "LineString", "coordinates": [[-73.7881528628915, 40.842516275786025], [-73.78810799662548, 40.84239497279208]]}}, {"type": "Feature", "properties": {"segment_id": 1494498, "physicalid": "100853", "street_name": "EARLEY ST", "borough": "bronx", "direction": "TW", "total_row_ft": 46.4, "roadbed_ft": 29.4, "median_ft": 0.0, "left_sw_ft": 8.6, "right_sw_ft": 8.3}, "geometry": {"type": "LineString", "coordinates": [[-73.78808373055399, 40.842532358876674], [-73.78803840319475, 40.842409808900904]]}}, {"type": "Feature", "properties": {"segment_id": 1494499, "physicalid": "100853", "street_name": "EARLEY ST", "borough": "bronx", "direction": "TW", "total_row_ft": 46.7, "roadbed_ft": 29.7, "median_ft": 0.0, "left_sw_ft": 8.5, "right_sw_ft": 8.4}, "geometry": {"type": "LineString", "coordinates": [[-73.78801423668223, 40.84254746454805], [-73.78796863584569, 40.84242417483254]]}}, {"type": "Feature", "properties": {"segment_id": 1494500, "physicalid": "100853", "street_name": "EARLEY ST", "borough": "bronx", "direction": "TW", "total_row_ft": 46.8, "roadbed_ft": 29.8, "median_ft": 0.0, "left_sw_ft": 8.4, "right_sw_ft": 8.6}, "geometry": {"type": "LineString", "coordinates": [[-73.78794463765237, 40.842562285949555], [-73.7878988685194, 40.84243854086502]]}}, {"type": "Feature", "properties": {"segment_id": 1494501, "physicalid": "100853", "street_name": "EARLEY ST", "borough": "bronx", "direction": "TW", "total_row_ft": 47.0, "roadbed_ft": 29.8, "median_ft": 0.0, "left_sw_ft": 8.2, "right_sw_ft": 9.0}, "geometry": {"type": "LineString", "coordinates": [[-73.78787503859871, 40.84257710732851], [-73.787829101163, 40.84245290685526]]}}, {"type": "Feature", "properties": {"segment_id": 1494502, "physicalid": "100853", "street_name": "EARLEY ST", "borough": "bronx", "direction": "TW", "total_row_ft": 46.9, "roadbed_ft": 29.8, "median_ft": 0.0, "left_sw_ft": 8.1, "right_sw_ft": 9.0}, "geometry": {"type": "LineString", "coordinates": [[-73.78780543957897, 40.842591928841024], [-73.78775964319011, 40.84246810936516]]}}, {"type": "Feature", "properties": {"segment_id": 1494503, "physicalid": "100853", "street_name": "EARLEY ST", "borough": "bronx", "direction": "TW", "total_row_ft": 46.6, "roadbed_ft": 29.8, "median_ft": 0.0, "left_sw_ft": 8.0, "right_sw_ft": 8.9}, "geometry": {"type": "LineString", "coordinates": [[-73.78773584055998, 40.84260675039728], [-73.7876902849552, 40.84248358158134]]}}, {"type": "Feature", "properties": {"segment_id": 1494504, "physicalid": "100853", "street_name": "EARLEY ST", "borough": "bronx", "direction": "TW", "total_row_ft": 46.5, "roadbed_ft": 29.7, "median_ft": 0.0, "left_sw_ft": 8.1, "right_sw_ft": 8.7}, "geometry": {"type": "LineString", "coordinates": [[-73.78766639768492, 40.84262199416261], [-73.787620926688, 40.84249905375577]]}}, {"type": "Feature", "properties": {"segment_id": 1494505, "physicalid": "100853", "street_name": "EARLEY ST", "borough": "bronx", "direction": "TW", "total_row_ft": 46.4, "roadbed_ft": 29.6, "median_ft": 0.0, "left_sw_ft": 8.2, "right_sw_ft": 8.6}, "geometry": {"type": "LineString", "coordinates": [[-73.7875969554757, 40.84263723977238], [-73.78755156838857, 40.84251452588849]]}}, {"type": "Feature", "properties": {"segment_id": 1494506, "physicalid": "100853", "street_name": "EARLEY ST", "borough": "bronx", "direction": "TW", "total_row_ft": 46.4, "roadbed_ft": 29.6, "median_ft": 0.0, "left_sw_ft": 8.4, "right_sw_ft": 8.4}, "geometry": {"type": "LineString", "coordinates": [[-73.78752751323468, 40.84265248534033], [-73.78748215606561, 40.84252985200158]]}}, {"type": "Feature", "properties": {"segment_id": 1494507, "physicalid": "100853", "street_name": "EARLEY ST", "borough": "bronx", "direction": "TW", "total_row_ft": 46.5, "roadbed_ft": 29.6, "median_ft": 0.0, "left_sw_ft": 8.5, "right_sw_ft": 8.4}, "geometry": {"type": "LineString", "coordinates": [[-73.78745807096182, 40.8426677308664], [-73.78741266150368, 40.84254495580674]]}}, {"type": "Feature", "properties": {"segment_id": 1494508, "physicalid": "100853", "street_name": "EARLEY ST", "borough": "bronx", "direction": "TW", "total_row_ft": 46.3, "roadbed_ft": 29.5, "median_ft": 0.0, "left_sw_ft": 8.5, "right_sw_ft": 8.4}, "geometry": {"type": "LineString", "coordinates": [[-73.78738845131991, 40.84268249687773], [-73.78734316691902, 40.84256005959381]]}}, {"type": "Feature", "properties": {"segment_id": 1494509, "physicalid": "100853", "street_name": "EARLEY ST", "borough": "bronx", "direction": "TW", "total_row_ft": 46.1, "roadbed_ft": 29.5, "median_ft": 0.0, "left_sw_ft": 8.3, "right_sw_ft": 8.3}, "geometry": {"type": "LineString", "coordinates": [[-73.78731869934202, 40.842696905128044], [-73.78727367225211, 40.842575163201936]]}}, {"type": "Feature", "properties": {"segment_id": 1494510, "physicalid": "100853", "street_name": "EARLEY ST", "borough": "bronx", "direction": "TW", "total_row_ft": 45.8, "roadbed_ft": 29.5, "median_ft": 0.0, "left_sw_ft": 8.1, "right_sw_ft": 8.2}, "geometry": {"type": "LineString", "coordinates": [[-73.78724894733394, 40.84271131333613], [-73.78720417752196, 40.84259026668251]]}}, {"type": "Feature", "properties": {"segment_id": 1494511, "physicalid": "100853", "street_name": "EARLEY ST", "borough": "bronx", "direction": "TW", "total_row_ft": 45.6, "roadbed_ft": 29.5, "median_ft": 0.0, "left_sw_ft": 8.0, "right_sw_ft": 8.1}, "geometry": {"type": "LineString", "coordinates": [[-73.78717919529564, 40.842725721502], [-73.78713466185488, 40.84260531359779]]}}, {"type": "Feature", "properties": {"segment_id": 1494512, "physicalid": "100853", "street_name": "EARLEY ST", "borough": "bronx", "direction": "TW", "total_row_ft": 45.4, "roadbed_ft": 29.5, "median_ft": 0.0, "left_sw_ft": 7.9, "right_sw_ft": 8.0}, "geometry": {"type": "LineString", "coordinates": [[-73.78710947488918, 40.84274021523248], [-73.78706512305637, 40.84262029801404]]}}, {"type": "Feature", "properties": {"segment_id": 1494513, "physicalid": "100853", "street_name": "EARLEY ST", "borough": "bronx", "direction": "TW", "total_row_ft": 45.4, "roadbed_ft": 29.5, "median_ft": 0.0, "left_sw_ft": 8.0, "right_sw_ft": 7.9}, "geometry": {"type": "LineString", "coordinates": [[-73.7870399527075, 40.842755244957964], [-73.78699558426672, 40.842635282496936]]}}, {"type": "Feature", "properties": {"segment_id": 1494514, "physicalid": "100853", "street_name": "EARLEY ST", "borough": "bronx", "direction": "TW", "total_row_ft": 45.4, "roadbed_ft": 29.5, "median_ft": 0.0, "left_sw_ft": 8.1, "right_sw_ft": 7.8}, "geometry": {"type": "LineString", "coordinates": [[-73.78697043049442, 40.8427702746415], [-73.78692604547746, 40.84265026702364]]}}, {"type": "Feature", "properties": {"segment_id": 1494515, "physicalid": "100853", "street_name": "EARLEY ST", "borough": "bronx", "direction": "TW", "total_row_ft": 45.4, "roadbed_ft": 29.5, "median_ft": 0.0, "left_sw_ft": 8.2, "right_sw_ft": 7.7}, "geometry": {"type": "LineString", "coordinates": [[-73.78690090824993, 40.842785304283105], [-73.78685651423233, 40.842665271990874]]}}, {"type": "Feature", "properties": {"segment_id": 1494516, "physicalid": "100853", "street_name": "EARLEY ST", "borough": "bronx", "direction": "TW", "total_row_ft": 45.4, "roadbed_ft": 29.5, "median_ft": 0.0, "left_sw_ft": 8.2, "right_sw_ft": 7.7}, "geometry": {"type": "LineString", "coordinates": [[-73.78683138597401, 40.84280033388276], [-73.7867870572661, 40.84268047783681]]}}, {"type": "Feature", "properties": {"segment_id": 1494517, "physicalid": "100853", "street_name": "EARLEY ST", "borough": "bronx", "direction": "TW", "total_row_ft": 45.3, "roadbed_ft": 29.5, "median_ft": 0.0, "left_sw_ft": 8.2, "right_sw_ft": 7.6}, "geometry": {"type": "LineString", "coordinates": [[-73.7867618636667, 40.842815363440494], [-73.78671760026812, 40.84269568364089]]}}, {"type": "Feature", "properties": {"segment_id": 1494518, "physicalid": "100853", "street_name": "EARLEY ST", "borough": "bronx", "direction": "TW", "total_row_ft": 45.2, "roadbed_ft": 29.4, "median_ft": 0.0, "left_sw_ft": 8.3, "right_sw_ft": 7.5}, "geometry": {"type": "LineString", "coordinates": [[-73.78669235226091, 40.84283042251694], [-73.7866481432384, 40.842710889403115]]}}, {"type": "Feature", "properties": {"segment_id": 1494519, "physicalid": "100853", "street_name": "EARLEY ST", "borough": "bronx", "direction": "TW", "total_row_ft": 45.3, "roadbed_ft": 29.5, "median_ft": 0.0, "left_sw_ft": 8.4, "right_sw_ft": 7.4}, "geometry": {"type": "LineString", "coordinates": [[-73.78662295501978, 40.8428457903171], [-73.78657868617691, 40.842726095123496]]}}, {"type": "Feature", "properties": {"segment_id": 1494520, "physicalid": "100853", "street_name": "EARLEY ST", "borough": "bronx", "direction": "TW", "total_row_ft": 45.4, "roadbed_ft": 29.6, "median_ft": 0.0, "left_sw_ft": 8.3, "right_sw_ft": 7.4}, "geometry": {"type": "LineString", "coordinates": [[-73.7865535578022, 40.842861158225915], [-73.78650919412718, 40.8427412062853]]}}, {"type": "Feature", "properties": {"segment_id": 1494521, "physicalid": "100853", "street_name": "EARLEY ST", "borough": "bronx", "direction": "TW", "total_row_ft": 45.6, "roadbed_ft": 29.8, "median_ft": 0.0, "left_sw_ft": 8.3, "right_sw_ft": 7.5}, "geometry": {"type": "LineString", "coordinates": [[-73.78648416055255, 40.84287652609295], [-73.78643956441788, 40.842755945280416]]}}, {"type": "Feature", "properties": {"segment_id": 1494522, "physicalid": "100853", "street_name": "EARLEY ST", "borough": "bronx", "direction": "TW", "total_row_ft": 45.9, "roadbed_ft": 30.0, "median_ft": 0.0, "left_sw_ft": 8.2, "right_sw_ft": 7.6}, "geometry": {"type": "LineString", "coordinates": [[-73.78641476327084, 40.842891893918186], [-73.7863699345879, 40.84277068399054]]}}, {"type": "Feature", "properties": {"segment_id": 1494523, "physicalid": "100853", "street_name": "EARLEY ST", "borough": "bronx", "direction": "TW", "total_row_ft": 46.0, "roadbed_ft": 29.9, "median_ft": 0.0, "left_sw_ft": 8.3, "right_sw_ft": 7.9}, "geometry": {"type": "LineString", "coordinates": [[-73.7863452854597, 40.8429070440488], [-73.78630030489431, 40.84278542311086]]}}, {"type": "Feature", "properties": {"segment_id": 1494524, "physicalid": "100853", "street_name": "EARLEY ST", "borough": "bronx", "direction": "TW", "total_row_ft": 46.0, "roadbed_ft": 29.7, "median_ft": 0.0, "left_sw_ft": 8.2, "right_sw_ft": 8.1}, "geometry": {"type": "LineString", "coordinates": [[-73.7862756524364, 40.84292177455146], [-73.78623067505295, 40.84280016187296]]}}, {"type": "Feature", "properties": {"segment_id": 1494525, "physicalid": "100853", "street_name": "EARLEY ST", "borough": "bronx", "direction": "TW", "total_row_ft": 46.2, "roadbed_ft": 29.8, "median_ft": 0.0, "left_sw_ft": 8.2, "right_sw_ft": 8.1}, "geometry": {"type": "LineString", "coordinates": [[-73.78620601938225, 40.84293650501207], [-73.7861608919028, 40.842814486148484]]}}, {"type": "Feature", "properties": {"segment_id": 1494526, "physicalid": "100853", "street_name": "EARLEY ST", "borough": "bronx", "direction": "TW", "total_row_ft": 46.4, "roadbed_ft": 30.0, "median_ft": 0.0, "left_sw_ft": 8.2, "right_sw_ft": 8.2}, "geometry": {"type": "LineString", "coordinates": [[-73.78613638629726, 40.84295123543058], [-73.78609100033736, 40.84282851732073]]}}, {"type": "Feature", "properties": {"segment_id": 1494527, "physicalid": "100853", "street_name": "EARLEY ST", "borough": "bronx", "direction": "TW", "total_row_ft": 46.7, "roadbed_ft": 30.2, "median_ft": 0.0, "left_sw_ft": 8.2, "right_sw_ft": 8.3}, "geometry": {"type": "LineString", "coordinates": [[-73.78606675318144, 40.84296596580703], [-73.7860211088144, 40.842842548645166]]}}, {"type": "Feature", "properties": {"segment_id": 1494528, "physicalid": "100853", "street_name": "EARLEY ST", "borough": "bronx", "direction": "TW", "total_row_ft": 47.1, "roadbed_ft": 30.4, "median_ft": 0.0, "left_sw_ft": 8.4, "right_sw_ft": 8.4}, "geometry": {"type": "LineString", "coordinates": [[-73.78599723996936, 40.84298102043112], [-73.78595121730014, 40.84285658003046]]}}, {"type": "Feature", "properties": {"segment_id": 1494529, "physicalid": "100853", "street_name": "EARLEY ST", "borough": "bronx", "direction": "TW", "total_row_ft": 47.5, "roadbed_ft": 30.3, "median_ft": 0.0, "left_sw_ft": 8.4, "right_sw_ft": 8.8}, "geometry": {"type": "LineString", "coordinates": [[-73.78592772933933, 40.84299608207994], [-73.78588132575638, 40.84287061137336]]}}, {"type": "Feature", "properties": {"segment_id": 1494530, "physicalid": "100853", "street_name": "EARLEY ST", "borough": "bronx", "direction": "TW", "total_row_ft": 47.4, "roadbed_ft": 30.3, "median_ft": 0.0, "left_sw_ft": 8.4, "right_sw_ft": 8.7}, "geometry": {"type": "LineString", "coordinates": [[-73.78585821869724, 40.843011143739304], [-73.78581191690726, 40.84288594791848]]}}, {"type": "Feature", "properties": {"segment_id": 1494531, "physicalid": "100853", "street_name": "EARLEY ST", "borough": "bronx", "direction": "TW", "total_row_ft": 47.2, "roadbed_ft": 30.3, "median_ft": 0.0, "left_sw_ft": 8.4, "right_sw_ft": 8.5}, "geometry": {"type": "LineString", "coordinates": [[-73.78578870810811, 40.843026205585076], [-73.78574261873176, 40.842901583761126]]}}, {"type": "Feature", "properties": {"segment_id": 1494532, "physicalid": "100853", "street_name": "EARLEY ST", "borough": "bronx", "direction": "TW", "total_row_ft": 46.9, "roadbed_ft": 30.3, "median_ft": 0.0, "left_sw_ft": 8.4, "right_sw_ft": 8.3}, "geometry": {"type": "LineString", "coordinates": [[-73.78571919748751, 40.843041267388955], [-73.78567332055863, 40.84291721965663]]}}, {"type": "Feature", "properties": {"segment_id": 1494533, "physicalid": "100853", "street_name": "EARLEY ST", "borough": "bronx", "direction": "TW", "total_row_ft": 46.8, "roadbed_ft": 30.3, "median_ft": 0.0, "left_sw_ft": 8.5, "right_sw_ft": 8.0}, "geometry": {"type": "LineString", "coordinates": [[-73.78564975008537, 40.84305650017407], [-73.78560402235294, 40.842932855510455]]}}, {"type": "Feature", "properties": {"segment_id": 1494534, "physicalid": "100853", "street_name": "EARLEY ST", "borough": "bronx", "direction": "TW", "total_row_ft": 46.6, "roadbed_ft": 30.3, "median_ft": 0.0, "left_sw_ft": 8.6, "right_sw_ft": 7.8}, "geometry": {"type": "LineString", "coordinates": [[-73.78558030928407, 40.84307175085156], [-73.78553472423671, 40.842948491652606]]}}, {"type": "Feature", "properties": {"segment_id": 1494535, "physicalid": "100853", "street_name": "EARLEY ST", "borough": "bronx", "direction": "TW", "total_row_ft": 47.0, "roadbed_ft": 30.2, "median_ft": 0.0, "left_sw_ft": 8.7, "right_sw_ft": 8.1}, "geometry": {"type": "LineString", "coordinates": [[-73.7855108685191, 40.843087001671535], [-73.78546494179972, 40.84296281826099]]}}, {"type": "Feature", "properties": {"segment_id": 1494536, "physicalid": "100853", "street_name": "EARLEY ST", "borough": "bronx", "direction": "TW", "total_row_ft": 47.4, "roadbed_ft": 30.2, "median_ft": 0.0, "left_sw_ft": 8.7, "right_sw_ft": 8.4}, "geometry": {"type": "LineString", "coordinates": [[-73.78544142781027, 40.843102252687565], [-73.78539513149529, 40.84297706955602]]}}, {"type": "Feature", "properties": {"segment_id": 1494537, "physicalid": "100853", "street_name": "EARLEY ST", "borough": "bronx", "direction": "TW", "total_row_ft": 49.9, "roadbed_ft": 30.2, "median_ft": 0.0, "left_sw_ft": 10.9, "right_sw_ft": 8.7}, "geometry": {"type": "LineString", "coordinates": [[-73.7853740579422, 40.84312310321138], [-73.78532532116091, 40.84299132080865]]}}, {"type": "Feature", "properties": {"segment_id": 1494538, "physicalid": "100853", "street_name": "EARLEY ST", "borough": "bronx", "direction": "TW", "total_row_ft": 50.1, "roadbed_ft": 30.2, "median_ft": 0.0, "left_sw_ft": 10.9, "right_sw_ft": 9.0}, "geometry": {"type": "LineString", "coordinates": [[-73.78530451680987, 40.84313808279009], [-73.7852555107834, 40.8430055719832]]}}, {"type": "Feature", "properties": {"segment_id": 1494539, "physicalid": "100853", "street_name": "EARLEY ST", "borough": "bronx", "direction": "TW", "total_row_ft": 50.5, "roadbed_ft": 30.2, "median_ft": 0.0, "left_sw_ft": 10.9, "right_sw_ft": 9.4}, "geometry": {"type": "LineString", "coordinates": [[-73.78523497564252, 40.84315306231691], [-73.78518563612863, 40.843019649391756]]}}, {"type": "Feature", "properties": {"segment_id": 1494540, "physicalid": "100853", "street_name": "EARLEY ST", "borough": "bronx", "direction": "TW", "total_row_ft": 50.9, "roadbed_ft": 30.2, "median_ft": 0.0, "left_sw_ft": 10.9, "right_sw_ft": 9.8}, "geometry": {"type": "LineString", "coordinates": [[-73.78516543454371, 40.84316804207168], [-73.78511565025242, 40.8430334260962]]}}, {"type": "Feature", "properties": {"segment_id": 1494541, "physicalid": "100853", "street_name": "EARLEY ST", "borough": "bronx", "direction": "TW", "total_row_ft": 120.0, "roadbed_ft": 30.7, "median_ft": 0.0, "left_sw_ft": 44.8, "right_sw_ft": 44.5}, "geometry": {"type": "LineString", "coordinates": [[-73.78512901582809, 40.84327258423292], [-73.78501174616673, 40.84295548791938]]}}, {"type": "Feature", "properties": {"segment_id": 1494561, "physicalid": "100855", "street_name": "MARINE ST", "borough": "bronx", "direction": "TW", "total_row_ft": 30.0, "roadbed_ft": 0.0, "median_ft": 0.0, "left_sw_ft": 15.0, "right_sw_ft": 15.0}, "geometry": {"type": "LineString", "coordinates": [[-73.78711152130722, 40.840210340898594], [-73.7870084762005, 40.839890408113284]]}}, {"type": "Feature", "properties": {"segment_id": 1494562, "physicalid": "100855", "street_name": "MARINE ST", "borough": "bronx", "direction": "TW", "total_row_ft": 23.4, "roadbed_ft": 0.0, "median_ft": 0.0, "left_sw_ft": 8.4, "right_sw_ft": 15.0}, "geometry": {"type": "LineString", "coordinates": [[-73.7870413102128, 40.84022338395176], [-73.78693826542352, 40.839903451104426]]}}, {"type": "Feature", "properties": {"segment_id": 1494563, "physicalid": "100855", "street_name": "MARINE ST", "borough": "bronx", "direction": "TW", "total_row_ft": 30.0, "roadbed_ft": 0.0, "median_ft": 0.0, "left_sw_ft": 15.0, "right_sw_ft": 15.0}, "geometry": {"type": "LineString", "coordinates": [[-73.78697109909083, 40.84023642696214], [-73.78686805461899, 40.839916494052815]]}}, {"type": "Feature", "properties": {"segment_id": 1494564, "physicalid": "100855", "street_name": "MARINE ST", "borough": "bronx", "direction": "TW", "total_row_ft": 47.9, "roadbed_ft": 27.2, "median_ft": 0.0, "left_sw_ft": 12.0, "right_sw_ft": 8.6}, "geometry": {"type": "LineString", "coordinates": [[-73.78687375052544, 40.840165213599995], [-73.7868325980786, 40.84003744293874]]}}, {"type": "Feature", "properties": {"segment_id": 1494565, "physicalid": "100855", "street_name": "MARINE ST", "borough": "bronx", "direction": "TW", "total_row_ft": 47.8, "roadbed_ft": 27.8, "median_ft": 0.0, "left_sw_ft": 11.6, "right_sw_ft": 8.4}, "geometry": {"type": "LineString", "coordinates": [[-73.78680341917787, 40.84017788314138], [-73.78676233515753, 40.84005032451285]]}}, {"type": "Feature", "properties": {"segment_id": 1494566, "physicalid": "100855", "street_name": "MARINE ST", "borough": "bronx", "direction": "TW", "total_row_ft": 47.6, "roadbed_ft": 28.3, "median_ft": 0.0, "left_sw_ft": 11.1, "right_sw_ft": 8.2}, "geometry": {"type": "LineString", "coordinates": [[-73.78673298487922, 40.84019023307769], [-73.78669207220925, 40.84006320604414]]}}, {"type": "Feature", "properties": {"segment_id": 1494567, "physicalid": "100855", "street_name": "MARINE ST", "borough": "bronx", "direction": "TW", "total_row_ft": 47.4, "roadbed_ft": 28.8, "median_ft": 0.0, "left_sw_ft": 10.6, "right_sw_ft": 8.0}, "geometry": {"type": "LineString", "coordinates": [[-73.78666254162206, 40.84020255523742], [-73.78662180923375, 40.840076087532594]]}}, {"type": "Feature", "properties": {"segment_id": 1494568, "physicalid": "100855", "street_name": "MARINE ST", "borough": "bronx", "direction": "TW", "total_row_ft": 47.2, "roadbed_ft": 29.3, "median_ft": 0.0, "left_sw_ft": 10.0, "right_sw_ft": 7.9}, "geometry": {"type": "LineString", "coordinates": [[-73.78659206756319, 40.840214781800476], [-73.78655154623105, 40.84008896897821]]}}, {"type": "Feature", "properties": {"segment_id": 1494569, "physicalid": "100855", "street_name": "MARINE ST", "borough": "bronx", "direction": "TW", "total_row_ft": 46.9, "roadbed_ft": 29.8, "median_ft": 0.0, "left_sw_ft": 9.1, "right_sw_ft": 7.9}, "geometry": {"type": "LineString", "coordinates": [[-73.78652129045979, 40.84022606749063], [-73.7864810537069, 40.84010113783111]]}}, {"type": "Feature", "properties": {"segment_id": 1494570, "physicalid": "100855", "street_name": "MARINE ST", "borough": "bronx", "direction": "TW", "total_row_ft": 46.7, "roadbed_ft": 30.3, "median_ft": 0.0, "left_sw_ft": 8.3, "right_sw_ft": 8.2}, "geometry": {"type": "LineString", "coordinates": [[-73.7864505247234, 40.84023738850491], [-73.78641042837864, 40.84011289438014]]}}, {"type": "Feature", "properties": {"segment_id": 1494571, "physicalid": "100855", "street_name": "MARINE ST", "borough": "bronx", "direction": "TW", "total_row_ft": 47.1, "roadbed_ft": 30.4, "median_ft": 0.0, "left_sw_ft": 8.2, "right_sw_ft": 8.5}, "geometry": {"type": "LineString", "coordinates": [[-73.78638020998027, 40.840250109829995], [-73.78633980302544, 40.84012465088591]]}}, {"type": "Feature", "properties": {"segment_id": 1494572, "physicalid": "100855", "street_name": "MARINE ST", "borough": "bronx", "direction": "TW", "total_row_ft": 47.4, "roadbed_ft": 30.0, "median_ft": 0.0, "left_sw_ft": 8.2, "right_sw_ft": 9.2}, "geometry": {"type": "LineString", "coordinates": [[-73.78630989521024, 40.84026283111216], [-73.78626917764915, 40.84013640735421]]}}, {"type": "Feature", "properties": {"segment_id": 1494573, "physicalid": "100855", "street_name": "MARINE ST", "borough": "bronx", "direction": "TW", "total_row_ft": 47.8, "roadbed_ft": 29.7, "median_ft": 0.0, "left_sw_ft": 8.2, "right_sw_ft": 9.9}, "geometry": {"type": "LineString", "coordinates": [[-73.78623958040227, 40.84027555231717], [-73.78619855226319, 40.84014816382677]]}}, {"type": "Feature", "properties": {"segment_id": 1494574, "physicalid": "100855", "street_name": "MARINE ST", "borough": "bronx", "direction": "TW", "total_row_ft": 47.6, "roadbed_ft": 29.4, "median_ft": 0.0, "left_sw_ft": 8.2, "right_sw_ft": 10.0}, "geometry": {"type": "LineString", "coordinates": [[-73.7861692655592, 40.84028827345376], [-73.78612843335407, 40.84016149290454]]}}, {"type": "Feature", "properties": {"segment_id": 1494575, "physicalid": "100855", "street_name": "MARINE ST", "borough": "bronx", "direction": "TW", "total_row_ft": 47.2, "roadbed_ft": 29.6, "median_ft": 0.0, "left_sw_ft": 8.1, "right_sw_ft": 9.5}, "geometry": {"type": "LineString", "coordinates": [[-73.78609895069452, 40.84030099456388], [-73.7860584109428, 40.84017512164616]]}}, {"type": "Feature", "properties": {"segment_id": 1494576, "physicalid": "100855", "street_name": "MARINE ST", "borough": "bronx", "direction": "TW", "total_row_ft": 46.9, "roadbed_ft": 29.7, "median_ft": 0.0, "left_sw_ft": 8.1, "right_sw_ft": 9.1}, "geometry": {"type": "LineString", "coordinates": [[-73.78602863586597, 40.8403137158268], [-73.78598838840992, 40.84018875005664]]}}, {"type": "Feature", "properties": {"segment_id": 1494577, "physicalid": "100855", "street_name": "MARINE ST", "borough": "bronx", "direction": "TW", "total_row_ft": 46.6, "roadbed_ft": 29.9, "median_ft": 0.0, "left_sw_ft": 8.1, "right_sw_ft": 8.6}, "geometry": {"type": "LineString", "coordinates": [[-73.78595839934691, 40.840326680276554], [-73.78591836589631, 40.84020237857355]]}}, {"type": "Feature", "properties": {"segment_id": 1494578, "physicalid": "100855", "street_name": "MARINE ST", "borough": "bronx", "direction": "TW", "total_row_ft": 46.8, "roadbed_ft": 30.1, "median_ft": 0.0, "left_sw_ft": 8.2, "right_sw_ft": 8.5}, "geometry": {"type": "LineString", "coordinates": [[-73.78588820001617, 40.840339760236375], [-73.78584797462541, 40.8402148621595]]}}, {"type": "Feature", "properties": {"segment_id": 1494579, "physicalid": "100855", "street_name": "MARINE ST", "borough": "bronx", "direction": "TW", "total_row_ft": 47.2, "roadbed_ft": 30.2, "median_ft": 0.0, "left_sw_ft": 8.3, "right_sw_ft": 8.7}, "geometry": {"type": "LineString", "coordinates": [[-73.78581800067124, 40.840352840195145], [-73.7857774431044, 40.84022691031181]]}}, {"type": "Feature", "properties": {"segment_id": 1494580, "physicalid": "100855", "street_name": "MARINE ST", "borough": "bronx", "direction": "TW", "total_row_ft": 47.6, "roadbed_ft": 30.0, "median_ft": 0.0, "left_sw_ft": 8.4, "right_sw_ft": 9.2}, "geometry": {"type": "LineString", "coordinates": [[-73.78574780121731, 40.84036591985838], [-73.78570691157564, 40.84023895847623]]}}, {"type": "Feature", "properties": {"segment_id": 1494581, "physicalid": "100855", "street_name": "MARINE ST", "borough": "bronx", "direction": "TW", "total_row_ft": 48.0, "roadbed_ft": 29.8, "median_ft": 0.0, "left_sw_ft": 8.5, "right_sw_ft": 9.7}, "geometry": {"type": "LineString", "coordinates": [[-73.78567760163943, 40.84037899917972], [-73.78563638018018, 40.84025100709071]]}}, {"type": "Feature", "properties": {"segment_id": 1494582, "physicalid": "100855", "street_name": "MARINE ST", "borough": "bronx", "direction": "TW", "total_row_ft": 48.3, "roadbed_ft": 29.7, "median_ft": 0.0, "left_sw_ft": 8.5, "right_sw_ft": 10.2}, "geometry": {"type": "LineString", "coordinates": [[-73.78560731197403, 40.840391798823084], [-73.78556584865115, 40.84026305532657]]}}, {"type": "Feature", "properties": {"segment_id": 1494583, "physicalid": "100855", "street_name": "MARINE ST", "borough": "bronx", "direction": "TW", "total_row_ft": 48.3, "roadbed_ft": 29.4, "median_ft": 0.0, "left_sw_ft": 8.5, "right_sw_ft": 10.4}, "geometry": {"type": "LineString", "coordinates": [[-73.78553697203012, 40.84040444239276], [-73.78549548683442, 40.84027563055766]]}}, {"type": "Feature", "properties": {"segment_id": 1494584, "physicalid": "100855", "street_name": "MARINE ST", "borough": "bronx", "direction": "TW", "total_row_ft": 47.6, "roadbed_ft": 29.4, "median_ft": 0.0, "left_sw_ft": 8.4, "right_sw_ft": 9.8}, "geometry": {"type": "LineString", "coordinates": [[-73.78546663060747, 40.84041708141103], [-73.78542576274818, 40.84029018599661]]}}, {"type": "Feature", "properties": {"segment_id": 1494585, "physicalid": "100855", "street_name": "MARINE ST", "borough": "bronx", "direction": "TW", "total_row_ft": 46.9, "roadbed_ft": 29.4, "median_ft": 0.0, "left_sw_ft": 8.4, "right_sw_ft": 9.0}, "geometry": {"type": "LineString", "coordinates": [[-73.78539628830173, 40.840429717727346], [-73.78535603863367, 40.84030474140033]]}}, {"type": "Feature", "properties": {"segment_id": 1494586, "physicalid": "100855", "street_name": "MARINE ST", "borough": "bronx", "direction": "TW", "total_row_ft": 46.2, "roadbed_ft": 29.3, "median_ft": 0.0, "left_sw_ft": 8.4, "right_sw_ft": 8.4}, "geometry": {"type": "LineString", "coordinates": [[-73.78532594700542, 40.840442357217995], [-73.78528631448675, 40.840319296756014]]}}, {"type": "Feature", "properties": {"segment_id": 1494587, "physicalid": "100855", "street_name": "MARINE ST", "borough": "bronx", "direction": "TW", "total_row_ft": 45.4, "roadbed_ft": 29.2, "median_ft": 0.0, "left_sw_ft": 8.4, "right_sw_ft": 7.8}, "geometry": {"type": "LineString", "coordinates": [[-73.78525560568237, 40.840454996665734], [-73.78521659032754, 40.840333852125944]]}}, {"type": "Feature", "properties": {"segment_id": 1494588, "physicalid": "100855", "street_name": "MARINE ST", "borough": "bronx", "direction": "TW", "total_row_ft": 45.2, "roadbed_ft": 29.1, "median_ft": 0.0, "left_sw_ft": 8.4, "right_sw_ft": 7.6}, "geometry": {"type": "LineString", "coordinates": [[-73.78518531289463, 40.84046778685818], [-73.78514654389569, 40.84034740687154]]}}, {"type": "Feature", "properties": {"segment_id": 1494589, "physicalid": "100855", "street_name": "MARINE ST", "borough": "bronx", "direction": "TW", "total_row_ft": 45.3, "roadbed_ft": 29.0, "median_ft": 0.0, "left_sw_ft": 8.5, "right_sw_ft": 7.8}, "geometry": {"type": "LineString", "coordinates": [[-73.78511509153523, 40.84048079888112], [-73.78507616536086, 40.84035993045882]]}}, {"type": "Feature", "properties": {"segment_id": 1494590, "physicalid": "100855", "street_name": "MARINE ST", "borough": "bronx", "direction": "TW", "total_row_ft": 45.5, "roadbed_ft": 29.1, "median_ft": 0.0, "left_sw_ft": 8.6, "right_sw_ft": 7.8}, "geometry": {"type": "LineString", "coordinates": [[-73.78504487023046, 40.84049381111622], [-73.78500578679953, 40.840372454003116]]}}, {"type": "Feature", "properties": {"segment_id": 1494591, "physicalid": "100855", "street_name": "MARINE ST", "borough": "bronx", "direction": "TW", "total_row_ft": 45.7, "roadbed_ft": 29.1, "median_ft": 0.0, "left_sw_ft": 8.7, "right_sw_ft": 7.8}, "geometry": {"type": "LineString", "coordinates": [[-73.78497464889821, 40.84050682330856], [-73.78493540821654, 40.84038497751945]]}}, {"type": "Feature", "properties": {"segment_id": 1494592, "physicalid": "100855", "street_name": "MARINE ST", "borough": "bronx", "direction": "TW", "total_row_ft": 45.9, "roadbed_ft": 29.4, "median_ft": 0.0, "left_sw_ft": 8.7, "right_sw_ft": 7.8}, "geometry": {"type": "LineString", "coordinates": [[-73.7849044275385, 40.840519835458096], [-73.78486502968626, 40.84039750123879]]}}, {"type": "Feature", "properties": {"segment_id": 1494593, "physicalid": "100855", "street_name": "MARINE ST", "borough": "bronx", "direction": "TW", "total_row_ft": 46.1, "roadbed_ft": 29.4, "median_ft": 0.0, "left_sw_ft": 8.6, "right_sw_ft": 8.0}, "geometry": {"type": "LineString", "coordinates": [[-73.78483419944368, 40.840532826736904], [-73.78479465112352, 40.84041002489664]]}}, {"type": "Feature", "properties": {"segment_id": 1494594, "physicalid": "100855", "street_name": "MARINE ST", "borough": "bronx", "direction": "TW", "total_row_ft": 46.2, "roadbed_ft": 29.4, "median_ft": 0.0, "left_sw_ft": 8.4, "right_sw_ft": 8.3}, "geometry": {"type": "LineString", "coordinates": [[-73.78476389421628, 40.840545578552764], [-73.78472425166504, 40.84042248370993]]}}, {"type": "Feature", "properties": {"segment_id": 1494595, "physicalid": "100855", "street_name": "MARINE ST", "borough": "bronx", "direction": "TW", "total_row_ft": 46.3, "roadbed_ft": 29.4, "median_ft": 0.0, "left_sw_ft": 8.4, "right_sw_ft": 8.5}, "geometry": {"type": "LineString", "coordinates": [[-73.78469358896194, 40.84055833032574], [-73.78465383676884, 40.840434894625886]]}}, {"type": "Feature", "properties": {"segment_id": 1494596, "physicalid": "100855", "street_name": "MARINE ST", "borough": "bronx", "direction": "TW", "total_row_ft": 46.4, "roadbed_ft": 29.6, "median_ft": 0.0, "left_sw_ft": 8.5, "right_sw_ft": 8.3}, "geometry": {"type": "LineString", "coordinates": [[-73.78462328368066, 40.840571082055874], [-73.78458342184636, 40.840447305498785]]}}, {"type": "Feature", "properties": {"segment_id": 1494597, "physicalid": "100855", "street_name": "MARINE ST", "borough": "bronx", "direction": "TW", "total_row_ft": 46.6, "roadbed_ft": 29.7, "median_ft": 0.0, "left_sw_ft": 8.5, "right_sw_ft": 8.3}, "geometry": {"type": "LineString", "coordinates": [[-73.78455297837242, 40.84058383374309], [-73.78451300689761, 40.840459716328695]]}}, {"type": "Feature", "properties": {"segment_id": 1494598, "physicalid": "100855", "street_name": "MARINE ST", "borough": "bronx", "direction": "TW", "total_row_ft": 46.7, "roadbed_ft": 29.7, "median_ft": 0.0, "left_sw_ft": 8.5, "right_sw_ft": 8.5}, "geometry": {"type": "LineString", "coordinates": [[-73.7844826730372, 40.840596585387416], [-73.78444255944372, 40.84047202626329]]}}, {"type": "Feature", "properties": {"segment_id": 1494599, "physicalid": "100855", "street_name": "MARINE ST", "borough": "bronx", "direction": "TW", "total_row_ft": 47.0, "roadbed_ft": 30.0, "median_ft": 0.0, "left_sw_ft": 8.6, "right_sw_ft": 8.4}, "geometry": {"type": "LineString", "coordinates": [[-73.78441248092285, 40.840609688641884], [-73.7843720991917, 40.84048429649537]]}}, {"type": "Feature", "properties": {"segment_id": 1494600, "physicalid": "100855", "street_name": "MARINE ST", "borough": "bronx", "direction": "TW", "total_row_ft": 47.3, "roadbed_ft": 30.4, "median_ft": 0.0, "left_sw_ft": 8.5, "right_sw_ft": 8.4}, "geometry": {"type": "LineString", "coordinates": [[-73.78434233232689, 40.84062292707166], [-73.78430170927994, 40.84049678518477]]}}, {"type": "Feature", "properties": {"segment_id": 1494601, "physicalid": "100855", "street_name": "MARINE ST", "borough": "bronx", "direction": "TW", "total_row_ft": 47.3, "roadbed_ft": 30.0, "median_ft": 0.0, "left_sw_ft": 8.5, "right_sw_ft": 8.8}, "geometry": {"type": "LineString", "coordinates": [[-73.78427218368415, 40.840636165400184], [-73.78423156403146, 40.840510033640754]]}}, {"type": "Feature", "properties": {"segment_id": 1494602, "physicalid": "100855", "street_name": "MARINE ST", "borough": "bronx", "direction": "TW", "total_row_ft": 47.3, "roadbed_ft": 29.6, "median_ft": 0.0, "left_sw_ft": 8.5, "right_sw_ft": 9.2}, "geometry": {"type": "LineString", "coordinates": [[-73.78420203497511, 40.840649403566815], [-73.78416141892451, 40.840523282580335]]}}, {"type": "Feature", "properties": {"segment_id": 1494603, "physicalid": "100855", "street_name": "MARINE ST", "borough": "bronx", "direction": "TW", "total_row_ft": 119.7, "roadbed_ft": 35.3, "median_ft": 0.0, "left_sw_ft": 41.8, "right_sw_ft": 42.6}, "geometry": {"type": "LineString", "coordinates": [[-73.7841623371477, 40.84075719785909], [-73.7840595998641, 40.840438176918006]]}}, {"type": "Feature", "properties": {"segment_id": 1494604, "physicalid": "100856", "street_name": "TIER ST", "borough": "bronx", "direction": "TW", "total_row_ft": 150.0, "roadbed_ft": 120.0, "median_ft": 0.0, "left_sw_ft": 15.0, "right_sw_ft": 15.0}, "geometry": {"type": "LineString", "coordinates": [[-73.78691780287774, 40.848547799621954], [-73.78679458327136, 40.84823200530357]]}}, {"type": "Feature", "properties": {"segment_id": 1494605, "physicalid": "100856", "street_name": "TIER ST", "borough": "bronx", "direction": "TW", "total_row_ft": 78.1, "roadbed_ft": 22.6, "median_ft": 0.0, "left_sw_ft": 48.8, "right_sw_ft": 6.7}, "geometry": {"type": "LineString", "coordinates": [[-73.7868484912095, 40.84856339431236], [-73.78676829610565, 40.84835786548136]]}}, {"type": "Feature", "properties": {"segment_id": 1494606, "physicalid": "100856", "street_name": "TIER ST", "borough": "bronx", "direction": "TW", "total_row_ft": 42.8, "roadbed_ft": 21.2, "median_ft": 0.0, "left_sw_ft": 15.0, "right_sw_ft": 6.7}, "geometry": {"type": "LineString", "coordinates": [[-73.78677917950876, 40.84857898896107], [-73.78669914369326, 40.848373867817976]]}}, {"type": "Feature", "properties": {"segment_id": 1494607, "physicalid": "100856", "street_name": "TIER ST", "borough": "bronx", "direction": "TW", "total_row_ft": 42.4, "roadbed_ft": 20.7, "median_ft": 0.0, "left_sw_ft": 15.0, "right_sw_ft": 6.7}, "geometry": {"type": "LineString", "coordinates": [[-73.7867098677755, 40.84859458356811], [-73.78662999149762, 40.84838987075382]]}}, {"type": "Feature", "properties": {"segment_id": 1494608, "physicalid": "100856", "street_name": "TIER ST", "borough": "bronx", "direction": "TW", "total_row_ft": 41.9, "roadbed_ft": 20.6, "median_ft": 0.0, "left_sw_ft": 15.0, "right_sw_ft": 6.3}, "geometry": {"type": "LineString", "coordinates": [[-73.78664055600976, 40.848610178133455], [-73.78656083990863, 40.84840587528822]]}}, {"type": "Feature", "properties": {"segment_id": 1494609, "physicalid": "100856", "street_name": "TIER ST", "borough": "bronx", "direction": "TW", "total_row_ft": 41.4, "roadbed_ft": 20.7, "median_ft": 0.0, "left_sw_ft": 15.0, "right_sw_ft": 5.7}, "geometry": {"type": "LineString", "coordinates": [[-73.78657124421152, 40.84862577265709], [-73.78649168828635, 40.84842187978113]]}}, {"type": "Feature", "properties": {"segment_id": 1494610, "physicalid": "100856", "street_name": "TIER ST", "borough": "bronx", "direction": "TW", "total_row_ft": 32.6, "roadbed_ft": 21.1, "median_ft": 0.0, "left_sw_ft": 6.3, "right_sw_ft": 5.2}, "geometry": {"type": "LineString", "coordinates": [[-73.78645598253394, 40.84852360270272], [-73.78642253663081, 40.84843788423256]]}}, {"type": "Feature", "properties": {"segment_id": 1494611, "physicalid": "100856", "street_name": "TIER ST", "borough": "bronx", "direction": "TW", "total_row_ft": 32.8, "roadbed_ft": 21.5, "median_ft": 0.0, "left_sw_ft": 6.5, "right_sw_ft": 4.8}, "geometry": {"type": "LineString", "coordinates": [[-73.78638687454306, 40.84853971933376], [-73.7863532183741, 40.84845346174412]]}}, {"type": "Feature", "properties": {"segment_id": 1494612, "physicalid": "100856", "street_name": "TIER ST", "borough": "bronx", "direction": "TW", "total_row_ft": 33.1, "roadbed_ft": 21.4, "median_ft": 0.0, "left_sw_ft": 6.6, "right_sw_ft": 5.1}, "geometry": {"type": "LineString", "coordinates": [[-73.78631776648446, 40.848555835835654], [-73.78628375986004, 40.84846867982929]]}}, {"type": "Feature", "properties": {"segment_id": 1494613, "physicalid": "100856", "street_name": "TIER ST", "borough": "bronx", "direction": "TW", "total_row_ft": 33.5, "roadbed_ft": 21.4, "median_ft": 0.0, "left_sw_ft": 6.8, "right_sw_ft": 5.3}, "geometry": {"type": "LineString", "coordinates": [[-73.7862486583924, 40.848571952296105], [-73.78621430120681, 40.84848389759746]]}}, {"type": "Feature", "properties": {"segment_id": 1494614, "physicalid": "100856", "street_name": "TIER ST", "borough": "bronx", "direction": "TW", "total_row_ft": 33.8, "roadbed_ft": 21.4, "median_ft": 0.0, "left_sw_ft": 6.9, "right_sw_ft": 5.5}, "geometry": {"type": "LineString", "coordinates": [[-73.78617955026684, 40.84858806871512], [-73.78614484252182, 40.848499115323776]]}}, {"type": "Feature", "properties": {"segment_id": 1494615, "physicalid": "100856", "street_name": "TIER ST", "borough": "bronx", "direction": "TW", "total_row_ft": 34.1, "roadbed_ft": 21.2, "median_ft": 0.0, "left_sw_ft": 7.3, "right_sw_ft": 5.7}, "geometry": {"type": "LineString", "coordinates": [[-73.78611044210778, 40.8486041850927], [-73.78607538382862, 40.848514333068636]]}}, {"type": "Feature", "properties": {"segment_id": 1494616, "physicalid": "100856", "street_name": "TIER ST", "borough": "bronx", "direction": "TW", "total_row_ft": 34.5, "roadbed_ft": 21.1, "median_ft": 0.0, "left_sw_ft": 7.6, "right_sw_ft": 5.8}, "geometry": {"type": "LineString", "coordinates": [[-73.78604133391524, 40.84862030142879], [-73.78600592515028, 40.848529550891165]]}}, {"type": "Feature", "properties": {"segment_id": 1494617, "physicalid": "100856", "street_name": "TIER ST", "borough": "bronx", "direction": "TW", "total_row_ft": 34.8, "roadbed_ft": 21.0, "median_ft": 0.0, "left_sw_ft": 7.9, "right_sw_ft": 5.9}, "geometry": {"type": "LineString", "coordinates": [[-73.7859722256892, 40.848636417723476], [-73.78593646644015, 40.848544768671864]]}}, {"type": "Feature", "properties": {"segment_id": 1494618, "physicalid": "100856", "street_name": "TIER ST", "borough": "bronx", "direction": "TW", "total_row_ft": 35.1, "roadbed_ft": 20.7, "median_ft": 0.0, "left_sw_ft": 8.2, "right_sw_ft": 6.2}, "geometry": {"type": "LineString", "coordinates": [[-73.78590307847803, 40.84865243414553], [-73.78586700769824, 40.84855998641067]]}}, {"type": "Feature", "properties": {"segment_id": 1494619, "physicalid": "100856", "street_name": "TIER ST", "borough": "bronx", "direction": "TW", "total_row_ft": 35.1, "roadbed_ft": 20.1, "median_ft": 0.0, "left_sw_ft": 8.2, "right_sw_ft": 6.8}, "geometry": {"type": "LineString", "coordinates": [[-73.78583362145913, 40.84866765658764], [-73.78579754892456, 40.848575204107654]]}}, {"type": "Feature", "properties": {"segment_id": 1494620, "physicalid": "100856", "street_name": "TIER ST", "borough": "bronx", "direction": "TW", "total_row_ft": 46.1, "roadbed_ft": 23.1, "median_ft": 0.0, "left_sw_ft": 8.0, "right_sw_ft": 15.0}, "geometry": {"type": "LineString", "coordinates": [[-73.78576416440843, 40.84868287898789], [-73.78568559748231, 40.84848151417664]]}}, {"type": "Feature", "properties": {"segment_id": 1494621, "physicalid": "100856", "street_name": "TIER ST", "borough": "bronx", "direction": "TW", "total_row_ft": 45.8, "roadbed_ft": 23.1, "median_ft": 0.0, "left_sw_ft": 7.7, "right_sw_ft": 15.0}, "geometry": {"type": "LineString", "coordinates": [[-73.78569470732593, 40.84869810134629], [-73.78561628559426, 40.84849710812685]]}}, {"type": "Feature", "properties": {"segment_id": 1494622, "physicalid": "100856", "street_name": "TIER ST", "borough": "bronx", "direction": "TW", "total_row_ft": 45.5, "roadbed_ft": 23.1, "median_ft": 0.0, "left_sw_ft": 7.4, "right_sw_ft": 15.0}, "geometry": {"type": "LineString", "coordinates": [[-73.78562521126665, 40.84871322384765], [-73.78554697367372, 40.848512702035364]]}}, {"type": "Feature", "properties": {"segment_id": 1494623, "physicalid": "100856", "street_name": "TIER ST", "borough": "bronx", "direction": "TW", "total_row_ft": 45.1, "roadbed_ft": 23.1, "median_ft": 0.0, "left_sw_ft": 7.0, "right_sw_ft": 15.0}, "geometry": {"type": "LineString", "coordinates": [[-73.78555564438194, 40.848728164863644], [-73.78547766172066, 40.84852829590223]]}}, {"type": "Feature", "properties": {"segment_id": 1494624, "physicalid": "100856", "street_name": "TIER ST", "borough": "bronx", "direction": "TW", "total_row_ft": 44.7, "roadbed_ft": 23.2, "median_ft": 0.0, "left_sw_ft": 6.6, "right_sw_ft": 15.0}, "geometry": {"type": "LineString", "coordinates": [[-73.78548607746598, 40.84874310583764], [-73.78540834973512, 40.848543889727374]]}}, {"type": "Feature", "properties": {"segment_id": 1494625, "physicalid": "100856", "street_name": "TIER ST", "borough": "bronx", "direction": "TW", "total_row_ft": 44.3, "roadbed_ft": 23.3, "median_ft": 0.0, "left_sw_ft": 6.1, "right_sw_ft": 15.0}, "geometry": {"type": "LineString", "coordinates": [[-73.78541651051877, 40.84875804676967], [-73.78533903771708, 40.84855948351083]]}}, {"type": "Feature", "properties": {"segment_id": 1494626, "physicalid": "100856", "street_name": "TIER ST", "borough": "bronx", "direction": "TW", "total_row_ft": 44.8, "roadbed_ft": 23.4, "median_ft": 0.0, "left_sw_ft": 6.4, "right_sw_ft": 15.0}, "geometry": {"type": "LineString", "coordinates": [[-73.78534780744087, 40.84877520184103], [-73.78526972566654, 40.84857507725263]]}}, {"type": "Feature", "properties": {"segment_id": 1494627, "physicalid": "100856", "street_name": "TIER ST", "borough": "bronx", "direction": "TW", "total_row_ft": 53.5, "roadbed_ft": 23.5, "median_ft": 0.0, "left_sw_ft": 15.0, "right_sw_ft": 15.0}, "geometry": {"type": "LineString", "coordinates": [[-73.78532362628587, 40.848906466954205], [-73.7852004135835, 40.84859067095271]]}}, {"type": "Feature", "properties": {"segment_id": 1494628, "physicalid": "100856", "street_name": "TIER ST", "borough": "bronx", "direction": "TW", "total_row_ft": 53.5, "roadbed_ft": 23.5, "median_ft": 0.0, "left_sw_ft": 15.0, "right_sw_ft": 15.0}, "geometry": {"type": "LineString", "coordinates": [[-73.78525431387015, 40.8489220606858], [-73.78513110146797, 40.84860626461112]]}}, {"type": "Feature", "properties": {"segment_id": 1494629, "physicalid": "100856", "street_name": "TIER ST", "borough": "bronx", "direction": "TW", "total_row_ft": 53.5, "roadbed_ft": 23.5, "median_ft": 0.0, "left_sw_ft": 15.0, "right_sw_ft": 15.0}, "geometry": {"type": "LineString", "coordinates": [[-73.78518500142192, 40.84893765437569], [-73.78506178931994, 40.84862185822783]]}}, {"type": "Feature", "properties": {"segment_id": 1494630, "physicalid": "100856", "street_name": "TIER ST", "borough": "bronx", "direction": "TW", "total_row_ft": 53.5, "roadbed_ft": 23.5, "median_ft": 0.0, "left_sw_ft": 15.0, "right_sw_ft": 15.0}, "geometry": {"type": "LineString", "coordinates": [[-73.7851156889412, 40.84895324802388], [-73.78499247713941, 40.84863745180284]]}}, {"type": "Feature", "properties": {"segment_id": 1494631, "physicalid": "100856", "street_name": "TIER ST", "borough": "bronx", "direction": "TW", "total_row_ft": 53.5, "roadbed_ft": 23.5, "median_ft": 0.0, "left_sw_ft": 15.0, "right_sw_ft": 15.0}, "geometry": {"type": "LineString", "coordinates": [[-73.78504637642801, 40.84896884163039], [-73.78492316492637, 40.84865304533618]]}}, {"type": "Feature", "properties": {"segment_id": 1494632, "physicalid": "100856", "street_name": "TIER ST", "borough": "bronx", "direction": "TW", "total_row_ft": 53.5, "roadbed_ft": 23.5, "median_ft": 0.0, "left_sw_ft": 15.0, "right_sw_ft": 15.0}, "geometry": {"type": "LineString", "coordinates": [[-73.78497706388231, 40.848984435195206], [-73.78485385268084, 40.84866863882783]]}}, {"type": "Feature", "properties": {"segment_id": 1494633, "physicalid": "100856", "street_name": "TIER ST", "borough": "bronx", "direction": "TW", "total_row_ft": 53.5, "roadbed_ft": 23.5, "median_ft": 0.0, "left_sw_ft": 15.0, "right_sw_ft": 15.0}, "geometry": {"type": "LineString", "coordinates": [[-73.7849077513041, 40.84900002871835], [-73.78478454040282, 40.84868423227778]]}}, {"type": "Feature", "properties": {"segment_id": 1494634, "physicalid": "100856", "street_name": "TIER ST", "borough": "bronx", "direction": "TW", "total_row_ft": 60.1, "roadbed_ft": 30.1, "median_ft": 0.0, "left_sw_ft": 15.0, "right_sw_ft": 15.0}, "geometry": {"type": "LineString", "coordinates": [[-73.7848384386934, 40.84901562219978], [-73.7847152280923, 40.84869982568607]]}}, {"type": "Feature", "properties": {"segment_id": 1515708, "physicalid": "102141", "street_name": "PILOT ST", "borough": "bronx", "direction": "TW", "total_row_ft": 150.0, "roadbed_ft": 120.0, "median_ft": 0.0, "left_sw_ft": 15.0, "right_sw_ft": 15.0}, "geometry": {"type": "LineString", "coordinates": [[-73.78424080507321, 40.84139218874299], [-73.78413994990233, 40.841071853449776]]}}, {"type": "Feature", "properties": {"segment_id": 1515709, "physicalid": "102141", "street_name": "PILOT ST", "borough": "bronx", "direction": "TW", "total_row_ft": 51.3, "roadbed_ft": 23.0, "median_ft": 0.0, "left_sw_ft": 5.5, "right_sw_ft": 22.8}, "geometry": {"type": "LineString", "coordinates": [[-73.78413419900636, 40.841289641540826], [-73.78406964953112, 40.841084619018716]]}}, {"type": "Feature", "properties": {"segment_id": 1515710, "physicalid": "102141", "street_name": "PILOT ST", "borough": "bronx", "direction": "TW", "total_row_ft": 35.2, "roadbed_ft": 23.3, "median_ft": 0.0, "left_sw_ft": 4.9, "right_sw_ft": 7.0}, "geometry": {"type": "LineString", "coordinates": [[-73.78406390624775, 40.841302432019525], [-73.78403428420218, 40.84120834610535]]}}, {"type": "Feature", "properties": {"segment_id": 1515711, "physicalid": "102141", "street_name": "PILOT ST", "borough": "bronx", "direction": "TW", "total_row_ft": 35.0, "roadbed_ft": 23.7, "median_ft": 0.0, "left_sw_ft": 4.4, "right_sw_ft": 7.0}, "geometry": {"type": "LineString", "coordinates": [[-73.78399361346213, 40.84131522245538], [-73.78396418389227, 40.8412217475724]]}}, {"type": "Feature", "properties": {"segment_id": 1515712, "physicalid": "102141", "street_name": "PILOT ST", "borough": "bronx", "direction": "TW", "total_row_ft": 34.8, "roadbed_ft": 23.7, "median_ft": 0.0, "left_sw_ft": 4.2, "right_sw_ft": 6.9}, "geometry": {"type": "LineString", "coordinates": [[-73.78392332064948, 40.841328012848344], [-73.78389408355412, 40.84123514899681]]}}, {"type": "Feature", "properties": {"segment_id": 1515713, "physicalid": "102141", "street_name": "PILOT ST", "borough": "bronx", "direction": "TW", "total_row_ft": 34.6, "roadbed_ft": 23.1, "median_ft": 0.0, "left_sw_ft": 4.5, "right_sw_ft": 6.9}, "geometry": {"type": "LineString", "coordinates": [[-73.78385303036114, 40.841340811302125], [-73.78382398318772, 40.84124855037857]]}}, {"type": "Feature", "properties": {"segment_id": 1515714, "physicalid": "102141", "street_name": "PILOT ST", "borough": "bronx", "direction": "TW", "total_row_ft": 34.3, "roadbed_ft": 22.5, "median_ft": 0.0, "left_sw_ft": 4.9, "right_sw_ft": 6.9}, "geometry": {"type": "LineString", "coordinates": [[-73.78378274052646, 40.84135361123994], [-73.78375389596337, 40.84126199354999]]}}, {"type": "Feature", "properties": {"segment_id": 1515715, "physicalid": "102141", "street_name": "PILOT ST", "borough": "bronx", "direction": "TW", "total_row_ft": 34.0, "roadbed_ft": 22.0, "median_ft": 0.0, "left_sw_ft": 5.2, "right_sw_ft": 6.8}, "geometry": {"type": "LineString", "coordinates": [[-73.78371245066475, 40.841366411134885], [-73.78368387295168, 40.84127564072554]]}}, {"type": "Feature", "properties": {"segment_id": 1515716, "physicalid": "102141", "street_name": "PILOT ST", "borough": "bronx", "direction": "TW", "total_row_ft": 33.7, "roadbed_ft": 21.4, "median_ft": 0.0, "left_sw_ft": 5.6, "right_sw_ft": 6.7}, "geometry": {"type": "LineString", "coordinates": [[-73.783642160776, 40.84137921098697], [-73.78361384982546, 40.84128928758595]]}}, {"type": "Feature", "properties": {"segment_id": 1515717, "physicalid": "102141", "street_name": "PILOT ST", "borough": "bronx", "direction": "TW", "total_row_ft": 33.3, "roadbed_ft": 20.9, "median_ft": 0.0, "left_sw_ft": 5.8, "right_sw_ft": 6.5}, "geometry": {"type": "LineString", "coordinates": [[-73.78357179000315, 40.84139175397141], [-73.78354382656799, 40.84130293407822]]}}, {"type": "Feature", "properties": {"segment_id": 1515718, "physicalid": "102141", "street_name": "PILOT ST", "borough": "bronx", "direction": "TW", "total_row_ft": 37.6, "roadbed_ft": 20.6, "median_ft": 0.0, "left_sw_ft": 6.0, "right_sw_ft": 11.0}, "geometry": {"type": "LineString", "coordinates": [[-73.78350139356584, 40.84140421547932], [-73.78346979636702, 40.84130385335455]]}}, {"type": "Feature", "properties": {"segment_id": 1515719, "physicalid": "102141", "street_name": "PILOT ST", "borough": "bronx", "direction": "TW", "total_row_ft": 35.4, "roadbed_ft": 20.4, "median_ft": 0.0, "left_sw_ft": 9.2, "right_sw_ft": 5.8}, "geometry": {"type": "LineString", "coordinates": [[-73.78343351559636, 40.84142467644616], [-73.7834037800795, 40.841330227292836]]}}, {"type": "Feature", "properties": {"segment_id": 1515720, "physicalid": "102141", "street_name": "PILOT ST", "borough": "bronx", "direction": "TW", "total_row_ft": 36.2, "roadbed_ft": 20.5, "median_ft": 0.0, "left_sw_ft": 10.3, "right_sw_ft": 5.4}, "geometry": {"type": "LineString", "coordinates": [[-73.78336415976872, 40.84144044336523], [-73.78333372202252, 40.84134376339678]]}}, {"type": "Feature", "properties": {"segment_id": 1515721, "physicalid": "102141", "street_name": "PILOT ST", "borough": "bronx", "direction": "TW", "total_row_ft": 36.4, "roadbed_ft": 20.5, "median_ft": 0.0, "left_sw_ft": 10.3, "right_sw_ft": 5.6}, "geometry": {"type": "LineString", "coordinates": [[-73.78329381677968, 40.84145307480252], [-73.78326322350527, 40.84135590049988]]}}, {"type": "Feature", "properties": {"segment_id": 1515722, "physicalid": "102141", "street_name": "PILOT ST", "borough": "bronx", "direction": "TW", "total_row_ft": 36.6, "roadbed_ft": 20.5, "median_ft": 0.0, "left_sw_ft": 10.2, "right_sw_ft": 5.9}, "geometry": {"type": "LineString", "coordinates": [[-73.78322347376393, 40.841465706196864], [-73.78319272509552, 40.84136803798303]]}}, {"type": "Feature", "properties": {"segment_id": 1515723, "physicalid": "102141", "street_name": "PILOT ST", "borough": "bronx", "direction": "TW", "total_row_ft": 37.5, "roadbed_ft": 20.5, "median_ft": 0.0, "left_sw_ft": 10.2, "right_sw_ft": 6.8}, "geometry": {"type": "LineString", "coordinates": [[-73.78315313078517, 40.841478337750694], [-73.78308544150131, 40.84126333248187]]}}, {"type": "Feature", "properties": {"segment_id": 1515724, "physicalid": "102142", "street_name": "PILOT ST", "borough": "bronx", "direction": "TW", "total_row_ft": 39.7, "roadbed_ft": 23.5, "median_ft": 0.0, "left_sw_ft": 6.1, "right_sw_ft": 10.0}, "geometry": {"type": "LineString", "coordinates": [[-73.78711801659199, 40.8407407216904], [-73.78708455411021, 40.84063486984049]]}}, {"type": "Feature", "properties": {"segment_id": 1515725, "physicalid": "102142", "street_name": "PILOT ST", "borough": "bronx", "direction": "TW", "total_row_ft": 39.5, "roadbed_ft": 23.7, "median_ft": 0.0, "left_sw_ft": 6.1, "right_sw_ft": 9.7}, "geometry": {"type": "LineString", "coordinates": [[-73.78704785291183, 40.840753918649], [-73.78701452051514, 40.84064847794699]]}}, {"type": "Feature", "properties": {"segment_id": 1515726, "physicalid": "102142", "street_name": "PILOT ST", "borough": "bronx", "direction": "TW", "total_row_ft": 39.5, "roadbed_ft": 23.4, "median_ft": 0.0, "left_sw_ft": 6.1, "right_sw_ft": 9.9}, "geometry": {"type": "LineString", "coordinates": [[-73.78697768924208, 40.840767115685914], [-73.78694435458713, 40.84066166748936]]}}, {"type": "Feature", "properties": {"segment_id": 1515727, "physicalid": "102142", "street_name": "PILOT ST", "borough": "bronx", "direction": "TW", "total_row_ft": 39.5, "roadbed_ft": 23.3, "median_ft": 0.0, "left_sw_ft": 6.5, "right_sw_ft": 9.7}, "geometry": {"type": "LineString", "coordinates": [[-73.78690752559737, 40.840780312847365], [-73.78687418865978, 40.84067485707909]]}}, {"type": "Feature", "properties": {"segment_id": 1515728, "physicalid": "102142", "street_name": "PILOT ST", "borough": "bronx", "direction": "TW", "total_row_ft": 39.5, "roadbed_ft": 23.6, "median_ft": 0.0, "left_sw_ft": 6.4, "right_sw_ft": 9.5}, "geometry": {"type": "LineString", "coordinates": [[-73.78683736353356, 40.84079351505512], [-73.78680402272342, 40.84068804668569]]}}, {"type": "Feature", "properties": {"segment_id": 1515729, "physicalid": "102142", "street_name": "PILOT ST", "borough": "bronx", "direction": "TW", "total_row_ft": 39.6, "roadbed_ft": 24.5, "median_ft": 0.0, "left_sw_ft": 5.8, "right_sw_ft": 9.3}, "geometry": {"type": "LineString", "coordinates": [[-73.78676723003686, 40.84080680767589], [-73.7867338215801, 40.84070112496536]]}}, {"type": "Feature", "properties": {"segment_id": 1515730, "physicalid": "102142", "street_name": "PILOT ST", "borough": "bronx", "direction": "TW", "total_row_ft": 39.7, "roadbed_ft": 24.8, "median_ft": 0.0, "left_sw_ft": 5.5, "right_sw_ft": 9.4}, "geometry": {"type": "LineString", "coordinates": [[-73.7866970966465, 40.84082010067906], [-73.78666357966416, 40.84071407431078]]}}, {"type": "Feature", "properties": {"segment_id": 1515731, "physicalid": "102142", "street_name": "PILOT ST", "borough": "bronx", "direction": "TW", "total_row_ft": 39.9, "roadbed_ft": 24.5, "median_ft": 0.0, "left_sw_ft": 5.7, "right_sw_ft": 9.7}, "geometry": {"type": "LineString", "coordinates": [[-73.78662696311146, 40.84083339327048], [-73.78659333773909, 40.8407270236711]]}}, {"type": "Feature", "properties": {"segment_id": 1515732, "physicalid": "102142", "street_name": "PILOT ST", "borough": "bronx", "direction": "TW", "total_row_ft": 39.9, "roadbed_ft": 23.9, "median_ft": 0.0, "left_sw_ft": 5.9, "right_sw_ft": 10.0}, "geometry": {"type": "LineString", "coordinates": [[-73.7865567486813, 40.84084643000613], [-73.78652309585273, 40.84073997319748]]}}, {"type": "Feature", "properties": {"segment_id": 1515733, "physicalid": "102142", "street_name": "PILOT ST", "borough": "bronx", "direction": "TW", "total_row_ft": 39.9, "roadbed_ft": 23.8, "median_ft": 0.0, "left_sw_ft": 5.9, "right_sw_ft": 10.2}, "geometry": {"type": "LineString", "coordinates": [[-73.78648648937306, 40.84085932481913], [-73.78645281830535, 40.84075280995758]]}}, {"type": "Feature", "properties": {"segment_id": 1515734, "physicalid": "102142", "street_name": "PILOT ST", "borough": "bronx", "direction": "TW", "total_row_ft": 40.0, "roadbed_ft": 24.1, "median_ft": 0.0, "left_sw_ft": 5.6, "right_sw_ft": 10.2}, "geometry": {"type": "LineString", "coordinates": [[-73.78641623012585, 40.84087221986857], [-73.78638252250384, 40.84076558901523]]}}, {"type": "Feature", "properties": {"segment_id": 1515735, "physicalid": "102142", "street_name": "PILOT ST", "borough": "bronx", "direction": "TW", "total_row_ft": 42.6, "roadbed_ft": 24.4, "median_ft": 0.0, "left_sw_ft": 7.9, "right_sw_ft": 10.2}, "geometry": {"type": "LineString", "coordinates": [[-73.78634812866667, 40.840891940929126], [-73.78631222649217, 40.840778367450724]]}}, {"type": "Feature", "properties": {"segment_id": 1515736, "physicalid": "102142", "street_name": "PILOT ST", "borough": "bronx", "direction": "TW", "total_row_ft": 42.0, "roadbed_ft": 24.8, "median_ft": 0.0, "left_sw_ft": 7.5, "right_sw_ft": 9.6}, "geometry": {"type": "LineString", "coordinates": [[-73.78627781917059, 40.84090467712977], [-73.78624238062089, 40.84079256991685]]}}, {"type": "Feature", "properties": {"segment_id": 1515737, "physicalid": "102142", "street_name": "PILOT ST", "borough": "bronx", "direction": "TW", "total_row_ft": 41.2, "roadbed_ft": 25.3, "median_ft": 0.0, "left_sw_ft": 7.1, "right_sw_ft": 8.8}, "geometry": {"type": "LineString", "coordinates": [[-73.78620750972792, 40.840917413541575], [-73.78617272032781, 40.840807359500715]]}}, {"type": "Feature", "properties": {"segment_id": 1515738, "physicalid": "102142", "street_name": "PILOT ST", "borough": "bronx", "direction": "TW", "total_row_ft": 40.4, "roadbed_ft": 25.7, "median_ft": 0.0, "left_sw_ft": 6.5, "right_sw_ft": 8.1}, "geometry": {"type": "LineString", "coordinates": [[-73.78613700295138, 40.84092952574163], [-73.78610295615718, 40.840821820528895]]}}, {"type": "Feature", "properties": {"segment_id": 1515739, "physicalid": "102142", "street_name": "PILOT ST", "borough": "bronx", "direction": "TW", "total_row_ft": 40.3, "roadbed_ft": 25.7, "median_ft": 0.0, "left_sw_ft": 6.2, "right_sw_ft": 8.4}, "geometry": {"type": "LineString", "coordinates": [[-73.78606637505995, 40.840941254838626], [-73.78603239837427, 40.840833771048196]]}}, {"type": "Feature", "properties": {"segment_id": 1515740, "physicalid": "102142", "street_name": "PILOT ST", "borough": "bronx", "direction": "TW", "total_row_ft": 40.2, "roadbed_ft": 25.6, "median_ft": 0.0, "left_sw_ft": 6.0, "right_sw_ft": 8.6}, "geometry": {"type": "LineString", "coordinates": [[-73.78599574716111, 40.84095298394778], [-73.785961840566, 40.840845721524296]]}}, {"type": "Feature", "properties": {"segment_id": 1515741, "physicalid": "102142", "street_name": "PILOT ST", "borough": "bronx", "direction": "TW", "total_row_ft": 40.1, "roadbed_ft": 25.6, "median_ft": 0.0, "left_sw_ft": 5.9, "right_sw_ft": 8.7}, "geometry": {"type": "LineString", "coordinates": [[-73.7859251192374, 40.84096471301363], [-73.7858912827324, 40.84085767195724]]}}, {"type": "Feature", "properties": {"segment_id": 1515742, "physicalid": "102142", "street_name": "PILOT ST", "borough": "bronx", "direction": "TW", "total_row_ft": 40.2, "roadbed_ft": 25.5, "median_ft": 0.0, "left_sw_ft": 6.1, "right_sw_ft": 8.5}, "geometry": {"type": "LineString", "coordinates": [[-73.78585482065425, 40.84097748397864], [-73.78582093874323, 40.84087029892291]]}}, {"type": "Feature", "properties": {"segment_id": 1515743, "physicalid": "102142", "street_name": "PILOT ST", "borough": "bronx", "direction": "TW", "total_row_ft": 40.4, "roadbed_ft": 25.4, "median_ft": 0.0, "left_sw_ft": 6.6, "right_sw_ft": 8.4}, "geometry": {"type": "LineString", "coordinates": [[-73.78578474400935, 40.84099095708649], [-73.78575066121067, 40.84088313616587]]}}, {"type": "Feature", "properties": {"segment_id": 1515744, "physicalid": "102142", "street_name": "PILOT ST", "borough": "bronx", "direction": "TW", "total_row_ft": 40.6, "roadbed_ft": 25.3, "median_ft": 0.0, "left_sw_ft": 7.0, "right_sw_ft": 8.3}, "geometry": {"type": "LineString", "coordinates": [[-73.78571466733605, 40.84100443015174], [-73.78568038365098, 40.84089597336603]]}}, {"type": "Feature", "properties": {"segment_id": 1515745, "physicalid": "102142", "street_name": "PILOT ST", "borough": "bronx", "direction": "TW", "total_row_ft": 40.8, "roadbed_ft": 25.2, "median_ft": 0.0, "left_sw_ft": 7.4, "right_sw_ft": 8.2}, "geometry": {"type": "LineString", "coordinates": [[-73.7856445142211, 40.84101766143989], [-73.78561010607594, 40.840908810560514]]}}, {"type": "Feature", "properties": {"segment_id": 1515746, "physicalid": "102142", "street_name": "PILOT ST", "borough": "bronx", "direction": "TW", "total_row_ft": 40.9, "roadbed_ft": 24.9, "median_ft": 0.0, "left_sw_ft": 7.8, "right_sw_ft": 8.2}, "geometry": {"type": "LineString", "coordinates": [[-73.78557431414627, 40.84103074421477], [-73.78553983387732, 40.84092166480651]]}}, {"type": "Feature", "properties": {"segment_id": 1515747, "physicalid": "102142", "street_name": "PILOT ST", "borough": "bronx", "direction": "TW", "total_row_ft": 41.0, "roadbed_ft": 24.7, "median_ft": 0.0, "left_sw_ft": 7.8, "right_sw_ft": 8.4}, "geometry": {"type": "LineString", "coordinates": [[-73.78550411404902, 40.84104382696332], [-73.78546956388773, 40.8409345260839]]}}, {"type": "Feature", "properties": {"segment_id": 1515748, "physicalid": "102142", "street_name": "PILOT ST", "borough": "bronx", "direction": "TW", "total_row_ft": 41.0, "roadbed_ft": 24.6, "median_ft": 0.0, "left_sw_ft": 7.8, "right_sw_ft": 8.6}, "geometry": {"type": "LineString", "coordinates": [[-73.78543391392417, 40.84105690966911], [-73.78539929382038, 40.84094738715844]]}}, {"type": "Feature", "properties": {"segment_id": 1515749, "physicalid": "102142", "street_name": "PILOT ST", "borough": "bronx", "direction": "TW", "total_row_ft": 41.1, "roadbed_ft": 24.5, "median_ft": 0.0, "left_sw_ft": 7.8, "right_sw_ft": 8.8}, "geometry": {"type": "LineString", "coordinates": [[-73.7853636852159, 40.84106990199428], [-73.78532902368927, 40.840960248074396]]}}, {"type": "Feature", "properties": {"segment_id": 1515750, "physicalid": "102142", "street_name": "PILOT ST", "borough": "bronx", "direction": "TW", "total_row_ft": 41.1, "roadbed_ft": 24.5, "median_ft": 0.0, "left_sw_ft": 7.6, "right_sw_ft": 8.9}, "geometry": {"type": "LineString", "coordinates": [[-73.7852933962395, 40.841082703701076], [-73.785258753531, 40.840973108947466]]}}, {"type": "Feature", "properties": {"segment_id": 1515751, "physicalid": "102142", "street_name": "PILOT ST", "borough": "bronx", "direction": "TW", "total_row_ft": 41.0, "roadbed_ft": 24.6, "median_ft": 0.0, "left_sw_ft": 7.5, "right_sw_ft": 8.9}, "geometry": {"type": "LineString", "coordinates": [[-73.78522310711593, 40.841095504985], [-73.78518848334555, 40.84098596977774]]}}, {"type": "Feature", "properties": {"segment_id": 1515752, "physicalid": "102142", "street_name": "PILOT ST", "borough": "bronx", "direction": "TW", "total_row_ft": 40.9, "roadbed_ft": 24.8, "median_ft": 0.0, "left_sw_ft": 7.4, "right_sw_ft": 8.8}, "geometry": {"type": "LineString", "coordinates": [[-73.78515281795862, 40.84110830620491], [-73.78511827779067, 40.8409990351164]]}}, {"type": "Feature", "properties": {"segment_id": 1515753, "physicalid": "102142", "street_name": "PILOT ST", "borough": "bronx", "direction": "TW", "total_row_ft": 40.8, "roadbed_ft": 24.8, "median_ft": 0.0, "left_sw_ft": 7.3, "right_sw_ft": 8.7}, "geometry": {"type": "LineString", "coordinates": [[-73.78508252877425, 40.841121107381966], [-73.78504810148893, 40.841012193045025]]}}, {"type": "Feature", "properties": {"segment_id": 1515754, "physicalid": "102142", "street_name": "PILOT ST", "borough": "bronx", "direction": "TW", "total_row_ft": 40.8, "roadbed_ft": 24.9, "median_ft": 0.0, "left_sw_ft": 7.5, "right_sw_ft": 8.5}, "geometry": {"type": "LineString", "coordinates": [[-73.7850123868609, 40.841134374509785], [-73.78497792515941, 40.841025350930956]]}}, {"type": "Feature", "properties": {"segment_id": 1515755, "physicalid": "102142", "street_name": "PILOT ST", "borough": "bronx", "direction": "TW", "total_row_ft": 41.2, "roadbed_ft": 25.1, "median_ft": 0.0, "left_sw_ft": 7.7, "right_sw_ft": 8.4}, "geometry": {"type": "LineString", "coordinates": [[-73.7849422820271, 40.8411477589891], [-73.78490756091546, 40.84103791436983]]}}, {"type": "Feature", "properties": {"segment_id": 1515756, "physicalid": "102142", "street_name": "PILOT ST", "borough": "bronx", "direction": "TW", "total_row_ft": 41.6, "roadbed_ft": 24.5, "median_ft": 0.0, "left_sw_ft": 8.1, "right_sw_ft": 9.0}, "geometry": {"type": "LineString", "coordinates": [[-73.78487217717459, 40.84116114345587], [-73.7848370899495, 40.84105014021965]]}}, {"type": "Feature", "properties": {"segment_id": 1515757, "physicalid": "102142", "street_name": "PILOT ST", "borough": "bronx", "direction": "TW", "total_row_ft": 42.0, "roadbed_ft": 24.0, "median_ft": 0.0, "left_sw_ft": 8.3, "right_sw_ft": 9.7}, "geometry": {"type": "LineString", "coordinates": [[-73.78480202708208, 40.84117438484597], [-73.78476661897304, 40.84106236607507]]}}, {"type": "Feature", "properties": {"segment_id": 1515758, "physicalid": "102142", "street_name": "PILOT ST", "borough": "bronx", "direction": "TW", "total_row_ft": 42.5, "roadbed_ft": 23.9, "median_ft": 0.0, "left_sw_ft": 7.9, "right_sw_ft": 10.7}, "geometry": {"type": "LineString", "coordinates": [[-73.78473164225998, 40.841186883679015], [-73.78469583069489, 40.84107358813362]]}}, {"type": "Feature", "properties": {"segment_id": 1515759, "physicalid": "102142", "street_name": "PILOT ST", "borough": "bronx", "direction": "TW", "total_row_ft": 42.6, "roadbed_ft": 24.1, "median_ft": 0.0, "left_sw_ft": 7.5, "right_sw_ft": 11.0}, "geometry": {"type": "LineString", "coordinates": [[-73.78466125726278, 40.841199381998756], [-73.78462533718226, 40.84108574276636]]}}, {"type": "Feature", "properties": {"segment_id": 1515760, "physicalid": "102142", "street_name": "PILOT ST", "borough": "bronx", "direction": "TW", "total_row_ft": 41.7, "roadbed_ft": 24.3, "median_ft": 0.0, "left_sw_ft": 7.2, "right_sw_ft": 10.2}, "geometry": {"type": "LineString", "coordinates": [[-73.78459090149771, 40.84121197284009], [-73.78455570058895, 40.841100608460046]]}}, {"type": "Feature", "properties": {"segment_id": 1515761, "physicalid": "102142", "street_name": "PILOT ST", "borough": "bronx", "direction": "TW", "total_row_ft": 41.0, "roadbed_ft": 24.5, "median_ft": 0.0, "left_sw_ft": 7.1, "right_sw_ft": 9.3}, "geometry": {"type": "LineString", "coordinates": [[-73.78452064313883, 40.84122487188514], [-73.78448606411018, 40.841115474572455]]}}, {"type": "Feature", "properties": {"segment_id": 1515762, "physicalid": "102142", "street_name": "PILOT ST", "borough": "bronx", "direction": "TW", "total_row_ft": 40.3, "roadbed_ft": 24.5, "median_ft": 0.0, "left_sw_ft": 7.0, "right_sw_ft": 8.7}, "geometry": {"type": "LineString", "coordinates": [[-73.7844503848185, 40.84123777109556], [-73.78441642760886, 40.84113034066989]]}}, {"type": "Feature", "properties": {"segment_id": 1515763, "physicalid": "102142", "street_name": "PILOT ST", "borough": "bronx", "direction": "TW", "total_row_ft": 107.6, "roadbed_ft": 24.1, "median_ft": 0.0, "left_sw_ft": 48.0, "right_sw_ft": 35.4}, "geometry": {"type": "LineString", "coordinates": [[-73.78441484182518, 40.841360499226504], [-73.78432410273683, 40.841073427189116]]}}, {"type": "Feature", "properties": {"segment_id": 1518180, "physicalid": "102341", "street_name": "TIER ST", "borough": "bronx", "direction": "TW", "total_row_ft": 30.0, "roadbed_ft": 0.0, "median_ft": 0.0, "left_sw_ft": 15.0, "right_sw_ft": 15.0}, "geometry": {"type": "LineString", "coordinates": [[-73.7837158037693, 40.84882932919929], [-73.78382728622753, 40.84914762876692]]}}, {"type": "Feature", "properties": {"segment_id": 1518181, "physicalid": "102341", "street_name": "TIER ST", "borough": "bronx", "direction": "TW", "total_row_ft": 30.0, "roadbed_ft": 0.0, "median_ft": 0.0, "left_sw_ft": 15.0, "right_sw_ft": 15.0}, "geometry": {"type": "LineString", "coordinates": [[-73.78378566559674, 40.848815220118844], [-73.78389714836565, 40.849133519619755]]}}, {"type": "Feature", "properties": {"segment_id": 1518182, "physicalid": "102341", "street_name": "TIER ST", "borough": "bronx", "direction": "TW", "total_row_ft": 30.0, "roadbed_ft": 0.0, "median_ft": 0.0, "left_sw_ft": 15.0, "right_sw_ft": 15.0}, "geometry": {"type": "LineString", "coordinates": [[-73.78385552739458, 40.848801110996064], [-73.7839670104741, 40.84911941043022]]}}, {"type": "Feature", "properties": {"segment_id": 1518560, "physicalid": "102376", "street_name": "LANDING WAY", "borough": "bronx", "direction": "TW", "total_row_ft": 81.9, "roadbed_ft": 66.8, "median_ft": 0.0, "left_sw_ft": 8.6, "right_sw_ft": 6.5}, "geometry": {"type": "LineString", "coordinates": [[-73.78348775153708, 40.84571639176489], [-73.78341534030112, 40.8454984698973]]}}, {"type": "Feature", "properties": {"segment_id": 1518561, "physicalid": "102376", "street_name": "LANDING WAY", "borough": "bronx", "direction": "TW", "total_row_ft": 103.2, "roadbed_ft": 69.4, "median_ft": 0.0, "left_sw_ft": 15.0, "right_sw_ft": 18.8}, "geometry": {"type": "LineString", "coordinates": [[-73.78342584421145, 40.84575444843669], [-73.78334567085048, 40.845513165759705]]}}, {"type": "Feature", "properties": {"segment_id": 1518562, "physicalid": "102376", "street_name": "LANDING WAY", "borough": "bronx", "direction": "TW", "total_row_ft": 71.6, "roadbed_ft": 41.6, "median_ft": 0.0, "left_sw_ft": 15.0, "right_sw_ft": 15.0}, "geometry": {"type": "LineString", "coordinates": [[-73.78335575403918, 40.8457678789387], [-73.78324963931387, 40.8454485240184]]}}, {"type": "Feature", "properties": {"segment_id": 1518563, "physicalid": "102376", "street_name": "LANDING WAY", "borough": "bronx", "direction": "TW", "total_row_ft": 67.8, "roadbed_ft": 37.8, "median_ft": 0.0, "left_sw_ft": 15.0, "right_sw_ft": 15.0}, "geometry": {"type": "LineString", "coordinates": [[-73.7832856638386, 40.84578130939807], [-73.78317954942837, 40.84546195441404]]}}, {"type": "Feature", "properties": {"segment_id": 1518564, "physicalid": "102376", "street_name": "LANDING WAY", "borough": "bronx", "direction": "TW", "total_row_ft": 68.0, "roadbed_ft": 38.0, "median_ft": 0.0, "left_sw_ft": 15.0, "right_sw_ft": 15.0}, "geometry": {"type": "LineString", "coordinates": [[-73.78321557360974, 40.84579473981483], [-73.78310945951455, 40.845475384767084]]}}, {"type": "Feature", "properties": {"segment_id": 1518565, "physicalid": "102376", "street_name": "LANDING WAY", "borough": "bronx", "direction": "TW", "total_row_ft": 68.2, "roadbed_ft": 38.2, "median_ft": 0.0, "left_sw_ft": 15.0, "right_sw_ft": 15.0}, "geometry": {"type": "LineString", "coordinates": [[-73.78314548335254, 40.845808170188974], [-73.78303936957245, 40.84548881507745]]}}, {"type": "Feature", "properties": {"segment_id": 1518566, "physicalid": "102376", "street_name": "LANDING WAY", "borough": "bronx", "direction": "TW", "total_row_ft": 68.4, "roadbed_ft": 38.4, "median_ft": 0.0, "left_sw_ft": 15.0, "right_sw_ft": 15.0}, "geometry": {"type": "LineString", "coordinates": [[-73.78307539306705, 40.84582160052047], [-73.78296927960206, 40.84550224534525]]}}, {"type": "Feature", "properties": {"segment_id": 1518567, "physicalid": "102376", "street_name": "LANDING WAY", "borough": "bronx", "direction": "TW", "total_row_ft": 68.6, "roadbed_ft": 38.6, "median_ft": 0.0, "left_sw_ft": 15.0, "right_sw_ft": 15.0}, "geometry": {"type": "LineString", "coordinates": [[-73.78300530275328, 40.84583503080939], [-73.78289918960334, 40.845515675570404]]}}, {"type": "Feature", "properties": {"segment_id": 1518568, "physicalid": "102376", "street_name": "LANDING WAY", "borough": "bronx", "direction": "TW", "total_row_ft": 68.8, "roadbed_ft": 38.8, "median_ft": 0.0, "left_sw_ft": 15.0, "right_sw_ft": 15.0}, "geometry": {"type": "LineString", "coordinates": [[-73.78293521241122, 40.845848461055645], [-73.7828290995763, 40.84552910575295]]}}, {"type": "Feature", "properties": {"segment_id": 1518569, "physicalid": "102376", "street_name": "LANDING WAY", "borough": "bronx", "direction": "TW", "total_row_ft": 46.7, "roadbed_ft": 16.7, "median_ft": 0.0, "left_sw_ft": 15.0, "right_sw_ft": 15.0}, "geometry": {"type": "LineString", "coordinates": [[-73.78286512204083, 40.84586189125933], [-73.78275900952099, 40.84554253589288]]}}, {"type": "Feature", "properties": {"segment_id": 1518570, "physicalid": "102376", "street_name": "LANDING WAY", "borough": "bronx", "direction": "TW", "total_row_ft": 30.0, "roadbed_ft": 0.0, "median_ft": 0.0, "left_sw_ft": 15.0, "right_sw_ft": 15.0}, "geometry": {"type": "LineString", "coordinates": [[-73.78279503164211, 40.84587532142036], [-73.78268891943739, 40.84555596599019]]}}, {"type": "Feature", "properties": {"segment_id": 1518571, "physicalid": "102376", "street_name": "LANDING WAY", "borough": "bronx", "direction": "TW", "total_row_ft": 30.0, "roadbed_ft": 0.0, "median_ft": 0.0, "left_sw_ft": 15.0, "right_sw_ft": 15.0}, "geometry": {"type": "LineString", "coordinates": [[-73.78272494121515, 40.845888751538766], [-73.78261882932546, 40.845569396044866]]}}, {"type": "Feature", "properties": {"segment_id": 1518572, "physicalid": "102376", "street_name": "LANDING WAY", "borough": "bronx", "direction": "TW", "total_row_ft": 30.0, "roadbed_ft": 0.0, "median_ft": 0.0, "left_sw_ft": 15.0, "right_sw_ft": 15.0}, "geometry": {"type": "LineString", "coordinates": [[-73.78265485075985, 40.845902181614576], [-73.78254873918524, 40.84558282605693]]}}, {"type": "Feature", "properties": {"segment_id": 1528740, "physicalid": "102957", "street_name": "PELL PL", "borough": "bronx", "direction": "TW", "total_row_ft": 49.9, "roadbed_ft": 28.0, "median_ft": 0.0, "left_sw_ft": 11.0, "right_sw_ft": 10.9}, "geometry": {"type": "LineString", "coordinates": [[-73.7879204314726, 40.84188410033591], [-73.78787077754995, 40.841752550226076]]}}, {"type": "Feature", "properties": {"segment_id": 1528741, "physicalid": "102957", "street_name": "PELL PL", "borough": "bronx", "direction": "TW", "total_row_ft": 50.4, "roadbed_ft": 28.9, "median_ft": 0.0, "left_sw_ft": 10.3, "right_sw_ft": 11.2}, "geometry": {"type": "LineString", "coordinates": [[-73.78785089582138, 40.84189909111225], [-73.78780072719083, 40.84176617699543]]}}, {"type": "Feature", "properties": {"segment_id": 1528742, "physicalid": "102957", "street_name": "PELL PL", "borough": "bronx", "direction": "TW", "total_row_ft": 50.9, "roadbed_ft": 29.8, "median_ft": 0.0, "left_sw_ft": 9.6, "right_sw_ft": 11.6}, "geometry": {"type": "LineString", "coordinates": [[-73.78778136018747, 40.841914081975474], [-73.78773067680308, 40.84177980372236]]}}, {"type": "Feature", "properties": {"segment_id": 1528743, "physicalid": "102957", "street_name": "PELL PL", "borough": "bronx", "direction": "TW", "total_row_ft": 51.4, "roadbed_ft": 30.6, "median_ft": 0.0, "left_sw_ft": 8.9, "right_sw_ft": 11.9}, "geometry": {"type": "LineString", "coordinates": [[-73.78771181666258, 40.84192905197377], [-73.78766062650517, 40.8417934307208]]}}, {"type": "Feature", "properties": {"segment_id": 1528744, "physicalid": "102957", "street_name": "PELL PL", "borough": "bronx", "direction": "TW", "total_row_ft": 46.8, "roadbed_ft": 30.6, "median_ft": 0.0, "left_sw_ft": 8.9, "right_sw_ft": 7.3}, "geometry": {"type": "LineString", "coordinates": [[-73.78764226690878, 40.84194400551034], [-73.78759568582011, 40.84182059503037]]}}, {"type": "Feature", "properties": {"segment_id": 1528745, "physicalid": "102957", "street_name": "PELL PL", "borough": "bronx", "direction": "TW", "total_row_ft": 46.8, "roadbed_ft": 29.9, "median_ft": 0.0, "left_sw_ft": 9.0, "right_sw_ft": 7.8}, "geometry": {"type": "LineString", "coordinates": [[-73.78757271722061, 40.84195895926176], [-73.78752613823659, 40.8418355540159]]}}, {"type": "Feature", "properties": {"segment_id": 1528746, "physicalid": "102957", "street_name": "PELL PL", "borough": "bronx", "direction": "TW", "total_row_ft": 46.8, "roadbed_ft": 29.7, "median_ft": 0.0, "left_sw_ft": 8.9, "right_sw_ft": 8.2}, "geometry": {"type": "LineString", "coordinates": [[-73.7875031675012, 40.84197391297117], [-73.78745659455548, 40.8418505233813]]}}, {"type": "Feature", "properties": {"segment_id": 1528747, "physicalid": "102957", "street_name": "PELL PL", "borough": "bronx", "direction": "TW", "total_row_ft": 46.7, "roadbed_ft": 29.7, "median_ft": 0.0, "left_sw_ft": 8.8, "right_sw_ft": 8.2}, "geometry": {"type": "LineString", "coordinates": [[-73.78743361134747, 40.84198884967444], [-73.78738708417535, 40.8418655810151]]}}, {"type": "Feature", "properties": {"segment_id": 1528748, "physicalid": "102957", "street_name": "PELL PL", "borough": "bronx", "direction": "TW", "total_row_ft": 46.7, "roadbed_ft": 29.8, "median_ft": 0.0, "left_sw_ft": 8.7, "right_sw_ft": 8.2}, "geometry": {"type": "LineString", "coordinates": [[-73.78736405298594, 40.84200378056917], [-73.78731757376374, 40.84188063860701]]}}, {"type": "Feature", "properties": {"segment_id": 1528749, "physicalid": "102957", "street_name": "PELL PL", "borough": "bronx", "direction": "TW", "total_row_ft": 46.6, "roadbed_ft": 30.0, "median_ft": 0.0, "left_sw_ft": 8.6, "right_sw_ft": 8.0}, "geometry": {"type": "LineString", "coordinates": [[-73.78729449456821, 40.84201871135583], [-73.7872480632127, 40.84189569587082]]}}, {"type": "Feature", "properties": {"segment_id": 1528750, "physicalid": "102957", "street_name": "PELL PL", "borough": "bronx", "direction": "TW", "total_row_ft": 46.6, "roadbed_ft": 30.2, "median_ft": 0.0, "left_sw_ft": 8.5, "right_sw_ft": 7.8}, "geometry": {"type": "LineString", "coordinates": [[-73.78722493608917, 40.84203364202071], [-73.78717855261156, 40.841910753043486]]}}, {"type": "Feature", "properties": {"segment_id": 1528751, "physicalid": "102957", "street_name": "PELL PL", "borough": "bronx", "direction": "TW", "total_row_ft": 46.6, "roadbed_ft": 30.4, "median_ft": 0.0, "left_sw_ft": 8.5, "right_sw_ft": 7.6}, "geometry": {"type": "LineString", "coordinates": [[-73.7871553781052, 40.84204857403795], [-73.78710898994265, 40.84192567230782]]}}, {"type": "Feature", "properties": {"segment_id": 1528752, "physicalid": "102957", "street_name": "PELL PL", "borough": "bronx", "direction": "TW", "total_row_ft": 46.6, "roadbed_ft": 30.6, "median_ft": 0.0, "left_sw_ft": 8.5, "right_sw_ft": 7.5}, "geometry": {"type": "LineString", "coordinates": [[-73.78708582169354, 40.842063510261696], [-73.7870393950202, 40.841940506159304]]}}, {"type": "Feature", "properties": {"segment_id": 1528753, "physicalid": "102957", "street_name": "PELL PL", "borough": "bronx", "direction": "TW", "total_row_ft": 46.7, "roadbed_ft": 30.8, "median_ft": 0.0, "left_sw_ft": 8.5, "right_sw_ft": 7.4}, "geometry": {"type": "LineString", "coordinates": [[-73.78701626523006, 40.84207844638895], [-73.78696980011954, 40.841955340108676]]}}, {"type": "Feature", "properties": {"segment_id": 1528754, "physicalid": "102957", "street_name": "PELL PL", "borough": "bronx", "direction": "TW", "total_row_ft": 46.7, "roadbed_ft": 30.6, "median_ft": 0.0, "left_sw_ft": 8.5, "right_sw_ft": 7.6}, "geometry": {"type": "LineString", "coordinates": [[-73.78694670869486, 40.84209338236687], [-73.78690020526162, 40.84197017421153]]}}, {"type": "Feature", "properties": {"segment_id": 1528755, "physicalid": "102957", "street_name": "PELL PL", "borough": "bronx", "direction": "TW", "total_row_ft": 46.7, "roadbed_ft": 30.4, "median_ft": 0.0, "left_sw_ft": 8.4, "right_sw_ft": 7.9}, "geometry": {"type": "LineString", "coordinates": [[-73.78687713954277, 40.84210828495783], [-73.78683061046246, 40.84198500851031]]}}, {"type": "Feature", "properties": {"segment_id": 1528756, "physicalid": "102957", "street_name": "PELL PL", "borough": "bronx", "direction": "TW", "total_row_ft": 46.7, "roadbed_ft": 30.2, "median_ft": 0.0, "left_sw_ft": 8.4, "right_sw_ft": 8.2}, "geometry": {"type": "LineString", "coordinates": [[-73.78680752154641, 40.84212305817889], [-73.78676103038964, 40.84199988186611]]}}, {"type": "Feature", "properties": {"segment_id": 1528757, "physicalid": "102957", "street_name": "PELL PL", "borough": "bronx", "direction": "TW", "total_row_ft": 46.5, "roadbed_ft": 29.9, "median_ft": 0.0, "left_sw_ft": 8.3, "right_sw_ft": 8.3}, "geometry": {"type": "LineString", "coordinates": [[-73.78673790352451, 40.84213783137216], [-73.7866915887455, 40.84201512202488]]}}, {"type": "Feature", "properties": {"segment_id": 1528758, "physicalid": "102957", "street_name": "PELL PL", "borough": "bronx", "direction": "TW", "total_row_ft": 46.3, "roadbed_ft": 29.7, "median_ft": 0.0, "left_sw_ft": 8.2, "right_sw_ft": 8.4}, "geometry": {"type": "LineString", "coordinates": [[-73.78666828545542, 40.842152604480205], [-73.78662214705265, 40.84203036209708]]}}, {"type": "Feature", "properties": {"segment_id": 1528759, "physicalid": "102957", "street_name": "PELL PL", "borough": "bronx", "direction": "TW", "total_row_ft": 46.2, "roadbed_ft": 29.6, "median_ft": 0.0, "left_sw_ft": 8.0, "right_sw_ft": 8.5}, "geometry": {"type": "LineString", "coordinates": [[-73.7865986673735, 40.842167377594166], [-73.78655270524794, 40.842045601915295]]}}, {"type": "Feature", "properties": {"segment_id": 1528760, "physicalid": "102957", "street_name": "PELL PL", "borough": "bronx", "direction": "TW", "total_row_ft": 46.0, "roadbed_ft": 29.6, "median_ft": 0.0, "left_sw_ft": 7.7, "right_sw_ft": 8.7}, "geometry": {"type": "LineString", "coordinates": [[-73.78652905144051, 40.84218215644154], [-73.78648326341141, 40.84206084169173]]}}, {"type": "Feature", "properties": {"segment_id": 1528761, "physicalid": "102957", "street_name": "PELL PL", "borough": "bronx", "direction": "TW", "total_row_ft": 45.8, "roadbed_ft": 29.7, "median_ft": 0.0, "left_sw_ft": 7.6, "right_sw_ft": 8.6}, "geometry": {"type": "LineString", "coordinates": [[-73.78645947025895, 40.84219702740232], [-73.7864138215611, 40.842076081474]]}}, {"type": "Feature", "properties": {"segment_id": 1528762, "physicalid": "102957", "street_name": "PELL PL", "borough": "bronx", "direction": "TW", "total_row_ft": 46.0, "roadbed_ft": 29.9, "median_ft": 0.0, "left_sw_ft": 7.4, "right_sw_ft": 8.7}, "geometry": {"type": "LineString", "coordinates": [[-73.78638988905637, 40.84221189834781], [-73.78634404077374, 40.8420904232831]]}}, {"type": "Feature", "properties": {"segment_id": 1528763, "physicalid": "102957", "street_name": "PELL PL", "borough": "bronx", "direction": "TW", "total_row_ft": 46.3, "roadbed_ft": 30.2, "median_ft": 0.0, "left_sw_ft": 7.2, "right_sw_ft": 8.9}, "geometry": {"type": "LineString", "coordinates": [[-73.78632030784487, 40.84222676931009], [-73.78627418008543, 40.84210455343099]]}}, {"type": "Feature", "properties": {"segment_id": 1528764, "physicalid": "102957", "street_name": "PELL PL", "borough": "bronx", "direction": "TW", "total_row_ft": 46.6, "roadbed_ft": 30.3, "median_ft": 0.0, "left_sw_ft": 7.3, "right_sw_ft": 9.1}, "geometry": {"type": "LineString", "coordinates": [[-73.78625072660226, 40.84224164023034], [-73.78620431934043, 40.84211868346501]]}}, {"type": "Feature", "properties": {"segment_id": 1528765, "physicalid": "102957", "street_name": "PELL PL", "borough": "bronx", "direction": "TW", "total_row_ft": 46.9, "roadbed_ft": 30.2, "median_ft": 0.0, "left_sw_ft": 7.4, "right_sw_ft": 9.3}, "geometry": {"type": "LineString", "coordinates": [[-73.78618114538874, 40.84225651126808], [-73.78613445852196, 40.842132813340605]]}}, {"type": "Feature", "properties": {"segment_id": 1528766, "physicalid": "102957", "street_name": "PELL PL", "borough": "bronx", "direction": "TW", "total_row_ft": 47.2, "roadbed_ft": 30.2, "median_ft": 0.0, "left_sw_ft": 7.6, "right_sw_ft": 9.5}, "geometry": {"type": "LineString", "coordinates": [[-73.78611164182354, 40.8422715880774], [-73.78606459767379, 40.84214694317384]]}}, {"type": "Feature", "properties": {"segment_id": 1528767, "physicalid": "102957", "street_name": "PELL PL", "borough": "bronx", "direction": "TW", "total_row_ft": 47.4, "roadbed_ft": 30.1, "median_ft": 0.0, "left_sw_ft": 7.9, "right_sw_ft": 9.4}, "geometry": {"type": "LineString", "coordinates": [[-73.78604217306548, 40.84228675715093], [-73.78599500574778, 40.84216178556415]]}}, {"type": "Feature", "properties": {"segment_id": 1528768, "physicalid": "102957", "street_name": "PELL PL", "borough": "bronx", "direction": "TW", "total_row_ft": 47.2, "roadbed_ft": 30.3, "median_ft": 0.0, "left_sw_ft": 7.9, "right_sw_ft": 9.0}, "geometry": {"type": "LineString", "coordinates": [[-73.78597270427574, 40.842301926182586], [-73.78592567357416, 40.84217731622167]]}}, {"type": "Feature", "properties": {"segment_id": 1528769, "physicalid": "102957", "street_name": "PELL PL", "borough": "bronx", "direction": "TW", "total_row_ft": 47.1, "roadbed_ft": 30.4, "median_ft": 0.0, "left_sw_ft": 8.0, "right_sw_ft": 8.7}, "geometry": {"type": "LineString", "coordinates": [[-73.78590323545431, 40.842317095172355], [-73.78585634136813, 40.842192846837484]]}}, {"type": "Feature", "properties": {"segment_id": 1528770, "physicalid": "102957", "street_name": "PELL PL", "borough": "bronx", "direction": "TW", "total_row_ft": 47.0, "roadbed_ft": 30.6, "median_ft": 0.0, "left_sw_ft": 8.1, "right_sw_ft": 8.3}, "geometry": {"type": "LineString", "coordinates": [[-73.78583379099439, 40.84233232875131], [-73.78578700912976, 40.84220837741158]]}}, {"type": "Feature", "properties": {"segment_id": 1528771, "physicalid": "102957", "street_name": "PELL PL", "borough": "bronx", "direction": "TW", "total_row_ft": 47.1, "roadbed_ft": 30.7, "median_ft": 0.0, "left_sw_ft": 8.2, "right_sw_ft": 8.2}, "geometry": {"type": "LineString", "coordinates": [[-73.7857643557494, 40.842347586788186], [-73.78571740371507, 40.842223184229404]]}}, {"type": "Feature", "properties": {"segment_id": 1528772, "physicalid": "102957", "street_name": "PELL PL", "borough": "bronx", "direction": "TW", "total_row_ft": 47.9, "roadbed_ft": 30.7, "median_ft": 0.0, "left_sw_ft": 8.3, "right_sw_ft": 8.8}, "geometry": {"type": "LineString", "coordinates": [[-73.78569492047254, 40.84236284478323], [-73.78564722073244, 40.84223646077508]]}}, {"type": "Feature", "properties": {"segment_id": 1528773, "physicalid": "102957", "street_name": "PELL PL", "borough": "bronx", "direction": "TW", "total_row_ft": 48.7, "roadbed_ft": 30.7, "median_ft": 0.0, "left_sw_ft": 8.5, "right_sw_ft": 9.4}, "geometry": {"type": "LineString", "coordinates": [[-73.78562548516383, 40.84237810273643], [-73.7855770377218, 40.842249737278]]}}, {"type": "Feature", "properties": {"segment_id": 1528774, "physicalid": "102957", "street_name": "PELL PL", "borough": "bronx", "direction": "TW", "total_row_ft": 49.4, "roadbed_ft": 30.7, "median_ft": 0.0, "left_sw_ft": 8.6, "right_sw_ft": 10.0}, "geometry": {"type": "LineString", "coordinates": [[-73.78555604982326, 40.842393360647804], [-73.7855068546859, 40.84226301374552]]}}, {"type": "Feature", "properties": {"segment_id": 1528775, "physicalid": "102957", "street_name": "PELL PL", "borough": "bronx", "direction": "TW", "total_row_ft": 49.9, "roadbed_ft": 30.6, "median_ft": 0.0, "left_sw_ft": 8.7, "right_sw_ft": 10.6}, "geometry": {"type": "LineString", "coordinates": [[-73.78548658419653, 40.842408538355706], [-73.78543686636912, 40.84227680617272]]}}, {"type": "Feature", "properties": {"segment_id": 1528776, "physicalid": "102957", "street_name": "PELL PL", "borough": "bronx", "direction": "TW", "total_row_ft": 49.4, "roadbed_ft": 30.4, "median_ft": 0.0, "left_sw_ft": 8.5, "right_sw_ft": 10.5}, "geometry": {"type": "LineString", "coordinates": [[-73.78541678404162, 40.84242282974045], [-73.78536757420375, 40.84229244316354]]}}, {"type": "Feature", "properties": {"segment_id": 1528777, "physicalid": "102957", "street_name": "PELL PL", "borough": "bronx", "direction": "TW", "total_row_ft": 48.9, "roadbed_ft": 30.1, "median_ft": 0.0, "left_sw_ft": 8.3, "right_sw_ft": 10.5}, "geometry": {"type": "LineString", "coordinates": [[-73.78534698374898, 40.84243712079742], [-73.78529828197274, 40.84230808002519]]}}, {"type": "Feature", "properties": {"segment_id": 1528778, "physicalid": "102957", "street_name": "PELL PL", "borough": "bronx", "direction": "TW", "total_row_ft": 48.4, "roadbed_ft": 29.9, "median_ft": 0.0, "left_sw_ft": 8.1, "right_sw_ft": 10.4}, "geometry": {"type": "LineString", "coordinates": [[-73.7852771834844, 40.842451411965946], [-73.78522898970918, 40.84232371684515]]}}, {"type": "Feature", "properties": {"segment_id": 1528779, "physicalid": "102957", "street_name": "PELL PL", "borough": "bronx", "direction": "TW", "total_row_ft": 47.9, "roadbed_ft": 29.6, "median_ft": 0.0, "left_sw_ft": 7.9, "right_sw_ft": 10.3}, "geometry": {"type": "LineString", "coordinates": [[-73.78520738321201, 40.842465703150964], [-73.78515969741302, 40.84233935362345]]}}, {"type": "Feature", "properties": {"segment_id": 1528780, "physicalid": "102957", "street_name": "PELL PL", "borough": "bronx", "direction": "TW", "total_row_ft": 47.4, "roadbed_ft": 29.6, "median_ft": 0.0, "left_sw_ft": 7.7, "right_sw_ft": 10.1}, "geometry": {"type": "LineString", "coordinates": [[-73.78513758277737, 40.842479993943286], [-73.78509040519864, 40.84235499066305]]}}, {"type": "Feature", "properties": {"segment_id": 1528781, "physicalid": "102957", "street_name": "PELL PL", "borough": "bronx", "direction": "TW", "total_row_ft": 47.5, "roadbed_ft": 29.6, "median_ft": 0.0, "left_sw_ft": 7.6, "right_sw_ft": 10.3}, "geometry": {"type": "LineString", "coordinates": [[-73.78506795245157, 40.84249473549913], [-73.78502060696422, 40.84236928697342]]}}, {"type": "Feature", "properties": {"segment_id": 1528782, "physicalid": "102957", "street_name": "PELL PL", "borough": "bronx", "direction": "TW", "total_row_ft": 47.9, "roadbed_ft": 29.6, "median_ft": 0.0, "left_sw_ft": 7.7, "right_sw_ft": 10.6}, "geometry": {"type": "LineString", "coordinates": [[-73.78499850812553, 40.84250996992765], [-73.78495078422415, 40.8423835183895]]}}, {"type": "Feature", "properties": {"segment_id": 1528783, "physicalid": "102957", "street_name": "PELL PL", "borough": "bronx", "direction": "TW", "total_row_ft": 48.3, "roadbed_ft": 29.9, "median_ft": 0.0, "left_sw_ft": 7.8, "right_sw_ft": 10.6}, "geometry": {"type": "LineString", "coordinates": [[-73.78492906380708, 40.842525204418685], [-73.78488096147697, 40.84239774982369]]}}, {"type": "Feature", "properties": {"segment_id": 1528784, "physicalid": "102957", "street_name": "PELL PL", "borough": "bronx", "direction": "TW", "total_row_ft": 120.0, "roadbed_ft": 30.9, "median_ft": 0.0, "left_sw_ft": 44.3, "right_sw_ft": 44.8}, "geometry": {"type": "LineString", "coordinates": [[-73.7848957970242, 40.842636296879746], [-73.78477630370577, 40.842319679910844]]}}, {"type": "Feature", "properties": {"segment_id": 1556478, "physicalid": "105091", "street_name": "BROWN LN", "borough": "bronx", "direction": "TW", "total_row_ft": 135.0, "roadbed_ft": 76.6, "median_ft": 0.0, "left_sw_ft": 15.0, "right_sw_ft": 43.4}, "geometry": {"type": "LineString", "coordinates": [[-73.78580954348686, 40.84736234101448], [-73.7862219261211, 40.847260277935234]]}}, {"type": "Feature", "properties": {"segment_id": 1556479, "physicalid": "105091", "street_name": "BROWN LN", "borough": "bronx", "direction": "TW", "total_row_ft": 42.0, "roadbed_ft": 12.0, "median_ft": 0.0, "left_sw_ft": 15.0, "right_sw_ft": 15.0}, "geometry": {"type": "LineString", "coordinates": [[-73.78578714289995, 40.84731014896599], [-73.78619952524501, 40.84720808596592]]}}, {"type": "Feature", "properties": {"segment_id": 1556480, "physicalid": "105091", "street_name": "BROWN LN", "borough": "bronx", "direction": "TW", "total_row_ft": 42.5, "roadbed_ft": 12.5, "median_ft": 0.0, "left_sw_ft": 15.0, "right_sw_ft": 15.0}, "geometry": {"type": "LineString", "coordinates": [[-73.7857647423482, 40.84725795691269], [-73.78617712440406, 40.84715589399177]]}}, {"type": "Feature", "properties": {"segment_id": 1556481, "physicalid": "105091", "street_name": "BROWN LN", "borough": "bronx", "direction": "TW", "total_row_ft": 43.0, "roadbed_ft": 13.0, "median_ft": 0.0, "left_sw_ft": 15.0, "right_sw_ft": 15.0}, "geometry": {"type": "LineString", "coordinates": [[-73.78574234183161, 40.84720576485459], [-73.78615472359824, 40.847103702012774]]}}, {"type": "Feature", "properties": {"segment_id": 1556482, "physicalid": "105091", "street_name": "BROWN LN", "borough": "bronx", "direction": "TW", "total_row_ft": 43.7, "roadbed_ft": 13.7, "median_ft": 0.0, "left_sw_ft": 15.0, "right_sw_ft": 15.0}, "geometry": {"type": "LineString", "coordinates": [[-73.78571994135017, 40.84715357279165], [-73.78613232282761, 40.847051510028976]]}}, {"type": "Feature", "properties": {"segment_id": 1556483, "physicalid": "105091", "street_name": "BROWN LN", "borough": "bronx", "direction": "TW", "total_row_ft": 44.6, "roadbed_ft": 14.6, "median_ft": 0.0, "left_sw_ft": 15.0, "right_sw_ft": 15.0}, "geometry": {"type": "LineString", "coordinates": [[-73.78569754090385, 40.84710138072384], [-73.78610992209214, 40.8469993180404]]}}, {"type": "Feature", "properties": {"segment_id": 1556484, "physicalid": "105091", "street_name": "BROWN LN", "borough": "bronx", "direction": "TW", "total_row_ft": 44.4, "roadbed_ft": 14.4, "median_ft": 0.0, "left_sw_ft": 15.0, "right_sw_ft": 15.0}, "geometry": {"type": "LineString", "coordinates": [[-73.78567514049271, 40.84704918865125], [-73.7860875213918, 40.84694712604696]]}}, {"type": "Feature", "properties": {"segment_id": 1556485, "physicalid": "105091", "street_name": "BROWN LN", "borough": "bronx", "direction": "TW", "total_row_ft": 44.2, "roadbed_ft": 14.2, "median_ft": 0.0, "left_sw_ft": 15.0, "right_sw_ft": 15.0}, "geometry": {"type": "LineString", "coordinates": [[-73.78565274011672, 40.846996996573836], [-73.78606512072662, 40.84689493404871]]}}, {"type": "Feature", "properties": {"segment_id": 1556486, "physicalid": "105091", "street_name": "BROWN LN", "borough": "bronx", "direction": "TW", "total_row_ft": 44.0, "roadbed_ft": 14.0, "median_ft": 0.0, "left_sw_ft": 15.0, "right_sw_ft": 15.0}, "geometry": {"type": "LineString", "coordinates": [[-73.78563033977588, 40.84694480449162], [-73.78604272009657, 40.84684274204566]]}}, {"type": "Feature", "properties": {"segment_id": 1556487, "physicalid": "105092", "street_name": "HAWKINS ST", "borough": "bronx", "direction": "TW", "total_row_ft": 42.7, "roadbed_ft": 12.7, "median_ft": 0.0, "left_sw_ft": 15.0, "right_sw_ft": 15.0}, "geometry": {"type": "LineString", "coordinates": [[-73.78477416367053, 40.84657508142614], [-73.78467064969709, 40.846255234453245]]}}, {"type": "Feature", "properties": {"segment_id": 1556488, "physicalid": "105092", "street_name": "HAWKINS ST", "borough": "bronx", "direction": "TW", "total_row_ft": 40.6, "roadbed_ft": 10.6, "median_ft": 0.0, "left_sw_ft": 15.0, "right_sw_ft": 15.0}, "geometry": {"type": "LineString", "coordinates": [[-73.78470396461525, 40.84658818255883], [-73.78460045095896, 40.84626833552368]]}}, {"type": "Feature", "properties": {"segment_id": 1556489, "physicalid": "105092", "street_name": "HAWKINS ST", "borough": "bronx", "direction": "TW", "total_row_ft": 39.2, "roadbed_ft": 9.2, "median_ft": 0.0, "left_sw_ft": 15.0, "right_sw_ft": 15.0}, "geometry": {"type": "LineString", "coordinates": [[-73.78463376553233, 40.8466012836488], [-73.78453025219316, 40.84628143655139]]}}, {"type": "Feature", "properties": {"segment_id": 1556490, "physicalid": "105092", "street_name": "HAWKINS ST", "borough": "bronx", "direction": "TW", "total_row_ft": 38.8, "roadbed_ft": 8.8, "median_ft": 0.0, "left_sw_ft": 15.0, "right_sw_ft": 15.0}, "geometry": {"type": "LineString", "coordinates": [[-73.78456356642172, 40.846614384696004], [-73.78446005339974, 40.84629453753634]]}}, {"type": "Feature", "properties": {"segment_id": 1556491, "physicalid": "105092", "street_name": "HAWKINS ST", "borough": "bronx", "direction": "TW", "total_row_ft": 38.8, "roadbed_ft": 8.8, "median_ft": 0.0, "left_sw_ft": 15.0, "right_sw_ft": 15.0}, "geometry": {"type": "LineString", "coordinates": [[-73.78449336728347, 40.84662748570048], [-73.78438985457865, 40.84630763847853]]}}, {"type": "Feature", "properties": {"segment_id": 1556492, "physicalid": "105092", "street_name": "HAWKINS ST", "borough": "bronx", "direction": "TW", "total_row_ft": 39.4, "roadbed_ft": 9.4, "median_ft": 0.0, "left_sw_ft": 15.0, "right_sw_ft": 15.0}, "geometry": {"type": "LineString", "coordinates": [[-73.78442316811761, 40.8466405866622], [-73.7843196557299, 40.84632073937797]]}}, {"type": "Feature", "properties": {"segment_id": 1556493, "physicalid": "105092", "street_name": "HAWKINS ST", "borough": "bronx", "direction": "TW", "total_row_ft": 39.7, "roadbed_ft": 9.7, "median_ft": 0.0, "left_sw_ft": 15.0, "right_sw_ft": 15.0}, "geometry": {"type": "LineString", "coordinates": [[-73.78435296892405, 40.84665368758115], [-73.78424945685353, 40.84633384023468]]}}, {"type": "Feature", "properties": {"segment_id": 1556494, "physicalid": "105092", "street_name": "HAWKINS ST", "borough": "bronx", "direction": "TW", "total_row_ft": 39.4, "roadbed_ft": 9.4, "median_ft": 0.0, "left_sw_ft": 15.0, "right_sw_ft": 15.0}, "geometry": {"type": "LineString", "coordinates": [[-73.78428276970286, 40.84666678845738], [-73.78417925794949, 40.84634694104862]]}}, {"type": "Feature", "properties": {"segment_id": 1556495, "physicalid": "105092", "street_name": "HAWKINS ST", "borough": "bronx", "direction": "TW", "total_row_ft": 38.7, "roadbed_ft": 8.7, "median_ft": 0.0, "left_sw_ft": 15.0, "right_sw_ft": 15.0}, "geometry": {"type": "LineString", "coordinates": [[-73.78421257045402, 40.84667988929085], [-73.7841090590178, 40.84636004181982]]}}, {"type": "Feature", "properties": {"segment_id": 1556496, "physicalid": "105092", "street_name": "HAWKINS ST", "borough": "bronx", "direction": "TW", "total_row_ft": 38.1, "roadbed_ft": 8.1, "median_ft": 0.0, "left_sw_ft": 15.0, "right_sw_ft": 15.0}, "geometry": {"type": "LineString", "coordinates": [[-73.78414237117752, 40.84669299008156], [-73.78403886005844, 40.84637314254826]]}}, {"type": "Feature", "properties": {"segment_id": 1556497, "physicalid": "105092", "street_name": "HAWKINS ST", "borough": "bronx", "direction": "TW", "total_row_ft": 38.5, "roadbed_ft": 8.5, "median_ft": 0.0, "left_sw_ft": 15.0, "right_sw_ft": 15.0}, "geometry": {"type": "LineString", "coordinates": [[-73.78407217187336, 40.84670609082954], [-73.78396866107147, 40.84638624323395]]}}, {"type": "Feature", "properties": {"segment_id": 1556498, "physicalid": "105092", "street_name": "HAWKINS ST", "borough": "bronx", "direction": "TW", "total_row_ft": 38.9, "roadbed_ft": 8.9, "median_ft": 0.0, "left_sw_ft": 15.0, "right_sw_ft": 15.0}, "geometry": {"type": "LineString", "coordinates": [[-73.78400197254157, 40.84671919153474], [-73.78389846205683, 40.8463993438769]]}}, {"type": "Feature", "properties": {"segment_id": 1556499, "physicalid": "105092", "street_name": "HAWKINS ST", "borough": "bronx", "direction": "TW", "total_row_ft": 39.2, "roadbed_ft": 9.2, "median_ft": 0.0, "left_sw_ft": 15.0, "right_sw_ft": 15.0}, "geometry": {"type": "LineString", "coordinates": [[-73.78393177318213, 40.8467322921972], [-73.78382826301451, 40.846412444477124]]}}, {"type": "Feature", "properties": {"segment_id": 1556500, "physicalid": "105092", "street_name": "HAWKINS ST", "borough": "bronx", "direction": "TW", "total_row_ft": 39.5, "roadbed_ft": 9.5, "median_ft": 0.0, "left_sw_ft": 15.0, "right_sw_ft": 15.0}, "geometry": {"type": "LineString", "coordinates": [[-73.78386157379504, 40.84674539281693], [-73.78375806394459, 40.846425545034556]]}}, {"type": "Feature", "properties": {"segment_id": 1556501, "physicalid": "105092", "street_name": "HAWKINS ST", "borough": "bronx", "direction": "TW", "total_row_ft": 40.4, "roadbed_ft": 10.4, "median_ft": 0.0, "left_sw_ft": 15.0, "right_sw_ft": 15.0}, "geometry": {"type": "LineString", "coordinates": [[-73.78379137438029, 40.846758493393885], [-73.783687864847, 40.846438645549256]]}}, {"type": "Feature", "properties": {"segment_id": 1556502, "physicalid": "105092", "street_name": "HAWKINS ST", "borough": "bronx", "direction": "TW", "total_row_ft": 41.7, "roadbed_ft": 11.7, "median_ft": 0.0, "left_sw_ft": 15.0, "right_sw_ft": 15.0}, "geometry": {"type": "LineString", "coordinates": [[-73.78372117493788, 40.846771593928096], [-73.78361766572174, 40.846451746021195]]}}, {"type": "Feature", "properties": {"segment_id": 1572027, "physicalid": "117695", "street_name": "WINTERS ST", "borough": "bronx", "direction": "TW", "total_row_ft": 46.5, "roadbed_ft": 28.9, "median_ft": 0.0, "left_sw_ft": 7.1, "right_sw_ft": 10.4}, "geometry": {"type": "LineString", "coordinates": [[-73.78872302648243, 40.84307592846597], [-73.78867701756076, 40.8429532316565]]}}, {"type": "Feature", "properties": {"segment_id": 1572028, "physicalid": "117695", "street_name": "WINTERS ST", "borough": "bronx", "direction": "TW", "total_row_ft": 47.9, "roadbed_ft": 29.1, "median_ft": 0.0, "left_sw_ft": 7.5, "right_sw_ft": 11.3}, "geometry": {"type": "LineString", "coordinates": [[-73.7886538606438, 40.843091908188164], [-73.78860647236473, 40.842965532546465]]}}, {"type": "Feature", "properties": {"segment_id": 1572029, "physicalid": "117695", "street_name": "WINTERS ST", "borough": "bronx", "direction": "TW", "total_row_ft": 49.3, "roadbed_ft": 29.3, "median_ft": 0.0, "left_sw_ft": 7.9, "right_sw_ft": 12.1}, "geometry": {"type": "LineString", "coordinates": [[-73.78858469482253, 40.843107888003715], [-73.78853592705639, 40.84297783316321]]}}, {"type": "Feature", "properties": {"segment_id": 1572030, "physicalid": "117695", "street_name": "WINTERS ST", "borough": "bronx", "direction": "TW", "total_row_ft": 50.5, "roadbed_ft": 29.4, "median_ft": 0.0, "left_sw_ft": 8.3, "right_sw_ft": 12.8}, "geometry": {"type": "LineString", "coordinates": [[-73.7885155290332, 40.843123867951576], [-73.78846550851006, 40.84299047185956]]}}, {"type": "Feature", "properties": {"segment_id": 1572031, "physicalid": "117695", "street_name": "WINTERS ST", "borough": "bronx", "direction": "TW", "total_row_ft": 50.7, "roadbed_ft": 29.6, "median_ft": 0.0, "left_sw_ft": 8.7, "right_sw_ft": 12.4}, "geometry": {"type": "LineString", "coordinates": [[-73.78844636299651, 40.84313984728685], [-73.78839621679123, 40.84300611565315]]}}, {"type": "Feature", "properties": {"segment_id": 1572032, "physicalid": "117695", "street_name": "WINTERS ST", "borough": "bronx", "direction": "TW", "total_row_ft": 50.8, "roadbed_ft": 29.4, "median_ft": 0.0, "left_sw_ft": 9.1, "right_sw_ft": 12.3}, "geometry": {"type": "LineString", "coordinates": [[-73.78837719697856, 40.843155826719176], [-73.78832692491663, 40.843021759076656]]}}, {"type": "Feature", "properties": {"segment_id": 1572033, "physicalid": "117695", "street_name": "WINTERS ST", "borough": "bronx", "direction": "TW", "total_row_ft": 50.7, "roadbed_ft": 29.2, "median_ft": 0.0, "left_sw_ft": 9.4, "right_sw_ft": 12.1}, "geometry": {"type": "LineString", "coordinates": [[-73.78830779686348, 40.84317118189818], [-73.78825763304712, 40.84303740255894]]}}, {"type": "Feature", "properties": {"segment_id": 1572034, "physicalid": "117695", "street_name": "WINTERS ST", "borough": "bronx", "direction": "TW", "total_row_ft": 50.5, "roadbed_ft": 28.9, "median_ft": 0.0, "left_sw_ft": 9.7, "right_sw_ft": 11.9}, "geometry": {"type": "LineString", "coordinates": [[-73.78823834626876, 40.843186402499114], [-73.78818834121532, 40.84305304618704]]}}, {"type": "Feature", "properties": {"segment_id": 1572035, "physicalid": "117695", "street_name": "WINTERS ST", "borough": "bronx", "direction": "TW", "total_row_ft": 50.4, "roadbed_ft": 28.8, "median_ft": 0.0, "left_sw_ft": 9.7, "right_sw_ft": 11.8}, "geometry": {"type": "LineString", "coordinates": [[-73.78816889562675, 40.843201623016895], [-73.78811904933505, 40.84306868973114]]}}, {"type": "Feature", "properties": {"segment_id": 1572036, "physicalid": "117695", "street_name": "WINTERS ST", "borough": "bronx", "direction": "TW", "total_row_ft": 50.2, "roadbed_ft": 29.0, "median_ft": 0.0, "left_sw_ft": 9.6, "right_sw_ft": 11.6}, "geometry": {"type": "LineString", "coordinates": [[-73.7880994448968, 40.843216843343], [-73.78804975735129, 40.84308433304442]]}}, {"type": "Feature", "properties": {"segment_id": 1572037, "physicalid": "117695", "street_name": "WINTERS ST", "borough": "bronx", "direction": "TW", "total_row_ft": 46.3, "roadbed_ft": 29.2, "median_ft": 0.0, "left_sw_ft": 9.6, "right_sw_ft": 7.6}, "geometry": {"type": "LineString", "coordinates": [[-73.78802999424148, 40.84323206391104], [-73.7879841338279, 40.843109759761326]]}}, {"type": "Feature", "properties": {"segment_id": 1572038, "physicalid": "117695", "street_name": "WINTERS ST", "borough": "bronx", "direction": "TW", "total_row_ft": 46.5, "roadbed_ft": 29.4, "median_ft": 0.0, "left_sw_ft": 9.5, "right_sw_ft": 7.6}, "geometry": {"type": "LineString", "coordinates": [[-73.78796050359034, 40.84324717785792], [-73.78791447103522, 40.843124414285214]]}}, {"type": "Feature", "properties": {"segment_id": 1572039, "physicalid": "117695", "street_name": "WINTERS ST", "borough": "bronx", "direction": "TW", "total_row_ft": 46.7, "roadbed_ft": 29.7, "median_ft": 0.0, "left_sw_ft": 9.5, "right_sw_ft": 7.5}, "geometry": {"type": "LineString", "coordinates": [[-73.78789098604524, 40.84326222012386], [-73.7878448082125, 40.843139068768714]]}}, {"type": "Feature", "properties": {"segment_id": 1572040, "physicalid": "117695", "street_name": "WINTERS ST", "borough": "bronx", "direction": "TW", "total_row_ft": 46.8, "roadbed_ft": 29.7, "median_ft": 0.0, "left_sw_ft": 9.5, "right_sw_ft": 7.6}, "geometry": {"type": "LineString", "coordinates": [[-73.78782146846866, 40.84327726234789], [-73.78777514535908, 40.84315372321006]]}}, {"type": "Feature", "properties": {"segment_id": 1572041, "physicalid": "117695", "street_name": "WINTERS ST", "borough": "bronx", "direction": "TW", "total_row_ft": 46.9, "roadbed_ft": 29.7, "median_ft": 0.0, "left_sw_ft": 9.4, "right_sw_ft": 7.8}, "geometry": {"type": "LineString", "coordinates": [[-73.78775192462858, 40.843292234571486], [-73.78770548247495, 40.84316837760936]]}}, {"type": "Feature", "properties": {"segment_id": 1572042, "physicalid": "117695", "street_name": "WINTERS ST", "borough": "bronx", "direction": "TW", "total_row_ft": 46.8, "roadbed_ft": 29.7, "median_ft": 0.0, "left_sw_ft": 9.3, "right_sw_ft": 7.9}, "geometry": {"type": "LineString", "coordinates": [[-73.78768223382244, 40.84330681489127], [-73.78763587656573, 40.84318318399587]]}}, {"type": "Feature", "properties": {"segment_id": 1572043, "physicalid": "117695", "street_name": "WINTERS ST", "borough": "bronx", "direction": "TW", "total_row_ft": 46.7, "roadbed_ft": 29.6, "median_ft": 0.0, "left_sw_ft": 9.2, "right_sw_ft": 7.9}, "geometry": {"type": "LineString", "coordinates": [[-73.78761254298573, 40.84332139516892], [-73.78756629477454, 40.84319805474408]]}}, {"type": "Feature", "properties": {"segment_id": 1572044, "physicalid": "117695", "street_name": "WINTERS ST", "borough": "bronx", "direction": "TW", "total_row_ft": 46.6, "roadbed_ft": 29.5, "median_ft": 0.0, "left_sw_ft": 9.2, "right_sw_ft": 7.9}, "geometry": {"type": "LineString", "coordinates": [[-73.78754285211846, 40.843335975404436], [-73.78749671295223, 40.84321292545024]]}}, {"type": "Feature", "properties": {"segment_id": 1572045, "physicalid": "117695", "street_name": "WINTERS ST", "borough": "bronx", "direction": "TW", "total_row_ft": 46.5, "roadbed_ft": 29.5, "median_ft": 0.0, "left_sw_ft": 9.1, "right_sw_ft": 7.9}, "geometry": {"type": "LineString", "coordinates": [[-73.78747316122067, 40.84335055559778], [-73.78742713109884, 40.843227796114434]]}}, {"type": "Feature", "properties": {"segment_id": 1572046, "physicalid": "117695", "street_name": "WINTERS ST", "borough": "bronx", "direction": "TW", "total_row_ft": 46.6, "roadbed_ft": 29.8, "median_ft": 0.0, "left_sw_ft": 8.8, "right_sw_ft": 8.1}, "geometry": {"type": "LineString", "coordinates": [[-73.78740347034588, 40.84336513589185], [-73.7873573229531, 40.843242063309134]]}}, {"type": "Feature", "properties": {"segment_id": 1572047, "physicalid": "117695", "street_name": "WINTERS ST", "borough": "bronx", "direction": "TW", "total_row_ft": 46.8, "roadbed_ft": 30.0, "median_ft": 0.0, "left_sw_ft": 8.5, "right_sw_ft": 8.3}, "geometry": {"type": "LineString", "coordinates": [[-73.78733377946969, 40.84337971622154], [-73.78728745718689, 40.84325617686993]]}}, {"type": "Feature", "properties": {"segment_id": 1572048, "physicalid": "117695", "street_name": "WINTERS ST", "borough": "bronx", "direction": "TW", "total_row_ft": 47.0, "roadbed_ft": 30.3, "median_ft": 0.0, "left_sw_ft": 8.1, "right_sw_ft": 8.5}, "geometry": {"type": "LineString", "coordinates": [[-73.7872636387567, 40.84339441486564], [-73.78721815994918, 40.84327017553471]]}}, {"type": "Feature", "properties": {"segment_id": 1572049, "physicalid": "117695", "street_name": "WINTERS ST", "borough": "bronx", "direction": "TW", "total_row_ft": 47.2, "roadbed_ft": 30.4, "median_ft": 0.0, "left_sw_ft": 7.9, "right_sw_ft": 8.9}, "geometry": {"type": "LineString", "coordinates": [[-73.787193974487, 40.84340906096086], [-73.78714830037855, 40.843284287747665]]}}, {"type": "Feature", "properties": {"segment_id": 1572050, "physicalid": "117695", "street_name": "WINTERS ST", "borough": "bronx", "direction": "TW", "total_row_ft": 47.3, "roadbed_ft": 30.5, "median_ft": 0.0, "left_sw_ft": 7.7, "right_sw_ft": 9.1}, "geometry": {"type": "LineString", "coordinates": [[-73.78712431019115, 40.84342370702636], [-73.78707852214819, 40.843298622206916]]}}, {"type": "Feature", "properties": {"segment_id": 1572051, "physicalid": "117695", "street_name": "WINTERS ST", "borough": "bronx", "direction": "TW", "total_row_ft": 47.2, "roadbed_ft": 30.4, "median_ft": 0.0, "left_sw_ft": 7.7, "right_sw_ft": 9.1}, "geometry": {"type": "LineString", "coordinates": [[-73.78705464588177, 40.843438353096595], [-73.78700899958562, 40.84331365514849]]}}, {"type": "Feature", "properties": {"segment_id": 1572052, "physicalid": "117695", "street_name": "WINTERS ST", "borough": "bronx", "direction": "TW", "total_row_ft": 47.0, "roadbed_ft": 30.3, "median_ft": 0.0, "left_sw_ft": 7.7, "right_sw_ft": 9.0}, "geometry": {"type": "LineString", "coordinates": [[-73.78698498154174, 40.843452999124686], [-73.78693947699162, 40.843328688048096]]}}, {"type": "Feature", "properties": {"segment_id": 1572053, "physicalid": "117695", "street_name": "WINTERS ST", "borough": "bronx", "direction": "TW", "total_row_ft": 46.9, "roadbed_ft": 30.1, "median_ft": 0.0, "left_sw_ft": 7.8, "right_sw_ft": 9.0}, "geometry": {"type": "LineString", "coordinates": [[-73.78691537870063, 40.843467813199865], [-73.78686995436932, 40.84334372091437]]}}, {"type": "Feature", "properties": {"segment_id": 1572054, "physicalid": "117695", "street_name": "WINTERS ST", "borough": "bronx", "direction": "TW", "total_row_ft": 46.9, "roadbed_ft": 29.8, "median_ft": 0.0, "left_sw_ft": 8.0, "right_sw_ft": 9.1}, "geometry": {"type": "LineString", "coordinates": [[-73.78684580333287, 40.843482702370665], [-73.78680043178623, 40.84335875393158]]}}, {"type": "Feature", "properties": {"segment_id": 1572055, "physicalid": "117695", "street_name": "WINTERS ST", "borough": "bronx", "direction": "TW", "total_row_ft": 46.9, "roadbed_ft": 29.5, "median_ft": 0.0, "left_sw_ft": 8.1, "right_sw_ft": 9.3}, "geometry": {"type": "LineString", "coordinates": [[-73.78677622796816, 40.84349759159291], [-73.7867308642366, 40.84337366415007]]}}, {"type": "Feature", "properties": {"segment_id": 1572056, "physicalid": "117695", "street_name": "WINTERS ST", "borough": "bronx", "direction": "TW", "total_row_ft": 46.9, "roadbed_ft": 29.3, "median_ft": 0.0, "left_sw_ft": 8.1, "right_sw_ft": 9.5}, "geometry": {"type": "LineString", "coordinates": [[-73.78670665257232, 40.84351248077314], [-73.78666125231597, 40.84338845319577]]}}, {"type": "Feature", "properties": {"segment_id": 1572057, "physicalid": "117695", "street_name": "WINTERS ST", "borough": "bronx", "direction": "TW", "total_row_ft": 46.9, "roadbed_ft": 29.1, "median_ft": 0.0, "left_sw_ft": 8.2, "right_sw_ft": 9.6}, "geometry": {"type": "LineString", "coordinates": [[-73.78663707712751, 40.84352736986266], [-73.7865916403405, 40.843403242134215]]}}, {"type": "Feature", "properties": {"segment_id": 1572058, "physicalid": "117695", "street_name": "WINTERS ST", "borough": "bronx", "direction": "TW", "total_row_ft": 47.0, "roadbed_ft": 29.1, "median_ft": 0.0, "left_sw_ft": 8.2, "right_sw_ft": 9.7}, "geometry": {"type": "LineString", "coordinates": [[-73.7865674811502, 40.843542202903], [-73.7865220283138, 40.84341803097511]]}}, {"type": "Feature", "properties": {"segment_id": 1572059, "physicalid": "117695", "street_name": "WINTERS ST", "borough": "bronx", "direction": "TW", "total_row_ft": 47.0, "roadbed_ft": 29.1, "median_ft": 0.0, "left_sw_ft": 8.2, "right_sw_ft": 9.6}, "geometry": {"type": "LineString", "coordinates": [[-73.78649786587943, 40.843556983278454], [-73.78645241625613, 40.843432819773966]]}}, {"type": "Feature", "properties": {"segment_id": 1572060, "physicalid": "117695", "street_name": "WINTERS ST", "borough": "bronx", "direction": "TW", "total_row_ft": 46.9, "roadbed_ft": 29.3, "median_ft": 0.0, "left_sw_ft": 8.2, "right_sw_ft": 9.4}, "geometry": {"type": "LineString", "coordinates": [[-73.78642825057771, 40.843571763611855], [-73.78638283802853, 40.84344770103587]]}}, {"type": "Feature", "properties": {"segment_id": 1572061, "physicalid": "117695", "street_name": "WINTERS ST", "borough": "bronx", "direction": "TW", "total_row_ft": 46.8, "roadbed_ft": 29.5, "median_ft": 0.0, "left_sw_ft": 8.2, "right_sw_ft": 9.2}, "geometry": {"type": "LineString", "coordinates": [[-73.78635863524505, 40.84358654390323], [-73.786313332841, 40.84346278188005]]}}, {"type": "Feature", "properties": {"segment_id": 1572062, "physicalid": "117695", "street_name": "WINTERS ST", "borough": "bronx", "direction": "TW", "total_row_ft": 46.7, "roadbed_ft": 29.3, "median_ft": 0.0, "left_sw_ft": 8.1, "right_sw_ft": 9.3}, "geometry": {"type": "LineString", "coordinates": [[-73.7862890323071, 40.84360135809825], [-73.78624382762199, 40.843477862682306]]}}, {"type": "Feature", "properties": {"segment_id": 1572063, "physicalid": "117695", "street_name": "WINTERS ST", "borough": "bronx", "direction": "TW", "total_row_ft": 46.8, "roadbed_ft": 29.2, "median_ft": 0.0, "left_sw_ft": 8.3, "right_sw_ft": 9.4}, "geometry": {"type": "LineString", "coordinates": [[-73.78621965926585, 40.843616800395104], [-73.78617432237145, 40.84349294344264]]}}, {"type": "Feature", "properties": {"segment_id": 1572064, "physicalid": "117695", "street_name": "WINTERS ST", "borough": "bronx", "direction": "TW", "total_row_ft": 46.9, "roadbed_ft": 29.3, "median_ft": 0.0, "left_sw_ft": 8.4, "right_sw_ft": 9.2}, "geometry": {"type": "LineString", "coordinates": [[-73.78615028619019, 40.84363224264408], [-73.7861048627946, 40.84350814902485]]}}, {"type": "Feature", "properties": {"segment_id": 1572065, "physicalid": "117695", "street_name": "WINTERS ST", "borough": "bronx", "direction": "TW", "total_row_ft": 46.9, "roadbed_ft": 29.5, "median_ft": 0.0, "left_sw_ft": 8.5, "right_sw_ft": 8.9}, "geometry": {"type": "LineString", "coordinates": [[-73.78608091292448, 40.84364768442012], [-73.78603553326745, 40.84352370994045]]}}, {"type": "Feature", "properties": {"segment_id": 1572066, "physicalid": "117695", "street_name": "WINTERS ST", "borough": "bronx", "direction": "TW", "total_row_ft": 46.8, "roadbed_ft": 29.6, "median_ft": 0.0, "left_sw_ft": 8.6, "right_sw_ft": 8.6}, "geometry": {"type": "LineString", "coordinates": [[-73.78601153962656, 40.843663126154404], [-73.78596620357996, 40.84353927046497]]}}, {"type": "Feature", "properties": {"segment_id": 1572067, "physicalid": "117695", "street_name": "WINTERS ST", "borough": "bronx", "direction": "TW", "total_row_ft": 46.8, "roadbed_ft": 29.7, "median_ft": 0.0, "left_sw_ft": 8.8, "right_sw_ft": 8.4}, "geometry": {"type": "LineString", "coordinates": [[-73.78594218648023, 40.843678622988065], [-73.78589687386003, 40.843554830947795]]}}, {"type": "Feature", "properties": {"segment_id": 1572068, "physicalid": "117695", "street_name": "WINTERS ST", "borough": "bronx", "direction": "TW", "total_row_ft": 47.0, "roadbed_ft": 29.8, "median_ft": 0.0, "left_sw_ft": 9.1, "right_sw_ft": 8.1}, "geometry": {"type": "LineString", "coordinates": [[-73.78587301073372, 40.84369460451699], [-73.78582754417693, 40.84357039157806]]}}, {"type": "Feature", "properties": {"segment_id": 1572069, "physicalid": "117695", "street_name": "WINTERS ST", "borough": "bronx", "direction": "TW", "total_row_ft": 47.6, "roadbed_ft": 29.9, "median_ft": 0.0, "left_sw_ft": 9.4, "right_sw_ft": 8.3}, "geometry": {"type": "LineString", "coordinates": [[-73.78580383495398, 40.84371058600439], [-73.78575774320304, 40.8435846647002]]}}, {"type": "Feature", "properties": {"segment_id": 1572070, "physicalid": "117695", "street_name": "WINTERS ST", "borough": "bronx", "direction": "TW", "total_row_ft": 48.5, "roadbed_ft": 30.0, "median_ft": 0.0, "left_sw_ft": 9.7, "right_sw_ft": 8.8}, "geometry": {"type": "LineString", "coordinates": [[-73.78573465903428, 40.84372656715873], [-73.78568767248399, 40.843598200922486]]}}, {"type": "Feature", "properties": {"segment_id": 1572071, "physicalid": "117695", "street_name": "WINTERS ST", "borough": "bronx", "direction": "TW", "total_row_ft": 49.5, "roadbed_ft": 30.1, "median_ft": 0.0, "left_sw_ft": 10.0, "right_sw_ft": 9.4}, "geometry": {"type": "LineString", "coordinates": [[-73.78566548314255, 40.84374254843873], [-73.7856176017398, 40.84361173711144]]}}, {"type": "Feature", "properties": {"segment_id": 1572072, "physicalid": "117695", "street_name": "WINTERS ST", "borough": "bronx", "direction": "TW", "total_row_ft": 50.3, "roadbed_ft": 30.2, "median_ft": 0.0, "left_sw_ft": 10.3, "right_sw_ft": 9.9}, "geometry": {"type": "LineString", "coordinates": [[-73.7855962296469, 40.84375831775499], [-73.78554753098999, 40.84362527332032]]}}, {"type": "Feature", "properties": {"segment_id": 1572073, "physicalid": "117695", "street_name": "WINTERS ST", "borough": "bronx", "direction": "TW", "total_row_ft": 50.4, "roadbed_ft": 30.3, "median_ft": 0.0, "left_sw_ft": 10.1, "right_sw_ft": 10.0}, "geometry": {"type": "LineString", "coordinates": [[-73.78552663335508, 40.84377315060163], [-73.78547782963179, 40.84363981874513]]}}, {"type": "Feature", "properties": {"segment_id": 1572074, "physicalid": "117695", "street_name": "WINTERS ST", "borough": "bronx", "direction": "TW", "total_row_ft": 50.4, "roadbed_ft": 30.3, "median_ft": 0.0, "left_sw_ft": 10.0, "right_sw_ft": 10.0}, "geometry": {"type": "LineString", "coordinates": [[-73.78545703698175, 40.843787983268335], [-73.78540829775638, 40.84365482724069]]}}, {"type": "Feature", "properties": {"segment_id": 1572075, "physicalid": "117695", "street_name": "WINTERS ST", "borough": "bronx", "direction": "TW", "total_row_ft": 50.3, "roadbed_ft": 30.4, "median_ft": 0.0, "left_sw_ft": 9.9, "right_sw_ft": 10.0}, "geometry": {"type": "LineString", "coordinates": [[-73.78538744071967, 40.84380281628174], [-73.78533876579166, 40.84366983553596]]}}, {"type": "Feature", "properties": {"segment_id": 1572076, "physicalid": "117695", "street_name": "WINTERS ST", "borough": "bronx", "direction": "TW", "total_row_ft": 120.0, "roadbed_ft": 31.0, "median_ft": 0.0, "left_sw_ft": 44.1, "right_sw_ft": 44.9}, "geometry": {"type": "LineString", "coordinates": [[-73.78535130313925, 40.843909058974106], [-73.7852351499564, 40.84359172555504]]}}, {"type": "Feature", "properties": {"segment_id": 1659679, "physicalid": "166592", "street_name": "FORDHAM PL", "borough": "bronx", "direction": "TW", "total_row_ft": 110.8, "roadbed_ft": 80.8, "median_ft": 0.0, "left_sw_ft": 15.0, "right_sw_ft": 15.0}, "geometry": {"type": "LineString", "coordinates": [[-73.7835049630479, 40.84795597573849], [-73.78309207441627, 40.84805686243323]]}}, {"type": "Feature", "properties": {"segment_id": 1659680, "physicalid": "166592", "street_name": "FORDHAM PL", "borough": "bronx", "direction": "TW", "total_row_ft": 60.9, "roadbed_ft": 30.9, "median_ft": 0.0, "left_sw_ft": 15.0, "right_sw_ft": 15.0}, "geometry": {"type": "LineString", "coordinates": [[-73.78352710600159, 40.8480082311912], [-73.78311421707917, 40.84810911796428]]}}, {"type": "Feature", "properties": {"segment_id": 1659681, "physicalid": "166592", "street_name": "FORDHAM PL", "borough": "bronx", "direction": "TW", "total_row_ft": 60.7, "roadbed_ft": 30.7, "median_ft": 0.0, "left_sw_ft": 15.0, "right_sw_ft": 15.0}, "geometry": {"type": "LineString", "coordinates": [[-73.78354924899004, 40.84806048663914], [-73.78313635977686, 40.848161373490576]]}}, {"type": "Feature", "properties": {"segment_id": 1659682, "physicalid": "166592", "street_name": "FORDHAM PL", "borough": "bronx", "direction": "TW", "total_row_ft": 60.5, "roadbed_ft": 30.5, "median_ft": 0.0, "left_sw_ft": 15.0, "right_sw_ft": 15.0}, "geometry": {"type": "LineString", "coordinates": [[-73.7835713920133, 40.84811274208241], [-73.78315850250934, 40.84821362901215]]}}, {"type": "Feature", "properties": {"segment_id": 1659683, "physicalid": "166592", "street_name": "FORDHAM PL", "borough": "bronx", "direction": "TW", "total_row_ft": 60.4, "roadbed_ft": 30.4, "median_ft": 0.0, "left_sw_ft": 15.0, "right_sw_ft": 15.0}, "geometry": {"type": "LineString", "coordinates": [[-73.78359353507136, 40.84816499752093], [-73.78318064527662, 40.84826588452905]]}}, {"type": "Feature", "properties": {"segment_id": 1659684, "physicalid": "166592", "street_name": "FORDHAM PL", "borough": "bronx", "direction": "TW", "total_row_ft": 60.3, "roadbed_ft": 30.3, "median_ft": 0.0, "left_sw_ft": 15.0, "right_sw_ft": 15.0}, "geometry": {"type": "LineString", "coordinates": [[-73.7836156781642, 40.84821725295471], [-73.78320278807868, 40.848318140041165]]}}, {"type": "Feature", "properties": {"segment_id": 1659685, "physicalid": "166592", "street_name": "FORDHAM PL", "borough": "bronx", "direction": "TW", "total_row_ft": 60.0, "roadbed_ft": 30.0, "median_ft": 0.0, "left_sw_ft": 15.0, "right_sw_ft": 15.0}, "geometry": {"type": "LineString", "coordinates": [[-73.78363782129182, 40.84826950838377], [-73.78322493091554, 40.84837039554858]]}}, {"type": "Feature", "properties": {"segment_id": 1659686, "physicalid": "166592", "street_name": "FORDHAM PL", "borough": "bronx", "direction": "TW", "total_row_ft": 59.4, "roadbed_ft": 29.4, "median_ft": 0.0, "left_sw_ft": 15.0, "right_sw_ft": 15.0}, "geometry": {"type": "LineString", "coordinates": [[-73.78365996445423, 40.848321763808144], [-73.78324707378717, 40.848422651051266]]}}, {"type": "Feature", "properties": {"segment_id": 1659687, "physicalid": "166592", "street_name": "FORDHAM PL", "borough": "bronx", "direction": "TW", "total_row_ft": 58.8, "roadbed_ft": 28.8, "median_ft": 0.0, "left_sw_ft": 15.0, "right_sw_ft": 15.0}, "geometry": {"type": "LineString", "coordinates": [[-73.78368210765144, 40.84837401922776], [-73.7832692166936, 40.84847490654924]]}}, {"type": "Feature", "properties": {"segment_id": 1659688, "physicalid": "166592", "street_name": "FORDHAM PL", "borough": "bronx", "direction": "TW", "total_row_ft": 58.2, "roadbed_ft": 28.2, "median_ft": 0.0, "left_sw_ft": 15.0, "right_sw_ft": 15.0}, "geometry": {"type": "LineString", "coordinates": [[-73.78370425088345, 40.84842627464267], [-73.78329135963482, 40.84852716204247]]}}, {"type": "Feature", "properties": {"segment_id": 1659689, "physicalid": "166592", "street_name": "FORDHAM PL", "borough": "bronx", "direction": "TW", "total_row_ft": 57.9, "roadbed_ft": 27.9, "median_ft": 0.0, "left_sw_ft": 15.0, "right_sw_ft": 15.0}, "geometry": {"type": "LineString", "coordinates": [[-73.78372639415024, 40.848478530052844], [-73.78331350261084, 40.848579417531006]]}}, {"type": "Feature", "properties": {"segment_id": 1659690, "physicalid": "166592", "street_name": "FORDHAM PL", "borough": "bronx", "direction": "TW", "total_row_ft": 57.8, "roadbed_ft": 27.8, "median_ft": 0.0, "left_sw_ft": 15.0, "right_sw_ft": 15.0}, "geometry": {"type": "LineString", "coordinates": [[-73.78374853745181, 40.84853078545829], [-73.78333564562165, 40.84863167301478]]}}, {"type": "Feature", "properties": {"segment_id": 1659691, "physicalid": "166592", "street_name": "FORDHAM PL", "borough": "bronx", "direction": "TW", "total_row_ft": 57.6, "roadbed_ft": 27.6, "median_ft": 0.0, "left_sw_ft": 15.0, "right_sw_ft": 15.0}, "geometry": {"type": "LineString", "coordinates": [[-73.7837706807882, 40.84858304085901], [-73.78335778866723, 40.848683928493855]]}}, {"type": "Feature", "properties": {"segment_id": 1659692, "physicalid": "166592", "street_name": "FORDHAM PL", "borough": "bronx", "direction": "TW", "total_row_ft": 57.8, "roadbed_ft": 27.8, "median_ft": 0.0, "left_sw_ft": 15.0, "right_sw_ft": 15.0}, "geometry": {"type": "LineString", "coordinates": [[-73.78379282415935, 40.84863529625503], [-73.78337993174762, 40.84873618396821]]}}, {"type": "Feature", "properties": {"segment_id": 1659693, "physicalid": "166592", "street_name": "FORDHAM PL", "borough": "bronx", "direction": "TW", "total_row_ft": 58.3, "roadbed_ft": 28.3, "median_ft": 0.0, "left_sw_ft": 15.0, "right_sw_ft": 15.0}, "geometry": {"type": "LineString", "coordinates": [[-73.7838149675653, 40.84868755164631], [-73.78340207486279, 40.84878843943783]]}}, {"type": "Feature", "properties": {"segment_id": 1659694, "physicalid": "166592", "street_name": "FORDHAM PL", "borough": "bronx", "direction": "TW", "total_row_ft": 59.3, "roadbed_ft": 29.3, "median_ft": 0.0, "left_sw_ft": 15.0, "right_sw_ft": 15.0}, "geometry": {"type": "LineString", "coordinates": [[-73.78383711100605, 40.84873980703287], [-73.78342421801275, 40.84884069490273]]}}, {"type": "Feature", "properties": {"segment_id": 1659695, "physicalid": "166592", "street_name": "FORDHAM PL", "borough": "bronx", "direction": "TW", "total_row_ft": 41.1, "roadbed_ft": 11.1, "median_ft": 0.0, "left_sw_ft": 15.0, "right_sw_ft": 15.0}, "geometry": {"type": "LineString", "coordinates": [[-73.78385925448158, 40.8487920624147], [-73.78344636119752, 40.8488929503629]]}}, {"type": "Feature", "properties": {"segment_id": 1659696, "physicalid": "166592", "street_name": "FORDHAM PL", "borough": "bronx", "direction": "TW", "total_row_ft": 30.0, "roadbed_ft": 0.0, "median_ft": 0.0, "left_sw_ft": 15.0, "right_sw_ft": 15.0}, "geometry": {"type": "LineString", "coordinates": [[-73.7838813979919, 40.8488443177918], [-73.78346850441707, 40.84894520581835]]}}, {"type": "Feature", "properties": {"segment_id": 1659697, "physicalid": "166592", "street_name": "FORDHAM PL", "borough": "bronx", "direction": "TW", "total_row_ft": 30.0, "roadbed_ft": 0.0, "median_ft": 0.0, "left_sw_ft": 15.0, "right_sw_ft": 15.0}, "geometry": {"type": "LineString", "coordinates": [[-73.78390354153703, 40.84889657316418], [-73.7834906476714, 40.84899746126906]]}}, {"type": "Feature", "properties": {"segment_id": 1673677, "physicalid": "169280", "street_name": "TIER ST", "borough": "bronx", "direction": "TW", "total_row_ft": 49.1, "roadbed_ft": 29.3, "median_ft": 0.0, "left_sw_ft": 11.1, "right_sw_ft": 8.8}, "geometry": {"type": "LineString", "coordinates": [[-73.78996944818469, 40.84800467872419], [-73.78992110368321, 40.84787488307967]]}}, {"type": "Feature", "properties": {"segment_id": 1673678, "physicalid": "169280", "street_name": "TIER ST", "borough": "bronx", "direction": "TW", "total_row_ft": 49.2, "roadbed_ft": 29.0, "median_ft": 0.0, "left_sw_ft": 11.3, "right_sw_ft": 9.0}, "geometry": {"type": "LineString", "coordinates": [[-73.78989998835145, 40.848019889647354], [-73.78985158691923, 40.84788994079108]]}}, {"type": "Feature", "properties": {"segment_id": 1673679, "physicalid": "169280", "street_name": "TIER ST", "borough": "bronx", "direction": "TW", "total_row_ft": 49.4, "roadbed_ft": 28.9, "median_ft": 0.0, "left_sw_ft": 11.2, "right_sw_ft": 9.3}, "geometry": {"type": "LineString", "coordinates": [[-73.78983052846029, 40.84803510045841], [-73.78978193795862, 40.847904643619934]]}}, {"type": "Feature", "properties": {"segment_id": 1673680, "physicalid": "169280", "street_name": "TIER ST", "borough": "bronx", "direction": "TW", "total_row_ft": 53.6, "roadbed_ft": 29.1, "median_ft": 0.0, "left_sw_ft": 15.0, "right_sw_ft": 9.4}, "geometry": {"type": "LineString", "coordinates": [[-73.78979348766765, 40.84813735076144], [-73.78971228389442, 40.84791933278704]]}}, {"type": "Feature", "properties": {"segment_id": 1673681, "physicalid": "169280", "street_name": "TIER ST", "borough": "bronx", "direction": "TW", "total_row_ft": 53.4, "roadbed_ft": 29.5, "median_ft": 0.0, "left_sw_ft": 15.0, "right_sw_ft": 9.0}, "geometry": {"type": "LineString", "coordinates": [[-73.78972392676255, 40.848152290698046], [-73.78964262979945, 40.84793402191207]]}}, {"type": "Feature", "properties": {"segment_id": 1673682, "physicalid": "169280", "street_name": "TIER ST", "borough": "bronx", "direction": "TW", "total_row_ft": 53.2, "roadbed_ft": 34.2, "median_ft": 0.0, "left_sw_ft": 15.0, "right_sw_ft": 4.0}, "geometry": {"type": "LineString", "coordinates": [[-73.78965436582617, 40.84816723059268], [-73.7895729756737, 40.84794871099498]]}}, {"type": "Feature", "properties": {"segment_id": 1696061, "physicalid": "175065", "street_name": "FORDHAM PL", "borough": "bronx", "direction": "TW", "total_row_ft": 103.1, "roadbed_ft": 73.1, "median_ft": 0.0, "left_sw_ft": 15.0, "right_sw_ft": 15.0}, "geometry": {"type": "LineString", "coordinates": [[-73.78403730632198, 40.84744872630298], [-73.78361877760727, 40.84753517035213]]}}, {"type": "Feature", "properties": {"segment_id": 1696062, "physicalid": "175065", "street_name": "FORDHAM PL", "borough": "bronx", "direction": "TW", "total_row_ft": 41.2, "roadbed_ft": 26.3, "median_ft": 0.0, "left_sw_ft": 6.7, "right_sw_ft": 8.2}, "geometry": {"type": "LineString", "coordinates": [[-73.78391751859789, 40.84753035618004], [-73.78377379944827, 40.84756004032022]]}}, {"type": "Feature", "properties": {"segment_id": 1696063, "physicalid": "175065", "street_name": "FORDHAM PL", "borough": "bronx", "direction": "TW", "total_row_ft": 41.9, "roadbed_ft": 26.7, "median_ft": 0.0, "left_sw_ft": 7.0, "right_sw_ft": 8.2}, "geometry": {"type": "LineString", "coordinates": [[-73.78393890306575, 40.847582827779505], [-73.78379287734042, 40.84761298832935]]}}, {"type": "Feature", "properties": {"segment_id": 1696064, "physicalid": "175065", "street_name": "FORDHAM PL", "borough": "bronx", "direction": "TW", "total_row_ft": 42.5, "roadbed_ft": 27.1, "median_ft": 0.0, "left_sw_ft": 7.2, "right_sw_ft": 8.2}, "geometry": {"type": "LineString", "coordinates": [[-73.78396028756734, 40.847635299374524], [-73.78381195526295, 40.84766593633487]]}}, {"type": "Feature", "properties": {"segment_id": 1696065, "physicalid": "175065", "street_name": "FORDHAM PL", "borough": "bronx", "direction": "TW", "total_row_ft": 43.2, "roadbed_ft": 27.5, "median_ft": 0.0, "left_sw_ft": 7.4, "right_sw_ft": 8.2}, "geometry": {"type": "LineString", "coordinates": [[-73.78398155018515, 40.847687796146374], [-73.78383103321585, 40.847718884336764]]}}, {"type": "Feature", "properties": {"segment_id": 1696066, "physicalid": "175065", "street_name": "FORDHAM PL", "borough": "bronx", "direction": "TW", "total_row_ft": 74.1, "roadbed_ft": 30.3, "median_ft": 0.0, "left_sw_ft": 29.0, "right_sw_ft": 14.8}, "geometry": {"type": "LineString", "coordinates": [[-73.78413217119605, 40.847713574696584], [-73.78381722428126, 40.847778624860126]]}}, {"type": "Feature", "properties": {"segment_id": 1696067, "physicalid": "175066", "street_name": "ISLAND PT", "borough": "bronx", "direction": "TW", "total_row_ft": 101.0, "roadbed_ft": 77.8, "median_ft": 0.0, "left_sw_ft": 8.2, "right_sw_ft": 15.0}, "geometry": {"type": "LineString", "coordinates": [[-73.78332567326655, 40.847628777771305], [-73.7832369834134, 40.84740248491745]]}}, {"type": "Feature", "properties": {"segment_id": 1696068, "physicalid": "175066", "street_name": "ISLAND PT", "borough": "bronx", "direction": "TW", "total_row_ft": 51.5, "roadbed_ft": 35.0, "median_ft": 0.0, "left_sw_ft": 8.2, "right_sw_ft": 8.2}, "geometry": {"type": "LineString", "coordinates": [[-73.78325635910399, 40.84764436379857], [-73.78320330617863, 40.847508998679274]]}}, {"type": "Feature", "properties": {"segment_id": 1696069, "physicalid": "175066", "street_name": "ISLAND PT", "borough": "bronx", "direction": "TW", "total_row_ft": 49.9, "roadbed_ft": 34.0, "median_ft": 0.0, "left_sw_ft": 8.2, "right_sw_ft": 7.6}, "geometry": {"type": "LineString", "coordinates": [[-73.78318717124078, 40.847660272121324], [-73.78313569748984, 40.84752893594353]]}}, {"type": "Feature", "properties": {"segment_id": 1696070, "physicalid": "175066", "street_name": "ISLAND PT", "borough": "bronx", "direction": "TW", "total_row_ft": 65.9, "roadbed_ft": 51.9, "median_ft": 0.0, "left_sw_ft": 8.2, "right_sw_ft": 5.8}, "geometry": {"type": "LineString", "coordinates": [[-73.78311798334447, 40.84767618040253], [-73.78305004404871, 40.84750283152465]]}}, {"type": "Feature", "properties": {"segment_id": 1696071, "physicalid": "175066", "street_name": "ISLAND PT", "borough": "bronx", "direction": "TW", "total_row_ft": 66.0, "roadbed_ft": 52.0, "median_ft": 0.0, "left_sw_ft": 8.2, "right_sw_ft": 5.8}, "geometry": {"type": "LineString", "coordinates": [[-73.7830487765192, 40.84769204042893], [-73.78298074700109, 40.847518460886036]]}}, {"type": "Feature", "properties": {"segment_id": 1696072, "physicalid": "175066", "street_name": "ISLAND PT", "borough": "bronx", "direction": "TW", "total_row_ft": 66.1, "roadbed_ft": 52.1, "median_ft": 0.0, "left_sw_ft": 8.2, "right_sw_ft": 5.8}, "geometry": {"type": "LineString", "coordinates": [[-73.78297955379627, 40.84770785993449], [-73.78291144992093, 40.84753409020576]]}}, {"type": "Feature", "properties": {"segment_id": 1696073, "physicalid": "175066", "street_name": "ISLAND PT", "borough": "bronx", "direction": "TW", "total_row_ft": 50.0, "roadbed_ft": 34.1, "median_ft": 0.0, "left_sw_ft": 8.2, "right_sw_ft": 7.6}, "geometry": {"type": "LineString", "coordinates": [[-73.78291033104037, 40.8477236793985], [-73.78285880232428, 40.84759220158276]]}}, {"type": "Feature", "properties": {"segment_id": 1696074, "physicalid": "175066", "street_name": "ISLAND PT", "borough": "bronx", "direction": "TW", "total_row_ft": 50.0, "roadbed_ft": 34.2, "median_ft": 0.0, "left_sw_ft": 8.2, "right_sw_ft": 7.6}, "geometry": {"type": "LineString", "coordinates": [[-73.78284110825157, 40.8477394988209], [-73.78278952154221, 40.84760787268369]]}}, {"type": "Feature", "properties": {"segment_id": 1696075, "physicalid": "175066", "street_name": "ISLAND PT", "borough": "bronx", "direction": "TW", "total_row_ft": 50.1, "roadbed_ft": 34.2, "median_ft": 0.0, "left_sw_ft": 8.2, "right_sw_ft": 7.6}, "geometry": {"type": "LineString", "coordinates": [[-73.78277188550196, 40.8477553183857], [-73.78272024085065, 40.84762354405715]]}}, {"type": "Feature", "properties": {"segment_id": 1696076, "physicalid": "175066", "street_name": "ISLAND PT", "borough": "bronx", "direction": "TW", "total_row_ft": 50.0, "roadbed_ft": 34.1, "median_ft": 0.0, "left_sw_ft": 8.2, "right_sw_ft": 7.6}, "geometry": {"type": "LineString", "coordinates": [[-73.78270238545875, 40.84777043046182], [-73.78265082716793, 40.84763887613596]]}}, {"type": "Feature", "properties": {"segment_id": 1696077, "physicalid": "175066", "street_name": "ISLAND PT", "borough": "bronx", "direction": "TW", "total_row_ft": 49.9, "roadbed_ft": 34.0, "median_ft": 0.0, "left_sw_ft": 8.3, "right_sw_ft": 7.6}, "geometry": {"type": "LineString", "coordinates": [[-73.78261960010111, 40.84778696081752], [-73.78259331814645, 40.847651347313146]]}}, {"type": "Feature", "properties": {"segment_id": 1696078, "physicalid": "175066", "street_name": "ISLAND PT", "borough": "bronx", "direction": "TW", "total_row_ft": 50.2, "roadbed_ft": 34.0, "median_ft": 0.0, "left_sw_ft": 8.3, "right_sw_ft": 8.0}, "geometry": {"type": "LineString", "coordinates": [[-73.78249002818906, 40.84777327216862], [-73.7825774036501, 40.84765239170831]]}}, {"type": "Feature", "properties": {"segment_id": 1696079, "physicalid": "175066", "street_name": "ISLAND PT", "borough": "bronx", "direction": "TW", "total_row_ft": 51.9, "roadbed_ft": 35.2, "median_ft": 0.0, "left_sw_ft": 8.3, "right_sw_ft": 8.4}, "geometry": {"type": "LineString", "coordinates": [[-73.78238868351386, 40.84770402857456], [-73.78255981571711, 40.84764588208171]]}}, {"type": "Feature", "properties": {"segment_id": 1696080, "physicalid": "175066", "street_name": "ISLAND PT", "borough": "bronx", "direction": "TW", "total_row_ft": 50.1, "roadbed_ft": 34.2, "median_ft": 0.0, "left_sw_ft": 8.2, "right_sw_ft": 7.6}, "geometry": {"type": "LineString", "coordinates": [[-73.78235900672314, 40.84764491929012], [-73.78253102284735, 40.847601653687605]]}}, {"type": "Feature", "properties": {"segment_id": 1696081, "physicalid": "175066", "street_name": "ISLAND PT", "borough": "bronx", "direction": "TW", "total_row_ft": 50.7, "roadbed_ft": 34.8, "median_ft": 0.0, "left_sw_ft": 8.3, "right_sw_ft": 7.6}, "geometry": {"type": "LineString", "coordinates": [[-73.7823379512147, 40.84759238824415], [-73.78251175594595, 40.84754867276877]]}}, {"type": "Feature", "properties": {"segment_id": 1696082, "physicalid": "175067", "street_name": "ISLAND PT", "borough": "bronx", "direction": "TW", "total_row_ft": 96.4, "roadbed_ft": 73.8, "median_ft": 0.0, "left_sw_ft": 15.0, "right_sw_ft": 7.6}, "geometry": {"type": "LineString", "coordinates": [[-73.7821826866824, 40.84749367833157], [-73.78246321966198, 40.847426010460325]]}}, {"type": "Feature", "properties": {"segment_id": 1696083, "physicalid": "175067", "street_name": "ISLAND PT", "borough": "bronx", "direction": "TW", "total_row_ft": 51.7, "roadbed_ft": 35.5, "median_ft": 0.0, "left_sw_ft": 8.6, "right_sw_ft": 7.6}, "geometry": {"type": "LineString", "coordinates": [[-73.78226439407668, 40.84741637267697], [-73.7824424108633, 40.84737343282929]]}}, {"type": "Feature", "properties": {"segment_id": 1696084, "physicalid": "175067", "street_name": "ISLAND PT", "borough": "bronx", "direction": "TW", "total_row_ft": 51.1, "roadbed_ft": 35.2, "median_ft": 0.0, "left_sw_ft": 8.2, "right_sw_ft": 7.7}, "geometry": {"type": "LineString", "coordinates": [[-73.78224717062943, 40.847364546857214], [-73.78242216229599, 40.84731945859985]]}}, {"type": "Feature", "properties": {"segment_id": 1696085, "physicalid": "175067", "street_name": "ISLAND PT", "borough": "bronx", "direction": "TW", "total_row_ft": 50.9, "roadbed_ft": 35.0, "median_ft": 0.0, "left_sw_ft": 8.3, "right_sw_ft": 7.6}, "geometry": {"type": "LineString", "coordinates": [[-73.78224331059712, 40.84726591036934], [-73.78242167076621, 40.847300283925954]]}}, {"type": "Feature", "properties": {"segment_id": 1696086, "physicalid": "175067", "street_name": "ISLAND PT", "borough": "bronx", "direction": "TW", "total_row_ft": 50.0, "roadbed_ft": 34.1, "median_ft": 0.0, "left_sw_ft": 8.3, "right_sw_ft": 7.6}, "geometry": {"type": "LineString", "coordinates": [[-73.78230983669681, 40.847185180611035], [-73.78243593569086, 40.8472835778341]]}}, {"type": "Feature", "properties": {"segment_id": 1696087, "physicalid": "175067", "street_name": "ISLAND PT", "borough": "bronx", "direction": "TW", "total_row_ft": 50.1, "roadbed_ft": 34.2, "median_ft": 0.0, "left_sw_ft": 8.3, "right_sw_ft": 7.6}, "geometry": {"type": "LineString", "coordinates": [[-73.78241129184478, 40.84714236530292], [-73.78246553299235, 40.847273437398876]]}}, {"type": "Feature", "properties": {"segment_id": 1696088, "physicalid": "175067", "street_name": "ISLAND PT", "borough": "bronx", "direction": "TW", "total_row_ft": 50.1, "roadbed_ft": 34.2, "median_ft": 0.0, "left_sw_ft": 8.3, "right_sw_ft": 7.6}, "geometry": {"type": "LineString", "coordinates": [[-73.78248074865806, 40.84712710023001], [-73.78253504767284, 40.84725831182678]]}}, {"type": "Feature", "properties": {"segment_id": 1696089, "physicalid": "175067", "street_name": "ISLAND PT", "borough": "bronx", "direction": "TW", "total_row_ft": 65.1, "roadbed_ft": 51.6, "median_ft": 0.0, "left_sw_ft": 8.2, "right_sw_ft": 5.2}, "geometry": {"type": "LineString", "coordinates": [[-73.7825501181353, 40.847111624148084], [-73.78262068188802, 40.84728213835487]]}}, {"type": "Feature", "properties": {"segment_id": 1696090, "physicalid": "175067", "street_name": "ISLAND PT", "borough": "bronx", "direction": "TW", "total_row_ft": 65.1, "roadbed_ft": 51.7, "median_ft": 0.0, "left_sw_ft": 8.2, "right_sw_ft": 5.2}, "geometry": {"type": "LineString", "coordinates": [[-73.78261945527044, 40.84709606994907], [-73.7826900408264, 40.84726663641057]]}}, {"type": "Feature", "properties": {"segment_id": 1696091, "physicalid": "175067", "street_name": "ISLAND PT", "borough": "bronx", "direction": "TW", "total_row_ft": 65.2, "roadbed_ft": 33.8, "median_ft": 0.0, "left_sw_ft": 8.2, "right_sw_ft": 23.1}, "geometry": {"type": "LineString", "coordinates": [[-73.78268879237315, 40.847080515708306], [-73.78275939973243, 40.84725113442453]]}}, {"type": "Feature", "properties": {"segment_id": 1696092, "physicalid": "175067", "street_name": "ISLAND PT", "borough": "bronx", "direction": "TW", "total_row_ft": 49.7, "roadbed_ft": 33.8, "median_ft": 0.0, "left_sw_ft": 8.2, "right_sw_ft": 7.6}, "geometry": {"type": "LineString", "coordinates": [[-73.78275812944342, 40.84706496142586], [-73.78281201703372, 40.84719517751366]]}}, {"type": "Feature", "properties": {"segment_id": 1696093, "physicalid": "175067", "street_name": "ISLAND PT", "borough": "bronx", "direction": "TW", "total_row_ft": 49.8, "roadbed_ft": 33.9, "median_ft": 0.0, "left_sw_ft": 8.2, "right_sw_ft": 7.6}, "geometry": {"type": "LineString", "coordinates": [[-73.78282746648128, 40.84704940710166], [-73.78288140714375, 40.847179751104996]]}}, {"type": "Feature", "properties": {"segment_id": 1696094, "physicalid": "175067", "street_name": "ISLAND PT", "borough": "bronx", "direction": "TW", "total_row_ft": 49.9, "roadbed_ft": 34.0, "median_ft": 0.0, "left_sw_ft": 8.2, "right_sw_ft": 7.6}, "geometry": {"type": "LineString", "coordinates": [[-73.78289673930533, 40.84703369764584], [-73.78295079722159, 40.84716432465456]]}}, {"type": "Feature", "properties": {"segment_id": 1696095, "physicalid": "175067", "street_name": "ISLAND PT", "borough": "bronx", "direction": "TW", "total_row_ft": 50.0, "roadbed_ft": 34.2, "median_ft": 0.0, "left_sw_ft": 8.2, "right_sw_ft": 7.6}, "geometry": {"type": "LineString", "coordinates": [[-73.7829659589597, 40.84701785974681], [-73.78302018726725, 40.847148898162345]]}}, {"type": "Feature", "properties": {"segment_id": 1696096, "physicalid": "175067", "street_name": "ISLAND PT", "borough": "bronx", "direction": "TW", "total_row_ft": 85.1, "roadbed_ft": 41.4, "median_ft": 0.0, "left_sw_ft": 8.2, "right_sw_ft": 35.4}, "geometry": {"type": "LineString", "coordinates": [[-73.78303520976073, 40.84700201467209], [-73.78312730749971, 40.84722484041522]]}}, {"type": "Feature", "properties": {"segment_id": 1696097, "physicalid": "175067", "street_name": "ISLAND PT", "borough": "bronx", "direction": "TW", "total_row_ft": 64.3, "roadbed_ft": 48.1, "median_ft": 0.0, "left_sw_ft": 8.3, "right_sw_ft": 7.8}, "geometry": {"type": "LineString", "coordinates": [[-73.78318327626926, 40.84699512079533], [-73.78307947587429, 40.847152897369476]]}}, {"type": "Feature", "properties": {"segment_id": 1696098, "physicalid": "175067", "street_name": "ISLAND PT", "borough": "bronx", "direction": "TW", "total_row_ft": 56.1, "roadbed_ft": 37.7, "median_ft": 0.0, "left_sw_ft": 8.2, "right_sw_ft": 10.1}, "geometry": {"type": "LineString", "coordinates": [[-73.78325093603091, 40.84709294182639], [-73.78305979946926, 40.84714429049358]]}}, {"type": "Feature", "properties": {"segment_id": 1696099, "physicalid": "175067", "street_name": "ISLAND PT", "borough": "bronx", "direction": "TW", "total_row_ft": 49.4, "roadbed_ft": 33.5, "median_ft": 0.0, "left_sw_ft": 8.2, "right_sw_ft": 7.6}, "geometry": {"type": "LineString", "coordinates": [[-73.78327241715373, 40.847148191728834], [-73.78310134331338, 40.84718720418443]]}}, {"type": "Feature", "properties": {"segment_id": 1696100, "physicalid": "175067", "street_name": "ISLAND PT", "borough": "bronx", "direction": "TW", "total_row_ft": 49.3, "roadbed_ft": 33.4, "median_ft": 0.0, "left_sw_ft": 8.2, "right_sw_ft": 7.6}, "geometry": {"type": "LineString", "coordinates": [[-73.78329253569207, 40.84720091976717], [-73.78312192688007, 40.84723982617723]]}}, {"type": "Feature", "properties": {"segment_id": 1696101, "physicalid": "175067", "street_name": "ISLAND PT", "borough": "bronx", "direction": "TW", "total_row_ft": 49.7, "roadbed_ft": 33.9, "median_ft": 0.0, "left_sw_ft": 8.3, "right_sw_ft": 7.6}, "geometry": {"type": "LineString", "coordinates": [[-73.78331472884202, 40.84725317470307], [-73.783142510334, 40.84729244819902]]}}, {"type": "Feature", "properties": {"segment_id": 1696102, "physicalid": "175067", "street_name": "ISLAND PT", "borough": "bronx", "direction": "TW", "total_row_ft": 50.2, "roadbed_ft": 34.3, "median_ft": 0.0, "left_sw_ft": 8.3, "right_sw_ft": 7.6}, "geometry": {"type": "LineString", "coordinates": [[-73.78333692324576, 40.847305429356254], [-73.78316309371472, 40.84734507024078]]}}, {"type": "Feature", "properties": {"segment_id": 1696103, "physicalid": "175067", "street_name": "ISLAND PT", "borough": "bronx", "direction": "TW", "total_row_ft": 50.7, "roadbed_ft": 34.8, "median_ft": 0.0, "left_sw_ft": 8.3, "right_sw_ft": 7.6}, "geometry": {"type": "LineString", "coordinates": [[-73.78335879569975, 40.847357757431844], [-73.7831834232012, 40.84739775018482]]}}, {"type": "Feature", "properties": {"segment_id": 1696104, "physicalid": "175067", "street_name": "ISLAND PT", "borough": "bronx", "direction": "TW", "total_row_ft": 50.3, "roadbed_ft": 34.4, "median_ft": 0.0, "left_sw_ft": 8.3, "right_sw_ft": 7.6}, "geometry": {"type": "LineString", "coordinates": [[-73.78337721447488, 40.84741087310662], [-73.78320307243149, 40.84745058526026]]}}, {"type": "Feature", "properties": {"segment_id": 1696105, "physicalid": "175067", "street_name": "ISLAND PT", "borough": "bronx", "direction": "TW", "total_row_ft": 60.2, "roadbed_ft": 39.2, "median_ft": 0.0, "left_sw_ft": 10.9, "right_sw_ft": 10.1}, "geometry": {"type": "LineString", "coordinates": [[-73.78341390923005, 40.847459821028195], [-73.78320544716489, 40.84750735967795]]}}, {"type": "Feature", "properties": {"segment_id": 1696106, "physicalid": "175068", "street_name": "ISLAND PT", "borough": "bronx", "direction": "TW", "total_row_ft": 150.0, "roadbed_ft": 120.0, "median_ft": 0.0, "left_sw_ft": 15.0, "right_sw_ft": 15.0}, "geometry": {"type": "LineString", "coordinates": [[-73.78241645583682, 40.84765261823458], [-73.78229130366954, 40.847337262781615]]}}, {"type": "Feature", "properties": {"segment_id": 1696107, "physicalid": "175068", "street_name": "ISLAND PT", "borough": "bronx", "direction": "TW", "total_row_ft": 53.8, "roadbed_ft": 35.8, "median_ft": 0.0, "left_sw_ft": 8.9, "right_sw_ft": 9.0}, "geometry": {"type": "LineString", "coordinates": [[-73.7823101466166, 40.84757498716889], [-73.78225407988089, 40.84743371114375]]}}, {"type": "Feature", "properties": {"segment_id": 1696108, "physicalid": "175068", "street_name": "ISLAND PT", "borough": "bronx", "direction": "TW", "total_row_ft": 51.1, "roadbed_ft": 34.6, "median_ft": 0.0, "left_sw_ft": 8.2, "right_sw_ft": 8.2}, "geometry": {"type": "LineString", "coordinates": [[-73.78223952808295, 40.8475872883482], [-73.7821862534282, 40.84745304741031]]}}, {"type": "Feature", "properties": {"segment_id": 1696109, "physicalid": "175068", "street_name": "ISLAND PT", "borough": "bronx", "direction": "TW", "total_row_ft": 51.5, "roadbed_ft": 35.0, "median_ft": 0.0, "left_sw_ft": 8.3, "right_sw_ft": 8.3}, "geometry": {"type": "LineString", "coordinates": [[-73.78217036524966, 40.8476032576111], [-73.7821166152862, 40.84746781863843]]}}, {"type": "Feature", "properties": {"segment_id": 1696110, "physicalid": "175069", "street_name": "ISLAND PT", "borough": "bronx", "direction": "TW", "total_row_ft": 120.0, "roadbed_ft": 51.1, "median_ft": 0.0, "left_sw_ft": 35.4, "right_sw_ft": 33.5}, "geometry": {"type": "LineString", "coordinates": [[-73.78381884712657, 40.84762192881569], [-73.78370420137486, 40.84730427828359]]}}, {"type": "Feature", "properties": {"segment_id": 1696111, "physicalid": "175069", "street_name": "ISLAND PT", "borough": "bronx", "direction": "TW", "total_row_ft": 50.3, "roadbed_ft": 29.0, "median_ft": 4.8, "left_sw_ft": 8.3, "right_sw_ft": 8.3}, "geometry": {"type": "LineString", "coordinates": [[-73.78371461630289, 40.847540813775765], [-73.78366658189361, 40.847407723789296]]}}, {"type": "Feature", "properties": {"segment_id": 1696112, "physicalid": "175069", "street_name": "ISLAND PT", "borough": "bronx", "direction": "TW", "total_row_ft": 50.4, "roadbed_ft": 33.9, "median_ft": 0.0, "left_sw_ft": 8.3, "right_sw_ft": 8.3}, "geometry": {"type": "LineString", "coordinates": [[-73.78364541407811, 40.8475567526622], [-73.78359730101946, 40.84742344437902]]}}, {"type": "Feature", "properties": {"segment_id": 1696113, "physicalid": "175069", "street_name": "ISLAND PT", "borough": "bronx", "direction": "TW", "total_row_ft": 50.5, "roadbed_ft": 34.0, "median_ft": 0.0, "left_sw_ft": 8.3, "right_sw_ft": 8.3}, "geometry": {"type": "LineString", "coordinates": [[-73.78357622733917, 40.8475727345061], [-73.78352802011257, 40.84743916492708]]}}, {"type": "Feature", "properties": {"segment_id": 1696114, "physicalid": "175069", "street_name": "ISLAND PT", "borough": "bronx", "direction": "TW", "total_row_ft": 50.5, "roadbed_ft": 34.0, "median_ft": 0.0, "left_sw_ft": 8.3, "right_sw_ft": 8.3}, "geometry": {"type": "LineString", "coordinates": [[-73.78350704056697, 40.84758871630846], [-73.78345875370051, 40.84745492568574]]}}, {"type": "Feature", "properties": {"segment_id": 1696115, "physicalid": "175069", "street_name": "ISLAND PT", "borough": "bronx", "direction": "TW", "total_row_ft": 85.9, "roadbed_ft": 39.6, "median_ft": 0.0, "left_sw_ft": 8.2, "right_sw_ft": 38.0}, "geometry": {"type": "LineString", "coordinates": [[-73.7834376340611, 40.84760408933481], [-73.78335561213053, 40.84737682644531]]}}, {"type": "Feature", "properties": {"segment_id": 1710760, "physicalid": "179942", "street_name": "HUNTER AVE", "borough": "bronx", "direction": "TW", "total_row_ft": 121.8, "roadbed_ft": 77.4, "median_ft": 0.0, "left_sw_ft": 15.0, "right_sw_ft": 29.4}, "geometry": {"type": "LineString", "coordinates": [[-73.78864874933974, 40.849494890407726], [-73.78826102690927, 40.8495715081081]]}}, {"type": "Feature", "properties": {"segment_id": 1710761, "physicalid": "179942", "street_name": "HUNTER AVE", "borough": "bronx", "direction": "TW", "total_row_ft": 53.9, "roadbed_ft": 32.5, "median_ft": 0.0, "left_sw_ft": 15.0, "right_sw_ft": 6.4}, "geometry": {"type": "LineString", "coordinates": [[-73.78866695589768, 40.849548015049216], [-73.78837468191635, 40.84960577135338]]}}, {"type": "Feature", "properties": {"segment_id": 1710762, "physicalid": "179942", "street_name": "HUNTER AVE", "borough": "bronx", "direction": "TW", "total_row_ft": 53.3, "roadbed_ft": 31.6, "median_ft": 0.0, "left_sw_ft": 15.0, "right_sw_ft": 6.7}, "geometry": {"type": "LineString", "coordinates": [[-73.7886851624847, 40.84960113968737], [-73.78839272607013, 40.84965892809236]]}}, {"type": "Feature", "properties": {"segment_id": 1710763, "physicalid": "179942", "street_name": "HUNTER AVE", "borough": "bronx", "direction": "TW", "total_row_ft": 53.0, "roadbed_ft": 30.8, "median_ft": 0.0, "left_sw_ft": 15.0, "right_sw_ft": 7.2}, "geometry": {"type": "LineString", "coordinates": [[-73.78870336910082, 40.8496542643222], [-73.78840989439361, 40.84971225790545]]}}, {"type": "Feature", "properties": {"segment_id": 1710764, "physicalid": "179942", "street_name": "HUNTER AVE", "borough": "bronx", "direction": "TW", "total_row_ft": 53.2, "roadbed_ft": 30.5, "median_ft": 0.0, "left_sw_ft": 15.0, "right_sw_ft": 7.7}, "geometry": {"type": "LineString", "coordinates": [[-73.788721575746, 40.849707388953625], [-73.78842700818007, 40.849765598497875]]}}, {"type": "Feature", "properties": {"segment_id": 1710765, "physicalid": "179942", "street_name": "HUNTER AVE", "borough": "bronx", "direction": "TW", "total_row_ft": 53.5, "roadbed_ft": 30.3, "median_ft": 0.0, "left_sw_ft": 15.0, "right_sw_ft": 8.2}, "geometry": {"type": "LineString", "coordinates": [[-73.7887397824203, 40.84976051358174], [-73.78844412199396, 40.84981893908729]]}}, {"type": "Feature", "properties": {"segment_id": 1710766, "physicalid": "179942", "street_name": "HUNTER AVE", "borough": "bronx", "direction": "TW", "total_row_ft": 60.1, "roadbed_ft": 30.1, "median_ft": 0.0, "left_sw_ft": 15.0, "right_sw_ft": 15.0}, "geometry": {"type": "LineString", "coordinates": [[-73.78875798912365, 40.84981363820645], [-73.78833822114669, 40.84989658837268]]}}, {"type": "Feature", "properties": {"segment_id": 1710767, "physicalid": "179942", "street_name": "HUNTER AVE", "borough": "bronx", "direction": "TW", "total_row_ft": 59.9, "roadbed_ft": 29.9, "median_ft": 0.0, "left_sw_ft": 15.0, "right_sw_ft": 15.0}, "geometry": {"type": "LineString", "coordinates": [[-73.78877619585609, 40.84986676282781], [-73.78835642756657, 40.84994971305952]]}}, {"type": "Feature", "properties": {"segment_id": 1710768, "physicalid": "179942", "street_name": "HUNTER AVE", "borough": "bronx", "direction": "TW", "total_row_ft": 59.7, "roadbed_ft": 29.7, "median_ft": 0.0, "left_sw_ft": 15.0, "right_sw_ft": 15.0}, "geometry": {"type": "LineString", "coordinates": [[-73.78879440261761, 40.84991988744576], [-73.78837463401555, 40.85000283774302]]}}, {"type": "Feature", "properties": {"segment_id": 1743236, "physicalid": "188654", "street_name": "MINNIEFORD AVE", "borough": "bronx", "direction": "TF", "total_row_ft": 81.9, "roadbed_ft": 13.3, "median_ft": 0.0, "left_sw_ft": 15.0, "right_sw_ft": 53.6}, "geometry": {"type": "LineString", "coordinates": [[-73.78486723768954, 40.84606407551457], [-73.78445162988962, 40.84615827424546]]}}, {"type": "Feature", "properties": {"segment_id": 1743237, "physicalid": "188654", "street_name": "MINNIEFORD AVE", "borough": "bronx", "direction": "TF", "total_row_ft": 41.9, "roadbed_ft": 11.9, "median_ft": 0.0, "left_sw_ft": 15.0, "right_sw_ft": 15.0}, "geometry": {"type": "LineString", "coordinates": [[-73.78488791216445, 40.846116676625776], [-73.78447230406515, 40.8462108754303]]}}, {"type": "Feature", "properties": {"segment_id": 1743238, "physicalid": "188654", "street_name": "MINNIEFORD AVE", "borough": "bronx", "direction": "TF", "total_row_ft": 40.9, "roadbed_ft": 10.9, "median_ft": 0.0, "left_sw_ft": 15.0, "right_sw_ft": 15.0}, "geometry": {"type": "LineString", "coordinates": [[-73.78490858667205, 40.84616927773281], [-73.78449297827339, 40.84626347661094]]}}]}