{"type": "FeatureCollection", "features": [{"type": "Feature", "properties": {"segment_id": 1122194, "physicalid": "77857", "street_name": "UNNAMED ST", "borough": "bronx", "direction": "TW", "total_row_ft": 57.6, "roadbed_ft": 27.6, "median_ft": 0.0, "left_sw_ft": 15.0, "right_sw_ft": 15.0}, "geometry": {"type": "LineString", "coordinates": [[-73.88161653864606, 40.79085342031673], [-73.88184843188036, 40.79057517428177]]}}, {"type": "Feature", "properties": {"segment_id": 1122195, "physicalid": "77857", "street_name": "UNNAMED ST", "borough": "bronx", "direction": "TW", "total_row_ft": 53.5, "roadbed_ft": 23.5, "median_ft": 0.0, "left_sw_ft": 15.0, "right_sw_ft": 15.0}, "geometry": {"type": "LineString", "coordinates": [[-73.88155552179214, 40.79082404610373], [-73.88178741517913, 40.79054580019025]]}}, {"type": "Feature", "properties": {"segment_id": 1122196, "physicalid": "77857", "street_name": "UNNAMED ST", "borough": "bronx", "direction": "TW", "total_row_ft": 52.9, "roadbed_ft": 22.9, "median_ft": 0.0, "left_sw_ft": 15.0, "right_sw_ft": 15.0}, "geometry": {"type": "LineString", "coordinates": [[-73.88149450499203, 40.79079467185827], [-73.88172639853177, 40.790516426066304]]}}, {"type": "Feature", "properties": {"segment_id": 1122197, "physicalid": "77857", "street_name": "UNNAMED ST", "borough": "bronx", "direction": "TW", "total_row_ft": 52.3, "roadbed_ft": 22.3, "median_ft": 0.0, "left_sw_ft": 15.0, "right_sw_ft": 15.0}, "geometry": {"type": "LineString", "coordinates": [[-73.8814334882458, 40.79076529758041], [-73.8816653819382, 40.79048705190991]]}}, {"type": "Feature", "properties": {"segment_id": 1122198, "physicalid": "77857", "street_name": "UNNAMED ST", "borough": "bronx", "direction": "TW", "total_row_ft": 51.8, "roadbed_ft": 21.8, "median_ft": 0.0, "left_sw_ft": 15.0, "right_sw_ft": 15.0}, "geometry": {"type": "LineString", "coordinates": [[-73.88137247155342, 40.79073592327008], [-73.8816043653985, 40.7904576777211]]}}, {"type": "Feature", "properties": {"segment_id": 1122199, "physicalid": "77857", "street_name": "UNNAMED ST", "borough": "bronx", "direction": "TW", "total_row_ft": 51.2, "roadbed_ft": 21.2, "median_ft": 0.0, "left_sw_ft": 15.0, "right_sw_ft": 15.0}, "geometry": {"type": "LineString", "coordinates": [[-73.88131145491485, 40.790706548927325], [-73.88154334891266, 40.79042830349983]]}}, {"type": "Feature", "properties": {"segment_id": 1122200, "physicalid": "77857", "street_name": "UNNAMED ST", "borough": "bronx", "direction": "TW", "total_row_ft": 51.5, "roadbed_ft": 21.5, "median_ft": 0.0, "left_sw_ft": 15.0, "right_sw_ft": 15.0}, "geometry": {"type": "LineString", "coordinates": [[-73.88125043833014, 40.79067717455214], [-73.88148233248064, 40.790398929246145]]}}, {"type": "Feature", "properties": {"segment_id": 1122201, "physicalid": "77857", "street_name": "UNNAMED ST", "borough": "bronx", "direction": "TW", "total_row_ft": 64.8, "roadbed_ft": 34.8, "median_ft": 0.0, "left_sw_ft": 15.0, "right_sw_ft": 15.0}, "geometry": {"type": "LineString", "coordinates": [[-73.88139573489535, 40.79068398465397], [-73.88121071015941, 40.790386145761325]]}}, {"type": "Feature", "properties": {"segment_id": 1122202, "physicalid": "77857", "street_name": "UNNAMED ST", "borough": "bronx", "direction": "TW", "total_row_ft": 49.8, "roadbed_ft": 19.8, "median_ft": 0.0, "left_sw_ft": 15.0, "right_sw_ft": 15.0}, "geometry": {"type": "LineString", "coordinates": [[-73.88141763773295, 40.79066511538828], [-73.88107281030776, 40.79046562086866]]}}, {"type": "Feature", "properties": {"segment_id": 1122203, "physicalid": "77857", "street_name": "UNNAMED ST", "borough": "bronx", "direction": "TW", "total_row_ft": 49.2, "roadbed_ft": 19.2, "median_ft": 0.0, "left_sw_ft": 15.0, "right_sw_ft": 15.0}, "geometry": {"type": "LineString", "coordinates": [[-73.88137389053152, 40.7907087951605], [-73.88102906301117, 40.79050930051135]]}}, {"type": "Feature", "properties": {"segment_id": 1122204, "physicalid": "77857", "street_name": "UNNAMED ST", "borough": "bronx", "direction": "TW", "total_row_ft": 49.4, "roadbed_ft": 19.4, "median_ft": 0.0, "left_sw_ft": 15.0, "right_sw_ft": 15.0}, "geometry": {"type": "LineString", "coordinates": [[-73.88133014327272, 40.79075247491576], [-73.88098531565717, 40.790552980137136]]}}, {"type": "Feature", "properties": {"segment_id": 1122205, "physicalid": "77858", "street_name": "UNNAMED ST", "borough": "bronx", "direction": "TW", "total_row_ft": 68.1, "roadbed_ft": 38.1, "median_ft": 0.0, "left_sw_ft": 15.0, "right_sw_ft": 15.0}, "geometry": {"type": "LineString", "coordinates": [[-73.8819269190619, 40.790863009717825], [-73.88156863016238, 40.79067772304901]]}}, {"type": "Feature", "properties": {"segment_id": 1122206, "physicalid": "77858", "street_name": "UNNAMED ST", "borough": "bronx", "direction": "TW", "total_row_ft": 52.6, "roadbed_ft": 22.6, "median_ft": 0.0, "left_sw_ft": 15.0, "right_sw_ft": 15.0}, "geometry": {"type": "LineString", "coordinates": [[-73.88188628739746, 40.790908394529275], [-73.88152799836675, 40.79072310773546]]}}, {"type": "Feature", "properties": {"segment_id": 1122207, "physicalid": "77858", "street_name": "UNNAMED ST", "borough": "bronx", "direction": "TW", "total_row_ft": 52.2, "roadbed_ft": 22.2, "median_ft": 0.0, "left_sw_ft": 15.0, "right_sw_ft": 15.0}, "geometry": {"type": "LineString", "coordinates": [[-73.88184565567762, 40.79095377932609], [-73.88148736651574, 40.79076849240728]]}}, {"type": "Feature", "properties": {"segment_id": 1122208, "physicalid": "77858", "street_name": "UNNAMED ST", "borough": "bronx", "direction": "TW", "total_row_ft": 52.0, "roadbed_ft": 22.0, "median_ft": 0.0, "left_sw_ft": 15.0, "right_sw_ft": 15.0}, "geometry": {"type": "LineString", "coordinates": [[-73.88180502390237, 40.79099916410824], [-73.88144673460934, 40.790813877064444]]}}, {"type": "Feature", "properties": {"segment_id": 1122209, "physicalid": "77858", "street_name": "UNNAMED ST", "borough": "bronx", "direction": "TW", "total_row_ft": 51.9, "roadbed_ft": 21.9, "median_ft": 0.0, "left_sw_ft": 15.0, "right_sw_ft": 15.0}, "geometry": {"type": "LineString", "coordinates": [[-73.88176439207173, 40.79104454887577], [-73.88140610264755, 40.79085926170697]]}}, {"type": "Feature", "properties": {"segment_id": 1122210, "physicalid": "77858", "street_name": "UNNAMED ST", "borough": "bronx", "direction": "TW", "total_row_ft": 51.8, "roadbed_ft": 21.8, "median_ft": 0.0, "left_sw_ft": 15.0, "right_sw_ft": 15.0}, "geometry": {"type": "LineString", "coordinates": [[-73.88172376018571, 40.79108993362863], [-73.88136547063036, 40.79090464633482]]}}, {"type": "Feature", "properties": {"segment_id": 1122211, "physicalid": "77858", "street_name": "UNNAMED ST", "borough": "bronx", "direction": "TW", "total_row_ft": 51.7, "roadbed_ft": 21.7, "median_ft": 0.0, "left_sw_ft": 15.0, "right_sw_ft": 15.0}, "geometry": {"type": "LineString", "coordinates": [[-73.88168312824426, 40.79113531836686], [-73.88132483855775, 40.79095003094807]]}}, {"type": "Feature", "properties": {"segment_id": 1122212, "physicalid": "77858", "street_name": "UNNAMED ST", "borough": "bronx", "direction": "TW", "total_row_ft": 51.6, "roadbed_ft": 21.6, "median_ft": 0.0, "left_sw_ft": 15.0, "right_sw_ft": 15.0}, "geometry": {"type": "LineString", "coordinates": [[-73.88164249624744, 40.79118070309044], [-73.88128420642975, 40.79099541554665]]}}, {"type": "Feature", "properties": {"segment_id": 1122213, "physicalid": "77858", "street_name": "UNNAMED ST", "borough": "bronx", "direction": "TW", "total_row_ft": 54.7, "roadbed_ft": 24.7, "median_ft": 0.0, "left_sw_ft": 15.0, "right_sw_ft": 15.0}, "geometry": {"type": "LineString", "coordinates": [[-73.88160186419523, 40.79122608779937], [-73.88124357424634, 40.7910408001306]]}}, {"type": "Feature", "properties": {"segment_id": 1122214, "physicalid": "77858", "street_name": "UNNAMED ST", "borough": "bronx", "direction": "TW", "total_row_ft": 95.7, "roadbed_ft": 65.7, "median_ft": 0.0, "left_sw_ft": 15.0, "right_sw_ft": 15.0}, "geometry": {"type": "LineString", "coordinates": [[-73.88126021108667, 40.79131218013877], [-73.8815023223933, 40.79103900698833]]}}, {"type": "Feature", "properties": {"segment_id": 1122215, "physicalid": "77858", "street_name": "UNNAMED ST", "borough": "bronx", "direction": "TW", "total_row_ft": 50.1, "roadbed_ft": 20.1, "median_ft": 0.0, "left_sw_ft": 15.0, "right_sw_ft": 15.0}, "geometry": {"type": "LineString", "coordinates": [[-73.8812003062603, 40.7912815118066], [-73.88144241770122, 40.79100833878068]]}}, {"type": "Feature", "properties": {"segment_id": 1122216, "physicalid": "77858", "street_name": "UNNAMED ST", "borough": "bronx", "direction": "TW", "total_row_ft": 48.3, "roadbed_ft": 18.3, "median_ft": 0.0, "left_sw_ft": 15.0, "right_sw_ft": 15.0}, "geometry": {"type": "LineString", "coordinates": [[-73.88114040148915, 40.79125084344315], [-73.88138251306432, 40.79097767054177]]}}, {"type": "Feature", "properties": {"segment_id": 1122217, "physicalid": "77858", "street_name": "UNNAMED ST", "borough": "bronx", "direction": "TW", "total_row_ft": 48.7, "roadbed_ft": 18.7, "median_ft": 0.0, "left_sw_ft": 15.0, "right_sw_ft": 15.0}, "geometry": {"type": "LineString", "coordinates": [[-73.88108049677317, 40.79122017504843], [-73.88132260848262, 40.790947002271565]]}}, {"type": "Feature", "properties": {"segment_id": 1122218, "physicalid": "77858", "street_name": "UNNAMED ST", "borough": "bronx", "direction": "TW", "total_row_ft": 49.0, "roadbed_ft": 19.0, "median_ft": 0.0, "left_sw_ft": 15.0, "right_sw_ft": 15.0}, "geometry": {"type": "LineString", "coordinates": [[-73.88102059211238, 40.791189506622416], [-73.88126270395611, 40.7909163339701]]}}, {"type": "Feature", "properties": {"segment_id": 1122219, "physicalid": "77858", "street_name": "UNNAMED ST", "borough": "bronx", "direction": "TW", "total_row_ft": 49.1, "roadbed_ft": 19.1, "median_ft": 0.0, "left_sw_ft": 15.0, "right_sw_ft": 15.0}, "geometry": {"type": "LineString", "coordinates": [[-73.8809606875068, 40.791158838165124], [-73.88120279948478, 40.79088566563733]]}}, {"type": "Feature", "properties": {"segment_id": 1122220, "physicalid": "77858", "street_name": "UNNAMED ST", "borough": "bronx", "direction": "TW", "total_row_ft": 47.4, "roadbed_ft": 17.4, "median_ft": 0.0, "left_sw_ft": 15.0, "right_sw_ft": 15.0}, "geometry": {"type": "LineString", "coordinates": [[-73.88090078295639, 40.791128169676554], [-73.88114289506865, 40.790854997273286]]}}, {"type": "Feature", "properties": {"segment_id": 1122221, "physicalid": "77858", "street_name": "UNNAMED ST", "borough": "bronx", "direction": "TW", "total_row_ft": 52.4, "roadbed_ft": 22.4, "median_ft": 0.0, "left_sw_ft": 15.0, "right_sw_ft": 15.0}, "geometry": {"type": "LineString", "coordinates": [[-73.88084087846117, 40.79109750115669], [-73.88108299070772, 40.79082432887797]]}}, {"type": "Feature", "properties": {"segment_id": 1122222, "physicalid": "77858", "street_name": "UNNAMED ST", "borough": "bronx", "direction": "TW", "total_row_ft": 52.3, "roadbed_ft": 22.3, "median_ft": 0.0, "left_sw_ft": 15.0, "right_sw_ft": 15.0}, "geometry": {"type": "LineString", "coordinates": [[-73.88106797937908, 40.7910806521701], [-73.88074834514067, 40.79085823715001]]}}, {"type": "Feature", "properties": {"segment_id": 1122223, "physicalid": "77858", "street_name": "UNNAMED ST", "borough": "bronx", "direction": "TW", "total_row_ft": 42.3, "roadbed_ft": 12.3, "median_ft": 0.0, "left_sw_ft": 15.0, "right_sw_ft": 15.0}, "geometry": {"type": "LineString", "coordinates": [[-73.88101920560148, 40.79112114044208], [-73.88069957133162, 40.79089872528812]]}}, {"type": "Feature", "properties": {"segment_id": 1122224, "physicalid": "77858", "street_name": "UNNAMED ST", "borough": "bronx", "direction": "TW", "total_row_ft": 42.0, "roadbed_ft": 12.0, "median_ft": 0.0, "left_sw_ft": 15.0, "right_sw_ft": 15.0}, "geometry": {"type": "LineString", "coordinates": [[-73.88097043176455, 40.79116162869317], [-73.88065079746325, 40.79093921340538]]}}, {"type": "Feature", "properties": {"segment_id": 1122225, "physicalid": "77858", "street_name": "UNNAMED ST", "borough": "bronx", "direction": "TW", "total_row_ft": 42.0, "roadbed_ft": 12.0, "median_ft": 0.0, "left_sw_ft": 15.0, "right_sw_ft": 15.0}, "geometry": {"type": "LineString", "coordinates": [[-73.88092165786827, 40.79120211692338], [-73.88060202353559, 40.7909797015017]]}}, {"type": "Feature", "properties": {"segment_id": 1122226, "physicalid": "77858", "street_name": "UNNAMED ST", "borough": "bronx", "direction": "TW", "total_row_ft": 42.0, "roadbed_ft": 12.0, "median_ft": 0.0, "left_sw_ft": 15.0, "right_sw_ft": 15.0}, "geometry": {"type": "LineString", "coordinates": [[-73.8808728839127, 40.79124260513269], [-73.88055324954857, 40.791020189577125]]}}, {"type": "Feature", "properties": {"segment_id": 1122227, "physicalid": "77858", "street_name": "UNNAMED ST", "borough": "bronx", "direction": "TW", "total_row_ft": 42.3, "roadbed_ft": 12.3, "median_ft": 0.0, "left_sw_ft": 15.0, "right_sw_ft": 15.0}, "geometry": {"type": "LineString", "coordinates": [[-73.88082410989779, 40.7912830933211], [-73.88050447550224, 40.79106067763168]]}}, {"type": "Feature", "properties": {"segment_id": 1122228, "physicalid": "77858", "street_name": "UNNAMED ST", "borough": "bronx", "direction": "TW", "total_row_ft": 43.0, "roadbed_ft": 13.0, "median_ft": 0.0, "left_sw_ft": 15.0, "right_sw_ft": 15.0}, "geometry": {"type": "LineString", "coordinates": [[-73.88077533582357, 40.791323581488605], [-73.88045570139656, 40.79110116566532]]}}, {"type": "Feature", "properties": {"segment_id": 1122229, "physicalid": "77858", "street_name": "UNNAMED ST", "borough": "bronx", "direction": "TW", "total_row_ft": 44.3, "roadbed_ft": 14.3, "median_ft": 0.0, "left_sw_ft": 15.0, "right_sw_ft": 15.0}, "geometry": {"type": "LineString", "coordinates": [[-73.88072656169003, 40.791364069635236], [-73.88040692723158, 40.791141653678096]]}}, {"type": "Feature", "properties": {"segment_id": 1122230, "physicalid": "77858", "street_name": "UNNAMED ST", "borough": "bronx", "direction": "TW", "total_row_ft": 45.5, "roadbed_ft": 15.5, "median_ft": 0.0, "left_sw_ft": 15.0, "right_sw_ft": 15.0}, "geometry": {"type": "LineString", "coordinates": [[-73.88067778749715, 40.791404557760934], [-73.88035815300725, 40.791182141669935]]}}, {"type": "Feature", "properties": {"segment_id": 1122231, "physicalid": "77858", "street_name": "UNNAMED ST", "borough": "bronx", "direction": "TW", "total_row_ft": 36.1, "roadbed_ft": 6.1, "median_ft": 0.0, "left_sw_ft": 15.0, "right_sw_ft": 15.0}, "geometry": {"type": "LineString", "coordinates": [[-73.88062901324496, 40.79144504586574], [-73.88030937872361, 40.79122262964091]]}}, {"type": "Feature", "properties": {"segment_id": 1122232, "physicalid": "77858", "street_name": "UNNAMED ST", "borough": "bronx", "direction": "TW", "total_row_ft": 30.0, "roadbed_ft": 0.0, "median_ft": 0.0, "left_sw_ft": 15.0, "right_sw_ft": 15.0}, "geometry": {"type": "LineString", "coordinates": [[-73.8805133506866, 40.79152254023395], [-73.88032669217226, 40.79122528997257]]}}, {"type": "Feature", "properties": {"segment_id": 1122233, "physicalid": "77858", "street_name": "UNNAMED ST", "borough": "bronx", "direction": "TW", "total_row_ft": 30.0, "roadbed_ft": 0.0, "median_ft": 0.0, "left_sw_ft": 15.0, "right_sw_ft": 15.0}, "geometry": {"type": "LineString", "coordinates": [[-73.88044816564138, 40.79154618424217], [-73.88026150735183, 40.79124893387628]]}}, {"type": "Feature", "properties": {"segment_id": 1122234, "physicalid": "77858", "street_name": "UNNAMED ST", "borough": "bronx", "direction": "TW", "total_row_ft": 30.0, "roadbed_ft": 0.0, "median_ft": 0.0, "left_sw_ft": 15.0, "right_sw_ft": 15.0}, "geometry": {"type": "LineString", "coordinates": [[-73.88038298054988, 40.79156982821341], [-73.88019632248509, 40.79127257774306]]}}, {"type": "Feature", "properties": {"segment_id": 1122235, "physicalid": "77858", "street_name": "UNNAMED ST", "borough": "bronx", "direction": "TW", "total_row_ft": 30.0, "roadbed_ft": 0.0, "median_ft": 0.0, "left_sw_ft": 15.0, "right_sw_ft": 15.0}, "geometry": {"type": "LineString", "coordinates": [[-73.88031779541208, 40.791593472147696], [-73.88013113757204, 40.79129622157288]]}}, {"type": "Feature", "properties": {"segment_id": 1122236, "physicalid": "77858", "street_name": "UNNAMED ST", "borough": "bronx", "direction": "TW", "total_row_ft": 30.0, "roadbed_ft": 0.0, "median_ft": 0.0, "left_sw_ft": 15.0, "right_sw_ft": 15.0}, "geometry": {"type": "LineString", "coordinates": [[-73.88025261022801, 40.79161711604504], [-73.88006595261268, 40.791319865365764]]}}, {"type": "Feature", "properties": {"segment_id": 1122237, "physicalid": "77858", "street_name": "UNNAMED ST", "borough": "bronx", "direction": "TW", "total_row_ft": 30.0, "roadbed_ft": 0.0, "median_ft": 0.0, "left_sw_ft": 15.0, "right_sw_ft": 15.0}, "geometry": {"type": "LineString", "coordinates": [[-73.88018742499763, 40.791640759905434], [-73.88000076760703, 40.79134350912168]]}}, {"type": "Feature", "properties": {"segment_id": 1122238, "physicalid": "77858", "street_name": "UNNAMED ST", "borough": "bronx", "direction": "TW", "total_row_ft": 30.0, "roadbed_ft": 0.0, "median_ft": 0.0, "left_sw_ft": 15.0, "right_sw_ft": 15.0}, "geometry": {"type": "LineString", "coordinates": [[-73.88012223972092, 40.79166440372887], [-73.87993558255508, 40.79136715284064]]}}, {"type": "Feature", "properties": {"segment_id": 1122268, "physicalid": "77858", "street_name": "UNNAMED ST", "borough": "bronx", "direction": "TW", "total_row_ft": 53.2, "roadbed_ft": 23.2, "median_ft": 0.0, "left_sw_ft": 15.0, "right_sw_ft": 15.0}, "geometry": {"type": "LineString", "coordinates": [[-73.87982441669354, 40.79066990515012], [-73.88017825392326, 40.79086006912564]]}}, {"type": "Feature", "properties": {"segment_id": 1122269, "physicalid": "77858", "street_name": "UNNAMED ST", "borough": "bronx", "direction": "TW", "total_row_ft": 53.3, "roadbed_ft": 23.3, "median_ft": 0.0, "left_sw_ft": 15.0, "right_sw_ft": 15.0}, "geometry": {"type": "LineString", "coordinates": [[-73.8798661179735, 40.7906250843426], [-73.8802199550841, 40.7908152481914]]}}, {"type": "Feature", "properties": {"segment_id": 1122270, "physicalid": "77858", "street_name": "UNNAMED ST", "borough": "bronx", "direction": "TW", "total_row_ft": 53.4, "roadbed_ft": 23.4, "median_ft": 0.0, "left_sw_ft": 15.0, "right_sw_ft": 15.0}, "geometry": {"type": "LineString", "coordinates": [[-73.87990781919727, 40.7905802635197], [-73.88026165618884, 40.79077042724176]]}}, {"type": "Feature", "properties": {"segment_id": 1122271, "physicalid": "77858", "street_name": "UNNAMED ST", "borough": "bronx", "direction": "TW", "total_row_ft": 53.6, "roadbed_ft": 23.6, "median_ft": 0.0, "left_sw_ft": 15.0, "right_sw_ft": 15.0}, "geometry": {"type": "LineString", "coordinates": [[-73.87994952036496, 40.79053544268133], [-73.88030335723737, 40.790725606276744]]}}, {"type": "Feature", "properties": {"segment_id": 1122272, "physicalid": "77858", "street_name": "UNNAMED ST", "borough": "bronx", "direction": "TW", "total_row_ft": 53.7, "roadbed_ft": 23.7, "median_ft": 0.0, "left_sw_ft": 15.0, "right_sw_ft": 15.0}, "geometry": {"type": "LineString", "coordinates": [[-73.87999122147646, 40.79049062182761], [-73.88034505822978, 40.790680785296324]]}}, {"type": "Feature", "properties": {"segment_id": 1122273, "physicalid": "77858", "street_name": "UNNAMED ST", "borough": "bronx", "direction": "TW", "total_row_ft": 53.9, "roadbed_ft": 23.9, "median_ft": 0.0, "left_sw_ft": 15.0, "right_sw_ft": 15.0}, "geometry": {"type": "LineString", "coordinates": [[-73.8800329225318, 40.790445800958494], [-73.88038675916606, 40.79063596430046]]}}, {"type": "Feature", "properties": {"segment_id": 1122274, "physicalid": "77858", "street_name": "UNNAMED ST", "borough": "bronx", "direction": "TW", "total_row_ft": 54.0, "roadbed_ft": 24.0, "median_ft": 0.0, "left_sw_ft": 15.0, "right_sw_ft": 15.0}, "geometry": {"type": "LineString", "coordinates": [[-73.88007462353103, 40.79040098007394], [-73.88042846004615, 40.79059114328926]]}}, {"type": "Feature", "properties": {"segment_id": 1122275, "physicalid": "77858", "street_name": "UNNAMED ST", "borough": "bronx", "direction": "TW", "total_row_ft": 54.1, "roadbed_ft": 24.1, "median_ft": 0.0, "left_sw_ft": 15.0, "right_sw_ft": 15.0}, "geometry": {"type": "LineString", "coordinates": [[-73.88011632447409, 40.790356159173996], [-73.88047016087012, 40.790546322262635]]}}, {"type": "Feature", "properties": {"segment_id": 1122276, "physicalid": "77858", "street_name": "UNNAMED ST", "borough": "bronx", "direction": "TW", "total_row_ft": 54.4, "roadbed_ft": 24.4, "median_ft": 0.0, "left_sw_ft": 15.0, "right_sw_ft": 15.0}, "geometry": {"type": "LineString", "coordinates": [[-73.88015802536098, 40.79031133825869], [-73.88051186163794, 40.7905015012206]]}}, {"type": "Feature", "properties": {"segment_id": 1122277, "physicalid": "77858", "street_name": "UNNAMED ST", "borough": "bronx", "direction": "TW", "total_row_ft": 54.7, "roadbed_ft": 24.7, "median_ft": 0.0, "left_sw_ft": 15.0, "right_sw_ft": 15.0}, "geometry": {"type": "LineString", "coordinates": [[-73.88019972619179, 40.79026651732792], [-73.88055356234958, 40.790456680163174]]}}, {"type": "Feature", "properties": {"segment_id": 1122278, "physicalid": "77858", "street_name": "UNNAMED ST", "borough": "bronx", "direction": "TW", "total_row_ft": 55.0, "roadbed_ft": 25.0, "median_ft": 0.0, "left_sw_ft": 15.0, "right_sw_ft": 15.0}, "geometry": {"type": "LineString", "coordinates": [[-73.88024142696639, 40.79022169638179], [-73.8805952630051, 40.790411859090334]]}}, {"type": "Feature", "properties": {"segment_id": 1122279, "physicalid": "77858", "street_name": "UNNAMED ST", "borough": "bronx", "direction": "TW", "total_row_ft": 55.2, "roadbed_ft": 25.2, "median_ft": 0.0, "left_sw_ft": 15.0, "right_sw_ft": 15.0}, "geometry": {"type": "LineString", "coordinates": [[-73.88028312768483, 40.790176875420265], [-73.88063696360449, 40.79036703800209]]}}, {"type": "Feature", "properties": {"segment_id": 1122280, "physicalid": "77858", "street_name": "UNNAMED ST", "borough": "bronx", "direction": "TW", "total_row_ft": 55.5, "roadbed_ft": 25.5, "median_ft": 0.0, "left_sw_ft": 15.0, "right_sw_ft": 15.0}, "geometry": {"type": "LineString", "coordinates": [[-73.88032482834718, 40.7901320544433], [-73.8806786641477, 40.790322216898474]]}}, {"type": "Feature", "properties": {"segment_id": 1122281, "physicalid": "77858", "street_name": "UNNAMED ST", "borough": "bronx", "direction": "TW", "total_row_ft": 55.8, "roadbed_ft": 25.8, "median_ft": 0.0, "left_sw_ft": 15.0, "right_sw_ft": 15.0}, "geometry": {"type": "LineString", "coordinates": [[-73.88036652895336, 40.790087233450976], [-73.88072036463477, 40.79027739577942]]}}, {"type": "Feature", "properties": {"segment_id": 1122282, "physicalid": "77858", "street_name": "UNNAMED ST", "borough": "bronx", "direction": "TW", "total_row_ft": 55.7, "roadbed_ft": 25.7, "median_ft": 0.0, "left_sw_ft": 15.0, "right_sw_ft": 15.0}, "geometry": {"type": "LineString", "coordinates": [[-73.88040822950336, 40.790042412443256], [-73.88076206506571, 40.790232574645]]}}, {"type": "Feature", "properties": {"segment_id": 1122283, "physicalid": "77858", "street_name": "UNNAMED ST", "borough": "bronx", "direction": "TW", "total_row_ft": 55.5, "roadbed_ft": 25.5, "median_ft": 0.0, "left_sw_ft": 15.0, "right_sw_ft": 15.0}, "geometry": {"type": "LineString", "coordinates": [[-73.88044992999727, 40.789997591420104], [-73.88080376544046, 40.79018775349517]]}}, {"type": "Feature", "properties": {"segment_id": 1122284, "physicalid": "77858", "street_name": "UNNAMED ST", "borough": "bronx", "direction": "TW", "total_row_ft": 55.4, "roadbed_ft": 25.4, "median_ft": 0.0, "left_sw_ft": 15.0, "right_sw_ft": 15.0}, "geometry": {"type": "LineString", "coordinates": [[-73.880491630435, 40.789952770381554], [-73.8808454657591, 40.79014293232994]]}}, {"type": "Feature", "properties": {"segment_id": 1122285, "physicalid": "77858", "street_name": "UNNAMED ST", "borough": "bronx", "direction": "TW", "total_row_ft": 55.4, "roadbed_ft": 25.4, "median_ft": 0.0, "left_sw_ft": 15.0, "right_sw_ft": 15.0}, "geometry": {"type": "LineString", "coordinates": [[-73.88053333081658, 40.789907949327656], [-73.88088716602161, 40.79009811114928]]}}, {"type": "Feature", "properties": {"segment_id": 1123132, "physicalid": "77897", "street_name": "UNNAMED ST", "borough": "bronx", "direction": "TW", "total_row_ft": 67.3, "roadbed_ft": 37.3, "median_ft": 0.0, "left_sw_ft": 15.0, "right_sw_ft": 15.0}, "geometry": {"type": "LineString", "coordinates": [[-73.879982250891, 40.79185829139797], [-73.88003868907131, 40.792184854079025]]}}, {"type": "Feature", "properties": {"segment_id": 1123133, "physicalid": "77897", "street_name": "UNNAMED ST", "borough": "bronx", "direction": "TW", "total_row_ft": 68.6, "roadbed_ft": 38.6, "median_ft": 0.0, "left_sw_ft": 15.0, "right_sw_ft": 15.0}, "geometry": {"type": "LineString", "coordinates": [[-73.88005386433352, 40.79185114245707], [-73.88011030285907, 40.7921777051034]]}}, {"type": "Feature", "properties": {"segment_id": 1123134, "physicalid": "77897", "street_name": "UNNAMED ST", "borough": "bronx", "direction": "TW", "total_row_ft": 63.7, "roadbed_ft": 33.7, "median_ft": 0.0, "left_sw_ft": 15.0, "right_sw_ft": 15.0}, "geometry": {"type": "LineString", "coordinates": [[-73.8800988999345, 40.791843675000855], [-73.88020642940876, 40.79216274287224]]}}, {"type": "Feature", "properties": {"segment_id": 1123135, "physicalid": "77897", "street_name": "UNNAMED ST", "borough": "bronx", "direction": "TW", "total_row_ft": 63.8, "roadbed_ft": 33.8, "median_ft": 0.0, "left_sw_ft": 15.0, "right_sw_ft": 15.0}, "geometry": {"type": "LineString", "coordinates": [[-73.88016886979118, 40.791830054417794], [-73.88027639957878, 40.792149122224586]]}}, {"type": "Feature", "properties": {"segment_id": 1123136, "physicalid": "77897", "street_name": "UNNAMED ST", "borough": "bronx", "direction": "TW", "total_row_ft": 64.1, "roadbed_ft": 34.1, "median_ft": 0.0, "left_sw_ft": 15.0, "right_sw_ft": 15.0}, "geometry": {"type": "LineString", "coordinates": [[-73.88021542437966, 40.79181835750433], [-73.88036703316203, 40.79212691283697]]}}, {"type": "Feature", "properties": {"segment_id": 1123137, "physicalid": "77897", "street_name": "UNNAMED ST", "borough": "bronx", "direction": "TW", "total_row_ft": 71.5, "roadbed_ft": 41.5, "median_ft": 0.0, "left_sw_ft": 15.0, "right_sw_ft": 15.0}, "geometry": {"type": "LineString", "coordinates": [[-73.880283088873, 40.7917991534669], [-73.88043469792525, 40.79210770871144]]}}, {"type": "Feature", "properties": {"segment_id": 1123138, "physicalid": "77897", "street_name": "UNNAMED ST", "borough": "bronx", "direction": "TW", "total_row_ft": 72.0, "roadbed_ft": 42.0, "median_ft": 0.0, "left_sw_ft": 15.0, "right_sw_ft": 15.0}, "geometry": {"type": "LineString", "coordinates": [[-73.88035075527158, 40.79177994889109], [-73.88050236075104, 40.792088505138146]]}}, {"type": "Feature", "properties": {"segment_id": 1123139, "physicalid": "77897", "street_name": "UNNAMED ST", "borough": "bronx", "direction": "TW", "total_row_ft": 73.7, "roadbed_ft": 43.7, "median_ft": 0.0, "left_sw_ft": 15.0, "right_sw_ft": 15.0}, "geometry": {"type": "LineString", "coordinates": [[-73.880418419926, 40.79176074526085], [-73.88057002567535, 40.79206930141982]]}}, {"type": "Feature", "properties": {"segment_id": 1123140, "physicalid": "77897", "street_name": "UNNAMED ST", "borough": "bronx", "direction": "TW", "total_row_ft": 75.0, "roadbed_ft": 45.0, "median_ft": 0.0, "left_sw_ft": 15.0, "right_sw_ft": 15.0}, "geometry": {"type": "LineString", "coordinates": [[-73.88045671721397, 40.79175088529891], [-73.88066614310196, 40.792039241278395]]}}, {"type": "Feature", "properties": {"segment_id": 1123141, "physicalid": "77897", "street_name": "UNNAMED ST", "borough": "bronx", "direction": "TW", "total_row_ft": 73.3, "roadbed_ft": 43.3, "median_ft": 0.0, "left_sw_ft": 15.0, "right_sw_ft": 15.0}, "geometry": {"type": "LineString", "coordinates": [[-73.88051995204935, 40.7917243576378], [-73.88072937812781, 40.792012713503546]]}}, {"type": "Feature", "properties": {"segment_id": 1123142, "physicalid": "77897", "street_name": "UNNAMED ST", "borough": "bronx", "direction": "TW", "total_row_ft": 69.9, "roadbed_ft": 39.9, "median_ft": 0.0, "left_sw_ft": 15.0, "right_sw_ft": 15.0}, "geometry": {"type": "LineString", "coordinates": [[-73.88056174912886, 40.79170618730215], [-73.88081185734967, 40.79197516794172]]}}, {"type": "Feature", "properties": {"segment_id": 1123143, "physicalid": "77897", "street_name": "UNNAMED ST", "borough": "bronx", "direction": "TW", "total_row_ft": 65.1, "roadbed_ft": 35.1, "median_ft": 0.0, "left_sw_ft": 15.0, "right_sw_ft": 15.0}, "geometry": {"type": "LineString", "coordinates": [[-73.88062073503771, 40.79167450644623], [-73.88087084337782, 40.79194348695912]]}}, {"type": "Feature", "properties": {"segment_id": 1123144, "physicalid": "77897", "street_name": "UNNAMED ST", "borough": "bronx", "direction": "TW", "total_row_ft": 65.4, "roadbed_ft": 35.4, "median_ft": 0.0, "left_sw_ft": 15.0, "right_sw_ft": 15.0}, "geometry": {"type": "LineString", "coordinates": [[-73.88067972089041, 40.79164282555995], [-73.88092982934984, 40.79191180594619]]}}, {"type": "Feature", "properties": {"segment_id": 1123145, "physicalid": "77897", "street_name": "UNNAMED ST", "borough": "bronx", "direction": "TW", "total_row_ft": 91.4, "roadbed_ft": 61.4, "median_ft": 0.0, "left_sw_ft": 15.0, "right_sw_ft": 15.0}, "geometry": {"type": "LineString", "coordinates": [[-73.88073870668697, 40.79161114464335], [-73.88098881526571, 40.79188012490289]]}}, {"type": "Feature", "properties": {"segment_id": 1123146, "physicalid": "77897", "street_name": "UNNAMED ST", "borough": "bronx", "direction": "TW", "total_row_ft": 92.1, "roadbed_ft": 62.1, "median_ft": 0.0, "left_sw_ft": 15.0, "right_sw_ft": 15.0}, "geometry": {"type": "LineString", "coordinates": [[-73.88079768781695, 40.791579465915376], [-73.88104780541674, 40.79184844126703]]}}, {"type": "Feature", "properties": {"segment_id": 1123147, "physicalid": "77897", "street_name": "UNNAMED ST", "borough": "bronx", "direction": "TW", "total_row_ft": 92.0, "roadbed_ft": 62.0, "median_ft": 0.0, "left_sw_ft": 15.0, "right_sw_ft": 15.0}, "geometry": {"type": "LineString", "coordinates": [[-73.88085667245277, 40.79154778381047], [-73.88110679017181, 40.79181675903548]]}}, {"type": "Feature", "properties": {"segment_id": 1123148, "physicalid": "77897", "street_name": "UNNAMED ST", "borough": "bronx", "direction": "TW", "total_row_ft": 91.8, "roadbed_ft": 61.8, "median_ft": 0.0, "left_sw_ft": 15.0, "right_sw_ft": 15.0}, "geometry": {"type": "LineString", "coordinates": [[-73.88091565703242, 40.79151610167526], [-73.88116577487077, 40.79178507677358]]}}, {"type": "Feature", "properties": {"segment_id": 1123149, "physicalid": "77897", "street_name": "UNNAMED ST", "borough": "bronx", "direction": "TW", "total_row_ft": 64.8, "roadbed_ft": 34.8, "median_ft": 0.0, "left_sw_ft": 15.0, "right_sw_ft": 15.0}, "geometry": {"type": "LineString", "coordinates": [[-73.88097464155595, 40.791484419509686], [-73.88122475951356, 40.79175339448135]]}}, {"type": "Feature", "properties": {"segment_id": 1123150, "physicalid": "77897", "street_name": "UNNAMED ST", "borough": "bronx", "direction": "TW", "total_row_ft": 66.7, "roadbed_ft": 36.7, "median_ft": 0.0, "left_sw_ft": 15.0, "right_sw_ft": 15.0}, "geometry": {"type": "LineString", "coordinates": [[-73.88103362602335, 40.79145273731377], [-73.88128374410023, 40.79172171215877]]}}, {"type": "Feature", "properties": {"segment_id": 1123151, "physicalid": "77897", "street_name": "UNNAMED ST", "borough": "bronx", "direction": "TW", "total_row_ft": 68.1, "roadbed_ft": 38.1, "median_ft": 0.0, "left_sw_ft": 15.0, "right_sw_ft": 15.0}, "geometry": {"type": "LineString", "coordinates": [[-73.88109261043459, 40.791421055087525], [-73.88134272863076, 40.791690029805835]]}}, {"type": "Feature", "properties": {"segment_id": 1123152, "physicalid": "77897", "street_name": "UNNAMED ST", "borough": "bronx", "direction": "TW", "total_row_ft": 69.7, "roadbed_ft": 39.7, "median_ft": 0.0, "left_sw_ft": 15.0, "right_sw_ft": 15.0}, "geometry": {"type": "LineString", "coordinates": [[-73.8811515947897, 40.79138937283091], [-73.88140171310515, 40.791658347422576]]}}, {"type": "Feature", "properties": {"segment_id": 1123153, "physicalid": "77897", "street_name": "UNNAMED ST", "borough": "bronx", "direction": "TW", "total_row_ft": 74.6, "roadbed_ft": 44.6, "median_ft": 0.0, "left_sw_ft": 15.0, "right_sw_ft": 15.0}, "geometry": {"type": "LineString", "coordinates": [[-73.88121057908866, 40.79135769054398], [-73.8814606975234, 40.79162666500898]]}}, {"type": "Feature", "properties": {"segment_id": 1123159, "physicalid": "77899", "street_name": "UNNAMED ST", "borough": "bronx", "direction": "TW", "total_row_ft": 76.7, "roadbed_ft": 46.7, "median_ft": 0.0, "left_sw_ft": 15.0, "right_sw_ft": 15.0}, "geometry": {"type": "LineString", "coordinates": [[-73.88160766030876, 40.791514606474976], [-73.8811758678007, 40.79148653773563]]}}, {"type": "Feature", "properties": {"segment_id": 1123160, "physicalid": "77899", "street_name": "UNNAMED ST", "borough": "bronx", "direction": "TW", "total_row_ft": 75.5, "roadbed_ft": 45.5, "median_ft": 0.0, "left_sw_ft": 15.0, "right_sw_ft": 15.0}, "geometry": {"type": "LineString", "coordinates": [[-73.88160150518912, 40.79156930140004], [-73.88116971232893, 40.79154123263792]]}}, {"type": "Feature", "properties": {"segment_id": 1123161, "physicalid": "77899", "street_name": "UNNAMED ST", "borough": "bronx", "direction": "TW", "total_row_ft": 69.0, "roadbed_ft": 39.0, "median_ft": 0.0, "left_sw_ft": 15.0, "right_sw_ft": 15.0}, "geometry": {"type": "LineString", "coordinates": [[-73.8815454796847, 40.79169081461357], [-73.88117524594223, 40.79151962328752]]}}, {"type": "Feature", "properties": {"segment_id": 1123162, "physicalid": "77899", "street_name": "UNNAMED ST", "borough": "bronx", "direction": "TW", "total_row_ft": 67.8, "roadbed_ft": 37.8, "median_ft": 0.0, "left_sw_ft": 15.0, "right_sw_ft": 15.0}, "geometry": {"type": "LineString", "coordinates": [[-73.8814572424018, 40.79178097202996], [-73.88118791426581, 40.791522933902215]]}}, {"type": "Feature", "properties": {"segment_id": 1123163, "physicalid": "77899", "street_name": "UNNAMED ST", "borough": "bronx", "direction": "TW", "total_row_ft": 67.2, "roadbed_ft": 37.2, "median_ft": 0.0, "left_sw_ft": 15.0, "right_sw_ft": 15.0}, "geometry": {"type": "LineString", "coordinates": [[-73.88140065613119, 40.791815087646505], [-73.88113132807652, 40.79155704938788]]}}, {"type": "Feature", "properties": {"segment_id": 1123164, "physicalid": "77899", "street_name": "UNNAMED ST", "borough": "bronx", "direction": "TW", "total_row_ft": 64.7, "roadbed_ft": 34.7, "median_ft": 0.0, "left_sw_ft": 15.0, "right_sw_ft": 15.0}, "geometry": {"type": "LineString", "coordinates": [[-73.8813440698026, 40.79184920323506], [-73.88107474182924, 40.7915911648456]]}}, {"type": "Feature", "properties": {"segment_id": 1123165, "physicalid": "77899", "street_name": "UNNAMED ST", "borough": "bronx", "direction": "TW", "total_row_ft": 64.0, "roadbed_ft": 34.0, "median_ft": 0.0, "left_sw_ft": 15.0, "right_sw_ft": 15.0}, "geometry": {"type": "LineString", "coordinates": [[-73.88128748341602, 40.79188331879566], [-73.88101815552395, 40.791625280275355]]}}, {"type": "Feature", "properties": {"segment_id": 1123166, "physicalid": "77899", "street_name": "UNNAMED ST", "borough": "bronx", "direction": "TW", "total_row_ft": 63.4, "roadbed_ft": 33.4, "median_ft": 0.0, "left_sw_ft": 15.0, "right_sw_ft": 15.0}, "geometry": {"type": "LineString", "coordinates": [[-73.88123089697143, 40.79191743432828], [-73.88096156916068, 40.791659395677115]]}}, {"type": "Feature", "properties": {"segment_id": 1123167, "physicalid": "77899", "street_name": "UNNAMED ST", "borough": "bronx", "direction": "TW", "total_row_ft": 62.9, "roadbed_ft": 32.9, "median_ft": 0.0, "left_sw_ft": 15.0, "right_sw_ft": 15.0}, "geometry": {"type": "LineString", "coordinates": [[-73.88117431046886, 40.791951549832966], [-73.88090498273941, 40.791693511050966]]}}, {"type": "Feature", "properties": {"segment_id": 1123168, "physicalid": "77899", "street_name": "UNNAMED ST", "borough": "bronx", "direction": "TW", "total_row_ft": 61.9, "roadbed_ft": 31.9, "median_ft": 0.0, "left_sw_ft": 15.0, "right_sw_ft": 15.0}, "geometry": {"type": "LineString", "coordinates": [[-73.88111772390829, 40.79198566530969], [-73.88084839626015, 40.7917276263968]]}}, {"type": "Feature", "properties": {"segment_id": 1123169, "physicalid": "77899", "street_name": "UNNAMED ST", "borough": "bronx", "direction": "TW", "total_row_ft": 61.0, "roadbed_ft": 31.0, "median_ft": 0.0, "left_sw_ft": 15.0, "right_sw_ft": 15.0}, "geometry": {"type": "LineString", "coordinates": [[-73.88106113728972, 40.79201978075842], [-73.8807918097229, 40.79176174171469]]}}, {"type": "Feature", "properties": {"segment_id": 1123170, "physicalid": "77899", "street_name": "UNNAMED ST", "borough": "bronx", "direction": "TW", "total_row_ft": 59.4, "roadbed_ft": 29.4, "median_ft": 0.0, "left_sw_ft": 15.0, "right_sw_ft": 15.0}, "geometry": {"type": "LineString", "coordinates": [[-73.88100455061318, 40.7920538961792], [-73.88073522312762, 40.79179585700464]]}}, {"type": "Feature", "properties": {"segment_id": 1123171, "physicalid": "77899", "street_name": "UNNAMED ST", "borough": "bronx", "direction": "TW", "total_row_ft": 62.4, "roadbed_ft": 32.4, "median_ft": 0.0, "left_sw_ft": 15.0, "right_sw_ft": 15.0}, "geometry": {"type": "LineString", "coordinates": [[-73.8808970491011, 40.79210346859163], [-73.88072017948794, 40.79180278016979]]}}, {"type": "Feature", "properties": {"segment_id": 1123172, "physicalid": "77899", "street_name": "UNNAMED ST", "borough": "bronx", "direction": "TW", "total_row_ft": 77.3, "roadbed_ft": 47.3, "median_ft": 0.0, "left_sw_ft": 15.0, "right_sw_ft": 15.0}, "geometry": {"type": "LineString", "coordinates": [[-73.88083110950582, 40.79212587244329], [-73.88065424013101, 40.791825183921304]]}}, {"type": "Feature", "properties": {"segment_id": 1123173, "physicalid": "77899", "street_name": "UNNAMED ST", "borough": "bronx", "direction": "TW", "total_row_ft": 78.8, "roadbed_ft": 48.8, "median_ft": 0.0, "left_sw_ft": 15.0, "right_sw_ft": 15.0}, "geometry": {"type": "LineString", "coordinates": [[-73.88076516986617, 40.79214827625719], [-73.88058830072967, 40.79184758763504]]}}, {"type": "Feature", "properties": {"segment_id": 1123174, "physicalid": "77899", "street_name": "UNNAMED ST", "borough": "bronx", "direction": "TW", "total_row_ft": 78.9, "roadbed_ft": 48.9, "median_ft": 0.0, "left_sw_ft": 15.0, "right_sw_ft": 15.0}, "geometry": {"type": "LineString", "coordinates": [[-73.88069923018215, 40.79217068003323], [-73.88052236128395, 40.79186999131099]]}}, {"type": "Feature", "properties": {"segment_id": 1123175, "physicalid": "77899", "street_name": "UNNAMED ST", "borough": "bronx", "direction": "TW", "total_row_ft": 78.2, "roadbed_ft": 48.2, "median_ft": 0.0, "left_sw_ft": 15.0, "right_sw_ft": 15.0}, "geometry": {"type": "LineString", "coordinates": [[-73.88063329045377, 40.79219308377151], [-73.88045642179384, 40.79189239494912]]}}, {"type": "Feature", "properties": {"segment_id": 1123176, "physicalid": "77899", "street_name": "UNNAMED ST", "borough": "bronx", "direction": "TW", "total_row_ft": 76.9, "roadbed_ft": 46.9, "median_ft": 0.0, "left_sw_ft": 15.0, "right_sw_ft": 15.0}, "geometry": {"type": "LineString", "coordinates": [[-73.880567350681, 40.792215487471964], [-73.88039048225936, 40.791914798549456]]}}, {"type": "Feature", "properties": {"segment_id": 1123177, "physicalid": "77899", "street_name": "UNNAMED ST", "borough": "bronx", "direction": "TW", "total_row_ft": 71.3, "roadbed_ft": 41.3, "median_ft": 0.0, "left_sw_ft": 15.0, "right_sw_ft": 15.0}, "geometry": {"type": "LineString", "coordinates": [[-73.88047923084403, 40.79223999913384], [-73.8803427831328, 40.79192738272241]]}}, {"type": "Feature", "properties": {"segment_id": 1123178, "physicalid": "77899", "street_name": "UNNAMED ST", "borough": "bronx", "direction": "TW", "total_row_ft": 62.3, "roadbed_ft": 32.3, "median_ft": 0.0, "left_sw_ft": 15.0, "right_sw_ft": 15.0}, "geometry": {"type": "LineString", "coordinates": [[-73.88041067534529, 40.79225728275544], [-73.88027422792055, 40.7919446662637]]}}, {"type": "Feature", "properties": {"segment_id": 1123179, "physicalid": "77899", "street_name": "UNNAMED ST", "borough": "bronx", "direction": "TW", "total_row_ft": 60.9, "roadbed_ft": 30.9, "median_ft": 0.0, "left_sw_ft": 15.0, "right_sw_ft": 15.0}, "geometry": {"type": "LineString", "coordinates": [[-73.88034211981093, 40.79227456633622], [-73.88020567267269, 40.79196194976416]]}}, {"type": "Feature", "properties": {"segment_id": 1123180, "physicalid": "77899", "street_name": "UNNAMED ST", "borough": "bronx", "direction": "TW", "total_row_ft": 59.6, "roadbed_ft": 29.6, "median_ft": 0.0, "left_sw_ft": 15.0, "right_sw_ft": 15.0}, "geometry": {"type": "LineString", "coordinates": [[-73.88025146355449, 40.79229574776296], [-73.88015873830409, 40.79197400759946]]}}, {"type": "Feature", "properties": {"segment_id": 1123181, "physicalid": "77899", "street_name": "UNNAMED ST", "borough": "bronx", "direction": "TW", "total_row_ft": 68.3, "roadbed_ft": 38.3, "median_ft": 0.0, "left_sw_ft": 15.0, "right_sw_ft": 15.0}, "geometry": {"type": "LineString", "coordinates": [[-73.88018090719042, 40.79230749311166], [-73.88008818226467, 40.79198575289199]]}}, {"type": "Feature", "properties": {"segment_id": 1123182, "physicalid": "77899", "street_name": "UNNAMED ST", "borough": "bronx", "direction": "TW", "total_row_ft": 72.9, "roadbed_ft": 42.9, "median_ft": 0.0, "left_sw_ft": 15.0, "right_sw_ft": 15.0}, "geometry": {"type": "LineString", "coordinates": [[-73.88011035080149, 40.79231923841715], [-73.88001762620037, 40.791997498141306]]}}, {"type": "Feature", "properties": {"segment_id": 1123208, "physicalid": "77900", "street_name": "UNNAMED ST", "borough": "bronx", "direction": "TW", "total_row_ft": 52.2, "roadbed_ft": 22.2, "median_ft": 0.0, "left_sw_ft": 15.0, "right_sw_ft": 15.0}, "geometry": {"type": "LineString", "coordinates": [[-73.88131093753907, 40.791302710918615], [-73.88156888422799, 40.791567380202714]]}}, {"type": "Feature", "properties": {"segment_id": 1123209, "physicalid": "77900", "street_name": "UNNAMED ST", "borough": "bronx", "direction": "TW", "total_row_ft": 52.7, "roadbed_ft": 22.7, "median_ft": 0.0, "left_sw_ft": 15.0, "right_sw_ft": 15.0}, "geometry": {"type": "LineString", "coordinates": [[-73.88136897764089, 40.79127003697373], [-73.88162692443393, 40.791534706129276]]}}, {"type": "Feature", "properties": {"segment_id": 1123210, "physicalid": "77900", "street_name": "UNNAMED ST", "borough": "bronx", "direction": "TW", "total_row_ft": 53.2, "roadbed_ft": 23.2, "median_ft": 0.0, "left_sw_ft": 15.0, "right_sw_ft": 15.0}, "geometry": {"type": "LineString", "coordinates": [[-73.88142701768574, 40.79123736299945], [-73.88168496458292, 40.79150203202646]]}}, {"type": "Feature", "properties": {"segment_id": 1123211, "physicalid": "77900", "street_name": "UNNAMED ST", "borough": "bronx", "direction": "TW", "total_row_ft": 53.6, "roadbed_ft": 23.6, "median_ft": 0.0, "left_sw_ft": 15.0, "right_sw_ft": 15.0}, "geometry": {"type": "LineString", "coordinates": [[-73.8814850576736, 40.79120468899578], [-73.88174300467492, 40.79146935789424]]}}, {"type": "Feature", "properties": {"segment_id": 1123212, "physicalid": "77900", "street_name": "UNNAMED ST", "borough": "bronx", "direction": "TW", "total_row_ft": 53.9, "roadbed_ft": 23.9, "median_ft": 0.0, "left_sw_ft": 15.0, "right_sw_ft": 15.0}, "geometry": {"type": "LineString", "coordinates": [[-73.88154309760449, 40.79117201496273], [-73.88180104470997, 40.79143668373262]]}}, {"type": "Feature", "properties": {"segment_id": 1123213, "physicalid": "77900", "street_name": "UNNAMED ST", "borough": "bronx", "direction": "TW", "total_row_ft": 54.7, "roadbed_ft": 24.7, "median_ft": 0.0, "left_sw_ft": 15.0, "right_sw_ft": 15.0}, "geometry": {"type": "LineString", "coordinates": [[-73.88164018634136, 40.7911240169154], [-73.88182270529835, 40.79142274825125]]}}, {"type": "Feature", "properties": {"segment_id": 1123214, "physicalid": "77900", "street_name": "UNNAMED ST", "borough": "bronx", "direction": "TW", "total_row_ft": 54.2, "roadbed_ft": 24.2, "median_ft": 0.0, "left_sw_ft": 15.0, "right_sw_ft": 15.0}, "geometry": {"type": "LineString", "coordinates": [[-73.88170569580234, 40.791100897294776], [-73.8818882149899, 40.79139962852795]]}}, {"type": "Feature", "properties": {"segment_id": 1123215, "physicalid": "77900", "street_name": "UNNAMED ST", "borough": "bronx", "direction": "TW", "total_row_ft": 54.5, "roadbed_ft": 24.5, "median_ft": 0.0, "left_sw_ft": 15.0, "right_sw_ft": 15.0}, "geometry": {"type": "LineString", "coordinates": [[-73.88177120521782, 40.791077777636815], [-73.88195372463593, 40.79137650876732]]}}, {"type": "Feature", "properties": {"segment_id": 1123216, "physicalid": "77900", "street_name": "UNNAMED ST", "borough": "bronx", "direction": "TW", "total_row_ft": 55.5, "roadbed_ft": 25.5, "median_ft": 0.0, "left_sw_ft": 15.0, "right_sw_ft": 15.0}, "geometry": {"type": "LineString", "coordinates": [[-73.8818367145878, 40.791054657941544], [-73.88201923423648, 40.7913533889694]]}}, {"type": "Feature", "properties": {"segment_id": 1123217, "physicalid": "77900", "street_name": "UNNAMED ST", "borough": "bronx", "direction": "TW", "total_row_ft": 56.4, "roadbed_ft": 26.4, "median_ft": 0.0, "left_sw_ft": 15.0, "right_sw_ft": 15.0}, "geometry": {"type": "LineString", "coordinates": [[-73.88190222391228, 40.79103153820896], [-73.88208474379154, 40.79133026913415]]}}, {"type": "Feature", "properties": {"segment_id": 1123218, "physicalid": "77900", "street_name": "UNNAMED ST", "borough": "bronx", "direction": "TW", "total_row_ft": 56.5, "roadbed_ft": 26.5, "median_ft": 0.0, "left_sw_ft": 15.0, "right_sw_ft": 15.0}, "geometry": {"type": "LineString", "coordinates": [[-73.88196773319127, 40.79100841843907], [-73.88215025330108, 40.79130714926159]]}}, {"type": "Feature", "properties": {"segment_id": 1123219, "physicalid": "77900", "street_name": "UNNAMED ST", "borough": "bronx", "direction": "TW", "total_row_ft": 54.7, "roadbed_ft": 24.7, "median_ft": 0.0, "left_sw_ft": 15.0, "right_sw_ft": 15.0}, "geometry": {"type": "LineString", "coordinates": [[-73.88203324242477, 40.790985298631824], [-73.88221576276513, 40.79128402935168]]}}, {"type": "Feature", "properties": {"segment_id": 1123220, "physicalid": "77901", "street_name": "UNNAMED ST", "borough": "bronx", "direction": "TW", "total_row_ft": 85.1, "roadbed_ft": 55.1, "median_ft": 0.0, "left_sw_ft": 15.0, "right_sw_ft": 15.0}, "geometry": {"type": "LineString", "coordinates": [[-73.88227450172671, 40.79094025466286], [-73.88225972925738, 40.79126943094349]]}}, {"type": "Feature", "properties": {"segment_id": 1123221, "physicalid": "77901", "street_name": "UNNAMED ST", "borough": "bronx", "direction": "TW", "total_row_ft": 45.9, "roadbed_ft": 15.9, "median_ft": 0.0, "left_sw_ft": 15.0, "right_sw_ft": 15.0}, "geometry": {"type": "LineString", "coordinates": [[-73.8823466873188, 40.7909421258673], [-73.88233191520597, 40.79127130215707]]}}, {"type": "Feature", "properties": {"segment_id": 1123222, "physicalid": "77901", "street_name": "UNNAMED ST", "borough": "bronx", "direction": "TW", "total_row_ft": 30.0, "roadbed_ft": 0.0, "median_ft": 0.0, "left_sw_ft": 15.0, "right_sw_ft": 15.0}, "geometry": {"type": "LineString", "coordinates": [[-73.88241887291491, 40.790943997026524], [-73.8824041011586, 40.791273173325465]]}}, {"type": "Feature", "properties": {"segment_id": 1123223, "physicalid": "77901", "street_name": "UNNAMED ST", "borough": "bronx", "direction": "TW", "total_row_ft": 30.0, "roadbed_ft": 0.0, "median_ft": 0.0, "left_sw_ft": 15.0, "right_sw_ft": 15.0}, "geometry": {"type": "LineString", "coordinates": [[-73.8824910585151, 40.79094586814054], [-73.88247628711528, 40.79127504444863]]}}, {"type": "Feature", "properties": {"segment_id": 1123224, "physicalid": "77901", "street_name": "UNNAMED ST", "borough": "bronx", "direction": "TW", "total_row_ft": 30.0, "roadbed_ft": 0.0, "median_ft": 0.0, "left_sw_ft": 15.0, "right_sw_ft": 15.0}, "geometry": {"type": "LineString", "coordinates": [[-73.88256324411935, 40.790947739209344], [-73.88254847307601, 40.79127691552657]]}}, {"type": "Feature", "properties": {"segment_id": 1123225, "physicalid": "77901", "street_name": "UNNAMED ST", "borough": "bronx", "direction": "TW", "total_row_ft": 30.0, "roadbed_ft": 0.0, "median_ft": 0.0, "left_sw_ft": 15.0, "right_sw_ft": 15.0}, "geometry": {"type": "LineString", "coordinates": [[-73.88263542972766, 40.79094961023292], [-73.88262065904081, 40.79127878655933]]}}, {"type": "Feature", "properties": {"segment_id": 1123226, "physicalid": "77901", "street_name": "UNNAMED ST", "borough": "bronx", "direction": "TW", "total_row_ft": 30.0, "roadbed_ft": 0.0, "median_ft": 0.0, "left_sw_ft": 15.0, "right_sw_ft": 15.0}, "geometry": {"type": "LineString", "coordinates": [[-73.88270761534002, 40.7909514812113], [-73.88269284500969, 40.791280657546864]]}}, {"type": "Feature", "properties": {"segment_id": 1123227, "physicalid": "77901", "street_name": "UNNAMED ST", "borough": "bronx", "direction": "TW", "total_row_ft": 30.0, "roadbed_ft": 0.0, "median_ft": 0.0, "left_sw_ft": 15.0, "right_sw_ft": 15.0}, "geometry": {"type": "LineString", "coordinates": [[-73.88277980095643, 40.79095335214446], [-73.8827650309826, 40.791282528489184]]}}, {"type": "Feature", "properties": {"segment_id": 1123228, "physicalid": "77901", "street_name": "UNNAMED ST", "borough": "bronx", "direction": "TW", "total_row_ft": 30.0, "roadbed_ft": 0.0, "median_ft": 0.0, "left_sw_ft": 15.0, "right_sw_ft": 15.0}, "geometry": {"type": "LineString", "coordinates": [[-73.88262971893194, 40.79098688953035], [-73.88299645945062, 40.79116236682207]]}}, {"type": "Feature", "properties": {"segment_id": 1123229, "physicalid": "77901", "street_name": "UNNAMED ST", "borough": "bronx", "direction": "TW", "total_row_ft": 30.0, "roadbed_ft": 0.0, "median_ft": 0.0, "left_sw_ft": 15.0, "right_sw_ft": 15.0}, "geometry": {"type": "LineString", "coordinates": [[-73.88266819975405, 40.790940434468894], [-73.88303494011826, 40.791115911639416]]}}, {"type": "Feature", "properties": {"segment_id": 1123230, "physicalid": "77901", "street_name": "UNNAMED ST", "borough": "bronx", "direction": "TW", "total_row_ft": 30.0, "roadbed_ft": 0.0, "median_ft": 0.0, "left_sw_ft": 15.0, "right_sw_ft": 15.0}, "geometry": {"type": "LineString", "coordinates": [[-73.88270668052247, 40.79089397939423], [-73.88307342073219, 40.79106945644359]]}}, {"type": "Feature", "properties": {"segment_id": 1123231, "physicalid": "77901", "street_name": "UNNAMED ST", "borough": "bronx", "direction": "TW", "total_row_ft": 30.0, "roadbed_ft": 0.0, "median_ft": 0.0, "left_sw_ft": 15.0, "right_sw_ft": 15.0}, "geometry": {"type": "LineString", "coordinates": [[-73.88274516123718, 40.79084752430638], [-73.88311190129242, 40.79102300123457]]}}, {"type": "Feature", "properties": {"segment_id": 1123232, "physicalid": "77901", "street_name": "UNNAMED ST", "borough": "bronx", "direction": "TW", "total_row_ft": 30.0, "roadbed_ft": 0.0, "median_ft": 0.0, "left_sw_ft": 15.0, "right_sw_ft": 15.0}, "geometry": {"type": "LineString", "coordinates": [[-73.88278364189819, 40.79080106920535], [-73.88315038179896, 40.790976546012374]]}}, {"type": "Feature", "properties": {"segment_id": 1123233, "physicalid": "77901", "street_name": "UNNAMED ST", "borough": "bronx", "direction": "TW", "total_row_ft": 34.3, "roadbed_ft": 4.3, "median_ft": 0.0, "left_sw_ft": 15.0, "right_sw_ft": 15.0}, "geometry": {"type": "LineString", "coordinates": [[-73.88282212250549, 40.79075461409114], [-73.88318886225179, 40.79093009077698]]}}, {"type": "Feature", "properties": {"segment_id": 1123234, "physicalid": "77901", "street_name": "UNNAMED ST", "borough": "bronx", "direction": "TW", "total_row_ft": 45.0, "roadbed_ft": 15.0, "median_ft": 0.0, "left_sw_ft": 15.0, "right_sw_ft": 15.0}, "geometry": {"type": "LineString", "coordinates": [[-73.88286060305911, 40.790708158963724], [-73.88322734265088, 40.790883635528445]]}}, {"type": "Feature", "properties": {"segment_id": 1123235, "physicalid": "77901", "street_name": "UNNAMED ST", "borough": "bronx", "direction": "TW", "total_row_ft": 51.4, "roadbed_ft": 21.4, "median_ft": 0.0, "left_sw_ft": 15.0, "right_sw_ft": 15.0}, "geometry": {"type": "LineString", "coordinates": [[-73.88289908355901, 40.79066170382314], [-73.88326582299631, 40.79083718026668]]}}, {"type": "Feature", "properties": {"segment_id": 1123236, "physicalid": "77901", "street_name": "UNNAMED ST", "borough": "bronx", "direction": "TW", "total_row_ft": 51.6, "roadbed_ft": 21.6, "median_ft": 0.0, "left_sw_ft": 15.0, "right_sw_ft": 15.0}, "geometry": {"type": "LineString", "coordinates": [[-73.88293756400522, 40.79061524866939], [-73.88330430328803, 40.79079072499174]]}}, {"type": "Feature", "properties": {"segment_id": 1123237, "physicalid": "77901", "street_name": "UNNAMED ST", "borough": "bronx", "direction": "TW", "total_row_ft": 53.3, "roadbed_ft": 23.3, "median_ft": 0.0, "left_sw_ft": 15.0, "right_sw_ft": 15.0}, "geometry": {"type": "LineString", "coordinates": [[-73.8829760443977, 40.79056879350245], [-73.88334278352607, 40.7907442697036]]}}, {"type": "Feature", "properties": {"segment_id": 1123238, "physicalid": "77902", "street_name": "UNNAMED ST", "borough": "bronx", "direction": "TW", "total_row_ft": 57.2, "roadbed_ft": 27.2, "median_ft": 0.0, "left_sw_ft": 15.0, "right_sw_ft": 15.0}, "geometry": {"type": "LineString", "coordinates": [[-73.88204898734485, 40.790988192205546], [-73.88242903101992, 40.791146475871926]]}}, {"type": "Feature", "properties": {"segment_id": 1123239, "physicalid": "77902", "street_name": "UNNAMED ST", "borough": "bronx", "direction": "TW", "total_row_ft": 57.0, "roadbed_ft": 27.0, "median_ft": 0.0, "left_sw_ft": 15.0, "right_sw_ft": 15.0}, "geometry": {"type": "LineString", "coordinates": [[-73.88208369775876, 40.790940052021725], [-73.88246374124154, 40.79109833557485]]}}, {"type": "Feature", "properties": {"segment_id": 1123240, "physicalid": "77902", "street_name": "UNNAMED ST", "borough": "bronx", "direction": "TW", "total_row_ft": 57.3, "roadbed_ft": 27.3, "median_ft": 0.0, "left_sw_ft": 15.0, "right_sw_ft": 15.0}, "geometry": {"type": "LineString", "coordinates": [[-73.88211840812245, 40.790891911827124], [-73.88249845141296, 40.791050195266976]]}}, {"type": "Feature", "properties": {"segment_id": 1123241, "physicalid": "77902", "street_name": "UNNAMED ST", "borough": "bronx", "direction": "TW", "total_row_ft": 57.6, "roadbed_ft": 27.6, "median_ft": 0.0, "left_sw_ft": 15.0, "right_sw_ft": 15.0}, "geometry": {"type": "LineString", "coordinates": [[-73.88215311843597, 40.7908437716217], [-73.88253316153418, 40.79100205494829]]}}, {"type": "Feature", "properties": {"segment_id": 1123242, "physicalid": "77902", "street_name": "UNNAMED ST", "borough": "bronx", "direction": "TW", "total_row_ft": 60.9, "roadbed_ft": 30.9, "median_ft": 0.0, "left_sw_ft": 15.0, "right_sw_ft": 15.0}, "geometry": {"type": "LineString", "coordinates": [[-73.88218782869927, 40.79079563140544], [-73.88256787160522, 40.790953914618775]]}}, {"type": "Feature", "properties": {"segment_id": 1123243, "physicalid": "77903", "street_name": "UNNAMED ST", "borough": "bronx", "direction": "TW", "total_row_ft": 64.1, "roadbed_ft": 34.1, "median_ft": 0.0, "left_sw_ft": 15.0, "right_sw_ft": 15.0}, "geometry": {"type": "LineString", "coordinates": [[-73.88225008636046, 40.79070928580816], [-73.88263012711116, 40.79086757132916]]}}, {"type": "Feature", "properties": {"segment_id": 1123244, "physicalid": "77903", "street_name": "UNNAMED ST", "borough": "bronx", "direction": "TW", "total_row_ft": 58.0, "roadbed_ft": 28.0, "median_ft": 0.0, "left_sw_ft": 15.0, "right_sw_ft": 15.0}, "geometry": {"type": "LineString", "coordinates": [[-73.88228479703413, 40.79066114579103], [-73.88266483759257, 40.79081943119874]]}}, {"type": "Feature", "properties": {"segment_id": 1123245, "physicalid": "77903", "street_name": "UNNAMED ST", "borough": "bronx", "direction": "TW", "total_row_ft": 58.9, "roadbed_ft": 28.9, "median_ft": 0.0, "left_sw_ft": 15.0, "right_sw_ft": 15.0}, "geometry": {"type": "LineString", "coordinates": [[-73.88231950765764, 40.79061300576304], [-73.88269954802377, 40.790771291057546]]}}, {"type": "Feature", "properties": {"segment_id": 1123246, "physicalid": "77903", "street_name": "UNNAMED ST", "borough": "bronx", "direction": "TW", "total_row_ft": 58.7, "roadbed_ft": 28.7, "median_ft": 0.0, "left_sw_ft": 15.0, "right_sw_ft": 15.0}, "geometry": {"type": "LineString", "coordinates": [[-73.88235421823093, 40.790564865724264], [-73.88273425840477, 40.790723150905514]]}}, {"type": "Feature", "properties": {"segment_id": 1123247, "physicalid": "77903", "street_name": "UNNAMED ST", "borough": "bronx", "direction": "TW", "total_row_ft": 59.4, "roadbed_ft": 29.4, "median_ft": 0.0, "left_sw_ft": 15.0, "right_sw_ft": 15.0}, "geometry": {"type": "LineString", "coordinates": [[-73.88238892875401, 40.79051672567469], [-73.88276896873559, 40.790675010742675]]}}, {"type": "Feature", "properties": {"segment_id": 1123248, "physicalid": "77903", "street_name": "UNNAMED ST", "borough": "bronx", "direction": "TW", "total_row_ft": 60.8, "roadbed_ft": 30.8, "median_ft": 0.0, "left_sw_ft": 15.0, "right_sw_ft": 15.0}, "geometry": {"type": "LineString", "coordinates": [[-73.88242363922691, 40.790468585614306], [-73.88280367901619, 40.79062687056901]]}}, {"type": "Feature", "properties": {"segment_id": 1123249, "physicalid": "77903", "street_name": "UNNAMED ST", "borough": "bronx", "direction": "TW", "total_row_ft": 61.5, "roadbed_ft": 31.5, "median_ft": 0.0, "left_sw_ft": 15.0, "right_sw_ft": 15.0}, "geometry": {"type": "LineString", "coordinates": [[-73.88245834964961, 40.79042044554308], [-73.88283838924661, 40.79057873038453]]}}, {"type": "Feature", "properties": {"segment_id": 1123250, "physicalid": "77903", "street_name": "UNNAMED ST", "borough": "bronx", "direction": "TW", "total_row_ft": 60.6, "roadbed_ft": 30.6, "median_ft": 0.0, "left_sw_ft": 15.0, "right_sw_ft": 15.0}, "geometry": {"type": "LineString", "coordinates": [[-73.8824930600221, 40.790372305461055], [-73.88287309942683, 40.79053059018925]]}}, {"type": "Feature", "properties": {"segment_id": 1123251, "physicalid": "77903", "street_name": "UNNAMED ST", "borough": "bronx", "direction": "TW", "total_row_ft": 59.5, "roadbed_ft": 29.5, "median_ft": 0.0, "left_sw_ft": 15.0, "right_sw_ft": 15.0}, "geometry": {"type": "LineString", "coordinates": [[-73.88252777034441, 40.790324165368226], [-73.88290780955687, 40.79048244998313]]}}, {"type": "Feature", "properties": {"segment_id": 1123252, "physicalid": "77903", "street_name": "UNNAMED ST", "borough": "bronx", "direction": "TW", "total_row_ft": 58.5, "roadbed_ft": 28.5, "median_ft": 0.0, "left_sw_ft": 15.0, "right_sw_ft": 15.0}, "geometry": {"type": "LineString", "coordinates": [[-73.8825624806165, 40.790276025264575], [-73.8829425196367, 40.790434309766226]]}}, {"type": "Feature", "properties": {"segment_id": 1123253, "physicalid": "77903", "street_name": "UNNAMED ST", "borough": "bronx", "direction": "TW", "total_row_ft": 57.7, "roadbed_ft": 27.7, "median_ft": 0.0, "left_sw_ft": 15.0, "right_sw_ft": 15.0}, "geometry": {"type": "LineString", "coordinates": [[-73.8825971908384, 40.79022788515013], [-73.88297722966635, 40.79038616953847]]}}, {"type": "Feature", "properties": {"segment_id": 1123254, "physicalid": "77903", "street_name": "UNNAMED ST", "borough": "bronx", "direction": "TW", "total_row_ft": 56.9, "roadbed_ft": 26.9, "median_ft": 0.0, "left_sw_ft": 15.0, "right_sw_ft": 15.0}, "geometry": {"type": "LineString", "coordinates": [[-73.8826319010101, 40.79017974502486], [-73.88301193964578, 40.7903380292999]]}}, {"type": "Feature", "properties": {"segment_id": 1123255, "physicalid": "77903", "street_name": "UNNAMED ST", "borough": "bronx", "direction": "TW", "total_row_ft": 59.3, "roadbed_ft": 29.3, "median_ft": 0.0, "left_sw_ft": 15.0, "right_sw_ft": 15.0}, "geometry": {"type": "LineString", "coordinates": [[-73.88266661113163, 40.79013160488876], [-73.88304664957502, 40.790289889050555]]}}, {"type": "Feature", "properties": {"segment_id": 1123256, "physicalid": "77903", "street_name": "UNNAMED ST", "borough": "bronx", "direction": "TW", "total_row_ft": 62.1, "roadbed_ft": 32.1, "median_ft": 0.0, "left_sw_ft": 15.0, "right_sw_ft": 15.0}, "geometry": {"type": "LineString", "coordinates": [[-73.88270132120294, 40.790083464741855], [-73.88308135945407, 40.790241748790365]]}}, {"type": "Feature", "properties": {"segment_id": 1123257, "physicalid": "77903", "street_name": "UNNAMED ST", "borough": "bronx", "direction": "TW", "total_row_ft": 64.3, "roadbed_ft": 34.3, "median_ft": 0.0, "left_sw_ft": 15.0, "right_sw_ft": 15.0}, "geometry": {"type": "LineString", "coordinates": [[-73.88273603122407, 40.790035324584125], [-73.88311606928292, 40.790193608519374]]}}, {"type": "Feature", "properties": {"segment_id": 1123258, "physicalid": "77903", "street_name": "UNNAMED ST", "borough": "bronx", "direction": "TW", "total_row_ft": 78.4, "roadbed_ft": 48.4, "median_ft": 0.0, "left_sw_ft": 15.0, "right_sw_ft": 15.0}, "geometry": {"type": "LineString", "coordinates": [[-73.882770741195, 40.78998718441559], [-73.88315077906157, 40.79014546823758]]}}, {"type": "Feature", "properties": {"segment_id": 1123259, "physicalid": "77904", "street_name": "UNNAMED ST", "borough": "bronx", "direction": "TW", "total_row_ft": 117.1, "roadbed_ft": 87.1, "median_ft": 0.0, "left_sw_ft": 15.0, "right_sw_ft": 15.0}, "geometry": {"type": "LineString", "coordinates": [[-73.88225219218718, 40.790941489040335], [-73.8824844937481, 40.790663439676166]]}}, {"type": "Feature", "properties": {"segment_id": 1123260, "physicalid": "77904", "street_name": "UNNAMED ST", "borough": "bronx", "direction": "TW", "total_row_ft": 50.2, "roadbed_ft": 20.2, "median_ft": 0.0, "left_sw_ft": 15.0, "right_sw_ft": 15.0}, "geometry": {"type": "LineString", "coordinates": [[-73.88219121838014, 40.79091206314353], [-73.88242352009307, 40.790634013900984]]}}, {"type": "Feature", "properties": {"segment_id": 1123261, "physicalid": "77904", "street_name": "UNNAMED ST", "borough": "bronx", "direction": "TW", "total_row_ft": 48.9, "roadbed_ft": 18.9, "median_ft": 0.0, "left_sw_ft": 15.0, "right_sw_ft": 15.0}, "geometry": {"type": "LineString", "coordinates": [[-73.88213024462704, 40.79088263721435], [-73.8823625464919, 40.790604588093416]]}}, {"type": "Feature", "properties": {"segment_id": 1123262, "physicalid": "77904", "street_name": "UNNAMED ST", "borough": "bronx", "direction": "TW", "total_row_ft": 47.9, "roadbed_ft": 17.9, "median_ft": 0.0, "left_sw_ft": 15.0, "right_sw_ft": 15.0}, "geometry": {"type": "LineString", "coordinates": [[-73.88206927092781, 40.790853211252774], [-73.88230157294466, 40.790575162253475]]}}, {"type": "Feature", "properties": {"segment_id": 1123263, "physicalid": "77904", "street_name": "UNNAMED ST", "borough": "bronx", "direction": "TW", "total_row_ft": 47.3, "roadbed_ft": 17.3, "median_ft": 0.0, "left_sw_ft": 15.0, "right_sw_ft": 15.0}, "geometry": {"type": "LineString", "coordinates": [[-73.88200829728248, 40.790823785258816], [-73.88224059945132, 40.79054573638111]]}}, {"type": "Feature", "properties": {"segment_id": 1123264, "physicalid": "77904", "street_name": "UNNAMED ST", "borough": "bronx", "direction": "TW", "total_row_ft": 46.6, "roadbed_ft": 16.6, "median_ft": 0.0, "left_sw_ft": 15.0, "right_sw_ft": 15.0}, "geometry": {"type": "LineString", "coordinates": [[-73.88194732369105, 40.79079435923245], [-73.88217962601188, 40.790516310476384]]}}, {"type": "Feature", "properties": {"segment_id": 1123265, "physicalid": "77904", "street_name": "UNNAMED ST", "borough": "bronx", "direction": "TW", "total_row_ft": 53.3, "roadbed_ft": 23.3, "median_ft": 0.0, "left_sw_ft": 15.0, "right_sw_ft": 15.0}, "geometry": {"type": "LineString", "coordinates": [[-73.88188635015354, 40.7907649331737], [-73.88211865262632, 40.79048688453925]]}}, {"type": "Feature", "properties": {"segment_id": 1123266, "physicalid": "77904", "street_name": "UNNAMED ST", "borough": "bronx", "direction": "TW", "total_row_ft": 57.6, "roadbed_ft": 27.6, "median_ft": 0.0, "left_sw_ft": 15.0, "right_sw_ft": 15.0}, "geometry": {"type": "LineString", "coordinates": [[-73.88208033574901, 40.790762785858306], [-73.88180837329269, 40.79050635118937]]}}, {"type": "Feature", "properties": {"segment_id": 1123267, "physicalid": "77904", "street_name": "UNNAMED ST", "borough": "bronx", "direction": "TW", "total_row_ft": 55.1, "roadbed_ft": 25.1, "median_ft": 0.0, "left_sw_ft": 15.0, "right_sw_ft": 15.0}, "geometry": {"type": "LineString", "coordinates": [[-73.8820241019781, 40.79079723569426], [-73.88175213959768, 40.79054080089401]]}}, {"type": "Feature", "properties": {"segment_id": 1123268, "physicalid": "77904", "street_name": "UNNAMED ST", "borough": "bronx", "direction": "TW", "total_row_ft": 56.8, "roadbed_ft": 26.8, "median_ft": 0.0, "left_sw_ft": 15.0, "right_sw_ft": 15.0}, "geometry": {"type": "LineString", "coordinates": [[-73.88196786814902, 40.79083168550258], [-73.88169590584447, 40.79057525057101]]}}, {"type": "Feature", "properties": {"segment_id": 1123286, "physicalid": "77906", "street_name": "UNNAMED ST", "borough": "bronx", "direction": "TW", "total_row_ft": 102.6, "roadbed_ft": 72.6, "median_ft": 0.0, "left_sw_ft": 15.0, "right_sw_ft": 15.0}, "geometry": {"type": "LineString", "coordinates": [[-73.88306048067884, 40.78985494521538], [-73.88303971168384, 40.790183934492035]]}}, {"type": "Feature", "properties": {"segment_id": 1123287, "physicalid": "77906", "street_name": "UNNAMED ST", "borough": "bronx", "direction": "TW", "total_row_ft": 72.5, "roadbed_ft": 42.5, "median_ft": 0.0, "left_sw_ft": 15.0, "right_sw_ft": 15.0}, "geometry": {"type": "LineString", "coordinates": [[-73.88313262407529, 40.78985757604241], [-73.88311185543593, 40.79018656533195]]}}, {"type": "Feature", "properties": {"segment_id": 1123288, "physicalid": "77906", "street_name": "UNNAMED ST", "borough": "bronx", "direction": "TW", "total_row_ft": 78.4, "roadbed_ft": 48.4, "median_ft": 0.0, "left_sw_ft": 15.0, "right_sw_ft": 15.0}, "geometry": {"type": "LineString", "coordinates": [[-73.88320476747741, 40.78986020682429], [-73.88318399919376, 40.790189196126704]]}}, {"type": "Feature", "properties": {"segment_id": 1123289, "physicalid": "77906", "street_name": "UNNAMED ST", "borough": "bronx", "direction": "TW", "total_row_ft": 90.1, "roadbed_ft": 60.1, "median_ft": 0.0, "left_sw_ft": 15.0, "right_sw_ft": 15.0}, "geometry": {"type": "LineString", "coordinates": [[-73.88327691088526, 40.789862837561], [-73.88325614295725, 40.79019182687629]]}}, {"type": "Feature", "properties": {"segment_id": 1123290, "physicalid": "77906", "street_name": "UNNAMED ST", "borough": "bronx", "direction": "TW", "total_row_ft": 93.2, "roadbed_ft": 63.2, "median_ft": 0.0, "left_sw_ft": 15.0, "right_sw_ft": 15.0}, "geometry": {"type": "LineString", "coordinates": [[-73.88334905429879, 40.78986546825255], [-73.88332828672647, 40.790194457580704]]}}, {"type": "Feature", "properties": {"segment_id": 1123291, "physicalid": "77906", "street_name": "UNNAMED ST", "borough": "bronx", "direction": "TW", "total_row_ft": 93.5, "roadbed_ft": 63.5, "median_ft": 0.0, "left_sw_ft": 15.0, "right_sw_ft": 15.0}, "geometry": {"type": "LineString", "coordinates": [[-73.88342119771802, 40.78986809889897], [-73.8834004305014, 40.79019708823997]]}}, {"type": "Feature", "properties": {"segment_id": 1123292, "physicalid": "77907", "street_name": "UNNAMED ST", "borough": "bronx", "direction": "TW", "total_row_ft": 94.0, "roadbed_ft": 64.0, "median_ft": 0.0, "left_sw_ft": 15.0, "right_sw_ft": 15.0}, "geometry": {"type": "LineString", "coordinates": [[-73.88354156410882, 40.789872489370566], [-73.8835207815463, 40.79020147815162]]}}, {"type": "Feature", "properties": {"segment_id": 1123293, "physicalid": "77908", "street_name": "UNNAMED ST", "borough": "bronx", "direction": "TW", "total_row_ft": 68.0, "roadbed_ft": 38.0, "median_ft": 0.0, "left_sw_ft": 15.0, "right_sw_ft": 15.0}, "geometry": {"type": "LineString", "coordinates": [[-73.88373517493363, 40.790042629053886], [-73.88416101947527, 40.78998155735973]]}}, {"type": "Feature", "properties": {"segment_id": 1123308, "physicalid": "77909", "street_name": "UNNAMED ST", "borough": "bronx", "direction": "TW", "total_row_ft": 75.0, "roadbed_ft": 45.0, "median_ft": 0.0, "left_sw_ft": 15.0, "right_sw_ft": 15.0}, "geometry": {"type": "LineString", "coordinates": [[-73.88367657815114, 40.7898774140352], [-73.88365581754911, 40.790206403617]]}}, {"type": "Feature", "properties": {"segment_id": 1123309, "physicalid": "77909", "street_name": "UNNAMED ST", "borough": "bronx", "direction": "TW", "total_row_ft": 78.2, "roadbed_ft": 41.1, "median_ft": 7.1, "left_sw_ft": 15.0, "right_sw_ft": 15.0}, "geometry": {"type": "LineString", "coordinates": [[-73.88374872163908, 40.78988004379819], [-73.88372796139272, 40.79020903339284]]}}, {"type": "Feature", "properties": {"segment_id": 1123310, "physicalid": "77909", "street_name": "UNNAMED ST", "borough": "bronx", "direction": "TW", "total_row_ft": 78.2, "roadbed_ft": 42.1, "median_ft": 6.0, "left_sw_ft": 15.0, "right_sw_ft": 15.0}, "geometry": {"type": "LineString", "coordinates": [[-73.88382086513272, 40.789882673516026], [-73.88380010524203, 40.790211663123515]]}}, {"type": "Feature", "properties": {"segment_id": 1123311, "physicalid": "77909", "street_name": "UNNAMED ST", "borough": "bronx", "direction": "TW", "total_row_ft": 78.1, "roadbed_ft": 48.1, "median_ft": 0.0, "left_sw_ft": 15.0, "right_sw_ft": 15.0}, "geometry": {"type": "LineString", "coordinates": [[-73.88389300863204, 40.78988530318868], [-73.88387224909705, 40.79021429280907]]}}, {"type": "Feature", "properties": {"segment_id": 1123312, "physicalid": "77910", "street_name": "UNNAMED ST", "borough": "bronx", "direction": "TW", "total_row_ft": 77.6, "roadbed_ft": 47.6, "median_ft": 0.0, "left_sw_ft": 15.0, "right_sw_ft": 15.0}, "geometry": {"type": "LineString", "coordinates": [[-73.8840213467693, 40.78988973714917], [-73.88400318095792, 40.79021881539325]]}}, {"type": "Feature", "properties": {"segment_id": 1123313, "physicalid": "77910", "street_name": "UNNAMED ST", "borough": "bronx", "direction": "TW", "total_row_ft": 79.1, "roadbed_ft": 49.1, "median_ft": 0.0, "left_sw_ft": 15.0, "right_sw_ft": 15.0}, "geometry": {"type": "LineString", "coordinates": [[-73.88409350971287, 40.78989203822458], [-73.88407534425755, 40.790221116479906]]}}, {"type": "Feature", "properties": {"segment_id": 1123314, "physicalid": "77910", "street_name": "UNNAMED ST", "borough": "bronx", "direction": "TW", "total_row_ft": 82.1, "roadbed_ft": 52.1, "median_ft": 0.0, "left_sw_ft": 15.0, "right_sw_ft": 15.0}, "geometry": {"type": "LineString", "coordinates": [[-73.88416567266142, 40.78989433925477], [-73.88414750756216, 40.79022341752136]]}}, {"type": "Feature", "properties": {"segment_id": 1123315, "physicalid": "77911", "street_name": "UNNAMED ST", "borough": "bronx", "direction": "TW", "total_row_ft": 150.0, "roadbed_ft": 74.3, "median_ft": 45.7, "left_sw_ft": 15.0, "right_sw_ft": 15.0}, "geometry": {"type": "LineString", "coordinates": [[-73.88438300227948, 40.78991237940481], [-73.88428127347157, 40.79023254366589]]}}, {"type": "Feature", "properties": {"segment_id": 1123316, "physicalid": "77911", "street_name": "UNNAMED ST", "borough": "bronx", "direction": "TW", "total_row_ft": 150.0, "roadbed_ft": 46.8, "median_ft": 73.2, "left_sw_ft": 15.0, "right_sw_ft": 15.0}, "geometry": {"type": "LineString", "coordinates": [[-73.88445321053742, 40.78992526556291], [-73.88435148204745, 40.7902454298853]]}}, {"type": "Feature", "properties": {"segment_id": 1123317, "physicalid": "77912", "street_name": "UNNAMED ST", "borough": "bronx", "direction": "TW", "total_row_ft": 128.2, "roadbed_ft": 98.2, "median_ft": 0.0, "left_sw_ft": 15.0, "right_sw_ft": 15.0}, "geometry": {"type": "LineString", "coordinates": [[-73.8837759167973, 40.790155314891535], [-73.88339609890699, 40.78999672628259]]}}, {"type": "Feature", "properties": {"segment_id": 1123318, "physicalid": "77912", "street_name": "UNNAMED ST", "borough": "bronx", "direction": "TW", "total_row_ft": 113.1, "roadbed_ft": 83.1, "median_ft": 0.0, "left_sw_ft": 15.0, "right_sw_ft": 15.0}, "geometry": {"type": "LineString", "coordinates": [[-73.88374114017688, 40.79020342730143], [-73.88336132209488, 40.790044838579085]]}}, {"type": "Feature", "properties": {"segment_id": 1123319, "physicalid": "77912", "street_name": "UNNAMED ST", "borough": "bronx", "direction": "TW", "total_row_ft": 101.9, "roadbed_ft": 71.9, "median_ft": 0.0, "left_sw_ft": 15.0, "right_sw_ft": 15.0}, "geometry": {"type": "LineString", "coordinates": [[-73.88370636350615, 40.79025153970051], [-73.88332654523256, 40.79009295086469]]}}, {"type": "Feature", "properties": {"segment_id": 1123320, "physicalid": "77912", "street_name": "UNNAMED ST", "borough": "bronx", "direction": "TW", "total_row_ft": 101.3, "roadbed_ft": 71.3, "median_ft": 0.0, "left_sw_ft": 15.0, "right_sw_ft": 15.0}, "geometry": {"type": "LineString", "coordinates": [[-73.88367158678521, 40.790299652088684], [-73.88329176831994, 40.790141063139515]]}}, {"type": "Feature", "properties": {"segment_id": 1123321, "physicalid": "77912", "street_name": "UNNAMED ST", "borough": "bronx", "direction": "TW", "total_row_ft": 84.3, "roadbed_ft": 54.3, "median_ft": 0.0, "left_sw_ft": 15.0, "right_sw_ft": 15.0}, "geometry": {"type": "LineString", "coordinates": [[-73.88363681001395, 40.79034776446605], [-73.88325699135709, 40.79018917540342]]}}, {"type": "Feature", "properties": {"segment_id": 1123322, "physicalid": "77912", "street_name": "UNNAMED ST", "borough": "bronx", "direction": "TW", "total_row_ft": 54.4, "roadbed_ft": 24.4, "median_ft": 0.0, "left_sw_ft": 15.0, "right_sw_ft": 15.0}, "geometry": {"type": "LineString", "coordinates": [[-73.88360203319247, 40.79039587683253], [-73.88322221434393, 40.79023728765653]]}}, {"type": "Feature", "properties": {"segment_id": 1123323, "physicalid": "77912", "street_name": "UNNAMED ST", "borough": "bronx", "direction": "TW", "total_row_ft": 54.7, "roadbed_ft": 24.7, "median_ft": 0.0, "left_sw_ft": 15.0, "right_sw_ft": 15.0}, "geometry": {"type": "LineString", "coordinates": [[-73.8835672563207, 40.7904439891882], [-73.88318743728055, 40.79028539989872]]}}, {"type": "Feature", "properties": {"segment_id": 1123324, "physicalid": "77912", "street_name": "UNNAMED ST", "borough": "bronx", "direction": "TW", "total_row_ft": 54.8, "roadbed_ft": 24.8, "median_ft": 0.0, "left_sw_ft": 15.0, "right_sw_ft": 15.0}, "geometry": {"type": "LineString", "coordinates": [[-73.88353247939871, 40.79049210153297], [-73.88315266016686, 40.79033351213013]]}}, {"type": "Feature", "properties": {"segment_id": 1123325, "physicalid": "77912", "street_name": "UNNAMED ST", "borough": "bronx", "direction": "TW", "total_row_ft": 54.9, "roadbed_ft": 24.9, "median_ft": 0.0, "left_sw_ft": 15.0, "right_sw_ft": 15.0}, "geometry": {"type": "LineString", "coordinates": [[-73.88349770242638, 40.790540213866905], [-73.88311788300297, 40.790381624350616]]}}, {"type": "Feature", "properties": {"segment_id": 1123326, "physicalid": "77912", "street_name": "UNNAMED ST", "borough": "bronx", "direction": "TW", "total_row_ft": 55.0, "roadbed_ft": 25.0, "median_ft": 0.0, "left_sw_ft": 15.0, "right_sw_ft": 15.0}, "geometry": {"type": "LineString", "coordinates": [[-73.88346292540385, 40.79058832618998], [-73.88308310578877, 40.79042973656026]]}}, {"type": "Feature", "properties": {"segment_id": 1123327, "physicalid": "77913", "street_name": "UNNAMED ST", "borough": "bronx", "direction": "TW", "total_row_ft": 51.9, "roadbed_ft": 21.9, "median_ft": 0.0, "left_sw_ft": 15.0, "right_sw_ft": 15.0}, "geometry": {"type": "LineString", "coordinates": [[-73.8834302680796, 40.79063346273548], [-73.88299693538565, 40.790629543112594]]}}, {"type": "Feature", "properties": {"segment_id": 1123328, "physicalid": "77913", "street_name": "UNNAMED ST", "borough": "bronx", "direction": "TW", "total_row_ft": 50.3, "roadbed_ft": 20.3, "median_ft": 0.0, "left_sw_ft": 15.0, "right_sw_ft": 15.0}, "geometry": {"type": "LineString", "coordinates": [[-73.88342940872121, 40.790688353469314], [-73.88299607567004, 40.790684433843296]]}}, {"type": "Feature", "properties": {"segment_id": 1123329, "physicalid": "77913", "street_name": "UNNAMED ST", "borough": "bronx", "direction": "TW", "total_row_ft": 49.1, "roadbed_ft": 19.1, "median_ft": 0.0, "left_sw_ft": 15.0, "right_sw_ft": 15.0}, "geometry": {"type": "LineString", "coordinates": [[-73.8834285493614, 40.79074324420276], [-73.88299521595302, 40.790739324573465]]}}, {"type": "Feature", "properties": {"segment_id": 1123330, "physicalid": "77913", "street_name": "UNNAMED ST", "borough": "bronx", "direction": "TW", "total_row_ft": 49.0, "roadbed_ft": 19.0, "median_ft": 0.0, "left_sw_ft": 15.0, "right_sw_ft": 15.0}, "geometry": {"type": "LineString", "coordinates": [[-73.88342769000018, 40.79079813493569], [-73.88299435623458, 40.79079421530318]]}}, {"type": "Feature", "properties": {"segment_id": 1123331, "physicalid": "77913", "street_name": "UNNAMED ST", "borough": "bronx", "direction": "TW", "total_row_ft": 48.8, "roadbed_ft": 18.8, "median_ft": 0.0, "left_sw_ft": 15.0, "right_sw_ft": 15.0}, "geometry": {"type": "LineString", "coordinates": [[-73.88342683063755, 40.790853025668106], [-73.88299349651471, 40.790849106032425]]}}, {"type": "Feature", "properties": {"segment_id": 1123332, "physicalid": "77913", "street_name": "UNNAMED ST", "borough": "bronx", "direction": "TW", "total_row_ft": 48.7, "roadbed_ft": 18.7, "median_ft": 0.0, "left_sw_ft": 15.0, "right_sw_ft": 15.0}, "geometry": {"type": "LineString", "coordinates": [[-73.88342597127351, 40.790907916400066], [-73.88299263679345, 40.79090399676124]]}}, {"type": "Feature", "properties": {"segment_id": 1123333, "physicalid": "77913", "street_name": "UNNAMED ST", "borough": "bronx", "direction": "TW", "total_row_ft": 48.5, "roadbed_ft": 18.5, "median_ft": 0.0, "left_sw_ft": 15.0, "right_sw_ft": 15.0}, "geometry": {"type": "LineString", "coordinates": [[-73.88342511190804, 40.79096280713159], [-73.88299177707074, 40.790958887489495]]}}, {"type": "Feature", "properties": {"segment_id": 1123334, "physicalid": "77913", "street_name": "UNNAMED ST", "borough": "bronx", "direction": "TW", "total_row_ft": 48.4, "roadbed_ft": 18.4, "median_ft": 0.0, "left_sw_ft": 15.0, "right_sw_ft": 15.0}, "geometry": {"type": "LineString", "coordinates": [[-73.88342425254115, 40.7910176978626], [-73.88299091734663, 40.79101377821732]]}}, {"type": "Feature", "properties": {"segment_id": 1123335, "physicalid": "77913", "street_name": "UNNAMED ST", "borough": "bronx", "direction": "TW", "total_row_ft": 48.4, "roadbed_ft": 18.4, "median_ft": 0.0, "left_sw_ft": 15.0, "right_sw_ft": 15.0}, "geometry": {"type": "LineString", "coordinates": [[-73.88342339317285, 40.79107258859313], [-73.8829900576211, 40.79106866894471]]}}, {"type": "Feature", "properties": {"segment_id": 1123336, "physicalid": "77913", "street_name": "UNNAMED ST", "borough": "bronx", "direction": "TW", "total_row_ft": 48.4, "roadbed_ft": 18.4, "median_ft": 0.0, "left_sw_ft": 15.0, "right_sw_ft": 15.0}, "geometry": {"type": "LineString", "coordinates": [[-73.88342253380313, 40.79112747932322], [-73.88298919789416, 40.791123559671526]]}}, {"type": "Feature", "properties": {"segment_id": 1123337, "physicalid": "77913", "street_name": "UNNAMED ST", "borough": "bronx", "direction": "TW", "total_row_ft": 48.4, "roadbed_ft": 18.4, "median_ft": 0.0, "left_sw_ft": 15.0, "right_sw_ft": 15.0}, "geometry": {"type": "LineString", "coordinates": [[-73.88342167443199, 40.791182370052795], [-73.88298833816579, 40.79117845039793]]}}, {"type": "Feature", "properties": {"segment_id": 1123338, "physicalid": "77913", "street_name": "UNNAMED ST", "borough": "bronx", "direction": "TW", "total_row_ft": 48.4, "roadbed_ft": 18.4, "median_ft": 0.0, "left_sw_ft": 15.0, "right_sw_ft": 15.0}, "geometry": {"type": "LineString", "coordinates": [[-73.88342081505944, 40.79123726078192], [-73.88298747843601, 40.79123334112384]]}}, {"type": "Feature", "properties": {"segment_id": 1123339, "physicalid": "77913", "street_name": "UNNAMED ST", "borough": "bronx", "direction": "TW", "total_row_ft": 48.4, "roadbed_ft": 18.4, "median_ft": 0.0, "left_sw_ft": 15.0, "right_sw_ft": 15.0}, "geometry": {"type": "LineString", "coordinates": [[-73.88341995568547, 40.79129215151052], [-73.8829866187048, 40.791288231849315]]}}, {"type": "Feature", "properties": {"segment_id": 1123340, "physicalid": "77913", "street_name": "UNNAMED ST", "borough": "bronx", "direction": "TW", "total_row_ft": 51.3, "roadbed_ft": 21.3, "median_ft": 0.0, "left_sw_ft": 15.0, "right_sw_ft": 15.0}, "geometry": {"type": "LineString", "coordinates": [[-73.88335805874155, 40.79145577670373], [-73.88303975795542, 40.79123225833284]]}}, {"type": "Feature", "properties": {"segment_id": 1123341, "physicalid": "77913", "street_name": "UNNAMED ST", "borough": "bronx", "direction": "TW", "total_row_ft": 49.3, "roadbed_ft": 19.3, "median_ft": 0.0, "left_sw_ft": 15.0, "right_sw_ft": 15.0}, "geometry": {"type": "LineString", "coordinates": [[-73.88330904272802, 40.79149609583746], [-73.88299074191367, 40.791272577332606]]}}, {"type": "Feature", "properties": {"segment_id": 1123342, "physicalid": "77913", "street_name": "UNNAMED ST", "borough": "bronx", "direction": "TW", "total_row_ft": 48.7, "roadbed_ft": 18.7, "median_ft": 0.0, "left_sw_ft": 15.0, "right_sw_ft": 15.0}, "geometry": {"type": "LineString", "coordinates": [[-73.88326002665508, 40.791536414950095], [-73.88294172581259, 40.79131289631125]]}}, {"type": "Feature", "properties": {"segment_id": 1123343, "physicalid": "77913", "street_name": "UNNAMED ST", "borough": "bronx", "direction": "TW", "total_row_ft": 48.4, "roadbed_ft": 18.4, "median_ft": 0.0, "left_sw_ft": 15.0, "right_sw_ft": 15.0}, "geometry": {"type": "LineString", "coordinates": [[-73.88321101052284, 40.791576734041584], [-73.88289270965208, 40.791353215268856]]}}, {"type": "Feature", "properties": {"segment_id": 1123344, "physicalid": "77913", "street_name": "UNNAMED ST", "borough": "bronx", "direction": "TW", "total_row_ft": 48.4, "roadbed_ft": 18.4, "median_ft": 0.0, "left_sw_ft": 15.0, "right_sw_ft": 15.0}, "geometry": {"type": "LineString", "coordinates": [[-73.88316199433119, 40.79161705311205], [-73.88284369343225, 40.79139353420531]]}}, {"type": "Feature", "properties": {"segment_id": 1123345, "physicalid": "77913", "street_name": "UNNAMED ST", "borough": "bronx", "direction": "TW", "total_row_ft": 48.5, "roadbed_ft": 18.5, "median_ft": 0.0, "left_sw_ft": 15.0, "right_sw_ft": 15.0}, "geometry": {"type": "LineString", "coordinates": [[-73.88311297808016, 40.79165737216136], [-73.88279467715303, 40.79143385312069]]}}, {"type": "Feature", "properties": {"segment_id": 1123346, "physicalid": "77913", "street_name": "UNNAMED ST", "borough": "bronx", "direction": "TW", "total_row_ft": 49.1, "roadbed_ft": 19.1, "median_ft": 0.0, "left_sw_ft": 15.0, "right_sw_ft": 15.0}, "geometry": {"type": "LineString", "coordinates": [[-73.88306396176978, 40.79169769118959], [-73.88274566081445, 40.791474172014944]]}}, {"type": "Feature", "properties": {"segment_id": 1123347, "physicalid": "77913", "street_name": "UNNAMED ST", "borough": "bronx", "direction": "TW", "total_row_ft": 56.2, "roadbed_ft": 26.2, "median_ft": 0.0, "left_sw_ft": 15.0, "right_sw_ft": 15.0}, "geometry": {"type": "LineString", "coordinates": [[-73.88301494540002, 40.7917380101967], [-73.88269664441648, 40.79151449088812]]}}, {"type": "Feature", "properties": {"segment_id": 1123348, "physicalid": "77913", "street_name": "UNNAMED ST", "borough": "bronx", "direction": "TW", "total_row_ft": 70.5, "roadbed_ft": 40.5, "median_ft": 0.0, "left_sw_ft": 15.0, "right_sw_ft": 15.0}, "geometry": {"type": "LineString", "coordinates": [[-73.88296592897089, 40.79177832918275], [-73.88264762795916, 40.791554809740205]]}}, {"type": "Feature", "properties": {"segment_id": 1123349, "physicalid": "77913", "street_name": "UNNAMED ST", "borough": "bronx", "direction": "TW", "total_row_ft": 114.9, "roadbed_ft": 84.9, "median_ft": 0.0, "left_sw_ft": 15.0, "right_sw_ft": 15.0}, "geometry": {"type": "LineString", "coordinates": [[-73.88300281334259, 40.7917279098135], [-73.88257050607601, 40.79170485282609]]}}, {"type": "Feature", "properties": {"segment_id": 1123350, "physicalid": "77913", "street_name": "UNNAMED ST", "borough": "bronx", "direction": "TW", "total_row_ft": 74.5, "roadbed_ft": 44.5, "median_ft": 0.0, "left_sw_ft": 15.0, "right_sw_ft": 15.0}, "geometry": {"type": "LineString", "coordinates": [[-73.88299775725251, 40.79178266976144], [-73.8825654496321, 40.79175961275526]]}}, {"type": "Feature", "properties": {"segment_id": 1123351, "physicalid": "77913", "street_name": "UNNAMED ST", "borough": "bronx", "direction": "TW", "total_row_ft": 120.0, "roadbed_ft": 90.0, "median_ft": 0.0, "left_sw_ft": 15.0, "right_sw_ft": 15.0}, "geometry": {"type": "LineString", "coordinates": [[-73.88299270115411, 40.79183742970862], [-73.88256039317986, 40.79181437268376]]}}, {"type": "Feature", "properties": {"segment_id": 1123352, "physicalid": "77913", "street_name": "UNNAMED ST", "borough": "bronx", "direction": "TW", "total_row_ft": 121.7, "roadbed_ft": 91.7, "median_ft": 0.0, "left_sw_ft": 15.0, "right_sw_ft": 15.0}, "geometry": {"type": "LineString", "coordinates": [[-73.88298764504738, 40.7918921896552], [-73.8825553367193, 40.791869132611495]]}}, {"type": "Feature", "properties": {"segment_id": 1123353, "physicalid": "77913", "street_name": "UNNAMED ST", "borough": "bronx", "direction": "TW", "total_row_ft": 121.4, "roadbed_ft": 91.4, "median_ft": 0.0, "left_sw_ft": 15.0, "right_sw_ft": 15.0}, "geometry": {"type": "LineString", "coordinates": [[-73.88298258893235, 40.79194694960105], [-73.88255028025043, 40.79192389253858]]}}, {"type": "Feature", "properties": {"segment_id": 1123407, "physicalid": "77917", "street_name": "MANDANICI RD", "borough": "bronx", "direction": "TW", "total_row_ft": 103.1, "roadbed_ft": 73.1, "median_ft": 0.0, "left_sw_ft": 15.0, "right_sw_ft": 15.0}, "geometry": {"type": "LineString", "coordinates": [[-73.88199756312576, 40.79507960737754], [-73.8820859564855, 40.79475716326229]]}}, {"type": "Feature", "properties": {"segment_id": 1123408, "physicalid": "77917", "street_name": "MANDANICI RD", "borough": "bronx", "direction": "TW", "total_row_ft": 67.9, "roadbed_ft": 37.9, "median_ft": 0.0, "left_sw_ft": 15.0, "right_sw_ft": 15.0}, "geometry": {"type": "LineString", "coordinates": [[-73.88192684942366, 40.79506841117266], [-73.88201524311104, 40.794745967111076]]}}, {"type": "Feature", "properties": {"segment_id": 1123409, "physicalid": "77917", "street_name": "MANDANICI RD", "borough": "bronx", "direction": "TW", "total_row_ft": 67.7, "roadbed_ft": 37.7, "median_ft": 0.0, "left_sw_ft": 15.0, "right_sw_ft": 15.0}, "geometry": {"type": "LineString", "coordinates": [[-73.88185613574534, 40.795057214924405], [-73.88194452976036, 40.79473477091647]]}}, {"type": "Feature", "properties": {"segment_id": 1123410, "physicalid": "77917", "street_name": "MANDANICI RD", "borough": "bronx", "direction": "TW", "total_row_ft": 67.6, "roadbed_ft": 37.6, "median_ft": 0.0, "left_sw_ft": 15.0, "right_sw_ft": 15.0}, "geometry": {"type": "LineString", "coordinates": [[-73.8817854220908, 40.79504601863271], [-73.88187381643347, 40.794723574678436]]}}, {"type": "Feature", "properties": {"segment_id": 1123411, "physicalid": "77917", "street_name": "MANDANICI RD", "borough": "bronx", "direction": "TW", "total_row_ft": 67.7, "roadbed_ft": 37.7, "median_ft": 0.0, "left_sw_ft": 15.0, "right_sw_ft": 15.0}, "geometry": {"type": "LineString", "coordinates": [[-73.88171470846005, 40.79503482229762], [-73.88180310313037, 40.79471237839702]]}}, {"type": "Feature", "properties": {"segment_id": 1123412, "physicalid": "77917", "street_name": "MANDANICI RD", "borough": "bronx", "direction": "TW", "total_row_ft": 67.8, "roadbed_ft": 37.8, "median_ft": 0.0, "left_sw_ft": 15.0, "right_sw_ft": 15.0}, "geometry": {"type": "LineString", "coordinates": [[-73.8816439948531, 40.79502362591915], [-73.88173238985104, 40.7947011820722]]}}, {"type": "Feature", "properties": {"segment_id": 1123413, "physicalid": "77917", "street_name": "MANDANICI RD", "borough": "bronx", "direction": "TW", "total_row_ft": 67.8, "roadbed_ft": 37.8, "median_ft": 0.0, "left_sw_ft": 15.0, "right_sw_ft": 15.0}, "geometry": {"type": "LineString", "coordinates": [[-73.88157328126992, 40.795012429497255], [-73.8816616765955, 40.794689985703975]]}}, {"type": "Feature", "properties": {"segment_id": 1123414, "physicalid": "77917", "street_name": "MANDANICI RD", "borough": "bronx", "direction": "TW", "total_row_ft": 67.9, "roadbed_ft": 37.9, "median_ft": 0.0, "left_sw_ft": 15.0, "right_sw_ft": 15.0}, "geometry": {"type": "LineString", "coordinates": [[-73.88150256771054, 40.79500123303196], [-73.88159096336375, 40.79467878929236]]}}, {"type": "Feature", "properties": {"segment_id": 1123415, "physicalid": "77917", "street_name": "MANDANICI RD", "borough": "bronx", "direction": "TW", "total_row_ft": 68.0, "roadbed_ft": 38.0, "median_ft": 0.0, "left_sw_ft": 15.0, "right_sw_ft": 15.0}, "geometry": {"type": "LineString", "coordinates": [[-73.88143185417495, 40.79499003652329], [-73.88152025015577, 40.79466759283732]]}}, {"type": "Feature", "properties": {"segment_id": 1123416, "physicalid": "77917", "street_name": "MANDANICI RD", "borough": "bronx", "direction": "TW", "total_row_ft": 68.1, "roadbed_ft": 38.1, "median_ft": 0.0, "left_sw_ft": 15.0, "right_sw_ft": 15.0}, "geometry": {"type": "LineString", "coordinates": [[-73.88136114066312, 40.794978839971186], [-73.88144953697162, 40.794656396338915]]}}, {"type": "Feature", "properties": {"segment_id": 1123417, "physicalid": "77917", "street_name": "MANDANICI RD", "borough": "bronx", "direction": "TW", "total_row_ft": 68.1, "roadbed_ft": 38.1, "median_ft": 0.0, "left_sw_ft": 15.0, "right_sw_ft": 15.0}, "geometry": {"type": "LineString", "coordinates": [[-73.88129042717509, 40.79496764337569], [-73.88137882381122, 40.79464519979708]]}}, {"type": "Feature", "properties": {"segment_id": 1123418, "physicalid": "77917", "street_name": "MANDANICI RD", "borough": "bronx", "direction": "TW", "total_row_ft": 68.2, "roadbed_ft": 38.2, "median_ft": 0.0, "left_sw_ft": 15.0, "right_sw_ft": 15.0}, "geometry": {"type": "LineString", "coordinates": [[-73.88121971371085, 40.794956446736805], [-73.88130811067461, 40.79463400321183]]}}, {"type": "Feature", "properties": {"segment_id": 1123419, "physicalid": "77917", "street_name": "MANDANICI RD", "borough": "bronx", "direction": "TW", "total_row_ft": 68.2, "roadbed_ft": 38.2, "median_ft": 0.0, "left_sw_ft": 15.0, "right_sw_ft": 15.0}, "geometry": {"type": "LineString", "coordinates": [[-73.88114900027038, 40.79494525005449], [-73.88123739756179, 40.79462280658319]]}}, {"type": "Feature", "properties": {"segment_id": 1123420, "physicalid": "77917", "street_name": "MANDANICI RD", "borough": "bronx", "direction": "TW", "total_row_ft": 68.2, "roadbed_ft": 38.2, "median_ft": 0.0, "left_sw_ft": 15.0, "right_sw_ft": 15.0}, "geometry": {"type": "LineString", "coordinates": [[-73.88107828685372, 40.79493405332878], [-73.88116668447275, 40.79461160991115]]}}, {"type": "Feature", "properties": {"segment_id": 1123421, "physicalid": "77917", "street_name": "MANDANICI RD", "borough": "bronx", "direction": "TW", "total_row_ft": 68.3, "roadbed_ft": 38.3, "median_ft": 0.0, "left_sw_ft": 15.0, "right_sw_ft": 15.0}, "geometry": {"type": "LineString", "coordinates": [[-73.88100757346085, 40.79492285655969], [-73.88109597140749, 40.794600413195724]]}}, {"type": "Feature", "properties": {"segment_id": 1123422, "physicalid": "77917", "street_name": "MANDANICI RD", "borough": "bronx", "direction": "TW", "total_row_ft": 68.3, "roadbed_ft": 38.3, "median_ft": 0.0, "left_sw_ft": 15.0, "right_sw_ft": 15.0}, "geometry": {"type": "LineString", "coordinates": [[-73.88093686009175, 40.79491165974718], [-73.88102525836602, 40.79458921643688]]}}, {"type": "Feature", "properties": {"segment_id": 1123423, "physicalid": "77917", "street_name": "MANDANICI RD", "borough": "bronx", "direction": "TW", "total_row_ft": 68.3, "roadbed_ft": 38.3, "median_ft": 0.0, "left_sw_ft": 15.0, "right_sw_ft": 15.0}, "geometry": {"type": "LineString", "coordinates": [[-73.88086614674644, 40.79490046289127], [-73.88095454534836, 40.79457801963465]]}}, {"type": "Feature", "properties": {"segment_id": 1123424, "physicalid": "77917", "street_name": "MANDANICI RD", "borough": "bronx", "direction": "TW", "total_row_ft": 68.4, "roadbed_ft": 38.4, "median_ft": 0.0, "left_sw_ft": 15.0, "right_sw_ft": 15.0}, "geometry": {"type": "LineString", "coordinates": [[-73.88079543342492, 40.79488926599197], [-73.88088383235447, 40.79456682278899]]}}, {"type": "Feature", "properties": {"segment_id": 1123425, "physicalid": "77917", "street_name": "MANDANICI RD", "borough": "bronx", "direction": "TW", "total_row_ft": 68.3, "roadbed_ft": 38.3, "median_ft": 0.0, "left_sw_ft": 15.0, "right_sw_ft": 15.0}, "geometry": {"type": "LineString", "coordinates": [[-73.88072472012718, 40.79487806904927], [-73.88081311938437, 40.79455562589994]]}}, {"type": "Feature", "properties": {"segment_id": 1123426, "physicalid": "77917", "street_name": "MANDANICI RD", "borough": "bronx", "direction": "TW", "total_row_ft": 68.3, "roadbed_ft": 38.3, "median_ft": 0.0, "left_sw_ft": 15.0, "right_sw_ft": 15.0}, "geometry": {"type": "LineString", "coordinates": [[-73.88065400685325, 40.79486687206315], [-73.88074240643805, 40.79454442896749]]}}, {"type": "Feature", "properties": {"segment_id": 1123427, "physicalid": "77917", "street_name": "MANDANICI RD", "borough": "bronx", "direction": "TW", "total_row_ft": 68.3, "roadbed_ft": 38.3, "median_ft": 0.0, "left_sw_ft": 15.0, "right_sw_ft": 15.0}, "geometry": {"type": "LineString", "coordinates": [[-73.88058329360307, 40.79485567503361], [-73.88067169351552, 40.79453323199166]]}}, {"type": "Feature", "properties": {"segment_id": 1123428, "physicalid": "77917", "street_name": "MANDANICI RD", "borough": "bronx", "direction": "TW", "total_row_ft": 68.3, "roadbed_ft": 38.3, "median_ft": 0.0, "left_sw_ft": 15.0, "right_sw_ft": 15.0}, "geometry": {"type": "LineString", "coordinates": [[-73.88051258037669, 40.7948444779607], [-73.88060098061679, 40.794522034972395]]}}, {"type": "Feature", "properties": {"segment_id": 1123429, "physicalid": "77917", "street_name": "MANDANICI RD", "borough": "bronx", "direction": "TW", "total_row_ft": 68.3, "roadbed_ft": 38.3, "median_ft": 0.0, "left_sw_ft": 15.0, "right_sw_ft": 15.0}, "geometry": {"type": "LineString", "coordinates": [[-73.88044186717413, 40.79483328084438], [-73.8805302677418, 40.79451083790974]]}}, {"type": "Feature", "properties": {"segment_id": 1123430, "physicalid": "77917", "street_name": "MANDANICI RD", "borough": "bronx", "direction": "TW", "total_row_ft": 68.3, "roadbed_ft": 38.3, "median_ft": 0.0, "left_sw_ft": 15.0, "right_sw_ft": 15.0}, "geometry": {"type": "LineString", "coordinates": [[-73.88037115399531, 40.79482208368466], [-73.88045955489066, 40.79449964080368]]}}, {"type": "Feature", "properties": {"segment_id": 1123431, "physicalid": "77917", "street_name": "MANDANICI RD", "borough": "bronx", "direction": "TW", "total_row_ft": 68.2, "roadbed_ft": 38.2, "median_ft": 0.0, "left_sw_ft": 15.0, "right_sw_ft": 15.0}, "geometry": {"type": "LineString", "coordinates": [[-73.8803004408403, 40.79481088648153], [-73.88038884206328, 40.79448844365424]]}}, {"type": "Feature", "properties": {"segment_id": 1123432, "physicalid": "77917", "street_name": "MANDANICI RD", "borough": "bronx", "direction": "TW", "total_row_ft": 68.3, "roadbed_ft": 38.3, "median_ft": 0.0, "left_sw_ft": 15.0, "right_sw_ft": 15.0}, "geometry": {"type": "LineString", "coordinates": [[-73.88022972770908, 40.794799689235006], [-73.88031812925968, 40.79447724646135]]}}, {"type": "Feature", "properties": {"segment_id": 1123433, "physicalid": "77917", "street_name": "MANDANICI RD", "borough": "bronx", "direction": "TW", "total_row_ft": 68.3, "roadbed_ft": 38.3, "median_ft": 0.0, "left_sw_ft": 15.0, "right_sw_ft": 15.0}, "geometry": {"type": "LineString", "coordinates": [[-73.88015901460163, 40.79478849194509], [-73.88024741647988, 40.79446604922509]]}}, {"type": "Feature", "properties": {"segment_id": 1123434, "physicalid": "77917", "street_name": "MANDANICI RD", "borough": "bronx", "direction": "TW", "total_row_ft": 68.3, "roadbed_ft": 38.3, "median_ft": 0.0, "left_sw_ft": 15.0, "right_sw_ft": 15.0}, "geometry": {"type": "LineString", "coordinates": [[-73.88008830151799, 40.79477729461176], [-73.88017670372386, 40.79445485194543]]}}, {"type": "Feature", "properties": {"segment_id": 1123435, "physicalid": "77917", "street_name": "MANDANICI RD", "borough": "bronx", "direction": "TW", "total_row_ft": 68.3, "roadbed_ft": 38.3, "median_ft": 0.0, "left_sw_ft": 15.0, "right_sw_ft": 15.0}, "geometry": {"type": "LineString", "coordinates": [[-73.88001758845813, 40.79476609723503], [-73.88010599099162, 40.794443654622384]]}}, {"type": "Feature", "properties": {"segment_id": 1123495, "physicalid": "77918", "street_name": "UNNAMED ST", "borough": "bronx", "direction": "TW", "total_row_ft": 108.0, "roadbed_ft": 78.0, "median_ft": 0.0, "left_sw_ft": 15.0, "right_sw_ft": 15.0}, "geometry": {"type": "LineString", "coordinates": [[-73.88187391992767, 40.794901508482816], [-73.88230533466545, 40.79487008960326]]}}, {"type": "Feature", "properties": {"segment_id": 1123496, "physicalid": "77918", "street_name": "UNNAMED ST", "borough": "bronx", "direction": "TW", "total_row_ft": 47.2, "roadbed_ft": 17.2, "median_ft": 0.0, "left_sw_ft": 15.0, "right_sw_ft": 15.0}, "geometry": {"type": "LineString", "coordinates": [[-73.88186702980029, 40.79484686421514], [-73.88229844418721, 40.79481544536115]]}}, {"type": "Feature", "properties": {"segment_id": 1123497, "physicalid": "77918", "street_name": "UNNAMED ST", "borough": "bronx", "direction": "TW", "total_row_ft": 86.8, "roadbed_ft": 56.8, "median_ft": 0.0, "left_sw_ft": 15.0, "right_sw_ft": 15.0}, "geometry": {"type": "LineString", "coordinates": [[-73.88186013968424, 40.79479221994662], [-73.88229155372028, 40.794760801118144]]}}, {"type": "Feature", "properties": {"segment_id": 1123498, "physicalid": "77919", "street_name": "UNNAMED ST", "borough": "bronx", "direction": "TW", "total_row_ft": 57.1, "roadbed_ft": 27.1, "median_ft": 0.0, "left_sw_ft": 15.0, "right_sw_ft": 15.0}, "geometry": {"type": "LineString", "coordinates": [[-73.88302713465224, 40.79481071162976], [-73.88280072321864, 40.7945298638063]]}}, {"type": "Feature", "properties": {"segment_id": 1123499, "physicalid": "77919", "street_name": "UNNAMED ST", "borough": "bronx", "direction": "TW", "total_row_ft": 48.8, "roadbed_ft": 18.8, "median_ft": 0.0, "left_sw_ft": 15.0, "right_sw_ft": 15.0}, "geometry": {"type": "LineString", "coordinates": [[-73.88296554349375, 40.794839389702375], [-73.8827391322225, 40.79455854175914]]}}, {"type": "Feature", "properties": {"segment_id": 1123500, "physicalid": "77919", "street_name": "UNNAMED ST", "borough": "bronx", "direction": "TW", "total_row_ft": 46.8, "roadbed_ft": 16.8, "median_ft": 0.0, "left_sw_ft": 15.0, "right_sw_ft": 15.0}, "geometry": {"type": "LineString", "coordinates": [[-73.88290395228226, 40.794868067741874], [-73.88267754117327, 40.794587219678945]]}}, {"type": "Feature", "properties": {"segment_id": 1123501, "physicalid": "77919", "street_name": "UNNAMED ST", "borough": "bronx", "direction": "TW", "total_row_ft": 46.1, "roadbed_ft": 16.1, "median_ft": 0.0, "left_sw_ft": 15.0, "right_sw_ft": 15.0}, "geometry": {"type": "LineString", "coordinates": [[-73.8828423610177, 40.79489674574833], [-73.88261595007098, 40.79461589756569]]}}, {"type": "Feature", "properties": {"segment_id": 1123502, "physicalid": "77919", "street_name": "UNNAMED ST", "borough": "bronx", "direction": "TW", "total_row_ft": 44.9, "roadbed_ft": 14.9, "median_ft": 0.0, "left_sw_ft": 15.0, "right_sw_ft": 15.0}, "geometry": {"type": "LineString", "coordinates": [[-73.88263548488735, 40.79493974351364], [-73.88269503793929, 40.79461350039744]]}}, {"type": "Feature", "properties": {"segment_id": 1123503, "physicalid": "77919", "street_name": "UNNAMED ST", "borough": "bronx", "direction": "TW", "total_row_ft": 43.2, "roadbed_ft": 13.2, "median_ft": 0.0, "left_sw_ft": 15.0, "right_sw_ft": 15.0}, "geometry": {"type": "LineString", "coordinates": [[-73.88256393818807, 40.79493220029664], [-73.88262349158386, 40.79460595721701]]}}, {"type": "Feature", "properties": {"segment_id": 1123504, "physicalid": "77919", "street_name": "UNNAMED ST", "borough": "bronx", "direction": "TW", "total_row_ft": 42.9, "roadbed_ft": 12.9, "median_ft": 0.0, "left_sw_ft": 15.0, "right_sw_ft": 15.0}, "geometry": {"type": "LineString", "coordinates": [[-73.88249239150498, 40.7949246570352], [-73.88255194524466, 40.794598413992155]]}}, {"type": "Feature", "properties": {"segment_id": 1123505, "physicalid": "77919", "street_name": "UNNAMED ST", "borough": "bronx", "direction": "TW", "total_row_ft": 45.2, "roadbed_ft": 15.2, "median_ft": 0.0, "left_sw_ft": 15.0, "right_sw_ft": 15.0}, "geometry": {"type": "LineString", "coordinates": [[-73.88242084483812, 40.79491711372937], [-73.88248039892166, 40.7945908707229]]}}, {"type": "Feature", "properties": {"segment_id": 1123506, "physicalid": "77919", "street_name": "UNNAMED ST", "borough": "bronx", "direction": "TW", "total_row_ft": 52.5, "roadbed_ft": 22.5, "median_ft": 0.0, "left_sw_ft": 15.0, "right_sw_ft": 15.0}, "geometry": {"type": "LineString", "coordinates": [[-73.88234929818746, 40.79490957037909], [-73.88240885261489, 40.7945833274092]]}}, {"type": "Feature", "properties": {"segment_id": 1123507, "physicalid": "77919", "street_name": "UNNAMED ST", "borough": "bronx", "direction": "TW", "total_row_ft": 63.7, "roadbed_ft": 33.7, "median_ft": 0.0, "left_sw_ft": 15.0, "right_sw_ft": 15.0}, "geometry": {"type": "LineString", "coordinates": [[-73.88227775155302, 40.79490202698441], [-73.88233730632433, 40.7945757840511]]}}, {"type": "Feature", "properties": {"segment_id": 1123508, "physicalid": "77919", "street_name": "UNNAMED ST", "borough": "bronx", "direction": "TW", "total_row_ft": 65.6, "roadbed_ft": 35.6, "median_ft": 0.0, "left_sw_ft": 15.0, "right_sw_ft": 15.0}, "geometry": {"type": "LineString", "coordinates": [[-73.8822062049348, 40.7948944835453], [-73.88226576004995, 40.79456824064857]]}}, {"type": "Feature", "properties": {"segment_id": 1123509, "physicalid": "77919", "street_name": "UNNAMED ST", "borough": "bronx", "direction": "TW", "total_row_ft": 76.6, "roadbed_ft": 46.6, "median_ft": 0.0, "left_sw_ft": 15.0, "right_sw_ft": 15.0}, "geometry": {"type": "LineString", "coordinates": [[-73.88213465833277, 40.79488694006178], [-73.88219421379183, 40.79456069720163]]}}, {"type": "Feature", "properties": {"segment_id": 1123510, "physicalid": "77920", "street_name": "UNNAMED ST", "borough": "bronx", "direction": "TW", "total_row_ft": 104.3, "roadbed_ft": 74.3, "median_ft": 0.0, "left_sw_ft": 15.0, "right_sw_ft": 15.0}, "geometry": {"type": "LineString", "coordinates": [[-73.88330389163224, 40.794725358307524], [-73.88314939209847, 40.794417630718335]]}}, {"type": "Feature", "properties": {"segment_id": 1123511, "physicalid": "77920", "street_name": "UNNAMED ST", "borough": "bronx", "direction": "TW", "total_row_ft": 63.1, "roadbed_ft": 33.1, "median_ft": 0.0, "left_sw_ft": 15.0, "right_sw_ft": 15.0}, "geometry": {"type": "LineString", "coordinates": [[-73.88323640568946, 40.794744927789374], [-73.88308190642222, 40.794437200110664]]}}, {"type": "Feature", "properties": {"segment_id": 1123512, "physicalid": "77920", "street_name": "UNNAMED ST", "borough": "bronx", "direction": "TW", "total_row_ft": 72.2, "roadbed_ft": 42.2, "median_ft": 0.0, "left_sw_ft": 15.0, "right_sw_ft": 15.0}, "geometry": {"type": "LineString", "coordinates": [[-73.88316891970703, 40.79476449723166], [-73.88301442070627, 40.794456769463444]]}}, {"type": "Feature", "properties": {"segment_id": 1123513, "physicalid": "77920", "street_name": "UNNAMED ST", "borough": "bronx", "direction": "TW", "total_row_ft": 79.0, "roadbed_ft": 49.0, "median_ft": 0.0, "left_sw_ft": 15.0, "right_sw_ft": 15.0}, "geometry": {"type": "LineString", "coordinates": [[-73.88310143368489, 40.79478406663438], [-73.8829469349507, 40.79447633877667]]}}, {"type": "Feature", "properties": {"segment_id": 1123514, "physicalid": "77921", "street_name": "UNNAMED ST", "borough": "bronx", "direction": "TW", "total_row_ft": 84.0, "roadbed_ft": 54.0, "median_ft": 0.0, "left_sw_ft": 15.0, "right_sw_ft": 15.0}, "geometry": {"type": "LineString", "coordinates": [[-73.8827593686834, 40.79457435748108], [-73.88318334007226, 40.794642648091994]]}}, {"type": "Feature", "properties": {"segment_id": 1123515, "physicalid": "77921", "street_name": "UNNAMED ST", "borough": "bronx", "direction": "TW", "total_row_ft": 64.8, "roadbed_ft": 34.8, "median_ft": 0.0, "left_sw_ft": 15.0, "right_sw_ft": 15.0}, "geometry": {"type": "LineString", "coordinates": [[-73.88277434522465, 40.79452065582304], [-73.88319831628688, 40.794588946379456]]}}, {"type": "Feature", "properties": {"segment_id": 1123516, "physicalid": "77921", "street_name": "UNNAMED ST", "borough": "bronx", "direction": "TW", "total_row_ft": 64.0, "roadbed_ft": 34.0, "median_ft": 0.0, "left_sw_ft": 15.0, "right_sw_ft": 15.0}, "geometry": {"type": "LineString", "coordinates": [[-73.88278932174175, 40.794466954162566], [-73.88321329247731, 40.79453524466454]]}}, {"type": "Feature", "properties": {"segment_id": 1123517, "physicalid": "77921", "street_name": "UNNAMED ST", "borough": "bronx", "direction": "TW", "total_row_ft": 90.8, "roadbed_ft": 60.8, "median_ft": 0.0, "left_sw_ft": 15.0, "right_sw_ft": 15.0}, "geometry": {"type": "LineString", "coordinates": [[-73.88280429823467, 40.794413252499766], [-73.88322826864362, 40.794481542947146]]}}, {"type": "Feature", "properties": {"segment_id": 1123518, "physicalid": "77921", "street_name": "UNNAMED ST", "borough": "bronx", "direction": "TW", "total_row_ft": 69.0, "roadbed_ft": 39.0, "median_ft": 0.0, "left_sw_ft": 15.0, "right_sw_ft": 15.0}, "geometry": {"type": "LineString", "coordinates": [[-73.88297574429204, 40.79426408739476], [-73.8831538401795, 40.794564359577706]]}}, {"type": "Feature", "properties": {"segment_id": 1123519, "physicalid": "77921", "street_name": "UNNAMED ST", "borough": "bronx", "direction": "TW", "total_row_ft": 125.1, "roadbed_ft": 95.1, "median_ft": 0.0, "left_sw_ft": 15.0, "right_sw_ft": 15.0}, "geometry": {"type": "LineString", "coordinates": [[-73.88328005496994, 40.7943164056044], [-73.88296169026444, 40.79453988341399]]}}, {"type": "Feature", "properties": {"segment_id": 1123520, "physicalid": "77921", "street_name": "UNNAMED ST", "borough": "bronx", "direction": "TW", "total_row_ft": 72.4, "roadbed_ft": 42.4, "median_ft": 0.0, "left_sw_ft": 15.0, "right_sw_ft": 15.0}, "geometry": {"type": "LineString", "coordinates": [[-73.88332906441097, 40.79435673081319], [-73.88301069967713, 40.79458020875672]]}}, {"type": "Feature", "properties": {"segment_id": 1123521, "physicalid": "77921", "street_name": "UNNAMED ST", "borough": "bronx", "direction": "TW", "total_row_ft": 89.3, "roadbed_ft": 59.3, "median_ft": 0.0, "left_sw_ft": 15.0, "right_sw_ft": 15.0}, "geometry": {"type": "LineString", "coordinates": [[-73.88337807391137, 40.794397056000875], [-73.8830597091492, 40.79462053407838]]}}, {"type": "Feature", "properties": {"segment_id": 1123522, "physicalid": "77922", "street_name": "UNNAMED ST", "borough": "bronx", "direction": "TW", "total_row_ft": 50.5, "roadbed_ft": 20.5, "median_ft": 0.0, "left_sw_ft": 15.0, "right_sw_ft": 15.0}, "geometry": {"type": "LineString", "coordinates": [[-73.88354599910791, 40.79465515753927], [-73.88339151233635, 40.79434742629332]]}}, {"type": "Feature", "properties": {"segment_id": 1123523, "physicalid": "77922", "street_name": "UNNAMED ST", "borough": "bronx", "direction": "TW", "total_row_ft": 48.8, "roadbed_ft": 18.8, "median_ft": 0.0, "left_sw_ft": 15.0, "right_sw_ft": 15.0}, "geometry": {"type": "LineString", "coordinates": [[-73.88347851243509, 40.794674725425466], [-73.8833240259301, 40.794366994090005]]}}, {"type": "Feature", "properties": {"segment_id": 1123524, "physicalid": "77922", "street_name": "UNNAMED ST", "borough": "bronx", "direction": "TW", "total_row_ft": 81.6, "roadbed_ft": 51.6, "median_ft": 0.0, "left_sw_ft": 15.0, "right_sw_ft": 15.0}, "geometry": {"type": "LineString", "coordinates": [[-73.88341102572261, 40.79469429327207], [-73.88325653948414, 40.79438656184713]]}}, {"type": "Feature", "properties": {"segment_id": 1123525, "physicalid": "77923", "street_name": "UNNAMED ST", "borough": "bronx", "direction": "TW", "total_row_ft": 49.6, "roadbed_ft": 19.6, "median_ft": 0.0, "left_sw_ft": 15.0, "right_sw_ft": 15.0}, "geometry": {"type": "LineString", "coordinates": [[-73.88330745034537, 40.79443297931553], [-73.88373957103202, 40.794458151297206]]}}, {"type": "Feature", "properties": {"segment_id": 1123526, "physicalid": "77923", "street_name": "UNNAMED ST", "borough": "bronx", "direction": "TW", "total_row_ft": 48.8, "roadbed_ft": 18.8, "median_ft": 0.0, "left_sw_ft": 15.0, "right_sw_ft": 15.0}, "geometry": {"type": "LineString", "coordinates": [[-73.88331297081486, 40.79437824528764], [-73.88374509114831, 40.79440341724892]]}}, {"type": "Feature", "properties": {"segment_id": 1123527, "physicalid": "77923", "street_name": "UNNAMED ST", "borough": "bronx", "direction": "TW", "total_row_ft": 48.8, "roadbed_ft": 18.8, "median_ft": 0.0, "left_sw_ft": 15.0, "right_sw_ft": 15.0}, "geometry": {"type": "LineString", "coordinates": [[-73.88331849127526, 40.79432351125904], [-73.88375061125552, 40.79434868319986]]}}, {"type": "Feature", "properties": {"segment_id": 1123528, "physicalid": "77923", "street_name": "UNNAMED ST", "borough": "bronx", "direction": "TW", "total_row_ft": 48.8, "roadbed_ft": 18.8, "median_ft": 0.0, "left_sw_ft": 15.0, "right_sw_ft": 15.0}, "geometry": {"type": "LineString", "coordinates": [[-73.88332401172657, 40.79426877722971], [-73.88375613135365, 40.79429394915003]]}}, {"type": "Feature", "properties": {"segment_id": 1123529, "physicalid": "77923", "street_name": "UNNAMED ST", "borough": "bronx", "direction": "TW", "total_row_ft": 48.8, "roadbed_ft": 18.8, "median_ft": 0.0, "left_sw_ft": 15.0, "right_sw_ft": 15.0}, "geometry": {"type": "LineString", "coordinates": [[-73.88332953216883, 40.79421404319968], [-73.88376165144273, 40.79423921509945]]}}, {"type": "Feature", "properties": {"segment_id": 1123530, "physicalid": "77923", "street_name": "UNNAMED ST", "borough": "bronx", "direction": "TW", "total_row_ft": 48.8, "roadbed_ft": 18.8, "median_ft": 0.0, "left_sw_ft": 15.0, "right_sw_ft": 15.0}, "geometry": {"type": "LineString", "coordinates": [[-73.88333505260199, 40.794159309168876], [-73.8837671715227, 40.79418448104817]]}}, {"type": "Feature", "properties": {"segment_id": 1123531, "physicalid": "77923", "street_name": "UNNAMED ST", "borough": "bronx", "direction": "TW", "total_row_ft": 48.8, "roadbed_ft": 18.8, "median_ft": 0.0, "left_sw_ft": 15.0, "right_sw_ft": 15.0}, "geometry": {"type": "LineString", "coordinates": [[-73.88334057302609, 40.79410457513731], [-73.8837726915936, 40.794129746996184]]}}, {"type": "Feature", "properties": {"segment_id": 1123532, "physicalid": "77923", "street_name": "UNNAMED ST", "borough": "bronx", "direction": "TW", "total_row_ft": 48.8, "roadbed_ft": 18.8, "median_ft": 0.0, "left_sw_ft": 15.0, "right_sw_ft": 15.0}, "geometry": {"type": "LineString", "coordinates": [[-73.8833460934411, 40.79404984110504], [-73.88377821165543, 40.79407501294346]]}}, {"type": "Feature", "properties": {"segment_id": 1123533, "physicalid": "77923", "street_name": "UNNAMED ST", "borough": "bronx", "direction": "TW", "total_row_ft": 48.8, "roadbed_ft": 18.8, "median_ft": 0.0, "left_sw_ft": 15.0, "right_sw_ft": 15.0}, "geometry": {"type": "LineString", "coordinates": [[-73.88335161384703, 40.79399510707204], [-73.88378373170818, 40.794020278889974]]}}, {"type": "Feature", "properties": {"segment_id": 1123534, "physicalid": "77923", "street_name": "UNNAMED ST", "borough": "bronx", "direction": "TW", "total_row_ft": 48.8, "roadbed_ft": 18.8, "median_ft": 0.0, "left_sw_ft": 15.0, "right_sw_ft": 15.0}, "geometry": {"type": "LineString", "coordinates": [[-73.88335713424388, 40.793940373038346], [-73.88378925175185, 40.7939655448357]]}}, {"type": "Feature", "properties": {"segment_id": 1123535, "physicalid": "77923", "street_name": "UNNAMED ST", "borough": "bronx", "direction": "TW", "total_row_ft": 48.8, "roadbed_ft": 18.8, "median_ft": 0.0, "left_sw_ft": 15.0, "right_sw_ft": 15.0}, "geometry": {"type": "LineString", "coordinates": [[-73.88336265463167, 40.793885639003854], [-73.88379477178646, 40.79391081078076]]}}, {"type": "Feature", "properties": {"segment_id": 1123536, "physicalid": "77923", "street_name": "UNNAMED ST", "borough": "bronx", "direction": "TW", "total_row_ft": 48.8, "roadbed_ft": 18.8, "median_ft": 0.0, "left_sw_ft": 15.0, "right_sw_ft": 15.0}, "geometry": {"type": "LineString", "coordinates": [[-73.88336817501039, 40.793830904968615], [-73.88380029181197, 40.79385607672511]]}}, {"type": "Feature", "properties": {"segment_id": 1123537, "physicalid": "77923", "street_name": "UNNAMED ST", "borough": "bronx", "direction": "TW", "total_row_ft": 48.8, "roadbed_ft": 18.8, "median_ft": 0.0, "left_sw_ft": 15.0, "right_sw_ft": 15.0}, "geometry": {"type": "LineString", "coordinates": [[-73.88337369538002, 40.793776170932695], [-73.88380581182841, 40.7938013426687]]}}, {"type": "Feature", "properties": {"segment_id": 1123538, "physicalid": "77923", "street_name": "UNNAMED ST", "borough": "bronx", "direction": "TW", "total_row_ft": 48.8, "roadbed_ft": 18.8, "median_ft": 0.0, "left_sw_ft": 15.0, "right_sw_ft": 15.0}, "geometry": {"type": "LineString", "coordinates": [[-73.88337921574056, 40.79372143689601], [-73.88381133183579, 40.79374660861154]]}}, {"type": "Feature", "properties": {"segment_id": 1123539, "physicalid": "77923", "street_name": "UNNAMED ST", "borough": "bronx", "direction": "TW", "total_row_ft": 48.8, "roadbed_ft": 18.8, "median_ft": 0.0, "left_sw_ft": 15.0, "right_sw_ft": 15.0}, "geometry": {"type": "LineString", "coordinates": [[-73.88338473609204, 40.79366670285864], [-73.88381685183408, 40.79369187455362]]}}, {"type": "Feature", "properties": {"segment_id": 1123540, "physicalid": "77923", "street_name": "UNNAMED ST", "borough": "bronx", "direction": "TW", "total_row_ft": 48.8, "roadbed_ft": 18.8, "median_ft": 0.0, "left_sw_ft": 15.0, "right_sw_ft": 15.0}, "geometry": {"type": "LineString", "coordinates": [[-73.88339025643442, 40.79361196882048], [-73.88382237182329, 40.79363714049499]]}}, {"type": "Feature", "properties": {"segment_id": 1123541, "physicalid": "77923", "street_name": "UNNAMED ST", "borough": "bronx", "direction": "TW", "total_row_ft": 48.8, "roadbed_ft": 18.8, "median_ft": 0.0, "left_sw_ft": 15.0, "right_sw_ft": 15.0}, "geometry": {"type": "LineString", "coordinates": [[-73.88339577676774, 40.79355723478162], [-73.88382789180342, 40.793582406435654]]}}, {"type": "Feature", "properties": {"segment_id": 1123542, "physicalid": "77923", "street_name": "UNNAMED ST", "borough": "bronx", "direction": "TW", "total_row_ft": 48.8, "roadbed_ft": 18.8, "median_ft": 0.0, "left_sw_ft": 15.0, "right_sw_ft": 15.0}, "geometry": {"type": "LineString", "coordinates": [[-73.88340129709199, 40.79350250074198], [-73.88383341177448, 40.79352767237559]]}}, {"type": "Feature", "properties": {"segment_id": 1123543, "physicalid": "77923", "street_name": "UNNAMED ST", "borough": "bronx", "direction": "TW", "total_row_ft": 48.8, "roadbed_ft": 18.8, "median_ft": 0.0, "left_sw_ft": 15.0, "right_sw_ft": 15.0}, "geometry": {"type": "LineString", "coordinates": [[-73.88340681740715, 40.793447766701625], [-73.88383893173646, 40.79347293831477]]}}, {"type": "Feature", "properties": {"segment_id": 1123544, "physicalid": "77923", "street_name": "UNNAMED ST", "borough": "bronx", "direction": "TW", "total_row_ft": 48.8, "roadbed_ft": 18.8, "median_ft": 0.0, "left_sw_ft": 15.0, "right_sw_ft": 15.0}, "geometry": {"type": "LineString", "coordinates": [[-73.88341233771324, 40.793393032660546], [-73.88384445168937, 40.793418204253214]]}}, {"type": "Feature", "properties": {"segment_id": 1123545, "physicalid": "77923", "street_name": "UNNAMED ST", "borough": "bronx", "direction": "TW", "total_row_ft": 48.8, "roadbed_ft": 18.8, "median_ft": 0.0, "left_sw_ft": 15.0, "right_sw_ft": 15.0}, "geometry": {"type": "LineString", "coordinates": [[-73.88341785801025, 40.79333829861879], [-73.88384997163321, 40.793363470190876]]}}, {"type": "Feature", "properties": {"segment_id": 1123546, "physicalid": "77923", "street_name": "UNNAMED ST", "borough": "bronx", "direction": "TW", "total_row_ft": 48.8, "roadbed_ft": 18.8, "median_ft": 0.0, "left_sw_ft": 15.0, "right_sw_ft": 15.0}, "geometry": {"type": "LineString", "coordinates": [[-73.88342337829819, 40.793283564576235], [-73.88385549156796, 40.79330873612786]]}}, {"type": "Feature", "properties": {"segment_id": 1123547, "physicalid": "77923", "street_name": "UNNAMED ST", "borough": "bronx", "direction": "TW", "total_row_ft": 48.8, "roadbed_ft": 18.8, "median_ft": 0.0, "left_sw_ft": 15.0, "right_sw_ft": 15.0}, "geometry": {"type": "LineString", "coordinates": [[-73.88342889857704, 40.793228830532925], [-73.88386101149364, 40.79325400206416]]}}, {"type": "Feature", "properties": {"segment_id": 1123548, "physicalid": "77923", "street_name": "UNNAMED ST", "borough": "bronx", "direction": "TW", "total_row_ft": 48.8, "roadbed_ft": 18.8, "median_ft": 0.0, "left_sw_ft": 15.0, "right_sw_ft": 15.0}, "geometry": {"type": "LineString", "coordinates": [[-73.88343441884683, 40.79317409648891], [-73.88386653141023, 40.793199267999654]]}}, {"type": "Feature", "properties": {"segment_id": 1123549, "physicalid": "77923", "street_name": "UNNAMED ST", "borough": "bronx", "direction": "TW", "total_row_ft": 48.8, "roadbed_ft": 18.8, "median_ft": 0.0, "left_sw_ft": 15.0, "right_sw_ft": 15.0}, "geometry": {"type": "LineString", "coordinates": [[-73.88343993910752, 40.793119362444166], [-73.88387205131775, 40.793144533934424]]}}, {"type": "Feature", "properties": {"segment_id": 1123550, "physicalid": "77924", "street_name": "UNNAMED ST", "borough": "bronx", "direction": "TW", "total_row_ft": 67.5, "roadbed_ft": 37.5, "median_ft": 0.0, "left_sw_ft": 15.0, "right_sw_ft": 15.0}, "geometry": {"type": "LineString", "coordinates": [[-73.88342742330288, 40.79480321491874], [-73.8838394136233, 40.79470099547836]]}}, {"type": "Feature", "properties": {"segment_id": 1123551, "physicalid": "77924", "street_name": "UNNAMED ST", "borough": "bronx", "direction": "TW", "total_row_ft": 42.7, "roadbed_ft": 12.7, "median_ft": 0.0, "left_sw_ft": 15.0, "right_sw_ft": 15.0}, "geometry": {"type": "LineString", "coordinates": [[-73.88340500630484, 40.79475103086995], [-73.88381699633675, 40.79464881150885]]}}, {"type": "Feature", "properties": {"segment_id": 1123552, "physicalid": "77924", "street_name": "UNNAMED ST", "borough": "bronx", "direction": "TW", "total_row_ft": 42.9, "roadbed_ft": 12.9, "median_ft": 0.0, "left_sw_ft": 15.0, "right_sw_ft": 15.0}, "geometry": {"type": "LineString", "coordinates": [[-73.88338258934195, 40.79469884681637], [-73.88379457908533, 40.79459662753458]]}}, {"type": "Feature", "properties": {"segment_id": 1123553, "physicalid": "77924", "street_name": "UNNAMED ST", "borough": "bronx", "direction": "TW", "total_row_ft": 43.1, "roadbed_ft": 13.1, "median_ft": 0.0, "left_sw_ft": 15.0, "right_sw_ft": 15.0}, "geometry": {"type": "LineString", "coordinates": [[-73.8833601724142, 40.794646662758005], [-73.88377216186905, 40.79454444355551]]}}, {"type": "Feature", "properties": {"segment_id": 1123554, "physicalid": "77924", "street_name": "UNNAMED ST", "borough": "bronx", "direction": "TW", "total_row_ft": 43.3, "roadbed_ft": 13.3, "median_ft": 0.0, "left_sw_ft": 15.0, "right_sw_ft": 15.0}, "geometry": {"type": "LineString", "coordinates": [[-73.8833377555216, 40.794594478694876], [-73.88374974468792, 40.79449225957165]]}}, {"type": "Feature", "properties": {"segment_id": 1123555, "physicalid": "77925", "street_name": "MANDANICI RD", "borough": "bronx", "direction": "TW", "total_row_ft": 53.1, "roadbed_ft": 23.1, "median_ft": 0.0, "left_sw_ft": 15.0, "right_sw_ft": 15.0}, "geometry": {"type": "LineString", "coordinates": [[-73.88364853246463, 40.794957035506265], [-73.8835450968132, 40.794637186172444]]}}, {"type": "Feature", "properties": {"segment_id": 1123556, "physicalid": "77926", "street_name": "UNNAMED ST", "borough": "bronx", "direction": "TW", "total_row_ft": 86.1, "roadbed_ft": 56.1, "median_ft": 0.0, "left_sw_ft": 15.0, "right_sw_ft": 15.0}, "geometry": {"type": "LineString", "coordinates": [[-73.88374359257605, 40.79477347235366], [-73.88335609490132, 40.794920980855345]]}}, {"type": "Feature", "properties": {"segment_id": 1123557, "physicalid": "77926", "street_name": "UNNAMED ST", "borough": "bronx", "direction": "TW", "total_row_ft": 31.5, "roadbed_ft": 1.5, "median_ft": 0.0, "left_sw_ft": 15.0, "right_sw_ft": 15.0}, "geometry": {"type": "LineString", "coordinates": [[-73.88377594199807, 40.794822553914436], [-73.88338844410931, 40.79497006252375]]}}, {"type": "Feature", "properties": {"segment_id": 1123558, "physicalid": "77926", "street_name": "UNNAMED ST", "borough": "bronx", "direction": "TW", "total_row_ft": 30.0, "roadbed_ft": 0.0, "median_ft": 0.0, "left_sw_ft": 15.0, "right_sw_ft": 15.0}, "geometry": {"type": "LineString", "coordinates": [[-73.8838082914678, 40.794871635465775], [-73.88342079336503, 40.795019144182696]]}}, {"type": "Feature", "properties": {"segment_id": 1123559, "physicalid": "77926", "street_name": "UNNAMED ST", "borough": "bronx", "direction": "TW", "total_row_ft": 30.0, "roadbed_ft": 0.0, "median_ft": 0.0, "left_sw_ft": 15.0, "right_sw_ft": 15.0}, "geometry": {"type": "LineString", "coordinates": [[-73.88384064098523, 40.794920717007656], [-73.88345314266844, 40.79506822583222]]}}, {"type": "Feature", "properties": {"segment_id": 1123560, "physicalid": "77926", "street_name": "UNNAMED ST", "borough": "bronx", "direction": "TW", "total_row_ft": 30.0, "roadbed_ft": 0.0, "median_ft": 0.0, "left_sw_ft": 15.0, "right_sw_ft": 15.0}, "geometry": {"type": "LineString", "coordinates": [[-73.88387299055034, 40.79496979854009], [-73.88348549201957, 40.79511730747224]]}}, {"type": "Feature", "properties": {"segment_id": 1123561, "physicalid": "77926", "street_name": "UNNAMED ST", "borough": "bronx", "direction": "TW", "total_row_ft": 30.0, "roadbed_ft": 0.0, "median_ft": 0.0, "left_sw_ft": 15.0, "right_sw_ft": 15.0}, "geometry": {"type": "LineString", "coordinates": [[-73.88390534016318, 40.795018880063054], [-73.88351784141838, 40.795166389102825]]}}, {"type": "Feature", "properties": {"segment_id": 1123562, "physicalid": "77926", "street_name": "UNNAMED ST", "borough": "bronx", "direction": "TW", "total_row_ft": 30.0, "roadbed_ft": 0.0, "median_ft": 0.0, "left_sw_ft": 15.0, "right_sw_ft": 15.0}, "geometry": {"type": "LineString", "coordinates": [[-73.88393768982371, 40.795067961576535], [-73.8835501908649, 40.795215470723946]]}}, {"type": "Feature", "properties": {"segment_id": 1123563, "physicalid": "77926", "street_name": "UNNAMED ST", "borough": "bronx", "direction": "TW", "total_row_ft": 30.0, "roadbed_ft": 0.0, "median_ft": 0.0, "left_sw_ft": 15.0, "right_sw_ft": 15.0}, "geometry": {"type": "LineString", "coordinates": [[-73.88392974609859, 40.79506572184973], [-73.88363634611588, 40.795308135689]]}}, {"type": "Feature", "properties": {"segment_id": 1123564, "physicalid": "77926", "street_name": "UNNAMED ST", "borough": "bronx", "direction": "TW", "total_row_ft": 30.0, "roadbed_ft": 0.0, "median_ft": 0.0, "left_sw_ft": 15.0, "right_sw_ft": 15.0}, "geometry": {"type": "LineString", "coordinates": [[-73.88398290885459, 40.795102884501816], [-73.88368950890168, 40.79534529847501]]}}, {"type": "Feature", "properties": {"segment_id": 1123565, "physicalid": "77926", "street_name": "UNNAMED ST", "borough": "bronx", "direction": "TW", "total_row_ft": 30.0, "roadbed_ft": 0.0, "median_ft": 0.0, "left_sw_ft": 15.0, "right_sw_ft": 15.0}, "geometry": {"type": "LineString", "coordinates": [[-73.88403607166995, 40.79514004712917], [-73.88374267174683, 40.795382461236265]]}}, {"type": "Feature", "properties": {"segment_id": 1123566, "physicalid": "77926", "street_name": "UNNAMED ST", "borough": "bronx", "direction": "TW", "total_row_ft": 30.0, "roadbed_ft": 0.0, "median_ft": 0.0, "left_sw_ft": 15.0, "right_sw_ft": 15.0}, "geometry": {"type": "LineString", "coordinates": [[-73.88408923454466, 40.79517720973179], [-73.88379583465135, 40.79541962397282]]}}, {"type": "Feature", "properties": {"segment_id": 1123567, "physicalid": "77926", "street_name": "UNNAMED ST", "borough": "bronx", "direction": "TW", "total_row_ft": 30.0, "roadbed_ft": 0.0, "median_ft": 0.0, "left_sw_ft": 15.0, "right_sw_ft": 15.0}, "geometry": {"type": "LineString", "coordinates": [[-73.88414239747873, 40.79521437230967], [-73.88384899761523, 40.7954567866846]]}}, {"type": "Feature", "properties": {"segment_id": 1123568, "physicalid": "77926", "street_name": "UNNAMED ST", "borough": "bronx", "direction": "TW", "total_row_ft": 39.8, "roadbed_ft": 9.8, "median_ft": 0.0, "left_sw_ft": 15.0, "right_sw_ft": 15.0}, "geometry": {"type": "LineString", "coordinates": [[-73.88419556047218, 40.79525153486284], [-73.88390216063844, 40.79549394937164]]}}, {"type": "Feature", "properties": {"segment_id": 1123569, "physicalid": "77926", "street_name": "UNNAMED ST", "borough": "bronx", "direction": "TW", "total_row_ft": 30.0, "roadbed_ft": 0.0, "median_ft": 0.0, "left_sw_ft": 15.0, "right_sw_ft": 15.0}, "geometry": {"type": "LineString", "coordinates": [[-73.88404354829915, 40.79520831360769], [-73.88418565056061, 40.7955194731866]]}}, {"type": "Feature", "properties": {"segment_id": 1123570, "physicalid": "77926", "street_name": "UNNAMED ST", "borough": "bronx", "direction": "TW", "total_row_ft": 30.0, "roadbed_ft": 0.0, "median_ft": 0.0, "left_sw_ft": 15.0, "right_sw_ft": 15.0}, "geometry": {"type": "LineString", "coordinates": [[-73.88411178739878, 40.795190314671004], [-73.88425388994078, 40.79550147416667]]}}, {"type": "Feature", "properties": {"segment_id": 1123571, "physicalid": "77927", "street_name": "MANDANICI RD", "borough": "bronx", "direction": "TW", "total_row_ft": 53.8, "roadbed_ft": 23.8, "median_ft": 0.0, "left_sw_ft": 15.0, "right_sw_ft": 15.0}, "geometry": {"type": "LineString", "coordinates": [[-73.88352467074914, 40.79498016626137], [-73.88342127449324, 40.79466030956523]]}}, {"type": "Feature", "properties": {"segment_id": 1123572, "physicalid": "77927", "street_name": "MANDANICI RD", "borough": "bronx", "direction": "TW", "total_row_ft": 53.7, "roadbed_ft": 23.7, "median_ft": 0.0, "left_sw_ft": 15.0, "right_sw_ft": 15.0}, "geometry": {"type": "LineString", "coordinates": [[-73.88347910197903, 40.794990176137944], [-73.88332850664193, 40.79468133258589]]}}, {"type": "Feature", "properties": {"segment_id": 1123573, "physicalid": "77927", "street_name": "MANDANICI RD", "borough": "bronx", "direction": "TW", "total_row_ft": 53.9, "roadbed_ft": 23.9, "median_ft": 0.0, "left_sw_ft": 15.0, "right_sw_ft": 15.0}, "geometry": {"type": "LineString", "coordinates": [[-73.88341137102799, 40.79500925102282], [-73.88326077596196, 40.79470040738321]]}}, {"type": "Feature", "properties": {"segment_id": 1123574, "physicalid": "77927", "street_name": "MANDANICI RD", "borough": "bronx", "direction": "TW", "total_row_ft": 54.0, "roadbed_ft": 24.0, "median_ft": 0.0, "left_sw_ft": 15.0, "right_sw_ft": 15.0}, "geometry": {"type": "LineString", "coordinates": [[-73.88334364003815, 40.79502832586787], [-73.88319304524316, 40.794719482140664]]}}, {"type": "Feature", "properties": {"segment_id": 1123575, "physicalid": "77927", "street_name": "MANDANICI RD", "borough": "bronx", "direction": "TW", "total_row_ft": 53.5, "roadbed_ft": 23.5, "median_ft": 0.0, "left_sw_ft": 15.0, "right_sw_ft": 15.0}, "geometry": {"type": "LineString", "coordinates": [[-73.88327590900948, 40.79504740067303], [-73.88312531448558, 40.79473855685828]]}}, {"type": "Feature", "properties": {"segment_id": 1123576, "physicalid": "77927", "street_name": "MANDANICI RD", "borough": "bronx", "direction": "TW", "total_row_ft": 52.6, "roadbed_ft": 22.6, "median_ft": 0.0, "left_sw_ft": 15.0, "right_sw_ft": 15.0}, "geometry": {"type": "LineString", "coordinates": [[-73.883208177942, 40.79506647543834], [-73.88305758368917, 40.79475763153604]]}}, {"type": "Feature", "properties": {"segment_id": 1123577, "physicalid": "77927", "street_name": "MANDANICI RD", "borough": "bronx", "direction": "TW", "total_row_ft": 52.6, "roadbed_ft": 22.6, "median_ft": 0.0, "left_sw_ft": 15.0, "right_sw_ft": 15.0}, "geometry": {"type": "LineString", "coordinates": [[-73.88311709667398, 40.79509011012784], [-73.88301252412145, 40.79477047434848]]}}, {"type": "Feature", "properties": {"segment_id": 1123578, "physicalid": "77927", "street_name": "MANDANICI RD", "borough": "bronx", "direction": "TW", "total_row_ft": 53.4, "roadbed_ft": 23.4, "median_ft": 0.0, "left_sw_ft": 15.0, "right_sw_ft": 15.0}, "geometry": {"type": "LineString", "coordinates": [[-73.88304699882093, 40.795103355594854], [-73.88294242658414, 40.79478371975258]]}}, {"type": "Feature", "properties": {"segment_id": 1123579, "physicalid": "77927", "street_name": "MANDANICI RD", "borough": "bronx", "direction": "TW", "total_row_ft": 54.0, "roadbed_ft": 24.0, "median_ft": 0.0, "left_sw_ft": 15.0, "right_sw_ft": 15.0}, "geometry": {"type": "LineString", "coordinates": [[-73.88297690093997, 40.79511660101923], [-73.88287232901895, 40.79479696511401]]}}, {"type": "Feature", "properties": {"segment_id": 1123580, "physicalid": "77927", "street_name": "MANDANICI RD", "borough": "bronx", "direction": "TW", "total_row_ft": 54.1, "roadbed_ft": 24.1, "median_ft": 0.0, "left_sw_ft": 15.0, "right_sw_ft": 15.0}, "geometry": {"type": "LineString", "coordinates": [[-73.88290679203892, 40.79512984631331], [-73.88280224108435, 40.794810206443515]]}}, {"type": "Feature", "properties": {"segment_id": 1123581, "physicalid": "77927", "street_name": "MANDANICI RD", "borough": "bronx", "direction": "TW", "total_row_ft": 54.0, "roadbed_ft": 24.0, "median_ft": 0.0, "left_sw_ft": 15.0, "right_sw_ft": 15.0}, "geometry": {"type": "LineString", "coordinates": [[-73.88279766295975, 40.795144792747635], [-73.88277002079687, 40.794816095872434]]}}, {"type": "Feature", "properties": {"segment_id": 1123582, "physicalid": "77927", "street_name": "MANDANICI RD", "borough": "bronx", "direction": "TW", "total_row_ft": 53.9, "roadbed_ft": 23.9, "median_ft": 0.0, "left_sw_ft": 15.0, "right_sw_ft": 15.0}, "geometry": {"type": "LineString", "coordinates": [[-73.88272557790022, 40.79514829396593], [-73.88269793609182, 40.79481959707365]]}}, {"type": "Feature", "properties": {"segment_id": 1123583, "physicalid": "77927", "street_name": "MANDANICI RD", "borough": "bronx", "direction": "TW", "total_row_ft": 53.5, "roadbed_ft": 23.5, "median_ft": 0.0, "left_sw_ft": 15.0, "right_sw_ft": 15.0}, "geometry": {"type": "LineString", "coordinates": [[-73.88265352987116, 40.795151801901966], [-73.8826258157777, 40.7948231085253]]}}, {"type": "Feature", "properties": {"segment_id": 1123584, "physicalid": "77927", "street_name": "MANDANICI RD", "borough": "bronx", "direction": "TW", "total_row_ft": 53.3, "roadbed_ft": 23.3, "median_ft": 0.0, "left_sw_ft": 15.0, "right_sw_ft": 15.0}, "geometry": {"type": "LineString", "coordinates": [[-73.8825562871899, 40.79514986485328], [-73.88257880214802, 40.79482094211854]]}}, {"type": "Feature", "properties": {"segment_id": 1123585, "physicalid": "77927", "street_name": "MANDANICI RD", "borough": "bronx", "direction": "TW", "total_row_ft": 53.3, "roadbed_ft": 23.3, "median_ft": 0.0, "left_sw_ft": 15.0, "right_sw_ft": 15.0}, "geometry": {"type": "LineString", "coordinates": [[-73.8824841525992, 40.7951470130175], [-73.88250666791276, 40.79481809029671]]}}, {"type": "Feature", "properties": {"segment_id": 1123586, "physicalid": "77927", "street_name": "MANDANICI RD", "borough": "bronx", "direction": "TW", "total_row_ft": 53.2, "roadbed_ft": 23.2, "median_ft": 0.0, "left_sw_ft": 15.0, "right_sw_ft": 15.0}, "geometry": {"type": "LineString", "coordinates": [[-73.8823794433172, 40.7951398526267], [-73.8824674806809, 40.79481735225508]]}}, {"type": "Feature", "properties": {"segment_id": 1123587, "physicalid": "77927", "street_name": "MANDANICI RD", "borough": "bronx", "direction": "TW", "total_row_ft": 53.4, "roadbed_ft": 23.4, "median_ft": 0.0, "left_sw_ft": 15.0, "right_sw_ft": 15.0}, "geometry": {"type": "LineString", "coordinates": [[-73.882308717213, 40.79512870152357], [-73.88239675490459, 40.794806201205425]]}}, {"type": "Feature", "properties": {"segment_id": 1123588, "physicalid": "77927", "street_name": "MANDANICI RD", "borough": "bronx", "direction": "TW", "total_row_ft": 53.5, "roadbed_ft": 23.5, "median_ft": 0.0, "left_sw_ft": 15.0, "right_sw_ft": 15.0}, "geometry": {"type": "LineString", "coordinates": [[-73.8822379911325, 40.79511755037706], [-73.88232602915195, 40.79479505011235]]}}, {"type": "Feature", "properties": {"segment_id": 1123589, "physicalid": "77927", "street_name": "MANDANICI RD", "borough": "bronx", "direction": "TW", "total_row_ft": 53.5, "roadbed_ft": 23.5, "median_ft": 0.0, "left_sw_ft": 15.0, "right_sw_ft": 15.0}, "geometry": {"type": "LineString", "coordinates": [[-73.88216726507568, 40.79510639918713], [-73.88225530342302, 40.79478389897588]]}}, {"type": "Feature", "properties": {"segment_id": 1123590, "physicalid": "77928", "street_name": "EXECUTIVE RD", "borough": "bronx", "direction": "FT", "total_row_ft": 120.9, "roadbed_ft": 90.9, "median_ft": 0.0, "left_sw_ft": 15.0, "right_sw_ft": 15.0}, "geometry": {"type": "LineString", "coordinates": [[-73.8844339643166, 40.79503204482818], [-73.88401079657034, 40.795103166145864]]}}, {"type": "Feature", "properties": {"segment_id": 1123591, "physicalid": "77928", "street_name": "EXECUTIVE RD", "borough": "bronx", "direction": "FT", "total_row_ft": 77.2, "roadbed_ft": 59.7, "median_ft": 0.0, "left_sw_ft": 2.5, "right_sw_ft": 15.0}, "geometry": {"type": "LineString", "coordinates": [[-73.88434848782835, 40.795102631854846], [-73.88402639370432, 40.79515676569135]]}}, {"type": "Feature", "properties": {"segment_id": 1123592, "physicalid": "77928", "street_name": "EXECUTIVE RD", "borough": "bronx", "direction": "FT", "total_row_ft": 81.3, "roadbed_ft": 58.1, "median_ft": 0.0, "left_sw_ft": 8.2, "right_sw_ft": 15.0}, "geometry": {"type": "LineString", "coordinates": [[-73.88437975346366, 40.79515359799542], [-73.88404199086341, 40.795210365234276]]}}, {"type": "Feature", "properties": {"segment_id": 1123593, "physicalid": "77928", "street_name": "EXECUTIVE RD", "borough": "bronx", "direction": "FT", "total_row_ft": 85.0, "roadbed_ft": 57.2, "median_ft": 0.0, "left_sw_ft": 12.7, "right_sw_ft": 15.0}, "geometry": {"type": "LineString", "coordinates": [[-73.88440972891325, 40.79520478097697], [-73.88405758804763, 40.79526396477463]]}}, {"type": "Feature", "properties": {"segment_id": 1123594, "physicalid": "77929", "street_name": "UNNAMED ST", "borough": "bronx", "direction": "TW", "total_row_ft": 66.4, "roadbed_ft": 36.4, "median_ft": 0.0, "left_sw_ft": 15.0, "right_sw_ft": 15.0}, "geometry": {"type": "LineString", "coordinates": [[-73.88610701280325, 40.79627882535866], [-73.88610856864084, 40.79594946004533]]}}, {"type": "Feature", "properties": {"segment_id": 1123595, "physicalid": "77929", "street_name": "UNNAMED ST", "borough": "bronx", "direction": "TW", "total_row_ft": 65.1, "roadbed_ft": 35.1, "median_ft": 0.0, "left_sw_ft": 15.0, "right_sw_ft": 15.0}, "geometry": {"type": "LineString", "coordinates": [[-73.88603477991145, 40.79627862827227], [-73.88603633610641, 40.79594926295989]]}}, {"type": "Feature", "properties": {"segment_id": 1123596, "physicalid": "77929", "street_name": "UNNAMED ST", "borough": "bronx", "direction": "TW", "total_row_ft": 62.9, "roadbed_ft": 32.9, "median_ft": 0.0, "left_sw_ft": 15.0, "right_sw_ft": 15.0}, "geometry": {"type": "LineString", "coordinates": [[-73.88596254702007, 40.796278431140614], [-73.8859641035724, 40.79594906582923]]}}, {"type": "Feature", "properties": {"segment_id": 1123597, "physicalid": "77929", "street_name": "UNNAMED ST", "borough": "bronx", "direction": "TW", "total_row_ft": 60.6, "roadbed_ft": 30.6, "median_ft": 0.0, "left_sw_ft": 15.0, "right_sw_ft": 15.0}, "geometry": {"type": "LineString", "coordinates": [[-73.88589031412911, 40.79627823396371], [-73.88589187103882, 40.79594886865326]]}}, {"type": "Feature", "properties": {"segment_id": 1123598, "physicalid": "77929", "street_name": "UNNAMED ST", "borough": "bronx", "direction": "TW", "total_row_ft": 58.4, "roadbed_ft": 28.4, "median_ft": 0.0, "left_sw_ft": 15.0, "right_sw_ft": 15.0}, "geometry": {"type": "LineString", "coordinates": [[-73.8858180812386, 40.79627803674151], [-73.88581963850568, 40.79594867143203]]}}, {"type": "Feature", "properties": {"segment_id": 1123599, "physicalid": "77929", "street_name": "UNNAMED ST", "borough": "bronx", "direction": "TW", "total_row_ft": 56.1, "roadbed_ft": 26.1, "median_ft": 0.0, "left_sw_ft": 15.0, "right_sw_ft": 15.0}, "geometry": {"type": "LineString", "coordinates": [[-73.8857458483485, 40.796277839474065], [-73.88574740597296, 40.795948474165556]]}}, {"type": "Feature", "properties": {"segment_id": 1123600, "physicalid": "77929", "street_name": "UNNAMED ST", "borough": "bronx", "direction": "TW", "total_row_ft": 56.0, "roadbed_ft": 26.0, "median_ft": 0.0, "left_sw_ft": 15.0, "right_sw_ft": 15.0}, "geometry": {"type": "LineString", "coordinates": [[-73.88567361545883, 40.79627764216136], [-73.88567517344066, 40.7959482768538]]}}, {"type": "Feature", "properties": {"segment_id": 1123601, "physicalid": "77929", "street_name": "UNNAMED ST", "borough": "bronx", "direction": "TW", "total_row_ft": 59.2, "roadbed_ft": 29.2, "median_ft": 0.0, "left_sw_ft": 15.0, "right_sw_ft": 15.0}, "geometry": {"type": "LineString", "coordinates": [[-73.88560138256959, 40.79627744480337], [-73.8856029409088, 40.795948079496775]]}}, {"type": "Feature", "properties": {"segment_id": 1123602, "physicalid": "77929", "street_name": "UNNAMED ST", "borough": "bronx", "direction": "TW", "total_row_ft": 108.9, "roadbed_ft": 78.9, "median_ft": 0.0, "left_sw_ft": 15.0, "right_sw_ft": 15.0}, "geometry": {"type": "LineString", "coordinates": [[-73.88552914968078, 40.79627724740013], [-73.88553070837736, 40.79594788209451]]}}, {"type": "Feature", "properties": {"segment_id": 1123603, "physicalid": "77929", "street_name": "UNNAMED ST", "borough": "bronx", "direction": "TW", "total_row_ft": 78.4, "roadbed_ft": 48.4, "median_ft": 0.0, "left_sw_ft": 15.0, "right_sw_ft": 15.0}, "geometry": {"type": "LineString", "coordinates": [[-73.88526304084294, 40.7961653835361], [-73.88566600714849, 40.79604413931848]]}}, {"type": "Feature", "properties": {"segment_id": 1123604, "physicalid": "77929", "street_name": "UNNAMED ST", "borough": "bronx", "direction": "TW", "total_row_ft": 80.1, "roadbed_ft": 50.1, "median_ft": 0.0, "left_sw_ft": 15.0, "right_sw_ft": 15.0}, "geometry": {"type": "LineString", "coordinates": [[-73.8852364510729, 40.79611434353859], [-73.88563941711789, 40.79599309941285]]}}, {"type": "Feature", "properties": {"segment_id": 1123605, "physicalid": "77929", "street_name": "UNNAMED ST", "borough": "bronx", "direction": "TW", "total_row_ft": 85.5, "roadbed_ft": 55.5, "median_ft": 0.0, "left_sw_ft": 15.0, "right_sw_ft": 15.0}, "geometry": {"type": "LineString", "coordinates": [[-73.8852098613436, 40.796063303534396], [-73.88561282712807, 40.79594205950075]]}}, {"type": "Feature", "properties": {"segment_id": 1123606, "physicalid": "77929", "street_name": "UNNAMED ST", "borough": "bronx", "direction": "TW", "total_row_ft": 85.9, "roadbed_ft": 55.9, "median_ft": 0.0, "left_sw_ft": 15.0, "right_sw_ft": 15.0}, "geometry": {"type": "LineString", "coordinates": [[-73.88518327165507, 40.79601226352374], [-73.88558623717903, 40.79589101958208]]}}, {"type": "Feature", "properties": {"segment_id": 1123607, "physicalid": "77929", "street_name": "UNNAMED ST", "borough": "bronx", "direction": "TW", "total_row_ft": 86.1, "roadbed_ft": 56.1, "median_ft": 0.0, "left_sw_ft": 15.0, "right_sw_ft": 15.0}, "geometry": {"type": "LineString", "coordinates": [[-73.88515668200732, 40.79596122350652], [-73.88555964727074, 40.79583997965685]]}}, {"type": "Feature", "properties": {"segment_id": 1123608, "physicalid": "77929", "street_name": "UNNAMED ST", "borough": "bronx", "direction": "TW", "total_row_ft": 86.0, "roadbed_ft": 56.0, "median_ft": 0.0, "left_sw_ft": 15.0, "right_sw_ft": 15.0}, "geometry": {"type": "LineString", "coordinates": [[-73.88513009240035, 40.79591018348277], [-73.88553305740324, 40.795788939725085]]}}, {"type": "Feature", "properties": {"segment_id": 1123609, "physicalid": "77929", "street_name": "UNNAMED ST", "borough": "bronx", "direction": "TW", "total_row_ft": 85.6, "roadbed_ft": 55.6, "median_ft": 0.0, "left_sw_ft": 15.0, "right_sw_ft": 15.0}, "geometry": {"type": "LineString", "coordinates": [[-73.88510350283414, 40.795859143452475], [-73.8855064675765, 40.79573789978675]]}}, {"type": "Feature", "properties": {"segment_id": 1123610, "physicalid": "77929", "street_name": "UNNAMED ST", "borough": "bronx", "direction": "TW", "total_row_ft": 85.2, "roadbed_ft": 55.2, "median_ft": 0.0, "left_sw_ft": 15.0, "right_sw_ft": 15.0}, "geometry": {"type": "LineString", "coordinates": [[-73.88507691330872, 40.79580810341566], [-73.88547987779054, 40.79568685984186]]}}, {"type": "Feature", "properties": {"segment_id": 1123611, "physicalid": "77929", "street_name": "UNNAMED ST", "borough": "bronx", "direction": "TW", "total_row_ft": 85.5, "roadbed_ft": 55.5, "median_ft": 0.0, "left_sw_ft": 15.0, "right_sw_ft": 15.0}, "geometry": {"type": "LineString", "coordinates": [[-73.88505032382405, 40.79575706337225], [-73.88545328804538, 40.7956358198905]]}}, {"type": "Feature", "properties": {"segment_id": 1123612, "physicalid": "77929", "street_name": "UNNAMED ST", "borough": "bronx", "direction": "TW", "total_row_ft": 75.2, "roadbed_ft": 45.2, "median_ft": 0.0, "left_sw_ft": 15.0, "right_sw_ft": 15.0}, "geometry": {"type": "LineString", "coordinates": [[-73.88502373438017, 40.79570602332233], [-73.88542669834096, 40.79558477993255]]}}, {"type": "Feature", "properties": {"segment_id": 1123613, "physicalid": "77929", "street_name": "UNNAMED ST", "borough": "bronx", "direction": "TW", "total_row_ft": 75.2, "roadbed_ft": 45.2, "median_ft": 0.0, "left_sw_ft": 15.0, "right_sw_ft": 15.0}, "geometry": {"type": "LineString", "coordinates": [[-73.88499714497705, 40.79565498326584], [-73.88540010867732, 40.795533739968064]]}}, {"type": "Feature", "properties": {"segment_id": 1123614, "physicalid": "77929", "street_name": "UNNAMED ST", "borough": "bronx", "direction": "TW", "total_row_ft": 75.2, "roadbed_ft": 45.2, "median_ft": 0.0, "left_sw_ft": 15.0, "right_sw_ft": 15.0}, "geometry": {"type": "LineString", "coordinates": [[-73.8849705556147, 40.79560394320283], [-73.88537351905445, 40.79548269999701]]}}, {"type": "Feature", "properties": {"segment_id": 1123615, "physicalid": "77929", "street_name": "UNNAMED ST", "borough": "bronx", "direction": "TW", "total_row_ft": 75.1, "roadbed_ft": 45.1, "median_ft": 0.0, "left_sw_ft": 15.0, "right_sw_ft": 15.0}, "geometry": {"type": "LineString", "coordinates": [[-73.88494396629314, 40.79555290313328], [-73.88534692947235, 40.79543166001944]]}}, {"type": "Feature", "properties": {"segment_id": 1123616, "physicalid": "77929", "street_name": "UNNAMED ST", "borough": "bronx", "direction": "TW", "total_row_ft": 75.1, "roadbed_ft": 45.1, "median_ft": 0.0, "left_sw_ft": 15.0, "right_sw_ft": 15.0}, "geometry": {"type": "LineString", "coordinates": [[-73.88491737701236, 40.79550186305719], [-73.88532033993103, 40.79538062003528]]}}, {"type": "Feature", "properties": {"segment_id": 1123617, "physicalid": "77929", "street_name": "UNNAMED ST", "borough": "bronx", "direction": "TW", "total_row_ft": 75.2, "roadbed_ft": 45.2, "median_ft": 0.0, "left_sw_ft": 15.0, "right_sw_ft": 15.0}, "geometry": {"type": "LineString", "coordinates": [[-73.8848907877723, 40.795450822974516], [-73.88529375043049, 40.795329580044644]]}}, {"type": "Feature", "properties": {"segment_id": 1123618, "physicalid": "77929", "street_name": "UNNAMED ST", "borough": "bronx", "direction": "TW", "total_row_ft": 75.7, "roadbed_ft": 45.7, "median_ft": 0.0, "left_sw_ft": 15.0, "right_sw_ft": 15.0}, "geometry": {"type": "LineString", "coordinates": [[-73.88486419857306, 40.79539978288533], [-73.88526716097071, 40.79527854004744]]}}, {"type": "Feature", "properties": {"segment_id": 1123619, "physicalid": "77929", "street_name": "UNNAMED ST", "borough": "bronx", "direction": "TW", "total_row_ft": 50.0, "roadbed_ft": 20.0, "median_ft": 0.0, "left_sw_ft": 15.0, "right_sw_ft": 15.0}, "geometry": {"type": "LineString", "coordinates": [[-73.88483760941457, 40.79534874278958], [-73.8852405715517, 40.795227500043694]]}}, {"type": "Feature", "properties": {"segment_id": 1123620, "physicalid": "77929", "street_name": "UNNAMED ST", "borough": "bronx", "direction": "TW", "total_row_ft": 50.4, "roadbed_ft": 20.4, "median_ft": 0.0, "left_sw_ft": 15.0, "right_sw_ft": 15.0}, "geometry": {"type": "LineString", "coordinates": [[-73.88481102029687, 40.795297702687314], [-73.88521398217347, 40.79517646003338]]}}, {"type": "Feature", "properties": {"segment_id": 1123621, "physicalid": "77929", "street_name": "UNNAMED ST", "borough": "bronx", "direction": "TW", "total_row_ft": 50.6, "roadbed_ft": 20.6, "median_ft": 0.0, "left_sw_ft": 15.0, "right_sw_ft": 15.0}, "geometry": {"type": "LineString", "coordinates": [[-73.88478443121991, 40.79524666257849], [-73.885187392836, 40.79512542001656]]}}, {"type": "Feature", "properties": {"segment_id": 1123622, "physicalid": "77929", "street_name": "UNNAMED ST", "borough": "bronx", "direction": "TW", "total_row_ft": 50.9, "roadbed_ft": 20.9, "median_ft": 0.0, "left_sw_ft": 15.0, "right_sw_ft": 15.0}, "geometry": {"type": "LineString", "coordinates": [[-73.88475784218377, 40.79519562246316], [-73.88516080353929, 40.79507437999316]]}}, {"type": "Feature", "properties": {"segment_id": 1123623, "physicalid": "77929", "street_name": "UNNAMED ST", "borough": "bronx", "direction": "TW", "total_row_ft": 63.2, "roadbed_ft": 33.2, "median_ft": 0.0, "left_sw_ft": 15.0, "right_sw_ft": 15.0}, "geometry": {"type": "LineString", "coordinates": [[-73.88473125318836, 40.7951445823412], [-73.88513421428338, 40.79502333996325]]}}, {"type": "Feature", "properties": {"segment_id": 1123624, "physicalid": "77929", "street_name": "UNNAMED ST", "borough": "bronx", "direction": "TW", "total_row_ft": 87.4, "roadbed_ft": 57.4, "median_ft": 0.0, "left_sw_ft": 15.0, "right_sw_ft": 15.0}, "geometry": {"type": "LineString", "coordinates": [[-73.88470466423372, 40.795093542212754], [-73.88510762506824, 40.79497229992679]]}}, {"type": "Feature", "properties": {"segment_id": 1123625, "physicalid": "77929", "street_name": "UNNAMED ST", "borough": "bronx", "direction": "TW", "total_row_ft": 68.0, "roadbed_ft": 38.0, "median_ft": 0.0, "left_sw_ft": 15.0, "right_sw_ft": 15.0}, "geometry": {"type": "LineString", "coordinates": [[-73.88484649571701, 40.79518670860548], [-73.88484165879336, 40.7948573616268]]}}, {"type": "Feature", "properties": {"segment_id": 1123626, "physicalid": "77929", "street_name": "UNNAMED ST", "borough": "bronx", "direction": "TW", "total_row_ft": 58.8, "roadbed_ft": 28.8, "median_ft": 0.0, "left_sw_ft": 15.0, "right_sw_ft": 15.0}, "geometry": {"type": "LineString", "coordinates": [[-73.88477426804265, 40.79518732124199], [-73.88476943147627, 40.794857974260346]]}}, {"type": "Feature", "properties": {"segment_id": 1123627, "physicalid": "77929", "street_name": "UNNAMED ST", "borough": "bronx", "direction": "TW", "total_row_ft": 55.1, "roadbed_ft": 25.1, "median_ft": 0.0, "left_sw_ft": 15.0, "right_sw_ft": 15.0}, "geometry": {"type": "LineString", "coordinates": [[-73.88470204036695, 40.79518793383326], [-73.88469720415786, 40.7948585868486]]}}, {"type": "Feature", "properties": {"segment_id": 1123628, "physicalid": "77929", "street_name": "UNNAMED ST", "borough": "bronx", "direction": "TW", "total_row_ft": 54.6, "roadbed_ft": 24.6, "median_ft": 0.0, "left_sw_ft": 15.0, "right_sw_ft": 15.0}, "geometry": {"type": "LineString", "coordinates": [[-73.88462981268994, 40.795188546379265], [-73.88462497683813, 40.79485919939159]]}}, {"type": "Feature", "properties": {"segment_id": 1123629, "physicalid": "77929", "street_name": "UNNAMED ST", "borough": "bronx", "direction": "TW", "total_row_ft": 54.4, "roadbed_ft": 24.4, "median_ft": 0.0, "left_sw_ft": 15.0, "right_sw_ft": 15.0}, "geometry": {"type": "LineString", "coordinates": [[-73.88455758501158, 40.79518915888], [-73.88455274951706, 40.79485981188935]]}}, {"type": "Feature", "properties": {"segment_id": 1123630, "physicalid": "77929", "street_name": "UNNAMED ST", "borough": "bronx", "direction": "TW", "total_row_ft": 54.3, "roadbed_ft": 24.3, "median_ft": 0.0, "left_sw_ft": 15.0, "right_sw_ft": 15.0}, "geometry": {"type": "LineString", "coordinates": [[-73.8844853573319, 40.795189771335494], [-73.88448052219465, 40.79486042434184]]}}, {"type": "Feature", "properties": {"segment_id": 1123631, "physicalid": "77929", "street_name": "UNNAMED ST", "borough": "bronx", "direction": "TW", "total_row_ft": 54.3, "roadbed_ft": 24.3, "median_ft": 0.0, "left_sw_ft": 15.0, "right_sw_ft": 15.0}, "geometry": {"type": "LineString", "coordinates": [[-73.8844131296509, 40.79519038374573], [-73.88440829487091, 40.79486103674904]]}}, {"type": "Feature", "properties": {"segment_id": 1123632, "physicalid": "77929", "street_name": "UNNAMED ST", "borough": "bronx", "direction": "TW", "total_row_ft": 83.5, "roadbed_ft": 38.8, "median_ft": 0.0, "left_sw_ft": 1.3, "right_sw_ft": 43.4}, "geometry": {"type": "LineString", "coordinates": [[-73.88433967669972, 40.79510752448663], [-73.88433606754586, 40.79486164911102]]}}, {"type": "Feature", "properties": {"segment_id": 1123633, "physicalid": "77929", "street_name": "UNNAMED ST", "borough": "bronx", "direction": "TW", "total_row_ft": 150.0, "roadbed_ft": 120.0, "median_ft": 0.0, "left_sw_ft": 15.0, "right_sw_ft": 15.0}, "geometry": {"type": "LineString", "coordinates": [[-73.8842686742849, 40.79519160843038], [-73.88426384021948, 40.79486226142773]]}}, {"type": "Feature", "properties": {"segment_id": 1123634, "physicalid": "77930", "street_name": "EXECUTIVE RD", "borough": "bronx", "direction": "FT", "total_row_ft": 115.9, "roadbed_ft": 93.8, "median_ft": 0.0, "left_sw_ft": 7.0, "right_sw_ft": 15.0}, "geometry": {"type": "LineString", "coordinates": [[-73.88439864355738, 40.7947896547828], [-73.88396719416606, 40.7948207934371]]}}, {"type": "Feature", "properties": {"segment_id": 1123635, "physicalid": "77930", "street_name": "EXECUTIVE RD", "borough": "bronx", "direction": "FT", "total_row_ft": 107.7, "roadbed_ft": 78.4, "median_ft": 0.0, "left_sw_ft": 14.3, "right_sw_ft": 15.0}, "geometry": {"type": "LineString", "coordinates": [[-73.88439096937228, 40.79484535023578], [-73.88397402284157, 40.79487544215993]]}}, {"type": "Feature", "properties": {"segment_id": 1123636, "physicalid": "77930", "street_name": "EXECUTIVE RD", "borough": "bronx", "direction": "FT", "total_row_ft": 98.0, "roadbed_ft": 68.9, "median_ft": 0.0, "left_sw_ft": 14.1, "right_sw_ft": 15.0}, "geometry": {"type": "LineString", "coordinates": [[-73.88436872833223, 40.794902097032015], [-73.88398085152829, 40.794930090881834]]}}, {"type": "Feature", "properties": {"segment_id": 1123637, "physicalid": "77930", "street_name": "EXECUTIVE RD", "borough": "bronx", "direction": "FT", "total_row_ft": 88.2, "roadbed_ft": 63.6, "median_ft": 0.0, "left_sw_ft": 9.5, "right_sw_ft": 15.0}, "geometry": {"type": "LineString", "coordinates": [[-73.88434644420163, 40.794958846930655], [-73.88398768022621, 40.794984739602924]]}}, {"type": "Feature", "properties": {"segment_id": 1123638, "physicalid": "77931", "street_name": "MANDANICI RD", "borough": "bronx", "direction": "TW", "total_row_ft": 150.0, "roadbed_ft": 84.1, "median_ft": 35.9, "left_sw_ft": 15.0, "right_sw_ft": 15.0}, "geometry": {"type": "LineString", "coordinates": [[-73.88413830298295, 40.79493131529268], [-73.88410918883437, 40.79460269181884]]}}, {"type": "Feature", "properties": {"segment_id": 1123639, "physicalid": "77931", "street_name": "MANDANICI RD", "borough": "bronx", "direction": "TW", "total_row_ft": 132.9, "roadbed_ft": 102.9, "median_ft": 0.0, "left_sw_ft": 15.0, "right_sw_ft": 15.0}, "geometry": {"type": "LineString", "coordinates": [[-73.88406623425415, 40.79493500296915], [-73.88403712045972, 40.7946063794773]]}}, {"type": "Feature", "properties": {"segment_id": 1123640, "physicalid": "77931", "street_name": "MANDANICI RD", "borough": "bronx", "direction": "TW", "total_row_ft": 74.1, "roadbed_ft": 44.1, "median_ft": 0.0, "left_sw_ft": 15.0, "right_sw_ft": 15.0}, "geometry": {"type": "LineString", "coordinates": [[-73.88399416551736, 40.79493869060056], [-73.88396505207709, 40.7946100670907]]}}, {"type": "Feature", "properties": {"segment_id": 1123641, "physicalid": "77931", "street_name": "MANDANICI RD", "borough": "bronx", "direction": "TW", "total_row_ft": 58.1, "roadbed_ft": 28.1, "median_ft": 0.0, "left_sw_ft": 15.0, "right_sw_ft": 15.0}, "geometry": {"type": "LineString", "coordinates": [[-73.8839220967726, 40.794942378186896], [-73.88389298368647, 40.79461375465902]]}}, {"type": "Feature", "properties": {"segment_id": 1123642, "physicalid": "77958", "street_name": "UNNAMED ST", "borough": "bronx", "direction": "TW", "total_row_ft": 93.1, "roadbed_ft": 63.1, "median_ft": 0.0, "left_sw_ft": 15.0, "right_sw_ft": 15.0}, "geometry": {"type": "LineString", "coordinates": [[-73.88654863036406, 40.79304777112272], [-73.88698199767224, 40.793045341187884]]}}, {"type": "Feature", "properties": {"segment_id": 1123643, "physicalid": "77958", "street_name": "UNNAMED ST", "borough": "bronx", "direction": "TW", "total_row_ft": 54.8, "roadbed_ft": 24.8, "median_ft": 0.0, "left_sw_ft": 15.0, "right_sw_ft": 15.0}, "geometry": {"type": "LineString", "coordinates": [[-73.88654809766187, 40.79299287801638], [-73.88698146461273, 40.792990448083536]]}}, {"type": "Feature", "properties": {"segment_id": 1123644, "physicalid": "77958", "street_name": "UNNAMED ST", "borough": "bronx", "direction": "TW", "total_row_ft": 50.1, "roadbed_ft": 20.1, "median_ft": 0.0, "left_sw_ft": 15.0, "right_sw_ft": 15.0}, "geometry": {"type": "LineString", "coordinates": [[-73.88654756496057, 40.792937984909514], [-73.8869809315541, 40.79293555497874]]}}, {"type": "Feature", "properties": {"segment_id": 1123645, "physicalid": "77958", "street_name": "UNNAMED ST", "borough": "bronx", "direction": "TW", "total_row_ft": 50.1, "roadbed_ft": 20.1, "median_ft": 0.0, "left_sw_ft": 15.0, "right_sw_ft": 15.0}, "geometry": {"type": "LineString", "coordinates": [[-73.88654703226013, 40.792883091802274], [-73.88698039849636, 40.79288066187339]]}}, {"type": "Feature", "properties": {"segment_id": 1123646, "physicalid": "77958", "street_name": "UNNAMED ST", "borough": "bronx", "direction": "TW", "total_row_ft": 50.0, "roadbed_ft": 20.0, "median_ft": 0.0, "left_sw_ft": 15.0, "right_sw_ft": 15.0}, "geometry": {"type": "LineString", "coordinates": [[-73.88654649956058, 40.79282819869451], [-73.88697986543951, 40.79282576876762]]}}, {"type": "Feature", "properties": {"segment_id": 1123647, "physicalid": "77958", "street_name": "UNNAMED ST", "borough": "bronx", "direction": "TW", "total_row_ft": 50.0, "roadbed_ft": 20.0, "median_ft": 0.0, "left_sw_ft": 15.0, "right_sw_ft": 15.0}, "geometry": {"type": "LineString", "coordinates": [[-73.8865459668619, 40.79277330558625], [-73.88697933238353, 40.79277087566142]]}}, {"type": "Feature", "properties": {"segment_id": 1123648, "physicalid": "77958", "street_name": "UNNAMED ST", "borough": "bronx", "direction": "TW", "total_row_ft": 50.1, "roadbed_ft": 20.1, "median_ft": 0.0, "left_sw_ft": 15.0, "right_sw_ft": 15.0}, "geometry": {"type": "LineString", "coordinates": [[-73.8865454341641, 40.792718412477576], [-73.88697879932842, 40.79271598255465]]}}, {"type": "Feature", "properties": {"segment_id": 1123649, "physicalid": "77958", "street_name": "UNNAMED ST", "borough": "bronx", "direction": "TW", "total_row_ft": 50.2, "roadbed_ft": 20.2, "median_ft": 0.0, "left_sw_ft": 15.0, "right_sw_ft": 15.0}, "geometry": {"type": "LineString", "coordinates": [[-73.88654490146719, 40.792663519368396], [-73.8869782662742, 40.79266108944745]]}}, {"type": "Feature", "properties": {"segment_id": 1123650, "physicalid": "77958", "street_name": "UNNAMED ST", "borough": "bronx", "direction": "TW", "total_row_ft": 50.3, "roadbed_ft": 20.3, "median_ft": 0.0, "left_sw_ft": 15.0, "right_sw_ft": 15.0}, "geometry": {"type": "LineString", "coordinates": [[-73.88654436877115, 40.7926086262587], [-73.88697773322086, 40.79260619633981]]}}, {"type": "Feature", "properties": {"segment_id": 1123651, "physicalid": "77958", "street_name": "UNNAMED ST", "borough": "bronx", "direction": "TW", "total_row_ft": 50.4, "roadbed_ft": 20.4, "median_ft": 0.0, "left_sw_ft": 15.0, "right_sw_ft": 15.0}, "geometry": {"type": "LineString", "coordinates": [[-73.88654383607599, 40.7925537331486], [-73.88697720016839, 40.79255130323163]]}}, {"type": "Feature", "properties": {"segment_id": 1123652, "physicalid": "77932", "street_name": "UNNAMED ST", "borough": "bronx", "direction": "TW", "total_row_ft": 97.9, "roadbed_ft": 43.5, "median_ft": 24.4, "left_sw_ft": 15.0, "right_sw_ft": 15.0}, "geometry": {"type": "LineString", "coordinates": [[-73.88411281934964, 40.794327751239244], [-73.88386040492009, 40.794060013088334]]}}, {"type": "Feature", "properties": {"segment_id": 1123653, "physicalid": "77932", "street_name": "UNNAMED ST", "borough": "bronx", "direction": "TW", "total_row_ft": 68.2, "roadbed_ft": 38.2, "median_ft": 0.0, "left_sw_ft": 15.0, "right_sw_ft": 15.0}, "geometry": {"type": "LineString", "coordinates": [[-73.88405410364143, 40.79435972317463], [-73.88380168932675, 40.79409198489651]]}}, {"type": "Feature", "properties": {"segment_id": 1123654, "physicalid": "77932", "street_name": "UNNAMED ST", "borough": "bronx", "direction": "TW", "total_row_ft": 36.8, "roadbed_ft": 6.8, "median_ft": 0.0, "left_sw_ft": 15.0, "right_sw_ft": 15.0}, "geometry": {"type": "LineString", "coordinates": [[-73.88399538787681, 40.79439169507998], [-73.88374297367704, 40.7941239566746]]}}, {"type": "Feature", "properties": {"segment_id": 1123655, "physicalid": "77932", "street_name": "UNNAMED ST", "borough": "bronx", "direction": "TW", "total_row_ft": 58.3, "roadbed_ft": 24.3, "median_ft": 4.0, "left_sw_ft": 15.0, "right_sw_ft": 15.0}, "geometry": {"type": "LineString", "coordinates": [[-73.88407725168958, 40.79430612992774], [-73.88364392815602, 40.79431178069816]]}}, {"type": "Feature", "properties": {"segment_id": 1123656, "physicalid": "77932", "street_name": "UNNAMED ST", "borough": "bronx", "direction": "TW", "total_row_ft": 57.4, "roadbed_ft": 23.9, "median_ft": 3.4, "left_sw_ft": 15.0, "right_sw_ft": 15.0}, "geometry": {"type": "LineString", "coordinates": [[-73.88407849109893, 40.79436101643386], [-73.8836451672082, 40.794366667208884]]}}, {"type": "Feature", "properties": {"segment_id": 1123657, "physicalid": "77932", "street_name": "UNNAMED ST", "borough": "bronx", "direction": "TW", "total_row_ft": 56.3, "roadbed_ft": 23.7, "median_ft": 2.5, "left_sw_ft": 15.0, "right_sw_ft": 15.0}, "geometry": {"type": "LineString", "coordinates": [[-73.88407973051031, 40.794415902939505], [-73.88364640626246, 40.79442155371911]]}}, {"type": "Feature", "properties": {"segment_id": 1123658, "physicalid": "77932", "street_name": "UNNAMED ST", "borough": "bronx", "direction": "TW", "total_row_ft": 55.2, "roadbed_ft": 24.1, "median_ft": 1.1, "left_sw_ft": 15.0, "right_sw_ft": 15.0}, "geometry": {"type": "LineString", "coordinates": [[-73.88408096992374, 40.79447078944464], [-73.88364764531872, 40.794476440228884]]}}, {"type": "Feature", "properties": {"segment_id": 1123659, "physicalid": "77932", "street_name": "UNNAMED ST", "borough": "bronx", "direction": "TW", "total_row_ft": 53.6, "roadbed_ft": 23.6, "median_ft": 0.0, "left_sw_ft": 15.0, "right_sw_ft": 15.0}, "geometry": {"type": "LineString", "coordinates": [[-73.88408220933923, 40.7945256759493], [-73.88364888437705, 40.794531326738166]]}}, {"type": "Feature", "properties": {"segment_id": 1123660, "physicalid": "77932", "street_name": "UNNAMED ST", "borough": "bronx", "direction": "TW", "total_row_ft": 51.9, "roadbed_ft": 21.9, "median_ft": 0.0, "left_sw_ft": 15.0, "right_sw_ft": 15.0}, "geometry": {"type": "LineString", "coordinates": [[-73.88408344875674, 40.794580562453476], [-73.88365012343742, 40.79458621324695]]}}, {"type": "Feature", "properties": {"segment_id": 1123661, "physicalid": "77932", "street_name": "UNNAMED ST", "borough": "bronx", "direction": "TW", "total_row_ft": 50.2, "roadbed_ft": 20.2, "median_ft": 0.0, "left_sw_ft": 15.0, "right_sw_ft": 15.0}, "geometry": {"type": "LineString", "coordinates": [[-73.88408469651085, 40.79463584593531], [-73.88365135416787, 40.79464070277707]]}}, {"type": "Feature", "properties": {"segment_id": 1123662, "physicalid": "77932", "street_name": "UNNAMED ST", "borough": "bronx", "direction": "TW", "total_row_ft": 59.9, "roadbed_ft": 29.9, "median_ft": 0.0, "left_sw_ft": 15.0, "right_sw_ft": 15.0}, "geometry": {"type": "LineString", "coordinates": [[-73.884068628465, 40.79472180001681], [-73.8836422472463, 40.794662805857534]]}}, {"type": "Feature", "properties": {"segment_id": 1123663, "physicalid": "77933", "street_name": "MANDANICI RD", "borough": "bronx", "direction": "TW", "total_row_ft": 54.2, "roadbed_ft": 24.2, "median_ft": 0.0, "left_sw_ft": 15.0, "right_sw_ft": 15.0}, "geometry": {"type": "LineString", "coordinates": [[-73.88379450975276, 40.79494891174767], [-73.88376537061649, 40.7946202895535]]}}, {"type": "Feature", "properties": {"segment_id": 1123664, "physicalid": "77933", "street_name": "MANDANICI RD", "borough": "bronx", "direction": "TW", "total_row_ft": 54.6, "roadbed_ft": 24.6, "median_ft": 0.0, "left_sw_ft": 15.0, "right_sw_ft": 15.0}, "geometry": {"type": "LineString", "coordinates": [[-73.88372244128536, 40.7949526025882], [-73.88369330250322, 40.794623980375974]]}}, {"type": "Feature", "properties": {"segment_id": 1123665, "physicalid": "77934", "street_name": "UNNAMED ST", "borough": "bronx", "direction": "TW", "total_row_ft": 111.8, "roadbed_ft": 81.8, "median_ft": 0.0, "left_sw_ft": 15.0, "right_sw_ft": 15.0}, "geometry": {"type": "LineString", "coordinates": [[-73.88594596857114, 40.79607103923733], [-73.88637933269308, 40.796075206063435]]}}, {"type": "Feature", "properties": {"segment_id": 1123666, "physicalid": "77934", "street_name": "UNNAMED ST", "borough": "bronx", "direction": "TW", "total_row_ft": 51.0, "roadbed_ft": 21.0, "median_ft": 0.0, "left_sw_ft": 15.0, "right_sw_ft": 15.0}, "geometry": {"type": "LineString", "coordinates": [[-73.88594688257012, 40.79601614905885], [-73.88638024633478, 40.79602031588162]]}}, {"type": "Feature", "properties": {"segment_id": 1123667, "physicalid": "77934", "street_name": "UNNAMED ST", "borough": "bronx", "direction": "TW", "total_row_ft": 52.8, "roadbed_ft": 22.8, "median_ft": 0.0, "left_sw_ft": 15.0, "right_sw_ft": 15.0}, "geometry": {"type": "LineString", "coordinates": [[-73.88594779656756, 40.79596125887996], [-73.88638115997497, 40.79596542569926]]}}, {"type": "Feature", "properties": {"segment_id": 1123668, "physicalid": "77934", "street_name": "UNNAMED ST", "borough": "bronx", "direction": "TW", "total_row_ft": 54.6, "roadbed_ft": 24.6, "median_ft": 0.0, "left_sw_ft": 15.0, "right_sw_ft": 15.0}, "geometry": {"type": "LineString", "coordinates": [[-73.88594871056353, 40.79590636870056], [-73.88638207361366, 40.79591053551645]]}}, {"type": "Feature", "properties": {"segment_id": 1123669, "physicalid": "77934", "street_name": "UNNAMED ST", "borough": "bronx", "direction": "TW", "total_row_ft": 56.4, "roadbed_ft": 26.4, "median_ft": 0.0, "left_sw_ft": 15.0, "right_sw_ft": 15.0}, "geometry": {"type": "LineString", "coordinates": [[-73.88594962455798, 40.795851478520625], [-73.88638298725084, 40.795855645333184]]}}, {"type": "Feature", "properties": {"segment_id": 1123670, "physicalid": "77934", "street_name": "UNNAMED ST", "borough": "bronx", "direction": "TW", "total_row_ft": 58.2, "roadbed_ft": 28.2, "median_ft": 0.0, "left_sw_ft": 15.0, "right_sw_ft": 15.0}, "geometry": {"type": "LineString", "coordinates": [[-73.8859505385509, 40.79579658834029], [-73.88638390088651, 40.795800755149365]]}}, {"type": "Feature", "properties": {"segment_id": 1123671, "physicalid": "77934", "street_name": "UNNAMED ST", "borough": "bronx", "direction": "TW", "total_row_ft": 60.0, "roadbed_ft": 30.0, "median_ft": 0.0, "left_sw_ft": 15.0, "right_sw_ft": 15.0}, "geometry": {"type": "LineString", "coordinates": [[-73.88595145254234, 40.79574169815938], [-73.88638481452068, 40.795745864965156]]}}, {"type": "Feature", "properties": {"segment_id": 1123672, "physicalid": "77934", "street_name": "UNNAMED ST", "borough": "bronx", "direction": "TW", "total_row_ft": 61.9, "roadbed_ft": 31.9, "median_ft": 0.0, "left_sw_ft": 15.0, "right_sw_ft": 15.0}, "geometry": {"type": "LineString", "coordinates": [[-73.88595236653227, 40.79568680797808], [-73.88638572815334, 40.79569097478038]]}}, {"type": "Feature", "properties": {"segment_id": 1123673, "physicalid": "77934", "street_name": "UNNAMED ST", "borough": "bronx", "direction": "TW", "total_row_ft": 63.7, "roadbed_ft": 33.7, "median_ft": 0.0, "left_sw_ft": 15.0, "right_sw_ft": 15.0}, "geometry": {"type": "LineString", "coordinates": [[-73.88595328052068, 40.79563191779625], [-73.8863866417845, 40.79563608459516]]}}, {"type": "Feature", "properties": {"segment_id": 1123674, "physicalid": "77934", "street_name": "UNNAMED ST", "borough": "bronx", "direction": "TW", "total_row_ft": 65.5, "roadbed_ft": 35.5, "median_ft": 0.0, "left_sw_ft": 15.0, "right_sw_ft": 15.0}, "geometry": {"type": "LineString", "coordinates": [[-73.88595419450759, 40.79557702761393], [-73.88638755541415, 40.795581194409486]]}}, {"type": "Feature", "properties": {"segment_id": 1123675, "physicalid": "77934", "street_name": "UNNAMED ST", "borough": "bronx", "direction": "TW", "total_row_ft": 66.0, "roadbed_ft": 36.0, "median_ft": 0.0, "left_sw_ft": 15.0, "right_sw_ft": 15.0}, "geometry": {"type": "LineString", "coordinates": [[-73.88595510849301, 40.79552213743118], [-73.88638846904227, 40.79552630422327]]}}, {"type": "Feature", "properties": {"segment_id": 1123676, "physicalid": "77934", "street_name": "UNNAMED ST", "borough": "bronx", "direction": "TW", "total_row_ft": 65.8, "roadbed_ft": 35.8, "median_ft": 0.0, "left_sw_ft": 15.0, "right_sw_ft": 15.0}, "geometry": {"type": "LineString", "coordinates": [[-73.88595602247689, 40.79546724724791], [-73.88638938266891, 40.79547141403661]]}}, {"type": "Feature", "properties": {"segment_id": 1123677, "physicalid": "77934", "street_name": "UNNAMED ST", "borough": "bronx", "direction": "TW", "total_row_ft": 65.6, "roadbed_ft": 35.6, "median_ft": 0.0, "left_sw_ft": 15.0, "right_sw_ft": 15.0}, "geometry": {"type": "LineString", "coordinates": [[-73.88595693645928, 40.79541235706413], [-73.88639029629404, 40.7954165238495]]}}, {"type": "Feature", "properties": {"segment_id": 1123678, "physicalid": "77934", "street_name": "UNNAMED ST", "borough": "bronx", "direction": "TW", "total_row_ft": 65.3, "roadbed_ft": 35.3, "median_ft": 0.0, "left_sw_ft": 15.0, "right_sw_ft": 15.0}, "geometry": {"type": "LineString", "coordinates": [[-73.88595785044016, 40.795357466879935], [-73.88639120991765, 40.79536163366183]]}}, {"type": "Feature", "properties": {"segment_id": 1123679, "physicalid": "77934", "street_name": "UNNAMED ST", "borough": "bronx", "direction": "TW", "total_row_ft": 65.1, "roadbed_ft": 35.1, "median_ft": 0.0, "left_sw_ft": 15.0, "right_sw_ft": 15.0}, "geometry": {"type": "LineString", "coordinates": [[-73.88595876441953, 40.7953025766952], [-73.88639212353978, 40.795306743473766]]}}, {"type": "Feature", "properties": {"segment_id": 1123680, "physicalid": "77935", "street_name": "UNNAMED ST", "borough": "bronx", "direction": "TW", "total_row_ft": 99.4, "roadbed_ft": 69.4, "median_ft": 0.0, "left_sw_ft": 15.0, "right_sw_ft": 15.0}, "geometry": {"type": "LineString", "coordinates": [[-73.88778397566237, 40.79628118361747], [-73.8877847483714, 40.79595181670545]]}}, {"type": "Feature", "properties": {"segment_id": 1123681, "physicalid": "77935", "street_name": "UNNAMED ST", "borough": "bronx", "direction": "TW", "total_row_ft": 67.6, "roadbed_ft": 37.6, "median_ft": 0.0, "left_sw_ft": 15.0, "right_sw_ft": 15.0}, "geometry": {"type": "LineString", "coordinates": [[-73.88771174241727, 40.79628108572284], [-73.88771251548367, 40.79595171881131]]}}, {"type": "Feature", "properties": {"segment_id": 1123682, "physicalid": "77935", "street_name": "UNNAMED ST", "borough": "bronx", "direction": "TW", "total_row_ft": 52.5, "roadbed_ft": 22.5, "median_ft": 0.0, "left_sw_ft": 15.0, "right_sw_ft": 15.0}, "geometry": {"type": "LineString", "coordinates": [[-73.88763950917237, 40.79628098778293], [-73.88764028259617, 40.79595162087188]]}}, {"type": "Feature", "properties": {"segment_id": 1123683, "physicalid": "77935", "street_name": "UNNAMED ST", "borough": "bronx", "direction": "TW", "total_row_ft": 52.2, "roadbed_ft": 22.2, "median_ft": 0.0, "left_sw_ft": 15.0, "right_sw_ft": 15.0}, "geometry": {"type": "LineString", "coordinates": [[-73.8875672759277, 40.796280889797764], [-73.88756804970886, 40.7959515228872]]}}, {"type": "Feature", "properties": {"segment_id": 1123684, "physicalid": "77935", "street_name": "UNNAMED ST", "borough": "bronx", "direction": "TW", "total_row_ft": 51.9, "roadbed_ft": 21.9, "median_ft": 0.0, "left_sw_ft": 15.0, "right_sw_ft": 15.0}, "geometry": {"type": "LineString", "coordinates": [[-73.88749504268323, 40.796280791767344], [-73.88749581682177, 40.79595142485724]]}}, {"type": "Feature", "properties": {"segment_id": 1123685, "physicalid": "77935", "street_name": "UNNAMED ST", "borough": "bronx", "direction": "TW", "total_row_ft": 51.6, "roadbed_ft": 21.6, "median_ft": 0.0, "left_sw_ft": 15.0, "right_sw_ft": 15.0}, "geometry": {"type": "LineString", "coordinates": [[-73.88742280943896, 40.79628069369165], [-73.8874235839349, 40.79595132678202]]}}, {"type": "Feature", "properties": {"segment_id": 1123686, "physicalid": "77935", "street_name": "UNNAMED ST", "borough": "bronx", "direction": "TW", "total_row_ft": 51.3, "roadbed_ft": 21.3, "median_ft": 0.0, "left_sw_ft": 15.0, "right_sw_ft": 15.0}, "geometry": {"type": "LineString", "coordinates": [[-73.88735057619492, 40.79628059557068], [-73.88735135104824, 40.79595122866154]]}}, {"type": "Feature", "properties": {"segment_id": 1123687, "physicalid": "77935", "street_name": "UNNAMED ST", "borough": "bronx", "direction": "TW", "total_row_ft": 51.0, "roadbed_ft": 21.0, "median_ft": 0.0, "left_sw_ft": 15.0, "right_sw_ft": 15.0}, "geometry": {"type": "LineString", "coordinates": [[-73.88727834295109, 40.79628049740445], [-73.88727911816179, 40.795951130495794]]}}, {"type": "Feature", "properties": {"segment_id": 1123688, "physicalid": "77935", "street_name": "UNNAMED ST", "borough": "bronx", "direction": "TW", "total_row_ft": 50.8, "roadbed_ft": 20.8, "median_ft": 0.0, "left_sw_ft": 15.0, "right_sw_ft": 15.0}, "geometry": {"type": "LineString", "coordinates": [[-73.88720610970748, 40.79628039919294], [-73.88720688527555, 40.79595103228476]]}}, {"type": "Feature", "properties": {"segment_id": 1123689, "physicalid": "77935", "street_name": "UNNAMED ST", "borough": "bronx", "direction": "TW", "total_row_ft": 50.6, "roadbed_ft": 20.6, "median_ft": 0.0, "left_sw_ft": 15.0, "right_sw_ft": 15.0}, "geometry": {"type": "LineString", "coordinates": [[-73.88713387646406, 40.79628030093618], [-73.88713465238952, 40.795950934028475]]}}, {"type": "Feature", "properties": {"segment_id": 1123690, "physicalid": "77935", "street_name": "UNNAMED ST", "borough": "bronx", "direction": "TW", "total_row_ft": 50.4, "roadbed_ft": 20.4, "median_ft": 0.0, "left_sw_ft": 15.0, "right_sw_ft": 15.0}, "geometry": {"type": "LineString", "coordinates": [[-73.88706164322087, 40.79628020263416], [-73.8870624195037, 40.795950835726934]]}}, {"type": "Feature", "properties": {"segment_id": 1123691, "physicalid": "77935", "street_name": "UNNAMED ST", "borough": "bronx", "direction": "TW", "total_row_ft": 50.2, "roadbed_ft": 20.2, "median_ft": 0.0, "left_sw_ft": 15.0, "right_sw_ft": 15.0}, "geometry": {"type": "LineString", "coordinates": [[-73.8869894099779, 40.79628010428684], [-73.88699018661812, 40.79595073738011]]}}, {"type": "Feature", "properties": {"segment_id": 1123692, "physicalid": "77935", "street_name": "UNNAMED ST", "borough": "bronx", "direction": "TW", "total_row_ft": 50.1, "roadbed_ft": 20.1, "median_ft": 0.0, "left_sw_ft": 15.0, "right_sw_ft": 15.0}, "geometry": {"type": "LineString", "coordinates": [[-73.88691717673514, 40.7962800058943], [-73.88691795373273, 40.79595063898806]]}}, {"type": "Feature", "properties": {"segment_id": 1123693, "physicalid": "77935", "street_name": "UNNAMED ST", "borough": "bronx", "direction": "TW", "total_row_ft": 50.1, "roadbed_ft": 20.1, "median_ft": 0.0, "left_sw_ft": 15.0, "right_sw_ft": 15.0}, "geometry": {"type": "LineString", "coordinates": [[-73.88684494349258, 40.79627990745646], [-73.88684572084757, 40.79595054055069]]}}, {"type": "Feature", "properties": {"segment_id": 1123694, "physicalid": "77935", "street_name": "UNNAMED ST", "borough": "bronx", "direction": "TW", "total_row_ft": 50.2, "roadbed_ft": 20.2, "median_ft": 0.0, "left_sw_ft": 15.0, "right_sw_ft": 15.0}, "geometry": {"type": "LineString", "coordinates": [[-73.88677271025024, 40.79627980897337], [-73.8867734879626, 40.79595044206808]]}}, {"type": "Feature", "properties": {"segment_id": 1123695, "physicalid": "77935", "street_name": "UNNAMED ST", "borough": "bronx", "direction": "TW", "total_row_ft": 50.3, "roadbed_ft": 20.3, "median_ft": 0.0, "left_sw_ft": 15.0, "right_sw_ft": 15.0}, "geometry": {"type": "LineString", "coordinates": [[-73.88670047700812, 40.79627971044501], [-73.88670125507787, 40.79595034354022]]}}, {"type": "Feature", "properties": {"segment_id": 1123696, "physicalid": "77935", "street_name": "UNNAMED ST", "borough": "bronx", "direction": "TW", "total_row_ft": 50.4, "roadbed_ft": 20.4, "median_ft": 0.0, "left_sw_ft": 15.0, "right_sw_ft": 15.0}, "geometry": {"type": "LineString", "coordinates": [[-73.88662824376621, 40.79627961187136], [-73.88662902219333, 40.79595024496707]]}}, {"type": "Feature", "properties": {"segment_id": 1123697, "physicalid": "77935", "street_name": "UNNAMED ST", "borough": "bronx", "direction": "TW", "total_row_ft": 50.4, "roadbed_ft": 20.4, "median_ft": 0.0, "left_sw_ft": 15.0, "right_sw_ft": 15.0}, "geometry": {"type": "LineString", "coordinates": [[-73.88655601052452, 40.79627951325249], [-73.88655678930903, 40.79595014634864]]}}, {"type": "Feature", "properties": {"segment_id": 1123698, "physicalid": "77935", "street_name": "UNNAMED ST", "borough": "bronx", "direction": "TW", "total_row_ft": 50.5, "roadbed_ft": 20.5, "median_ft": 0.0, "left_sw_ft": 15.0, "right_sw_ft": 15.0}, "geometry": {"type": "LineString", "coordinates": [[-73.88648377728303, 40.79627941458831], [-73.88648455642492, 40.79595004768496]]}}, {"type": "Feature", "properties": {"segment_id": 1123699, "physicalid": "77935", "street_name": "UNNAMED ST", "borough": "bronx", "direction": "TW", "total_row_ft": 50.5, "roadbed_ft": 20.5, "median_ft": 0.0, "left_sw_ft": 15.0, "right_sw_ft": 15.0}, "geometry": {"type": "LineString", "coordinates": [[-73.88641154404176, 40.79627931587889], [-73.88641232354102, 40.79594994897602]]}}, {"type": "Feature", "properties": {"segment_id": 1123700, "physicalid": "77935", "street_name": "UNNAMED ST", "borough": "bronx", "direction": "TW", "total_row_ft": 50.5, "roadbed_ft": 20.5, "median_ft": 0.0, "left_sw_ft": 15.0, "right_sw_ft": 15.0}, "geometry": {"type": "LineString", "coordinates": [[-73.88633931080071, 40.7962792171242], [-73.88634009065736, 40.795949850221795]]}}, {"type": "Feature", "properties": {"segment_id": 1123701, "physicalid": "77935", "street_name": "UNNAMED ST", "borough": "bronx", "direction": "TW", "total_row_ft": 62.2, "roadbed_ft": 32.2, "median_ft": 0.0, "left_sw_ft": 15.0, "right_sw_ft": 15.0}, "geometry": {"type": "LineString", "coordinates": [[-73.88626707755986, 40.79627911832424], [-73.8862678577739, 40.79594975142233]]}}, {"type": "Feature", "properties": {"segment_id": 1123702, "physicalid": "77936", "street_name": "UNNAMED ST", "borough": "bronx", "direction": "TW", "total_row_ft": 56.0, "roadbed_ft": 26.0, "median_ft": 0.0, "left_sw_ft": 15.0, "right_sw_ft": 15.0}, "geometry": {"type": "LineString", "coordinates": [[-73.88762190695259, 40.79607519159063], [-73.88805530541772, 40.79607561331973]]}}, {"type": "Feature", "properties": {"segment_id": 1123703, "physicalid": "77936", "street_name": "UNNAMED ST", "borough": "bronx", "direction": "TW", "total_row_ft": 54.8, "roadbed_ft": 24.8, "median_ft": 0.0, "left_sw_ft": 15.0, "right_sw_ft": 15.0}, "geometry": {"type": "LineString", "coordinates": [[-73.88762199962007, 40.79602029706262], [-73.88805539772781, 40.79602071879137]]}}, {"type": "Feature", "properties": {"segment_id": 1123704, "physicalid": "77936", "street_name": "UNNAMED ST", "borough": "bronx", "direction": "TW", "total_row_ft": 54.6, "roadbed_ft": 24.6, "median_ft": 0.0, "left_sw_ft": 15.0, "right_sw_ft": 15.0}, "geometry": {"type": "LineString", "coordinates": [[-73.88762209228737, 40.795965402534144], [-73.88805549003774, 40.795965824262545]]}}, {"type": "Feature", "properties": {"segment_id": 1123705, "physicalid": "77936", "street_name": "UNNAMED ST", "borough": "bronx", "direction": "TW", "total_row_ft": 54.3, "roadbed_ft": 24.3, "median_ft": 0.0, "left_sw_ft": 15.0, "right_sw_ft": 15.0}, "geometry": {"type": "LineString", "coordinates": [[-73.88762218495452, 40.79591050800519], [-73.88805558234752, 40.795910929733246]]}}, {"type": "Feature", "properties": {"segment_id": 1123706, "physicalid": "77936", "street_name": "UNNAMED ST", "borough": "bronx", "direction": "TW", "total_row_ft": 54.0, "roadbed_ft": 24.0, "median_ft": 0.0, "left_sw_ft": 15.0, "right_sw_ft": 15.0}, "geometry": {"type": "LineString", "coordinates": [[-73.88762227762153, 40.79585561347576], [-73.88805567465715, 40.79585603520347]]}}, {"type": "Feature", "properties": {"segment_id": 1123707, "physicalid": "77936", "street_name": "UNNAMED ST", "borough": "bronx", "direction": "TW", "total_row_ft": 53.3, "roadbed_ft": 23.3, "median_ft": 0.0, "left_sw_ft": 15.0, "right_sw_ft": 15.0}, "geometry": {"type": "LineString", "coordinates": [[-73.88762237028838, 40.79580071894585], [-73.88805576696662, 40.79580114067323]]}}, {"type": "Feature", "properties": {"segment_id": 1123708, "physicalid": "77936", "street_name": "UNNAMED ST", "borough": "bronx", "direction": "TW", "total_row_ft": 53.3, "roadbed_ft": 23.3, "median_ft": 0.0, "left_sw_ft": 15.0, "right_sw_ft": 15.0}, "geometry": {"type": "LineString", "coordinates": [[-73.88762246295508, 40.79574582441548], [-73.88805585927595, 40.795746246142514]]}}, {"type": "Feature", "properties": {"segment_id": 1123709, "physicalid": "77936", "street_name": "UNNAMED ST", "borough": "bronx", "direction": "TW", "total_row_ft": 53.3, "roadbed_ft": 23.3, "median_ft": 0.0, "left_sw_ft": 15.0, "right_sw_ft": 15.0}, "geometry": {"type": "LineString", "coordinates": [[-73.88762255562165, 40.7956909298846], [-73.8880559515851, 40.79569135161129]]}}, {"type": "Feature", "properties": {"segment_id": 1123710, "physicalid": "77936", "street_name": "UNNAMED ST", "borough": "bronx", "direction": "TW", "total_row_ft": 53.2, "roadbed_ft": 23.2, "median_ft": 0.0, "left_sw_ft": 15.0, "right_sw_ft": 15.0}, "geometry": {"type": "LineString", "coordinates": [[-73.88762264828803, 40.79563603535329], [-73.88805604389412, 40.79563645707963]]}}, {"type": "Feature", "properties": {"segment_id": 1123711, "physicalid": "77936", "street_name": "UNNAMED ST", "borough": "bronx", "direction": "TW", "total_row_ft": 53.2, "roadbed_ft": 23.2, "median_ft": 0.0, "left_sw_ft": 15.0, "right_sw_ft": 15.0}, "geometry": {"type": "LineString", "coordinates": [[-73.88762274095428, 40.7955811408215], [-73.888056136203, 40.79558156254748]]}}, {"type": "Feature", "properties": {"segment_id": 1123712, "physicalid": "77936", "street_name": "UNNAMED ST", "borough": "bronx", "direction": "TW", "total_row_ft": 53.1, "roadbed_ft": 23.1, "median_ft": 0.0, "left_sw_ft": 15.0, "right_sw_ft": 15.0}, "geometry": {"type": "LineString", "coordinates": [[-73.88762283362037, 40.79552624628921], [-73.8880562285117, 40.795526668014865]]}}, {"type": "Feature", "properties": {"segment_id": 1123713, "physicalid": "77936", "street_name": "UNNAMED ST", "borough": "bronx", "direction": "TW", "total_row_ft": 53.1, "roadbed_ft": 23.1, "median_ft": 0.0, "left_sw_ft": 15.0, "right_sw_ft": 15.0}, "geometry": {"type": "LineString", "coordinates": [[-73.8876229262863, 40.79547135175647], [-73.88805632082027, 40.79547177348178]]}}, {"type": "Feature", "properties": {"segment_id": 1123714, "physicalid": "77936", "street_name": "UNNAMED ST", "borough": "bronx", "direction": "TW", "total_row_ft": 53.2, "roadbed_ft": 23.2, "median_ft": 0.0, "left_sw_ft": 15.0, "right_sw_ft": 15.0}, "geometry": {"type": "LineString", "coordinates": [[-73.88762301895207, 40.79541645722325], [-73.88805641312868, 40.795416878948195]]}}, {"type": "Feature", "properties": {"segment_id": 1123715, "physicalid": "77936", "street_name": "UNNAMED ST", "borough": "bronx", "direction": "TW", "total_row_ft": 53.2, "roadbed_ft": 23.2, "median_ft": 0.0, "left_sw_ft": 15.0, "right_sw_ft": 15.0}, "geometry": {"type": "LineString", "coordinates": [[-73.88762311161771, 40.79536156268954], [-73.88805650543692, 40.795361984414164]]}}, {"type": "Feature", "properties": {"segment_id": 1123716, "physicalid": "77936", "street_name": "UNNAMED ST", "borough": "bronx", "direction": "TW", "total_row_ft": 53.4, "roadbed_ft": 23.4, "median_ft": 0.0, "left_sw_ft": 15.0, "right_sw_ft": 15.0}, "geometry": {"type": "LineString", "coordinates": [[-73.88762320428319, 40.795306668155376], [-73.88805659774503, 40.79530708987966]]}}, {"type": "Feature", "properties": {"segment_id": 1123717, "physicalid": "77936", "street_name": "UNNAMED ST", "borough": "bronx", "direction": "TW", "total_row_ft": 53.5, "roadbed_ft": 23.5, "median_ft": 0.0, "left_sw_ft": 15.0, "right_sw_ft": 15.0}, "geometry": {"type": "LineString", "coordinates": [[-73.8876232969485, 40.79525177362073], [-73.88805669005299, 40.79525219534468]]}}, {"type": "Feature", "properties": {"segment_id": 1123718, "physicalid": "77936", "street_name": "UNNAMED ST", "borough": "bronx", "direction": "TW", "total_row_ft": 54.0, "roadbed_ft": 24.0, "median_ft": 0.0, "left_sw_ft": 15.0, "right_sw_ft": 15.0}, "geometry": {"type": "LineString", "coordinates": [[-73.88762338961368, 40.795196879085616], [-73.88805678236078, 40.7951973008092]]}}, {"type": "Feature", "properties": {"segment_id": 1123719, "physicalid": "77936", "street_name": "UNNAMED ST", "borough": "bronx", "direction": "TW", "total_row_ft": 116.9, "roadbed_ft": 86.9, "median_ft": 0.0, "left_sw_ft": 15.0, "right_sw_ft": 15.0}, "geometry": {"type": "LineString", "coordinates": [[-73.88788721447514, 40.79501313848793], [-73.88788665978862, 40.79534250570234]]}}, {"type": "Feature", "properties": {"segment_id": 1123720, "physicalid": "77936", "street_name": "UNNAMED ST", "borough": "bronx", "direction": "TW", "total_row_ft": 56.3, "roadbed_ft": 26.3, "median_ft": 0.0, "left_sw_ft": 15.0, "right_sw_ft": 15.0}, "geometry": {"type": "LineString", "coordinates": [[-73.8879594464002, 40.79501320872302], [-73.88795889207104, 40.795342575937774]]}}, {"type": "Feature", "properties": {"segment_id": 1123721, "physicalid": "77936", "street_name": "UNNAMED ST", "borough": "bronx", "direction": "TW", "total_row_ft": 53.5, "roadbed_ft": 23.5, "median_ft": 0.0, "left_sw_ft": 15.0, "right_sw_ft": 15.0}, "geometry": {"type": "LineString", "coordinates": [[-73.88779929286447, 40.7951446562102], [-73.8882298164967, 40.79518249342646]]}}, {"type": "Feature", "properties": {"segment_id": 1123722, "physicalid": "77936", "street_name": "UNNAMED ST", "borough": "bronx", "direction": "TW", "total_row_ft": 53.7, "roadbed_ft": 23.7, "median_ft": 0.0, "left_sw_ft": 15.0, "right_sw_ft": 15.0}, "geometry": {"type": "LineString", "coordinates": [[-73.88780759094661, 40.795090125070494], [-73.8882381142309, 40.79512796225611]]}}, {"type": "Feature", "properties": {"segment_id": 1123723, "physicalid": "77936", "street_name": "UNNAMED ST", "borough": "bronx", "direction": "TW", "total_row_ft": 53.8, "roadbed_ft": 23.8, "median_ft": 0.0, "left_sw_ft": 15.0, "right_sw_ft": 15.0}, "geometry": {"type": "LineString", "coordinates": [[-73.88781588901516, 40.79503559392974], [-73.8882464119515, 40.79507343108467]]}}, {"type": "Feature", "properties": {"segment_id": 1123724, "physicalid": "77936", "street_name": "UNNAMED ST", "borough": "bronx", "direction": "TW", "total_row_ft": 53.9, "roadbed_ft": 23.9, "median_ft": 0.0, "left_sw_ft": 15.0, "right_sw_ft": 15.0}, "geometry": {"type": "LineString", "coordinates": [[-73.88782418707011, 40.79498106278791], [-73.88825470965851, 40.79501889991218]]}}, {"type": "Feature", "properties": {"segment_id": 1123725, "physicalid": "77936", "street_name": "UNNAMED ST", "borough": "bronx", "direction": "TW", "total_row_ft": 54.0, "roadbed_ft": 24.0, "median_ft": 0.0, "left_sw_ft": 15.0, "right_sw_ft": 15.0}, "geometry": {"type": "LineString", "coordinates": [[-73.88783248511146, 40.79492653164504], [-73.88826300735194, 40.79496436873863]]}}, {"type": "Feature", "properties": {"segment_id": 1123726, "physicalid": "77936", "street_name": "UNNAMED ST", "borough": "bronx", "direction": "TW", "total_row_ft": 54.1, "roadbed_ft": 24.1, "median_ft": 0.0, "left_sw_ft": 15.0, "right_sw_ft": 15.0}, "geometry": {"type": "LineString", "coordinates": [[-73.88784078313923, 40.794872000501094], [-73.88827130503176, 40.79490983756401]]}}, {"type": "Feature", "properties": {"segment_id": 1123727, "physicalid": "77936", "street_name": "UNNAMED ST", "borough": "bronx", "direction": "TW", "total_row_ft": 54.2, "roadbed_ft": 24.2, "median_ft": 0.0, "left_sw_ft": 15.0, "right_sw_ft": 15.0}, "geometry": {"type": "LineString", "coordinates": [[-73.88784908115339, 40.79481746935604], [-73.88827960269799, 40.79485530638836]]}}, {"type": "Feature", "properties": {"segment_id": 1123728, "physicalid": "77936", "street_name": "UNNAMED ST", "borough": "bronx", "direction": "TW", "total_row_ft": 51.1, "roadbed_ft": 21.1, "median_ft": 0.0, "left_sw_ft": 15.0, "right_sw_ft": 15.0}, "geometry": {"type": "LineString", "coordinates": [[-73.88788369504245, 40.794701225039894], [-73.88826158479749, 40.79486248847299]]}}, {"type": "Feature", "properties": {"segment_id": 1123729, "physicalid": "77936", "street_name": "UNNAMED ST", "borough": "bronx", "direction": "TW", "total_row_ft": 48.4, "roadbed_ft": 18.4, "median_ft": 0.0, "left_sw_ft": 15.0, "right_sw_ft": 15.0}, "geometry": {"type": "LineString", "coordinates": [[-73.88793119864131, 40.79464544430974], [-73.88829324613769, 40.794826486294234]]}}, {"type": "Feature", "properties": {"segment_id": 1123730, "physicalid": "77936", "street_name": "UNNAMED ST", "borough": "bronx", "direction": "TW", "total_row_ft": 50.7, "roadbed_ft": 20.7, "median_ft": 0.0, "left_sw_ft": 15.0, "right_sw_ft": 15.0}, "geometry": {"type": "LineString", "coordinates": [[-73.88800210557717, 40.794580544945696], [-73.88831554111873, 40.79480801250087]]}}, {"type": "Feature", "properties": {"segment_id": 1123731, "physicalid": "77936", "street_name": "UNNAMED ST", "borough": "bronx", "direction": "TW", "total_row_ft": 70.0, "roadbed_ft": 40.0, "median_ft": 0.0, "left_sw_ft": 15.0, "right_sw_ft": 15.0}, "geometry": {"type": "LineString", "coordinates": [[-73.88808502566351, 40.79452323918509], [-73.88833789648741, 40.79479072942042]]}}, {"type": "Feature", "properties": {"segment_id": 1123732, "physicalid": "77936", "street_name": "UNNAMED ST", "borough": "bronx", "direction": "TW", "total_row_ft": 60.1, "roadbed_ft": 30.1, "median_ft": 0.0, "left_sw_ft": 15.0, "right_sw_ft": 15.0}, "geometry": {"type": "LineString", "coordinates": [[-73.8881436872447, 40.79449120976319], [-73.88839655818262, 40.794758699871196]]}}, {"type": "Feature", "properties": {"segment_id": 1123733, "physicalid": "77936", "street_name": "UNNAMED ST", "borough": "bronx", "direction": "TW", "total_row_ft": 56.5, "roadbed_ft": 26.5, "median_ft": 0.0, "left_sw_ft": 15.0, "right_sw_ft": 15.0}, "geometry": {"type": "LineString", "coordinates": [[-73.888243522545, 40.794451847362275], [-73.88842665051747, 40.79475036641606]]}}, {"type": "Feature", "properties": {"segment_id": 1123734, "physicalid": "77936", "street_name": "UNNAMED ST", "borough": "bronx", "direction": "TW", "total_row_ft": 57.7, "roadbed_ft": 27.7, "median_ft": 0.0, "left_sw_ft": 15.0, "right_sw_ft": 15.0}, "geometry": {"type": "LineString", "coordinates": [[-73.8883491626214, 40.794423536908475], [-73.88845679244423, 40.79474258591974]]}}, {"type": "Feature", "properties": {"segment_id": 1123735, "physicalid": "77936", "street_name": "UNNAMED ST", "borough": "bronx", "direction": "TW", "total_row_ft": 57.2, "roadbed_ft": 27.2, "median_ft": 0.0, "left_sw_ft": 15.0, "right_sw_ft": 15.0}, "geometry": {"type": "LineString", "coordinates": [[-73.88845808571, 40.79440685965823], [-73.88848853467856, 40.79473541326255]]}}, {"type": "Feature", "properties": {"segment_id": 1123736, "physicalid": "77936", "street_name": "UNNAMED ST", "borough": "bronx", "direction": "TW", "total_row_ft": 54.7, "roadbed_ft": 24.7, "median_ft": 0.0, "left_sw_ft": 15.0, "right_sw_ft": 15.0}, "geometry": {"type": "LineString", "coordinates": [[-73.88853013853974, 40.79440300287115], [-73.88856058786214, 40.79473155645665]]}}, {"type": "Feature", "properties": {"segment_id": 1123737, "physicalid": "77936", "street_name": "UNNAMED ST", "borough": "bronx", "direction": "TW", "total_row_ft": 51.1, "roadbed_ft": 21.1, "median_ft": 0.0, "left_sw_ft": 15.0, "right_sw_ft": 15.0}, "geometry": {"type": "LineString", "coordinates": [[-73.88861496902608, 40.79440148964339], [-73.88862016004776, 40.79473083353179]]}}, {"type": "Feature", "properties": {"segment_id": 1123738, "physicalid": "77936", "street_name": "UNNAMED ST", "borough": "bronx", "direction": "TW", "total_row_ft": 49.5, "roadbed_ft": 19.5, "median_ft": 0.0, "left_sw_ft": 15.0, "right_sw_ft": 15.0}, "geometry": {"type": "LineString", "coordinates": [[-73.88868719516431, 40.79440083210917], [-73.88869238654325, 40.79473017599433]]}}, {"type": "Feature", "properties": {"segment_id": 1123739, "physicalid": "77936", "street_name": "UNNAMED ST", "borough": "bronx", "direction": "TW", "total_row_ft": 49.6, "roadbed_ft": 19.6, "median_ft": 0.0, "left_sw_ft": 15.0, "right_sw_ft": 15.0}, "geometry": {"type": "LineString", "coordinates": [[-73.88875942130112, 40.79440017452969], [-73.88876461303732, 40.794729518411636]]}}, {"type": "Feature", "properties": {"segment_id": 1123740, "physicalid": "77936", "street_name": "UNNAMED ST", "borough": "bronx", "direction": "TW", "total_row_ft": 49.7, "roadbed_ft": 19.7, "median_ft": 0.0, "left_sw_ft": 15.0, "right_sw_ft": 15.0}, "geometry": {"type": "LineString", "coordinates": [[-73.88883164743652, 40.79439951690495], [-73.88883683952996, 40.79472886078368]]}}, {"type": "Feature", "properties": {"segment_id": 1123741, "physicalid": "77936", "street_name": "UNNAMED ST", "borough": "bronx", "direction": "TW", "total_row_ft": 49.8, "roadbed_ft": 19.8, "median_ft": 0.0, "left_sw_ft": 15.0, "right_sw_ft": 15.0}, "geometry": {"type": "LineString", "coordinates": [[-73.88890387357047, 40.79439885923494], [-73.88890906602117, 40.79472820311047]]}}, {"type": "Feature", "properties": {"segment_id": 1123742, "physicalid": "77936", "street_name": "UNNAMED ST", "borough": "bronx", "direction": "TW", "total_row_ft": 49.8, "roadbed_ft": 19.8, "median_ft": 0.0, "left_sw_ft": 15.0, "right_sw_ft": 15.0}, "geometry": {"type": "LineString", "coordinates": [[-73.88897609970299, 40.7943982015197], [-73.88898129251098, 40.79472754539198]]}}, {"type": "Feature", "properties": {"segment_id": 1123743, "physicalid": "77936", "street_name": "UNNAMED ST", "borough": "bronx", "direction": "TW", "total_row_ft": 49.9, "roadbed_ft": 19.9, "median_ft": 0.0, "left_sw_ft": 15.0, "right_sw_ft": 15.0}, "geometry": {"type": "LineString", "coordinates": [[-73.88904832583408, 40.79439754375916], [-73.88905351899933, 40.794726887628265]]}}, {"type": "Feature", "properties": {"segment_id": 1123744, "physicalid": "77936", "street_name": "UNNAMED ST", "borough": "bronx", "direction": "TW", "total_row_ft": 49.9, "roadbed_ft": 19.9, "median_ft": 0.0, "left_sw_ft": 15.0, "right_sw_ft": 15.0}, "geometry": {"type": "LineString", "coordinates": [[-73.88912055196376, 40.79439688595342], [-73.88912574548627, 40.79472622981926]]}}, {"type": "Feature", "properties": {"segment_id": 1123745, "physicalid": "77936", "street_name": "UNNAMED ST", "borough": "bronx", "direction": "TW", "total_row_ft": 49.9, "roadbed_ft": 19.9, "median_ft": 0.0, "left_sw_ft": 15.0, "right_sw_ft": 15.0}, "geometry": {"type": "LineString", "coordinates": [[-73.88919277809198, 40.794396228102364], [-73.88919797197178, 40.79472557196502]]}}, {"type": "Feature", "properties": {"segment_id": 1123746, "physicalid": "77936", "street_name": "UNNAMED ST", "borough": "bronx", "direction": "TW", "total_row_ft": 49.8, "roadbed_ft": 19.8, "median_ft": 0.0, "left_sw_ft": 15.0, "right_sw_ft": 15.0}, "geometry": {"type": "LineString", "coordinates": [[-73.88926500395604, 40.7943955701749], [-73.88927019871757, 40.79472491402954]]}}, {"type": "Feature", "properties": {"segment_id": 1123747, "physicalid": "77936", "street_name": "UNNAMED ST", "borough": "bronx", "direction": "TW", "total_row_ft": 49.7, "roadbed_ft": 19.7, "median_ft": 0.0, "left_sw_ft": 15.0, "right_sw_ft": 15.0}, "geometry": {"type": "LineString", "coordinates": [[-73.88933723008039, 40.79439491216693], [-73.88934242519917, 40.79472425601833]]}}, {"type": "Feature", "properties": {"segment_id": 1123748, "physicalid": "77936", "street_name": "UNNAMED ST", "borough": "bronx", "direction": "TW", "total_row_ft": 49.7, "roadbed_ft": 19.7, "median_ft": 0.0, "left_sw_ft": 15.0, "right_sw_ft": 15.0}, "geometry": {"type": "LineString", "coordinates": [[-73.8894094562033, 40.79439425411367], [-73.88941465167935, 40.794723597961884]]}}, {"type": "Feature", "properties": {"segment_id": 1123749, "physicalid": "77936", "street_name": "UNNAMED ST", "borough": "bronx", "direction": "TW", "total_row_ft": 49.7, "roadbed_ft": 19.7, "median_ft": 0.0, "left_sw_ft": 15.0, "right_sw_ft": 15.0}, "geometry": {"type": "LineString", "coordinates": [[-73.88948168232479, 40.79439359601519], [-73.8894868781581, 40.794722939860144]]}}, {"type": "Feature", "properties": {"segment_id": 1123750, "physicalid": "77936", "street_name": "UNNAMED ST", "borough": "bronx", "direction": "TW", "total_row_ft": 49.9, "roadbed_ft": 19.9, "median_ft": 0.0, "left_sw_ft": 15.0, "right_sw_ft": 15.0}, "geometry": {"type": "LineString", "coordinates": [[-73.88955390844484, 40.79439293787142], [-73.88955910463542, 40.79472228171317]]}}, {"type": "Feature", "properties": {"segment_id": 1123751, "physicalid": "77936", "street_name": "UNNAMED ST", "borough": "bronx", "direction": "TW", "total_row_ft": 50.0, "roadbed_ft": 20.0, "median_ft": 0.0, "left_sw_ft": 15.0, "right_sw_ft": 15.0}, "geometry": {"type": "LineString", "coordinates": [[-73.88962613456347, 40.7943922796824], [-73.88963133111132, 40.794721623520935]]}}, {"type": "Feature", "properties": {"segment_id": 1123752, "physicalid": "77936", "street_name": "UNNAMED ST", "borough": "bronx", "direction": "TW", "total_row_ft": 50.2, "roadbed_ft": 20.2, "median_ft": 0.0, "left_sw_ft": 15.0, "right_sw_ft": 15.0}, "geometry": {"type": "LineString", "coordinates": [[-73.88969836068067, 40.79439162144813], [-73.88970355758578, 40.79472096528344]]}}, {"type": "Feature", "properties": {"segment_id": 1123753, "physicalid": "77936", "street_name": "UNNAMED ST", "borough": "bronx", "direction": "TW", "total_row_ft": 50.3, "roadbed_ft": 20.3, "median_ft": 0.0, "left_sw_ft": 15.0, "right_sw_ft": 15.0}, "geometry": {"type": "LineString", "coordinates": [[-73.88977058679644, 40.794390963168595], [-73.88977578405881, 40.79472030700069]]}}, {"type": "Feature", "properties": {"segment_id": 1123754, "physicalid": "77936", "street_name": "UNNAMED ST", "borough": "bronx", "direction": "TW", "total_row_ft": 50.4, "roadbed_ft": 20.4, "median_ft": 0.0, "left_sw_ft": 15.0, "right_sw_ft": 15.0}, "geometry": {"type": "LineString", "coordinates": [[-73.88984281291077, 40.794390304843795], [-73.88984801053041, 40.794719648672675]]}}, {"type": "Feature", "properties": {"segment_id": 1123755, "physicalid": "77936", "street_name": "UNNAMED ST", "borough": "bronx", "direction": "TW", "total_row_ft": 50.4, "roadbed_ft": 20.4, "median_ft": 0.0, "left_sw_ft": 15.0, "right_sw_ft": 15.0}, "geometry": {"type": "LineString", "coordinates": [[-73.8899150390237, 40.79438964647375], [-73.8899202370006, 40.794718990299394]]}}, {"type": "Feature", "properties": {"segment_id": 1123870, "physicalid": "77944", "street_name": "UNNAMED ST", "borough": "bronx", "direction": "TW", "total_row_ft": 51.0, "roadbed_ft": 21.0, "median_ft": 0.0, "left_sw_ft": 15.0, "right_sw_ft": 15.0}, "geometry": {"type": "LineString", "coordinates": [[-73.88994490214564, 40.79400234541254], [-73.8899454806977, 40.793672978152536]]}}, {"type": "Feature", "properties": {"segment_id": 1123871, "physicalid": "77944", "street_name": "UNNAMED ST", "borough": "bronx", "direction": "TW", "total_row_ft": 50.6, "roadbed_ft": 20.6, "median_ft": 0.0, "left_sw_ft": 15.0, "right_sw_ft": 15.0}, "geometry": {"type": "LineString", "coordinates": [[-73.88987267132268, 40.794002272107434], [-73.88987325023207, 40.79367290484784]]}}, {"type": "Feature", "properties": {"segment_id": 1123872, "physicalid": "77944", "street_name": "UNNAMED ST", "borough": "bronx", "direction": "TW", "total_row_ft": 50.3, "roadbed_ft": 20.3, "median_ft": 0.0, "left_sw_ft": 15.0, "right_sw_ft": 15.0}, "geometry": {"type": "LineString", "coordinates": [[-73.88980044049984, 40.79400219875711], [-73.88980101976664, 40.793672831497844]]}}, {"type": "Feature", "properties": {"segment_id": 1123873, "physicalid": "77944", "street_name": "UNNAMED ST", "borough": "bronx", "direction": "TW", "total_row_ft": 50.5, "roadbed_ft": 20.5, "median_ft": 0.0, "left_sw_ft": 15.0, "right_sw_ft": 15.0}, "geometry": {"type": "LineString", "coordinates": [[-73.8897282096772, 40.79400212536151], [-73.88972878930133, 40.7936727581026]]}}, {"type": "Feature", "properties": {"segment_id": 1123874, "physicalid": "77944", "street_name": "UNNAMED ST", "borough": "bronx", "direction": "TW", "total_row_ft": 50.6, "roadbed_ft": 20.6, "median_ft": 0.0, "left_sw_ft": 15.0, "right_sw_ft": 15.0}, "geometry": {"type": "LineString", "coordinates": [[-73.8896559788547, 40.794002051920636], [-73.88965655883621, 40.79367268466209]]}}, {"type": "Feature", "properties": {"segment_id": 1123875, "physicalid": "77944", "street_name": "UNNAMED ST", "borough": "bronx", "direction": "TW", "total_row_ft": 50.8, "roadbed_ft": 20.8, "median_ft": 0.0, "left_sw_ft": 15.0, "right_sw_ft": 15.0}, "geometry": {"type": "LineString", "coordinates": [[-73.88958374803236, 40.794001978434494], [-73.88958432837123, 40.7936726111763]]}}, {"type": "Feature", "properties": {"segment_id": 1123876, "physicalid": "77944", "street_name": "UNNAMED ST", "borough": "bronx", "direction": "TW", "total_row_ft": 61.5, "roadbed_ft": 31.5, "median_ft": 0.0, "left_sw_ft": 15.0, "right_sw_ft": 15.0}, "geometry": {"type": "LineString", "coordinates": [[-73.8895115172102, 40.794001904903084], [-73.88951209790638, 40.79367253764527]]}}, {"type": "Feature", "properties": {"segment_id": 1123877, "physicalid": "77944", "street_name": "UNNAMED ST", "borough": "bronx", "direction": "TW", "total_row_ft": 67.9, "roadbed_ft": 37.9, "median_ft": 0.0, "left_sw_ft": 15.0, "right_sw_ft": 15.0}, "geometry": {"type": "LineString", "coordinates": [[-73.88943928638817, 40.79400183132644], [-73.88943986744172, 40.793672464068976]]}}, {"type": "Feature", "properties": {"segment_id": 1123878, "physicalid": "77944", "street_name": "UNNAMED ST", "borough": "bronx", "direction": "TW", "total_row_ft": 68.1, "roadbed_ft": 38.1, "median_ft": 0.0, "left_sw_ft": 15.0, "right_sw_ft": 15.0}, "geometry": {"type": "LineString", "coordinates": [[-73.88936705556631, 40.7940017577045], [-73.88936763697721, 40.79367239044741]]}}, {"type": "Feature", "properties": {"segment_id": 1123879, "physicalid": "77944", "street_name": "UNNAMED ST", "borough": "bronx", "direction": "TW", "total_row_ft": 47.0, "roadbed_ft": 17.0, "median_ft": 0.0, "left_sw_ft": 15.0, "right_sw_ft": 15.0}, "geometry": {"type": "LineString", "coordinates": [[-73.88929482474461, 40.794001684037305], [-73.8892954065129, 40.793672316780565]]}}, {"type": "Feature", "properties": {"segment_id": 1123880, "physicalid": "77945", "street_name": "UNNAMED ST", "borough": "bronx", "direction": "TW", "total_row_ft": 87.8, "roadbed_ft": 57.8, "median_ft": 0.0, "left_sw_ft": 15.0, "right_sw_ft": 15.0}, "geometry": {"type": "LineString", "coordinates": [[-73.88979045912693, 40.79256478733987], [-73.88978196987927, 40.79223548291029]]}}, {"type": "Feature", "properties": {"segment_id": 1123881, "physicalid": "77945", "street_name": "UNNAMED ST", "borough": "bronx", "direction": "TW", "total_row_ft": 45.9, "roadbed_ft": 15.9, "median_ft": 0.0, "left_sw_ft": 15.0, "right_sw_ft": 15.0}, "geometry": {"type": "LineString", "coordinates": [[-73.88971824365723, 40.79256586263343], [-73.88970975476667, 40.79223655819857]]}}, {"type": "Feature", "properties": {"segment_id": 1123882, "physicalid": "77945", "street_name": "UNNAMED ST", "borough": "bronx", "direction": "TW", "total_row_ft": 45.4, "roadbed_ft": 15.4, "median_ft": 0.0, "left_sw_ft": 15.0, "right_sw_ft": 15.0}, "geometry": {"type": "LineString", "coordinates": [[-73.88964602818523, 40.79256693788174], [-73.88963753965173, 40.79223763344162]]}}, {"type": "Feature", "properties": {"segment_id": 1123883, "physicalid": "77945", "street_name": "UNNAMED ST", "borough": "bronx", "direction": "TW", "total_row_ft": 45.0, "roadbed_ft": 15.0, "median_ft": 0.0, "left_sw_ft": 15.0, "right_sw_ft": 15.0}, "geometry": {"type": "LineString", "coordinates": [[-73.8895738127109, 40.79256801308478], [-73.88956532453446, 40.792238708639395]]}}, {"type": "Feature", "properties": {"segment_id": 1123884, "physicalid": "77945", "street_name": "UNNAMED ST", "borough": "bronx", "direction": "TW", "total_row_ft": 44.9, "roadbed_ft": 14.9, "median_ft": 0.0, "left_sw_ft": 15.0, "right_sw_ft": 15.0}, "geometry": {"type": "LineString", "coordinates": [[-73.88950159723423, 40.79256908824258], [-73.88949310941484, 40.792239783791956]]}}, {"type": "Feature", "properties": {"segment_id": 1123885, "physicalid": "77945", "street_name": "UNNAMED ST", "borough": "bronx", "direction": "TW", "total_row_ft": 44.8, "roadbed_ft": 14.8, "median_ft": 0.0, "left_sw_ft": 15.0, "right_sw_ft": 15.0}, "geometry": {"type": "LineString", "coordinates": [[-73.8894293817552, 40.79257016335516], [-73.88942089429293, 40.79224085889925]]}}, {"type": "Feature", "properties": {"segment_id": 1123886, "physicalid": "77945", "street_name": "UNNAMED ST", "borough": "bronx", "direction": "TW", "total_row_ft": 44.7, "roadbed_ft": 14.7, "median_ft": 0.0, "left_sw_ft": 15.0, "right_sw_ft": 15.0}, "geometry": {"type": "LineString", "coordinates": [[-73.88935716627388, 40.792571238422475], [-73.88934867916863, 40.7922419339613]]}}, {"type": "Feature", "properties": {"segment_id": 1123887, "physicalid": "77945", "street_name": "UNNAMED ST", "borough": "bronx", "direction": "TW", "total_row_ft": 44.4, "roadbed_ft": 14.4, "median_ft": 0.0, "left_sw_ft": 15.0, "right_sw_ft": 15.0}, "geometry": {"type": "LineString", "coordinates": [[-73.88928495079021, 40.79257231344454], [-73.88927646404204, 40.79224300897812]]}}, {"type": "Feature", "properties": {"segment_id": 1123888, "physicalid": "77945", "street_name": "UNNAMED ST", "borough": "bronx", "direction": "TW", "total_row_ft": 79.5, "roadbed_ft": 14.2, "median_ft": 0.0, "left_sw_ft": 50.3, "right_sw_ft": 15.0}, "geometry": {"type": "LineString", "coordinates": [[-73.88921273530418, 40.79257338842137], [-73.88920424891312, 40.792244083949676]]}}, {"type": "Feature", "properties": {"segment_id": 1123889, "physicalid": "77945", "street_name": "UNNAMED ST", "borough": "bronx", "direction": "TW", "total_row_ft": 49.6, "roadbed_ft": 19.6, "median_ft": 0.0, "left_sw_ft": 15.0, "right_sw_ft": 15.0}, "geometry": {"type": "LineString", "coordinates": [[-73.88914051981587, 40.79257446335294], [-73.88913203378183, 40.79224515887598]]}}, {"type": "Feature", "properties": {"segment_id": 1123890, "physicalid": "77945", "street_name": "UNNAMED ST", "borough": "bronx", "direction": "TW", "total_row_ft": 132.0, "roadbed_ft": 102.0, "median_ft": 0.0, "left_sw_ft": 15.0, "right_sw_ft": 15.0}, "geometry": {"type": "LineString", "coordinates": [[-73.8890683043252, 40.79257553823928], [-73.88905981864824, 40.792246233757076]]}}, {"type": "Feature", "properties": {"segment_id": 1123891, "physicalid": "77945", "street_name": "UNNAMED ST", "borough": "bronx", "direction": "TW", "total_row_ft": 51.6, "roadbed_ft": 25.3, "median_ft": 0.0, "left_sw_ft": 11.3, "right_sw_ft": 15.0}, "geometry": {"type": "LineString", "coordinates": [[-73.88921931474762, 40.79245576928968], [-73.88883848658385, 40.792461434426606]]}}, {"type": "Feature", "properties": {"segment_id": 1123892, "physicalid": "77945", "street_name": "UNNAMED ST", "borough": "bronx", "direction": "TW", "total_row_ft": 43.8, "roadbed_ft": 17.3, "median_ft": 0.0, "left_sw_ft": 11.4, "right_sw_ft": 15.0}, "geometry": {"type": "LineString", "coordinates": [[-73.88922241994355, 40.79251062821285], [-73.8888398999231, 40.79251631852034]]}}, {"type": "Feature", "properties": {"segment_id": 1123893, "physicalid": "77945", "street_name": "UNNAMED ST", "borough": "bronx", "direction": "TW", "total_row_ft": 44.2, "roadbed_ft": 17.6, "median_ft": 0.0, "left_sw_ft": 11.6, "right_sw_ft": 15.0}, "geometry": {"type": "LineString", "coordinates": [[-73.88922552532098, 40.792565487132826], [-73.88884131326468, 40.79257120261356]]}}, {"type": "Feature", "properties": {"segment_id": 1123894, "physicalid": "77945", "street_name": "UNNAMED ST", "borough": "bronx", "direction": "TW", "total_row_ft": 40.9, "roadbed_ft": 17.9, "median_ft": 0.0, "left_sw_ft": 8.0, "right_sw_ft": 15.0}, "geometry": {"type": "LineString", "coordinates": [[-73.88914586585803, 40.7926215773592], [-73.88884272660859, 40.792626086706264]]}}, {"type": "Feature", "properties": {"segment_id": 1123895, "physicalid": "77945", "street_name": "UNNAMED ST", "borough": "bronx", "direction": "TW", "total_row_ft": 41.8, "roadbed_ft": 18.2, "median_ft": 0.0, "left_sw_ft": 8.6, "right_sw_ft": 15.0}, "geometry": {"type": "LineString", "coordinates": [[-73.8891374180557, 40.7926766081535], [-73.88884413995483, 40.79268097079854]]}}, {"type": "Feature", "properties": {"segment_id": 1123896, "physicalid": "77945", "street_name": "UNNAMED ST", "borough": "bronx", "direction": "TW", "total_row_ft": 41.8, "roadbed_ft": 18.2, "median_ft": 0.0, "left_sw_ft": 8.6, "right_sw_ft": 15.0}, "geometry": {"type": "LineString", "coordinates": [[-73.889138074433, 40.79273150350656], [-73.88884555330341, 40.79273585489028]]}}, {"type": "Feature", "properties": {"segment_id": 1123897, "physicalid": "77945", "street_name": "UNNAMED ST", "borough": "bronx", "direction": "TW", "total_row_ft": 41.7, "roadbed_ft": 18.1, "median_ft": 0.0, "left_sw_ft": 8.6, "right_sw_ft": 15.0}, "geometry": {"type": "LineString", "coordinates": [[-73.8891387308114, 40.792786398859135], [-73.88884696665431, 40.792790738981566]]}}, {"type": "Feature", "properties": {"segment_id": 1123898, "physicalid": "77945", "street_name": "UNNAMED ST", "borough": "bronx", "direction": "TW", "total_row_ft": 41.7, "roadbed_ft": 18.1, "median_ft": 0.0, "left_sw_ft": 8.6, "right_sw_ft": 15.0}, "geometry": {"type": "LineString", "coordinates": [[-73.88913938719087, 40.79284129421123], [-73.88884838000754, 40.79284562307236]]}}, {"type": "Feature", "properties": {"segment_id": 1123899, "physicalid": "77945", "street_name": "UNNAMED ST", "borough": "bronx", "direction": "TW", "total_row_ft": 41.7, "roadbed_ft": 18.0, "median_ft": 0.0, "left_sw_ft": 8.6, "right_sw_ft": 15.0}, "geometry": {"type": "LineString", "coordinates": [[-73.88914004357142, 40.79289618956285], [-73.88884979336311, 40.79290050716261]]}}, {"type": "Feature", "properties": {"segment_id": 1123900, "physicalid": "77945", "street_name": "UNNAMED ST", "borough": "bronx", "direction": "TW", "total_row_ft": 40.3, "roadbed_ft": 18.0, "median_ft": 0.0, "left_sw_ft": 7.3, "right_sw_ft": 15.0}, "geometry": {"type": "LineString", "coordinates": [[-73.88913183318475, 40.79295121682186], [-73.888851206721, 40.792955391252455]]}}, {"type": "Feature", "properties": {"segment_id": 1123901, "physicalid": "77945", "street_name": "UNNAMED ST", "borough": "bronx", "direction": "TW", "total_row_ft": 36.9, "roadbed_ft": 18.0, "median_ft": 0.0, "left_sw_ft": 4.0, "right_sw_ft": 15.0}, "geometry": {"type": "LineString", "coordinates": [[-73.88910583291005, 40.793006508730095], [-73.88885262008124, 40.793010275341764]]}}, {"type": "Feature", "properties": {"segment_id": 1123902, "physicalid": "77945", "street_name": "UNNAMED ST", "borough": "bronx", "direction": "TW", "total_row_ft": 47.9, "roadbed_ft": 17.9, "median_ft": 0.0, "left_sw_ft": 15.0, "right_sw_ft": 15.0}, "geometry": {"type": "LineString", "coordinates": [[-73.88928732998771, 40.79305871233955], [-73.88885403385163, 40.79306516076955]]}}, {"type": "Feature", "properties": {"segment_id": 1123903, "physicalid": "77945", "street_name": "UNNAMED ST", "borough": "bronx", "direction": "TW", "total_row_ft": 36.1, "roadbed_ft": 17.9, "median_ft": 0.0, "left_sw_ft": 3.3, "right_sw_ft": 15.0}, "geometry": {"type": "LineString", "coordinates": [[-73.88910337987565, 40.79311635525671], [-73.88885544780624, 40.793120044849104]]}}, {"type": "Feature", "properties": {"segment_id": 1123904, "physicalid": "77945", "street_name": "UNNAMED ST", "borough": "bronx", "direction": "TW", "total_row_ft": 47.8, "roadbed_ft": 17.8, "median_ft": 0.0, "left_sw_ft": 15.0, "right_sw_ft": 15.0}, "geometry": {"type": "LineString", "coordinates": [[-73.88929015861339, 40.79316848048768], [-73.88885686176317, 40.79317492892818]]}}, {"type": "Feature", "properties": {"segment_id": 1123905, "physicalid": "77945", "street_name": "UNNAMED ST", "borough": "bronx", "direction": "TW", "total_row_ft": 47.7, "roadbed_ft": 17.7, "median_ft": 0.0, "left_sw_ft": 15.0, "right_sw_ft": 15.0}, "geometry": {"type": "LineString", "coordinates": [[-73.88929157292975, 40.79322336456099], [-73.88885827572244, 40.79322981300677]]}}, {"type": "Feature", "properties": {"segment_id": 1123906, "physicalid": "77945", "street_name": "UNNAMED ST", "borough": "bronx", "direction": "TW", "total_row_ft": 47.5, "roadbed_ft": 17.5, "median_ft": 0.0, "left_sw_ft": 15.0, "right_sw_ft": 15.0}, "geometry": {"type": "LineString", "coordinates": [[-73.88929298724842, 40.79327824863383], [-73.88885968968404, 40.79328469708487]]}}, {"type": "Feature", "properties": {"segment_id": 1123907, "physicalid": "77945", "street_name": "UNNAMED ST", "borough": "bronx", "direction": "TW", "total_row_ft": 47.4, "roadbed_ft": 17.4, "median_ft": 0.0, "left_sw_ft": 15.0, "right_sw_ft": 15.0}, "geometry": {"type": "LineString", "coordinates": [[-73.88929440156943, 40.793333132706174], [-73.88886110364797, 40.793339581162485]]}}, {"type": "Feature", "properties": {"segment_id": 1123908, "physicalid": "77945", "street_name": "UNNAMED ST", "borough": "bronx", "direction": "TW", "total_row_ft": 47.3, "roadbed_ft": 17.3, "median_ft": 0.0, "left_sw_ft": 15.0, "right_sw_ft": 15.0}, "geometry": {"type": "LineString", "coordinates": [[-73.88929581589277, 40.793388016778046], [-73.88886251761421, 40.79339446523959]]}}, {"type": "Feature", "properties": {"segment_id": 1123909, "physicalid": "77945", "street_name": "UNNAMED ST", "borough": "bronx", "direction": "TW", "total_row_ft": 47.2, "roadbed_ft": 17.2, "median_ft": 0.0, "left_sw_ft": 15.0, "right_sw_ft": 15.0}, "geometry": {"type": "LineString", "coordinates": [[-73.88929723021845, 40.79344290084941], [-73.88886393158282, 40.793449349316234]]}}, {"type": "Feature", "properties": {"segment_id": 1123910, "physicalid": "77945", "street_name": "UNNAMED ST", "borough": "bronx", "direction": "TW", "total_row_ft": 47.2, "roadbed_ft": 17.2, "median_ft": 0.0, "left_sw_ft": 15.0, "right_sw_ft": 15.0}, "geometry": {"type": "LineString", "coordinates": [[-73.88929864454644, 40.7934977849203], [-73.88886534555374, 40.79350423339237]]}}, {"type": "Feature", "properties": {"segment_id": 1123911, "physicalid": "77945", "street_name": "UNNAMED ST", "borough": "bronx", "direction": "TW", "total_row_ft": 47.2, "roadbed_ft": 17.2, "median_ft": 0.0, "left_sw_ft": 15.0, "right_sw_ft": 15.0}, "geometry": {"type": "LineString", "coordinates": [[-73.88930005887678, 40.79355266899067], [-73.88886675952699, 40.79355911746802]]}}, {"type": "Feature", "properties": {"segment_id": 1123912, "physicalid": "77945", "street_name": "UNNAMED ST", "borough": "bronx", "direction": "TW", "total_row_ft": 47.8, "roadbed_ft": 17.8, "median_ft": 0.0, "left_sw_ft": 15.0, "right_sw_ft": 15.0}, "geometry": {"type": "LineString", "coordinates": [[-73.88930147320944, 40.79360755306055], [-73.88886817350257, 40.79361400154318]]}}, {"type": "Feature", "properties": {"segment_id": 1123913, "physicalid": "77945", "street_name": "UNNAMED ST", "borough": "bronx", "direction": "TW", "total_row_ft": 85.6, "roadbed_ft": 55.6, "median_ft": 0.0, "left_sw_ft": 15.0, "right_sw_ft": 15.0}, "geometry": {"type": "LineString", "coordinates": [[-73.88930288754446, 40.79366243712999], [-73.8888695874805, 40.79366888561785]]}}, {"type": "Feature", "properties": {"segment_id": 1123914, "physicalid": "77945", "street_name": "UNNAMED ST", "borough": "bronx", "direction": "TW", "total_row_ft": 71.9, "roadbed_ft": 41.9, "median_ft": 0.0, "left_sw_ft": 15.0, "right_sw_ft": 15.0}, "geometry": {"type": "LineString", "coordinates": [[-73.88913312586736, 40.793516601987115], [-73.88914160637961, 40.793845906483085]]}}, {"type": "Feature", "properties": {"segment_id": 1123915, "physicalid": "77945", "street_name": "UNNAMED ST", "borough": "bronx", "direction": "TW", "total_row_ft": 65.8, "roadbed_ft": 35.8, "median_ft": 0.0, "left_sw_ft": 15.0, "right_sw_ft": 15.0}, "geometry": {"type": "LineString", "coordinates": [[-73.88920534239637, 40.793515527780954], [-73.88921382326572, 40.793844832271674]]}}, {"type": "Feature", "properties": {"segment_id": 1123916, "physicalid": "77945", "street_name": "UNNAMED ST", "borough": "bronx", "direction": "TW", "total_row_ft": 49.9, "roadbed_ft": 19.9, "median_ft": 0.0, "left_sw_ft": 15.0, "right_sw_ft": 15.0}, "geometry": {"type": "LineString", "coordinates": [[-73.88927755892304, 40.793514453529546], [-73.88928604014947, 40.793843758014994]]}}, {"type": "Feature", "properties": {"segment_id": 1123917, "physicalid": "77945", "street_name": "UNNAMED ST", "borough": "bronx", "direction": "TW", "total_row_ft": 58.0, "roadbed_ft": 28.0, "median_ft": 0.0, "left_sw_ft": 15.0, "right_sw_ft": 15.0}, "geometry": {"type": "LineString", "coordinates": [[-73.88934977544739, 40.79351337923289], [-73.88935825703089, 40.79384268371309]]}}, {"type": "Feature", "properties": {"segment_id": 1123918, "physicalid": "77945", "street_name": "UNNAMED ST", "borough": "bronx", "direction": "TW", "total_row_ft": 56.8, "roadbed_ft": 26.8, "median_ft": 0.0, "left_sw_ft": 15.0, "right_sw_ft": 15.0}, "geometry": {"type": "LineString", "coordinates": [[-73.8894219919694, 40.79351230489097], [-73.88943047391001, 40.79384160936595]]}}, {"type": "Feature", "properties": {"segment_id": 1123919, "physicalid": "77945", "street_name": "UNNAMED ST", "borough": "bronx", "direction": "TW", "total_row_ft": 56.6, "roadbed_ft": 26.6, "median_ft": 0.0, "left_sw_ft": 15.0, "right_sw_ft": 15.0}, "geometry": {"type": "LineString", "coordinates": [[-73.88944360708996, 40.79351262244072], [-73.8895519220091, 40.79383153726889]]}}, {"type": "Feature", "properties": {"segment_id": 1123920, "physicalid": "77945", "street_name": "UNNAMED ST", "borough": "bronx", "direction": "TW", "total_row_ft": 51.5, "roadbed_ft": 21.5, "median_ft": 0.0, "left_sw_ft": 15.0, "right_sw_ft": 15.0}, "geometry": {"type": "LineString", "coordinates": [[-73.88931645583335, 40.79362613709158], [-73.88974899520663, 40.79364667748631]]}}, {"type": "Feature", "properties": {"segment_id": 1123921, "physicalid": "77945", "street_name": "UNNAMED ST", "borough": "bronx", "direction": "TW", "total_row_ft": 51.1, "roadbed_ft": 21.1, "median_ft": 0.0, "left_sw_ft": 15.0, "right_sw_ft": 15.0}, "geometry": {"type": "LineString", "coordinates": [[-73.88932096052696, 40.79357134935657], [-73.88975349954565, 40.79359188973461]]}}, {"type": "Feature", "properties": {"segment_id": 1123922, "physicalid": "77945", "street_name": "UNNAMED ST", "borough": "bronx", "direction": "TW", "total_row_ft": 51.0, "roadbed_ft": 21.0, "median_ft": 0.0, "left_sw_ft": 15.0, "right_sw_ft": 15.0}, "geometry": {"type": "LineString", "coordinates": [[-73.88932546521315, 40.793516561620976], [-73.88975800387726, 40.79353710198221]]}}, {"type": "Feature", "properties": {"segment_id": 1123923, "physicalid": "77945", "street_name": "UNNAMED ST", "borough": "bronx", "direction": "TW", "total_row_ft": 50.9, "roadbed_ft": 20.9, "median_ft": 0.0, "left_sw_ft": 15.0, "right_sw_ft": 15.0}, "geometry": {"type": "LineString", "coordinates": [[-73.8893299698919, 40.79346177388466], [-73.88976250820147, 40.79348231422923]]}}, {"type": "Feature", "properties": {"segment_id": 1123924, "physicalid": "77945", "street_name": "UNNAMED ST", "borough": "bronx", "direction": "TW", "total_row_ft": 50.8, "roadbed_ft": 20.8, "median_ft": 0.0, "left_sw_ft": 15.0, "right_sw_ft": 15.0}, "geometry": {"type": "LineString", "coordinates": [[-73.88933447456327, 40.793406986147744], [-73.88976701251825, 40.79342752647556]]}}, {"type": "Feature", "properties": {"segment_id": 1123925, "physicalid": "77945", "street_name": "UNNAMED ST", "borough": "bronx", "direction": "TW", "total_row_ft": 50.8, "roadbed_ft": 20.8, "median_ft": 0.0, "left_sw_ft": 15.0, "right_sw_ft": 15.0}, "geometry": {"type": "LineString", "coordinates": [[-73.88933897922722, 40.79335219841015], [-73.88977151682761, 40.79337273872126]]}}, {"type": "Feature", "properties": {"segment_id": 1123926, "physicalid": "77945", "street_name": "UNNAMED ST", "borough": "bronx", "direction": "TW", "total_row_ft": 50.7, "roadbed_ft": 20.7, "median_ft": 0.0, "left_sw_ft": 15.0, "right_sw_ft": 15.0}, "geometry": {"type": "LineString", "coordinates": [[-73.88934348388374, 40.79329741067193], [-73.88977602112956, 40.79331795096634]]}}, {"type": "Feature", "properties": {"segment_id": 1123927, "physicalid": "77945", "street_name": "UNNAMED ST", "borough": "bronx", "direction": "TW", "total_row_ft": 50.7, "roadbed_ft": 20.7, "median_ft": 0.0, "left_sw_ft": 15.0, "right_sw_ft": 15.0}, "geometry": {"type": "LineString", "coordinates": [[-73.88934798853285, 40.7932426229331], [-73.8897805254241, 40.79326316321068]]}}, {"type": "Feature", "properties": {"segment_id": 1123928, "physicalid": "77945", "street_name": "UNNAMED ST", "borough": "bronx", "direction": "TW", "total_row_ft": 92.4, "roadbed_ft": 62.4, "median_ft": 0.0, "left_sw_ft": 15.0, "right_sw_ft": 15.0}, "geometry": {"type": "LineString", "coordinates": [[-73.88935249317454, 40.79318783519357], [-73.88978502971122, 40.79320837545449]]}}, {"type": "Feature", "properties": {"segment_id": 1123929, "physicalid": "77945", "street_name": "UNNAMED ST", "borough": "bronx", "direction": "TW", "total_row_ft": 42.3, "roadbed_ft": 19.3, "median_ft": 0.0, "left_sw_ft": 7.9, "right_sw_ft": 15.0}, "geometry": {"type": "LineString", "coordinates": [[-73.88963517711572, 40.79312706727947], [-73.88963330502176, 40.793357955909634]]}}, {"type": "Feature", "properties": {"segment_id": 1123930, "physicalid": "77945", "street_name": "UNNAMED ST", "borough": "bronx", "direction": "TW", "total_row_ft": 42.2, "roadbed_ft": 19.0, "median_ft": 0.0, "left_sw_ft": 8.2, "right_sw_ft": 15.0}, "geometry": {"type": "LineString", "coordinates": [[-73.88970741323334, 40.79312647413763], [-73.88970553383903, 40.79335829415336]]}}, {"type": "Feature", "properties": {"segment_id": 1123931, "physicalid": "77945", "street_name": "UNNAMED ST", "borough": "bronx", "direction": "TW", "total_row_ft": 42.9, "roadbed_ft": 19.5, "median_ft": 0.0, "left_sw_ft": 8.5, "right_sw_ft": 15.0}, "geometry": {"type": "LineString", "coordinates": [[-73.88977964944695, 40.79312586894693], [-73.88977776265705, 40.79335863235183]]}}, {"type": "Feature", "properties": {"segment_id": 1123932, "physicalid": "77945", "street_name": "UNNAMED ST", "borough": "bronx", "direction": "TW", "total_row_ft": 69.4, "roadbed_ft": 21.0, "median_ft": 0.0, "left_sw_ft": 33.4, "right_sw_ft": 15.0}, "geometry": {"type": "LineString", "coordinates": [[-73.88985266093137, 40.7930296091667], [-73.88984999147577, 40.793358970505054]]}}, {"type": "Feature", "properties": {"segment_id": 1123933, "physicalid": "77945", "street_name": "UNNAMED ST", "borough": "bronx", "direction": "TW", "total_row_ft": 97.9, "roadbed_ft": 67.9, "median_ft": 0.0, "left_sw_ft": 15.0, "right_sw_ft": 15.0}, "geometry": {"type": "LineString", "coordinates": [[-73.88969170390332, 40.79317492452448], [-73.8901246459998, 40.793189726991834]]}}, {"type": "Feature", "properties": {"segment_id": 1123934, "physicalid": "77946", "street_name": "UNNAMED ST", "borough": "bronx", "direction": "TW", "total_row_ft": 38.5, "roadbed_ft": 15.0, "median_ft": 0.0, "left_sw_ft": 8.5, "right_sw_ft": 15.0}, "geometry": {"type": "LineString", "coordinates": [[-73.88984065776025, 40.79308571507009], [-73.89012918684125, 40.79309040618879]]}}, {"type": "Feature", "properties": {"segment_id": 1123935, "physicalid": "77946", "street_name": "UNNAMED ST", "borough": "bronx", "direction": "TW", "total_row_ft": 37.3, "roadbed_ft": 15.2, "median_ft": 0.0, "left_sw_ft": 7.1, "right_sw_ft": 15.0}, "geometry": {"type": "LineString", "coordinates": [[-73.88984567752343, 40.79303088953023], [-73.8901307315907, 40.793035524145274]]}}, {"type": "Feature", "properties": {"segment_id": 1123936, "physicalid": "77946", "street_name": "UNNAMED ST", "borough": "bronx", "direction": "TW", "total_row_ft": 35.8, "roadbed_ft": 15.2, "median_ft": 0.0, "left_sw_ft": 5.6, "right_sw_ft": 15.0}, "geometry": {"type": "LineString", "coordinates": [[-73.8898504272704, 40.79297605959936], [-73.89013227633761, 40.79298064210135]]}}, {"type": "Feature", "properties": {"segment_id": 1123937, "physicalid": "77946", "street_name": "UNNAMED ST", "borough": "bronx", "direction": "TW", "total_row_ft": 36.4, "roadbed_ft": 15.3, "median_ft": 0.0, "left_sw_ft": 6.1, "right_sw_ft": 15.0}, "geometry": {"type": "LineString", "coordinates": [[-73.88984771286535, 40.79292441722344], [-73.89013176487413, 40.79291531661376]]}}, {"type": "Feature", "properties": {"segment_id": 1123938, "physicalid": "77946", "street_name": "UNNAMED ST", "borough": "bronx", "direction": "TW", "total_row_ft": 88.3, "roadbed_ft": 66.6, "median_ft": 0.0, "left_sw_ft": 6.7, "right_sw_ft": 15.0}, "geometry": {"type": "LineString", "coordinates": [[-73.88984482981526, 40.792869566236426], [-73.89012872254962, 40.79286047072942]]}}, {"type": "Feature", "properties": {"segment_id": 1123939, "physicalid": "77946", "street_name": "UNNAMED ST", "borough": "bronx", "direction": "TW", "total_row_ft": 62.1, "roadbed_ft": 39.7, "median_ft": 0.0, "left_sw_ft": 7.3, "right_sw_ft": 15.0}, "geometry": {"type": "LineString", "coordinates": [[-73.88984194676992, 40.79281471524887], [-73.89012568023011, 40.79280562484446]]}}, {"type": "Feature", "properties": {"segment_id": 1123940, "physicalid": "77946", "street_name": "UNNAMED ST", "borough": "bronx", "direction": "TW", "total_row_ft": 36.7, "roadbed_ft": 14.7, "median_ft": 0.0, "left_sw_ft": 7.0, "right_sw_ft": 15.0}, "geometry": {"type": "LineString", "coordinates": [[-73.88983923397825, 40.79276310331672], [-73.89012126471866, 40.7927403546238]]}}, {"type": "Feature", "properties": {"segment_id": 1123941, "physicalid": "77946", "street_name": "UNNAMED ST", "borough": "bronx", "direction": "TW", "total_row_ft": 35.7, "roadbed_ft": 14.6, "median_ft": 0.0, "left_sw_ft": 6.0, "right_sw_ft": 15.0}, "geometry": {"type": "LineString", "coordinates": [[-73.88982978239623, 40.79270866278157], [-73.89011364157957, 40.79268576660817]]}}, {"type": "Feature", "properties": {"segment_id": 1123942, "physicalid": "77946", "street_name": "UNNAMED ST", "borough": "bronx", "direction": "TW", "total_row_ft": 36.5, "roadbed_ft": 15.2, "median_ft": 0.0, "left_sw_ft": 6.3, "right_sw_ft": 15.0}, "geometry": {"type": "LineString", "coordinates": [[-73.88981585509795, 40.79265458325335], [-73.89010601845298, 40.79263117859155]]}}, {"type": "Feature", "properties": {"segment_id": 1123943, "physicalid": "77946", "street_name": "UNNAMED ST", "borough": "bronx", "direction": "TW", "total_row_ft": 44.2, "roadbed_ft": 14.6, "median_ft": 0.0, "left_sw_ft": 14.6, "right_sw_ft": 15.0}, "geometry": {"type": "LineString", "coordinates": [[-73.88976643821931, 40.79260336627161], [-73.8900983953389, 40.79257659057395]]}}, {"type": "Feature", "properties": {"segment_id": 1123944, "physicalid": "77946", "street_name": "UNNAMED ST", "borough": "bronx", "direction": "TW", "total_row_ft": 44.3, "roadbed_ft": 14.3, "median_ft": 0.0, "left_sw_ft": 15.0, "right_sw_ft": 15.0}, "geometry": {"type": "LineString", "coordinates": [[-73.88965835011426, 40.79256747233728], [-73.8900855348788, 40.79251199843448]]}}, {"type": "Feature", "properties": {"segment_id": 1123945, "physicalid": "77946", "street_name": "UNNAMED ST", "borough": "bronx", "direction": "TW", "total_row_ft": 44.8, "roadbed_ft": 14.8, "median_ft": 0.0, "left_sw_ft": 15.0, "right_sw_ft": 15.0}, "geometry": {"type": "LineString", "coordinates": [[-73.88964618503735, 40.79251336191371], [-73.89007336946484, 40.79245788805554]]}}, {"type": "Feature", "properties": {"segment_id": 1123946, "physicalid": "77947", "street_name": "UNNAMED ST", "borough": "bronx", "direction": "TW", "total_row_ft": 55.4, "roadbed_ft": 25.4, "median_ft": 0.0, "left_sw_ft": 15.0, "right_sw_ft": 15.0}, "geometry": {"type": "LineString", "coordinates": [[-73.88961842077931, 40.792380344848056], [-73.89004797306019, 40.79233669635526]]}}, {"type": "Feature", "properties": {"segment_id": 1123947, "physicalid": "77947", "street_name": "UNNAMED ST", "borough": "bronx", "direction": "TW", "total_row_ft": 51.6, "roadbed_ft": 21.6, "median_ft": 0.0, "left_sw_ft": 15.0, "right_sw_ft": 15.0}, "geometry": {"type": "LineString", "coordinates": [[-73.88961287598288, 40.79230432045328], [-73.8900462481087, 40.79230328500783]]}}, {"type": "Feature", "properties": {"segment_id": 1123948, "physicalid": "77947", "street_name": "UNNAMED ST", "borough": "bronx", "direction": "TW", "total_row_ft": 51.1, "roadbed_ft": 21.1, "median_ft": 0.0, "left_sw_ft": 15.0, "right_sw_ft": 15.0}, "geometry": {"type": "LineString", "coordinates": [[-73.88961264909256, 40.7922494261185], [-73.89004602086104, 40.79224839067381]]}}, {"type": "Feature", "properties": {"segment_id": 1123949, "physicalid": "77947", "street_name": "UNNAMED ST", "borough": "bronx", "direction": "TW", "total_row_ft": 50.8, "roadbed_ft": 20.8, "median_ft": 0.0, "left_sw_ft": 15.0, "right_sw_ft": 15.0}, "geometry": {"type": "LineString", "coordinates": [[-73.88961242220259, 40.79219453178321], [-73.89004579361375, 40.79219349633937]]}}, {"type": "Feature", "properties": {"segment_id": 1123950, "physicalid": "77947", "street_name": "UNNAMED ST", "borough": "bronx", "direction": "TW", "total_row_ft": 51.3, "roadbed_ft": 21.3, "median_ft": 0.0, "left_sw_ft": 15.0, "right_sw_ft": 15.0}, "geometry": {"type": "LineString", "coordinates": [[-73.88961219531302, 40.79213963744741], [-73.89004556636684, 40.79213860200449]]}}, {"type": "Feature", "properties": {"segment_id": 1123951, "physicalid": "77947", "street_name": "UNNAMED ST", "borough": "bronx", "direction": "TW", "total_row_ft": 95.1, "roadbed_ft": 65.1, "median_ft": 0.0, "left_sw_ft": 15.0, "right_sw_ft": 15.0}, "geometry": {"type": "LineString", "coordinates": [[-73.88961196859499, 40.79208473807616], [-73.89004533933293, 40.7920837127032]]}}, {"type": "Feature", "properties": {"segment_id": 1123952, "physicalid": "77947", "street_name": "UNNAMED ST", "borough": "bronx", "direction": "TW", "total_row_ft": 49.6, "roadbed_ft": 19.6, "median_ft": 0.0, "left_sw_ft": 15.0, "right_sw_ft": 15.0}, "geometry": {"type": "LineString", "coordinates": [[-73.88961174391429, 40.7920298437342], [-73.89004511429488, 40.792028818362084]]}}, {"type": "Feature", "properties": {"segment_id": 1123953, "physicalid": "77947", "street_name": "UNNAMED ST", "borough": "bronx", "direction": "TW", "total_row_ft": 49.6, "roadbed_ft": 19.6, "median_ft": 0.0, "left_sw_ft": 15.0, "right_sw_ft": 15.0}, "geometry": {"type": "LineString", "coordinates": [[-73.88961151923395, 40.79197494939178], [-73.89004488925721, 40.7919739240205]]}}, {"type": "Feature", "properties": {"segment_id": 1123954, "physicalid": "77947", "street_name": "UNNAMED ST", "borough": "bronx", "direction": "TW", "total_row_ft": 49.7, "roadbed_ft": 19.7, "median_ft": 0.0, "left_sw_ft": 15.0, "right_sw_ft": 15.0}, "geometry": {"type": "LineString", "coordinates": [[-73.88961129455397, 40.79192005504889], [-73.89004466421991, 40.79191902967843]]}}, {"type": "Feature", "properties": {"segment_id": 1123955, "physicalid": "77947", "street_name": "UNNAMED ST", "borough": "bronx", "direction": "TW", "total_row_ft": 49.8, "roadbed_ft": 19.8, "median_ft": 0.0, "left_sw_ft": 15.0, "right_sw_ft": 15.0}, "geometry": {"type": "LineString", "coordinates": [[-73.88961106987438, 40.79186516070553], [-73.89004443918299, 40.7918641353359]]}}, {"type": "Feature", "properties": {"segment_id": 1123956, "physicalid": "77947", "street_name": "UNNAMED ST", "borough": "bronx", "direction": "TW", "total_row_ft": 49.8, "roadbed_ft": 19.8, "median_ft": 0.0, "left_sw_ft": 15.0, "right_sw_ft": 15.0}, "geometry": {"type": "LineString", "coordinates": [[-73.88961084519515, 40.79181026636169], [-73.89004421414643, 40.79180924099289]]}}, {"type": "Feature", "properties": {"segment_id": 1123957, "physicalid": "77947", "street_name": "UNNAMED ST", "borough": "bronx", "direction": "TW", "total_row_ft": 49.9, "roadbed_ft": 19.9, "median_ft": 0.0, "left_sw_ft": 15.0, "right_sw_ft": 15.0}, "geometry": {"type": "LineString", "coordinates": [[-73.8896106205163, 40.79175537201738], [-73.89004398911023, 40.79175434664942]]}}, {"type": "Feature", "properties": {"segment_id": 1123958, "physicalid": "77947", "street_name": "UNNAMED ST", "borough": "bronx", "direction": "TW", "total_row_ft": 93.2, "roadbed_ft": 63.2, "median_ft": 0.0, "left_sw_ft": 15.0, "right_sw_ft": 15.0}, "geometry": {"type": "LineString", "coordinates": [[-73.88961039583779, 40.7917004776726], [-73.89004376407442, 40.7916994523055]]}}, {"type": "Feature", "properties": {"segment_id": 1123959, "physicalid": "77947", "street_name": "UNNAMED ST", "borough": "bronx", "direction": "TW", "total_row_ft": 88.8, "roadbed_ft": 58.8, "median_ft": 0.0, "left_sw_ft": 15.0, "right_sw_ft": 15.0}, "geometry": {"type": "LineString", "coordinates": [[-73.88980187358067, 40.791829376742186], [-73.88980051959847, 40.79150001068427]]}}, {"type": "Feature", "properties": {"segment_id": 1123960, "physicalid": "77947", "street_name": "UNNAMED ST", "borough": "bronx", "direction": "TW", "total_row_ft": 50.6, "roadbed_ft": 20.6, "median_ft": 0.0, "left_sw_ft": 15.0, "right_sw_ft": 15.0}, "geometry": {"type": "LineString", "coordinates": [[-73.88972964540316, 40.791829548227724], [-73.88972829177828, 40.79150018216895]]}}, {"type": "Feature", "properties": {"segment_id": 1123961, "physicalid": "77947", "street_name": "UNNAMED ST", "borough": "bronx", "direction": "TW", "total_row_ft": 50.6, "roadbed_ft": 20.6, "median_ft": 0.0, "left_sw_ft": 15.0, "right_sw_ft": 15.0}, "geometry": {"type": "LineString", "coordinates": [[-73.88965741722528, 40.79182971966797], [-73.88965606395774, 40.79150035360837]]}}, {"type": "Feature", "properties": {"segment_id": 1123962, "physicalid": "77947", "street_name": "UNNAMED ST", "borough": "bronx", "direction": "TW", "total_row_ft": 50.6, "roadbed_ft": 20.6, "median_ft": 0.0, "left_sw_ft": 15.0, "right_sw_ft": 15.0}, "geometry": {"type": "LineString", "coordinates": [[-73.88958518904704, 40.791829891062974], [-73.88958383613681, 40.79150052500253]]}}, {"type": "Feature", "properties": {"segment_id": 1123963, "physicalid": "77947", "street_name": "UNNAMED ST", "borough": "bronx", "direction": "TW", "total_row_ft": 50.5, "roadbed_ft": 20.5, "median_ft": 0.0, "left_sw_ft": 15.0, "right_sw_ft": 15.0}, "geometry": {"type": "LineString", "coordinates": [[-73.88951296086842, 40.791830062412714], [-73.88951160831552, 40.79150069635143]]}}, {"type": "Feature", "properties": {"segment_id": 1123964, "physicalid": "77947", "street_name": "UNNAMED ST", "borough": "bronx", "direction": "TW", "total_row_ft": 50.5, "roadbed_ft": 20.5, "median_ft": 0.0, "left_sw_ft": 15.0, "right_sw_ft": 15.0}, "geometry": {"type": "LineString", "coordinates": [[-73.88944073268942, 40.79183023371718], [-73.88943938049387, 40.79150086765506]]}}, {"type": "Feature", "properties": {"segment_id": 1123965, "physicalid": "77947", "street_name": "UNNAMED ST", "borough": "bronx", "direction": "TW", "total_row_ft": 50.5, "roadbed_ft": 20.5, "median_ft": 0.0, "left_sw_ft": 15.0, "right_sw_ft": 15.0}, "geometry": {"type": "LineString", "coordinates": [[-73.88936850451007, 40.79183040497641], [-73.88936715267182, 40.791501038913424]]}}, {"type": "Feature", "properties": {"segment_id": 1123966, "physicalid": "77947", "street_name": "UNNAMED ST", "borough": "bronx", "direction": "TW", "total_row_ft": 50.4, "roadbed_ft": 20.4, "median_ft": 0.0, "left_sw_ft": 15.0, "right_sw_ft": 15.0}, "geometry": {"type": "LineString", "coordinates": [[-73.88929627633031, 40.79183057619034], [-73.88929492484942, 40.79150121012655]]}}, {"type": "Feature", "properties": {"segment_id": 1123967, "physicalid": "77947", "street_name": "UNNAMED ST", "borough": "bronx", "direction": "TW", "total_row_ft": 52.6, "roadbed_ft": 22.6, "median_ft": 0.0, "left_sw_ft": 15.0, "right_sw_ft": 15.0}, "geometry": {"type": "LineString", "coordinates": [[-73.88922404815021, 40.791830747359036], [-73.88922269702665, 40.791501381294395]]}}, {"type": "Feature", "properties": {"segment_id": 1123968, "physicalid": "77947", "street_name": "UNNAMED ST", "borough": "bronx", "direction": "TW", "total_row_ft": 82.3, "roadbed_ft": 52.3, "median_ft": 0.0, "left_sw_ft": 15.0, "right_sw_ft": 15.0}, "geometry": {"type": "LineString", "coordinates": [[-73.88915181996974, 40.79183091848244], [-73.88915046920349, 40.79150155241698]]}}, {"type": "Feature", "properties": {"segment_id": 1123969, "physicalid": "77947", "street_name": "UNNAMED ST", "borough": "bronx", "direction": "TW", "total_row_ft": 58.0, "roadbed_ft": 28.0, "median_ft": 0.0, "left_sw_ft": 15.0, "right_sw_ft": 15.0}, "geometry": {"type": "LineString", "coordinates": [[-73.88890172893906, 40.79163671424377], [-73.88933509675503, 40.79163568751456]]}}, {"type": "Feature", "properties": {"segment_id": 1123970, "physicalid": "77947", "street_name": "UNNAMED ST", "borough": "bronx", "direction": "TW", "total_row_ft": 49.9, "roadbed_ft": 19.9, "median_ft": 0.0, "left_sw_ft": 15.0, "right_sw_ft": 15.0}, "geometry": {"type": "LineString", "coordinates": [[-73.88890150396247, 40.79158181989869], [-73.8893348714211, 40.7915807931703]]}}, {"type": "Feature", "properties": {"segment_id": 1123971, "physicalid": "77947", "street_name": "UNNAMED ST", "borough": "bronx", "direction": "TW", "total_row_ft": 49.9, "roadbed_ft": 19.9, "median_ft": 0.0, "left_sw_ft": 15.0, "right_sw_ft": 15.0}, "geometry": {"type": "LineString", "coordinates": [[-73.88890127898622, 40.7915269255531], [-73.88933464608755, 40.791525898825576]]}}, {"type": "Feature", "properties": {"segment_id": 1123972, "physicalid": "77947", "street_name": "UNNAMED ST", "borough": "bronx", "direction": "TW", "total_row_ft": 50.0, "roadbed_ft": 20.0, "median_ft": 0.0, "left_sw_ft": 15.0, "right_sw_ft": 15.0}, "geometry": {"type": "LineString", "coordinates": [[-73.88890105401036, 40.79147203120703], [-73.88933442075435, 40.791471004480414]]}}, {"type": "Feature", "properties": {"segment_id": 1123973, "physicalid": "77947", "street_name": "UNNAMED ST", "borough": "bronx", "direction": "TW", "total_row_ft": 50.0, "roadbed_ft": 20.0, "median_ft": 0.0, "left_sw_ft": 15.0, "right_sw_ft": 15.0}, "geometry": {"type": "LineString", "coordinates": [[-73.88890082903488, 40.79141713686057], [-73.88933419542154, 40.791416110134705]]}}, {"type": "Feature", "properties": {"segment_id": 1123974, "physicalid": "77947", "street_name": "UNNAMED ST", "borough": "bronx", "direction": "TW", "total_row_ft": 49.9, "roadbed_ft": 19.9, "median_ft": 0.0, "left_sw_ft": 15.0, "right_sw_ft": 15.0}, "geometry": {"type": "LineString", "coordinates": [[-73.88890060405976, 40.791362242513614], [-73.8893339700891, 40.79136121578859]]}}, {"type": "Feature", "properties": {"segment_id": 1123975, "physicalid": "77947", "street_name": "UNNAMED ST", "borough": "bronx", "direction": "TW", "total_row_ft": 49.8, "roadbed_ft": 19.8, "median_ft": 0.0, "left_sw_ft": 15.0, "right_sw_ft": 15.0}, "geometry": {"type": "LineString", "coordinates": [[-73.88890037908502, 40.79130734816616], [-73.88933374475702, 40.791306321441965]]}}, {"type": "Feature", "properties": {"segment_id": 1123976, "physicalid": "77947", "street_name": "UNNAMED ST", "borough": "bronx", "direction": "TW", "total_row_ft": 49.7, "roadbed_ft": 19.7, "median_ft": 0.0, "left_sw_ft": 15.0, "right_sw_ft": 15.0}, "geometry": {"type": "LineString", "coordinates": [[-73.88890015411063, 40.79125245381823], [-73.88933351942532, 40.79125142709488]]}}, {"type": "Feature", "properties": {"segment_id": 1123977, "physicalid": "77947", "street_name": "UNNAMED ST", "borough": "bronx", "direction": "TW", "total_row_ft": 49.7, "roadbed_ft": 19.7, "median_ft": 0.0, "left_sw_ft": 15.0, "right_sw_ft": 15.0}, "geometry": {"type": "LineString", "coordinates": [[-73.88889992913663, 40.79119755946981], [-73.88933329409399, 40.791196532747385]]}}, {"type": "Feature", "properties": {"segment_id": 1123978, "physicalid": "77947", "street_name": "UNNAMED ST", "borough": "bronx", "direction": "TW", "total_row_ft": 49.8, "roadbed_ft": 19.8, "median_ft": 0.0, "left_sw_ft": 15.0, "right_sw_ft": 15.0}, "geometry": {"type": "LineString", "coordinates": [[-73.888899704163, 40.791142665121], [-73.88933306876302, 40.79114163839932]]}}, {"type": "Feature", "properties": {"segment_id": 1123979, "physicalid": "77947", "street_name": "UNNAMED ST", "borough": "bronx", "direction": "TW", "total_row_ft": 49.8, "roadbed_ft": 19.8, "median_ft": 0.0, "left_sw_ft": 15.0, "right_sw_ft": 15.0}, "geometry": {"type": "LineString", "coordinates": [[-73.88889947918973, 40.79108777077167], [-73.88933284343244, 40.79108674405084]]}}, {"type": "Feature", "properties": {"segment_id": 1123980, "physicalid": "77947", "street_name": "UNNAMED ST", "borough": "bronx", "direction": "TW", "total_row_ft": 49.8, "roadbed_ft": 19.8, "median_ft": 0.0, "left_sw_ft": 15.0, "right_sw_ft": 15.0}, "geometry": {"type": "LineString", "coordinates": [[-73.88889925421684, 40.79103287642185], [-73.88933261810223, 40.79103184970185]]}}, {"type": "Feature", "properties": {"segment_id": 1123981, "physicalid": "77947", "street_name": "UNNAMED ST", "borough": "bronx", "direction": "TW", "total_row_ft": 49.9, "roadbed_ft": 19.9, "median_ft": 0.0, "left_sw_ft": 15.0, "right_sw_ft": 15.0}, "geometry": {"type": "LineString", "coordinates": [[-73.88889902924431, 40.79097798207161], [-73.88933239277239, 40.79097695535244]]}}, {"type": "Feature", "properties": {"segment_id": 1123982, "physicalid": "77947", "street_name": "UNNAMED ST", "borough": "bronx", "direction": "TW", "total_row_ft": 49.9, "roadbed_ft": 19.9, "median_ft": 0.0, "left_sw_ft": 15.0, "right_sw_ft": 15.0}, "geometry": {"type": "LineString", "coordinates": [[-73.88889880427217, 40.79092308772087], [-73.88933216744292, 40.79092206100253]]}}, {"type": "Feature", "properties": {"segment_id": 1123983, "physicalid": "77947", "street_name": "UNNAMED ST", "borough": "bronx", "direction": "TW", "total_row_ft": 49.9, "roadbed_ft": 19.9, "median_ft": 0.0, "left_sw_ft": 15.0, "right_sw_ft": 15.0}, "geometry": {"type": "LineString", "coordinates": [[-73.88889857930039, 40.790868193369626], [-73.88933194211381, 40.790867166652205]]}}, {"type": "Feature", "properties": {"segment_id": 1123984, "physicalid": "77947", "street_name": "UNNAMED ST", "borough": "bronx", "direction": "TW", "total_row_ft": 49.9, "roadbed_ft": 19.9, "median_ft": 0.0, "left_sw_ft": 15.0, "right_sw_ft": 15.0}, "geometry": {"type": "LineString", "coordinates": [[-73.88889835432897, 40.79081329901799], [-73.88933171678508, 40.79081227230133]]}}, {"type": "Feature", "properties": {"segment_id": 1123985, "physicalid": "77947", "street_name": "UNNAMED ST", "borough": "bronx", "direction": "TW", "total_row_ft": 49.9, "roadbed_ft": 19.9, "median_ft": 0.0, "left_sw_ft": 15.0, "right_sw_ft": 15.0}, "geometry": {"type": "LineString", "coordinates": [[-73.88889812935794, 40.79075840466581], [-73.88933149145673, 40.79075737795001]]}}, {"type": "Feature", "properties": {"segment_id": 1123986, "physicalid": "77947", "street_name": "UNNAMED ST", "borough": "bronx", "direction": "TW", "total_row_ft": 50.0, "roadbed_ft": 20.0, "median_ft": 0.0, "left_sw_ft": 15.0, "right_sw_ft": 15.0}, "geometry": {"type": "LineString", "coordinates": [[-73.88889790438728, 40.790703510313215], [-73.88933126612874, 40.79070248359823]]}}, {"type": "Feature", "properties": {"segment_id": 1123987, "physicalid": "77947", "street_name": "UNNAMED ST", "borough": "bronx", "direction": "TW", "total_row_ft": 50.7, "roadbed_ft": 20.7, "median_ft": 0.0, "left_sw_ft": 15.0, "right_sw_ft": 15.0}, "geometry": {"type": "LineString", "coordinates": [[-73.88889767941697, 40.790648615960116], [-73.88933104080114, 40.790647589245985]]}}, {"type": "Feature", "properties": {"segment_id": 1123988, "physicalid": "77947", "street_name": "UNNAMED ST", "borough": "bronx", "direction": "TW", "total_row_ft": 53.5, "roadbed_ft": 23.5, "median_ft": 0.0, "left_sw_ft": 15.0, "right_sw_ft": 15.0}, "geometry": {"type": "LineString", "coordinates": [[-73.88891593452841, 40.79054749186565], [-73.88933146284283, 40.79064100865084]]}}, {"type": "Feature", "properties": {"segment_id": 1123989, "physicalid": "77947", "street_name": "UNNAMED ST", "borough": "bronx", "direction": "TW", "total_row_ft": 52.7, "roadbed_ft": 22.7, "median_ft": 0.0, "left_sw_ft": 15.0, "right_sw_ft": 15.0}, "geometry": {"type": "LineString", "coordinates": [[-73.88892240683236, 40.79054625587059], [-73.88935555740362, 40.79053594934746]]}}, {"type": "Feature", "properties": {"segment_id": 1123990, "physicalid": "77947", "street_name": "UNNAMED ST", "borough": "bronx", "direction": "TW", "total_row_ft": 50.8, "roadbed_ft": 20.8, "median_ft": 0.0, "left_sw_ft": 15.0, "right_sw_ft": 15.0}, "geometry": {"type": "LineString", "coordinates": [[-73.88892014689245, 40.79049138812804], [-73.88935329710706, 40.7904810816133]]}}, {"type": "Feature", "properties": {"segment_id": 1123991, "physicalid": "77947", "street_name": "UNNAMED ST", "borough": "bronx", "direction": "TW", "total_row_ft": 50.4, "roadbed_ft": 20.4, "median_ft": 0.0, "left_sw_ft": 15.0, "right_sw_ft": 15.0}, "geometry": {"type": "LineString", "coordinates": [[-73.88891788695625, 40.790436520384965], [-73.88935103681426, 40.79042621387861]]}}, {"type": "Feature", "properties": {"segment_id": 1123992, "physicalid": "77947", "street_name": "UNNAMED ST", "borough": "bronx", "direction": "TW", "total_row_ft": 47.3, "roadbed_ft": 17.3, "median_ft": 0.0, "left_sw_ft": 15.0, "right_sw_ft": 15.0}, "geometry": {"type": "LineString", "coordinates": [[-73.88891562702378, 40.79038165264136], [-73.88934877652517, 40.79037134614343]]}}, {"type": "Feature", "properties": {"segment_id": 1123993, "physicalid": "77947", "street_name": "UNNAMED ST", "borough": "bronx", "direction": "TW", "total_row_ft": 47.5, "roadbed_ft": 17.5, "median_ft": 0.0, "left_sw_ft": 15.0, "right_sw_ft": 15.0}, "geometry": {"type": "LineString", "coordinates": [[-73.88891336709504, 40.79032678489726], [-73.8893465162398, 40.79031647840774]]}}, {"type": "Feature", "properties": {"segment_id": 1123994, "physicalid": "77947", "street_name": "UNNAMED ST", "borough": "bronx", "direction": "TW", "total_row_ft": 47.3, "roadbed_ft": 17.3, "median_ft": 0.0, "left_sw_ft": 15.0, "right_sw_ft": 15.0}, "geometry": {"type": "LineString", "coordinates": [[-73.88891110717002, 40.79027191715266], [-73.88934425595815, 40.79026161067153]]}}, {"type": "Feature", "properties": {"segment_id": 1123995, "physicalid": "77947", "street_name": "UNNAMED ST", "borough": "bronx", "direction": "TW", "total_row_ft": 47.1, "roadbed_ft": 17.1, "median_ft": 0.0, "left_sw_ft": 15.0, "right_sw_ft": 15.0}, "geometry": {"type": "LineString", "coordinates": [[-73.88890884724871, 40.79021704940752], [-73.88934199568024, 40.79020674293479]]}}, {"type": "Feature", "properties": {"segment_id": 1123996, "physicalid": "77947", "street_name": "UNNAMED ST", "borough": "bronx", "direction": "TW", "total_row_ft": 46.8, "roadbed_ft": 16.8, "median_ft": 0.0, "left_sw_ft": 15.0, "right_sw_ft": 15.0}, "geometry": {"type": "LineString", "coordinates": [[-73.88890658733115, 40.790162181661856], [-73.88933973540605, 40.79015187519757]]}}, {"type": "Feature", "properties": {"segment_id": 1123997, "physicalid": "77947", "street_name": "UNNAMED ST", "borough": "bronx", "direction": "TW", "total_row_ft": 46.6, "roadbed_ft": 16.6, "median_ft": 0.0, "left_sw_ft": 15.0, "right_sw_ft": 15.0}, "geometry": {"type": "LineString", "coordinates": [[-73.88890432741731, 40.790107313915705], [-73.88933747513558, 40.7900970074598]]}}, {"type": "Feature", "properties": {"segment_id": 1123998, "physicalid": "77947", "street_name": "UNNAMED ST", "borough": "bronx", "direction": "TW", "total_row_ft": 46.5, "roadbed_ft": 16.5, "median_ft": 0.0, "left_sw_ft": 15.0, "right_sw_ft": 15.0}, "geometry": {"type": "LineString", "coordinates": [[-73.88890206750717, 40.79005244616904], [-73.88933521486884, 40.79004213972154]]}}, {"type": "Feature", "properties": {"segment_id": 1124035, "physicalid": "77947", "street_name": "UNNAMED ST", "borough": "bronx", "direction": "TW", "total_row_ft": 83.0, "roadbed_ft": 53.0, "median_ft": 0.0, "left_sw_ft": 15.0, "right_sw_ft": 15.0}, "geometry": {"type": "LineString", "coordinates": [[-73.88800560481455, 40.79002976993454], [-73.88757224744694, 40.79002874606413]]}}, {"type": "Feature", "properties": {"segment_id": 1124036, "physicalid": "77948", "street_name": "UNNAMED ST", "borough": "bronx", "direction": "TW", "total_row_ft": 56.8, "roadbed_ft": 26.8, "median_ft": 0.0, "left_sw_ft": 15.0, "right_sw_ft": 15.0}, "geometry": {"type": "LineString", "coordinates": [[-73.8880058893814, 40.79016323376277], [-73.8875725640654, 40.79016742160203]]}}, {"type": "Feature", "properties": {"segment_id": 1124037, "physicalid": "77948", "street_name": "UNNAMED ST", "borough": "bronx", "direction": "TW", "total_row_ft": 55.1, "roadbed_ft": 25.1, "median_ft": 0.0, "left_sw_ft": 15.0, "right_sw_ft": 15.0}, "geometry": {"type": "LineString", "coordinates": [[-73.88800680790787, 40.79021812394712], [-73.88757348223466, 40.790222311789734]]}}, {"type": "Feature", "properties": {"segment_id": 1124038, "physicalid": "77948", "street_name": "UNNAMED ST", "borough": "bronx", "direction": "TW", "total_row_ft": 54.9, "roadbed_ft": 24.9, "median_ft": 0.0, "left_sw_ft": 15.0, "right_sw_ft": 15.0}, "geometry": {"type": "LineString", "coordinates": [[-73.88800772643584, 40.79027301413094], [-73.88757440040543, 40.790277201977034]]}}, {"type": "Feature", "properties": {"segment_id": 1124039, "physicalid": "77948", "street_name": "UNNAMED ST", "borough": "bronx", "direction": "TW", "total_row_ft": 54.8, "roadbed_ft": 24.8, "median_ft": 0.0, "left_sw_ft": 15.0, "right_sw_ft": 15.0}, "geometry": {"type": "LineString", "coordinates": [[-73.88800864496532, 40.79032790431433], [-73.8875753185777, 40.79033209216383]]}}, {"type": "Feature", "properties": {"segment_id": 1124040, "physicalid": "77948", "street_name": "UNNAMED ST", "borough": "bronx", "direction": "TW", "total_row_ft": 54.9, "roadbed_ft": 24.9, "median_ft": 0.0, "left_sw_ft": 15.0, "right_sw_ft": 15.0}, "geometry": {"type": "LineString", "coordinates": [[-73.88800956349633, 40.79038279449726], [-73.88757623675149, 40.79038698235011]]}}, {"type": "Feature", "properties": {"segment_id": 1124041, "physicalid": "77948", "street_name": "UNNAMED ST", "borough": "bronx", "direction": "TW", "total_row_ft": 54.9, "roadbed_ft": 24.9, "median_ft": 0.0, "left_sw_ft": 15.0, "right_sw_ft": 15.0}, "geometry": {"type": "LineString", "coordinates": [[-73.88801048202885, 40.79043768467964], [-73.8875771549268, 40.790441872535986]]}}, {"type": "Feature", "properties": {"segment_id": 1124042, "physicalid": "77948", "street_name": "UNNAMED ST", "borough": "bronx", "direction": "TW", "total_row_ft": 55.0, "roadbed_ft": 25.0, "median_ft": 0.0, "left_sw_ft": 15.0, "right_sw_ft": 15.0}, "geometry": {"type": "LineString", "coordinates": [[-73.88801140056287, 40.79049257486158], [-73.88757807310363, 40.790496762721354]]}}, {"type": "Feature", "properties": {"segment_id": 1124043, "physicalid": "77948", "street_name": "UNNAMED ST", "borough": "bronx", "direction": "TW", "total_row_ft": 55.0, "roadbed_ft": 25.0, "median_ft": 0.0, "left_sw_ft": 15.0, "right_sw_ft": 15.0}, "geometry": {"type": "LineString", "coordinates": [[-73.88801231909842, 40.7905474650431], [-73.88757899128197, 40.790551652906174]]}}, {"type": "Feature", "properties": {"segment_id": 1124044, "physicalid": "77948", "street_name": "UNNAMED ST", "borough": "bronx", "direction": "TW", "total_row_ft": 55.1, "roadbed_ft": 25.1, "median_ft": 0.0, "left_sw_ft": 15.0, "right_sw_ft": 15.0}, "geometry": {"type": "LineString", "coordinates": [[-73.88801323763548, 40.79060235522404], [-73.88757990946182, 40.790606543090625]]}}, {"type": "Feature", "properties": {"segment_id": 1124045, "physicalid": "77948", "street_name": "UNNAMED ST", "borough": "bronx", "direction": "TW", "total_row_ft": 55.1, "roadbed_ft": 25.1, "median_ft": 0.0, "left_sw_ft": 15.0, "right_sw_ft": 15.0}, "geometry": {"type": "LineString", "coordinates": [[-73.88801415617405, 40.79065724540456], [-73.88758082764318, 40.790661433274565]]}}, {"type": "Feature", "properties": {"segment_id": 1124046, "physicalid": "77948", "street_name": "UNNAMED ST", "borough": "bronx", "direction": "TW", "total_row_ft": 55.1, "roadbed_ft": 25.1, "median_ft": 0.0, "left_sw_ft": 15.0, "right_sw_ft": 15.0}, "geometry": {"type": "LineString", "coordinates": [[-73.88801507471415, 40.79071213558464], [-73.88758174582607, 40.79071632345798]]}}, {"type": "Feature", "properties": {"segment_id": 1124047, "physicalid": "77948", "street_name": "UNNAMED ST", "borough": "bronx", "direction": "TW", "total_row_ft": 55.0, "roadbed_ft": 25.0, "median_ft": 0.0, "left_sw_ft": 15.0, "right_sw_ft": 15.0}, "geometry": {"type": "LineString", "coordinates": [[-73.88801599325575, 40.79076702576416], [-73.88758266401047, 40.790771213640994]]}}, {"type": "Feature", "properties": {"segment_id": 1124048, "physicalid": "77948", "street_name": "UNNAMED ST", "borough": "bronx", "direction": "TW", "total_row_ft": 55.0, "roadbed_ft": 25.0, "median_ft": 0.0, "left_sw_ft": 15.0, "right_sw_ft": 15.0}, "geometry": {"type": "LineString", "coordinates": [[-73.88801691179886, 40.79082191594325], [-73.88758358219636, 40.790826103823505]]}}, {"type": "Feature", "properties": {"segment_id": 1124049, "physicalid": "77948", "street_name": "UNNAMED ST", "borough": "bronx", "direction": "TW", "total_row_ft": 54.9, "roadbed_ft": 24.9, "median_ft": 0.0, "left_sw_ft": 15.0, "right_sw_ft": 15.0}, "geometry": {"type": "LineString", "coordinates": [[-73.8880178303435, 40.79087680612185], [-73.88758450038378, 40.79088099400553]]}}, {"type": "Feature", "properties": {"segment_id": 1124050, "physicalid": "77948", "street_name": "UNNAMED ST", "borough": "bronx", "direction": "TW", "total_row_ft": 54.9, "roadbed_ft": 24.9, "median_ft": 0.0, "left_sw_ft": 15.0, "right_sw_ft": 15.0}, "geometry": {"type": "LineString", "coordinates": [[-73.88801874888965, 40.790931696300035], [-73.88758541857271, 40.79093588418703]]}}, {"type": "Feature", "properties": {"segment_id": 1124051, "physicalid": "77948", "street_name": "UNNAMED ST", "borough": "bronx", "direction": "TW", "total_row_ft": 54.9, "roadbed_ft": 24.9, "median_ft": 0.0, "left_sw_ft": 15.0, "right_sw_ft": 15.0}, "geometry": {"type": "LineString", "coordinates": [[-73.8880196674373, 40.79098658647764], [-73.88758633676316, 40.79099077436813]]}}, {"type": "Feature", "properties": {"segment_id": 1124052, "physicalid": "77948", "street_name": "UNNAMED ST", "borough": "bronx", "direction": "TW", "total_row_ft": 54.8, "roadbed_ft": 24.8, "median_ft": 0.0, "left_sw_ft": 15.0, "right_sw_ft": 15.0}, "geometry": {"type": "LineString", "coordinates": [[-73.88802058598648, 40.79104147665481], [-73.88758725495514, 40.79104566454875]]}}, {"type": "Feature", "properties": {"segment_id": 1124053, "physicalid": "77949", "street_name": "UNNAMED ST", "borough": "bronx", "direction": "TW", "total_row_ft": 71.6, "roadbed_ft": 41.6, "median_ft": 0.0, "left_sw_ft": 15.0, "right_sw_ft": 15.0}, "geometry": {"type": "LineString", "coordinates": [[-73.88757370837759, 40.79017059635228], [-73.88794934117516, 40.79000635051731]]}}, {"type": "Feature", "properties": {"segment_id": 1124054, "physicalid": "77949", "street_name": "UNNAMED ST", "borough": "bronx", "direction": "TW", "total_row_ft": 83.3, "roadbed_ft": 53.3, "median_ft": 0.0, "left_sw_ft": 15.0, "right_sw_ft": 15.0}, "geometry": {"type": "LineString", "coordinates": [[-73.88753769122941, 40.79012301407359], [-73.88791332384734, 40.78995876835471]]}}, {"type": "Feature", "properties": {"segment_id": 1124109, "physicalid": "77950", "street_name": "UNNAMED ST", "borough": "bronx", "direction": "TW", "total_row_ft": 81.6, "roadbed_ft": 51.6, "median_ft": 0.0, "left_sw_ft": 15.0, "right_sw_ft": 15.0}, "geometry": {"type": "LineString", "coordinates": [[-73.88563873609286, 40.79097026983109], [-73.88564060590978, 40.791299634458014]]}}, {"type": "Feature", "properties": {"segment_id": 1124110, "physicalid": "77950", "street_name": "UNNAMED ST", "borough": "bronx", "direction": "TW", "total_row_ft": 54.0, "roadbed_ft": 24.0, "median_ft": 0.0, "left_sw_ft": 15.0, "right_sw_ft": 15.0}, "geometry": {"type": "LineString", "coordinates": [[-73.88571096301811, 40.79097003295907], [-73.88571283319234, 40.79129939758483]]}}, {"type": "Feature", "properties": {"segment_id": 1124111, "physicalid": "77950", "street_name": "UNNAMED ST", "borough": "bronx", "direction": "TW", "total_row_ft": 53.6, "roadbed_ft": 23.6, "median_ft": 0.0, "left_sw_ft": 15.0, "right_sw_ft": 15.0}, "geometry": {"type": "LineString", "coordinates": [[-73.88578318994283, 40.790969796041786], [-73.88578506047439, 40.79129916066638]]}}, {"type": "Feature", "properties": {"segment_id": 1124112, "physicalid": "77950", "street_name": "UNNAMED ST", "borough": "bronx", "direction": "TW", "total_row_ft": 53.6, "roadbed_ft": 23.6, "median_ft": 0.0, "left_sw_ft": 15.0, "right_sw_ft": 15.0}, "geometry": {"type": "LineString", "coordinates": [[-73.88585541686705, 40.79096955907924], [-73.88585728775591, 40.791298923702676]]}}, {"type": "Feature", "properties": {"segment_id": 1124113, "physicalid": "77950", "street_name": "UNNAMED ST", "borough": "bronx", "direction": "TW", "total_row_ft": 53.5, "roadbed_ft": 23.5, "median_ft": 0.0, "left_sw_ft": 15.0, "right_sw_ft": 15.0}, "geometry": {"type": "LineString", "coordinates": [[-73.88592764379074, 40.79096932207143], [-73.88592951503693, 40.7912986866937]]}}, {"type": "Feature", "properties": {"segment_id": 1124114, "physicalid": "77950", "street_name": "UNNAMED ST", "borough": "bronx", "direction": "TW", "total_row_ft": 53.4, "roadbed_ft": 23.4, "median_ft": 0.0, "left_sw_ft": 15.0, "right_sw_ft": 15.0}, "geometry": {"type": "LineString", "coordinates": [[-73.88599987071393, 40.79096908501837], [-73.88600174231745, 40.79129844963948]]}}, {"type": "Feature", "properties": {"segment_id": 1124115, "physicalid": "77950", "street_name": "UNNAMED ST", "borough": "bronx", "direction": "TW", "total_row_ft": 53.3, "roadbed_ft": 23.3, "median_ft": 0.0, "left_sw_ft": 15.0, "right_sw_ft": 15.0}, "geometry": {"type": "LineString", "coordinates": [[-73.8860720976366, 40.790968847920034], [-73.88607396959743, 40.79129821253998]]}}, {"type": "Feature", "properties": {"segment_id": 1124116, "physicalid": "77950", "street_name": "UNNAMED ST", "borough": "bronx", "direction": "TW", "total_row_ft": 53.4, "roadbed_ft": 23.4, "median_ft": 0.0, "left_sw_ft": 15.0, "right_sw_ft": 15.0}, "geometry": {"type": "LineString", "coordinates": [[-73.88614432455877, 40.790968610776424], [-73.88614619687688, 40.79129797539524]]}}, {"type": "Feature", "properties": {"segment_id": 1124117, "physicalid": "77950", "street_name": "UNNAMED ST", "borough": "bronx", "direction": "TW", "total_row_ft": 53.5, "roadbed_ft": 23.5, "median_ft": 0.0, "left_sw_ft": 15.0, "right_sw_ft": 15.0}, "geometry": {"type": "LineString", "coordinates": [[-73.8862165514804, 40.790968373587575], [-73.88621842415584, 40.79129773820521]]}}, {"type": "Feature", "properties": {"segment_id": 1124118, "physicalid": "77950", "street_name": "UNNAMED ST", "borough": "bronx", "direction": "TW", "total_row_ft": 53.8, "roadbed_ft": 23.8, "median_ft": 0.0, "left_sw_ft": 15.0, "right_sw_ft": 15.0}, "geometry": {"type": "LineString", "coordinates": [[-73.88628877840154, 40.790968136353484], [-73.88629065143428, 40.79129750096993]]}}, {"type": "Feature", "properties": {"segment_id": 1124119, "physicalid": "77950", "street_name": "UNNAMED ST", "borough": "bronx", "direction": "TW", "total_row_ft": 54.1, "roadbed_ft": 24.1, "median_ft": 0.0, "left_sw_ft": 15.0, "right_sw_ft": 15.0}, "geometry": {"type": "LineString", "coordinates": [[-73.88636100532214, 40.79096789907407], [-73.8863628787122, 40.791297263689394]]}}, {"type": "Feature", "properties": {"segment_id": 1124120, "physicalid": "77950", "street_name": "UNNAMED ST", "borough": "bronx", "direction": "TW", "total_row_ft": 54.4, "roadbed_ft": 24.4, "median_ft": 0.0, "left_sw_ft": 15.0, "right_sw_ft": 15.0}, "geometry": {"type": "LineString", "coordinates": [[-73.88643323224225, 40.79096766174944], [-73.88643510598963, 40.79129702636357]]}}, {"type": "Feature", "properties": {"segment_id": 1124121, "physicalid": "77950", "street_name": "UNNAMED ST", "borough": "bronx", "direction": "TW", "total_row_ft": 54.7, "roadbed_ft": 24.7, "median_ft": 0.0, "left_sw_ft": 15.0, "right_sw_ft": 15.0}, "geometry": {"type": "LineString", "coordinates": [[-73.88650545916182, 40.79096742437954], [-73.88650733326652, 40.79129678899252]]}}, {"type": "Feature", "properties": {"segment_id": 1124122, "physicalid": "77950", "street_name": "UNNAMED ST", "borough": "bronx", "direction": "TW", "total_row_ft": 54.9, "roadbed_ft": 24.9, "median_ft": 0.0, "left_sw_ft": 15.0, "right_sw_ft": 15.0}, "geometry": {"type": "LineString", "coordinates": [[-73.8865776860809, 40.79096718696435], [-73.88657956054291, 40.79129655157619]]}}, {"type": "Feature", "properties": {"segment_id": 1124123, "physicalid": "77950", "street_name": "UNNAMED ST", "borough": "bronx", "direction": "TW", "total_row_ft": 54.6, "roadbed_ft": 24.6, "median_ft": 0.0, "left_sw_ft": 15.0, "right_sw_ft": 15.0}, "geometry": {"type": "LineString", "coordinates": [[-73.88664991299945, 40.79096694950393], [-73.88665178781878, 40.7912963141146]]}}, {"type": "Feature", "properties": {"segment_id": 1124124, "physicalid": "77950", "street_name": "UNNAMED ST", "borough": "bronx", "direction": "TW", "total_row_ft": 54.3, "roadbed_ft": 24.3, "median_ft": 0.0, "left_sw_ft": 15.0, "right_sw_ft": 15.0}, "geometry": {"type": "LineString", "coordinates": [[-73.88672213991748, 40.790966711998266], [-73.88672401509413, 40.791296076607736]]}}, {"type": "Feature", "properties": {"segment_id": 1124125, "physicalid": "77950", "street_name": "UNNAMED ST", "borough": "bronx", "direction": "TW", "total_row_ft": 54.0, "roadbed_ft": 24.0, "median_ft": 0.0, "left_sw_ft": 15.0, "right_sw_ft": 15.0}, "geometry": {"type": "LineString", "coordinates": [[-73.886794366835, 40.79096647444728], [-73.88679624236896, 40.791295839055635]]}}, {"type": "Feature", "properties": {"segment_id": 1124126, "physicalid": "77950", "street_name": "UNNAMED ST", "borough": "bronx", "direction": "TW", "total_row_ft": 53.8, "roadbed_ft": 23.8, "median_ft": 0.0, "left_sw_ft": 15.0, "right_sw_ft": 15.0}, "geometry": {"type": "LineString", "coordinates": [[-73.886866593752, 40.79096623685109], [-73.8868684696433, 40.79129560145824]]}}, {"type": "Feature", "properties": {"segment_id": 1124127, "physicalid": "77950", "street_name": "UNNAMED ST", "borough": "bronx", "direction": "TW", "total_row_ft": 53.7, "roadbed_ft": 23.7, "median_ft": 0.0, "left_sw_ft": 15.0, "right_sw_ft": 15.0}, "geometry": {"type": "LineString", "coordinates": [[-73.88693882066849, 40.7909659992096], [-73.88694069691711, 40.79129536381561]]}}, {"type": "Feature", "properties": {"segment_id": 1124128, "physicalid": "77950", "street_name": "UNNAMED ST", "borough": "bronx", "direction": "TW", "total_row_ft": 53.7, "roadbed_ft": 23.7, "median_ft": 0.0, "left_sw_ft": 15.0, "right_sw_ft": 15.0}, "geometry": {"type": "LineString", "coordinates": [[-73.88701104758447, 40.79096576152286], [-73.8870129241904, 40.79129512612771]]}}, {"type": "Feature", "properties": {"segment_id": 1124129, "physicalid": "77950", "street_name": "UNNAMED ST", "borough": "bronx", "direction": "TW", "total_row_ft": 53.7, "roadbed_ft": 23.7, "median_ft": 0.0, "left_sw_ft": 15.0, "right_sw_ft": 15.0}, "geometry": {"type": "LineString", "coordinates": [[-73.88708327449993, 40.79096552379086], [-73.88708515146318, 40.79129488839453]]}}, {"type": "Feature", "properties": {"segment_id": 1124130, "physicalid": "77950", "street_name": "UNNAMED ST", "borough": "bronx", "direction": "TW", "total_row_ft": 53.9, "roadbed_ft": 23.9, "median_ft": 0.0, "left_sw_ft": 15.0, "right_sw_ft": 15.0}, "geometry": {"type": "LineString", "coordinates": [[-73.88715550141485, 40.7909652860136], [-73.88715737873542, 40.79129465061611]]}}, {"type": "Feature", "properties": {"segment_id": 1124131, "physicalid": "77950", "street_name": "UNNAMED ST", "borough": "bronx", "direction": "TW", "total_row_ft": 54.0, "roadbed_ft": 24.0, "median_ft": 0.0, "left_sw_ft": 15.0, "right_sw_ft": 15.0}, "geometry": {"type": "LineString", "coordinates": [[-73.8872277283293, 40.79096504819106], [-73.88722960600717, 40.791294412792425]]}}, {"type": "Feature", "properties": {"segment_id": 1124132, "physicalid": "77950", "street_name": "UNNAMED ST", "borough": "bronx", "direction": "TW", "total_row_ft": 54.1, "roadbed_ft": 24.1, "median_ft": 0.0, "left_sw_ft": 15.0, "right_sw_ft": 15.0}, "geometry": {"type": "LineString", "coordinates": [[-73.88729995524321, 40.79096481032327], [-73.8873018332784, 40.791294174923465]]}}, {"type": "Feature", "properties": {"segment_id": 1124133, "physicalid": "77950", "street_name": "UNNAMED ST", "borough": "bronx", "direction": "TW", "total_row_ft": 54.2, "roadbed_ft": 24.2, "median_ft": 0.0, "left_sw_ft": 15.0, "right_sw_ft": 15.0}, "geometry": {"type": "LineString", "coordinates": [[-73.8873721821566, 40.79096457241024], [-73.88737406054912, 40.79129393700925]]}}, {"type": "Feature", "properties": {"segment_id": 1124134, "physicalid": "77950", "street_name": "UNNAMED ST", "borough": "bronx", "direction": "TW", "total_row_ft": 54.2, "roadbed_ft": 24.2, "median_ft": 0.0, "left_sw_ft": 15.0, "right_sw_ft": 15.0}, "geometry": {"type": "LineString", "coordinates": [[-73.88744440906947, 40.790964334451914], [-73.8874462878193, 40.791293699049774]]}}, {"type": "Feature", "properties": {"segment_id": 1124135, "physicalid": "77950", "street_name": "UNNAMED ST", "borough": "bronx", "direction": "TW", "total_row_ft": 54.2, "roadbed_ft": 24.2, "median_ft": 0.0, "left_sw_ft": 15.0, "right_sw_ft": 15.0}, "geometry": {"type": "LineString", "coordinates": [[-73.88751663598184, 40.790964096448334], [-73.88751851508898, 40.791293461045036]]}}, {"type": "Feature", "properties": {"segment_id": 1124136, "physicalid": "77950", "street_name": "UNNAMED ST", "borough": "bronx", "direction": "TW", "total_row_ft": 54.1, "roadbed_ft": 24.1, "median_ft": 0.0, "left_sw_ft": 15.0, "right_sw_ft": 15.0}, "geometry": {"type": "LineString", "coordinates": [[-73.88758886289368, 40.790963858399515], [-73.88759074235816, 40.79129322299503]]}}, {"type": "Feature", "properties": {"segment_id": 1124137, "physicalid": "77950", "street_name": "UNNAMED ST", "borough": "bronx", "direction": "TW", "total_row_ft": 54.7, "roadbed_ft": 24.7, "median_ft": 0.0, "left_sw_ft": 15.0, "right_sw_ft": 15.0}, "geometry": {"type": "LineString", "coordinates": [[-73.88766108980501, 40.790963620305405], [-73.88766296962679, 40.79129298489977]]}}, {"type": "Feature", "properties": {"segment_id": 1124138, "physicalid": "77950", "street_name": "UNNAMED ST", "borough": "bronx", "direction": "TW", "total_row_ft": 58.2, "roadbed_ft": 28.2, "median_ft": 0.0, "left_sw_ft": 15.0, "right_sw_ft": 15.0}, "geometry": {"type": "LineString", "coordinates": [[-73.88773331671582, 40.79096338216604], [-73.88773519689492, 40.79129274675924]]}}, {"type": "Feature", "properties": {"segment_id": 1124139, "physicalid": "77951", "street_name": "UNNAMED ST", "borough": "bronx", "direction": "TW", "total_row_ft": 72.2, "roadbed_ft": 42.2, "median_ft": 0.0, "left_sw_ft": 15.0, "right_sw_ft": 15.0}, "geometry": {"type": "LineString", "coordinates": [[-73.88454132636046, 40.79097742552708], [-73.884545138548, 40.79130678047565]]}}, {"type": "Feature", "properties": {"segment_id": 1124140, "physicalid": "77951", "street_name": "UNNAMED ST", "borough": "bronx", "direction": "TW", "total_row_ft": 53.7, "roadbed_ft": 23.7, "median_ft": 0.0, "left_sw_ft": 15.0, "right_sw_ft": 15.0}, "geometry": {"type": "LineString", "coordinates": [[-73.88461355117092, 40.790976942615366], [-73.88461736371573, 40.79130629756157]]}}, {"type": "Feature", "properties": {"segment_id": 1124141, "physicalid": "77951", "street_name": "UNNAMED ST", "borough": "bronx", "direction": "TW", "total_row_ft": 54.2, "roadbed_ft": 24.2, "median_ft": 0.0, "left_sw_ft": 15.0, "right_sw_ft": 15.0}, "geometry": {"type": "LineString", "coordinates": [[-73.88468577598032, 40.79097645965839], [-73.88468958888241, 40.79130581460223]]}}, {"type": "Feature", "properties": {"segment_id": 1124142, "physicalid": "77951", "street_name": "UNNAMED ST", "borough": "bronx", "direction": "TW", "total_row_ft": 53.7, "roadbed_ft": 23.7, "median_ft": 0.0, "left_sw_ft": 15.0, "right_sw_ft": 15.0}, "geometry": {"type": "LineString", "coordinates": [[-73.88475800078866, 40.790975976656114], [-73.88476181404805, 40.79130533159763]]}}, {"type": "Feature", "properties": {"segment_id": 1124143, "physicalid": "77951", "street_name": "UNNAMED ST", "borough": "bronx", "direction": "TW", "total_row_ft": 53.2, "roadbed_ft": 23.2, "median_ft": 0.0, "left_sw_ft": 15.0, "right_sw_ft": 15.0}, "geometry": {"type": "LineString", "coordinates": [[-73.88483022559598, 40.79097549360862], [-73.88483403921263, 40.79130484854776]]}}, {"type": "Feature", "properties": {"segment_id": 1124144, "physicalid": "77951", "street_name": "UNNAMED ST", "borough": "bronx", "direction": "TW", "total_row_ft": 52.8, "roadbed_ft": 22.8, "median_ft": 0.0, "left_sw_ft": 15.0, "right_sw_ft": 15.0}, "geometry": {"type": "LineString", "coordinates": [[-73.88490245040224, 40.79097501051585], [-73.88490626437616, 40.79130436545262]]}}, {"type": "Feature", "properties": {"segment_id": 1124145, "physicalid": "77951", "street_name": "UNNAMED ST", "borough": "bronx", "direction": "TW", "total_row_ft": 52.3, "roadbed_ft": 22.3, "median_ft": 0.0, "left_sw_ft": 15.0, "right_sw_ft": 15.0}, "geometry": {"type": "LineString", "coordinates": [[-73.88497467520745, 40.790974527377834], [-73.88497848953865, 40.79130388231223]]}}, {"type": "Feature", "properties": {"segment_id": 1124146, "physicalid": "77951", "street_name": "UNNAMED ST", "borough": "bronx", "direction": "TW", "total_row_ft": 52.0, "roadbed_ft": 22.0, "median_ft": 0.0, "left_sw_ft": 15.0, "right_sw_ft": 15.0}, "geometry": {"type": "LineString", "coordinates": [[-73.88504690001162, 40.79097404419455], [-73.88505071470009, 40.79130339912657]]}}, {"type": "Feature", "properties": {"segment_id": 1124147, "physicalid": "77951", "street_name": "UNNAMED ST", "borough": "bronx", "direction": "TW", "total_row_ft": 51.8, "roadbed_ft": 21.8, "median_ft": 0.0, "left_sw_ft": 15.0, "right_sw_ft": 15.0}, "geometry": {"type": "LineString", "coordinates": [[-73.88511912481472, 40.790973560966], [-73.88512293986047, 40.791302915895685]]}}, {"type": "Feature", "properties": {"segment_id": 1124148, "physicalid": "77951", "street_name": "UNNAMED ST", "borough": "bronx", "direction": "TW", "total_row_ft": 51.6, "roadbed_ft": 21.6, "median_ft": 0.0, "left_sw_ft": 15.0, "right_sw_ft": 15.0}, "geometry": {"type": "LineString", "coordinates": [[-73.88519134961679, 40.7909730776922], [-73.88519516501981, 40.7913024326195]]}}, {"type": "Feature", "properties": {"segment_id": 1124149, "physicalid": "77951", "street_name": "UNNAMED ST", "borough": "bronx", "direction": "TW", "total_row_ft": 51.5, "roadbed_ft": 21.5, "median_ft": 0.0, "left_sw_ft": 15.0, "right_sw_ft": 15.0}, "geometry": {"type": "LineString", "coordinates": [[-73.8852635744178, 40.79097259437315], [-73.8852673901781, 40.79130194929808]]}}, {"type": "Feature", "properties": {"segment_id": 1124150, "physicalid": "77951", "street_name": "UNNAMED ST", "borough": "bronx", "direction": "TW", "total_row_ft": 51.4, "roadbed_ft": 21.4, "median_ft": 0.0, "left_sw_ft": 15.0, "right_sw_ft": 15.0}, "geometry": {"type": "LineString", "coordinates": [[-73.88533579921777, 40.79097211100883], [-73.88533961533535, 40.79130146593139]]}}, {"type": "Feature", "properties": {"segment_id": 1124151, "physicalid": "77951", "street_name": "UNNAMED ST", "borough": "bronx", "direction": "TW", "total_row_ft": 51.3, "roadbed_ft": 21.3, "median_ft": 0.0, "left_sw_ft": 15.0, "right_sw_ft": 15.0}, "geometry": {"type": "LineString", "coordinates": [[-73.8854080240167, 40.79097162759924], [-73.88541184049154, 40.79130098251944]]}}, {"type": "Feature", "properties": {"segment_id": 1124152, "physicalid": "77951", "street_name": "UNNAMED ST", "borough": "bronx", "direction": "TW", "total_row_ft": 63.3, "roadbed_ft": 33.3, "median_ft": 0.0, "left_sw_ft": 15.0, "right_sw_ft": 15.0}, "geometry": {"type": "LineString", "coordinates": [[-73.88548024881456, 40.79097114414441], [-73.8854840656467, 40.79130049906224]]}}, {"type": "Feature", "properties": {"segment_id": 1124153, "physicalid": "77952", "street_name": "UNNAMED ST", "borough": "bronx", "direction": "TW", "total_row_ft": 117.2, "roadbed_ft": 87.2, "median_ft": 0.0, "left_sw_ft": 15.0, "right_sw_ft": 15.0}, "geometry": {"type": "LineString", "coordinates": [[-73.88579063292818, 40.79120228286584], [-73.88536292191891, 40.791149243550954]]}}, {"type": "Feature", "properties": {"segment_id": 1124154, "physicalid": "77952", "street_name": "UNNAMED ST", "borough": "bronx", "direction": "TW", "total_row_ft": 70.4, "roadbed_ft": 40.4, "median_ft": 0.0, "left_sw_ft": 15.0, "right_sw_ft": 15.0}, "geometry": {"type": "LineString", "coordinates": [[-73.88577900197114, 40.791256461066396], [-73.88535129062312, 40.79120342170872]]}}, {"type": "Feature", "properties": {"segment_id": 1124155, "physicalid": "77952", "street_name": "UNNAMED ST", "borough": "bronx", "direction": "TW", "total_row_ft": 64.9, "roadbed_ft": 34.9, "median_ft": 0.0, "left_sw_ft": 15.0, "right_sw_ft": 15.0}, "geometry": {"type": "LineString", "coordinates": [[-73.8857673709952, 40.791310639265255], [-73.88533965930836, 40.791257599864934]]}}, {"type": "Feature", "properties": {"segment_id": 1124156, "physicalid": "77952", "street_name": "UNNAMED ST", "borough": "bronx", "direction": "TW", "total_row_ft": 61.1, "roadbed_ft": 31.1, "median_ft": 0.0, "left_sw_ft": 15.0, "right_sw_ft": 15.0}, "geometry": {"type": "LineString", "coordinates": [[-73.88573862293518, 40.79139412336361], [-73.88533216464923, 40.79127986888672]]}}, {"type": "Feature", "properties": {"segment_id": 1124157, "physicalid": "77952", "street_name": "UNNAMED ST", "borough": "bronx", "direction": "TW", "total_row_ft": 57.7, "roadbed_ft": 27.7, "median_ft": 0.0, "left_sw_ft": 15.0, "right_sw_ft": 15.0}, "geometry": {"type": "LineString", "coordinates": [[-73.88571356785538, 40.791445609374655], [-73.88530710929813, 40.79133135481027]]}}, {"type": "Feature", "properties": {"segment_id": 1124158, "physicalid": "77952", "street_name": "UNNAMED ST", "borough": "bronx", "direction": "TW", "total_row_ft": 54.1, "roadbed_ft": 24.1, "median_ft": 0.0, "left_sw_ft": 15.0, "right_sw_ft": 15.0}, "geometry": {"type": "LineString", "coordinates": [[-73.88568851273685, 40.791497095379775], [-73.88528205390823, 40.791382840728005]]}}, {"type": "Feature", "properties": {"segment_id": 1124159, "physicalid": "77952", "street_name": "UNNAMED ST", "borough": "bronx", "direction": "TW", "total_row_ft": 54.9, "roadbed_ft": 24.9, "median_ft": 0.0, "left_sw_ft": 15.0, "right_sw_ft": 15.0}, "geometry": {"type": "LineString", "coordinates": [[-73.88560336596227, 40.79159187857933], [-73.8852788102283, 40.79137361714952]]}}, {"type": "Feature", "properties": {"segment_id": 1124160, "physicalid": "77952", "street_name": "UNNAMED ST", "borough": "bronx", "direction": "TW", "total_row_ft": 55.5, "roadbed_ft": 25.5, "median_ft": 0.0, "left_sw_ft": 15.0, "right_sw_ft": 15.0}, "geometry": {"type": "LineString", "coordinates": [[-73.88547542285431, 40.79166743034541], [-73.88529807810737, 40.791366903992426]]}}, {"type": "Feature", "properties": {"segment_id": 1124161, "physicalid": "77952", "street_name": "UNNAMED ST", "borough": "bronx", "direction": "TW", "total_row_ft": 55.2, "roadbed_ft": 25.2, "median_ft": 0.0, "left_sw_ft": 15.0, "right_sw_ft": 15.0}, "geometry": {"type": "LineString", "coordinates": [[-73.88540951923626, 40.79168989453037], [-73.88523217472697, 40.791389368077006]]}}, {"type": "Feature", "properties": {"segment_id": 1124162, "physicalid": "77952", "street_name": "UNNAMED ST", "borough": "bronx", "direction": "TW", "total_row_ft": 54.4, "roadbed_ft": 24.4, "median_ft": 0.0, "left_sw_ft": 15.0, "right_sw_ft": 15.0}, "geometry": {"type": "LineString", "coordinates": [[-73.88545682130437, 40.7916763977256], [-73.88509947796516, 40.79149005445541]]}}, {"type": "Feature", "properties": {"segment_id": 1124163, "physicalid": "77952", "street_name": "UNNAMED ST", "borough": "bronx", "direction": "TW", "total_row_ft": 52.6, "roadbed_ft": 22.6, "median_ft": 0.0, "left_sw_ft": 15.0, "right_sw_ft": 15.0}, "geometry": {"type": "LineString", "coordinates": [[-73.88545597297772, 40.791674415793366], [-73.88503738015642, 40.79158913981543]]}}, {"type": "Feature", "properties": {"segment_id": 1124164, "physicalid": "77952", "street_name": "UNNAMED ST", "borough": "bronx", "direction": "TW", "total_row_ft": 53.9, "roadbed_ft": 23.9, "median_ft": 0.0, "left_sw_ft": 15.0, "right_sw_ft": 15.0}, "geometry": {"type": "LineString", "coordinates": [[-73.88543727261701, 40.79172743863685], [-73.88501867948628, 40.7916421625917]]}}, {"type": "Feature", "properties": {"segment_id": 1124165, "physicalid": "77952", "street_name": "UNNAMED ST", "borough": "bronx", "direction": "TW", "total_row_ft": 54.5, "roadbed_ft": 24.5, "median_ft": 0.0, "left_sw_ft": 15.0, "right_sw_ft": 15.0}, "geometry": {"type": "LineString", "coordinates": [[-73.88543150088503, 40.791747472344234], [-73.88499876917702, 40.79172959447883]]}}, {"type": "Feature", "properties": {"segment_id": 1124166, "physicalid": "77952", "street_name": "UNNAMED ST", "borough": "bronx", "direction": "TW", "total_row_ft": 54.4, "roadbed_ft": 24.4, "median_ft": 0.0, "left_sw_ft": 15.0, "right_sw_ft": 15.0}, "geometry": {"type": "LineString", "coordinates": [[-73.88542758054649, 40.79180228603527], [-73.88499484848323, 40.79178440815528]]}}, {"type": "Feature", "properties": {"segment_id": 1124167, "physicalid": "77952", "street_name": "UNNAMED ST", "borough": "bronx", "direction": "TW", "total_row_ft": 53.5, "roadbed_ft": 23.5, "median_ft": 0.0, "left_sw_ft": 15.0, "right_sw_ft": 15.0}, "geometry": {"type": "LineString", "coordinates": [[-73.8854236602015, 40.791857099725675], [-73.88499092778301, 40.791839221831125]]}}, {"type": "Feature", "properties": {"segment_id": 1124168, "physicalid": "77952", "street_name": "UNNAMED ST", "borough": "bronx", "direction": "TW", "total_row_ft": 52.0, "roadbed_ft": 22.0, "median_ft": 0.0, "left_sw_ft": 15.0, "right_sw_ft": 15.0}, "geometry": {"type": "LineString", "coordinates": [[-73.88541973985004, 40.79191191341548], [-73.88498700707632, 40.791894035506374]]}}, {"type": "Feature", "properties": {"segment_id": 1124169, "physicalid": "77952", "street_name": "UNNAMED ST", "borough": "bronx", "direction": "TW", "total_row_ft": 51.5, "roadbed_ft": 21.5, "median_ft": 0.0, "left_sw_ft": 15.0, "right_sw_ft": 15.0}, "geometry": {"type": "LineString", "coordinates": [[-73.88541581949211, 40.7919667271047], [-73.88498308636318, 40.79194884918101]]}}, {"type": "Feature", "properties": {"segment_id": 1124170, "physicalid": "77952", "street_name": "UNNAMED ST", "borough": "bronx", "direction": "TW", "total_row_ft": 51.8, "roadbed_ft": 21.8, "median_ft": 0.0, "left_sw_ft": 15.0, "right_sw_ft": 15.0}, "geometry": {"type": "LineString", "coordinates": [[-73.88541189912775, 40.7920215407933], [-73.88497916564357, 40.792003662855045]]}}, {"type": "Feature", "properties": {"segment_id": 1124171, "physicalid": "77952", "street_name": "UNNAMED ST", "borough": "bronx", "direction": "TW", "total_row_ft": 52.1, "roadbed_ft": 22.1, "median_ft": 0.0, "left_sw_ft": 15.0, "right_sw_ft": 15.0}, "geometry": {"type": "LineString", "coordinates": [[-73.88540797875693, 40.7920763544813], [-73.88497524491751, 40.79205847652849]]}}, {"type": "Feature", "properties": {"segment_id": 1124172, "physicalid": "77952", "street_name": "UNNAMED ST", "borough": "bronx", "direction": "TW", "total_row_ft": 52.5, "roadbed_ft": 22.5, "median_ft": 0.0, "left_sw_ft": 15.0, "right_sw_ft": 15.0}, "geometry": {"type": "LineString", "coordinates": [[-73.88540405837965, 40.79213116816872], [-73.884971324185, 40.79211329020132]]}}, {"type": "Feature", "properties": {"segment_id": 1124173, "physicalid": "77952", "street_name": "UNNAMED ST", "borough": "bronx", "direction": "TW", "total_row_ft": 52.8, "roadbed_ft": 22.8, "median_ft": 0.0, "left_sw_ft": 15.0, "right_sw_ft": 15.0}, "geometry": {"type": "LineString", "coordinates": [[-73.88540013799592, 40.79218598185551], [-73.88496740344603, 40.79216810387354]]}}, {"type": "Feature", "properties": {"segment_id": 1124174, "physicalid": "77952", "street_name": "UNNAMED ST", "borough": "bronx", "direction": "TW", "total_row_ft": 55.7, "roadbed_ft": 25.7, "median_ft": 0.0, "left_sw_ft": 15.0, "right_sw_ft": 15.0}, "geometry": {"type": "LineString", "coordinates": [[-73.88538107497133, 40.792111222638674], [-73.88505845462483, 40.79233113823929]]}}, {"type": "Feature", "properties": {"segment_id": 1124175, "physicalid": "77952", "street_name": "UNNAMED ST", "borough": "bronx", "direction": "TW", "total_row_ft": 55.3, "roadbed_ft": 25.3, "median_ft": 0.0, "left_sw_ft": 15.0, "right_sw_ft": 15.0}, "geometry": {"type": "LineString", "coordinates": [[-73.8854778860882, 40.79226256774556], [-73.88504452953943, 40.79226552425783]]}}, {"type": "Feature", "properties": {"segment_id": 1124176, "physicalid": "77952", "street_name": "UNNAMED ST", "borough": "bronx", "direction": "TW", "total_row_ft": 53.8, "roadbed_ft": 23.8, "median_ft": 0.0, "left_sw_ft": 15.0, "right_sw_ft": 15.0}, "geometry": {"type": "LineString", "coordinates": [[-73.88547853461867, 40.792317460138285], [-73.8850451777126, 40.792320416652984]]}}, {"type": "Feature", "properties": {"segment_id": 1124177, "physicalid": "77952", "street_name": "UNNAMED ST", "borough": "bronx", "direction": "TW", "total_row_ft": 54.0, "roadbed_ft": 24.0, "median_ft": 0.0, "left_sw_ft": 15.0, "right_sw_ft": 15.0}, "geometry": {"type": "LineString", "coordinates": [[-73.88547918315018, 40.792372352530556], [-73.88504582588685, 40.79237530904766]]}}, {"type": "Feature", "properties": {"segment_id": 1124178, "physicalid": "77952", "street_name": "UNNAMED ST", "borough": "bronx", "direction": "TW", "total_row_ft": 54.2, "roadbed_ft": 24.2, "median_ft": 0.0, "left_sw_ft": 15.0, "right_sw_ft": 15.0}, "geometry": {"type": "LineString", "coordinates": [[-73.88547983168279, 40.79242724492233], [-73.88504647406218, 40.792430201441846]]}}, {"type": "Feature", "properties": {"segment_id": 1124179, "physicalid": "77952", "street_name": "UNNAMED ST", "borough": "bronx", "direction": "TW", "total_row_ft": 54.2, "roadbed_ft": 24.2, "median_ft": 0.0, "left_sw_ft": 15.0, "right_sw_ft": 15.0}, "geometry": {"type": "LineString", "coordinates": [[-73.88548048021647, 40.79248213731363], [-73.88504712223856, 40.792485093835566]]}}, {"type": "Feature", "properties": {"segment_id": 1124180, "physicalid": "77952", "street_name": "UNNAMED ST", "borough": "bronx", "direction": "TW", "total_row_ft": 54.0, "roadbed_ft": 24.0, "median_ft": 0.0, "left_sw_ft": 15.0, "right_sw_ft": 15.0}, "geometry": {"type": "LineString", "coordinates": [[-73.88548112875121, 40.79253702970448], [-73.88504777041601, 40.792539986228824]]}}, {"type": "Feature", "properties": {"segment_id": 1124181, "physicalid": "77952", "street_name": "UNNAMED ST", "borough": "bronx", "direction": "TW", "total_row_ft": 54.0, "roadbed_ft": 24.0, "median_ft": 0.0, "left_sw_ft": 15.0, "right_sw_ft": 15.0}, "geometry": {"type": "LineString", "coordinates": [[-73.88548177728703, 40.7925919220948], [-73.88504841859452, 40.79259487862157]]}}, {"type": "Feature", "properties": {"segment_id": 1124182, "physicalid": "77952", "street_name": "UNNAMED ST", "borough": "bronx", "direction": "TW", "total_row_ft": 54.0, "roadbed_ft": 24.0, "median_ft": 0.0, "left_sw_ft": 15.0, "right_sw_ft": 15.0}, "geometry": {"type": "LineString", "coordinates": [[-73.8854824258239, 40.79264681448468], [-73.88504906677412, 40.79264977101387]]}}, {"type": "Feature", "properties": {"segment_id": 1124183, "physicalid": "77952", "street_name": "UNNAMED ST", "borough": "bronx", "direction": "TW", "total_row_ft": 53.9, "roadbed_ft": 23.9, "median_ft": 0.0, "left_sw_ft": 15.0, "right_sw_ft": 15.0}, "geometry": {"type": "LineString", "coordinates": [[-73.88548307436184, 40.792701706874084], [-73.88504971495479, 40.79270466340568]]}}, {"type": "Feature", "properties": {"segment_id": 1124184, "physicalid": "77952", "street_name": "UNNAMED ST", "borough": "bronx", "direction": "TW", "total_row_ft": 53.9, "roadbed_ft": 23.9, "median_ft": 0.0, "left_sw_ft": 15.0, "right_sw_ft": 15.0}, "geometry": {"type": "LineString", "coordinates": [[-73.88548372290087, 40.792756599263015], [-73.88505036313651, 40.79275955579702]]}}, {"type": "Feature", "properties": {"segment_id": 1124185, "physicalid": "77952", "street_name": "UNNAMED ST", "borough": "bronx", "direction": "TW", "total_row_ft": 54.0, "roadbed_ft": 24.0, "median_ft": 0.0, "left_sw_ft": 15.0, "right_sw_ft": 15.0}, "geometry": {"type": "LineString", "coordinates": [[-73.88548437144095, 40.79281149165146], [-73.8850510113193, 40.792814448187876]]}}, {"type": "Feature", "properties": {"segment_id": 1124186, "physicalid": "77952", "street_name": "UNNAMED ST", "borough": "bronx", "direction": "TW", "total_row_ft": 53.6, "roadbed_ft": 23.6, "median_ft": 0.0, "left_sw_ft": 15.0, "right_sw_ft": 15.0}, "geometry": {"type": "LineString", "coordinates": [[-73.88548501998213, 40.792866384039456], [-73.88505165950318, 40.79286934057828]]}}, {"type": "Feature", "properties": {"segment_id": 1124187, "physicalid": "77953", "street_name": "UNNAMED ST", "borough": "bronx", "direction": "TW", "total_row_ft": 62.5, "roadbed_ft": 32.5, "median_ft": 0.0, "left_sw_ft": 15.0, "right_sw_ft": 15.0}, "geometry": {"type": "LineString", "coordinates": [[-73.88549828425974, 40.79097885458024], [-73.88575921893595, 40.79124182586196]]}}, {"type": "Feature", "properties": {"segment_id": 1124188, "physicalid": "77953", "street_name": "UNNAMED ST", "borough": "bronx", "direction": "TW", "total_row_ft": 58.7, "roadbed_ft": 28.7, "median_ft": 0.0, "left_sw_ft": 15.0, "right_sw_ft": 15.0}, "geometry": {"type": "LineString", "coordinates": [[-73.88555595171974, 40.79094580198597], [-73.88581688649421, 40.79120877313846]]}}, {"type": "Feature", "properties": {"segment_id": 1124189, "physicalid": "77953", "street_name": "UNNAMED ST", "borough": "bronx", "direction": "TW", "total_row_ft": 30.0, "roadbed_ft": 0.0, "median_ft": 0.0, "left_sw_ft": 15.0, "right_sw_ft": 15.0}, "geometry": {"type": "LineString", "coordinates": [[-73.8854798328525, 40.79102665199494], [-73.8859131976337, 40.79102588661548]]}}, {"type": "Feature", "properties": {"segment_id": 1124190, "physicalid": "77953", "street_name": "UNNAMED ST", "borough": "bronx", "direction": "TW", "total_row_ft": 30.0, "roadbed_ft": 0.0, "median_ft": 0.0, "left_sw_ft": 15.0, "right_sw_ft": 15.0}, "geometry": {"type": "LineString", "coordinates": [[-73.88547966518982, 40.790971757526215], [-73.88591302961368, 40.790970992147386]]}}, {"type": "Feature", "properties": {"segment_id": 1124191, "physicalid": "77953", "street_name": "UNNAMED ST", "borough": "bronx", "direction": "TW", "total_row_ft": 30.0, "roadbed_ft": 0.0, "median_ft": 0.0, "left_sw_ft": 15.0, "right_sw_ft": 15.0}, "geometry": {"type": "LineString", "coordinates": [[-73.8854794975274, 40.79091686305702], [-73.88591286159397, 40.79091609767887]]}}, {"type": "Feature", "properties": {"segment_id": 1124192, "physicalid": "77953", "street_name": "UNNAMED ST", "borough": "bronx", "direction": "TW", "total_row_ft": 30.0, "roadbed_ft": 0.0, "median_ft": 0.0, "left_sw_ft": 15.0, "right_sw_ft": 15.0}, "geometry": {"type": "LineString", "coordinates": [[-73.88547932986528, 40.79086196858735], [-73.8859126935745, 40.790861203209836]]}}, {"type": "Feature", "properties": {"segment_id": 1124193, "physicalid": "77953", "street_name": "UNNAMED ST", "borough": "bronx", "direction": "TW", "total_row_ft": 30.0, "roadbed_ft": 0.0, "median_ft": 0.0, "left_sw_ft": 15.0, "right_sw_ft": 15.0}, "geometry": {"type": "LineString", "coordinates": [[-73.88547916220341, 40.79080707411728], [-73.88591252555531, 40.79080630874031]]}}, {"type": "Feature", "properties": {"segment_id": 1124194, "physicalid": "77953", "street_name": "UNNAMED ST", "borough": "bronx", "direction": "TW", "total_row_ft": 30.0, "roadbed_ft": 0.0, "median_ft": 0.0, "left_sw_ft": 15.0, "right_sw_ft": 15.0}, "geometry": {"type": "LineString", "coordinates": [[-73.88547899454183, 40.79075217964666], [-73.88591235753643, 40.79075141427036]]}}, {"type": "Feature", "properties": {"segment_id": 1124195, "physicalid": "77953", "street_name": "UNNAMED ST", "borough": "bronx", "direction": "TW", "total_row_ft": 30.0, "roadbed_ft": 0.0, "median_ft": 0.0, "left_sw_ft": 15.0, "right_sw_ft": 15.0}, "geometry": {"type": "LineString", "coordinates": [[-73.88547882688053, 40.790697285175575], [-73.8859121895178, 40.79069651979993]]}}, {"type": "Feature", "properties": {"segment_id": 1124196, "physicalid": "77953", "street_name": "UNNAMED ST", "borough": "bronx", "direction": "TW", "total_row_ft": 30.0, "roadbed_ft": 0.0, "median_ft": 0.0, "left_sw_ft": 15.0, "right_sw_ft": 15.0}, "geometry": {"type": "LineString", "coordinates": [[-73.8854786592195, 40.79064239070409], [-73.88591202149945, 40.79064162532901]]}}, {"type": "Feature", "properties": {"segment_id": 1124197, "physicalid": "77953", "street_name": "UNNAMED ST", "borough": "bronx", "direction": "TW", "total_row_ft": 30.0, "roadbed_ft": 0.0, "median_ft": 0.0, "left_sw_ft": 15.0, "right_sw_ft": 15.0}, "geometry": {"type": "LineString", "coordinates": [[-73.88547849155876, 40.79058749623208], [-73.88591185348137, 40.79058673085762]]}}, {"type": "Feature", "properties": {"segment_id": 1124198, "physicalid": "77953", "street_name": "UNNAMED ST", "borough": "bronx", "direction": "TW", "total_row_ft": 30.0, "roadbed_ft": 0.0, "median_ft": 0.0, "left_sw_ft": 15.0, "right_sw_ft": 15.0}, "geometry": {"type": "LineString", "coordinates": [[-73.88547832389828, 40.79053260175959], [-73.88591168546358, 40.79053183638581]]}}, {"type": "Feature", "properties": {"segment_id": 1124199, "physicalid": "77953", "street_name": "UNNAMED ST", "borough": "bronx", "direction": "TW", "total_row_ft": 30.0, "roadbed_ft": 0.0, "median_ft": 0.0, "left_sw_ft": 15.0, "right_sw_ft": 15.0}, "geometry": {"type": "LineString", "coordinates": [[-73.88547815623808, 40.79047770728665], [-73.88591151744606, 40.7904769419135]]}}, {"type": "Feature", "properties": {"segment_id": 1124200, "physicalid": "77954", "street_name": "UNNAMED ST", "borough": "bronx", "direction": "TW", "total_row_ft": 89.0, "roadbed_ft": 59.0, "median_ft": 0.0, "left_sw_ft": 15.0, "right_sw_ft": 15.0}, "geometry": {"type": "LineString", "coordinates": [[-73.88548713281514, 40.79289771193814], [-73.88509964727047, 40.79304522232229]]}}, {"type": "Feature", "properties": {"segment_id": 1124201, "physicalid": "77954", "street_name": "UNNAMED ST", "borough": "bronx", "direction": "TW", "total_row_ft": 106.6, "roadbed_ft": 76.6, "median_ft": 0.0, "left_sw_ft": 15.0, "right_sw_ft": 15.0}, "geometry": {"type": "LineString", "coordinates": [[-73.885519481729, 40.792946793359846], [-73.88513199597033, 40.7930943038516]]}}, {"type": "Feature", "properties": {"segment_id": 1124202, "physicalid": "77955", "street_name": "UNNAMED ST", "borough": "bronx", "direction": "TW", "total_row_ft": 103.8, "roadbed_ft": 73.8, "median_ft": 0.0, "left_sw_ft": 15.0, "right_sw_ft": 15.0}, "geometry": {"type": "LineString", "coordinates": [[-73.88538384302745, 40.79308030973305], [-73.8850777226332, 40.792847165291306]]}}, {"type": "Feature", "properties": {"segment_id": 1124203, "physicalid": "77955", "street_name": "UNNAMED ST", "borough": "bronx", "direction": "TW", "total_row_ft": 99.2, "roadbed_ft": 69.2, "median_ft": 0.0, "left_sw_ft": 15.0, "right_sw_ft": 15.0}, "geometry": {"type": "LineString", "coordinates": [[-73.88533271481325, 40.793119085025815], [-73.88502659441974, 40.79288594044969]]}}, {"type": "Feature", "properties": {"segment_id": 1124204, "physicalid": "77955", "street_name": "UNNAMED ST", "borough": "bronx", "direction": "TW", "total_row_ft": 77.0, "roadbed_ft": 47.0, "median_ft": 0.0, "left_sw_ft": 15.0, "right_sw_ft": 15.0}, "geometry": {"type": "LineString", "coordinates": [[-73.88528158653948, 40.79315786029566], [-73.88497546614673, 40.79292471558517]]}}, {"type": "Feature", "properties": {"segment_id": 1124205, "physicalid": "77956", "street_name": "UNNAMED ST", "borough": "bronx", "direction": "TW", "total_row_ft": 57.1, "roadbed_ft": 27.1, "median_ft": 0.0, "left_sw_ft": 15.0, "right_sw_ft": 15.0}, "geometry": {"type": "LineString", "coordinates": [[-73.88558167044911, 40.79313112899304], [-73.88514862205902, 40.793118254279655]]}}, {"type": "Feature", "properties": {"segment_id": 1124206, "physicalid": "77956", "street_name": "UNNAMED ST", "borough": "bronx", "direction": "TW", "total_row_ft": 59.9, "roadbed_ft": 29.9, "median_ft": 0.0, "left_sw_ft": 15.0, "right_sw_ft": 15.0}, "geometry": {"type": "LineString", "coordinates": [[-73.885578847215, 40.7931859816419], [-73.88514579846867, 40.793173106917926]]}}, {"type": "Feature", "properties": {"segment_id": 1124207, "physicalid": "77956", "street_name": "UNNAMED ST", "borough": "bronx", "direction": "TW", "total_row_ft": 59.4, "roadbed_ft": 29.4, "median_ft": 0.0, "left_sw_ft": 15.0, "right_sw_ft": 15.0}, "geometry": {"type": "LineString", "coordinates": [[-73.88551092346073, 40.79333647696564], [-73.8851798039323, 40.79312397893207]]}}, {"type": "Feature", "properties": {"segment_id": 1124208, "physicalid": "77956", "street_name": "UNNAMED ST", "borough": "bronx", "direction": "TW", "total_row_ft": 70.5, "roadbed_ft": 40.5, "median_ft": 0.0, "left_sw_ft": 15.0, "right_sw_ft": 15.0}, "geometry": {"type": "LineString", "coordinates": [[-73.88546432281139, 40.79337841864563], [-73.88513320322305, 40.79316592047965]]}}, {"type": "Feature", "properties": {"segment_id": 1124209, "physicalid": "77956", "street_name": "UNNAMED ST", "borough": "bronx", "direction": "TW", "total_row_ft": 68.8, "roadbed_ft": 38.8, "median_ft": 0.0, "left_sw_ft": 15.0, "right_sw_ft": 15.0}, "geometry": {"type": "LineString", "coordinates": [[-73.88524931263449, 40.79344720055732], [-73.88521284749312, 40.7931190009632]]}}, {"type": "Feature", "properties": {"segment_id": 1124210, "physicalid": "77956", "street_name": "UNNAMED ST", "borough": "bronx", "direction": "TW", "total_row_ft": 82.7, "roadbed_ft": 52.7, "median_ft": 0.0, "left_sw_ft": 15.0, "right_sw_ft": 15.0}, "geometry": {"type": "LineString", "coordinates": [[-73.8849997144487, 40.793397595060604], [-73.88531971675327, 40.793175476779055]]}}, {"type": "Feature", "properties": {"segment_id": 1124211, "physicalid": "77956", "street_name": "UNNAMED ST", "borough": "bronx", "direction": "TW", "total_row_ft": 67.5, "roadbed_ft": 37.5, "median_ft": 0.0, "left_sw_ft": 15.0, "right_sw_ft": 15.0}, "geometry": {"type": "LineString", "coordinates": [[-73.88495100409021, 40.793357061570106], [-73.88527100636243, 40.793134943422345]]}}, {"type": "Feature", "properties": {"segment_id": 1124212, "physicalid": "77956", "street_name": "UNNAMED ST", "borough": "bronx", "direction": "TW", "total_row_ft": 66.2, "roadbed_ft": 36.2, "median_ft": 0.0, "left_sw_ft": 15.0, "right_sw_ft": 15.0}, "geometry": {"type": "LineString", "coordinates": [[-73.88486588525757, 40.79319910834185], [-73.88529923431189, 40.79319516709816]]}}, {"type": "Feature", "properties": {"segment_id": 1124213, "physicalid": "77956", "street_name": "UNNAMED ST", "borough": "bronx", "direction": "TW", "total_row_ft": 64.5, "roadbed_ft": 34.5, "median_ft": 0.0, "left_sw_ft": 15.0, "right_sw_ft": 15.0}, "geometry": {"type": "LineString", "coordinates": [[-73.88486502112573, 40.79314421767251], [-73.8852983698228, 40.79314027643205]]}}, {"type": "Feature", "properties": {"segment_id": 1124214, "physicalid": "77957", "street_name": "UNNAMED ST", "borough": "bronx", "direction": "TW", "total_row_ft": 65.6, "roadbed_ft": 35.6, "median_ft": 0.0, "left_sw_ft": 15.0, "right_sw_ft": 15.0}, "geometry": {"type": "LineString", "coordinates": [[-73.8854222883434, 40.79291903183138], [-73.8854205832281, 40.79324839687445]]}}, {"type": "Feature", "properties": {"segment_id": 1124215, "physicalid": "77957", "street_name": "UNNAMED ST", "borough": "bronx", "direction": "TW", "total_row_ft": 55.7, "roadbed_ft": 25.7, "median_ft": 0.0, "left_sw_ft": 15.0, "right_sw_ft": 15.0}, "geometry": {"type": "LineString", "coordinates": [[-73.88549451749664, 40.79291924778902], [-73.88549281273866, 40.79324861283314]]}}, {"type": "Feature", "properties": {"segment_id": 1124216, "physicalid": "77957", "street_name": "UNNAMED ST", "borough": "bronx", "direction": "TW", "total_row_ft": 51.9, "roadbed_ft": 21.9, "median_ft": 0.0, "left_sw_ft": 15.0, "right_sw_ft": 15.0}, "geometry": {"type": "LineString", "coordinates": [[-73.88556674665034, 40.79291946370142], [-73.88556504224971, 40.793248828746606]]}}, {"type": "Feature", "properties": {"segment_id": 1124217, "physicalid": "77957", "street_name": "UNNAMED ST", "borough": "bronx", "direction": "TW", "total_row_ft": 51.6, "roadbed_ft": 21.6, "median_ft": 0.0, "left_sw_ft": 15.0, "right_sw_ft": 15.0}, "geometry": {"type": "LineString", "coordinates": [[-73.88563897580451, 40.79291967956854], [-73.88563727176121, 40.793249044614754]]}}, {"type": "Feature", "properties": {"segment_id": 1124218, "physicalid": "77957", "street_name": "UNNAMED ST", "borough": "bronx", "direction": "TW", "total_row_ft": 51.5, "roadbed_ft": 21.5, "median_ft": 0.0, "left_sw_ft": 15.0, "right_sw_ft": 15.0}, "geometry": {"type": "LineString", "coordinates": [[-73.88571120495914, 40.79291989539039], [-73.88570950127318, 40.79324926043769]]}}, {"type": "Feature", "properties": {"segment_id": 1124219, "physicalid": "77957", "street_name": "UNNAMED ST", "borough": "bronx", "direction": "TW", "total_row_ft": 51.3, "roadbed_ft": 21.3, "median_ft": 0.0, "left_sw_ft": 15.0, "right_sw_ft": 15.0}, "geometry": {"type": "LineString", "coordinates": [[-73.88578343411424, 40.79292011116699], [-73.88578173078562, 40.79324947621534]]}}, {"type": "Feature", "properties": {"segment_id": 1124220, "physicalid": "77957", "street_name": "UNNAMED ST", "borough": "bronx", "direction": "TW", "total_row_ft": 51.2, "roadbed_ft": 21.2, "median_ft": 0.0, "left_sw_ft": 15.0, "right_sw_ft": 15.0}, "geometry": {"type": "LineString", "coordinates": [[-73.8858556632698, 40.79292032689832], [-73.88585396029852, 40.79324969194771]]}}, {"type": "Feature", "properties": {"segment_id": 1124221, "physicalid": "77957", "street_name": "UNNAMED ST", "borough": "bronx", "direction": "TW", "total_row_ft": 51.0, "roadbed_ft": 21.0, "median_ft": 0.0, "left_sw_ft": 15.0, "right_sw_ft": 15.0}, "geometry": {"type": "LineString", "coordinates": [[-73.88592789242584, 40.792920542584405], [-73.88592618981191, 40.793249907634845]]}}, {"type": "Feature", "properties": {"segment_id": 1124222, "physicalid": "77957", "street_name": "UNNAMED ST", "borough": "bronx", "direction": "TW", "total_row_ft": 50.8, "roadbed_ft": 20.8, "median_ft": 0.0, "left_sw_ft": 15.0, "right_sw_ft": 15.0}, "geometry": {"type": "LineString", "coordinates": [[-73.88600012158234, 40.7929207582252], [-73.88599841932576, 40.79325012327669]]}}, {"type": "Feature", "properties": {"segment_id": 1124223, "physicalid": "77957", "street_name": "UNNAMED ST", "borough": "bronx", "direction": "TW", "total_row_ft": 50.6, "roadbed_ft": 20.6, "median_ft": 0.0, "left_sw_ft": 15.0, "right_sw_ft": 15.0}, "geometry": {"type": "LineString", "coordinates": [[-73.88607235073931, 40.79292097382074], [-73.88607064884006, 40.79325033887329]]}}, {"type": "Feature", "properties": {"segment_id": 1124224, "physicalid": "77957", "street_name": "UNNAMED ST", "borough": "bronx", "direction": "TW", "total_row_ft": 50.4, "roadbed_ft": 20.4, "median_ft": 0.0, "left_sw_ft": 15.0, "right_sw_ft": 15.0}, "geometry": {"type": "LineString", "coordinates": [[-73.88614457989677, 40.792921189371], [-73.88614287835485, 40.79325055442463]]}}, {"type": "Feature", "properties": {"segment_id": 1124225, "physicalid": "77957", "street_name": "UNNAMED ST", "borough": "bronx", "direction": "TW", "total_row_ft": 50.5, "roadbed_ft": 20.5, "median_ft": 0.0, "left_sw_ft": 15.0, "right_sw_ft": 15.0}, "geometry": {"type": "LineString", "coordinates": [[-73.88621680905467, 40.792921404876026], [-73.8862151078701, 40.7932507699307]]}}, {"type": "Feature", "properties": {"segment_id": 1124226, "physicalid": "77957", "street_name": "UNNAMED ST", "borough": "bronx", "direction": "TW", "total_row_ft": 50.9, "roadbed_ft": 20.9, "median_ft": 0.0, "left_sw_ft": 15.0, "right_sw_ft": 15.0}, "geometry": {"type": "LineString", "coordinates": [[-73.88628903821305, 40.79292162033576], [-73.88628733738581, 40.793250985391495]]}}, {"type": "Feature", "properties": {"segment_id": 1124227, "physicalid": "77957", "street_name": "UNNAMED ST", "borough": "bronx", "direction": "TW", "total_row_ft": 51.3, "roadbed_ft": 21.3, "median_ft": 0.0, "left_sw_ft": 15.0, "right_sw_ft": 15.0}, "geometry": {"type": "LineString", "coordinates": [[-73.88636126737188, 40.79292183575025], [-73.88635956690199, 40.79325120080704]]}}, {"type": "Feature", "properties": {"segment_id": 1124228, "physicalid": "77957", "street_name": "UNNAMED ST", "borough": "bronx", "direction": "TW", "total_row_ft": 51.7, "roadbed_ft": 21.7, "median_ft": 0.0, "left_sw_ft": 15.0, "right_sw_ft": 15.0}, "geometry": {"type": "LineString", "coordinates": [[-73.8864334965312, 40.79292205111947], [-73.88643179641865, 40.79325141617731]]}}, {"type": "Feature", "properties": {"segment_id": 1124229, "physicalid": "77957", "street_name": "UNNAMED ST", "borough": "bronx", "direction": "TW", "total_row_ft": 52.1, "roadbed_ft": 22.1, "median_ft": 0.0, "left_sw_ft": 15.0, "right_sw_ft": 15.0}, "geometry": {"type": "LineString", "coordinates": [[-73.88650572569098, 40.79292226644343], [-73.88650402593576, 40.79325163150233]]}}, {"type": "Feature", "properties": {"segment_id": 1124230, "physicalid": "77957", "street_name": "UNNAMED ST", "borough": "bronx", "direction": "TW", "total_row_ft": 52.5, "roadbed_ft": 22.5, "median_ft": 0.0, "left_sw_ft": 15.0, "right_sw_ft": 15.0}, "geometry": {"type": "LineString", "coordinates": [[-73.88657795485123, 40.792922481722115], [-73.88657625545335, 40.79325184678206]]}}, {"type": "Feature", "properties": {"segment_id": 1124231, "physicalid": "77957", "street_name": "UNNAMED ST", "borough": "bronx", "direction": "TW", "total_row_ft": 53.3, "roadbed_ft": 23.3, "median_ft": 0.0, "left_sw_ft": 15.0, "right_sw_ft": 15.0}, "geometry": {"type": "LineString", "coordinates": [[-73.88665018401194, 40.79292269695556], [-73.8866484849714, 40.79325206201655]]}}, {"type": "Feature", "properties": {"segment_id": 1124232, "physicalid": "77959", "street_name": "UNNAMED ST", "borough": "bronx", "direction": "TW", "total_row_ft": 70.1, "roadbed_ft": 40.1, "median_ft": 0.0, "left_sw_ft": 15.0, "right_sw_ft": 15.0}, "geometry": {"type": "LineString", "coordinates": [[-73.88682073044914, 40.792923204157375], [-73.88681904093258, 40.793252569246626]]}}, {"type": "Feature", "properties": {"segment_id": 1124233, "physicalid": "77959", "street_name": "UNNAMED ST", "borough": "bronx", "direction": "TW", "total_row_ft": 63.0, "roadbed_ft": 33.0, "median_ft": 0.0, "left_sw_ft": 15.0, "right_sw_ft": 15.0}, "geometry": {"type": "LineString", "coordinates": [[-73.88689295961707, 40.79292341813916], [-73.88689127045787, 40.793252783229484]]}}, {"type": "Feature", "properties": {"segment_id": 1124234, "physicalid": "77959", "street_name": "UNNAMED ST", "borough": "bronx", "direction": "TW", "total_row_ft": 103.0, "roadbed_ft": 73.0, "median_ft": 0.0, "left_sw_ft": 15.0, "right_sw_ft": 15.0}, "geometry": {"type": "LineString", "coordinates": [[-73.88696518878548, 40.79292363207569], [-73.88696349998361, 40.793252997167066]]}}, {"type": "Feature", "properties": {"segment_id": 1124235, "physicalid": "77959", "street_name": "UNNAMED ST", "borough": "bronx", "direction": "TW", "total_row_ft": 66.4, "roadbed_ft": 36.4, "median_ft": 0.0, "left_sw_ft": 15.0, "right_sw_ft": 15.0}, "geometry": {"type": "LineString", "coordinates": [[-73.88718824277096, 40.7931357689842], [-73.88675492589434, 40.793141377029706]]}}, {"type": "Feature", "properties": {"segment_id": 1124236, "physicalid": "77959", "street_name": "UNNAMED ST", "borough": "bronx", "direction": "TW", "total_row_ft": 52.9, "roadbed_ft": 22.9, "median_ft": 0.0, "left_sw_ft": 15.0, "right_sw_ft": 15.0}, "geometry": {"type": "LineString", "coordinates": [[-73.88718947278875, 40.79319065562213], [-73.88675615555498, 40.793196263672215]]}}, {"type": "Feature", "properties": {"segment_id": 1124237, "physicalid": "77959", "street_name": "UNNAMED ST", "borough": "bronx", "direction": "TW", "total_row_ft": 52.6, "roadbed_ft": 22.6, "median_ft": 0.0, "left_sw_ft": 15.0, "right_sw_ft": 15.0}, "geometry": {"type": "LineString", "coordinates": [[-73.88719070280858, 40.793245542259605], [-73.88675738521766, 40.793251150314205]]}}, {"type": "Feature", "properties": {"segment_id": 1124238, "physicalid": "77959", "street_name": "UNNAMED ST", "borough": "bronx", "direction": "TW", "total_row_ft": 52.6, "roadbed_ft": 22.6, "median_ft": 0.0, "left_sw_ft": 15.0, "right_sw_ft": 15.0}, "geometry": {"type": "LineString", "coordinates": [[-73.88719193283043, 40.79330042889656], [-73.88675861488238, 40.79330603695579]]}}, {"type": "Feature", "properties": {"segment_id": 1124239, "physicalid": "77959", "street_name": "UNNAMED ST", "borough": "bronx", "direction": "TW", "total_row_ft": 53.2, "roadbed_ft": 23.2, "median_ft": 0.0, "left_sw_ft": 15.0, "right_sw_ft": 15.0}, "geometry": {"type": "LineString", "coordinates": [[-73.88719316285432, 40.79335531553303], [-73.88675984454912, 40.79336092359685]]}}, {"type": "Feature", "properties": {"segment_id": 1124240, "physicalid": "77959", "street_name": "UNNAMED ST", "borough": "bronx", "direction": "TW", "total_row_ft": 57.5, "roadbed_ft": 27.5, "median_ft": 0.0, "left_sw_ft": 15.0, "right_sw_ft": 15.0}, "geometry": {"type": "LineString", "coordinates": [[-73.88717985452229, 40.79335363940809], [-73.88677561223359, 40.79347237305065]]}}, {"type": "Feature", "properties": {"segment_id": 1124241, "physicalid": "77959", "street_name": "UNNAMED ST", "borough": "bronx", "direction": "TW", "total_row_ft": 57.7, "roadbed_ft": 27.7, "median_ft": 0.0, "left_sw_ft": 15.0, "right_sw_ft": 15.0}, "geometry": {"type": "LineString", "coordinates": [[-73.88718049677135, 40.793334317873935], [-73.88687658957731, 40.79356913041449]]}}, {"type": "Feature", "properties": {"segment_id": 1124242, "physicalid": "77959", "street_name": "UNNAMED ST", "borough": "bronx", "direction": "TW", "total_row_ft": 55.9, "roadbed_ft": 25.9, "median_ft": 0.0, "left_sw_ft": 15.0, "right_sw_ft": 15.0}, "geometry": {"type": "LineString", "coordinates": [[-73.88709472845512, 40.79329458401997], [-73.88709830614361, 40.79362394036965]]}}, {"type": "Feature", "properties": {"segment_id": 1124243, "physicalid": "77959", "street_name": "UNNAMED ST", "borough": "bronx", "direction": "TW", "total_row_ft": 51.7, "roadbed_ft": 21.7, "median_ft": 0.0, "left_sw_ft": 15.0, "right_sw_ft": 15.0}, "geometry": {"type": "LineString", "coordinates": [[-73.88716695611289, 40.79329413082814], [-73.88717053415868, 40.79362348717559]]}}, {"type": "Feature", "properties": {"segment_id": 1124244, "physicalid": "77959", "street_name": "UNNAMED ST", "borough": "bronx", "direction": "TW", "total_row_ft": 51.9, "roadbed_ft": 21.9, "median_ft": 0.0, "left_sw_ft": 15.0, "right_sw_ft": 15.0}, "geometry": {"type": "LineString", "coordinates": [[-73.88723918376967, 40.793293677591045], [-73.88724276217276, 40.793623033936264]]}}, {"type": "Feature", "properties": {"segment_id": 1124245, "physicalid": "77959", "street_name": "UNNAMED ST", "borough": "bronx", "direction": "TW", "total_row_ft": 52.1, "roadbed_ft": 22.1, "median_ft": 0.0, "left_sw_ft": 15.0, "right_sw_ft": 15.0}, "geometry": {"type": "LineString", "coordinates": [[-73.88731141142546, 40.793293224308684], [-73.88731499018587, 40.7936225806517]]}}, {"type": "Feature", "properties": {"segment_id": 1124246, "physicalid": "77959", "street_name": "UNNAMED ST", "borough": "bronx", "direction": "TW", "total_row_ft": 52.2, "roadbed_ft": 22.2, "median_ft": 0.0, "left_sw_ft": 15.0, "right_sw_ft": 15.0}, "geometry": {"type": "LineString", "coordinates": [[-73.88738363908027, 40.79329277098107], [-73.88738721819799, 40.79362212732186]]}}, {"type": "Feature", "properties": {"segment_id": 1124247, "physicalid": "77959", "street_name": "UNNAMED ST", "borough": "bronx", "direction": "TW", "total_row_ft": 52.4, "roadbed_ft": 22.4, "median_ft": 0.0, "left_sw_ft": 15.0, "right_sw_ft": 15.0}, "geometry": {"type": "LineString", "coordinates": [[-73.88745586673409, 40.79329231760818], [-73.8874594462091, 40.79362167394675]]}}, {"type": "Feature", "properties": {"segment_id": 1124248, "physicalid": "77959", "street_name": "UNNAMED ST", "borough": "bronx", "direction": "TW", "total_row_ft": 49.7, "roadbed_ft": 19.7, "median_ft": 0.0, "left_sw_ft": 15.0, "right_sw_ft": 15.0}, "geometry": {"type": "LineString", "coordinates": [[-73.88761093262231, 40.793305097415754], [-73.88744823700736, 40.793610374739984]]}}, {"type": "Feature", "properties": {"segment_id": 1124249, "physicalid": "77959", "street_name": "UNNAMED ST", "borough": "bronx", "direction": "TW", "total_row_ft": 53.5, "roadbed_ft": 23.5, "median_ft": 0.0, "left_sw_ft": 15.0, "right_sw_ft": 15.0}, "geometry": {"type": "LineString", "coordinates": [[-73.88767787982057, 40.793325705299374], [-73.88751518446226, 40.79363098271713]]}}, {"type": "Feature", "properties": {"segment_id": 1124250, "physicalid": "77959", "street_name": "UNNAMED ST", "borough": "bronx", "direction": "TW", "total_row_ft": 61.0, "roadbed_ft": 31.0, "median_ft": 0.0, "left_sw_ft": 15.0, "right_sw_ft": 15.0}, "geometry": {"type": "LineString", "coordinates": [[-73.88774482706027, 40.79334631314404], [-73.88758213195858, 40.79365159065531]]}}, {"type": "Feature", "properties": {"segment_id": 1124251, "physicalid": "77959", "street_name": "UNNAMED ST", "borough": "bronx", "direction": "TW", "total_row_ft": 108.4, "roadbed_ft": 78.4, "median_ft": 0.0, "left_sw_ft": 15.0, "right_sw_ft": 15.0}, "geometry": {"type": "LineString", "coordinates": [[-73.88781177434143, 40.79336692094977], [-73.88764907949637, 40.79367219855455]]}}, {"type": "Feature", "properties": {"segment_id": 1124252, "physicalid": "77960", "street_name": "UNNAMED ST", "borough": "bronx", "direction": "TW", "total_row_ft": 58.5, "roadbed_ft": 28.5, "median_ft": 0.0, "left_sw_ft": 15.0, "right_sw_ft": 15.0}, "geometry": {"type": "LineString", "coordinates": [[-73.88800323521028, 40.793578667202965], [-73.88756985554011, 40.79357746388274]]}}, {"type": "Feature", "properties": {"segment_id": 1124253, "physicalid": "77960", "street_name": "UNNAMED ST", "borough": "bronx", "direction": "TW", "total_row_ft": 51.9, "roadbed_ft": 21.9, "median_ft": 0.0, "left_sw_ft": 15.0, "right_sw_ft": 15.0}, "geometry": {"type": "LineString", "coordinates": [[-73.88800297150019, 40.79363356143132], [-73.88756959147265, 40.79363235811016]]}}, {"type": "Feature", "properties": {"segment_id": 1124254, "physicalid": "77960", "street_name": "UNNAMED ST", "borough": "bronx", "direction": "TW", "total_row_ft": 51.8, "roadbed_ft": 21.8, "median_ft": 0.0, "left_sw_ft": 15.0, "right_sw_ft": 15.0}, "geometry": {"type": "LineString", "coordinates": [[-73.88800270778964, 40.79368845565923], [-73.88756932740476, 40.793687252337065]]}}, {"type": "Feature", "properties": {"segment_id": 1124255, "physicalid": "77960", "street_name": "UNNAMED ST", "borough": "bronx", "direction": "TW", "total_row_ft": 51.6, "roadbed_ft": 21.6, "median_ft": 0.0, "left_sw_ft": 15.0, "right_sw_ft": 15.0}, "geometry": {"type": "LineString", "coordinates": [[-73.88800244407867, 40.793743349886675], [-73.88756906333644, 40.7937421465635]]}}, {"type": "Feature", "properties": {"segment_id": 1124256, "physicalid": "77960", "street_name": "UNNAMED ST", "borough": "bronx", "direction": "TW", "total_row_ft": 51.4, "roadbed_ft": 21.4, "median_ft": 0.0, "left_sw_ft": 15.0, "right_sw_ft": 15.0}, "geometry": {"type": "LineString", "coordinates": [[-73.88800218036725, 40.793798244113646], [-73.8875687992677, 40.793797040789485]]}}, {"type": "Feature", "properties": {"segment_id": 1124257, "physicalid": "77960", "street_name": "UNNAMED ST", "borough": "bronx", "direction": "TW", "total_row_ft": 51.5, "roadbed_ft": 21.5, "median_ft": 0.0, "left_sw_ft": 15.0, "right_sw_ft": 15.0}, "geometry": {"type": "LineString", "coordinates": [[-73.88800191665541, 40.79385313834011], [-73.8875685351985, 40.79385193501501]]}}, {"type": "Feature", "properties": {"segment_id": 1124258, "physicalid": "77961", "street_name": "UNNAMED ST", "borough": "bronx", "direction": "TW", "total_row_ft": 101.9, "roadbed_ft": 71.9, "median_ft": 0.0, "left_sw_ft": 15.0, "right_sw_ft": 15.0}, "geometry": {"type": "LineString", "coordinates": [[-73.88757009859445, 40.79349558337585], [-73.88800348046303, 40.79349586450487]]}}, {"type": "Feature", "properties": {"segment_id": 1124259, "physicalid": "77961", "street_name": "UNNAMED ST", "borough": "bronx", "direction": "TW", "total_row_ft": 52.0, "roadbed_ft": 22.0, "median_ft": 0.0, "left_sw_ft": 15.0, "right_sw_ft": 15.0}, "geometry": {"type": "LineString", "coordinates": [[-73.8875701604247, 40.793440688800494], [-73.88800354193593, 40.793440969929364]]}}, {"type": "Feature", "properties": {"segment_id": 1124260, "physicalid": "77961", "street_name": "UNNAMED ST", "borough": "bronx", "direction": "TW", "total_row_ft": 52.1, "roadbed_ft": 22.1, "median_ft": 0.0, "left_sw_ft": 15.0, "right_sw_ft": 15.0}, "geometry": {"type": "LineString", "coordinates": [[-73.88757022225487, 40.79338579422471], [-73.88800360340875, 40.793386075353354]]}}, {"type": "Feature", "properties": {"segment_id": 1124261, "physicalid": "77961", "street_name": "UNNAMED ST", "borough": "bronx", "direction": "TW", "total_row_ft": 52.0, "roadbed_ft": 22.0, "median_ft": 0.0, "left_sw_ft": 15.0, "right_sw_ft": 15.0}, "geometry": {"type": "LineString", "coordinates": [[-73.88757028408492, 40.79333089964845], [-73.88800366488144, 40.79333118077686]]}}, {"type": "Feature", "properties": {"segment_id": 1124262, "physicalid": "77961", "street_name": "UNNAMED ST", "borough": "bronx", "direction": "TW", "total_row_ft": 51.8, "roadbed_ft": 21.8, "median_ft": 0.0, "left_sw_ft": 15.0, "right_sw_ft": 15.0}, "geometry": {"type": "LineString", "coordinates": [[-73.88757034591487, 40.79327600507174], [-73.88800372635404, 40.793276286199905]]}}, {"type": "Feature", "properties": {"segment_id": 1124263, "physicalid": "77961", "street_name": "UNNAMED ST", "borough": "bronx", "direction": "TW", "total_row_ft": 51.7, "roadbed_ft": 21.7, "median_ft": 0.0, "left_sw_ft": 15.0, "right_sw_ft": 15.0}, "geometry": {"type": "LineString", "coordinates": [[-73.88757040774472, 40.793221110494585], [-73.88800378782653, 40.79322139162245]]}}, {"type": "Feature", "properties": {"segment_id": 1124264, "physicalid": "77961", "street_name": "UNNAMED ST", "borough": "bronx", "direction": "TW", "total_row_ft": 51.8, "roadbed_ft": 21.8, "median_ft": 0.0, "left_sw_ft": 15.0, "right_sw_ft": 15.0}, "geometry": {"type": "LineString", "coordinates": [[-73.88757046957447, 40.79316621591686], [-73.88800384929894, 40.79316649704458]]}}, {"type": "Feature", "properties": {"segment_id": 1124265, "physicalid": "77961", "street_name": "UNNAMED ST", "borough": "bronx", "direction": "TW", "total_row_ft": 51.8, "roadbed_ft": 21.8, "median_ft": 0.0, "left_sw_ft": 15.0, "right_sw_ft": 15.0}, "geometry": {"type": "LineString", "coordinates": [[-73.88757053140412, 40.79311132133871], [-73.88800391077122, 40.793111602466205]]}}, {"type": "Feature", "properties": {"segment_id": 1124266, "physicalid": "77961", "street_name": "UNNAMED ST", "borough": "bronx", "direction": "TW", "total_row_ft": 51.9, "roadbed_ft": 21.9, "median_ft": 0.0, "left_sw_ft": 15.0, "right_sw_ft": 15.0}, "geometry": {"type": "LineString", "coordinates": [[-73.88757059323366, 40.7930564267601], [-73.88800397224342, 40.79305670788737]]}}, {"type": "Feature", "properties": {"segment_id": 1124267, "physicalid": "77961", "street_name": "UNNAMED ST", "borough": "bronx", "direction": "TW", "total_row_ft": 51.9, "roadbed_ft": 21.9, "median_ft": 0.0, "left_sw_ft": 15.0, "right_sw_ft": 15.0}, "geometry": {"type": "LineString", "coordinates": [[-73.8875706550631, 40.793001532181016], [-73.88800403371552, 40.79300181330804]]}}, {"type": "Feature", "properties": {"segment_id": 1124268, "physicalid": "77961", "street_name": "UNNAMED ST", "borough": "bronx", "direction": "TW", "total_row_ft": 52.0, "roadbed_ft": 22.0, "median_ft": 0.0, "left_sw_ft": 15.0, "right_sw_ft": 15.0}, "geometry": {"type": "LineString", "coordinates": [[-73.88757071689244, 40.792946637601446], [-73.88800409518751, 40.79294691872825]]}}, {"type": "Feature", "properties": {"segment_id": 1124269, "physicalid": "77961", "street_name": "UNNAMED ST", "borough": "bronx", "direction": "TW", "total_row_ft": 58.9, "roadbed_ft": 28.9, "median_ft": 0.0, "left_sw_ft": 15.0, "right_sw_ft": 15.0}, "geometry": {"type": "LineString", "coordinates": [[-73.88757077872168, 40.79289174302147], [-73.88800415665939, 40.79289202414794]]}}, {"type": "Feature", "properties": {"segment_id": 1124270, "physicalid": "77961", "street_name": "UNNAMED ST", "borough": "bronx", "direction": "TW", "total_row_ft": 99.6, "roadbed_ft": 69.6, "median_ft": 0.0, "left_sw_ft": 15.0, "right_sw_ft": 15.0}, "geometry": {"type": "LineString", "coordinates": [[-73.88776638677587, 40.79267808341244], [-73.88782189567705, 40.793004738108685]]}}, {"type": "Feature", "properties": {"segment_id": 1124271, "physicalid": "77961", "street_name": "UNNAMED ST", "borough": "bronx", "direction": "TW", "total_row_ft": 55.6, "roadbed_ft": 25.6, "median_ft": 0.0, "left_sw_ft": 15.0, "right_sw_ft": 15.0}, "geometry": {"type": "LineString", "coordinates": [[-73.88783802128812, 40.79267105226904], [-73.88789353053494, 40.79299770693116]]}}, {"type": "Feature", "properties": {"segment_id": 1124272, "physicalid": "77961", "street_name": "UNNAMED ST", "borough": "bronx", "direction": "TW", "total_row_ft": 50.4, "roadbed_ft": 20.4, "median_ft": 0.0, "left_sw_ft": 15.0, "right_sw_ft": 15.0}, "geometry": {"type": "LineString", "coordinates": [[-73.88790965578525, 40.79266402108113], [-73.88796516537771, 40.792990675709085]]}}, {"type": "Feature", "properties": {"segment_id": 1124273, "physicalid": "77961", "street_name": "UNNAMED ST", "borough": "bronx", "direction": "TW", "total_row_ft": 53.1, "roadbed_ft": 23.1, "median_ft": 0.0, "left_sw_ft": 15.0, "right_sw_ft": 15.0}, "geometry": {"type": "LineString", "coordinates": [[-73.88798129026726, 40.792656989848666], [-73.88803680020531, 40.792983644442494]]}}, {"type": "Feature", "properties": {"segment_id": 1124274, "physicalid": "77961", "street_name": "UNNAMED ST", "borough": "bronx", "direction": "TW", "total_row_ft": 51.4, "roadbed_ft": 21.4, "median_ft": 0.0, "left_sw_ft": 15.0, "right_sw_ft": 15.0}, "geometry": {"type": "LineString", "coordinates": [[-73.88785824501903, 40.792744773954695], [-73.88826887857672, 40.792850072239055]]}}, {"type": "Feature", "properties": {"segment_id": 1124275, "physicalid": "77961", "street_name": "UNNAMED ST", "borough": "bronx", "direction": "TW", "total_row_ft": 50.9, "roadbed_ft": 20.9, "median_ft": 0.0, "left_sw_ft": 15.0, "right_sw_ft": 15.0}, "geometry": {"type": "LineString", "coordinates": [[-73.88786941165408, 40.79274585686574], [-73.88830278666883, 40.79274482497395]]}}, {"type": "Feature", "properties": {"segment_id": 1124276, "physicalid": "77961", "street_name": "UNNAMED ST", "borough": "bronx", "direction": "TW", "total_row_ft": 50.1, "roadbed_ft": 20.1, "median_ft": 0.0, "left_sw_ft": 15.0, "right_sw_ft": 15.0}, "geometry": {"type": "LineString", "coordinates": [[-73.88786918554155, 40.79269096253286], [-73.88830256019895, 40.7926899306419]]}}, {"type": "Feature", "properties": {"segment_id": 1124277, "physicalid": "77961", "street_name": "UNNAMED ST", "borough": "bronx", "direction": "TW", "total_row_ft": 50.2, "roadbed_ft": 20.2, "median_ft": 0.0, "left_sw_ft": 15.0, "right_sw_ft": 15.0}, "geometry": {"type": "LineString", "coordinates": [[-73.88786895942938, 40.79263606819951], [-73.88830233372946, 40.7926350363094]]}}, {"type": "Feature", "properties": {"segment_id": 1124278, "physicalid": "77961", "street_name": "UNNAMED ST", "borough": "bronx", "direction": "TW", "total_row_ft": 50.3, "roadbed_ft": 20.3, "median_ft": 0.0, "left_sw_ft": 15.0, "right_sw_ft": 15.0}, "geometry": {"type": "LineString", "coordinates": [[-73.88786873331759, 40.792581173865706], [-73.88830210726033, 40.79258014197635]]}}, {"type": "Feature", "properties": {"segment_id": 1124279, "physicalid": "77961", "street_name": "UNNAMED ST", "borough": "bronx", "direction": "TW", "total_row_ft": 50.4, "roadbed_ft": 20.4, "median_ft": 0.0, "left_sw_ft": 15.0, "right_sw_ft": 15.0}, "geometry": {"type": "LineString", "coordinates": [[-73.88786850720619, 40.79252627953138], [-73.88830188079157, 40.79252524764295]]}}, {"type": "Feature", "properties": {"segment_id": 1124280, "physicalid": "77961", "street_name": "UNNAMED ST", "borough": "bronx", "direction": "TW", "total_row_ft": 50.9, "roadbed_ft": 20.9, "median_ft": 0.0, "left_sw_ft": 15.0, "right_sw_ft": 15.0}, "geometry": {"type": "LineString", "coordinates": [[-73.88791099009649, 40.79259661795145], [-73.88821259591093, 40.79236010095036]]}}, {"type": "Feature", "properties": {"segment_id": 1124281, "physicalid": "77961", "street_name": "UNNAMED ST", "borough": "bronx", "direction": "TW", "total_row_ft": 49.8, "roadbed_ft": 19.8, "median_ft": 0.0, "left_sw_ft": 15.0, "right_sw_ft": 15.0}, "geometry": {"type": "LineString", "coordinates": [[-73.88785912272206, 40.79255841420061], [-73.88816072854776, 40.79232189733386]]}}, {"type": "Feature", "properties": {"segment_id": 1124282, "physicalid": "77961", "street_name": "UNNAMED ST", "borough": "bronx", "direction": "TW", "total_row_ft": 66.9, "roadbed_ft": 36.9, "median_ft": 0.0, "left_sw_ft": 15.0, "right_sw_ft": 15.0}, "geometry": {"type": "LineString", "coordinates": [[-73.88780725540724, 40.79252021042622], [-73.88810886124408, 40.79228369369375]]}}, {"type": "Feature", "properties": {"segment_id": 1124283, "physicalid": "77961", "street_name": "UNNAMED ST", "borough": "bronx", "direction": "TW", "total_row_ft": 85.2, "roadbed_ft": 55.2, "median_ft": 0.0, "left_sw_ft": 15.0, "right_sw_ft": 15.0}, "geometry": {"type": "LineString", "coordinates": [[-73.88775538815192, 40.79248200662824], [-73.88805699399994, 40.79224549003008]]}}, {"type": "Feature", "properties": {"segment_id": 1124284, "physicalid": "77962", "street_name": "UNNAMED ST", "borough": "bronx", "direction": "TW", "total_row_ft": 107.3, "roadbed_ft": 77.3, "median_ft": 0.0, "left_sw_ft": 15.0, "right_sw_ft": 15.0}, "geometry": {"type": "LineString", "coordinates": [[-73.88530716859228, 40.79324704501605], [-73.88531905487929, 40.792917801328535]]}}, {"type": "Feature", "properties": {"segment_id": 1124285, "physicalid": "77962", "street_name": "UNNAMED ST", "borough": "bronx", "direction": "TW", "total_row_ft": 103.0, "roadbed_ft": 73.0, "median_ft": 0.0, "left_sw_ft": 15.0, "right_sw_ft": 15.0}, "geometry": {"type": "LineString", "coordinates": [[-73.88523496569837, 40.793245539396615], [-73.88524685234219, 40.79291629571648]]}}, {"type": "Feature", "properties": {"segment_id": 1124286, "physicalid": "77962", "street_name": "UNNAMED ST", "borough": "bronx", "direction": "TW", "total_row_ft": 85.3, "roadbed_ft": 55.3, "median_ft": 0.0, "left_sw_ft": 15.0, "right_sw_ft": 15.0}, "geometry": {"type": "LineString", "coordinates": [[-73.88516276280774, 40.79324403373193], [-73.88517464980838, 40.79291479005917]]}}, {"type": "Feature", "properties": {"segment_id": 1124287, "physicalid": "77963", "street_name": "UNNAMED ST", "borough": "bronx", "direction": "TW", "total_row_ft": 73.8, "roadbed_ft": 43.8, "median_ft": 0.0, "left_sw_ft": 15.0, "right_sw_ft": 15.0}, "geometry": {"type": "LineString", "coordinates": [[-73.88501974752185, 40.79324089031359], [-73.88503331506298, 40.792911684165354]]}}, {"type": "Feature", "properties": {"segment_id": 1124288, "physicalid": "77963", "street_name": "UNNAMED ST", "borough": "bronx", "direction": "TW", "total_row_ft": 51.7, "roadbed_ft": 21.7, "median_ft": 0.0, "left_sw_ft": 15.0, "right_sw_ft": 15.0}, "geometry": {"type": "LineString", "coordinates": [[-73.88494755286732, 40.79323917173508], [-73.88496112076507, 40.79290996559525]]}}, {"type": "Feature", "properties": {"segment_id": 1124289, "physicalid": "77963", "street_name": "UNNAMED ST", "borough": "bronx", "direction": "TW", "total_row_ft": 52.0, "roadbed_ft": 22.0, "median_ft": 0.0, "left_sw_ft": 15.0, "right_sw_ft": 15.0}, "geometry": {"type": "LineString", "coordinates": [[-73.88487535821648, 40.79323745311134], [-73.8848889264709, 40.79290824697993]]}}, {"type": "Feature", "properties": {"segment_id": 1124290, "physicalid": "77963", "street_name": "UNNAMED ST", "borough": "bronx", "direction": "TW", "total_row_ft": 52.4, "roadbed_ft": 22.4, "median_ft": 0.0, "left_sw_ft": 15.0, "right_sw_ft": 15.0}, "geometry": {"type": "LineString", "coordinates": [[-73.88480316356937, 40.79323573444239], [-73.88481673218045, 40.79290652831936]]}}, {"type": "Feature", "properties": {"segment_id": 1124291, "physicalid": "77963", "street_name": "UNNAMED ST", "borough": "bronx", "direction": "TW", "total_row_ft": 52.8, "roadbed_ft": 22.8, "median_ft": 0.0, "left_sw_ft": 15.0, "right_sw_ft": 15.0}, "geometry": {"type": "LineString", "coordinates": [[-73.88473096892598, 40.79323401572821], [-73.88474453789374, 40.792904809613596]]}}, {"type": "Feature", "properties": {"segment_id": 1124292, "physicalid": "77963", "street_name": "UNNAMED ST", "borough": "bronx", "direction": "TW", "total_row_ft": 53.2, "roadbed_ft": 23.2, "median_ft": 0.0, "left_sw_ft": 15.0, "right_sw_ft": 15.0}, "geometry": {"type": "LineString", "coordinates": [[-73.88465877428634, 40.793232296968796], [-73.88467234361073, 40.792903090862616]]}}, {"type": "Feature", "properties": {"segment_id": 1124293, "physicalid": "77963", "street_name": "UNNAMED ST", "borough": "bronx", "direction": "TW", "total_row_ft": 53.4, "roadbed_ft": 23.4, "median_ft": 0.0, "left_sw_ft": 15.0, "right_sw_ft": 15.0}, "geometry": {"type": "LineString", "coordinates": [[-73.88458657965042, 40.79323057816418], [-73.88460014933146, 40.79290137206641]]}}, {"type": "Feature", "properties": {"segment_id": 1124294, "physicalid": "77963", "street_name": "UNNAMED ST", "borough": "bronx", "direction": "TW", "total_row_ft": 53.6, "roadbed_ft": 23.6, "median_ft": 0.0, "left_sw_ft": 15.0, "right_sw_ft": 15.0}, "geometry": {"type": "LineString", "coordinates": [[-73.88451438501822, 40.79322885931435], [-73.88452795505592, 40.792899653224964]]}}, {"type": "Feature", "properties": {"segment_id": 1124295, "physicalid": "77963", "street_name": "UNNAMED ST", "borough": "bronx", "direction": "TW", "total_row_ft": 54.2, "roadbed_ft": 24.2, "median_ft": 0.0, "left_sw_ft": 15.0, "right_sw_ft": 15.0}, "geometry": {"type": "LineString", "coordinates": [[-73.88444219038976, 40.793227140419276], [-73.8844557607841, 40.79289793433832]]}}, {"type": "Feature", "properties": {"segment_id": 1124296, "physicalid": "77963", "street_name": "UNNAMED ST", "borough": "bronx", "direction": "TW", "total_row_ft": 71.7, "roadbed_ft": 41.7, "median_ft": 0.0, "left_sw_ft": 15.0, "right_sw_ft": 15.0}, "geometry": {"type": "LineString", "coordinates": [[-73.88436999576503, 40.793225421479], [-73.88438356651602, 40.79289621540643]]}}, {"type": "Feature", "properties": {"segment_id": 1124297, "physicalid": "77964", "street_name": "UNNAMED ST", "borough": "bronx", "direction": "TW", "total_row_ft": 150.0, "roadbed_ft": 86.2, "median_ft": 33.8, "left_sw_ft": 15.0, "right_sw_ft": 15.0}, "geometry": {"type": "LineString", "coordinates": [[-73.88421855911982, 40.79322217485723], [-73.88422828442383, 40.79289289020576]]}}, {"type": "Feature", "properties": {"segment_id": 1124298, "physicalid": "77964", "street_name": "UNNAMED ST", "borough": "bronx", "direction": "TW", "total_row_ft": 150.0, "roadbed_ft": 43.2, "median_ft": 76.8, "left_sw_ft": 15.0, "right_sw_ft": 15.0}, "geometry": {"type": "LineString", "coordinates": [[-73.88415026904563, 40.79322102375505], [-73.88415214973332, 40.79289165926262]]}}, {"type": "Feature", "properties": {"segment_id": 1124299, "physicalid": "77965", "street_name": "UNNAMED ST", "borough": "bronx", "direction": "TW", "total_row_ft": 150.0, "roadbed_ft": 89.4, "median_ft": 30.6, "left_sw_ft": 15.0, "right_sw_ft": 15.0}, "geometry": {"type": "LineString", "coordinates": [[-73.88443866486053, 40.791307839312466], [-73.88443113724088, 40.79097852131238]]}}, {"type": "Feature", "properties": {"segment_id": 1124300, "physicalid": "77965", "street_name": "UNNAMED ST", "borough": "bronx", "direction": "TW", "total_row_ft": 150.0, "roadbed_ft": 28.9, "median_ft": 91.1, "left_sw_ft": 15.0, "right_sw_ft": 15.0}, "geometry": {"type": "LineString", "coordinates": [[-73.88435767620517, 40.79130823897673], [-73.88436769612136, 40.790978959333835]]}}, {"type": "Feature", "properties": {"segment_id": 1124301, "physicalid": "77966", "street_name": "UNNAMED ST", "borough": "bronx", "direction": "TW", "total_row_ft": 120.0, "roadbed_ft": 52.0, "median_ft": 0.0, "left_sw_ft": 38.0, "right_sw_ft": 30.0}, "geometry": {"type": "LineString", "coordinates": [[-73.88418847505437, 40.79130442660333], [-73.88420697927084, 40.79097535929674]]}}, {"type": "Feature", "properties": {"segment_id": 1124302, "physicalid": "77966", "street_name": "UNNAMED ST", "borough": "bronx", "direction": "TW", "total_row_ft": 55.0, "roadbed_ft": 25.0, "median_ft": 0.0, "left_sw_ft": 15.0, "right_sw_ft": 15.0}, "geometry": {"type": "LineString", "coordinates": [[-73.88411631296937, 40.791302082643504], [-73.88413481754186, 40.79097301534836]]}}, {"type": "Feature", "properties": {"segment_id": 1124303, "physicalid": "77966", "street_name": "UNNAMED ST", "borough": "bronx", "direction": "TW", "total_row_ft": 54.5, "roadbed_ft": 24.5, "median_ft": 0.0, "left_sw_ft": 15.0, "right_sw_ft": 15.0}, "geometry": {"type": "LineString", "coordinates": [[-73.88404415088942, 40.791299738638486], [-73.88406265581796, 40.790970671354806]]}}, {"type": "Feature", "properties": {"segment_id": 1124304, "physicalid": "77966", "street_name": "UNNAMED ST", "borough": "bronx", "direction": "TW", "total_row_ft": 54.1, "roadbed_ft": 24.1, "median_ft": 0.0, "left_sw_ft": 15.0, "right_sw_ft": 15.0}, "geometry": {"type": "LineString", "coordinates": [[-73.8839719888146, 40.79129739458827], [-73.88399049409914, 40.79096832731605]]}}, {"type": "Feature", "properties": {"segment_id": 1124305, "physicalid": "77966", "street_name": "UNNAMED ST", "borough": "bronx", "direction": "TW", "total_row_ft": 54.0, "roadbed_ft": 24.0, "median_ft": 0.0, "left_sw_ft": 15.0, "right_sw_ft": 15.0}, "geometry": {"type": "LineString", "coordinates": [[-73.88389982674482, 40.79129505049289], [-73.8839183323854, 40.79096598323213]]}}, {"type": "Feature", "properties": {"segment_id": 1124306, "physicalid": "77966", "street_name": "UNNAMED ST", "borough": "bronx", "direction": "TW", "total_row_ft": 54.1, "roadbed_ft": 24.1, "median_ft": 0.0, "left_sw_ft": 15.0, "right_sw_ft": 15.0}, "geometry": {"type": "LineString", "coordinates": [[-73.88382766468014, 40.791292706352316], [-73.88384617067675, 40.790963639103026]]}}, {"type": "Feature", "properties": {"segment_id": 1124307, "physicalid": "77966", "street_name": "UNNAMED ST", "borough": "bronx", "direction": "TW", "total_row_ft": 54.2, "roadbed_ft": 24.2, "median_ft": 0.0, "left_sw_ft": 15.0, "right_sw_ft": 15.0}, "geometry": {"type": "LineString", "coordinates": [[-73.88375550262055, 40.79129036216656], [-73.88377400897316, 40.790961294928756]]}}, {"type": "Feature", "properties": {"segment_id": 1124308, "physicalid": "77966", "street_name": "UNNAMED ST", "borough": "bronx", "direction": "TW", "total_row_ft": 88.6, "roadbed_ft": 24.2, "median_ft": 0.0, "left_sw_ft": 15.0, "right_sw_ft": 49.3}, "geometry": {"type": "LineString", "coordinates": [[-73.88368334056602, 40.79128801793564], [-73.88370184727468, 40.79095895070929]]}}, {"type": "Feature", "properties": {"segment_id": 1124309, "physicalid": "77966", "street_name": "UNNAMED ST", "borough": "bronx", "direction": "TW", "total_row_ft": 53.4, "roadbed_ft": 23.4, "median_ft": 0.0, "left_sw_ft": 15.0, "right_sw_ft": 15.0}, "geometry": {"type": "LineString", "coordinates": [[-73.88371841576995, 40.79129314088085], [-73.88353451397703, 40.79099489994795]]}}, {"type": "Feature", "properties": {"segment_id": 1124310, "physicalid": "77966", "street_name": "UNNAMED ST", "borough": "bronx", "direction": "TW", "total_row_ft": 52.7, "roadbed_ft": 22.7, "median_ft": 0.0, "left_sw_ft": 15.0, "right_sw_ft": 15.0}, "geometry": {"type": "LineString", "coordinates": [[-73.88375719326758, 40.79127299861063], [-73.8833969306195, 40.791089933480805]]}}, {"type": "Feature", "properties": {"segment_id": 1124311, "physicalid": "77966", "street_name": "UNNAMED ST", "borough": "bronx", "direction": "TW", "total_row_ft": 52.3, "roadbed_ft": 22.3, "median_ft": 0.0, "left_sw_ft": 15.0, "right_sw_ft": 15.0}, "geometry": {"type": "LineString", "coordinates": [[-73.88375522702746, 40.791238588743745], [-73.88332281772651, 40.79121670096181]]}}, {"type": "Feature", "properties": {"segment_id": 1124312, "physicalid": "77966", "street_name": "UNNAMED ST", "borough": "bronx", "direction": "TW", "total_row_ft": 54.1, "roadbed_ft": 24.1, "median_ft": 0.0, "left_sw_ft": 15.0, "right_sw_ft": 15.0}, "geometry": {"type": "LineString", "coordinates": [[-73.88375042737331, 40.791293362022024], [-73.88331801771817, 40.79127147422236]]}}, {"type": "Feature", "properties": {"segment_id": 1124313, "physicalid": "77966", "street_name": "UNNAMED ST", "borough": "bronx", "direction": "TW", "total_row_ft": 46.4, "roadbed_ft": 27.9, "median_ft": 0.0, "left_sw_ft": 3.5, "right_sw_ft": 15.0}, "geometry": {"type": "LineString", "coordinates": [[-73.883686350269, 40.791345134878945], [-73.88331321770194, 40.791326247482154]]}}, {"type": "Feature", "properties": {"segment_id": 1124314, "physicalid": "77966", "street_name": "UNNAMED ST", "borough": "bronx", "direction": "TW", "total_row_ft": 50.5, "roadbed_ft": 31.6, "median_ft": 0.0, "left_sw_ft": 3.9, "right_sw_ft": 15.0}, "geometry": {"type": "LineString", "coordinates": [[-73.8836812586529, 40.79139989337857], [-73.88330841767781, 40.79138102074133]]}}, {"type": "Feature", "properties": {"segment_id": 1124315, "physicalid": "77966", "street_name": "UNNAMED ST", "borough": "bronx", "direction": "TW", "total_row_ft": 44.1, "roadbed_ft": 31.6, "median_ft": 0.0, "left_sw_ft": 4.3, "right_sw_ft": 8.2}, "geometry": {"type": "LineString", "coordinates": [[-73.8836761670284, 40.79145465187749], [-73.883416633079, 40.791441514795885]]}}, {"type": "Feature", "properties": {"segment_id": 1124316, "physicalid": "77966", "street_name": "UNNAMED ST", "borough": "bronx", "direction": "TW", "total_row_ft": 44.1, "roadbed_ft": 31.5, "median_ft": 0.0, "left_sw_ft": 4.6, "right_sw_ft": 8.0}, "geometry": {"type": "LineString", "coordinates": [[-73.88367122777586, 40.79150941808871], [-73.88341246401555, 40.791496319993186]]}}, {"type": "Feature", "properties": {"segment_id": 1124317, "physicalid": "77966", "street_name": "UNNAMED ST", "borough": "bronx", "direction": "TW", "total_row_ft": 44.3, "roadbed_ft": 31.5, "median_ft": 0.0, "left_sw_ft": 4.6, "right_sw_ft": 8.2}, "geometry": {"type": "LineString", "coordinates": [[-73.88366639787733, 40.79156418983486], [-73.88340652237886, 40.791551035464096]]}}, {"type": "Feature", "properties": {"segment_id": 1124318, "physicalid": "77966", "street_name": "UNNAMED ST", "borough": "bronx", "direction": "TW", "total_row_ft": 44.6, "roadbed_ft": 31.5, "median_ft": 0.0, "left_sw_ft": 4.7, "right_sw_ft": 8.4}, "geometry": {"type": "LineString", "coordinates": [[-73.88366156797085, 40.79161896158031], [-73.8834005807324, 40.791605750934245]]}}, {"type": "Feature", "properties": {"segment_id": 1124319, "physicalid": "77966", "street_name": "UNNAMED ST", "borough": "bronx", "direction": "TW", "total_row_ft": 41.9, "roadbed_ft": 26.7, "median_ft": 0.0, "left_sw_ft": 4.7, "right_sw_ft": 10.6}, "geometry": {"type": "LineString", "coordinates": [[-73.88365673805642, 40.791673733325105], [-73.88340491855391, 40.79166098674138]]}}, {"type": "Feature", "properties": {"segment_id": 1124320, "physicalid": "77966", "street_name": "UNNAMED ST", "borough": "bronx", "direction": "TW", "total_row_ft": 42.0, "roadbed_ft": 26.1, "median_ft": 0.0, "left_sw_ft": 4.7, "right_sw_ft": 11.2}, "geometry": {"type": "LineString", "coordinates": [[-73.88365190813403, 40.7917285050692], [-73.88339960864116, 40.79171573418885]]}}, {"type": "Feature", "properties": {"segment_id": 1124321, "physicalid": "77966", "street_name": "UNNAMED ST", "borough": "bronx", "direction": "TW", "total_row_ft": 42.1, "roadbed_ft": 25.5, "median_ft": 0.0, "left_sw_ft": 4.7, "right_sw_ft": 11.8}, "geometry": {"type": "LineString", "coordinates": [[-73.88364707820371, 40.79178327681265], [-73.88339429871967, 40.79177048163559]]}}, {"type": "Feature", "properties": {"segment_id": 1124322, "physicalid": "77966", "street_name": "UNNAMED ST", "borough": "bronx", "direction": "TW", "total_row_ft": 46.5, "roadbed_ft": 25.0, "median_ft": 0.0, "left_sw_ft": 4.8, "right_sw_ft": 16.8}, "geometry": {"type": "LineString", "coordinates": [[-73.88364224826543, 40.79183804855541], [-73.8833733583525, 40.79182443788265]]}}, {"type": "Feature", "properties": {"segment_id": 1124323, "physicalid": "77966", "street_name": "UNNAMED ST", "borough": "bronx", "direction": "TW", "total_row_ft": 47.1, "roadbed_ft": 24.4, "median_ft": 0.0, "left_sw_ft": 4.8, "right_sw_ft": 17.9}, "geometry": {"type": "LineString", "coordinates": [[-73.88363741831921, 40.79189282029753], [-73.883365992695, 40.79187908126908]]}}, {"type": "Feature", "properties": {"segment_id": 1124324, "physicalid": "77966", "street_name": "UNNAMED ST", "borough": "bronx", "direction": "TW", "total_row_ft": 48.2, "roadbed_ft": 24.2, "median_ft": 0.0, "left_sw_ft": 4.8, "right_sw_ft": 19.2}, "geometry": {"type": "LineString", "coordinates": [[-73.88363258836506, 40.79194759203895], [-73.88335706703087, 40.79193364568883]]}}, {"type": "Feature", "properties": {"segment_id": 1124325, "physicalid": "77966", "street_name": "UNNAMED ST", "borough": "bronx", "direction": "TW", "total_row_ft": 89.0, "roadbed_ft": 24.2, "median_ft": 0.0, "left_sw_ft": 49.8, "right_sw_ft": 15.0}, "geometry": {"type": "LineString", "coordinates": [[-73.8836880311505, 40.79200541457951], [-73.88325561689103, 40.7919835265481]]}}, {"type": "Feature", "properties": {"segment_id": 1124326, "physicalid": "77966", "street_name": "UNNAMED ST", "borough": "bronx", "direction": "TW", "total_row_ft": 44.2, "roadbed_ft": 24.2, "median_ft": 0.0, "left_sw_ft": 5.0, "right_sw_ft": 15.0}, "geometry": {"type": "LineString", "coordinates": [[-73.8836229285734, 40.79205713552692], [-73.88325081677213, 40.79203829979926]]}}, {"type": "Feature", "properties": {"segment_id": 1124327, "physicalid": "77966", "street_name": "UNNAMED ST", "borough": "bronx", "direction": "TW", "total_row_ft": 44.3, "roadbed_ft": 24.3, "median_ft": 0.0, "left_sw_ft": 5.0, "right_sw_ft": 15.0}, "geometry": {"type": "LineString", "coordinates": [[-73.88361809845959, 40.792111907259454], [-73.88324601664532, 40.792093073049735]]}}, {"type": "Feature", "properties": {"segment_id": 1124328, "physicalid": "77966", "street_name": "UNNAMED ST", "borough": "bronx", "direction": "TW", "total_row_ft": 44.3, "roadbed_ft": 24.3, "median_ft": 0.0, "left_sw_ft": 5.0, "right_sw_ft": 15.0}, "geometry": {"type": "LineString", "coordinates": [[-73.88361326833784, 40.792166678991315], [-73.8832412165106, 40.79214784629955]]}}, {"type": "Feature", "properties": {"segment_id": 1124329, "physicalid": "77966", "street_name": "UNNAMED ST", "borough": "bronx", "direction": "TW", "total_row_ft": 89.2, "roadbed_ft": 24.4, "median_ft": 0.0, "left_sw_ft": 49.8, "right_sw_ft": 15.0}, "geometry": {"type": "LineString", "coordinates": [[-73.88366883204418, 40.79222450765139], [-73.88323641636798, 40.792202619548696]]}}, {"type": "Feature", "properties": {"segment_id": 1124330, "physicalid": "77966", "street_name": "UNNAMED ST", "borough": "bronx", "direction": "TW", "total_row_ft": 44.5, "roadbed_ft": 24.6, "median_ft": 0.0, "left_sw_ft": 4.9, "right_sw_ft": 15.0}, "geometry": {"type": "LineString", "coordinates": [[-73.88360397559322, 40.792276241055895], [-73.88323161621749, 40.79225739279718]]}}, {"type": "Feature", "properties": {"segment_id": 1124331, "physicalid": "77966", "street_name": "UNNAMED ST", "borough": "bronx", "direction": "TW", "total_row_ft": 45.8, "roadbed_ft": 25.8, "median_ft": 0.0, "left_sw_ft": 5.0, "right_sw_ft": 15.0}, "geometry": {"type": "LineString", "coordinates": [[-73.88359971338296, 40.79233104153281], [-73.88322681605906, 40.792312166045015]]}}, {"type": "Feature", "properties": {"segment_id": 1124332, "physicalid": "77966", "street_name": "UNNAMED ST", "borough": "bronx", "direction": "TW", "total_row_ft": 35.7, "roadbed_ft": 26.1, "median_ft": 0.0, "left_sw_ft": 5.6, "right_sw_ft": 4.0}, "geometry": {"type": "LineString", "coordinates": [[-73.88359985500601, 40.79232922064553], [-73.88338991823002, 40.792394250308334]]}}, {"type": "Feature", "properties": {"segment_id": 1124333, "physicalid": "77966", "street_name": "UNNAMED ST", "borough": "bronx", "direction": "TW", "total_row_ft": 35.1, "roadbed_ft": 25.1, "median_ft": 0.0, "left_sw_ft": 5.7, "right_sw_ft": 4.3}, "geometry": {"type": "LineString", "coordinates": [[-73.88359513064387, 40.79238996304123], [-73.88340938565652, 40.79244749906035]]}}, {"type": "Feature", "properties": {"segment_id": 1124334, "physicalid": "77966", "street_name": "UNNAMED ST", "borough": "bronx", "direction": "TW", "total_row_ft": 48.0, "roadbed_ft": 24.5, "median_ft": 0.0, "left_sw_ft": 19.1, "right_sw_ft": 4.5}, "geometry": {"type": "LineString", "coordinates": [[-73.88363476808117, 40.79243696396137], [-73.8834395661667, 40.79249742936496]]}}, {"type": "Feature", "properties": {"segment_id": 1124335, "physicalid": "77966", "street_name": "UNNAMED ST", "borough": "bronx", "direction": "TW", "total_row_ft": 39.6, "roadbed_ft": 23.3, "median_ft": 0.0, "left_sw_ft": 11.1, "right_sw_ft": 5.2}, "geometry": {"type": "LineString", "coordinates": [[-73.88364986789627, 40.79243835151539], [-73.88345978098873, 40.7925824349336]]}}, {"type": "Feature", "properties": {"segment_id": 1124336, "physicalid": "77966", "street_name": "UNNAMED ST", "borough": "bronx", "direction": "TW", "total_row_ft": 41.0, "roadbed_ft": 20.5, "median_ft": 0.0, "left_sw_ft": 15.0, "right_sw_ft": 5.5}, "geometry": {"type": "LineString", "coordinates": [[-73.88373835277449, 40.79244881066363], [-73.88350376347778, 40.79262662651254]]}}, {"type": "Feature", "properties": {"segment_id": 1124337, "physicalid": "77966", "street_name": "UNNAMED ST", "borough": "bronx", "direction": "TW", "total_row_ft": 57.4, "roadbed_ft": 20.0, "median_ft": 0.0, "left_sw_ft": 15.0, "right_sw_ft": 22.4}, "geometry": {"type": "LineString", "coordinates": [[-73.88378935873112, 40.79248767848309], [-73.8835477834838, 40.79267078968134]]}}, {"type": "Feature", "properties": {"segment_id": 1124338, "physicalid": "77966", "street_name": "UNNAMED ST", "borough": "bronx", "direction": "TW", "total_row_ft": 50.2, "roadbed_ft": 20.2, "median_ft": 0.0, "left_sw_ft": 15.0, "right_sw_ft": 15.0}, "geometry": {"type": "LineString", "coordinates": [[-73.88380632156219, 40.79250411543269], [-73.88356935586725, 40.79277988509703]]}}, {"type": "Feature", "properties": {"segment_id": 1124339, "physicalid": "77966", "street_name": "UNNAMED ST", "borough": "bronx", "direction": "TW", "total_row_ft": 50.7, "roadbed_ft": 20.7, "median_ft": 0.0, "left_sw_ft": 15.0, "right_sw_ft": 15.0}, "geometry": {"type": "LineString", "coordinates": [[-73.88386679704604, 40.79253413114653], [-73.88362983149472, 40.79280990093388]]}}, {"type": "Feature", "properties": {"segment_id": 1124340, "physicalid": "77966", "street_name": "UNNAMED ST", "borough": "bronx", "direction": "TW", "total_row_ft": 51.8, "roadbed_ft": 21.8, "median_ft": 0.0, "left_sw_ft": 15.0, "right_sw_ft": 15.0}, "geometry": {"type": "LineString", "coordinates": [[-73.88392727258439, 40.79256414682847], [-73.88369030717674, 40.79283991673886]]}}, {"type": "Feature", "properties": {"segment_id": 1124341, "physicalid": "77966", "street_name": "UNNAMED ST", "borough": "bronx", "direction": "TW", "total_row_ft": 52.3, "roadbed_ft": 22.3, "median_ft": 0.0, "left_sw_ft": 15.0, "right_sw_ft": 15.0}, "geometry": {"type": "LineString", "coordinates": [[-73.88398774817725, 40.79259416247853], [-73.88375078291332, 40.792869932512]]}}, {"type": "Feature", "properties": {"segment_id": 1124342, "physicalid": "77966", "street_name": "UNNAMED ST", "borough": "bronx", "direction": "TW", "total_row_ft": 52.4, "roadbed_ft": 22.4, "median_ft": 0.0, "left_sw_ft": 15.0, "right_sw_ft": 15.0}, "geometry": {"type": "LineString", "coordinates": [[-73.8840192197779, 40.79260493762765], [-73.88384871750458, 40.79290774367668]]}}, {"type": "Feature", "properties": {"segment_id": 1124343, "physicalid": "77966", "street_name": "UNNAMED ST", "borough": "bronx", "direction": "TW", "total_row_ft": 99.9, "roadbed_ft": 69.9, "median_ft": 0.0, "left_sw_ft": 15.0, "right_sw_ft": 15.0}, "geometry": {"type": "LineString", "coordinates": [[-73.88408562432447, 40.7926265345753], [-73.88391512229785, 40.792929340721535]]}}, {"type": "Feature", "properties": {"segment_id": 1124344, "physicalid": "77967", "street_name": "UNNAMED ST", "borough": "bronx", "direction": "TW", "total_row_ft": 150.0, "roadbed_ft": 88.9, "median_ft": 31.1, "left_sw_ft": 15.0, "right_sw_ft": 15.0}, "geometry": {"type": "LineString", "coordinates": [[-73.88418064162526, 40.792652637950255], [-73.8840745457403, 40.792971983115294]]}}, {"type": "Feature", "properties": {"segment_id": 1124345, "physicalid": "77967", "street_name": "UNNAMED ST", "borough": "bronx", "direction": "TW", "total_row_ft": 150.0, "roadbed_ft": 53.3, "median_ft": 66.7, "left_sw_ft": 15.0, "right_sw_ft": 15.0}, "geometry": {"type": "LineString", "coordinates": [[-73.88425771814941, 40.792668070069006], [-73.88413717217148, 40.792984439619374]]}}, {"type": "Feature", "properties": {"segment_id": 1124346, "physicalid": "77968", "street_name": "UNNAMED ST", "borough": "bronx", "direction": "TW", "total_row_ft": 150.0, "roadbed_ft": 120.0, "median_ft": 0.0, "left_sw_ft": 15.0, "right_sw_ft": 15.0}, "geometry": {"type": "LineString", "coordinates": [[-73.88754073759985, 40.79634520738979], [-73.88797413477947, 40.796343904078554]]}}, {"type": "Feature", "properties": {"segment_id": 1124347, "physicalid": "77968", "street_name": "UNNAMED ST", "borough": "bronx", "direction": "TW", "total_row_ft": 59.6, "roadbed_ft": 29.6, "median_ft": 0.0, "left_sw_ft": 15.0, "right_sw_ft": 15.0}, "geometry": {"type": "LineString", "coordinates": [[-73.88754045195014, 40.79629031324823], [-73.88797384877238, 40.79628900993798]]}}, {"type": "Feature", "properties": {"segment_id": 1124348, "physicalid": "77968", "street_name": "UNNAMED ST", "borough": "bronx", "direction": "TW", "total_row_ft": 58.3, "roadbed_ft": 28.3, "median_ft": 0.0, "left_sw_ft": 15.0, "right_sw_ft": 15.0}, "geometry": {"type": "LineString", "coordinates": [[-73.88756925646456, 40.79616756694293], [-73.88796310309674, 40.79630503454391]]}}, {"type": "Feature", "properties": {"segment_id": 1124349, "physicalid": "77968", "street_name": "UNNAMED ST", "borough": "bronx", "direction": "TW", "total_row_ft": 100.0, "roadbed_ft": 70.0, "median_ft": 0.0, "left_sw_ft": 15.0, "right_sw_ft": 15.0}, "geometry": {"type": "LineString", "coordinates": [[-73.88759940446963, 40.79611768224422], [-73.88799325086893, 40.79625514974327]]}}, {"type": "Feature", "properties": {"segment_id": 1124350, "physicalid": "77969", "street_name": "EXECUTIVE RD", "borough": "bronx", "direction": "FT", "total_row_ft": 103.2, "roadbed_ft": 73.2, "median_ft": 0.0, "left_sw_ft": 15.0, "right_sw_ft": 15.0}, "geometry": {"type": "LineString", "coordinates": [[-73.88781097830436, 40.796220883188454], [-73.88781267220925, 40.79655024809437]]}}, {"type": "Feature", "properties": {"segment_id": 1124351, "physicalid": "77969", "street_name": "EXECUTIVE RD", "borough": "bronx", "direction": "FT", "total_row_ft": 78.7, "roadbed_ft": 48.7, "median_ft": 0.0, "left_sw_ft": 15.0, "right_sw_ft": 15.0}, "geometry": {"type": "LineString", "coordinates": [[-73.88788321104701, 40.79622066861628], [-73.88788490530928, 40.79655003352111]]}}, {"type": "Feature", "properties": {"segment_id": 1124352, "physicalid": "77969", "street_name": "EXECUTIVE RD", "borough": "bronx", "direction": "FT", "total_row_ft": 78.2, "roadbed_ft": 48.2, "median_ft": 0.0, "left_sw_ft": 15.0, "right_sw_ft": 15.0}, "geometry": {"type": "LineString", "coordinates": [[-73.8879554437892, 40.79622045399883], [-73.88795713840885, 40.796549818902626]]}}, {"type": "Feature", "properties": {"segment_id": 1124353, "physicalid": "77969", "street_name": "EXECUTIVE RD", "borough": "bronx", "direction": "FT", "total_row_ft": 78.0, "roadbed_ft": 48.0, "median_ft": 0.0, "left_sw_ft": 15.0, "right_sw_ft": 15.0}, "geometry": {"type": "LineString", "coordinates": [[-73.88802767653092, 40.79622023933612], [-73.88802937150795, 40.796549604238855]]}}, {"type": "Feature", "properties": {"segment_id": 1124354, "physicalid": "77969", "street_name": "EXECUTIVE RD", "borough": "bronx", "direction": "FT", "total_row_ft": 77.7, "roadbed_ft": 47.7, "median_ft": 0.0, "left_sw_ft": 15.0, "right_sw_ft": 15.0}, "geometry": {"type": "LineString", "coordinates": [[-73.88809990927216, 40.79622002462814], [-73.88810160460659, 40.79654938952983]]}}, {"type": "Feature", "properties": {"segment_id": 1124355, "physicalid": "77969", "street_name": "EXECUTIVE RD", "borough": "bronx", "direction": "FT", "total_row_ft": 77.5, "roadbed_ft": 47.5, "median_ft": 0.0, "left_sw_ft": 15.0, "right_sw_ft": 15.0}, "geometry": {"type": "LineString", "coordinates": [[-73.88817214201298, 40.79621980987491], [-73.88817383770474, 40.79654917477554]]}}, {"type": "Feature", "properties": {"segment_id": 1124356, "physicalid": "77969", "street_name": "EXECUTIVE RD", "borough": "bronx", "direction": "FT", "total_row_ft": 77.2, "roadbed_ft": 47.2, "median_ft": 0.0, "left_sw_ft": 15.0, "right_sw_ft": 15.0}, "geometry": {"type": "LineString", "coordinates": [[-73.8882443747533, 40.796219595076394], [-73.88824607080244, 40.79654895997597]]}}, {"type": "Feature", "properties": {"segment_id": 1124357, "physicalid": "77969", "street_name": "EXECUTIVE RD", "borough": "bronx", "direction": "FT", "total_row_ft": 85.5, "roadbed_ft": 55.5, "median_ft": 0.0, "left_sw_ft": 15.0, "right_sw_ft": 15.0}, "geometry": {"type": "LineString", "coordinates": [[-73.88831660749315, 40.79621938023261], [-73.88831830389967, 40.796548745131155]]}}, {"type": "Feature", "properties": {"segment_id": 1124358, "physicalid": "77970", "street_name": "UNNAMED ST", "borough": "bronx", "direction": "TW", "total_row_ft": 150.0, "roadbed_ft": 120.0, "median_ft": 0.0, "left_sw_ft": 15.0, "right_sw_ft": 15.0}, "geometry": {"type": "LineString", "coordinates": [[-73.88815466703238, 40.79634445296698], [-73.88858804392144, 40.79634101057621]]}}, {"type": "Feature", "properties": {"segment_id": 1124359, "physicalid": "77970", "street_name": "UNNAMED ST", "borough": "bronx", "direction": "TW", "total_row_ft": 30.0, "roadbed_ft": 0.0, "median_ft": 0.0, "left_sw_ft": 15.0, "right_sw_ft": 15.0}, "geometry": {"type": "LineString", "coordinates": [[-73.88815391226244, 40.79628956139298], [-73.88858728879421, 40.796286119004996]]}}, {"type": "Feature", "properties": {"segment_id": 1124360, "physicalid": "77970", "street_name": "UNNAMED ST", "borough": "bronx", "direction": "TW", "total_row_ft": 30.0, "roadbed_ft": 0.0, "median_ft": 0.0, "left_sw_ft": 15.0, "right_sw_ft": 15.0}, "geometry": {"type": "LineString", "coordinates": [[-73.88815315749373, 40.796234669818446], [-73.8885865336682, 40.79623122743338]]}}, {"type": "Feature", "properties": {"segment_id": 1124361, "physicalid": "77970", "street_name": "UNNAMED ST", "borough": "bronx", "direction": "TW", "total_row_ft": 30.0, "roadbed_ft": 0.0, "median_ft": 0.0, "left_sw_ft": 15.0, "right_sw_ft": 15.0}, "geometry": {"type": "LineString", "coordinates": [[-73.88815240272629, 40.79617977824352], [-73.88858577854344, 40.796176335861176]]}}, {"type": "Feature", "properties": {"segment_id": 1124362, "physicalid": "77970", "street_name": "UNNAMED ST", "borough": "bronx", "direction": "TW", "total_row_ft": 30.0, "roadbed_ft": 0.0, "median_ft": 0.0, "left_sw_ft": 15.0, "right_sw_ft": 15.0}, "geometry": {"type": "LineString", "coordinates": [[-73.88815164796009, 40.79612488666806], [-73.88858502341992, 40.79612144428854]]}}, {"type": "Feature", "properties": {"segment_id": 1124363, "physicalid": "77970", "street_name": "UNNAMED ST", "borough": "bronx", "direction": "TW", "total_row_ft": 30.0, "roadbed_ft": 0.0, "median_ft": 0.0, "left_sw_ft": 15.0, "right_sw_ft": 15.0}, "geometry": {"type": "LineString", "coordinates": [[-73.88815089319512, 40.7960699950921], [-73.88858426829766, 40.79606655271545]]}}, {"type": "Feature", "properties": {"segment_id": 1124364, "physicalid": "77970", "street_name": "UNNAMED ST", "borough": "bronx", "direction": "TW", "total_row_ft": 30.0, "roadbed_ft": 0.0, "median_ft": 0.0, "left_sw_ft": 15.0, "right_sw_ft": 15.0}, "geometry": {"type": "LineString", "coordinates": [[-73.8881501384314, 40.79601510351574], [-73.88858351317664, 40.79601166114182]]}}, {"type": "Feature", "properties": {"segment_id": 1124365, "physicalid": "77970", "street_name": "UNNAMED ST", "borough": "bronx", "direction": "TW", "total_row_ft": 30.0, "roadbed_ft": 0.0, "median_ft": 0.0, "left_sw_ft": 15.0, "right_sw_ft": 15.0}, "geometry": {"type": "LineString", "coordinates": [[-73.88814938366893, 40.795960211938876], [-73.88858275805687, 40.79595676956777]]}}, {"type": "Feature", "properties": {"segment_id": 1124366, "physicalid": "77970", "street_name": "UNNAMED ST", "borough": "bronx", "direction": "TW", "total_row_ft": 30.0, "roadbed_ft": 0.0, "median_ft": 0.0, "left_sw_ft": 15.0, "right_sw_ft": 15.0}, "geometry": {"type": "LineString", "coordinates": [[-73.8881486289077, 40.79590532036147], [-73.88858200293832, 40.795901877993245]]}}, {"type": "Feature", "properties": {"segment_id": 1124367, "physicalid": "77971", "street_name": "EXECUTIVE RD", "borough": "bronx", "direction": "TW", "total_row_ft": 109.2, "roadbed_ft": 79.2, "median_ft": 0.0, "left_sw_ft": 15.0, "right_sw_ft": 15.0}, "geometry": {"type": "LineString", "coordinates": [[-73.88842524494973, 40.796219056461595], [-73.8884269478149, 40.7965484213409]]}}, {"type": "Feature", "properties": {"segment_id": 1124368, "physicalid": "77971", "street_name": "EXECUTIVE RD", "borough": "bronx", "direction": "TW", "total_row_ft": 77.8, "roadbed_ft": 47.8, "median_ft": 0.0, "left_sw_ft": 15.0, "right_sw_ft": 15.0}, "geometry": {"type": "LineString", "coordinates": [[-73.88849747768454, 40.79621884075451], [-73.88849918090712, 40.79654820563277]]}}, {"type": "Feature", "properties": {"segment_id": 1124369, "physicalid": "77971", "street_name": "EXECUTIVE RD", "borough": "bronx", "direction": "TW", "total_row_ft": 78.0, "roadbed_ft": 48.0, "median_ft": 0.0, "left_sw_ft": 15.0, "right_sw_ft": 15.0}, "geometry": {"type": "LineString", "coordinates": [[-73.88856971041888, 40.79621862500215], [-73.88857141399885, 40.79654798987933]]}}, {"type": "Feature", "properties": {"segment_id": 1124370, "physicalid": "77971", "street_name": "EXECUTIVE RD", "borough": "bronx", "direction": "TW", "total_row_ft": 78.1, "roadbed_ft": 48.1, "median_ft": 0.0, "left_sw_ft": 15.0, "right_sw_ft": 15.0}, "geometry": {"type": "LineString", "coordinates": [[-73.88864194315278, 40.79621840920452], [-73.88864364709009, 40.79654777408066]]}}, {"type": "Feature", "properties": {"segment_id": 1124371, "physicalid": "77971", "street_name": "EXECUTIVE RD", "borough": "bronx", "direction": "TW", "total_row_ft": 78.2, "roadbed_ft": 48.2, "median_ft": 0.0, "left_sw_ft": 15.0, "right_sw_ft": 15.0}, "geometry": {"type": "LineString", "coordinates": [[-73.8887141758862, 40.796218193361625], [-73.8887158801809, 40.796547558236696]]}}, {"type": "Feature", "properties": {"segment_id": 1124372, "physicalid": "77971", "street_name": "EXECUTIVE RD", "borough": "bronx", "direction": "TW", "total_row_ft": 78.3, "roadbed_ft": 48.3, "median_ft": 0.0, "left_sw_ft": 15.0, "right_sw_ft": 15.0}, "geometry": {"type": "LineString", "coordinates": [[-73.88878640861915, 40.79621797747347], [-73.88878811327119, 40.7965473423475]]}}, {"type": "Feature", "properties": {"segment_id": 1124373, "physicalid": "77971", "street_name": "EXECUTIVE RD", "borough": "bronx", "direction": "TW", "total_row_ft": 78.3, "roadbed_ft": 48.3, "median_ft": 0.0, "left_sw_ft": 15.0, "right_sw_ft": 15.0}, "geometry": {"type": "LineString", "coordinates": [[-73.8888586413516, 40.796217761540056], [-73.88886034636106, 40.79654712641302]]}}, {"type": "Feature", "properties": {"segment_id": 1124374, "physicalid": "77971", "street_name": "EXECUTIVE RD", "borough": "bronx", "direction": "TW", "total_row_ft": 78.4, "roadbed_ft": 48.4, "median_ft": 0.0, "left_sw_ft": 15.0, "right_sw_ft": 15.0}, "geometry": {"type": "LineString", "coordinates": [[-73.88893087408363, 40.79621754556137], [-73.88893257945044, 40.79654691043327]]}}, {"type": "Feature", "properties": {"segment_id": 1124375, "physicalid": "77971", "street_name": "EXECUTIVE RD", "borough": "bronx", "direction": "TW", "total_row_ft": 78.3, "roadbed_ft": 48.3, "median_ft": 0.0, "left_sw_ft": 15.0, "right_sw_ft": 15.0}, "geometry": {"type": "LineString", "coordinates": [[-73.88900310681515, 40.7962173295374], [-73.88900481253935, 40.79654669440825]]}}, {"type": "Feature", "properties": {"segment_id": 1124376, "physicalid": "77971", "street_name": "EXECUTIVE RD", "borough": "bronx", "direction": "TW", "total_row_ft": 78.2, "roadbed_ft": 48.2, "median_ft": 0.0, "left_sw_ft": 15.0, "right_sw_ft": 15.0}, "geometry": {"type": "LineString", "coordinates": [[-73.88907533954622, 40.796217113468195], [-73.8890770456278, 40.79654647833797]]}}, {"type": "Feature", "properties": {"segment_id": 1124377, "physicalid": "77971", "street_name": "EXECUTIVE RD", "borough": "bronx", "direction": "TW", "total_row_ft": 78.1, "roadbed_ft": 48.1, "median_ft": 0.0, "left_sw_ft": 15.0, "right_sw_ft": 15.0}, "geometry": {"type": "LineString", "coordinates": [[-73.88914757227684, 40.7962168973537], [-73.88914927871576, 40.796546262222414]]}}, {"type": "Feature", "properties": {"segment_id": 1124378, "physicalid": "77971", "street_name": "EXECUTIVE RD", "borough": "bronx", "direction": "TW", "total_row_ft": 77.9, "roadbed_ft": 47.9, "median_ft": 0.0, "left_sw_ft": 15.0, "right_sw_ft": 15.0}, "geometry": {"type": "LineString", "coordinates": [[-73.88921980500696, 40.79621668119394], [-73.88922151180329, 40.796546046061614]]}}, {"type": "Feature", "properties": {"segment_id": 1124379, "physicalid": "77971", "street_name": "EXECUTIVE RD", "borough": "bronx", "direction": "TW", "total_row_ft": 77.7, "roadbed_ft": 47.7, "median_ft": 0.0, "left_sw_ft": 15.0, "right_sw_ft": 15.0}, "geometry": {"type": "LineString", "coordinates": [[-73.88929203773664, 40.79621646498893], [-73.88929374489031, 40.79654582985555]]}}, {"type": "Feature", "properties": {"segment_id": 1124380, "physicalid": "77971", "street_name": "EXECUTIVE RD", "borough": "bronx", "direction": "TW", "total_row_ft": 77.6, "roadbed_ft": 47.6, "median_ft": 0.0, "left_sw_ft": 15.0, "right_sw_ft": 15.0}, "geometry": {"type": "LineString", "coordinates": [[-73.88936427046582, 40.79621624873866], [-73.8893659779769, 40.79654561360421]]}}, {"type": "Feature", "properties": {"segment_id": 1124381, "physicalid": "77972", "street_name": "UNNAMED ST", "borough": "bronx", "direction": "TW", "total_row_ft": 30.0, "roadbed_ft": 0.0, "median_ft": 0.0, "left_sw_ft": 15.0, "right_sw_ft": 15.0}, "geometry": {"type": "LineString", "coordinates": [[-73.88841652858024, 40.79568812363724], [-73.88842106118909, 40.79601747307341]]}}, {"type": "Feature", "properties": {"segment_id": 1124382, "physicalid": "77972", "street_name": "UNNAMED ST", "borough": "bronx", "direction": "TW", "total_row_ft": 30.0, "roadbed_ft": 0.0, "median_ft": 0.0, "left_sw_ft": 15.0, "right_sw_ft": 15.0}, "geometry": {"type": "LineString", "coordinates": [[-73.88848875734575, 40.79568754951092], [-73.88849329031191, 40.79601689894429]]}}, {"type": "Feature", "properties": {"segment_id": 1124383, "physicalid": "77972", "street_name": "UNNAMED ST", "borough": "bronx", "direction": "TW", "total_row_ft": 30.0, "roadbed_ft": 0.0, "median_ft": 0.0, "left_sw_ft": 15.0, "right_sw_ft": 15.0}, "geometry": {"type": "LineString", "coordinates": [[-73.88856098611002, 40.79568697533936], [-73.88856551943351, 40.796016324769894]]}}, {"type": "Feature", "properties": {"segment_id": 1124384, "physicalid": "77972", "street_name": "UNNAMED ST", "borough": "bronx", "direction": "TW", "total_row_ft": 30.0, "roadbed_ft": 0.0, "median_ft": 0.0, "left_sw_ft": 15.0, "right_sw_ft": 15.0}, "geometry": {"type": "LineString", "coordinates": [[-73.88863321487307, 40.79568640112251], [-73.88863774855383, 40.796015750550254]]}}, {"type": "Feature", "properties": {"segment_id": 1124385, "physicalid": "77972", "street_name": "UNNAMED ST", "borough": "bronx", "direction": "TW", "total_row_ft": 30.0, "roadbed_ft": 0.0, "median_ft": 0.0, "left_sw_ft": 15.0, "right_sw_ft": 15.0}, "geometry": {"type": "LineString", "coordinates": [[-73.88870544363483, 40.79568582686041], [-73.88870997767293, 40.79601517628533]]}}, {"type": "Feature", "properties": {"segment_id": 1124386, "physicalid": "77972", "street_name": "UNNAMED ST", "borough": "bronx", "direction": "TW", "total_row_ft": 30.0, "roadbed_ft": 0.0, "median_ft": 0.0, "left_sw_ft": 15.0, "right_sw_ft": 15.0}, "geometry": {"type": "LineString", "coordinates": [[-73.8887776723954, 40.795685252553056], [-73.88878220679076, 40.796014601975166]]}}, {"type": "Feature", "properties": {"segment_id": 1124387, "physicalid": "77972", "street_name": "UNNAMED ST", "borough": "bronx", "direction": "TW", "total_row_ft": 30.0, "roadbed_ft": 0.0, "median_ft": 0.0, "left_sw_ft": 15.0, "right_sw_ft": 15.0}, "geometry": {"type": "LineString", "coordinates": [[-73.88884990115469, 40.79568467820043], [-73.88885443590736, 40.79601402761974]]}}, {"type": "Feature", "properties": {"segment_id": 1124388, "physicalid": "77972", "street_name": "UNNAMED ST", "borough": "bronx", "direction": "TW", "total_row_ft": 30.0, "roadbed_ft": 0.0, "median_ft": 0.0, "left_sw_ft": 15.0, "right_sw_ft": 15.0}, "geometry": {"type": "LineString", "coordinates": [[-73.88892212991274, 40.79568410380256], [-73.88892666502271, 40.79601345321904]]}}, {"type": "Feature", "properties": {"segment_id": 1124389, "physicalid": "77972", "street_name": "UNNAMED ST", "borough": "bronx", "direction": "TW", "total_row_ft": 30.0, "roadbed_ft": 0.0, "median_ft": 0.0, "left_sw_ft": 15.0, "right_sw_ft": 15.0}, "geometry": {"type": "LineString", "coordinates": [[-73.88899435866954, 40.79568352935941], [-73.88899889413682, 40.796012878773084]]}}, {"type": "Feature", "properties": {"segment_id": 1124390, "physicalid": "77972", "street_name": "UNNAMED ST", "borough": "bronx", "direction": "TW", "total_row_ft": 30.0, "roadbed_ft": 0.0, "median_ft": 0.0, "left_sw_ft": 15.0, "right_sw_ft": 15.0}, "geometry": {"type": "LineString", "coordinates": [[-73.88906658742509, 40.795682954871], [-73.88907112324968, 40.79601230428186]]}}, {"type": "Feature", "properties": {"segment_id": 1124391, "physicalid": "77972", "street_name": "UNNAMED ST", "borough": "bronx", "direction": "TW", "total_row_ft": 30.0, "roadbed_ft": 0.0, "median_ft": 0.0, "left_sw_ft": 15.0, "right_sw_ft": 15.0}, "geometry": {"type": "LineString", "coordinates": [[-73.88913881617941, 40.79568238033734], [-73.88914335236129, 40.79601172974539]]}}, {"type": "Feature", "properties": {"segment_id": 1124392, "physicalid": "77972", "street_name": "UNNAMED ST", "borough": "bronx", "direction": "TW", "total_row_ft": 30.0, "roadbed_ft": 0.0, "median_ft": 0.0, "left_sw_ft": 15.0, "right_sw_ft": 15.0}, "geometry": {"type": "LineString", "coordinates": [[-73.88921104493247, 40.795681805758406], [-73.88921558147165, 40.796011155163654]]}}, {"type": "Feature", "properties": {"segment_id": 1124393, "physicalid": "77972", "street_name": "UNNAMED ST", "borough": "bronx", "direction": "TW", "total_row_ft": 30.0, "roadbed_ft": 0.0, "median_ft": 0.0, "left_sw_ft": 15.0, "right_sw_ft": 15.0}, "geometry": {"type": "LineString", "coordinates": [[-73.88928327368428, 40.79568123113423], [-73.88928781058077, 40.79601058053664]]}}, {"type": "Feature", "properties": {"segment_id": 1124394, "physicalid": "77972", "street_name": "UNNAMED ST", "borough": "bronx", "direction": "TW", "total_row_ft": 30.0, "roadbed_ft": 0.0, "median_ft": 0.0, "left_sw_ft": 15.0, "right_sw_ft": 15.0}, "geometry": {"type": "LineString", "coordinates": [[-73.88935550243484, 40.79568065646477], [-73.88936003968865, 40.79601000586439]]}}, {"type": "Feature", "properties": {"segment_id": 1124395, "physicalid": "77972", "street_name": "UNNAMED ST", "borough": "bronx", "direction": "TW", "total_row_ft": 30.0, "roadbed_ft": 0.0, "median_ft": 0.0, "left_sw_ft": 15.0, "right_sw_ft": 15.0}, "geometry": {"type": "LineString", "coordinates": [[-73.8896357447286, 40.795852550606284], [-73.8892023507291, 40.79585385030491]]}}, {"type": "Feature", "properties": {"segment_id": 1124396, "physicalid": "77972", "street_name": "UNNAMED ST", "borough": "bronx", "direction": "TW", "total_row_ft": 30.0, "roadbed_ft": 0.0, "median_ft": 0.0, "left_sw_ft": 15.0, "right_sw_ft": 15.0}, "geometry": {"type": "LineString", "coordinates": [[-73.88963602994176, 40.79590744475297], [-73.88920263558485, 40.795908744452674]]}}, {"type": "Feature", "properties": {"segment_id": 1124397, "physicalid": "77972", "street_name": "UNNAMED ST", "borough": "bronx", "direction": "TW", "total_row_ft": 30.0, "roadbed_ft": 0.0, "median_ft": 0.0, "left_sw_ft": 15.0, "right_sw_ft": 15.0}, "geometry": {"type": "LineString", "coordinates": [[-73.88963631515536, 40.795962338899216], [-73.88920292044111, 40.79596363859995]]}}, {"type": "Feature", "properties": {"segment_id": 1124398, "physicalid": "77972", "street_name": "UNNAMED ST", "borough": "bronx", "direction": "TW", "total_row_ft": 30.0, "roadbed_ft": 0.0, "median_ft": 0.0, "left_sw_ft": 15.0, "right_sw_ft": 15.0}, "geometry": {"type": "LineString", "coordinates": [[-73.88963660036944, 40.79601723304495], [-73.88920320529782, 40.796018532746764]]}}, {"type": "Feature", "properties": {"segment_id": 1124399, "physicalid": "77972", "street_name": "UNNAMED ST", "borough": "bronx", "direction": "TW", "total_row_ft": 30.0, "roadbed_ft": 0.0, "median_ft": 0.0, "left_sw_ft": 15.0, "right_sw_ft": 15.0}, "geometry": {"type": "LineString", "coordinates": [[-73.88963688558401, 40.79607212719024], [-73.88920349015501, 40.79607342689309]]}}, {"type": "Feature", "properties": {"segment_id": 1124400, "physicalid": "77972", "street_name": "UNNAMED ST", "borough": "bronx", "direction": "TW", "total_row_ft": 30.0, "roadbed_ft": 0.0, "median_ft": 0.0, "left_sw_ft": 15.0, "right_sw_ft": 15.0}, "geometry": {"type": "LineString", "coordinates": [[-73.88963717079905, 40.79612702133501], [-73.88920377501267, 40.79612832103899]]}}, {"type": "Feature", "properties": {"segment_id": 1124401, "physicalid": "77972", "street_name": "UNNAMED ST", "borough": "bronx", "direction": "TW", "total_row_ft": 30.0, "roadbed_ft": 0.0, "median_ft": 0.0, "left_sw_ft": 15.0, "right_sw_ft": 15.0}, "geometry": {"type": "LineString", "coordinates": [[-73.88963745601453, 40.79618191547936], [-73.88920405987079, 40.796183215184364]]}}, {"type": "Feature", "properties": {"segment_id": 1124402, "physicalid": "77972", "street_name": "UNNAMED ST", "borough": "bronx", "direction": "TW", "total_row_ft": 30.0, "roadbed_ft": 0.0, "median_ft": 0.0, "left_sw_ft": 15.0, "right_sw_ft": 15.0}, "geometry": {"type": "LineString", "coordinates": [[-73.8896377412305, 40.796236809623224], [-73.8892043447294, 40.79623810932926]]}}, {"type": "Feature", "properties": {"segment_id": 1124403, "physicalid": "77972", "street_name": "UNNAMED ST", "borough": "bronx", "direction": "TW", "total_row_ft": 30.0, "roadbed_ft": 0.0, "median_ft": 0.0, "left_sw_ft": 15.0, "right_sw_ft": 15.0}, "geometry": {"type": "LineString", "coordinates": [[-73.88963802644695, 40.796291703766535], [-73.88920462958846, 40.79629300347373]]}}, {"type": "Feature", "properties": {"segment_id": 1124404, "physicalid": "77973", "street_name": "EXECUTIVE RD", "borough": "bronx", "direction": "FT", "total_row_ft": 77.4, "roadbed_ft": 47.4, "median_ft": 0.0, "left_sw_ft": 15.0, "right_sw_ft": 15.0}, "geometry": {"type": "LineString", "coordinates": [[-73.88947510732845, 40.79621591675104], [-73.88947681619074, 40.79654528161257]]}}, {"type": "Feature", "properties": {"segment_id": 1124405, "physicalid": "77973", "street_name": "EXECUTIVE RD", "borough": "bronx", "direction": "FT", "total_row_ft": 77.2, "roadbed_ft": 47.2, "median_ft": 0.0, "left_sw_ft": 15.0, "right_sw_ft": 15.0}, "geometry": {"type": "LineString", "coordinates": [[-73.88954734005591, 40.79621570028435], [-73.8895490492756, 40.79654506514482]]}}, {"type": "Feature", "properties": {"segment_id": 1124406, "physicalid": "77973", "street_name": "EXECUTIVE RD", "borough": "bronx", "direction": "FT", "total_row_ft": 77.1, "roadbed_ft": 47.1, "median_ft": 0.0, "left_sw_ft": 15.0, "right_sw_ft": 15.0}, "geometry": {"type": "LineString", "coordinates": [[-73.88961957278293, 40.7962154837724], [-73.88962128235998, 40.79654484863181]]}}, {"type": "Feature", "properties": {"segment_id": 1124407, "physicalid": "77973", "street_name": "EXECUTIVE RD", "borough": "bronx", "direction": "FT", "total_row_ft": 77.1, "roadbed_ft": 47.1, "median_ft": 0.0, "left_sw_ft": 15.0, "right_sw_ft": 15.0}, "geometry": {"type": "LineString", "coordinates": [[-73.88969180550946, 40.796215267215146], [-73.8896935154439, 40.796544632073505]]}}, {"type": "Feature", "properties": {"segment_id": 1124408, "physicalid": "77973", "street_name": "EXECUTIVE RD", "borough": "bronx", "direction": "FT", "total_row_ft": 77.1, "roadbed_ft": 47.1, "median_ft": 0.0, "left_sw_ft": 15.0, "right_sw_ft": 15.0}, "geometry": {"type": "LineString", "coordinates": [[-73.88976403823553, 40.79621505061267], [-73.88976574852734, 40.796544415469945]]}}, {"type": "Feature", "properties": {"segment_id": 1124409, "physicalid": "77973", "street_name": "EXECUTIVE RD", "borough": "bronx", "direction": "FT", "total_row_ft": 77.2, "roadbed_ft": 47.2, "median_ft": 0.0, "left_sw_ft": 15.0, "right_sw_ft": 15.0}, "geometry": {"type": "LineString", "coordinates": [[-73.88983627096113, 40.7962148339649], [-73.88983798161031, 40.79654419882114]]}}, {"type": "Feature", "properties": {"segment_id": 1124410, "physicalid": "77973", "street_name": "EXECUTIVE RD", "borough": "bronx", "direction": "FT", "total_row_ft": 77.3, "roadbed_ft": 47.3, "median_ft": 0.0, "left_sw_ft": 15.0, "right_sw_ft": 15.0}, "geometry": {"type": "LineString", "coordinates": [[-73.88990850368626, 40.79621461727187], [-73.88991021469282, 40.79654398212704]]}}, {"type": "Feature", "properties": {"segment_id": 1124411, "physicalid": "77973", "street_name": "EXECUTIVE RD", "borough": "bronx", "direction": "FT", "total_row_ft": 77.4, "roadbed_ft": 47.4, "median_ft": 0.0, "left_sw_ft": 15.0, "right_sw_ft": 15.0}, "geometry": {"type": "LineString", "coordinates": [[-73.88998074013978, 40.796214400757336], [-73.8899824440484, 40.79654376563377]]}}, {"type": "Feature", "properties": {"segment_id": 1124439, "physicalid": "77975", "street_name": "UNNAMED ST", "borough": "bronx", "direction": "TW", "total_row_ft": 137.8, "roadbed_ft": 107.8, "median_ft": 0.0, "left_sw_ft": 15.0, "right_sw_ft": 15.0}, "geometry": {"type": "LineString", "coordinates": [[-73.88843153382372, 40.79739728869064], [-73.88841939697379, 40.7977265268837]]}}, {"type": "Feature", "properties": {"segment_id": 1124440, "physicalid": "77975", "street_name": "UNNAMED ST", "borough": "bronx", "direction": "TW", "total_row_ft": 129.6, "roadbed_ft": 99.6, "median_ft": 0.0, "left_sw_ft": 15.0, "right_sw_ft": 15.0}, "geometry": {"type": "LineString", "coordinates": [[-73.88850374006851, 40.79739882589079], [-73.88849160357542, 40.79772806409136]]}}, {"type": "Feature", "properties": {"segment_id": 1124441, "physicalid": "77975", "street_name": "UNNAMED ST", "borough": "bronx", "direction": "TW", "total_row_ft": 63.8, "roadbed_ft": 33.8, "median_ft": 0.0, "left_sw_ft": 15.0, "right_sw_ft": 15.0}, "geometry": {"type": "LineString", "coordinates": [[-73.88857594631664, 40.79740036304569], [-73.8885638101804, 40.797729601253785]]}}, {"type": "Feature", "properties": {"segment_id": 1124442, "physicalid": "77975", "street_name": "UNNAMED ST", "borough": "bronx", "direction": "TW", "total_row_ft": 58.8, "roadbed_ft": 28.8, "median_ft": 0.0, "left_sw_ft": 15.0, "right_sw_ft": 15.0}, "geometry": {"type": "LineString", "coordinates": [[-73.88864815256811, 40.79740190015537], [-73.88863601678871, 40.79773113837098]]}}, {"type": "Feature", "properties": {"segment_id": 1124443, "physicalid": "77975", "street_name": "UNNAMED ST", "borough": "bronx", "direction": "TW", "total_row_ft": 59.4, "roadbed_ft": 29.4, "median_ft": 0.0, "left_sw_ft": 15.0, "right_sw_ft": 15.0}, "geometry": {"type": "LineString", "coordinates": [[-73.88872035882291, 40.79740343721982], [-73.88870822340034, 40.79773267544296]]}}, {"type": "Feature", "properties": {"segment_id": 1124444, "physicalid": "77975", "street_name": "UNNAMED ST", "borough": "bronx", "direction": "TW", "total_row_ft": 60.0, "roadbed_ft": 30.0, "median_ft": 0.0, "left_sw_ft": 15.0, "right_sw_ft": 15.0}, "geometry": {"type": "LineString", "coordinates": [[-73.88879256508105, 40.797404974239015], [-73.88878043001533, 40.797734212469685]]}}, {"type": "Feature", "properties": {"segment_id": 1124445, "physicalid": "77975", "street_name": "UNNAMED ST", "borough": "bronx", "direction": "TW", "total_row_ft": 60.6, "roadbed_ft": 30.6, "median_ft": 0.0, "left_sw_ft": 15.0, "right_sw_ft": 15.0}, "geometry": {"type": "LineString", "coordinates": [[-73.88886477134253, 40.797406511213], [-73.88885263663364, 40.797735749451185]]}}, {"type": "Feature", "properties": {"segment_id": 1124446, "physicalid": "77975", "street_name": "UNNAMED ST", "borough": "bronx", "direction": "TW", "total_row_ft": 61.2, "roadbed_ft": 31.2, "median_ft": 0.0, "left_sw_ft": 15.0, "right_sw_ft": 15.0}, "geometry": {"type": "LineString", "coordinates": [[-73.88893697760733, 40.797408048141754], [-73.88892484325528, 40.79773728638746]]}}, {"type": "Feature", "properties": {"segment_id": 1124447, "physicalid": "77975", "street_name": "UNNAMED ST", "borough": "bronx", "direction": "TW", "total_row_ft": 81.0, "roadbed_ft": 51.0, "median_ft": 0.0, "left_sw_ft": 15.0, "right_sw_ft": 15.0}, "geometry": {"type": "LineString", "coordinates": [[-73.88900918387547, 40.79740958502527], [-73.88899704988026, 40.797738823278486]]}}, {"type": "Feature", "properties": {"segment_id": 1124448, "physicalid": "77975", "street_name": "UNNAMED ST", "borough": "bronx", "direction": "TW", "total_row_ft": 83.0, "roadbed_ft": 53.0, "median_ft": 0.0, "left_sw_ft": 15.0, "right_sw_ft": 15.0}, "geometry": {"type": "LineString", "coordinates": [[-73.88908139014694, 40.797411121863554], [-73.88906925650858, 40.797740360124294]]}}, {"type": "Feature", "properties": {"segment_id": 1124449, "physicalid": "77975", "street_name": "UNNAMED ST", "borough": "bronx", "direction": "TW", "total_row_ft": 85.0, "roadbed_ft": 55.0, "median_ft": 0.0, "left_sw_ft": 15.0, "right_sw_ft": 15.0}, "geometry": {"type": "LineString", "coordinates": [[-73.88915359642175, 40.79741265865661], [-73.88914146314022, 40.79774189692487]]}}, {"type": "Feature", "properties": {"segment_id": 1124450, "physicalid": "77975", "street_name": "UNNAMED ST", "borough": "bronx", "direction": "TW", "total_row_ft": 122.2, "roadbed_ft": 92.2, "median_ft": 0.0, "left_sw_ft": 15.0, "right_sw_ft": 15.0}, "geometry": {"type": "LineString", "coordinates": [[-73.8892258026999, 40.797414195404436], [-73.8892136697752, 40.7977434336802]]}}, {"type": "Feature", "properties": {"segment_id": 1124451, "physicalid": "77975", "street_name": "UNNAMED ST", "borough": "bronx", "direction": "TW", "total_row_ft": 85.2, "roadbed_ft": 55.2, "median_ft": 0.0, "left_sw_ft": 15.0, "right_sw_ft": 15.0}, "geometry": {"type": "LineString", "coordinates": [[-73.88929800898136, 40.797415732107005], [-73.88928587641351, 40.79774497039032]]}}, {"type": "Feature", "properties": {"segment_id": 1124452, "physicalid": "77975", "street_name": "UNNAMED ST", "borough": "bronx", "direction": "TW", "total_row_ft": 86.9, "roadbed_ft": 56.9, "median_ft": 0.0, "left_sw_ft": 15.0, "right_sw_ft": 15.0}, "geometry": {"type": "LineString", "coordinates": [[-73.88937021526617, 40.79741726876437], [-73.88935808305516, 40.797746507055194]]}}, {"type": "Feature", "properties": {"segment_id": 1124453, "physicalid": "77975", "street_name": "UNNAMED ST", "borough": "bronx", "direction": "TW", "total_row_ft": 88.6, "roadbed_ft": 58.6, "median_ft": 0.0, "left_sw_ft": 15.0, "right_sw_ft": 15.0}, "geometry": {"type": "LineString", "coordinates": [[-73.88944243335156, 40.79741880611395], [-73.889430277867, 40.797748043908925]]}}, {"type": "Feature", "properties": {"segment_id": 1124454, "physicalid": "77975", "street_name": "UNNAMED ST", "borough": "bronx", "direction": "TW", "total_row_ft": 75.6, "roadbed_ft": 45.6, "median_ft": 0.0, "left_sw_ft": 15.0, "right_sw_ft": 15.0}, "geometry": {"type": "LineString", "coordinates": [[-73.88951463953265, 40.797420345673814], [-73.88950248440493, 40.797749583476325]]}}, {"type": "Feature", "properties": {"segment_id": 1124455, "physicalid": "77975", "street_name": "UNNAMED ST", "borough": "bronx", "direction": "TW", "total_row_ft": 140.0, "roadbed_ft": 110.0, "median_ft": 0.0, "left_sw_ft": 15.0, "right_sw_ft": 15.0}, "geometry": {"type": "LineString", "coordinates": [[-73.88958684571708, 40.79742188518843], [-73.88957469094619, 40.79775112299849]]}}, {"type": "Feature", "properties": {"segment_id": 1124456, "physicalid": "77975", "street_name": "UNNAMED ST", "borough": "bronx", "direction": "TW", "total_row_ft": 76.2, "roadbed_ft": 46.2, "median_ft": 0.0, "left_sw_ft": 15.0, "right_sw_ft": 15.0}, "geometry": {"type": "LineString", "coordinates": [[-73.88969066094451, 40.79742979682011], [-73.88961424272458, 40.797754004002144]]}}, {"type": "Feature", "properties": {"segment_id": 1124457, "physicalid": "77975", "street_name": "UNNAMED ST", "borough": "bronx", "direction": "TW", "total_row_ft": 71.7, "roadbed_ft": 41.7, "median_ft": 0.0, "left_sw_ft": 15.0, "right_sw_ft": 15.0}, "geometry": {"type": "LineString", "coordinates": [[-73.88976176387192, 40.79743947573287], [-73.88968534598716, 40.79776368296153]]}}, {"type": "Feature", "properties": {"segment_id": 1124458, "physicalid": "77975", "street_name": "UNNAMED ST", "borough": "bronx", "direction": "TW", "total_row_ft": 69.7, "roadbed_ft": 39.7, "median_ft": 0.0, "left_sw_ft": 15.0, "right_sw_ft": 15.0}, "geometry": {"type": "LineString", "coordinates": [[-73.88983286682, 40.79744915460176], [-73.88975644927042, 40.797773361877056]]}}, {"type": "Feature", "properties": {"segment_id": 1124459, "physicalid": "77975", "street_name": "UNNAMED ST", "borough": "bronx", "direction": "TW", "total_row_ft": 67.7, "roadbed_ft": 37.7, "median_ft": 0.0, "left_sw_ft": 15.0, "right_sw_ft": 15.0}, "geometry": {"type": "LineString", "coordinates": [[-73.88990396978878, 40.79745883342673], [-73.88982755257436, 40.797783040748676]]}}, {"type": "Feature", "properties": {"segment_id": 1124460, "physicalid": "77975", "street_name": "UNNAMED ST", "borough": "bronx", "direction": "TW", "total_row_ft": 64.7, "roadbed_ft": 34.7, "median_ft": 0.0, "left_sw_ft": 15.0, "right_sw_ft": 15.0}, "geometry": {"type": "LineString", "coordinates": [[-73.88997507277818, 40.797468512207864], [-73.88989865589897, 40.79779271957646]]}}, {"type": "Feature", "properties": {"segment_id": 1124828, "physicalid": "77990", "street_name": "UNNAMED ST", "borough": "bronx", "direction": "TW", "total_row_ft": 40.5, "roadbed_ft": 10.5, "median_ft": 0.0, "left_sw_ft": 15.0, "right_sw_ft": 15.0}, "geometry": {"type": "LineString", "coordinates": [[-73.88966689507417, 40.78999571890551], [-73.88923376485644, 40.790006426441174]]}}, {"type": "Feature", "properties": {"segment_id": 1124829, "physicalid": "77990", "street_name": "UNNAMED ST", "borough": "bronx", "direction": "TW", "total_row_ft": 40.5, "roadbed_ft": 10.5, "median_ft": 0.0, "left_sw_ft": 15.0, "right_sw_ft": 15.0}, "geometry": {"type": "LineString", "coordinates": [[-73.88966924329338, 40.79005058451042], [-73.88923611271909, 40.79006129205482]]}}, {"type": "Feature", "properties": {"segment_id": 1124830, "physicalid": "77990", "street_name": "UNNAMED ST", "borough": "bronx", "direction": "TW", "total_row_ft": 40.5, "roadbed_ft": 10.5, "median_ft": 0.0, "left_sw_ft": 15.0, "right_sw_ft": 15.0}, "geometry": {"type": "LineString", "coordinates": [[-73.88967159151646, 40.790105450114815], [-73.88923846058562, 40.79011615766797]]}}, {"type": "Feature", "properties": {"segment_id": 1124831, "physicalid": "77990", "street_name": "UNNAMED ST", "borough": "bronx", "direction": "TW", "total_row_ft": 40.5, "roadbed_ft": 10.5, "median_ft": 0.0, "left_sw_ft": 15.0, "right_sw_ft": 15.0}, "geometry": {"type": "LineString", "coordinates": [[-73.8896739397434, 40.7901603157187], [-73.889240808456, 40.79017102328058]]}}, {"type": "Feature", "properties": {"segment_id": 1124832, "physicalid": "77990", "street_name": "UNNAMED ST", "borough": "bronx", "direction": "TW", "total_row_ft": 40.5, "roadbed_ft": 10.5, "median_ft": 0.0, "left_sw_ft": 15.0, "right_sw_ft": 15.0}, "geometry": {"type": "LineString", "coordinates": [[-73.88967628797423, 40.79021518132209], [-73.88924315633025, 40.790225888892685]]}}, {"type": "Feature", "properties": {"segment_id": 1124833, "physicalid": "77990", "street_name": "UNNAMED ST", "borough": "bronx", "direction": "TW", "total_row_ft": 40.5, "roadbed_ft": 10.5, "median_ft": 0.0, "left_sw_ft": 15.0, "right_sw_ft": 15.0}, "geometry": {"type": "LineString", "coordinates": [[-73.88967863620891, 40.790270046924945], [-73.88924550420838, 40.79028075450427]]}}, {"type": "Feature", "properties": {"segment_id": 1124834, "physicalid": "77990", "street_name": "UNNAMED ST", "borough": "bronx", "direction": "TW", "total_row_ft": 40.5, "roadbed_ft": 10.5, "median_ft": 0.0, "left_sw_ft": 15.0, "right_sw_ft": 15.0}, "geometry": {"type": "LineString", "coordinates": [[-73.88968098444748, 40.79032491252728], [-73.88924785209036, 40.790335620115336]]}}, {"type": "Feature", "properties": {"segment_id": 1124835, "physicalid": "77990", "street_name": "UNNAMED ST", "borough": "bronx", "direction": "TW", "total_row_ft": 40.5, "roadbed_ft": 10.5, "median_ft": 0.0, "left_sw_ft": 15.0, "right_sw_ft": 15.0}, "geometry": {"type": "LineString", "coordinates": [[-73.88968333268991, 40.79037977812913], [-73.88925019997623, 40.790390485725915]]}}, {"type": "Feature", "properties": {"segment_id": 1124836, "physicalid": "77990", "street_name": "UNNAMED ST", "borough": "bronx", "direction": "TW", "total_row_ft": 41.3, "roadbed_ft": 11.3, "median_ft": 0.0, "left_sw_ft": 15.0, "right_sw_ft": 15.0}, "geometry": {"type": "LineString", "coordinates": [[-73.88954440061694, 40.79023373144283], [-73.88950996043407, 40.790562057412735]]}}, {"type": "Feature", "properties": {"segment_id": 1124837, "physicalid": "77990", "street_name": "UNNAMED ST", "borough": "bronx", "direction": "TW", "total_row_ft": 40.6, "roadbed_ft": 10.6, "median_ft": 0.0, "left_sw_ft": 15.0, "right_sw_ft": 15.0}, "geometry": {"type": "LineString", "coordinates": [[-73.88961639897462, 40.79023809400127], [-73.88958195914459, 40.79056641999249]]}}, {"type": "Feature", "properties": {"segment_id": 1124838, "physicalid": "77990", "street_name": "UNNAMED ST", "borough": "bronx", "direction": "TW", "total_row_ft": 40.5, "roadbed_ft": 10.5, "median_ft": 0.0, "left_sw_ft": 15.0, "right_sw_ft": 15.0}, "geometry": {"type": "LineString", "coordinates": [[-73.88968839734177, 40.790242456514775], [-73.88965395786451, 40.79057078252726]]}}, {"type": "Feature", "properties": {"segment_id": 1124839, "physicalid": "77990", "street_name": "UNNAMED ST", "borough": "bronx", "direction": "TW", "total_row_ft": 40.5, "roadbed_ft": 10.5, "median_ft": 0.0, "left_sw_ft": 15.0, "right_sw_ft": 15.0}, "geometry": {"type": "LineString", "coordinates": [[-73.88976039571833, 40.79024681898328], [-73.88972595659388, 40.79057514501706]]}}, {"type": "Feature", "properties": {"segment_id": 1124840, "physicalid": "77990", "street_name": "UNNAMED ST", "borough": "bronx", "direction": "TW", "total_row_ft": 40.5, "roadbed_ft": 10.5, "median_ft": 0.0, "left_sw_ft": 15.0, "right_sw_ft": 15.0}, "geometry": {"type": "LineString", "coordinates": [[-73.88983239410433, 40.790251181406795], [-73.8897979553327, 40.790579507461835]]}}, {"type": "Feature", "properties": {"segment_id": 1124841, "physicalid": "77990", "street_name": "UNNAMED ST", "borough": "bronx", "direction": "TW", "total_row_ft": 40.5, "roadbed_ft": 10.5, "median_ft": 0.0, "left_sw_ft": 15.0, "right_sw_ft": 15.0}, "geometry": {"type": "LineString", "coordinates": [[-73.88990439249977, 40.7902555437853], [-73.88986995408092, 40.790583869861685]]}}, {"type": "Feature", "properties": {"segment_id": 1124842, "physicalid": "77990", "street_name": "UNNAMED ST", "borough": "bronx", "direction": "TW", "total_row_ft": 40.5, "roadbed_ft": 10.5, "median_ft": 0.0, "left_sw_ft": 15.0, "right_sw_ft": 15.0}, "geometry": {"type": "LineString", "coordinates": [[-73.88997639090461, 40.79025990611888], [-73.88994195283863, 40.79058823221656]]}}, {"type": "Feature", "properties": {"segment_id": 1124985, "physicalid": "77996", "street_name": "UNNAMED ST", "borough": "bronx", "direction": "TW", "total_row_ft": 94.0, "roadbed_ft": 64.0, "median_ft": 0.0, "left_sw_ft": 15.0, "right_sw_ft": 15.0}, "geometry": {"type": "LineString", "coordinates": [[-73.88789411338443, 40.79739592347067], [-73.88789393569431, 40.79772529080349]]}}, {"type": "Feature", "properties": {"segment_id": 1124986, "physicalid": "77996", "street_name": "UNNAMED ST", "borough": "bronx", "direction": "TW", "total_row_ft": 51.7, "roadbed_ft": 21.7, "median_ft": 0.0, "left_sw_ft": 15.0, "right_sw_ft": 15.0}, "geometry": {"type": "LineString", "coordinates": [[-73.887966347948, 40.797395945953824], [-73.88796617061526, 40.79772531328673]]}}, {"type": "Feature", "properties": {"segment_id": 1124987, "physicalid": "77996", "street_name": "UNNAMED ST", "borough": "bronx", "direction": "TW", "total_row_ft": 51.6, "roadbed_ft": 21.6, "median_ft": 0.0, "left_sw_ft": 15.0, "right_sw_ft": 15.0}, "geometry": {"type": "LineString", "coordinates": [[-73.8880385825116, 40.797395968391726], [-73.88803840553625, 40.797725335724735]]}}, {"type": "Feature", "properties": {"segment_id": 1124988, "physicalid": "77996", "street_name": "UNNAMED ST", "borough": "bronx", "direction": "TW", "total_row_ft": 51.5, "roadbed_ft": 21.5, "median_ft": 0.0, "left_sw_ft": 15.0, "right_sw_ft": 15.0}, "geometry": {"type": "LineString", "coordinates": [[-73.88811081707524, 40.79739599078433], [-73.88811064045733, 40.797725358117475]]}}, {"type": "Feature", "properties": {"segment_id": 1124989, "physicalid": "77996", "street_name": "UNNAMED ST", "borough": "bronx", "direction": "TW", "total_row_ft": 51.4, "roadbed_ft": 21.4, "median_ft": 0.0, "left_sw_ft": 15.0, "right_sw_ft": 15.0}, "geometry": {"type": "LineString", "coordinates": [[-73.88818305163896, 40.79739601313168], [-73.88818287537842, 40.797725380464925]]}}, {"type": "Feature", "properties": {"segment_id": 1124990, "physicalid": "77996", "street_name": "UNNAMED ST", "borough": "bronx", "direction": "TW", "total_row_ft": 51.3, "roadbed_ft": 21.3, "median_ft": 0.0, "left_sw_ft": 15.0, "right_sw_ft": 15.0}, "geometry": {"type": "LineString", "coordinates": [[-73.88825528620272, 40.797396035433756], [-73.88825511029957, 40.797725402767114]]}}, {"type": "Feature", "properties": {"segment_id": 1124991, "physicalid": "77997", "street_name": "UNNAMED ST", "borough": "bronx", "direction": "TW", "total_row_ft": 116.5, "roadbed_ft": 86.5, "median_ft": 0.0, "left_sw_ft": 15.0, "right_sw_ft": 15.0}, "geometry": {"type": "LineString", "coordinates": [[-73.88794538333889, 40.79782054111793], [-73.88827883128992, 40.79803094701335]]}}, {"type": "Feature", "properties": {"segment_id": 1124992, "physicalid": "77997", "street_name": "UNNAMED ST", "borough": "bronx", "direction": "TW", "total_row_ft": 60.6, "roadbed_ft": 30.6, "median_ft": 0.0, "left_sw_ft": 15.0, "right_sw_ft": 15.0}, "geometry": {"type": "LineString", "coordinates": [[-73.88799152847693, 40.797778307629216], [-73.88832497636227, 40.797988713392556]]}}, {"type": "Feature", "properties": {"segment_id": 1124993, "physicalid": "77997", "street_name": "UNNAMED ST", "borough": "bronx", "direction": "TW", "total_row_ft": 53.3, "roadbed_ft": 23.3, "median_ft": 0.0, "left_sw_ft": 15.0, "right_sw_ft": 15.0}, "geometry": {"type": "LineString", "coordinates": [[-73.8880376735564, 40.79773607412176], [-73.8883711213761, 40.79794647975298]]}}, {"type": "Feature", "properties": {"segment_id": 1124994, "physicalid": "77997", "street_name": "UNNAMED ST", "borough": "bronx", "direction": "TW", "total_row_ft": 50.9, "roadbed_ft": 20.9, "median_ft": 0.0, "left_sw_ft": 15.0, "right_sw_ft": 15.0}, "geometry": {"type": "LineString", "coordinates": [[-73.88808381857733, 40.797693840595535], [-73.88841726633133, 40.797904246094646]]}}, {"type": "Feature", "properties": {"segment_id": 1124995, "physicalid": "77997", "street_name": "UNNAMED ST", "borough": "bronx", "direction": "TW", "total_row_ft": 50.9, "roadbed_ft": 20.9, "median_ft": 0.0, "left_sw_ft": 15.0, "right_sw_ft": 15.0}, "geometry": {"type": "LineString", "coordinates": [[-73.88812996353974, 40.7976516070505], [-73.888463411228, 40.79786201241759]]}}, {"type": "Feature", "properties": {"segment_id": 1124996, "physicalid": "77997", "street_name": "UNNAMED ST", "borough": "bronx", "direction": "TW", "total_row_ft": 55.1, "roadbed_ft": 25.1, "median_ft": 0.0, "left_sw_ft": 15.0, "right_sw_ft": 15.0}, "geometry": {"type": "LineString", "coordinates": [[-73.88812462883648, 40.79768645278675], [-73.88855233981792, 40.79773968743765]]}}, {"type": "Feature", "properties": {"segment_id": 1124997, "physicalid": "77997", "street_name": "UNNAMED ST", "borough": "bronx", "direction": "TW", "total_row_ft": 64.6, "roadbed_ft": 34.6, "median_ft": 0.0, "left_sw_ft": 15.0, "right_sw_ft": 15.0}, "geometry": {"type": "LineString", "coordinates": [[-73.88813630410742, 40.797632280006404], [-73.8885640147501, 40.797685514614535]]}}, {"type": "Feature", "properties": {"segment_id": 1124998, "physicalid": "77997", "street_name": "UNNAMED ST", "borough": "bronx", "direction": "TW", "total_row_ft": 150.0, "roadbed_ft": 120.0, "median_ft": 0.0, "left_sw_ft": 15.0, "right_sw_ft": 15.0}, "geometry": {"type": "LineString", "coordinates": [[-73.88814797935932, 40.797578107224524], [-73.88857568966331, 40.79763134178968]]}}, {"type": "Feature", "properties": {"segment_id": 1124999, "physicalid": "77998", "street_name": "UNNAMED ST", "borough": "bronx", "direction": "TW", "total_row_ft": 92.4, "roadbed_ft": 62.4, "median_ft": 0.0, "left_sw_ft": 15.0, "right_sw_ft": 15.0}, "geometry": {"type": "LineString", "coordinates": [[-73.88805952805708, 40.79752984631378], [-73.88766505089369, 40.79766627921083]]}}, {"type": "Feature", "properties": {"segment_id": 1125000, "physicalid": "77998", "street_name": "UNNAMED ST", "borough": "bronx", "direction": "TW", "total_row_ft": 82.8, "roadbed_ft": 52.8, "median_ft": 0.0, "left_sw_ft": 15.0, "right_sw_ft": 15.0}, "geometry": {"type": "LineString", "coordinates": [[-73.88808944980653, 40.797579809835085], [-73.88769497240838, 40.79771624283346]]}}, {"type": "Feature", "properties": {"segment_id": 1125001, "physicalid": "77998", "street_name": "UNNAMED ST", "borough": "bronx", "direction": "TW", "total_row_ft": 56.3, "roadbed_ft": 26.3, "median_ft": 0.0, "left_sw_ft": 15.0, "right_sw_ft": 15.0}, "geometry": {"type": "LineString", "coordinates": [[-73.8881193716009, 40.79762977334823], [-73.887724893968, 40.7977662064479]]}}, {"type": "Feature", "properties": {"segment_id": 1125002, "physicalid": "77998", "street_name": "UNNAMED ST", "borough": "bronx", "direction": "TW", "total_row_ft": 56.7, "roadbed_ft": 26.7, "median_ft": 0.0, "left_sw_ft": 15.0, "right_sw_ft": 15.0}, "geometry": {"type": "LineString", "coordinates": [[-73.8881492934402, 40.79767973685322], [-73.8877548155725, 40.79781617005417]]}}, {"type": "Feature", "properties": {"segment_id": 1125003, "physicalid": "77998", "street_name": "UNNAMED ST", "borough": "bronx", "direction": "TW", "total_row_ft": 57.1, "roadbed_ft": 27.1, "median_ft": 0.0, "left_sw_ft": 15.0, "right_sw_ft": 15.0}, "geometry": {"type": "LineString", "coordinates": [[-73.88817921532437, 40.79772970034999], [-73.88778473722196, 40.79786613365231]]}}, {"type": "Feature", "properties": {"segment_id": 1125004, "physicalid": "77998", "street_name": "UNNAMED ST", "borough": "bronx", "direction": "TW", "total_row_ft": 57.5, "roadbed_ft": 27.5, "median_ft": 0.0, "left_sw_ft": 15.0, "right_sw_ft": 15.0}, "geometry": {"type": "LineString", "coordinates": [[-73.88820913725348, 40.79777966383864], [-73.88781465891633, 40.797916097242286]]}}, {"type": "Feature", "properties": {"segment_id": 1125005, "physicalid": "77998", "street_name": "UNNAMED ST", "borough": "bronx", "direction": "TW", "total_row_ft": 116.4, "roadbed_ft": 86.4, "median_ft": 0.0, "left_sw_ft": 15.0, "right_sw_ft": 15.0}, "geometry": {"type": "LineString", "coordinates": [[-73.88823905922752, 40.79782962731913], [-73.88784458065561, 40.797966060824095]]}}, {"type": "Feature", "properties": {"segment_id": 1125006, "physicalid": "77999", "street_name": "UNNAMED ST", "borough": "bronx", "direction": "TW", "total_row_ft": 30.0, "roadbed_ft": 0.0, "median_ft": 0.0, "left_sw_ft": 15.0, "right_sw_ft": 15.0}, "geometry": {"type": "LineString", "coordinates": [[-73.88735117837831, 40.79775222695468], [-73.88699499341702, 40.79793988344512]]}}, {"type": "Feature", "properties": {"segment_id": 1125007, "physicalid": "77999", "street_name": "UNNAMED ST", "borough": "bronx", "direction": "TW", "total_row_ft": 30.0, "roadbed_ft": 0.0, "median_ft": 0.0, "left_sw_ft": 15.0, "right_sw_ft": 15.0}, "geometry": {"type": "LineString", "coordinates": [[-73.88739233427154, 40.79779734028762], [-73.8870361491849, 40.797984996903935]]}}, {"type": "Feature", "properties": {"segment_id": 1125008, "physicalid": "77999", "street_name": "UNNAMED ST", "borough": "bronx", "direction": "TW", "total_row_ft": 30.0, "roadbed_ft": 0.0, "median_ft": 0.0, "left_sw_ft": 15.0, "right_sw_ft": 15.0}, "geometry": {"type": "LineString", "coordinates": [[-73.88743349022059, 40.79784245360561], [-73.88707730500852, 40.798030110347696]]}}, {"type": "Feature", "properties": {"segment_id": 1125009, "physicalid": "77999", "street_name": "UNNAMED ST", "borough": "bronx", "direction": "TW", "total_row_ft": 30.0, "roadbed_ft": 0.0, "median_ft": 0.0, "left_sw_ft": 15.0, "right_sw_ft": 15.0}, "geometry": {"type": "LineString", "coordinates": [[-73.88747464622539, 40.79788756690854], [-73.88711846088796, 40.798075223776465]]}}, {"type": "Feature", "properties": {"segment_id": 1125010, "physicalid": "77999", "street_name": "UNNAMED ST", "borough": "bronx", "direction": "TW", "total_row_ft": 30.0, "roadbed_ft": 0.0, "median_ft": 0.0, "left_sw_ft": 15.0, "right_sw_ft": 15.0}, "geometry": {"type": "LineString", "coordinates": [[-73.88751580228595, 40.79793268019643], [-73.8871596168232, 40.79812033719025]]}}, {"type": "Feature", "properties": {"segment_id": 1125011, "physicalid": "77999", "street_name": "UNNAMED ST", "borough": "bronx", "direction": "TW", "total_row_ft": 30.0, "roadbed_ft": 0.0, "median_ft": 0.0, "left_sw_ft": 15.0, "right_sw_ft": 15.0}, "geometry": {"type": "LineString", "coordinates": [[-73.88748846700118, 40.79790253511134], [-73.88731063570184, 40.798202901003954]]}}, {"type": "Feature", "properties": {"segment_id": 1125012, "physicalid": "77999", "street_name": "UNNAMED ST", "borough": "bronx", "direction": "TW", "total_row_ft": 30.0, "roadbed_ft": 0.0, "median_ft": 0.0, "left_sw_ft": 15.0, "right_sw_ft": 15.0}, "geometry": {"type": "LineString", "coordinates": [[-73.88755434172842, 40.79792505859273], [-73.88737651066614, 40.79822542458592]]}}, {"type": "Feature", "properties": {"segment_id": 1125013, "physicalid": "77999", "street_name": "UNNAMED ST", "borough": "bronx", "direction": "TW", "total_row_ft": 30.0, "roadbed_ft": 0.0, "median_ft": 0.0, "left_sw_ft": 15.0, "right_sw_ft": 15.0}, "geometry": {"type": "LineString", "coordinates": [[-73.88762021650024, 40.79794758203637], [-73.88744238567503, 40.79824794813013]]}}, {"type": "Feature", "properties": {"segment_id": 1125014, "physicalid": "77999", "street_name": "UNNAMED ST", "borough": "bronx", "direction": "TW", "total_row_ft": 30.0, "roadbed_ft": 0.0, "median_ft": 0.0, "left_sw_ft": 15.0, "right_sw_ft": 15.0}, "geometry": {"type": "LineString", "coordinates": [[-73.88768609131662, 40.797970105442324], [-73.88750826072852, 40.79827047163663]]}}, {"type": "Feature", "properties": {"segment_id": 1125015, "physicalid": "77999", "street_name": "UNNAMED ST", "borough": "bronx", "direction": "TW", "total_row_ft": 30.0, "roadbed_ft": 0.0, "median_ft": 0.0, "left_sw_ft": 15.0, "right_sw_ft": 15.0}, "geometry": {"type": "LineString", "coordinates": [[-73.88756426208163, 40.79797056070396], [-73.88776028665363, 40.79826431516006]]}}, {"type": "Feature", "properties": {"segment_id": 1125016, "physicalid": "77999", "street_name": "UNNAMED ST", "borough": "bronx", "direction": "TW", "total_row_ft": 30.0, "roadbed_ft": 0.0, "median_ft": 0.0, "left_sw_ft": 15.0, "right_sw_ft": 15.0}, "geometry": {"type": "LineString", "coordinates": [[-73.88762868684988, 40.79794573291152], [-73.88782471163304, 40.798239487259224]]}}, {"type": "Feature", "properties": {"segment_id": 1125017, "physicalid": "77999", "street_name": "UNNAMED ST", "borough": "bronx", "direction": "TW", "total_row_ft": 30.0, "roadbed_ft": 0.0, "median_ft": 0.0, "left_sw_ft": 15.0, "right_sw_ft": 15.0}, "geometry": {"type": "LineString", "coordinates": [[-73.88769311157004, 40.797920905083004], [-73.88788913656445, 40.798214659322284]]}}, {"type": "Feature", "properties": {"segment_id": 1125018, "physicalid": "77999", "street_name": "UNNAMED ST", "borough": "bronx", "direction": "TW", "total_row_ft": 62.0, "roadbed_ft": 32.0, "median_ft": 0.0, "left_sw_ft": 15.0, "right_sw_ft": 15.0}, "geometry": {"type": "LineString", "coordinates": [[-73.88775753624218, 40.79789607721837], [-73.88795356144776, 40.79818983134924]]}}, {"type": "Feature", "properties": {"segment_id": 1125019, "physicalid": "77999", "street_name": "UNNAMED ST", "borough": "bronx", "direction": "TW", "total_row_ft": 61.9, "roadbed_ft": 31.9, "median_ft": 0.0, "left_sw_ft": 15.0, "right_sw_ft": 15.0}, "geometry": {"type": "LineString", "coordinates": [[-73.88782196086628, 40.79787124931762], [-73.88801798628302, 40.79816500334009]]}}, {"type": "Feature", "properties": {"segment_id": 1125020, "physicalid": "77999", "street_name": "UNNAMED ST", "borough": "bronx", "direction": "TW", "total_row_ft": 84.8, "roadbed_ft": 54.8, "median_ft": 0.0, "left_sw_ft": 15.0, "right_sw_ft": 15.0}, "geometry": {"type": "LineString", "coordinates": [[-73.88788638544231, 40.79784642138078], [-73.88808241107022, 40.79814017529485]]}}, {"type": "Feature", "properties": {"segment_id": 1125021, "physicalid": "78000", "street_name": "UNNAMED ST", "borough": "bronx", "direction": "TW", "total_row_ft": 89.7, "roadbed_ft": 59.7, "median_ft": 0.0, "left_sw_ft": 15.0, "right_sw_ft": 15.0}, "geometry": {"type": "LineString", "coordinates": [[-73.88778999730556, 40.79734302548024], [-73.88742390217, 40.79716673087055]]}}, {"type": "Feature", "properties": {"segment_id": 1125022, "physicalid": "78000", "street_name": "UNNAMED ST", "borough": "bronx", "direction": "TW", "total_row_ft": 65.2, "roadbed_ft": 35.2, "median_ft": 0.0, "left_sw_ft": 15.0, "right_sw_ft": 15.0}, "geometry": {"type": "LineString", "coordinates": [[-73.88775133372525, 40.79738939454914], [-73.88738523843706, 40.79721309981797]]}}, {"type": "Feature", "properties": {"segment_id": 1125023, "physicalid": "78000", "street_name": "UNNAMED ST", "borough": "bronx", "direction": "TW", "total_row_ft": 37.8, "roadbed_ft": 7.8, "median_ft": 0.0, "left_sw_ft": 15.0, "right_sw_ft": 15.0}, "geometry": {"type": "LineString", "coordinates": [[-73.8877126700911, 40.797435763604724], [-73.88734657465027, 40.79725946875208]]}}, {"type": "Feature", "properties": {"segment_id": 1125024, "physicalid": "78000", "street_name": "UNNAMED ST", "borough": "bronx", "direction": "TW", "total_row_ft": 30.0, "roadbed_ft": 0.0, "median_ft": 0.0, "left_sw_ft": 15.0, "right_sw_ft": 15.0}, "geometry": {"type": "LineString", "coordinates": [[-73.88767400640305, 40.79748213264704], [-73.88730791080962, 40.79730583767282]]}}, {"type": "Feature", "properties": {"segment_id": 1125025, "physicalid": "78000", "street_name": "UNNAMED ST", "borough": "bronx", "direction": "TW", "total_row_ft": 30.0, "roadbed_ft": 0.0, "median_ft": 0.0, "left_sw_ft": 15.0, "right_sw_ft": 15.0}, "geometry": {"type": "LineString", "coordinates": [[-73.88763534266114, 40.79752850167603], [-73.88726924691512, 40.79735220658031]]}}, {"type": "Feature", "properties": {"segment_id": 1125026, "physicalid": "78000", "street_name": "UNNAMED ST", "borough": "bronx", "direction": "TW", "total_row_ft": 30.0, "roadbed_ft": 0.0, "median_ft": 0.0, "left_sw_ft": 15.0, "right_sw_ft": 15.0}, "geometry": {"type": "LineString", "coordinates": [[-73.88759667886538, 40.79757487069171], [-73.88723058296675, 40.79739857547449]]}}, {"type": "Feature", "properties": {"segment_id": 1125027, "physicalid": "78000", "street_name": "UNNAMED ST", "borough": "bronx", "direction": "TW", "total_row_ft": 30.0, "roadbed_ft": 0.0, "median_ft": 0.0, "left_sw_ft": 15.0, "right_sw_ft": 15.0}, "geometry": {"type": "LineString", "coordinates": [[-73.88755801501576, 40.797621239694074], [-73.8871919189645, 40.797444944355334]]}}, {"type": "Feature", "properties": {"segment_id": 1125028, "physicalid": "78000", "street_name": "UNNAMED ST", "borough": "bronx", "direction": "TW", "total_row_ft": 30.0, "roadbed_ft": 0.0, "median_ft": 0.0, "left_sw_ft": 15.0, "right_sw_ft": 15.0}, "geometry": {"type": "LineString", "coordinates": [[-73.88751935111226, 40.79766760868311], [-73.88715325490841, 40.797491313222885]]}}, {"type": "Feature", "properties": {"segment_id": 1125029, "physicalid": "78000", "street_name": "UNNAMED ST", "borough": "bronx", "direction": "TW", "total_row_ft": 30.0, "roadbed_ft": 0.0, "median_ft": 0.0, "left_sw_ft": 15.0, "right_sw_ft": 15.0}, "geometry": {"type": "LineString", "coordinates": [[-73.88748068715492, 40.797713977658866], [-73.88711459079845, 40.79753768207711]]}}, {"type": "Feature", "properties": {"segment_id": 1125030, "physicalid": "78000", "street_name": "UNNAMED ST", "borough": "bronx", "direction": "TW", "total_row_ft": 30.0, "roadbed_ft": 0.0, "median_ft": 0.0, "left_sw_ft": 15.0, "right_sw_ft": 15.0}, "geometry": {"type": "LineString", "coordinates": [[-73.88744202314372, 40.79776034662128], [-73.88707592663461, 40.79758405091808]]}}, {"type": "Feature", "properties": {"segment_id": 1125031, "physicalid": "78000", "street_name": "UNNAMED ST", "borough": "bronx", "direction": "TW", "total_row_ft": 30.0, "roadbed_ft": 0.0, "median_ft": 0.0, "left_sw_ft": 15.0, "right_sw_ft": 15.0}, "geometry": {"type": "LineString", "coordinates": [[-73.88740335907863, 40.79780671557042], [-73.88703726241691, 40.79763041974571]]}}, {"type": "Feature", "properties": {"segment_id": 1125032, "physicalid": "78000", "street_name": "UNNAMED ST", "borough": "bronx", "direction": "TW", "total_row_ft": 30.0, "roadbed_ft": 0.0, "median_ft": 0.0, "left_sw_ft": 15.0, "right_sw_ft": 15.0}, "geometry": {"type": "LineString", "coordinates": [[-73.88736469495967, 40.797853084506265], [-73.8869985981454, 40.797676788560004]]}}, {"type": "Feature", "properties": {"segment_id": 1125033, "physicalid": "78001", "street_name": "UNNAMED ST", "borough": "bronx", "direction": "TW", "total_row_ft": 86.1, "roadbed_ft": 56.1, "median_ft": 0.0, "left_sw_ft": 15.0, "right_sw_ft": 15.0}, "geometry": {"type": "LineString", "coordinates": [[-73.8853862173417, 40.79622041883526], [-73.88503674048953, 40.79641521485954]]}}, {"type": "Feature", "properties": {"segment_id": 1125034, "physicalid": "78001", "street_name": "UNNAMED ST", "borough": "bronx", "direction": "TW", "total_row_ft": 88.5, "roadbed_ft": 58.5, "median_ft": 0.0, "left_sw_ft": 15.0, "right_sw_ft": 15.0}, "geometry": {"type": "LineString", "coordinates": [[-73.88542893803923, 40.796264683562804], [-73.88507946107964, 40.796459479715196]]}}, {"type": "Feature", "properties": {"segment_id": 1125035, "physicalid": "78001", "street_name": "UNNAMED ST", "borough": "bronx", "direction": "TW", "total_row_ft": 88.3, "roadbed_ft": 58.3, "median_ft": 0.0, "left_sw_ft": 15.0, "right_sw_ft": 15.0}, "geometry": {"type": "LineString", "coordinates": [[-73.88547165879352, 40.79630894827417], [-73.88512218172659, 40.79650374455474]]}}, {"type": "Feature", "properties": {"segment_id": 1125036, "physicalid": "78001", "street_name": "UNNAMED ST", "borough": "bronx", "direction": "TW", "total_row_ft": 73.6, "roadbed_ft": 43.6, "median_ft": 0.0, "left_sw_ft": 15.0, "right_sw_ft": 15.0}, "geometry": {"type": "LineString", "coordinates": [[-73.88551437960463, 40.79635321296937], [-73.88516490243035, 40.796548009378164]]}}, {"type": "Feature", "properties": {"segment_id": 1125037, "physicalid": "78001", "street_name": "UNNAMED ST", "borough": "bronx", "direction": "TW", "total_row_ft": 56.0, "roadbed_ft": 26.0, "median_ft": 0.0, "left_sw_ft": 15.0, "right_sw_ft": 15.0}, "geometry": {"type": "LineString", "coordinates": [[-73.88555710047257, 40.796397477648455], [-73.88520762319092, 40.79659227418543]]}}, {"type": "Feature", "properties": {"segment_id": 1125038, "physicalid": "78001", "street_name": "UNNAMED ST", "borough": "bronx", "direction": "TW", "total_row_ft": 36.8, "roadbed_ft": 6.8, "median_ft": 0.0, "left_sw_ft": 15.0, "right_sw_ft": 15.0}, "geometry": {"type": "LineString", "coordinates": [[-73.88559982139732, 40.79644174231141], [-73.8852503440083, 40.79663653897652]]}}, {"type": "Feature", "properties": {"segment_id": 1125039, "physicalid": "78001", "street_name": "UNNAMED ST", "borough": "bronx", "direction": "TW", "total_row_ft": 30.0, "roadbed_ft": 0.0, "median_ft": 0.0, "left_sw_ft": 15.0, "right_sw_ft": 15.0}, "geometry": {"type": "LineString", "coordinates": [[-73.88562574729518, 40.796460885493076], [-73.88532347568032, 40.79669692465692]]}}, {"type": "Feature", "properties": {"segment_id": 1125040, "physicalid": "78001", "street_name": "UNNAMED ST", "borough": "bronx", "direction": "TW", "total_row_ft": 30.0, "roadbed_ft": 0.0, "median_ft": 0.0, "left_sw_ft": 15.0, "right_sw_ft": 15.0}, "geometry": {"type": "LineString", "coordinates": [[-73.88567751315226, 40.796499171038406], [-73.88537524154717, 40.79673521033661]]}}, {"type": "Feature", "properties": {"segment_id": 1125041, "physicalid": "78001", "street_name": "UNNAMED ST", "borough": "bronx", "direction": "TW", "total_row_ft": 30.0, "roadbed_ft": 0.0, "median_ft": 0.0, "left_sw_ft": 15.0, "right_sw_ft": 15.0}, "geometry": {"type": "LineString", "coordinates": [[-73.88572927906894, 40.79653745656031], [-73.8854270074735, 40.79677349599281]]}}, {"type": "Feature", "properties": {"segment_id": 1125042, "physicalid": "78001", "street_name": "UNNAMED ST", "borough": "bronx", "direction": "TW", "total_row_ft": 30.0, "roadbed_ft": 0.0, "median_ft": 0.0, "left_sw_ft": 15.0, "right_sw_ft": 15.0}, "geometry": {"type": "LineString", "coordinates": [[-73.8857810450451, 40.796575742058664], [-73.88547877345943, 40.79681178162553]]}}, {"type": "Feature", "properties": {"segment_id": 1125043, "physicalid": "78001", "street_name": "UNNAMED ST", "borough": "bronx", "direction": "TW", "total_row_ft": 30.0, "roadbed_ft": 0.0, "median_ft": 0.0, "left_sw_ft": 15.0, "right_sw_ft": 15.0}, "geometry": {"type": "LineString", "coordinates": [[-73.88583281108087, 40.7966140275336], [-73.88553053950486, 40.79685006723476]]}}, {"type": "Feature", "properties": {"segment_id": 1125044, "physicalid": "78001", "street_name": "UNNAMED ST", "borough": "bronx", "direction": "TW", "total_row_ft": 30.0, "roadbed_ft": 0.0, "median_ft": 0.0, "left_sw_ft": 15.0, "right_sw_ft": 15.0}, "geometry": {"type": "LineString", "coordinates": [[-73.88588457717616, 40.79665231298505], [-73.88558230560984, 40.79688835282052]]}}, {"type": "Feature", "properties": {"segment_id": 1125045, "physicalid": "78001", "street_name": "UNNAMED ST", "borough": "bronx", "direction": "TW", "total_row_ft": 30.0, "roadbed_ft": 0.0, "median_ft": 0.0, "left_sw_ft": 15.0, "right_sw_ft": 15.0}, "geometry": {"type": "LineString", "coordinates": [[-73.88593634333097, 40.79669059841298], [-73.8856340717744, 40.79692663838282]]}}, {"type": "Feature", "properties": {"segment_id": 1125046, "physicalid": "78001", "street_name": "UNNAMED ST", "borough": "bronx", "direction": "TW", "total_row_ft": 19.0, "roadbed_ft": 0.0, "median_ft": 0.0, "left_sw_ft": 4.0, "right_sw_ft": 15.0}, "geometry": {"type": "LineString", "coordinates": [[-73.88588437831693, 40.79680988652692], [-73.88568583799845, 40.7969649239216]]}}, {"type": "Feature", "properties": {"segment_id": 1125047, "physicalid": "78001", "street_name": "UNNAMED ST", "borough": "bronx", "direction": "TW", "total_row_ft": 19.4, "roadbed_ft": 0.0, "median_ft": 0.0, "left_sw_ft": 4.4, "right_sw_ft": 15.0}, "geometry": {"type": "LineString", "coordinates": [[-73.88593620562557, 40.796848124295245], [-73.8857376042821, 40.79700320943694]]}}, {"type": "Feature", "properties": {"segment_id": 1125048, "physicalid": "78001", "street_name": "UNNAMED ST", "borough": "bronx", "direction": "TW", "total_row_ft": 24.6, "roadbed_ft": 0.0, "median_ft": 0.0, "left_sw_ft": 9.6, "right_sw_ft": 15.0}, "geometry": {"type": "LineString", "coordinates": [[-73.8860743392768, 40.79681896624037], [-73.88578937062525, 40.797041494928784]]}}, {"type": "Feature", "properties": {"segment_id": 1125049, "physicalid": "78001", "street_name": "UNNAMED ST", "borough": "bronx", "direction": "TW", "total_row_ft": 18.8, "roadbed_ft": 0.0, "median_ft": 0.0, "left_sw_ft": 3.8, "right_sw_ft": 15.0}, "geometry": {"type": "LineString", "coordinates": [[-73.88612609398237, 40.79685726070912], [-73.88584113702798, 40.79707978039717]]}}, {"type": "Feature", "properties": {"segment_id": 1125050, "physicalid": "78001", "street_name": "UNNAMED ST", "borough": "bronx", "direction": "TW", "total_row_ft": 18.6, "roadbed_ft": 0.0, "median_ft": 0.0, "left_sw_ft": 3.6, "right_sw_ft": 15.0}, "geometry": {"type": "LineString", "coordinates": [[-73.88617784874754, 40.796895555154435], [-73.88589290349019, 40.79711806584202]]}}, {"type": "Feature", "properties": {"segment_id": 1125051, "physicalid": "78001", "street_name": "UNNAMED ST", "borough": "bronx", "direction": "TW", "total_row_ft": 18.4, "roadbed_ft": 0.0, "median_ft": 0.0, "left_sw_ft": 3.4, "right_sw_ft": 15.0}, "geometry": {"type": "LineString", "coordinates": [[-73.8862296035722, 40.79693384957624], [-73.88594467001201, 40.797156351263446]]}}, {"type": "Feature", "properties": {"segment_id": 1125052, "physicalid": "78001", "street_name": "UNNAMED ST", "borough": "bronx", "direction": "TW", "total_row_ft": 30.0, "roadbed_ft": 0.0, "median_ft": 0.0, "left_sw_ft": 15.0, "right_sw_ft": 15.0}, "geometry": {"type": "LineString", "coordinates": [[-73.88629870808198, 40.79695859575127], [-73.88599643659333, 40.79719463666135]]}}, {"type": "Feature", "properties": {"segment_id": 1125053, "physicalid": "78001", "street_name": "UNNAMED ST", "borough": "bronx", "direction": "TW", "total_row_ft": 30.0, "roadbed_ft": 0.0, "median_ft": 0.0, "left_sw_ft": 15.0, "right_sw_ft": 15.0}, "geometry": {"type": "LineString", "coordinates": [[-73.88635047471314, 40.79699688099141], [-73.88604820323421, 40.79723292203578]]}}, {"type": "Feature", "properties": {"segment_id": 1125054, "physicalid": "78001", "street_name": "UNNAMED ST", "borough": "bronx", "direction": "TW", "total_row_ft": 30.0, "roadbed_ft": 0.0, "median_ft": 0.0, "left_sw_ft": 15.0, "right_sw_ft": 15.0}, "geometry": {"type": "LineString", "coordinates": [[-73.88640224140383, 40.79703516620802], [-73.88609996993468, 40.797271207386785]]}}, {"type": "Feature", "properties": {"segment_id": 1125055, "physicalid": "78001", "street_name": "UNNAMED ST", "borough": "bronx", "direction": "TW", "total_row_ft": 30.0, "roadbed_ft": 0.0, "median_ft": 0.0, "left_sw_ft": 15.0, "right_sw_ft": 15.0}, "geometry": {"type": "LineString", "coordinates": [[-73.88645400815412, 40.797073451401204], [-73.88615173669461, 40.79730949271425]]}}, {"type": "Feature", "properties": {"segment_id": 1125056, "physicalid": "78001", "street_name": "UNNAMED ST", "borough": "bronx", "direction": "TW", "total_row_ft": 30.0, "roadbed_ft": 0.0, "median_ft": 0.0, "left_sw_ft": 15.0, "right_sw_ft": 15.0}, "geometry": {"type": "LineString", "coordinates": [[-73.88650577496388, 40.797111736570855], [-73.88620350351415, 40.79734777801828]]}}, {"type": "Feature", "properties": {"segment_id": 1125057, "physicalid": "78001", "street_name": "UNNAMED ST", "borough": "bronx", "direction": "TW", "total_row_ft": 30.0, "roadbed_ft": 0.0, "median_ft": 0.0, "left_sw_ft": 15.0, "right_sw_ft": 15.0}, "geometry": {"type": "LineString", "coordinates": [[-73.88655754183326, 40.797150021717094], [-73.88625527039318, 40.79738606329878]]}}, {"type": "Feature", "properties": {"segment_id": 1125058, "physicalid": "78001", "street_name": "UNNAMED ST", "borough": "bronx", "direction": "TW", "total_row_ft": 30.0, "roadbed_ft": 0.0, "median_ft": 0.0, "left_sw_ft": 15.0, "right_sw_ft": 15.0}, "geometry": {"type": "LineString", "coordinates": [[-73.88660930876213, 40.79718830683979], [-73.88630703733182, 40.79742434855586]]}}, {"type": "Feature", "properties": {"segment_id": 1125059, "physicalid": "78001", "street_name": "UNNAMED ST", "borough": "bronx", "direction": "TW", "total_row_ft": 30.0, "roadbed_ft": 0.0, "median_ft": 0.0, "left_sw_ft": 15.0, "right_sw_ft": 15.0}, "geometry": {"type": "LineString", "coordinates": [[-73.88666107575058, 40.797226591939065], [-73.88635880432993, 40.7974626337894]]}}, {"type": "Feature", "properties": {"segment_id": 1125060, "physicalid": "78001", "street_name": "UNNAMED ST", "borough": "bronx", "direction": "TW", "total_row_ft": 30.0, "roadbed_ft": 0.0, "median_ft": 0.0, "left_sw_ft": 15.0, "right_sw_ft": 15.0}, "geometry": {"type": "LineString", "coordinates": [[-73.88671284279853, 40.797264877014776], [-73.88641057138766, 40.7975009189995]]}}, {"type": "Feature", "properties": {"segment_id": 1125061, "physicalid": "78001", "street_name": "UNNAMED ST", "borough": "bronx", "direction": "TW", "total_row_ft": 30.0, "roadbed_ft": 0.0, "median_ft": 0.0, "left_sw_ft": 15.0, "right_sw_ft": 15.0}, "geometry": {"type": "LineString", "coordinates": [[-73.88676460990608, 40.79730316206708], [-73.88646233850486, 40.79753920418608]]}}, {"type": "Feature", "properties": {"segment_id": 1125062, "physicalid": "78001", "street_name": "UNNAMED ST", "borough": "bronx", "direction": "TW", "total_row_ft": 30.0, "roadbed_ft": 0.0, "median_ft": 0.0, "left_sw_ft": 15.0, "right_sw_ft": 15.0}, "geometry": {"type": "LineString", "coordinates": [[-73.88681637707315, 40.79734144709589], [-73.88651410568164, 40.7975774893492]]}}, {"type": "Feature", "properties": {"segment_id": 1125063, "physicalid": "78001", "street_name": "UNNAMED ST", "borough": "bronx", "direction": "TW", "total_row_ft": 30.0, "roadbed_ft": 0.0, "median_ft": 0.0, "left_sw_ft": 15.0, "right_sw_ft": 15.0}, "geometry": {"type": "LineString", "coordinates": [[-73.88686814429974, 40.79737973210119], [-73.886565872918, 40.797615774488875]]}}, {"type": "Feature", "properties": {"segment_id": 1125064, "physicalid": "78001", "street_name": "UNNAMED ST", "borough": "bronx", "direction": "TW", "total_row_ft": 30.0, "roadbed_ft": 0.0, "median_ft": 0.0, "left_sw_ft": 15.0, "right_sw_ft": 15.0}, "geometry": {"type": "LineString", "coordinates": [[-73.88691991158592, 40.79741801708305], [-73.88661764021383, 40.79765405960502]]}}, {"type": "Feature", "properties": {"segment_id": 1125065, "physicalid": "78001", "street_name": "UNNAMED ST", "borough": "bronx", "direction": "TW", "total_row_ft": 30.0, "roadbed_ft": 0.0, "median_ft": 0.0, "left_sw_ft": 15.0, "right_sw_ft": 15.0}, "geometry": {"type": "LineString", "coordinates": [[-73.88697167893159, 40.797456302041404], [-73.88666940756927, 40.797692344697715]]}}, {"type": "Feature", "properties": {"segment_id": 1125066, "physicalid": "78001", "street_name": "UNNAMED ST", "borough": "bronx", "direction": "TW", "total_row_ft": 30.0, "roadbed_ft": 0.0, "median_ft": 0.0, "left_sw_ft": 15.0, "right_sw_ft": 15.0}, "geometry": {"type": "LineString", "coordinates": [[-73.88702344633685, 40.797494586976285], [-73.8867211749842, 40.7977306297669]]}}, {"type": "Feature", "properties": {"segment_id": 1125067, "physicalid": "78001", "street_name": "UNNAMED ST", "borough": "bronx", "direction": "TW", "total_row_ft": 30.0, "roadbed_ft": 0.0, "median_ft": 0.0, "left_sw_ft": 15.0, "right_sw_ft": 15.0}, "geometry": {"type": "LineString", "coordinates": [[-73.8870752138016, 40.79753287188766], [-73.88677294245873, 40.797768914812636]]}}, {"type": "Feature", "properties": {"segment_id": 1125068, "physicalid": "78001", "street_name": "UNNAMED ST", "borough": "bronx", "direction": "TW", "total_row_ft": 30.0, "roadbed_ft": 0.0, "median_ft": 0.0, "left_sw_ft": 15.0, "right_sw_ft": 15.0}, "geometry": {"type": "LineString", "coordinates": [[-73.88712698132596, 40.797571156775604], [-73.88682470999277, 40.797807199834864]]}}, {"type": "Feature", "properties": {"segment_id": 1125069, "physicalid": "78001", "street_name": "UNNAMED ST", "borough": "bronx", "direction": "TW", "total_row_ft": 30.0, "roadbed_ft": 0.0, "median_ft": 0.0, "left_sw_ft": 15.0, "right_sw_ft": 15.0}, "geometry": {"type": "LineString", "coordinates": [[-73.88717874890982, 40.797609441640006], [-73.88687647758637, 40.797845484833644]]}}, {"type": "Feature", "properties": {"segment_id": 1125070, "physicalid": "78001", "street_name": "UNNAMED ST", "borough": "bronx", "direction": "TW", "total_row_ft": 30.0, "roadbed_ft": 0.0, "median_ft": 0.0, "left_sw_ft": 15.0, "right_sw_ft": 15.0}, "geometry": {"type": "LineString", "coordinates": [[-73.88723051655326, 40.797647726480996], [-73.88692824523947, 40.7978837698089]]}}, {"type": "Feature", "properties": {"segment_id": 1125071, "physicalid": "78002", "street_name": "EXECUTIVE RD", "borough": "bronx", "direction": "FT", "total_row_ft": 90.9, "roadbed_ft": 55.9, "median_ft": 0.0, "left_sw_ft": 20.0, "right_sw_ft": 15.0}, "geometry": {"type": "LineString", "coordinates": [[-73.88447035414882, 40.795313638527226], [-73.88410781540732, 40.79540926229949]]}}, {"type": "Feature", "properties": {"segment_id": 1125072, "physicalid": "78002", "street_name": "EXECUTIVE RD", "borough": "bronx", "direction": "FT", "total_row_ft": 93.4, "roadbed_ft": 56.0, "median_ft": 0.0, "left_sw_ft": 22.5, "right_sw_ft": 15.0}, "geometry": {"type": "LineString", "coordinates": [[-73.88449857521302, 40.79536431161455], [-73.88413149363528, 40.79546111113757]]}}, {"type": "Feature", "properties": {"segment_id": 1125073, "physicalid": "78002", "street_name": "EXECUTIVE RD", "borough": "bronx", "direction": "FT", "total_row_ft": 95.8, "roadbed_ft": 56.0, "median_ft": 0.0, "left_sw_ft": 24.8, "right_sw_ft": 15.0}, "geometry": {"type": "LineString", "coordinates": [[-73.88452812657579, 40.79541462423312], [-73.88415517228576, 40.795512972412354]]}}, {"type": "Feature", "properties": {"segment_id": 1125074, "physicalid": "78002", "street_name": "EXECUTIVE RD", "borough": "bronx", "direction": "FT", "total_row_ft": 97.9, "roadbed_ft": 55.9, "median_ft": 0.0, "left_sw_ft": 27.0, "right_sw_ft": 15.0}, "geometry": {"type": "LineString", "coordinates": [[-73.88455882721166, 40.79546462951178], [-73.88417885318506, 40.795564838095345]]}}, {"type": "Feature", "properties": {"segment_id": 1125075, "physicalid": "78002", "street_name": "EXECUTIVE RD", "borough": "bronx", "direction": "FT", "total_row_ft": 99.4, "roadbed_ft": 55.8, "median_ft": 0.0, "left_sw_ft": 28.6, "right_sw_ft": 15.0}, "geometry": {"type": "LineString", "coordinates": [[-73.88458953006334, 40.795514638315865], [-73.88420253386548, 40.79561669884372]]}}, {"type": "Feature", "properties": {"segment_id": 1125076, "physicalid": "78002", "street_name": "EXECUTIVE RD", "borough": "bronx", "direction": "FT", "total_row_ft": 100.2, "roadbed_ft": 55.6, "median_ft": 0.0, "left_sw_ft": 29.5, "right_sw_ft": 15.0}, "geometry": {"type": "LineString", "coordinates": [[-73.88462023296115, 40.79556464711139], [-73.88422621458278, 40.79566855958672]]}}, {"type": "Feature", "properties": {"segment_id": 1125077, "physicalid": "78002", "street_name": "EXECUTIVE RD", "borough": "bronx", "direction": "FT", "total_row_ft": 99.9, "roadbed_ft": 55.2, "median_ft": 0.0, "left_sw_ft": 29.7, "right_sw_ft": 15.0}, "geometry": {"type": "LineString", "coordinates": [[-73.88463882040986, 40.79559492225609], [-73.88426911838266, 40.79573938854775]]}}, {"type": "Feature", "properties": {"segment_id": 1125078, "physicalid": "78002", "street_name": "EXECUTIVE RD", "borough": "bronx", "direction": "FT", "total_row_ft": 100.0, "roadbed_ft": 54.8, "median_ft": 0.0, "left_sw_ft": 30.2, "right_sw_ft": 15.0}, "geometry": {"type": "LineString", "coordinates": [[-73.88467162232537, 40.79564383059344], [-73.88430214864923, 40.795788207680026]]}}, {"type": "Feature", "properties": {"segment_id": 1125079, "physicalid": "78002", "street_name": "EXECUTIVE RD", "borough": "bronx", "direction": "FT", "total_row_ft": 99.8, "roadbed_ft": 54.4, "median_ft": 0.0, "left_sw_ft": 30.4, "right_sw_ft": 15.0}, "geometry": {"type": "LineString", "coordinates": [[-73.88470568633753, 40.79569224575454], [-73.88433517896422, 40.79583702680244]]}}, {"type": "Feature", "properties": {"segment_id": 1125080, "physicalid": "78002", "street_name": "EXECUTIVE RD", "borough": "bronx", "direction": "FT", "total_row_ft": 99.0, "roadbed_ft": 53.9, "median_ft": 0.0, "left_sw_ft": 30.1, "right_sw_ft": 15.0}, "geometry": {"type": "LineString", "coordinates": [[-73.88473974988051, 40.79574066110789], [-73.88436820932766, 40.795885845915]]}}, {"type": "Feature", "properties": {"segment_id": 1125081, "physicalid": "78002", "street_name": "EXECUTIVE RD", "borough": "bronx", "direction": "FT", "total_row_ft": 99.7, "roadbed_ft": 53.4, "median_ft": 0.0, "left_sw_ft": 31.2, "right_sw_ft": 15.0}, "geometry": {"type": "LineString", "coordinates": [[-73.88478064392403, 40.795786407336216], [-73.88440123973957, 40.79593466501777]]}}, {"type": "Feature", "properties": {"segment_id": 1125082, "physicalid": "78002", "street_name": "EXECUTIVE RD", "borough": "bronx", "direction": "FT", "total_row_ft": 98.4, "roadbed_ft": 52.5, "median_ft": 0.0, "left_sw_ft": 30.9, "right_sw_ft": 15.0}, "geometry": {"type": "LineString", "coordinates": [[-73.884799691334, 40.795810822295365], [-73.88446219041948, 40.79600266942461]]}}, {"type": "Feature", "properties": {"segment_id": 1125083, "physicalid": "78002", "street_name": "EXECUTIVE RD", "borough": "bronx", "direction": "FT", "total_row_ft": 97.2, "roadbed_ft": 51.9, "median_ft": 0.0, "left_sw_ft": 30.3, "right_sw_ft": 15.0}, "geometry": {"type": "LineString", "coordinates": [[-73.88483841507973, 40.79585736190896], [-73.88450545512103, 40.79604662785741]]}}, {"type": "Feature", "properties": {"segment_id": 1125084, "physicalid": "78002", "street_name": "EXECUTIVE RD", "borough": "bronx", "direction": "FT", "total_row_ft": 84.0, "roadbed_ft": 50.9, "median_ft": 0.0, "left_sw_ft": 18.1, "right_sw_ft": 15.0}, "geometry": {"type": "LineString", "coordinates": [[-73.8848440982035, 40.795922686253476], [-73.88454871613256, 40.796090583865485]]}}, {"type": "Feature", "properties": {"segment_id": 1125085, "physicalid": "78002", "street_name": "EXECUTIVE RD", "borough": "bronx", "direction": "FT", "total_row_ft": 83.4, "roadbed_ft": 50.3, "median_ft": 0.0, "left_sw_ft": 18.1, "right_sw_ft": 15.0}, "geometry": {"type": "LineString", "coordinates": [[-73.88487263904854, 40.795951673674615], [-73.88461627097003, 40.79615359537845]]}}, {"type": "Feature", "properties": {"segment_id": 1125086, "physicalid": "78002", "street_name": "EXECUTIVE RD", "borough": "bronx", "direction": "FT", "total_row_ft": 77.9, "roadbed_ft": 49.3, "median_ft": 0.0, "left_sw_ft": 13.5, "right_sw_ft": 15.0}, "geometry": {"type": "LineString", "coordinates": [[-73.88490836817485, 40.7960025906166], [-73.88466825211881, 40.79619171189594]]}}, {"type": "Feature", "properties": {"segment_id": 1125087, "physicalid": "78002", "street_name": "EXECUTIVE RD", "borough": "bronx", "direction": "FT", "total_row_ft": 76.2, "roadbed_ft": 48.6, "median_ft": 0.0, "left_sw_ft": 12.6, "right_sw_ft": 15.0}, "geometry": {"type": "LineString", "coordinates": [[-73.8849563388956, 40.796043856633936], [-73.88472024480396, 40.79622983539804]]}}, {"type": "Feature", "properties": {"segment_id": 1125088, "physicalid": "78002", "street_name": "EXECUTIVE RD", "borough": "bronx", "direction": "FT", "total_row_ft": 75.5, "roadbed_ft": 48.3, "median_ft": 0.0, "left_sw_ft": 12.2, "right_sw_ft": 15.0}, "geometry": {"type": "LineString", "coordinates": [[-73.8850086897806, 40.79608168183049], [-73.88477222946533, 40.79626794919515]]}}, {"type": "Feature", "properties": {"segment_id": 1125089, "physicalid": "78002", "street_name": "EXECUTIVE RD", "borough": "bronx", "direction": "FT", "total_row_ft": 75.4, "roadbed_ft": 48.0, "median_ft": 0.0, "left_sw_ft": 12.3, "right_sw_ft": 15.0}, "geometry": {"type": "LineString", "coordinates": [[-73.88504545063762, 40.79610422752428], [-73.88485954257897, 40.796324215182736]]}}, {"type": "Feature", "properties": {"segment_id": 1125090, "physicalid": "78002", "street_name": "EXECUTIVE RD", "borough": "bronx", "direction": "FT", "total_row_ft": 74.6, "roadbed_ft": 47.7, "median_ft": 0.0, "left_sw_ft": 11.9, "right_sw_ft": 15.0}, "geometry": {"type": "LineString", "coordinates": [[-73.88510293669142, 40.79613778750072], [-73.8849203210295, 40.79635387943625]]}}, {"type": "Feature", "properties": {"segment_id": 1125091, "physicalid": "78002", "street_name": "EXECUTIVE RD", "borough": "bronx", "direction": "FT", "total_row_ft": 73.9, "roadbed_ft": 48.2, "median_ft": 0.0, "left_sw_ft": 10.7, "right_sw_ft": 15.0}, "geometry": {"type": "LineString", "coordinates": [[-73.8851613795784, 40.7961702044765], [-73.88498111231692, 40.796383548546196]]}}, {"type": "Feature", "properties": {"segment_id": 1125092, "physicalid": "78003", "street_name": "EXECUTIVE RD", "borough": "bronx", "direction": "TW", "total_row_ft": 71.3, "roadbed_ft": 49.5, "median_ft": 0.0, "left_sw_ft": 6.9, "right_sw_ft": 15.0}, "geometry": {"type": "LineString", "coordinates": [[-73.88526589346701, 40.79622535925101], [-73.88515537545004, 40.79645338256272]]}}, {"type": "Feature", "properties": {"segment_id": 1125093, "physicalid": "78003", "street_name": "EXECUTIVE RD", "borough": "bronx", "direction": "TW", "total_row_ft": 79.3, "roadbed_ft": 49.3, "median_ft": 0.0, "left_sw_ft": 15.0, "right_sw_ft": 15.0}, "geometry": {"type": "LineString", "coordinates": [[-73.88537295539916, 40.79616328787494], [-73.88522315715893, 40.79647235609774]]}}, {"type": "Feature", "properties": {"segment_id": 1125094, "physicalid": "78003", "street_name": "EXECUTIVE RD", "borough": "bronx", "direction": "TW", "total_row_ft": 79.1, "roadbed_ft": 49.1, "median_ft": 0.0, "left_sw_ft": 15.0, "right_sw_ft": 15.0}, "geometry": {"type": "LineString", "coordinates": [[-73.88544073687471, 40.79618226128289], [-73.88529093890645, 40.79649132959285]]}}, {"type": "Feature", "properties": {"segment_id": 1125095, "physicalid": "78003", "street_name": "EXECUTIVE RD", "borough": "bronx", "direction": "TW", "total_row_ft": 78.9, "roadbed_ft": 48.9, "median_ft": 0.0, "left_sw_ft": 15.0, "right_sw_ft": 15.0}, "geometry": {"type": "LineString", "coordinates": [[-73.88550851838887, 40.79620123465094], [-73.88535872069265, 40.796510303048066]]}}, {"type": "Feature", "properties": {"segment_id": 1125096, "physicalid": "78003", "street_name": "EXECUTIVE RD", "borough": "bronx", "direction": "TW", "total_row_ft": 78.0, "roadbed_ft": 48.0, "median_ft": 0.0, "left_sw_ft": 15.0, "right_sw_ft": 15.0}, "geometry": {"type": "LineString", "coordinates": [[-73.88553166349217, 40.79620799295599], [-73.88547346767706, 40.79653437756658]]}}, {"type": "Feature", "properties": {"segment_id": 1125097, "physicalid": "78003", "street_name": "EXECUTIVE RD", "borough": "bronx", "direction": "TW", "total_row_ft": 77.7, "roadbed_ft": 47.7, "median_ft": 0.0, "left_sw_ft": 15.0, "right_sw_ft": 15.0}, "geometry": {"type": "LineString", "coordinates": [[-73.8856032426261, 40.796215364002116], [-73.88554504715547, 40.79654174864846]]}}, {"type": "Feature", "properties": {"segment_id": 1125098, "physicalid": "78003", "street_name": "EXECUTIVE RD", "borough": "bronx", "direction": "TW", "total_row_ft": 77.6, "roadbed_ft": 47.6, "median_ft": 0.0, "left_sw_ft": 15.0, "right_sw_ft": 15.0}, "geometry": {"type": "LineString", "coordinates": [[-73.8856748217759, 40.79622273500379], [-73.88561662664976, 40.79654911968587]]}}, {"type": "Feature", "properties": {"segment_id": 1125099, "physicalid": "78003", "street_name": "EXECUTIVE RD", "borough": "bronx", "direction": "TW", "total_row_ft": 78.1, "roadbed_ft": 48.1, "median_ft": 0.0, "left_sw_ft": 15.0, "right_sw_ft": 15.0}, "geometry": {"type": "LineString", "coordinates": [[-73.88571785497932, 40.79622180615958], [-73.88571795854872, 40.79655117357168]]}}, {"type": "Feature", "properties": {"segment_id": 1125100, "physicalid": "78003", "street_name": "EXECUTIVE RD", "borough": "bronx", "direction": "TW", "total_row_ft": 78.3, "roadbed_ft": 48.3, "median_ft": 0.0, "left_sw_ft": 15.0, "right_sw_ft": 15.0}, "geometry": {"type": "LineString", "coordinates": [[-73.88579008827284, 40.79622179301887], [-73.88579019219961, 40.79655116043092]]}}, {"type": "Feature", "properties": {"segment_id": 1125101, "physicalid": "78003", "street_name": "EXECUTIVE RD", "borough": "bronx", "direction": "TW", "total_row_ft": 78.4, "roadbed_ft": 48.4, "median_ft": 0.0, "left_sw_ft": 15.0, "right_sw_ft": 15.0}, "geometry": {"type": "LineString", "coordinates": [[-73.88586232156632, 40.79622177983291], [-73.88586242585049, 40.796551147244884]]}}, {"type": "Feature", "properties": {"segment_id": 1125102, "physicalid": "78003", "street_name": "EXECUTIVE RD", "borough": "bronx", "direction": "TW", "total_row_ft": 78.5, "roadbed_ft": 48.5, "median_ft": 0.0, "left_sw_ft": 15.0, "right_sw_ft": 15.0}, "geometry": {"type": "LineString", "coordinates": [[-73.88593455485979, 40.79622176660168], [-73.88593465950132, 40.79655113401359]]}}, {"type": "Feature", "properties": {"segment_id": 1125103, "physicalid": "78003", "street_name": "EXECUTIVE RD", "borough": "bronx", "direction": "TW", "total_row_ft": 78.8, "roadbed_ft": 48.8, "median_ft": 0.0, "left_sw_ft": 15.0, "right_sw_ft": 15.0}, "geometry": {"type": "LineString", "coordinates": [[-73.88600678815321, 40.79622175332517], [-73.88600689315216, 40.796551120737014]]}}, {"type": "Feature", "properties": {"segment_id": 1125104, "physicalid": "78003", "street_name": "EXECUTIVE RD", "borough": "bronx", "direction": "TW", "total_row_ft": 79.1, "roadbed_ft": 49.1, "median_ft": 0.0, "left_sw_ft": 15.0, "right_sw_ft": 15.0}, "geometry": {"type": "LineString", "coordinates": [[-73.88607902144662, 40.79622174000339], [-73.88607912680293, 40.796551107415176]]}}, {"type": "Feature", "properties": {"segment_id": 1125105, "physicalid": "78003", "street_name": "EXECUTIVE RD", "borough": "bronx", "direction": "TW", "total_row_ft": 79.3, "roadbed_ft": 49.3, "median_ft": 0.0, "left_sw_ft": 15.0, "right_sw_ft": 15.0}, "geometry": {"type": "LineString", "coordinates": [[-73.88615125473999, 40.79622172663638], [-73.8861513604537, 40.79655109404806]]}}, {"type": "Feature", "properties": {"segment_id": 1125106, "physicalid": "78003", "street_name": "EXECUTIVE RD", "borough": "bronx", "direction": "TW", "total_row_ft": 79.6, "roadbed_ft": 49.6, "median_ft": 0.0, "left_sw_ft": 15.0, "right_sw_ft": 15.0}, "geometry": {"type": "LineString", "coordinates": [[-73.88622348803332, 40.79622171322404], [-73.88622359410441, 40.796551080635716]]}}, {"type": "Feature", "properties": {"segment_id": 1125107, "physicalid": "78003", "street_name": "EXECUTIVE RD", "borough": "bronx", "direction": "TW", "total_row_ft": 79.9, "roadbed_ft": 49.9, "median_ft": 0.0, "left_sw_ft": 15.0, "right_sw_ft": 15.0}, "geometry": {"type": "LineString", "coordinates": [[-73.88629572132663, 40.7962216997665], [-73.88629582775512, 40.796551067178065]]}}, {"type": "Feature", "properties": {"segment_id": 1125108, "physicalid": "78003", "street_name": "EXECUTIVE RD", "borough": "bronx", "direction": "TW", "total_row_ft": 80.2, "roadbed_ft": 50.2, "median_ft": 0.0, "left_sw_ft": 15.0, "right_sw_ft": 15.0}, "geometry": {"type": "LineString", "coordinates": [[-73.88636795461993, 40.79622168626365], [-73.88636806140579, 40.79655105367516]]}}, {"type": "Feature", "properties": {"segment_id": 1125109, "physicalid": "78003", "street_name": "EXECUTIVE RD", "borough": "bronx", "direction": "TW", "total_row_ft": 80.5, "roadbed_ft": 50.5, "median_ft": 0.0, "left_sw_ft": 15.0, "right_sw_ft": 15.0}, "geometry": {"type": "LineString", "coordinates": [[-73.88644018791317, 40.79622167271553], [-73.88644029505643, 40.796551040126985]]}}, {"type": "Feature", "properties": {"segment_id": 1125110, "physicalid": "78003", "street_name": "EXECUTIVE RD", "borough": "bronx", "direction": "TW", "total_row_ft": 80.9, "roadbed_ft": 50.9, "median_ft": 0.0, "left_sw_ft": 15.0, "right_sw_ft": 15.0}, "geometry": {"type": "LineString", "coordinates": [[-73.8865124212064, 40.79622165912217], [-73.88651252870704, 40.79655102653356]]}}, {"type": "Feature", "properties": {"segment_id": 1125111, "physicalid": "78003", "street_name": "EXECUTIVE RD", "borough": "bronx", "direction": "TW", "total_row_ft": 81.3, "roadbed_ft": 51.3, "median_ft": 0.0, "left_sw_ft": 15.0, "right_sw_ft": 15.0}, "geometry": {"type": "LineString", "coordinates": [[-73.8865846544996, 40.796221645483556], [-73.88658476235763, 40.79655101289484]]}}, {"type": "Feature", "properties": {"segment_id": 1125112, "physicalid": "78003", "street_name": "EXECUTIVE RD", "borough": "bronx", "direction": "TW", "total_row_ft": 81.7, "roadbed_ft": 51.7, "median_ft": 0.0, "left_sw_ft": 15.0, "right_sw_ft": 15.0}, "geometry": {"type": "LineString", "coordinates": [[-73.88665688779275, 40.79622163179965], [-73.88665699600817, 40.79655099921087]]}}, {"type": "Feature", "properties": {"segment_id": 1125113, "physicalid": "78003", "street_name": "EXECUTIVE RD", "borough": "bronx", "direction": "TW", "total_row_ft": 82.2, "roadbed_ft": 52.2, "median_ft": 0.0, "left_sw_ft": 15.0, "right_sw_ft": 15.0}, "geometry": {"type": "LineString", "coordinates": [[-73.8867291210859, 40.79622161807046], [-73.88672922965868, 40.79655098548164]]}}, {"type": "Feature", "properties": {"segment_id": 1125114, "physicalid": "78003", "street_name": "EXECUTIVE RD", "borough": "bronx", "direction": "TW", "total_row_ft": 94.3, "roadbed_ft": 64.3, "median_ft": 0.0, "left_sw_ft": 15.0, "right_sw_ft": 15.0}, "geometry": {"type": "LineString", "coordinates": [[-73.886801354379, 40.796221604296036], [-73.8868014633092, 40.796550971707155]]}}, {"type": "Feature", "properties": {"segment_id": 1125115, "physicalid": "78003", "street_name": "EXECUTIVE RD", "borough": "bronx", "direction": "TW", "total_row_ft": 94.5, "roadbed_ft": 64.5, "median_ft": 0.0, "left_sw_ft": 15.0, "right_sw_ft": 15.0}, "geometry": {"type": "LineString", "coordinates": [[-73.88687358767208, 40.796221590476335], [-73.88687369695964, 40.796550957887376]]}}, {"type": "Feature", "properties": {"segment_id": 1125116, "physicalid": "78003", "street_name": "EXECUTIVE RD", "borough": "bronx", "direction": "TW", "total_row_ft": 94.6, "roadbed_ft": 64.6, "median_ft": 0.0, "left_sw_ft": 15.0, "right_sw_ft": 15.0}, "geometry": {"type": "LineString", "coordinates": [[-73.88694582096512, 40.79622157661137], [-73.88694593061008, 40.79655094402234]]}}, {"type": "Feature", "properties": {"segment_id": 1125117, "physicalid": "78003", "street_name": "EXECUTIVE RD", "borough": "bronx", "direction": "TW", "total_row_ft": 94.8, "roadbed_ft": 64.8, "median_ft": 0.0, "left_sw_ft": 15.0, "right_sw_ft": 15.0}, "geometry": {"type": "LineString", "coordinates": [[-73.88701805425815, 40.79622156270113], [-73.88701816426047, 40.79655093011203]]}}, {"type": "Feature", "properties": {"segment_id": 1125118, "physicalid": "78003", "street_name": "EXECUTIVE RD", "borough": "bronx", "direction": "TW", "total_row_ft": 94.9, "roadbed_ft": 64.9, "median_ft": 0.0, "left_sw_ft": 15.0, "right_sw_ft": 15.0}, "geometry": {"type": "LineString", "coordinates": [[-73.88709028755112, 40.79622154874561], [-73.88709039791085, 40.79655091615646]]}}, {"type": "Feature", "properties": {"segment_id": 1125119, "physicalid": "78003", "street_name": "EXECUTIVE RD", "borough": "bronx", "direction": "TW", "total_row_ft": 94.8, "roadbed_ft": 64.8, "median_ft": 0.0, "left_sw_ft": 15.0, "right_sw_ft": 15.0}, "geometry": {"type": "LineString", "coordinates": [[-73.88716252084409, 40.79622153474485], [-73.8871626315612, 40.79655090215565]]}}, {"type": "Feature", "properties": {"segment_id": 1125120, "physicalid": "78003", "street_name": "EXECUTIVE RD", "borough": "bronx", "direction": "TW", "total_row_ft": 94.6, "roadbed_ft": 64.6, "median_ft": 0.0, "left_sw_ft": 15.0, "right_sw_ft": 15.0}, "geometry": {"type": "LineString", "coordinates": [[-73.887234754137, 40.796221520698836], [-73.88723486521151, 40.79655088810952]]}}, {"type": "Feature", "properties": {"segment_id": 1125121, "physicalid": "78003", "street_name": "EXECUTIVE RD", "borough": "bronx", "direction": "TW", "total_row_ft": 94.5, "roadbed_ft": 64.5, "median_ft": 0.0, "left_sw_ft": 15.0, "right_sw_ft": 15.0}, "geometry": {"type": "LineString", "coordinates": [[-73.8873069874299, 40.79622150660754], [-73.88730709886178, 40.79655087401816]]}}, {"type": "Feature", "properties": {"segment_id": 1125122, "physicalid": "78003", "street_name": "EXECUTIVE RD", "borough": "bronx", "direction": "TW", "total_row_ft": 78.1, "roadbed_ft": 48.1, "median_ft": 0.0, "left_sw_ft": 15.0, "right_sw_ft": 15.0}, "geometry": {"type": "LineString", "coordinates": [[-73.88737922072276, 40.79622149247098], [-73.88737933251204, 40.79655085988152]]}}, {"type": "Feature", "properties": {"segment_id": 1125123, "physicalid": "78003", "street_name": "EXECUTIVE RD", "borough": "bronx", "direction": "TW", "total_row_ft": 78.3, "roadbed_ft": 48.3, "median_ft": 0.0, "left_sw_ft": 15.0, "right_sw_ft": 15.0}, "geometry": {"type": "LineString", "coordinates": [[-73.88745145401559, 40.79622147828912], [-73.88745156616227, 40.796550845699635]]}}, {"type": "Feature", "properties": {"segment_id": 1125124, "physicalid": "78003", "street_name": "EXECUTIVE RD", "borough": "bronx", "direction": "TW", "total_row_ft": 88.0, "roadbed_ft": 58.0, "median_ft": 0.0, "left_sw_ft": 15.0, "right_sw_ft": 15.0}, "geometry": {"type": "LineString", "coordinates": [[-73.8875236873084, 40.79622146406203], [-73.88752379981246, 40.79655083147245]]}}, {"type": "Feature", "properties": {"segment_id": 1125125, "physicalid": "78004", "street_name": "UNNAMED ST", "borough": "bronx", "direction": "TW", "total_row_ft": 150.0, "roadbed_ft": 120.0, "median_ft": 0.0, "left_sw_ft": 15.0, "right_sw_ft": 15.0}, "geometry": {"type": "LineString", "coordinates": [[-73.887841470478, 40.796425533899246], [-73.88740809418468, 40.7964290586487]]}}, {"type": "Feature", "properties": {"segment_id": 1125126, "physicalid": "78004", "street_name": "UNNAMED ST", "borough": "bronx", "direction": "TW", "total_row_ft": 79.3, "roadbed_ft": 49.3, "median_ft": 0.0, "left_sw_ft": 15.0, "right_sw_ft": 15.0}, "geometry": {"type": "LineString", "coordinates": [[-73.88784224366955, 40.79648042532397], [-73.88740886701893, 40.79648395007637]]}}, {"type": "Feature", "properties": {"segment_id": 1125127, "physicalid": "78004", "street_name": "UNNAMED ST", "borough": "bronx", "direction": "TW", "total_row_ft": 53.8, "roadbed_ft": 23.8, "median_ft": 0.0, "left_sw_ft": 15.0, "right_sw_ft": 15.0}, "geometry": {"type": "LineString", "coordinates": [[-73.88784301686239, 40.796535316748304], [-73.88740963985445, 40.7965388415035]]}}, {"type": "Feature", "properties": {"segment_id": 1125128, "physicalid": "78004", "street_name": "UNNAMED ST", "borough": "bronx", "direction": "TW", "total_row_ft": 51.7, "roadbed_ft": 21.7, "median_ft": 0.0, "left_sw_ft": 15.0, "right_sw_ft": 15.0}, "geometry": {"type": "LineString", "coordinates": [[-73.88784379005651, 40.7965902081721], [-73.88741041269127, 40.796593732930155]]}}, {"type": "Feature", "properties": {"segment_id": 1125129, "physicalid": "78004", "street_name": "UNNAMED ST", "borough": "bronx", "direction": "TW", "total_row_ft": 52.0, "roadbed_ft": 22.0, "median_ft": 0.0, "left_sw_ft": 15.0, "right_sw_ft": 15.0}, "geometry": {"type": "LineString", "coordinates": [[-73.88784456325187, 40.796645099595445], [-73.88741118552934, 40.79664862435638]]}}, {"type": "Feature", "properties": {"segment_id": 1125130, "physicalid": "78004", "street_name": "UNNAMED ST", "borough": "bronx", "direction": "TW", "total_row_ft": 52.3, "roadbed_ft": 22.3, "median_ft": 0.0, "left_sw_ft": 15.0, "right_sw_ft": 15.0}, "geometry": {"type": "LineString", "coordinates": [[-73.88784533644854, 40.79669999101826], [-73.88741195836869, 40.79670351578208]]}}, {"type": "Feature", "properties": {"segment_id": 1125131, "physicalid": "78004", "street_name": "UNNAMED ST", "borough": "bronx", "direction": "TW", "total_row_ft": 52.6, "roadbed_ft": 22.6, "median_ft": 0.0, "left_sw_ft": 15.0, "right_sw_ft": 15.0}, "geometry": {"type": "LineString", "coordinates": [[-73.88784610964647, 40.79675488244063], [-73.88741273120931, 40.79675840720733]]}}, {"type": "Feature", "properties": {"segment_id": 1125132, "physicalid": "78004", "street_name": "UNNAMED ST", "borough": "bronx", "direction": "TW", "total_row_ft": 53.0, "roadbed_ft": 23.0, "median_ft": 0.0, "left_sw_ft": 15.0, "right_sw_ft": 15.0}, "geometry": {"type": "LineString", "coordinates": [[-73.8878468828457, 40.796809773862506], [-73.88741350405121, 40.79681329863209]]}}, {"type": "Feature", "properties": {"segment_id": 1125133, "physicalid": "78004", "street_name": "UNNAMED ST", "borough": "bronx", "direction": "TW", "total_row_ft": 53.4, "roadbed_ft": 23.4, "median_ft": 0.0, "left_sw_ft": 15.0, "right_sw_ft": 15.0}, "geometry": {"type": "LineString", "coordinates": [[-73.88784765604616, 40.79686466528389], [-73.88741427689439, 40.79686819005642]]}}, {"type": "Feature", "properties": {"segment_id": 1125134, "physicalid": "78004", "street_name": "UNNAMED ST", "borough": "bronx", "direction": "TW", "total_row_ft": 53.3, "roadbed_ft": 23.3, "median_ft": 0.0, "left_sw_ft": 15.0, "right_sw_ft": 15.0}, "geometry": {"type": "LineString", "coordinates": [[-73.88784842924792, 40.79691955670483], [-73.88741504973885, 40.79692308148018]]}}, {"type": "Feature", "properties": {"segment_id": 1125135, "physicalid": "78004", "street_name": "UNNAMED ST", "borough": "bronx", "direction": "TW", "total_row_ft": 53.3, "roadbed_ft": 23.3, "median_ft": 0.0, "left_sw_ft": 15.0, "right_sw_ft": 15.0}, "geometry": {"type": "LineString", "coordinates": [[-73.88784920245097, 40.796974448125255], [-73.88741582258456, 40.79697797290354]]}}, {"type": "Feature", "properties": {"segment_id": 1125136, "physicalid": "78004", "street_name": "UNNAMED ST", "borough": "bronx", "direction": "TW", "total_row_ft": 53.2, "roadbed_ft": 23.2, "median_ft": 0.0, "left_sw_ft": 15.0, "right_sw_ft": 15.0}, "geometry": {"type": "LineString", "coordinates": [[-73.88784997565527, 40.79702933954525], [-73.88741659543156, 40.797032864326326]]}}, {"type": "Feature", "properties": {"segment_id": 1125137, "physicalid": "78004", "street_name": "UNNAMED ST", "borough": "bronx", "direction": "TW", "total_row_ft": 53.2, "roadbed_ft": 23.2, "median_ft": 0.0, "left_sw_ft": 15.0, "right_sw_ft": 15.0}, "geometry": {"type": "LineString", "coordinates": [[-73.88785074886086, 40.797084230964686], [-73.88741736827984, 40.79708775574872]]}}, {"type": "Feature", "properties": {"segment_id": 1125138, "physicalid": "78004", "street_name": "UNNAMED ST", "borough": "bronx", "direction": "TW", "total_row_ft": 53.3, "roadbed_ft": 23.3, "median_ft": 0.0, "left_sw_ft": 15.0, "right_sw_ft": 15.0}, "geometry": {"type": "LineString", "coordinates": [[-73.88785152206772, 40.797139122383726], [-73.88741814112939, 40.79714264717056]]}}, {"type": "Feature", "properties": {"segment_id": 1125139, "physicalid": "78005", "street_name": "EXECUTIVE RD", "borough": "bronx", "direction": "FT", "total_row_ft": 93.9, "roadbed_ft": 63.9, "median_ft": 0.0, "left_sw_ft": 15.0, "right_sw_ft": 15.0}, "geometry": {"type": "LineString", "coordinates": [[-73.88767751967794, 40.79622128256474], [-73.88767923484514, 40.79655064740706]]}}, {"type": "Feature", "properties": {"segment_id": 1125140, "physicalid": "78006", "street_name": "UNNAMED ST", "borough": "bronx", "direction": "TW", "total_row_ft": 52.7, "roadbed_ft": 22.7, "median_ft": 0.0, "left_sw_ft": 15.0, "right_sw_ft": 15.0}, "geometry": {"type": "LineString", "coordinates": [[-73.88785562613955, 40.79718935962917], [-73.88746114883489, 40.79732578892844]]}}, {"type": "Feature", "properties": {"segment_id": 1125141, "physicalid": "78006", "street_name": "UNNAMED ST", "borough": "bronx", "direction": "TW", "total_row_ft": 73.4, "roadbed_ft": 43.4, "median_ft": 0.0, "left_sw_ft": 15.0, "right_sw_ft": 15.0}, "geometry": {"type": "LineString", "coordinates": [[-73.88788554694531, 40.79723932342655], [-73.88749106940594, 40.79737575282722]]}}, {"type": "Feature", "properties": {"segment_id": 1125142, "physicalid": "78006", "street_name": "UNNAMED ST", "borough": "bronx", "direction": "TW", "total_row_ft": 76.6, "roadbed_ft": 46.6, "median_ft": 0.0, "left_sw_ft": 15.0, "right_sw_ft": 15.0}, "geometry": {"type": "LineString", "coordinates": [[-73.88791546779603, 40.79728928721584], [-73.88752099002187, 40.797425716717775]]}}, {"type": "Feature", "properties": {"segment_id": 1125143, "physicalid": "78006", "street_name": "UNNAMED ST", "borough": "bronx", "direction": "TW", "total_row_ft": 75.4, "roadbed_ft": 45.4, "median_ft": 0.0, "left_sw_ft": 15.0, "right_sw_ft": 15.0}, "geometry": {"type": "LineString", "coordinates": [[-73.88794538869162, 40.7973392509969], [-73.88755091068273, 40.797475680600236]]}}, {"type": "Feature", "properties": {"segment_id": 1125144, "physicalid": "78006", "street_name": "UNNAMED ST", "borough": "bronx", "direction": "TW", "total_row_ft": 56.1, "roadbed_ft": 26.1, "median_ft": 0.0, "left_sw_ft": 15.0, "right_sw_ft": 15.0}, "geometry": {"type": "LineString", "coordinates": [[-73.88797530963215, 40.79738921476987], [-73.88758083138848, 40.79752564447446]]}}, {"type": "Feature", "properties": {"segment_id": 1125145, "physicalid": "78006", "street_name": "UNNAMED ST", "borough": "bronx", "direction": "TW", "total_row_ft": 56.1, "roadbed_ft": 26.1, "median_ft": 0.0, "left_sw_ft": 15.0, "right_sw_ft": 15.0}, "geometry": {"type": "LineString", "coordinates": [[-73.88800523061758, 40.797439178534624], [-73.88761075213917, 40.79757560834057]]}}, {"type": "Feature", "properties": {"segment_id": 1125146, "physicalid": "78007", "street_name": "UNNAMED ST", "borough": "bronx", "direction": "TW", "total_row_ft": 80.3, "roadbed_ft": 50.3, "median_ft": 0.0, "left_sw_ft": 15.0, "right_sw_ft": 15.0}, "geometry": {"type": "LineString", "coordinates": [[-73.88815462788314, 40.79751951874892], [-73.88858803607212, 40.7975196487234]]}}, {"type": "Feature", "properties": {"segment_id": 1125147, "physicalid": "78007", "street_name": "UNNAMED ST", "borough": "bronx", "direction": "TW", "total_row_ft": 79.4, "roadbed_ft": 49.4, "median_ft": 0.0, "left_sw_ft": 15.0, "right_sw_ft": 15.0}, "geometry": {"type": "LineString", "coordinates": [[-73.88815465656695, 40.79746462419258], [-73.88858806439856, 40.79746475416695]]}}, {"type": "Feature", "properties": {"segment_id": 1125148, "physicalid": "78007", "street_name": "UNNAMED ST", "borough": "bronx", "direction": "TW", "total_row_ft": 80.2, "roadbed_ft": 50.2, "median_ft": 0.0, "left_sw_ft": 15.0, "right_sw_ft": 15.0}, "geometry": {"type": "LineString", "coordinates": [[-73.88815468525075, 40.79740972963571], [-73.88858809272494, 40.79740985961006]]}}, {"type": "Feature", "properties": {"segment_id": 1125149, "physicalid": "78007", "street_name": "UNNAMED ST", "borough": "bronx", "direction": "TW", "total_row_ft": 87.3, "roadbed_ft": 57.3, "median_ft": 0.0, "left_sw_ft": 15.0, "right_sw_ft": 15.0}, "geometry": {"type": "LineString", "coordinates": [[-73.88815471393448, 40.79735483507845], [-73.88858812105128, 40.7973549650526]]}}, {"type": "Feature", "properties": {"segment_id": 1125150, "physicalid": "78007", "street_name": "UNNAMED ST", "borough": "bronx", "direction": "TW", "total_row_ft": 58.0, "roadbed_ft": 28.0, "median_ft": 0.0, "left_sw_ft": 15.0, "right_sw_ft": 15.0}, "geometry": {"type": "LineString", "coordinates": [[-73.88815474261817, 40.79729994052067], [-73.88858814937757, 40.79730007049473]]}}, {"type": "Feature", "properties": {"segment_id": 1125151, "physicalid": "78007", "street_name": "UNNAMED ST", "borough": "bronx", "direction": "TW", "total_row_ft": 57.1, "roadbed_ft": 27.1, "median_ft": 0.0, "left_sw_ft": 15.0, "right_sw_ft": 15.0}, "geometry": {"type": "LineString", "coordinates": [[-73.88815477130181, 40.797245045962384], [-73.88858817770382, 40.7972451759364]]}}, {"type": "Feature", "properties": {"segment_id": 1125152, "physicalid": "78007", "street_name": "UNNAMED ST", "borough": "bronx", "direction": "TW", "total_row_ft": 56.2, "roadbed_ft": 26.2, "median_ft": 0.0, "left_sw_ft": 15.0, "right_sw_ft": 15.0}, "geometry": {"type": "LineString", "coordinates": [[-73.8881547999854, 40.797190151403704], [-73.88858820603002, 40.79719028137754]]}}, {"type": "Feature", "properties": {"segment_id": 1125153, "physicalid": "78007", "street_name": "UNNAMED ST", "borough": "bronx", "direction": "TW", "total_row_ft": 55.6, "roadbed_ft": 25.6, "median_ft": 0.0, "left_sw_ft": 15.0, "right_sw_ft": 15.0}, "geometry": {"type": "LineString", "coordinates": [[-73.88815482866895, 40.7971352568445], [-73.88858823435616, 40.79713538681824]]}}, {"type": "Feature", "properties": {"segment_id": 1125154, "physicalid": "78007", "street_name": "UNNAMED ST", "borough": "bronx", "direction": "TW", "total_row_ft": 55.8, "roadbed_ft": 25.8, "median_ft": 0.0, "left_sw_ft": 15.0, "right_sw_ft": 15.0}, "geometry": {"type": "LineString", "coordinates": [[-73.88815485735245, 40.79708036228482], [-73.88858826268228, 40.79708049225845]]}}, {"type": "Feature", "properties": {"segment_id": 1125155, "physicalid": "78007", "street_name": "UNNAMED ST", "borough": "bronx", "direction": "TW", "total_row_ft": 56.7, "roadbed_ft": 26.7, "median_ft": 0.0, "left_sw_ft": 15.0, "right_sw_ft": 15.0}, "geometry": {"type": "LineString", "coordinates": [[-73.88815488603589, 40.797025467724666], [-73.88858829100833, 40.79702559769818]]}}, {"type": "Feature", "properties": {"segment_id": 1125156, "physicalid": "78007", "street_name": "UNNAMED ST", "borough": "bronx", "direction": "TW", "total_row_ft": 57.6, "roadbed_ft": 27.6, "median_ft": 0.0, "left_sw_ft": 15.0, "right_sw_ft": 15.0}, "geometry": {"type": "LineString", "coordinates": [[-73.88815491471931, 40.79697057316404], [-73.88858831933435, 40.79697070313747]]}}, {"type": "Feature", "properties": {"segment_id": 1125157, "physicalid": "78007", "street_name": "UNNAMED ST", "borough": "bronx", "direction": "TW", "total_row_ft": 58.4, "roadbed_ft": 28.4, "median_ft": 0.0, "left_sw_ft": 15.0, "right_sw_ft": 15.0}, "geometry": {"type": "LineString", "coordinates": [[-73.88815494340265, 40.79691567860294], [-73.88858834766032, 40.79691580857624]]}}, {"type": "Feature", "properties": {"segment_id": 1125158, "physicalid": "78007", "street_name": "UNNAMED ST", "borough": "bronx", "direction": "TW", "total_row_ft": 59.3, "roadbed_ft": 29.3, "median_ft": 0.0, "left_sw_ft": 15.0, "right_sw_ft": 15.0}, "geometry": {"type": "LineString", "coordinates": [[-73.88815497208597, 40.79686078404134], [-73.88858837598623, 40.796860914014545]]}}, {"type": "Feature", "properties": {"segment_id": 1125159, "physicalid": "78007", "street_name": "UNNAMED ST", "borough": "bronx", "direction": "TW", "total_row_ft": 60.1, "roadbed_ft": 30.1, "median_ft": 0.0, "left_sw_ft": 15.0, "right_sw_ft": 15.0}, "geometry": {"type": "LineString", "coordinates": [[-73.88815500076925, 40.7968058894793], [-73.8885884043121, 40.7968060194524]]}}, {"type": "Feature", "properties": {"segment_id": 1125160, "physicalid": "78007", "street_name": "UNNAMED ST", "borough": "bronx", "direction": "TW", "total_row_ft": 60.4, "roadbed_ft": 30.4, "median_ft": 0.0, "left_sw_ft": 15.0, "right_sw_ft": 15.0}, "geometry": {"type": "LineString", "coordinates": [[-73.88815502945245, 40.79675099491678], [-73.88858843263793, 40.79675112488976]]}}, {"type": "Feature", "properties": {"segment_id": 1125161, "physicalid": "78007", "street_name": "UNNAMED ST", "borough": "bronx", "direction": "TW", "total_row_ft": 60.7, "roadbed_ft": 30.7, "median_ft": 0.0, "left_sw_ft": 15.0, "right_sw_ft": 15.0}, "geometry": {"type": "LineString", "coordinates": [[-73.88815505813562, 40.79669610035376], [-73.8885884609637, 40.79669623032663]]}}, {"type": "Feature", "properties": {"segment_id": 1125162, "physicalid": "78007", "street_name": "UNNAMED ST", "borough": "bronx", "direction": "TW", "total_row_ft": 61.0, "roadbed_ft": 31.0, "median_ft": 0.0, "left_sw_ft": 15.0, "right_sw_ft": 15.0}, "geometry": {"type": "LineString", "coordinates": [[-73.88815508681874, 40.796641205790266], [-73.88858848928943, 40.79664133576306]]}}, {"type": "Feature", "properties": {"segment_id": 1125163, "physicalid": "78007", "street_name": "UNNAMED ST", "borough": "bronx", "direction": "TW", "total_row_ft": 61.3, "roadbed_ft": 31.3, "median_ft": 0.0, "left_sw_ft": 15.0, "right_sw_ft": 15.0}, "geometry": {"type": "LineString", "coordinates": [[-73.8881551155018, 40.79658631122633], [-73.88858851761512, 40.796586441199]]}}, {"type": "Feature", "properties": {"segment_id": 1125164, "physicalid": "78007", "street_name": "UNNAMED ST", "borough": "bronx", "direction": "TW", "total_row_ft": 61.6, "roadbed_ft": 31.6, "median_ft": 0.0, "left_sw_ft": 15.0, "right_sw_ft": 15.0}, "geometry": {"type": "LineString", "coordinates": [[-73.88815514418484, 40.7965314166619], [-73.88858854594076, 40.796531546634476]]}}, {"type": "Feature", "properties": {"segment_id": 1125165, "physicalid": "78007", "street_name": "UNNAMED ST", "borough": "bronx", "direction": "TW", "total_row_ft": 72.8, "roadbed_ft": 42.8, "median_ft": 0.0, "left_sw_ft": 15.0, "right_sw_ft": 15.0}, "geometry": {"type": "LineString", "coordinates": [[-73.88815517286783, 40.79647652209698], [-73.88858857426635, 40.79647665206945]]}}, {"type": "Feature", "properties": {"segment_id": 1125166, "physicalid": "78008", "street_name": "UNNAMED ST", "borough": "bronx", "direction": "TW", "total_row_ft": 93.3, "roadbed_ft": 63.3, "median_ft": 0.0, "left_sw_ft": 15.0, "right_sw_ft": 15.0}, "geometry": {"type": "LineString", "coordinates": [[-73.88184774922324, 40.79468503895971], [-73.88227989868389, 40.794660139142636]]}}, {"type": "Feature", "properties": {"segment_id": 1125167, "physicalid": "78008", "street_name": "UNNAMED ST", "borough": "bronx", "direction": "TW", "total_row_ft": 50.2, "roadbed_ft": 20.2, "median_ft": 0.0, "left_sw_ft": 15.0, "right_sw_ft": 15.0}, "geometry": {"type": "LineString", "coordinates": [[-73.8818422887747, 40.794630301455484], [-73.88227443788209, 40.79460540165866]]}}, {"type": "Feature", "properties": {"segment_id": 1125168, "physicalid": "78008", "street_name": "UNNAMED ST", "borough": "bronx", "direction": "TW", "total_row_ft": 50.2, "roadbed_ft": 20.2, "median_ft": 0.0, "left_sw_ft": 15.0, "right_sw_ft": 15.0}, "geometry": {"type": "LineString", "coordinates": [[-73.88183682833517, 40.794575563950524], [-73.88226897708925, 40.794550664173954]]}}, {"type": "Feature", "properties": {"segment_id": 1125169, "physicalid": "78008", "street_name": "UNNAMED ST", "borough": "bronx", "direction": "TW", "total_row_ft": 50.2, "roadbed_ft": 20.2, "median_ft": 0.0, "left_sw_ft": 15.0, "right_sw_ft": 15.0}, "geometry": {"type": "LineString", "coordinates": [[-73.88183136790461, 40.794520826444824], [-73.88226351630541, 40.79449592668852]]}}, {"type": "Feature", "properties": {"segment_id": 1125170, "physicalid": "78008", "street_name": "UNNAMED ST", "borough": "bronx", "direction": "TW", "total_row_ft": 50.4, "roadbed_ft": 20.4, "median_ft": 0.0, "left_sw_ft": 15.0, "right_sw_ft": 15.0}, "geometry": {"type": "LineString", "coordinates": [[-73.881825907483, 40.79446608893841], [-73.88225805553054, 40.79444118920236]]}}, {"type": "Feature", "properties": {"segment_id": 1125171, "physicalid": "78008", "street_name": "UNNAMED ST", "borough": "bronx", "direction": "TW", "total_row_ft": 50.7, "roadbed_ft": 20.7, "median_ft": 0.0, "left_sw_ft": 15.0, "right_sw_ft": 15.0}, "geometry": {"type": "LineString", "coordinates": [[-73.8818204470704, 40.79441135143126], [-73.88225259476465, 40.79438645171546]]}}, {"type": "Feature", "properties": {"segment_id": 1125172, "physicalid": "78008", "street_name": "UNNAMED ST", "borough": "bronx", "direction": "TW", "total_row_ft": 51.0, "roadbed_ft": 21.0, "median_ft": 0.0, "left_sw_ft": 15.0, "right_sw_ft": 15.0}, "geometry": {"type": "LineString", "coordinates": [[-73.88181498666678, 40.794356613923384], [-73.88224713400776, 40.794331714227845]]}}, {"type": "Feature", "properties": {"segment_id": 1125173, "physicalid": "78008", "street_name": "UNNAMED ST", "borough": "bronx", "direction": "TW", "total_row_ft": 51.3, "roadbed_ft": 21.3, "median_ft": 0.0, "left_sw_ft": 15.0, "right_sw_ft": 15.0}, "geometry": {"type": "LineString", "coordinates": [[-73.88180952627214, 40.79430187641476], [-73.88224167325981, 40.79427697673948]]}}, {"type": "Feature", "properties": {"segment_id": 1125174, "physicalid": "78008", "street_name": "UNNAMED ST", "borough": "bronx", "direction": "TW", "total_row_ft": 51.3, "roadbed_ft": 21.3, "median_ft": 0.0, "left_sw_ft": 15.0, "right_sw_ft": 15.0}, "geometry": {"type": "LineString", "coordinates": [[-73.88180406588646, 40.79424713890542], [-73.88223621252087, 40.7942222392504]]}}, {"type": "Feature", "properties": {"segment_id": 1125175, "physicalid": "78008", "street_name": "UNNAMED ST", "borough": "bronx", "direction": "TW", "total_row_ft": 51.5, "roadbed_ft": 21.5, "median_ft": 0.0, "left_sw_ft": 15.0, "right_sw_ft": 15.0}, "geometry": {"type": "LineString", "coordinates": [[-73.88179860550977, 40.79419240139537], [-73.8822307517909, 40.794167501760604]]}}, {"type": "Feature", "properties": {"segment_id": 1125176, "physicalid": "78008", "street_name": "UNNAMED ST", "borough": "bronx", "direction": "TW", "total_row_ft": 51.6, "roadbed_ft": 21.6, "median_ft": 0.0, "left_sw_ft": 15.0, "right_sw_ft": 15.0}, "geometry": {"type": "LineString", "coordinates": [[-73.88179314514205, 40.79413766388457], [-73.8822252910699, 40.79411276427007]]}}, {"type": "Feature", "properties": {"segment_id": 1125177, "physicalid": "78008", "street_name": "UNNAMED ST", "borough": "bronx", "direction": "TW", "total_row_ft": 51.8, "roadbed_ft": 21.8, "median_ft": 0.0, "left_sw_ft": 15.0, "right_sw_ft": 15.0}, "geometry": {"type": "LineString", "coordinates": [[-73.88178768478332, 40.794082926373044], [-73.8822198303579, 40.7940580267788]]}}, {"type": "Feature", "properties": {"segment_id": 1125178, "physicalid": "78008", "street_name": "UNNAMED ST", "borough": "bronx", "direction": "TW", "total_row_ft": 51.9, "roadbed_ft": 21.9, "median_ft": 0.0, "left_sw_ft": 15.0, "right_sw_ft": 15.0}, "geometry": {"type": "LineString", "coordinates": [[-73.88178222443358, 40.79402818886079], [-73.88221436965486, 40.7940032892868]]}}, {"type": "Feature", "properties": {"segment_id": 1125179, "physicalid": "78008", "street_name": "UNNAMED ST", "borough": "bronx", "direction": "TW", "total_row_ft": 52.0, "roadbed_ft": 22.0, "median_ft": 0.0, "left_sw_ft": 15.0, "right_sw_ft": 15.0}, "geometry": {"type": "LineString", "coordinates": [[-73.8817767640928, 40.793973451347796], [-73.88220890896082, 40.793948551794074]]}}, {"type": "Feature", "properties": {"segment_id": 1125180, "physicalid": "78008", "street_name": "UNNAMED ST", "borough": "bronx", "direction": "TW", "total_row_ft": 53.3, "roadbed_ft": 23.3, "median_ft": 0.0, "left_sw_ft": 15.0, "right_sw_ft": 15.0}, "geometry": {"type": "LineString", "coordinates": [[-73.881771303761, 40.793918713834096], [-73.88220344827576, 40.793893814300624]]}}, {"type": "Feature", "properties": {"segment_id": 1125181, "physicalid": "78008", "street_name": "UNNAMED ST", "borough": "bronx", "direction": "TW", "total_row_ft": 108.5, "roadbed_ft": 78.5, "median_ft": 0.0, "left_sw_ft": 15.0, "right_sw_ft": 15.0}, "geometry": {"type": "LineString", "coordinates": [[-73.88176584343819, 40.793863976319656], [-73.88219798759967, 40.79383907680646]]}}, {"type": "Feature", "properties": {"segment_id": 1125182, "physicalid": "78008", "street_name": "UNNAMED ST", "borough": "bronx", "direction": "TW", "total_row_ft": 110.5, "roadbed_ft": 80.5, "median_ft": 0.0, "left_sw_ft": 15.0, "right_sw_ft": 15.0}, "geometry": {"type": "LineString", "coordinates": [[-73.88176038312434, 40.79380923880449], [-73.88219252693254, 40.793784339311536]]}}, {"type": "Feature", "properties": {"segment_id": 1125183, "physicalid": "78008", "street_name": "UNNAMED ST", "borough": "bronx", "direction": "TW", "total_row_ft": 68.6, "roadbed_ft": 38.6, "median_ft": 0.0, "left_sw_ft": 15.0, "right_sw_ft": 15.0}, "geometry": {"type": "LineString", "coordinates": [[-73.8817549228195, 40.793754501288596], [-73.88218706627443, 40.79372960181591]]}}, {"type": "Feature", "properties": {"segment_id": 1125184, "physicalid": "78008", "street_name": "UNNAMED ST", "borough": "bronx", "direction": "TW", "total_row_ft": 63.3, "roadbed_ft": 33.3, "median_ft": 0.0, "left_sw_ft": 15.0, "right_sw_ft": 15.0}, "geometry": {"type": "LineString", "coordinates": [[-73.88174946252362, 40.793699763771976], [-73.88218160562526, 40.793674864319534]]}}, {"type": "Feature", "properties": {"segment_id": 1125185, "physicalid": "78008", "street_name": "UNNAMED ST", "borough": "bronx", "direction": "TW", "total_row_ft": 63.7, "roadbed_ft": 33.7, "median_ft": 0.0, "left_sw_ft": 15.0, "right_sw_ft": 15.0}, "geometry": {"type": "LineString", "coordinates": [[-73.88174400223672, 40.79364502625462], [-73.88217614498511, 40.79362012682246]]}}, {"type": "Feature", "properties": {"segment_id": 1125186, "physicalid": "78008", "street_name": "UNNAMED ST", "borough": "bronx", "direction": "TW", "total_row_ft": 62.3, "roadbed_ft": 32.3, "median_ft": 0.0, "left_sw_ft": 15.0, "right_sw_ft": 15.0}, "geometry": {"type": "LineString", "coordinates": [[-73.88173854195881, 40.79359028873657], [-73.8821706843539, 40.793565389324584]]}}, {"type": "Feature", "properties": {"segment_id": 1125187, "physicalid": "78008", "street_name": "UNNAMED ST", "borough": "bronx", "direction": "TW", "total_row_ft": 61.2, "roadbed_ft": 31.2, "median_ft": 0.0, "left_sw_ft": 15.0, "right_sw_ft": 15.0}, "geometry": {"type": "LineString", "coordinates": [[-73.88173308168987, 40.793535551217765], [-73.88216522373169, 40.793510651826054]]}}, {"type": "Feature", "properties": {"segment_id": 1125188, "physicalid": "78008", "street_name": "UNNAMED ST", "borough": "bronx", "direction": "TW", "total_row_ft": 63.9, "roadbed_ft": 33.9, "median_ft": 0.0, "left_sw_ft": 15.0, "right_sw_ft": 15.0}, "geometry": {"type": "LineString", "coordinates": [[-73.88176718842432, 40.793620100662444], [-73.88202610965095, 40.79335597717095]]}}, {"type": "Feature", "properties": {"segment_id": 1125189, "physicalid": "78008", "street_name": "UNNAMED ST", "borough": "bronx", "direction": "TW", "total_row_ft": 60.8, "roadbed_ft": 30.8, "median_ft": 0.0, "left_sw_ft": 15.0, "right_sw_ft": 15.0}, "geometry": {"type": "LineString", "coordinates": [[-73.88170926610326, 40.793587304166614], [-73.8819681874321, 40.79332318080387]]}}, {"type": "Feature", "properties": {"segment_id": 1125190, "physicalid": "78010", "street_name": "UNNAMED ST", "borough": "bronx", "direction": "TW", "total_row_ft": 54.0, "roadbed_ft": 24.0, "median_ft": 0.0, "left_sw_ft": 15.0, "right_sw_ft": 15.0}, "geometry": {"type": "LineString", "coordinates": [[-73.88153226103996, 40.79345083654761], [-73.88190614761005, 40.793284281251985]]}}, {"type": "Feature", "properties": {"segment_id": 1125191, "physicalid": "78010", "street_name": "UNNAMED ST", "borough": "bronx", "direction": "TW", "total_row_ft": 53.8, "roadbed_ft": 23.8, "median_ft": 0.0, "left_sw_ft": 15.0, "right_sw_ft": 15.0}, "geometry": {"type": "LineString", "coordinates": [[-73.8814957356331, 40.79340347782351], [-73.88186962202859, 40.79323692264511]]}}, {"type": "Feature", "properties": {"segment_id": 1125192, "physicalid": "78010", "street_name": "UNNAMED ST", "borough": "bronx", "direction": "TW", "total_row_ft": 53.8, "roadbed_ft": 23.8, "median_ft": 0.0, "left_sw_ft": 15.0, "right_sw_ft": 15.0}, "geometry": {"type": "LineString", "coordinates": [[-73.8814554034484, 40.79334834328239], [-73.88183974052889, 40.79319614708923]]}}, {"type": "Feature", "properties": {"segment_id": 1125193, "physicalid": "78010", "street_name": "UNNAMED ST", "borough": "bronx", "direction": "TW", "total_row_ft": 53.8, "roadbed_ft": 23.8, "median_ft": 0.0, "left_sw_ft": 15.0, "right_sw_ft": 15.0}, "geometry": {"type": "LineString", "coordinates": [[-73.88142202704965, 40.793299660769584], [-73.8818063639254, 40.793147464686584]]}}, {"type": "Feature", "properties": {"segment_id": 1125194, "physicalid": "78010", "street_name": "UNNAMED ST", "borough": "bronx", "direction": "TW", "total_row_ft": 57.2, "roadbed_ft": 27.2, "median_ft": 0.0, "left_sw_ft": 15.0, "right_sw_ft": 15.0}, "geometry": {"type": "LineString", "coordinates": [[-73.88138439028634, 40.793243428268724], [-73.88177822384154, 40.79310596893409]]}}, {"type": "Feature", "properties": {"segment_id": 1125195, "physicalid": "78010", "street_name": "UNNAMED ST", "borough": "bronx", "direction": "TW", "total_row_ft": 62.9, "roadbed_ft": 32.9, "median_ft": 0.0, "left_sw_ft": 15.0, "right_sw_ft": 15.0}, "geometry": {"type": "LineString", "coordinates": [[-73.8813542457279, 40.7931935428063], [-73.88174807905023, 40.79305608357359]]}}, {"type": "Feature", "properties": {"segment_id": 1125196, "physicalid": "78010", "street_name": "UNNAMED ST", "borough": "bronx", "direction": "TW", "total_row_ft": 66.8, "roadbed_ft": 36.8, "median_ft": 0.0, "left_sw_ft": 15.0, "right_sw_ft": 15.0}, "geometry": {"type": "LineString", "coordinates": [[-73.88132410121464, 40.79314365733557], [-73.88171793430409, 40.793006198204814]]}}, {"type": "Feature", "properties": {"segment_id": 1125197, "physicalid": "78010", "street_name": "UNNAMED ST", "borough": "bronx", "direction": "TW", "total_row_ft": 64.5, "roadbed_ft": 34.5, "median_ft": 0.0, "left_sw_ft": 15.0, "right_sw_ft": 15.0}, "geometry": {"type": "LineString", "coordinates": [[-73.88129251266427, 40.793085314063575], [-73.88169486483442, 40.79296293285557]]}}, {"type": "Feature", "properties": {"segment_id": 1125198, "physicalid": "78010", "street_name": "UNNAMED ST", "borough": "bronx", "direction": "TW", "total_row_ft": 54.2, "roadbed_ft": 24.2, "median_ft": 0.0, "left_sw_ft": 15.0, "right_sw_ft": 15.0}, "geometry": {"type": "LineString", "coordinates": [[-73.88126567479644, 40.79303434946937], [-73.88166802670786, 40.79291196835401]]}}, {"type": "Feature", "properties": {"segment_id": 1125199, "physicalid": "78010", "street_name": "UNNAMED ST", "borough": "bronx", "direction": "TW", "total_row_ft": 53.8, "roadbed_ft": 23.8, "median_ft": 0.0, "left_sw_ft": 15.0, "right_sw_ft": 15.0}, "geometry": {"type": "LineString", "coordinates": [[-73.8812369387013, 40.79297516821346], [-73.88164681098243, 40.79286816877707]]}}, {"type": "Feature", "properties": {"segment_id": 1125200, "physicalid": "78010", "street_name": "UNNAMED ST", "borough": "bronx", "direction": "TW", "total_row_ft": 53.8, "roadbed_ft": 23.8, "median_ft": 0.0, "left_sw_ft": 15.0, "right_sw_ft": 15.0}, "geometry": {"type": "LineString", "coordinates": [[-73.88121347407905, 40.79292325099805], [-73.88162334607829, 40.792816251644304]]}}, {"type": "Feature", "properties": {"segment_id": 1125201, "physicalid": "78010", "street_name": "UNNAMED ST", "borough": "bronx", "direction": "TW", "total_row_ft": 53.8, "roadbed_ft": 23.8, "median_ft": 0.0, "left_sw_ft": 15.0, "right_sw_ft": 15.0}, "geometry": {"type": "LineString", "coordinates": [[-73.8811876243577, 40.79286330217497], [-73.88160399935458, 40.7927719500764]]}}, {"type": "Feature", "properties": {"segment_id": 1125202, "physicalid": "78010", "street_name": "UNNAMED ST", "borough": "bronx", "direction": "TW", "total_row_ft": 53.7, "roadbed_ft": 23.7, "median_ft": 0.0, "left_sw_ft": 15.0, "right_sw_ft": 15.0}, "geometry": {"type": "LineString", "coordinates": [[-73.88116759120756, 40.792810561204824], [-73.8815839659021, 40.792719209177925]]}}, {"type": "Feature", "properties": {"segment_id": 1125203, "physicalid": "78010", "street_name": "UNNAMED ST", "borough": "bronx", "direction": "TW", "total_row_ft": 53.9, "roadbed_ft": 23.9, "median_ft": 0.0, "left_sw_ft": 15.0, "right_sw_ft": 15.0}, "geometry": {"type": "LineString", "coordinates": [[-73.88114755808917, 40.792757820230825], [-73.88156393248133, 40.792666468275485]]}}, {"type": "Feature", "properties": {"segment_id": 1125204, "physicalid": "78010", "street_name": "UNNAMED ST", "borough": "bronx", "direction": "TW", "total_row_ft": 54.1, "roadbed_ft": 24.1, "median_ft": 0.0, "left_sw_ft": 15.0, "right_sw_ft": 15.0}, "geometry": {"type": "LineString", "coordinates": [[-73.88114102936055, 40.79275394735815], [-73.88150357058389, 40.79257348996529]]}}, {"type": "Feature", "properties": {"segment_id": 1125205, "physicalid": "78010", "street_name": "UNNAMED ST", "borough": "bronx", "direction": "TW", "total_row_ft": 54.7, "roadbed_ft": 24.7, "median_ft": 0.0, "left_sw_ft": 15.0, "right_sw_ft": 15.0}, "geometry": {"type": "LineString", "coordinates": [[-73.88113529058937, 40.792751499430736], [-73.88141013607009, 40.79249684146463]]}}, {"type": "Feature", "properties": {"segment_id": 1125206, "physicalid": "78010", "street_name": "UNNAMED ST", "borough": "bronx", "direction": "TW", "total_row_ft": 53.8, "roadbed_ft": 23.8, "median_ft": 0.0, "left_sw_ft": 15.0, "right_sw_ft": 15.0}, "geometry": {"type": "LineString", "coordinates": [[-73.88112979848295, 40.792749253927155], [-73.88129174532318, 40.79244374732973]]}}, {"type": "Feature", "properties": {"segment_id": 1125207, "physicalid": "78010", "street_name": "UNNAMED ST", "borough": "bronx", "direction": "TW", "total_row_ft": 53.3, "roadbed_ft": 23.3, "median_ft": 0.0, "left_sw_ft": 15.0, "right_sw_ft": 15.0}, "geometry": {"type": "LineString", "coordinates": [[-73.88110506986952, 40.792744423238375], [-73.88117757336755, 40.79241969767452]]}}, {"type": "Feature", "properties": {"segment_id": 1125208, "physicalid": "78010", "street_name": "UNNAMED ST", "borough": "bronx", "direction": "TW", "total_row_ft": 53.3, "roadbed_ft": 23.3, "median_ft": 0.0, "left_sw_ft": 15.0, "right_sw_ft": 15.0}, "geometry": {"type": "LineString", "coordinates": [[-73.88103385835305, 40.79273523936762], [-73.88110636218843, 40.792410513848104]]}}, {"type": "Feature", "properties": {"segment_id": 1125209, "physicalid": "78010", "street_name": "UNNAMED ST", "borough": "bronx", "direction": "TW", "total_row_ft": 53.4, "roadbed_ft": 23.4, "median_ft": 0.0, "left_sw_ft": 15.0, "right_sw_ft": 15.0}, "geometry": {"type": "LineString", "coordinates": [[-73.88098316319741, 40.792732644939896], [-73.881013171201, 40.792404067848345]]}}, {"type": "Feature", "properties": {"segment_id": 1125210, "physicalid": "78010", "street_name": "UNNAMED ST", "borough": "bronx", "direction": "TW", "total_row_ft": 53.4, "roadbed_ft": 23.4, "median_ft": 0.0, "left_sw_ft": 15.0, "right_sw_ft": 15.0}, "geometry": {"type": "LineString", "coordinates": [[-73.88093241958171, 40.79273229594689], [-73.88091963912021, 40.792403071582584]]}}, {"type": "Feature", "properties": {"segment_id": 1125211, "physicalid": "78010", "street_name": "UNNAMED ST", "borough": "bronx", "direction": "TW", "total_row_ft": 53.3, "roadbed_ft": 23.3, "median_ft": 0.0, "left_sw_ft": 15.0, "right_sw_ft": 15.0}, "geometry": {"type": "LineString", "coordinates": [[-73.88088171553987, 40.792734189637905], [-73.88082627124618, 40.79240752861227]]}}, {"type": "Feature", "properties": {"segment_id": 1125212, "physicalid": "78010", "street_name": "UNNAMED ST", "borough": "bronx", "direction": "TW", "total_row_ft": 53.4, "roadbed_ft": 23.4, "median_ft": 0.0, "left_sw_ft": 15.0, "right_sw_ft": 15.0}, "geometry": {"type": "LineString", "coordinates": [[-73.8808044465865, 40.79274170799817], [-73.88076026858411, 40.792414056176746]]}}, {"type": "Feature", "properties": {"segment_id": 1125213, "physicalid": "78010", "street_name": "UNNAMED ST", "borough": "bronx", "direction": "TW", "total_row_ft": 53.3, "roadbed_ft": 23.3, "median_ft": 0.0, "left_sw_ft": 15.0, "right_sw_ft": 15.0}, "geometry": {"type": "LineString", "coordinates": [[-73.88073230935538, 40.79274725727057], [-73.88068868152061, 40.79241956287171]]}}, {"type": "Feature", "properties": {"segment_id": 1125214, "physicalid": "78010", "street_name": "UNNAMED ST", "borough": "bronx", "direction": "TW", "total_row_ft": 53.3, "roadbed_ft": 23.3, "median_ft": 0.0, "left_sw_ft": 15.0, "right_sw_ft": 15.0}, "geometry": {"type": "LineString", "coordinates": [[-73.88066044675853, 40.792752783484104], [-73.88061681927384, 40.792425089058305]]}}, {"type": "Feature", "properties": {"segment_id": 1125215, "physicalid": "78010", "street_name": "UNNAMED ST", "borough": "bronx", "direction": "TW", "total_row_ft": 66.8, "roadbed_ft": 36.8, "median_ft": 0.0, "left_sw_ft": 15.0, "right_sw_ft": 15.0}, "geometry": {"type": "LineString", "coordinates": [[-73.88058858414972, 40.792758309652804], [-73.88054495701512, 40.79243061520008]]}}, {"type": "Feature", "properties": {"segment_id": 1125216, "physicalid": "78010", "street_name": "UNNAMED ST", "borough": "bronx", "direction": "TW", "total_row_ft": 66.1, "roadbed_ft": 36.1, "median_ft": 0.0, "left_sw_ft": 15.0, "right_sw_ft": 15.0}, "geometry": {"type": "LineString", "coordinates": [[-73.88051672152899, 40.792763835776675], [-73.8804730947445, 40.792436141297074]]}}, {"type": "Feature", "properties": {"segment_id": 1125217, "physicalid": "78010", "street_name": "UNNAMED ST", "borough": "bronx", "direction": "TW", "total_row_ft": 65.9, "roadbed_ft": 35.9, "median_ft": 0.0, "left_sw_ft": 15.0, "right_sw_ft": 15.0}, "geometry": {"type": "LineString", "coordinates": [[-73.88044485889634, 40.79276936185578], [-73.88040123246192, 40.792441667349266]]}}, {"type": "Feature", "properties": {"segment_id": 1125218, "physicalid": "78010", "street_name": "UNNAMED ST", "borough": "bronx", "direction": "TW", "total_row_ft": 65.8, "roadbed_ft": 35.8, "median_ft": 0.0, "left_sw_ft": 15.0, "right_sw_ft": 15.0}, "geometry": {"type": "LineString", "coordinates": [[-73.88037299625174, 40.792774887890076], [-73.88032937016744, 40.79244719335662]]}}, {"type": "Feature", "properties": {"segment_id": 1125219, "physicalid": "78010", "street_name": "UNNAMED ST", "borough": "bronx", "direction": "TW", "total_row_ft": 65.9, "roadbed_ft": 35.9, "median_ft": 0.0, "left_sw_ft": 15.0, "right_sw_ft": 15.0}, "geometry": {"type": "LineString", "coordinates": [[-73.88033941373426, 40.79278238977172], [-73.88022281156455, 40.792465167668155]]}}, {"type": "Feature", "properties": {"segment_id": 1125220, "physicalid": "78010", "street_name": "UNNAMED ST", "borough": "bronx", "direction": "TW", "total_row_ft": 57.6, "roadbed_ft": 27.6, "median_ft": 0.0, "left_sw_ft": 15.0, "right_sw_ft": 15.0}, "geometry": {"type": "LineString", "coordinates": [[-73.88026984765105, 40.79279715946499], [-73.88015324578693, 40.792479937291766]]}}, {"type": "Feature", "properties": {"segment_id": 1125221, "physicalid": "78010", "street_name": "UNNAMED ST", "borough": "bronx", "direction": "TW", "total_row_ft": 53.3, "roadbed_ft": 23.3, "median_ft": 0.0, "left_sw_ft": 15.0, "right_sw_ft": 15.0}, "geometry": {"type": "LineString", "coordinates": [[-73.88018628662908, 40.79281169233161], [-73.88009593299017, 40.79248956256805]]}}, {"type": "Feature", "properties": {"segment_id": 1125222, "physicalid": "78010", "street_name": "UNNAMED ST", "borough": "bronx", "direction": "TW", "total_row_ft": 53.3, "roadbed_ft": 23.3, "median_ft": 0.0, "left_sw_ft": 15.0, "right_sw_ft": 15.0}, "geometry": {"type": "LineString", "coordinates": [[-73.88011564427397, 40.7928231371822], [-73.88002529096138, 40.792501007363825]]}}, {"type": "Feature", "properties": {"segment_id": 1138091, "physicalid": "79084", "street_name": "HAZEN ST", "borough": "bronx", "direction": "FT", "total_row_ft": 150.0, "roadbed_ft": 120.0, "median_ft": 0.0, "left_sw_ft": 15.0, "right_sw_ft": 15.0}, "geometry": {"type": "LineString", "coordinates": [[-73.88427309243177, 40.79109918710789], [-73.88470642329067, 40.79110340763899]]}}, {"type": "Feature", "properties": {"segment_id": 1138092, "physicalid": "79084", "street_name": "HAZEN ST", "borough": "bronx", "direction": "FT", "total_row_ft": 101.7, "roadbed_ft": 32.7, "median_ft": 38.9, "left_sw_ft": 15.0, "right_sw_ft": 15.0}, "geometry": {"type": "LineString", "coordinates": [[-73.88427401813881, 40.7910442970007], [-73.8847073486405, 40.791048517528274]]}}, {"type": "Feature", "properties": {"segment_id": 1138093, "physicalid": "79084", "street_name": "HAZEN ST", "borough": "bronx", "direction": "FT", "total_row_ft": 100.9, "roadbed_ft": 31.5, "median_ft": 39.4, "left_sw_ft": 15.0, "right_sw_ft": 15.0}, "geometry": {"type": "LineString", "coordinates": [[-73.88427494384433, 40.79098940689294], [-73.8847082739888, 40.790993627417166]]}}, {"type": "Feature", "properties": {"segment_id": 1138094, "physicalid": "79084", "street_name": "HAZEN ST", "borough": "bronx", "direction": "FT", "total_row_ft": 101.3, "roadbed_ft": 31.8, "median_ft": 39.4, "left_sw_ft": 15.0, "right_sw_ft": 15.0}, "geometry": {"type": "LineString", "coordinates": [[-73.88427586954832, 40.7909345167848], [-73.88470919933559, 40.79093873730549]]}}, {"type": "Feature", "properties": {"segment_id": 1138095, "physicalid": "79084", "street_name": "HAZEN ST", "borough": "bronx", "direction": "FT", "total_row_ft": 101.7, "roadbed_ft": 32.2, "median_ft": 39.5, "left_sw_ft": 15.0, "right_sw_ft": 15.0}, "geometry": {"type": "LineString", "coordinates": [[-73.88427679525078, 40.790879626676116], [-73.88471012468085, 40.79088384719342]]}}, {"type": "Feature", "properties": {"segment_id": 1138096, "physicalid": "79084", "street_name": "HAZEN ST", "borough": "bronx", "direction": "FT", "total_row_ft": 101.9, "roadbed_ft": 32.4, "median_ft": 39.5, "left_sw_ft": 15.0, "right_sw_ft": 15.0}, "geometry": {"type": "LineString", "coordinates": [[-73.88427772095174, 40.790824736566975], [-73.88471105002458, 40.79082895708084]]}}, {"type": "Feature", "properties": {"segment_id": 1138097, "physicalid": "79084", "street_name": "HAZEN ST", "borough": "bronx", "direction": "FT", "total_row_ft": 101.9, "roadbed_ft": 32.4, "median_ft": 39.5, "left_sw_ft": 15.0, "right_sw_ft": 15.0}, "geometry": {"type": "LineString", "coordinates": [[-73.88427864665114, 40.79076984645739], [-73.88471197536678, 40.790774066967735]]}}, {"type": "Feature", "properties": {"segment_id": 1138098, "physicalid": "79084", "street_name": "HAZEN ST", "borough": "bronx", "direction": "FT", "total_row_ft": 101.9, "roadbed_ft": 32.5, "median_ft": 39.4, "left_sw_ft": 15.0, "right_sw_ft": 15.0}, "geometry": {"type": "LineString", "coordinates": [[-73.88427957234903, 40.790714956347244], [-73.88471290070747, 40.79071917685424]]}}, {"type": "Feature", "properties": {"segment_id": 1138099, "physicalid": "79084", "street_name": "HAZEN ST", "borough": "bronx", "direction": "FT", "total_row_ft": 101.9, "roadbed_ft": 32.6, "median_ft": 39.3, "left_sw_ft": 15.0, "right_sw_ft": 15.0}, "geometry": {"type": "LineString", "coordinates": [[-73.8842804980454, 40.7906600662367], [-73.88471382604662, 40.79066428674024]]}}, {"type": "Feature", "properties": {"segment_id": 1138100, "physicalid": "79084", "street_name": "HAZEN ST", "borough": "bronx", "direction": "FT", "total_row_ft": 101.9, "roadbed_ft": 32.7, "median_ft": 39.2, "left_sw_ft": 15.0, "right_sw_ft": 15.0}, "geometry": {"type": "LineString", "coordinates": [[-73.88428142374023, 40.790605176125695], [-73.88471475138425, 40.79060939662571]]}}, {"type": "Feature", "properties": {"segment_id": 1138101, "physicalid": "79084", "street_name": "HAZEN ST", "borough": "bronx", "direction": "FT", "total_row_ft": 101.9, "roadbed_ft": 32.5, "median_ft": 39.3, "left_sw_ft": 15.0, "right_sw_ft": 15.0}, "geometry": {"type": "LineString", "coordinates": [[-73.88428234943355, 40.79055028601413], [-73.88471567672035, 40.79055450651078]]}}, {"type": "Feature", "properties": {"segment_id": 1138102, "physicalid": "79084", "street_name": "HAZEN ST", "borough": "bronx", "direction": "FT", "total_row_ft": 101.8, "roadbed_ft": 32.4, "median_ft": 39.4, "left_sw_ft": 15.0, "right_sw_ft": 15.0}, "geometry": {"type": "LineString", "coordinates": [[-73.88428327512531, 40.790495395902155], [-73.88471660205492, 40.79049961639529]]}}, {"type": "Feature", "properties": {"segment_id": 1138103, "physicalid": "79084", "street_name": "HAZEN ST", "borough": "bronx", "direction": "FT", "total_row_ft": 101.8, "roadbed_ft": 32.3, "median_ft": 39.6, "left_sw_ft": 15.0, "right_sw_ft": 15.0}, "geometry": {"type": "LineString", "coordinates": [[-73.88428420081559, 40.79044050578967], [-73.88471752738798, 40.79044472627936]]}}, {"type": "Feature", "properties": {"segment_id": 1138104, "physicalid": "79084", "street_name": "HAZEN ST", "borough": "bronx", "direction": "FT", "total_row_ft": 101.9, "roadbed_ft": 32.3, "median_ft": 39.6, "left_sw_ft": 15.0, "right_sw_ft": 15.0}, "geometry": {"type": "LineString", "coordinates": [[-73.88428512650431, 40.79038561567668], [-73.8847184527195, 40.790389836163]]}}, {"type": "Feature", "properties": {"segment_id": 1138105, "physicalid": "79084", "street_name": "HAZEN ST", "borough": "bronx", "direction": "FT", "total_row_ft": 101.9, "roadbed_ft": 32.5, "median_ft": 39.4, "left_sw_ft": 15.0, "right_sw_ft": 15.0}, "geometry": {"type": "LineString", "coordinates": [[-73.88428605219151, 40.79033072556328], [-73.8847193780495, 40.7903349460461]]}}, {"type": "Feature", "properties": {"segment_id": 1138106, "physicalid": "79084", "street_name": "HAZEN ST", "borough": "bronx", "direction": "FT", "total_row_ft": 101.9, "roadbed_ft": 32.6, "median_ft": 39.3, "left_sw_ft": 15.0, "right_sw_ft": 15.0}, "geometry": {"type": "LineString", "coordinates": [[-73.88428697787718, 40.79027583544936], [-73.88472030337797, 40.7902800559288]]}}, {"type": "Feature", "properties": {"segment_id": 1138107, "physicalid": "79084", "street_name": "HAZEN ST", "borough": "bronx", "direction": "FT", "total_row_ft": 101.9, "roadbed_ft": 32.7, "median_ft": 39.2, "left_sw_ft": 15.0, "right_sw_ft": 15.0}, "geometry": {"type": "LineString", "coordinates": [[-73.88428790356134, 40.79022094533496], [-73.88472122870492, 40.79022516581095]]}}, {"type": "Feature", "properties": {"segment_id": 1138108, "physicalid": "79084", "street_name": "HAZEN ST", "borough": "bronx", "direction": "FT", "total_row_ft": 112.4, "roadbed_ft": 66.3, "median_ft": 16.1, "left_sw_ft": 15.0, "right_sw_ft": 15.0}, "geometry": {"type": "LineString", "coordinates": [[-73.88428882924396, 40.79016605522013], [-73.88472215403034, 40.79017027569262]]}}, {"type": "Feature", "properties": {"segment_id": 1138109, "physicalid": "79085", "street_name": "HAZEN ST", "borough": "bronx", "direction": "FT", "total_row_ft": 124.0, "roadbed_ft": 94.0, "median_ft": 0.0, "left_sw_ft": 15.0, "right_sw_ft": 15.0}, "geometry": {"type": "LineString", "coordinates": [[-73.88429016684056, 40.79006932787056], [-73.88472351491649, 40.79007174339196]]}}, {"type": "Feature", "properties": {"segment_id": 1138110, "physicalid": "79085", "street_name": "HAZEN ST", "borough": "bronx", "direction": "FT", "total_row_ft": 117.7, "roadbed_ft": 49.9, "median_ft": 37.8, "left_sw_ft": 15.0, "right_sw_ft": 15.0}, "geometry": {"type": "LineString", "coordinates": [[-73.88429069671527, 40.79001443472301], [-73.88472404443391, 40.79001685024245]]}}, {"type": "Feature", "properties": {"segment_id": 1138154, "physicalid": "79089", "street_name": "HAZEN ST", "borough": "bronx", "direction": "TF", "total_row_ft": 132.9, "roadbed_ft": 68.0, "median_ft": 34.8, "left_sw_ft": 15.0, "right_sw_ft": 15.0}, "geometry": {"type": "LineString", "coordinates": [[-73.88406333847811, 40.79002002777733], [-73.88449667743976, 40.7900232275217]]}}, {"type": "Feature", "properties": {"segment_id": 1138178, "physicalid": "79090", "street_name": "HAZEN ST", "borough": "bronx", "direction": "TF", "total_row_ft": 150.0, "roadbed_ft": 120.0, "median_ft": 0.0, "left_sw_ft": 15.0, "right_sw_ft": 15.0}, "geometry": {"type": "LineString", "coordinates": [[-73.88403626080189, 40.79109728222962], [-73.88446954514451, 40.791103692814616]]}}, {"type": "Feature", "properties": {"segment_id": 1138179, "physicalid": "79090", "street_name": "HAZEN ST", "borough": "bronx", "direction": "TF", "total_row_ft": 96.1, "roadbed_ft": 33.9, "median_ft": 38.7, "left_sw_ft": 15.0, "right_sw_ft": 8.5}, "geometry": {"type": "LineString", "coordinates": [[-73.88417824852101, 40.791044478146944], [-73.88447095075558, 40.79104880859458]]}}, {"type": "Feature", "properties": {"segment_id": 1138180, "physicalid": "79090", "street_name": "HAZEN ST", "borough": "bronx", "direction": "TF", "total_row_ft": 96.4, "roadbed_ft": 32.4, "median_ft": 39.4, "left_sw_ft": 15.0, "right_sw_ft": 9.7}, "geometry": {"type": "LineString", "coordinates": [[-73.88417830771598, 40.79098957400486], [-73.88447235636434, 40.790993924374085]]}}, {"type": "Feature", "properties": {"segment_id": 1138181, "physicalid": "79090", "street_name": "HAZEN ST", "borough": "bronx", "direction": "TF", "total_row_ft": 96.8, "roadbed_ft": 32.3, "median_ft": 39.4, "left_sw_ft": 15.0, "right_sw_ft": 10.0}, "geometry": {"type": "LineString", "coordinates": [[-73.88417846904863, 40.79093467137356], [-73.8844737619708, 40.7909390401531]]}}, {"type": "Feature", "properties": {"segment_id": 1138182, "physicalid": "79090", "street_name": "HAZEN ST", "borough": "bronx", "direction": "TF", "total_row_ft": 97.1, "roadbed_ft": 32.3, "median_ft": 39.5, "left_sw_ft": 15.0, "right_sw_ft": 10.4}, "geometry": {"type": "LineString", "coordinates": [[-73.884178630381, 40.79087976874178], [-73.8844751675749, 40.79088415593162]]}}, {"type": "Feature", "properties": {"segment_id": 1138183, "physicalid": "79090", "street_name": "HAZEN ST", "borough": "bronx", "direction": "TF", "total_row_ft": 97.5, "roadbed_ft": 32.2, "median_ft": 39.5, "left_sw_ft": 15.0, "right_sw_ft": 10.8}, "geometry": {"type": "LineString", "coordinates": [[-73.8841787917131, 40.7908248661095], [-73.88447657317671, 40.7908292717097]]}}, {"type": "Feature", "properties": {"segment_id": 1138184, "physicalid": "79090", "street_name": "HAZEN ST", "borough": "bronx", "direction": "TF", "total_row_ft": 97.8, "roadbed_ft": 32.2, "median_ft": 39.5, "left_sw_ft": 15.0, "right_sw_ft": 11.1}, "geometry": {"type": "LineString", "coordinates": [[-73.88417895608394, 40.790769963521754], [-73.8844779787762, 40.790774387487254]]}}, {"type": "Feature", "properties": {"segment_id": 1138185, "physicalid": "79090", "street_name": "HAZEN ST", "borough": "bronx", "direction": "TF", "total_row_ft": 98.2, "roadbed_ft": 32.3, "median_ft": 39.4, "left_sw_ft": 15.0, "right_sw_ft": 11.5}, "geometry": {"type": "LineString", "coordinates": [[-73.88417912353407, 40.79071506097908], [-73.88447938437338, 40.79071950326431]]}}, {"type": "Feature", "properties": {"segment_id": 1138186, "physicalid": "79090", "street_name": "HAZEN ST", "borough": "bronx", "direction": "TF", "total_row_ft": 98.5, "roadbed_ft": 32.4, "median_ft": 39.3, "left_sw_ft": 15.0, "right_sw_ft": 11.8}, "geometry": {"type": "LineString", "coordinates": [[-73.88417929112056, 40.79066015843797], [-73.88448078996822, 40.790664619040875]]}}, {"type": "Feature", "properties": {"segment_id": 1138187, "physicalid": "79090", "street_name": "HAZEN ST", "borough": "bronx", "direction": "TF", "total_row_ft": 98.8, "roadbed_ft": 32.5, "median_ft": 39.2, "left_sw_ft": 15.0, "right_sw_ft": 12.1}, "geometry": {"type": "LineString", "coordinates": [[-73.88417945904195, 40.79060525590135], [-73.88448219556076, 40.790609734816975]]}}, {"type": "Feature", "properties": {"segment_id": 1138188, "physicalid": "79090", "street_name": "HAZEN ST", "borough": "bronx", "direction": "TF", "total_row_ft": 99.2, "roadbed_ft": 32.6, "median_ft": 39.3, "left_sw_ft": 15.0, "right_sw_ft": 12.3}, "geometry": {"type": "LineString", "coordinates": [[-73.88417962696306, 40.79055035336427], [-73.88448360115098, 40.790554850592564]]}}, {"type": "Feature", "properties": {"segment_id": 1138189, "physicalid": "79090", "street_name": "HAZEN ST", "borough": "bronx", "direction": "TF", "total_row_ft": 99.4, "roadbed_ft": 32.7, "median_ft": 39.4, "left_sw_ft": 15.0, "right_sw_ft": 12.3}, "geometry": {"type": "LineString", "coordinates": [[-73.88418036211917, 40.79049545921957], [-73.88448500673888, 40.79049996636769]]}}, {"type": "Feature", "properties": {"segment_id": 1138190, "physicalid": "79090", "street_name": "HAZEN ST", "borough": "bronx", "direction": "TF", "total_row_ft": 99.6, "roadbed_ft": 32.7, "median_ft": 39.6, "left_sw_ft": 15.0, "right_sw_ft": 12.3}, "geometry": {"type": "LineString", "coordinates": [[-73.88418109792921, 40.79044056508411], [-73.88448641232448, 40.79044508214231]]}}, {"type": "Feature", "properties": {"segment_id": 1138191, "physicalid": "79090", "street_name": "HAZEN ST", "borough": "bronx", "direction": "TF", "total_row_ft": 99.7, "roadbed_ft": 32.9, "median_ft": 39.6, "left_sw_ft": 15.0, "right_sw_ft": 12.3}, "geometry": {"type": "LineString", "coordinates": [[-73.88418183373807, 40.790385670948154], [-73.88448781790773, 40.79039019791646]]}}, {"type": "Feature", "properties": {"segment_id": 1138192, "physicalid": "79090", "street_name": "HAZEN ST", "borough": "bronx", "direction": "TF", "total_row_ft": 99.9, "roadbed_ft": 33.2, "median_ft": 39.4, "left_sw_ft": 15.0, "right_sw_ft": 12.3}, "geometry": {"type": "LineString", "coordinates": [[-73.88418256954569, 40.790330776811714], [-73.88448922348869, 40.790335313690115]]}}, {"type": "Feature", "properties": {"segment_id": 1138193, "physicalid": "79090", "street_name": "HAZEN ST", "borough": "bronx", "direction": "TF", "total_row_ft": 100.1, "roadbed_ft": 33.6, "median_ft": 39.3, "left_sw_ft": 15.0, "right_sw_ft": 12.3}, "geometry": {"type": "LineString", "coordinates": [[-73.8841833996479, 40.790275884070034], [-73.88449062906732, 40.79028042946327]]}}, {"type": "Feature", "properties": {"segment_id": 1138194, "physicalid": "79090", "street_name": "HAZEN ST", "borough": "bronx", "direction": "TF", "total_row_ft": 100.2, "roadbed_ft": 34.1, "median_ft": 39.1, "left_sw_ft": 15.0, "right_sw_ft": 12.0}, "geometry": {"type": "LineString", "coordinates": [[-73.8841844955449, 40.79022099526063], [-73.88449203464363, 40.79022554523597]]}}, {"type": "Feature", "properties": {"segment_id": 1138195, "physicalid": "79090", "street_name": "HAZEN ST", "borough": "bronx", "direction": "TF", "total_row_ft": 116.9, "roadbed_ft": 67.8, "median_ft": 19.2, "left_sw_ft": 15.0, "right_sw_ft": 15.0}, "geometry": {"type": "LineString", "coordinates": [[-73.88406016194493, 40.790164250512], [-73.88449344021762, 40.79017066100817]]}}, {"type": "Feature", "properties": {"segment_id": 1138196, "physicalid": "79090", "street_name": "HAZEN ST", "borough": "bronx", "direction": "TF", "total_row_ft": 150.0, "roadbed_ft": 120.0, "median_ft": 0.0, "left_sw_ft": 15.0, "right_sw_ft": 15.0}, "geometry": {"type": "LineString", "coordinates": [[-73.88406156787367, 40.79010936628895], [-73.8844948457893, 40.79011577677988]]}}, {"type": "Feature", "properties": {"segment_id": 1138197, "physicalid": "79091", "street_name": "HAZEN ST", "borough": "bronx", "direction": "TF", "total_row_ft": 150.0, "roadbed_ft": 120.0, "median_ft": 0.0, "left_sw_ft": 15.0, "right_sw_ft": 15.0}, "geometry": {"type": "LineString", "coordinates": [[-73.88386345596876, 40.79274791340938], [-73.88429542165161, 40.79277447529379]]}}, {"type": "Feature", "properties": {"segment_id": 1138198, "physicalid": "79091", "street_name": "HAZEN ST", "borough": "bronx", "direction": "TF", "total_row_ft": 56.5, "roadbed_ft": 26.5, "median_ft": 7.5, "left_sw_ft": 7.5, "right_sw_ft": 15.0}, "geometry": {"type": "LineString", "coordinates": [[-73.88386928109901, 40.79269319761659], [-73.88415080406774, 40.79271050885522]]}}, {"type": "Feature", "properties": {"segment_id": 1138199, "physicalid": "79091", "street_name": "HAZEN ST", "borough": "bronx", "direction": "TF", "total_row_ft": 58.6, "roadbed_ft": 24.6, "median_ft": 9.5, "left_sw_ft": 9.5, "right_sw_ft": 15.0}, "geometry": {"type": "LineString", "coordinates": [[-73.8838751062197, 40.79263848182309], [-73.88415775051726, 40.792655862012445]]}}, {"type": "Feature", "properties": {"segment_id": 1138200, "physicalid": "79091", "street_name": "HAZEN ST", "borough": "bronx", "direction": "TF", "total_row_ft": 58.6, "roadbed_ft": 24.7, "median_ft": 9.4, "left_sw_ft": 9.4, "right_sw_ft": 15.0}, "geometry": {"type": "LineString", "coordinates": [[-73.88388093133081, 40.79258376602884], [-73.8841646969554, 40.79260121516876]]}}, {"type": "Feature", "properties": {"segment_id": 1138201, "physicalid": "79091", "street_name": "HAZEN ST", "borough": "bronx", "direction": "TF", "total_row_ft": 58.6, "roadbed_ft": 24.8, "median_ft": 9.4, "left_sw_ft": 9.4, "right_sw_ft": 15.0}, "geometry": {"type": "LineString", "coordinates": [[-73.88388675643235, 40.792529050233796], [-73.88417171040224, 40.79254657244532]]}}, {"type": "Feature", "properties": {"segment_id": 1138202, "physicalid": "79091", "street_name": "HAZEN ST", "borough": "bronx", "direction": "TF", "total_row_ft": 58.8, "roadbed_ft": 25.0, "median_ft": 9.4, "left_sw_ft": 9.4, "right_sw_ft": 15.0}, "geometry": {"type": "LineString", "coordinates": [[-73.88389258152431, 40.792474334438], [-73.8841789517547, 40.792491943735605]]}}, {"type": "Feature", "properties": {"segment_id": 1138203, "physicalid": "79091", "street_name": "HAZEN ST", "borough": "bronx", "direction": "TF", "total_row_ft": 58.8, "roadbed_ft": 24.9, "median_ft": 9.4, "left_sw_ft": 9.4, "right_sw_ft": 15.0}, "geometry": {"type": "LineString", "coordinates": [[-73.88389840660668, 40.79241961864148], [-73.88418619309529, 40.792437315024955]]}}, {"type": "Feature", "properties": {"segment_id": 1138204, "physicalid": "79091", "street_name": "HAZEN ST", "borough": "bronx", "direction": "TF", "total_row_ft": 58.9, "roadbed_ft": 24.9, "median_ft": 9.5, "left_sw_ft": 9.5, "right_sw_ft": 15.0}, "geometry": {"type": "LineString", "coordinates": [[-73.8839042316795, 40.79236490284413], [-73.88419343442399, 40.79238268631342]]}}, {"type": "Feature", "properties": {"segment_id": 1138205, "physicalid": "79091", "street_name": "HAZEN ST", "borough": "bronx", "direction": "TF", "total_row_ft": 58.9, "roadbed_ft": 24.9, "median_ft": 9.5, "left_sw_ft": 9.5, "right_sw_ft": 15.0}, "geometry": {"type": "LineString", "coordinates": [[-73.88391005674272, 40.792310187046056], [-73.8842006757408, 40.792328057600955]]}}, {"type": "Feature", "properties": {"segment_id": 1138206, "physicalid": "79091", "street_name": "HAZEN ST", "borough": "bronx", "direction": "TF", "total_row_ft": 58.9, "roadbed_ft": 24.9, "median_ft": 9.5, "left_sw_ft": 9.5, "right_sw_ft": 15.0}, "geometry": {"type": "LineString", "coordinates": [[-73.88391588179637, 40.79225547124725], [-73.88420791704573, 40.79227342888753]]}}, {"type": "Feature", "properties": {"segment_id": 1138207, "physicalid": "79091", "street_name": "HAZEN ST", "borough": "bronx", "direction": "TF", "total_row_ft": 100.3, "roadbed_ft": 33.4, "median_ft": 39.4, "left_sw_ft": 15.0, "right_sw_ft": 12.4}, "geometry": {"type": "LineString", "coordinates": [[-73.88404667338794, 40.792208439900506], [-73.88435366899634, 40.79222731711608]]}}, {"type": "Feature", "properties": {"segment_id": 1138208, "physicalid": "79091", "street_name": "HAZEN ST", "borough": "bronx", "direction": "TF", "total_row_ft": 99.8, "roadbed_ft": 33.1, "median_ft": 39.4, "left_sw_ft": 15.0, "right_sw_ft": 12.4}, "geometry": {"type": "LineString", "coordinates": [[-73.88405419836782, 40.7921538286324], [-73.88435949367816, 40.792172601294126]]}}, {"type": "Feature", "properties": {"segment_id": 1138209, "physicalid": "79091", "street_name": "HAZEN ST", "borough": "bronx", "direction": "TF", "total_row_ft": 99.3, "roadbed_ft": 32.7, "median_ft": 39.4, "left_sw_ft": 15.0, "right_sw_ft": 12.3}, "geometry": {"type": "LineString", "coordinates": [[-73.88406172333536, 40.79209921736335], [-73.8843653183504, 40.79211788547134]]}}, {"type": "Feature", "properties": {"segment_id": 1138210, "physicalid": "79091", "street_name": "HAZEN ST", "borough": "bronx", "direction": "TF", "total_row_ft": 98.9, "roadbed_ft": 32.3, "median_ft": 39.4, "left_sw_ft": 15.0, "right_sw_ft": 12.2}, "geometry": {"type": "LineString", "coordinates": [[-73.88406924829056, 40.7920446060933], [-73.88437114301306, 40.79206316964792]]}}, {"type": "Feature", "properties": {"segment_id": 1138211, "physicalid": "79091", "street_name": "HAZEN ST", "borough": "bronx", "direction": "TF", "total_row_ft": 98.4, "roadbed_ft": 31.8, "median_ft": 39.4, "left_sw_ft": 15.0, "right_sw_ft": 12.2}, "geometry": {"type": "LineString", "coordinates": [[-73.8840767732334, 40.79198999482232], [-73.88437696766616, 40.792008453823634]]}}, {"type": "Feature", "properties": {"segment_id": 1138212, "physicalid": "79091", "street_name": "HAZEN ST", "borough": "bronx", "direction": "TF", "total_row_ft": 97.9, "roadbed_ft": 31.4, "median_ft": 39.3, "left_sw_ft": 15.0, "right_sw_ft": 12.1}, "geometry": {"type": "LineString", "coordinates": [[-73.8840842981639, 40.7919353835504], [-73.88438279230968, 40.79195373799859]]}}, {"type": "Feature", "properties": {"segment_id": 1138213, "physicalid": "79091", "street_name": "HAZEN ST", "borough": "bronx", "direction": "TF", "total_row_ft": 97.7, "roadbed_ft": 31.1, "median_ft": 39.3, "left_sw_ft": 15.0, "right_sw_ft": 12.3}, "geometry": {"type": "LineString", "coordinates": [[-73.88409077536615, 40.79188070785191], [-73.88438861694361, 40.79189902217284]]}}, {"type": "Feature", "properties": {"segment_id": 1138214, "physicalid": "79091", "street_name": "HAZEN ST", "borough": "bronx", "direction": "TF", "total_row_ft": 97.6, "roadbed_ft": 30.8, "median_ft": 39.3, "left_sw_ft": 15.0, "right_sw_ft": 12.5}, "geometry": {"type": "LineString", "coordinates": [[-73.88409712622396, 40.79182602438418], [-73.88439444156798, 40.791844306346306]]}}, {"type": "Feature", "properties": {"segment_id": 1138215, "physicalid": "79091", "street_name": "HAZEN ST", "borough": "bronx", "direction": "TF", "total_row_ft": 97.4, "roadbed_ft": 30.6, "median_ft": 39.2, "left_sw_ft": 15.0, "right_sw_ft": 12.7}, "geometry": {"type": "LineString", "coordinates": [[-73.88410347707135, 40.79177134091562], [-73.88440026618278, 40.79178959051896]]}}, {"type": "Feature", "properties": {"segment_id": 1138216, "physicalid": "79091", "street_name": "HAZEN ST", "borough": "bronx", "direction": "TF", "total_row_ft": 97.3, "roadbed_ft": 30.3, "median_ft": 39.3, "left_sw_ft": 15.0, "right_sw_ft": 12.8}, "geometry": {"type": "LineString", "coordinates": [[-73.88410982790829, 40.79171665744624], [-73.88440609078799, 40.79173487469091]]}}, {"type": "Feature", "properties": {"segment_id": 1138217, "physicalid": "79091", "street_name": "HAZEN ST", "borough": "bronx", "direction": "TF", "total_row_ft": 97.2, "roadbed_ft": 30.3, "median_ft": 39.4, "left_sw_ft": 15.0, "right_sw_ft": 12.5}, "geometry": {"type": "LineString", "coordinates": [[-73.88411617873481, 40.79166197397603], [-73.88441191538365, 40.791680158862086]]}}, {"type": "Feature", "properties": {"segment_id": 1138218, "physicalid": "79091", "street_name": "HAZEN ST", "borough": "bronx", "direction": "TF", "total_row_ft": 97.0, "roadbed_ft": 30.3, "median_ft": 39.4, "left_sw_ft": 15.0, "right_sw_ft": 12.3}, "geometry": {"type": "LineString", "coordinates": [[-73.8841225295509, 40.79160729050503], [-73.88441773996972, 40.791625443032466]]}}, {"type": "Feature", "properties": {"segment_id": 1138219, "physicalid": "79091", "street_name": "HAZEN ST", "borough": "bronx", "direction": "TF", "total_row_ft": 92.9, "roadbed_ft": 30.5, "median_ft": 39.3, "left_sw_ft": 15.0, "right_sw_ft": 8.0}, "geometry": {"type": "LineString", "coordinates": [[-73.88412887992402, 40.79155260700661], [-73.88442356454621, 40.791570727202156]]}}, {"type": "Feature", "properties": {"segment_id": 1138220, "physicalid": "79091", "street_name": "HAZEN ST", "borough": "bronx", "direction": "TF", "total_row_ft": 99.9, "roadbed_ft": 30.4, "median_ft": 39.5, "left_sw_ft": 15.0, "right_sw_ft": 15.0}, "geometry": {"type": "LineString", "coordinates": [[-73.88399743154223, 40.79148944998341], [-73.88442938911314, 40.79151601137104]]}}, {"type": "Feature", "properties": {"segment_id": 1138221, "physicalid": "79091", "street_name": "HAZEN ST", "borough": "bronx", "direction": "TF", "total_row_ft": 100.2, "roadbed_ft": 30.5, "median_ft": 39.6, "left_sw_ft": 15.0, "right_sw_ft": 15.0}, "geometry": {"type": "LineString", "coordinates": [[-73.88400325645226, 40.791434734173194], [-73.88443521367049, 40.79146129553914]]}}, {"type": "Feature", "properties": {"segment_id": 1138222, "physicalid": "79091", "street_name": "HAZEN ST", "borough": "bronx", "direction": "TF", "total_row_ft": 97.6, "roadbed_ft": 30.9, "median_ft": 39.7, "left_sw_ft": 15.0, "right_sw_ft": 12.0}, "geometry": {"type": "LineString", "coordinates": [[-73.88414383354274, 40.7913883045491], [-73.88444103821827, 40.79140657970654]]}}, {"type": "Feature", "properties": {"segment_id": 1138223, "physicalid": "79091", "street_name": "HAZEN ST", "borough": "bronx", "direction": "TF", "total_row_ft": 98.2, "roadbed_ft": 31.4, "median_ft": 39.6, "left_sw_ft": 15.0, "right_sw_ft": 12.1}, "geometry": {"type": "LineString", "coordinates": [[-73.88414746150082, 40.79133345364474], [-73.88444686275646, 40.791351863873146]]}}, {"type": "Feature", "properties": {"segment_id": 1138224, "physicalid": "79091", "street_name": "HAZEN ST", "borough": "bronx", "direction": "TF", "total_row_ft": 98.8, "roadbed_ft": 31.8, "median_ft": 39.7, "left_sw_ft": 15.0, "right_sw_ft": 12.3}, "geometry": {"type": "LineString", "coordinates": [[-73.88415108945293, 40.791278602739816], [-73.8844526872851, 40.79129714803895]]}}, {"type": "Feature", "properties": {"segment_id": 1138225, "physicalid": "79091", "street_name": "HAZEN ST", "borough": "bronx", "direction": "TF", "total_row_ft": 99.4, "roadbed_ft": 32.3, "median_ft": 39.6, "left_sw_ft": 15.0, "right_sw_ft": 12.4}, "geometry": {"type": "LineString", "coordinates": [[-73.88415482895846, 40.79122375869423], [-73.88445851180416, 40.791242432204065]]}}, {"type": "Feature", "properties": {"segment_id": 1138226, "physicalid": "79092", "street_name": "HAZEN ST", "borough": "bronx", "direction": "TF", "total_row_ft": 106.4, "roadbed_ft": 69.2, "median_ft": 7.2, "left_sw_ft": 15.0, "right_sw_ft": 15.0}, "geometry": {"type": "LineString", "coordinates": [[-73.88384280083025, 40.79300556408511], [-73.88427547933257, 40.79302428201086]]}}, {"type": "Feature", "properties": {"segment_id": 1138227, "physicalid": "79092", "street_name": "HAZEN ST", "borough": "bronx", "direction": "TF", "total_row_ft": 58.1, "roadbed_ft": 24.0, "median_ft": 9.6, "left_sw_ft": 9.6, "right_sw_ft": 15.0}, "geometry": {"type": "LineString", "coordinates": [[-73.88384690581722, 40.79295075820959], [-73.88412616340551, 40.79296283924377]]}}, {"type": "Feature", "properties": {"segment_id": 1138228, "physicalid": "79092", "street_name": "HAZEN ST", "borough": "bronx", "direction": "TF", "total_row_ft": 56.6, "roadbed_ft": 25.1, "median_ft": 8.2, "left_sw_ft": 8.2, "right_sw_ft": 15.0}, "geometry": {"type": "LineString", "coordinates": [[-73.88385101079743, 40.79289595233346], [-73.88413055772206, 40.792908045884424]]}}, {"type": "Feature", "properties": {"segment_id": 1138229, "physicalid": "79092", "street_name": "HAZEN ST", "borough": "bronx", "direction": "TF", "total_row_ft": 106.3, "roadbed_ft": 76.3, "median_ft": 0.0, "left_sw_ft": 15.0, "right_sw_ft": 15.0}, "geometry": {"type": "LineString", "coordinates": [[-73.88385511577088, 40.79284114645672], [-73.88428779320809, 40.79285986433677]]}}, {"type": "Feature", "properties": {"segment_id": 1138230, "physicalid": "79093", "street_name": "HAZEN ST", "borough": "bronx", "direction": "TF", "total_row_ft": 80.5, "roadbed_ft": 24.8, "median_ft": 38.8, "left_sw_ft": 1.9, "right_sw_ft": 15.0}, "geometry": {"type": "LineString", "coordinates": [[-73.88381128284438, 40.794137935602805], [-73.88419845773144, 40.794121579673046]]}}, {"type": "Feature", "properties": {"segment_id": 1138231, "physicalid": "79093", "street_name": "HAZEN ST", "borough": "bronx", "direction": "TF", "total_row_ft": 76.5, "roadbed_ft": 24.8, "median_ft": 32.2, "left_sw_ft": 4.6, "right_sw_ft": 15.0}, "geometry": {"type": "LineString", "coordinates": [[-73.88380727419008, 40.79408312561563], [-73.88417387526565, 40.794067638844815]]}}, {"type": "Feature", "properties": {"segment_id": 1138232, "physicalid": "79093", "street_name": "HAZEN ST", "borough": "bronx", "direction": "TF", "total_row_ft": 67.4, "roadbed_ft": 24.7, "median_ft": 22.9, "left_sw_ft": 4.7, "right_sw_ft": 15.0}, "geometry": {"type": "LineString", "coordinates": [[-73.88380326554235, 40.79402831562779], [-73.88413997828913, 40.79401409150956]]}}, {"type": "Feature", "properties": {"segment_id": 1138233, "physicalid": "79093", "street_name": "HAZEN ST", "borough": "bronx", "direction": "TF", "total_row_ft": 58.1, "roadbed_ft": 24.7, "median_ft": 13.6, "left_sw_ft": 4.8, "right_sw_ft": 15.0}, "geometry": {"type": "LineString", "coordinates": [[-73.88379925690126, 40.79397350563937], [-73.88410608136712, 40.79396054416385]]}}, {"type": "Feature", "properties": {"segment_id": 1138234, "physicalid": "79093", "street_name": "HAZEN ST", "borough": "bronx", "direction": "TF", "total_row_ft": 58.0, "roadbed_ft": 24.6, "median_ft": 9.2, "left_sw_ft": 9.2, "right_sw_ft": 15.0}, "geometry": {"type": "LineString", "coordinates": [[-73.88379524826676, 40.79391869565038], [-73.88409014410736, 40.793906238102274]]}}, {"type": "Feature", "properties": {"segment_id": 1138235, "physicalid": "79093", "street_name": "HAZEN ST", "borough": "bronx", "direction": "TF", "total_row_ft": 58.6, "roadbed_ft": 24.5, "median_ft": 9.6, "left_sw_ft": 9.6, "right_sw_ft": 15.0}, "geometry": {"type": "LineString", "coordinates": [[-73.88379538116676, 40.793847806716855], [-73.88409122315348, 40.7938572587634]]}}, {"type": "Feature", "properties": {"segment_id": 1138236, "physicalid": "79093", "street_name": "HAZEN ST", "borough": "bronx", "direction": "TF", "total_row_ft": 59.0, "roadbed_ft": 24.6, "median_ft": 9.7, "left_sw_ft": 9.7, "right_sw_ft": 15.0}, "geometry": {"type": "LineString", "coordinates": [[-73.8837984151561, 40.79379296057245], [-73.88409199459272, 40.7938023403343]]}}, {"type": "Feature", "properties": {"segment_id": 1138237, "physicalid": "79093", "street_name": "HAZEN ST", "borough": "bronx", "direction": "TF", "total_row_ft": 59.3, "roadbed_ft": 24.7, "median_ft": 9.8, "left_sw_ft": 9.8, "right_sw_ft": 15.0}, "geometry": {"type": "LineString", "coordinates": [[-73.88380144914044, 40.79373811442749], [-73.88409276603072, 40.79374742190471]]}}, {"type": "Feature", "properties": {"segment_id": 1138238, "physicalid": "79093", "street_name": "HAZEN ST", "borough": "bronx", "direction": "TF", "total_row_ft": 59.6, "roadbed_ft": 24.8, "median_ft": 9.9, "left_sw_ft": 9.9, "right_sw_ft": 15.0}, "geometry": {"type": "LineString", "coordinates": [[-73.88380448311977, 40.79368326828199], [-73.88409353746742, 40.793692503474645]]}}, {"type": "Feature", "properties": {"segment_id": 1138239, "physicalid": "79093", "street_name": "HAZEN ST", "borough": "bronx", "direction": "TF", "total_row_ft": 59.9, "roadbed_ft": 24.9, "median_ft": 10.0, "left_sw_ft": 10.0, "right_sw_ft": 15.0}, "geometry": {"type": "LineString", "coordinates": [[-73.88380751709413, 40.793628422135946], [-73.88409430890285, 40.793637585044095]]}}, {"type": "Feature", "properties": {"segment_id": 1138240, "physicalid": "79093", "street_name": "HAZEN ST", "borough": "bronx", "direction": "TF", "total_row_ft": 60.2, "roadbed_ft": 25.0, "median_ft": 10.1, "left_sw_ft": 10.1, "right_sw_ft": 15.0}, "geometry": {"type": "LineString", "coordinates": [[-73.88381055106346, 40.793573575989356], [-73.88409508033702, 40.79358266661308]]}}, {"type": "Feature", "properties": {"segment_id": 1138241, "physicalid": "79093", "street_name": "HAZEN ST", "borough": "bronx", "direction": "TF", "total_row_ft": 60.3, "roadbed_ft": 24.6, "median_ft": 10.3, "left_sw_ft": 10.3, "right_sw_ft": 15.0}, "geometry": {"type": "LineString", "coordinates": [[-73.88381358502782, 40.79351872984219], [-73.88409589165634, 40.79352774945589]]}}, {"type": "Feature", "properties": {"segment_id": 1138242, "physicalid": "79093", "street_name": "HAZEN ST", "borough": "bronx", "direction": "TF", "total_row_ft": 60.1, "roadbed_ft": 24.4, "median_ft": 10.3, "left_sw_ft": 10.3, "right_sw_ft": 15.0}, "geometry": {"type": "LineString", "coordinates": [[-73.88381661898715, 40.79346388369449], [-73.88409764892019, 40.793472862519764]]}}, {"type": "Feature", "properties": {"segment_id": 1138243, "physicalid": "79093", "street_name": "HAZEN ST", "borough": "bronx", "direction": "TF", "total_row_ft": 60.0, "roadbed_ft": 24.2, "median_ft": 10.4, "left_sw_ft": 10.4, "right_sw_ft": 15.0}, "geometry": {"type": "LineString", "coordinates": [[-73.8838196529415, 40.79340903754624], [-73.88409940618114, 40.79341797558314]]}}, {"type": "Feature", "properties": {"segment_id": 1138244, "physicalid": "79093", "street_name": "HAZEN ST", "borough": "bronx", "direction": "TF", "total_row_ft": 59.8, "roadbed_ft": 24.0, "median_ft": 10.4, "left_sw_ft": 10.4, "right_sw_ft": 15.0}, "geometry": {"type": "LineString", "coordinates": [[-73.88382268689085, 40.79335419139744], [-73.8841011634392, 40.793363088646025]]}}, {"type": "Feature", "properties": {"segment_id": 1138245, "physicalid": "79093", "street_name": "HAZEN ST", "borough": "bronx", "direction": "TF", "total_row_ft": 59.0, "roadbed_ft": 24.4, "median_ft": 9.8, "left_sw_ft": 9.8, "right_sw_ft": 15.0}, "geometry": {"type": "LineString", "coordinates": [[-73.88382572083519, 40.79329934524806], [-73.88410292069435, 40.79330820170841]]}}, {"type": "Feature", "properties": {"segment_id": 1138246, "physicalid": "79093", "street_name": "HAZEN ST", "borough": "bronx", "direction": "TF", "total_row_ft": 57.9, "roadbed_ft": 24.6, "median_ft": 9.2, "left_sw_ft": 9.2, "right_sw_ft": 15.0}, "geometry": {"type": "LineString", "coordinates": [[-73.88382875477456, 40.79324449909816], [-73.8841046779466, 40.79325331477028]]}}, {"type": "Feature", "properties": {"segment_id": 1138247, "physicalid": "79093", "street_name": "HAZEN ST", "borough": "bronx", "direction": "TF", "total_row_ft": 56.8, "roadbed_ft": 24.8, "median_ft": 8.5, "left_sw_ft": 8.5, "right_sw_ft": 15.0}, "geometry": {"type": "LineString", "coordinates": [[-73.8838317887089, 40.793189652947696], [-73.88410643519596, 40.79319842783166]]}}, {"type": "Feature", "properties": {"segment_id": 1138248, "physicalid": "79093", "street_name": "HAZEN ST", "borough": "bronx", "direction": "TF", "total_row_ft": 107.1, "roadbed_ft": 58.1, "median_ft": 19.0, "left_sw_ft": 15.0, "right_sw_ft": 15.0}, "geometry": {"type": "LineString", "coordinates": [[-73.88383482263826, 40.7931348067967], [-73.88426781992771, 40.79314864064929]]}}, {"type": "Feature", "properties": {"segment_id": 1138249, "physicalid": "79094", "street_name": "HAZEN ST", "borough": "bronx", "direction": "TF", "total_row_ft": 130.3, "roadbed_ft": 83.6, "median_ft": 16.7, "left_sw_ft": 15.0, "right_sw_ft": 15.0}, "geometry": {"type": "LineString", "coordinates": [[-73.88399164121014, 40.79485804994049], [-73.88428396244234, 40.79461488592189]]}}, {"type": "Feature", "properties": {"segment_id": 1138250, "physicalid": "79094", "street_name": "HAZEN ST", "borough": "bronx", "direction": "TF", "total_row_ft": 147.6, "roadbed_ft": 82.0, "median_ft": 35.6, "left_sw_ft": 15.0, "right_sw_ft": 15.0}, "geometry": {"type": "LineString", "coordinates": [[-73.88393831432849, 40.79482102351361], [-73.88423063559289, 40.79457785962884]]}}, {"type": "Feature", "properties": {"segment_id": 1138251, "physicalid": "79094", "street_name": "HAZEN ST", "borough": "bronx", "direction": "TF", "total_row_ft": 107.7, "roadbed_ft": 52.0, "median_ft": 25.7, "left_sw_ft": 15.0, "right_sw_ft": 15.0}, "geometry": {"type": "LineString", "coordinates": [[-73.88385028504105, 40.794658970243646], [-73.88428297216043, 40.79464022554153]]}}, {"type": "Feature", "properties": {"segment_id": 1138252, "physicalid": "79094", "street_name": "HAZEN ST", "borough": "bronx", "direction": "TF", "total_row_ft": 105.6, "roadbed_ft": 46.9, "median_ft": 28.7, "left_sw_ft": 15.0, "right_sw_ft": 15.0}, "geometry": {"type": "LineString", "coordinates": [[-73.88384617443512, 40.79460416462114], [-73.88427886119948, 40.79458541993438]]}}, {"type": "Feature", "properties": {"segment_id": 1138253, "physicalid": "79094", "street_name": "HAZEN ST", "borough": "bronx", "direction": "TF", "total_row_ft": 106.4, "roadbed_ft": 45.3, "median_ft": 31.1, "left_sw_ft": 15.0, "right_sw_ft": 15.0}, "geometry": {"type": "LineString", "coordinates": [[-73.88384206383597, 40.79454935899807], [-73.88427475024525, 40.79453061432658]]}}, {"type": "Feature", "properties": {"segment_id": 1138254, "physicalid": "79094", "street_name": "HAZEN ST", "borough": "bronx", "direction": "TF", "total_row_ft": 107.3, "roadbed_ft": 44.1, "median_ft": 33.2, "left_sw_ft": 15.0, "right_sw_ft": 15.0}, "geometry": {"type": "LineString", "coordinates": [[-73.88383795324359, 40.7944945533744], [-73.88427063929782, 40.7944758087181]]}}, {"type": "Feature", "properties": {"segment_id": 1138255, "physicalid": "79094", "street_name": "HAZEN ST", "borough": "bronx", "direction": "TF", "total_row_ft": 107.7, "roadbed_ft": 42.7, "median_ft": 35.0, "left_sw_ft": 15.0, "right_sw_ft": 15.0}, "geometry": {"type": "LineString", "coordinates": [[-73.88383384265796, 40.7944397477501], [-73.88426652835714, 40.79442100310905]]}}, {"type": "Feature", "properties": {"segment_id": 1138256, "physicalid": "79094", "street_name": "HAZEN ST", "borough": "bronx", "direction": "TF", "total_row_ft": 108.0, "roadbed_ft": 41.6, "median_ft": 36.4, "left_sw_ft": 15.0, "right_sw_ft": 15.0}, "geometry": {"type": "LineString", "coordinates": [[-73.88382973207912, 40.79438494212516], [-73.88426241742326, 40.79436619749941]]}}, {"type": "Feature", "properties": {"segment_id": 1138257, "physicalid": "79094", "street_name": "HAZEN ST", "borough": "bronx", "direction": "TF", "total_row_ft": 108.3, "roadbed_ft": 40.8, "median_ft": 37.5, "left_sw_ft": 15.0, "right_sw_ft": 15.0}, "geometry": {"type": "LineString", "coordinates": [[-73.88382562150703, 40.79433013649956], [-73.88425830649612, 40.79431139188916]]}}, {"type": "Feature", "properties": {"segment_id": 1138258, "physicalid": "79094", "street_name": "HAZEN ST", "borough": "bronx", "direction": "TF", "total_row_ft": 107.8, "roadbed_ft": 39.8, "median_ft": 38.1, "left_sw_ft": 15.0, "right_sw_ft": 15.0}, "geometry": {"type": "LineString", "coordinates": [[-73.88382151094173, 40.79427533087341], [-73.88425419557575, 40.79425658627821]]}}, {"type": "Feature", "properties": {"segment_id": 1138259, "physicalid": "79094", "street_name": "HAZEN ST", "borough": "bronx", "direction": "TF", "total_row_ft": 107.3, "roadbed_ft": 38.8, "median_ft": 38.5, "left_sw_ft": 15.0, "right_sw_ft": 15.0}, "geometry": {"type": "LineString", "coordinates": [[-73.88381740038318, 40.79422052524663], [-73.88425008466216, 40.79420178066671]]}}, {"type": "Feature", "properties": {"segment_id": 1138260, "physicalid": "79096", "street_name": "HAZEN ST", "borough": "bronx", "direction": "FT", "total_row_ft": 87.9, "roadbed_ft": 51.5, "median_ft": 20.9, "left_sw_ft": 0.4, "right_sw_ft": 15.0}, "geometry": {"type": "LineString", "coordinates": [[-73.88412084957915, 40.79301009750424], [-73.88449711438602, 40.793027177195626]]}}, {"type": "Feature", "properties": {"segment_id": 1138261, "physicalid": "79096", "street_name": "HAZEN ST", "borough": "bronx", "direction": "FT", "total_row_ft": 90.4, "roadbed_ft": 26.6, "median_ft": 39.3, "left_sw_ft": 9.5, "right_sw_ft": 15.0}, "geometry": {"type": "LineString", "coordinates": [[-73.88409257392742, 40.792953821510004], [-73.88450142065037, 40.792972380242155]]}}, {"type": "Feature", "properties": {"segment_id": 1138262, "physicalid": "79096", "street_name": "HAZEN ST", "borough": "bronx", "direction": "FT", "total_row_ft": 83.4, "roadbed_ft": 25.8, "median_ft": 35.4, "left_sw_ft": 7.2, "right_sw_ft": 15.0}, "geometry": {"type": "LineString", "coordinates": [[-73.88410530568584, 40.79289940702841], [-73.8845057269076, 40.79291758328813]]}}, {"type": "Feature", "properties": {"segment_id": 1138263, "physicalid": "79097", "street_name": "HAZEN ST", "borough": "bronx", "direction": "FT", "total_row_ft": 100.7, "roadbed_ft": 70.7, "median_ft": 0.0, "left_sw_ft": 15.0, "right_sw_ft": 15.0}, "geometry": {"type": "LineString", "coordinates": [[-73.884082969462, 40.79279226890074], [-73.8845147206787, 40.79282077634526]]}}, {"type": "Feature", "properties": {"segment_id": 1138264, "physicalid": "79097", "street_name": "HAZEN ST", "borough": "bronx", "direction": "FT", "total_row_ft": 100.6, "roadbed_ft": 70.6, "median_ft": 0.0, "left_sw_ft": 15.0, "right_sw_ft": 15.0}, "geometry": {"type": "LineString", "coordinates": [[-73.88408922125261, 40.79273758031216], [-73.88452097211731, 40.79276608773352]]}}, {"type": "Feature", "properties": {"segment_id": 1138265, "physicalid": "79097", "street_name": "HAZEN ST", "borough": "bronx", "direction": "FT", "total_row_ft": 88.4, "roadbed_ft": 24.6, "median_ft": 39.2, "left_sw_ft": 9.5, "right_sw_ft": 15.0}, "geometry": {"type": "LineString", "coordinates": [[-73.88411951156289, 40.79268447896951], [-73.88452722354566, 40.79271139912098]]}}, {"type": "Feature", "properties": {"segment_id": 1138266, "physicalid": "79097", "street_name": "HAZEN ST", "borough": "bronx", "direction": "FT", "total_row_ft": 88.0, "roadbed_ft": 24.3, "median_ft": 39.3, "left_sw_ft": 9.5, "right_sw_ft": 15.0}, "geometry": {"type": "LineString", "coordinates": [[-73.88412667258915, 40.79262985041675], [-73.88453347496373, 40.79265671050762]]}}, {"type": "Feature", "properties": {"segment_id": 1138267, "physicalid": "79097", "street_name": "HAZEN ST", "borough": "bronx", "direction": "FT", "total_row_ft": 87.9, "roadbed_ft": 24.2, "median_ft": 39.3, "left_sw_ft": 9.4, "right_sw_ft": 15.0}, "geometry": {"type": "LineString", "coordinates": [[-73.88413383390285, 40.792575221882856], [-73.88453972637153, 40.79260202189346]]}}, {"type": "Feature", "properties": {"segment_id": 1138268, "physicalid": "79097", "street_name": "HAZEN ST", "borough": "bronx", "direction": "FT", "total_row_ft": 87.9, "roadbed_ft": 24.2, "median_ft": 39.3, "left_sw_ft": 9.4, "right_sw_ft": 15.0}, "geometry": {"type": "LineString", "coordinates": [[-73.88414099576121, 40.79252059338476], [-73.88454597776906, 40.79254733327849]]}}, {"type": "Feature", "properties": {"segment_id": 1138269, "physicalid": "79097", "street_name": "HAZEN ST", "borough": "bronx", "direction": "FT", "total_row_ft": 87.9, "roadbed_ft": 24.2, "median_ft": 39.3, "left_sw_ft": 9.4, "right_sw_ft": 15.0}, "geometry": {"type": "LineString", "coordinates": [[-73.88414815675223, 40.792465964829255], [-73.88455222915633, 40.792492644662765]]}}, {"type": "Feature", "properties": {"segment_id": 1138270, "physicalid": "79097", "street_name": "HAZEN ST", "borough": "bronx", "direction": "FT", "total_row_ft": 88.0, "roadbed_ft": 24.2, "median_ft": 39.3, "left_sw_ft": 9.5, "right_sw_ft": 15.0}, "geometry": {"type": "LineString", "coordinates": [[-73.88415531773151, 40.79241133627287], [-73.88455848053331, 40.79243795604617]]}}, {"type": "Feature", "properties": {"segment_id": 1138271, "physicalid": "79097", "street_name": "HAZEN ST", "borough": "bronx", "direction": "FT", "total_row_ft": 88.0, "roadbed_ft": 24.2, "median_ft": 39.4, "left_sw_ft": 9.5, "right_sw_ft": 15.0}, "geometry": {"type": "LineString", "coordinates": [[-73.88416247869904, 40.79235670771557], [-73.88456473190004, 40.792383267428804]]}}, {"type": "Feature", "properties": {"segment_id": 1138272, "physicalid": "79097", "street_name": "HAZEN ST", "borough": "bronx", "direction": "FT", "total_row_ft": 88.1, "roadbed_ft": 24.2, "median_ft": 39.4, "left_sw_ft": 9.5, "right_sw_ft": 15.0}, "geometry": {"type": "LineString", "coordinates": [[-73.88416964048672, 40.792302079212284], [-73.8845709832565, 40.79232857881059]]}}, {"type": "Feature", "properties": {"segment_id": 1138273, "physicalid": "79097", "street_name": "HAZEN ST", "borough": "bronx", "direction": "FT", "total_row_ft": 102.3, "roadbed_ft": 32.9, "median_ft": 39.4, "left_sw_ft": 15.0, "right_sw_ft": 15.0}, "geometry": {"type": "LineString", "coordinates": [[-73.8841454869059, 40.792245382978734], [-73.88457723460266, 40.79227389019159]]}}, {"type": "Feature", "properties": {"segment_id": 1138274, "physicalid": "79097", "street_name": "HAZEN ST", "borough": "bronx", "direction": "FT", "total_row_ft": 102.5, "roadbed_ft": 33.1, "median_ft": 39.4, "left_sw_ft": 15.0, "right_sw_ft": 15.0}, "geometry": {"type": "LineString", "coordinates": [[-73.88415173859379, 40.7921906943821], [-73.88458348593858, 40.79221920157178]]}}, {"type": "Feature", "properties": {"segment_id": 1138275, "physicalid": "79097", "street_name": "HAZEN ST", "borough": "bronx", "direction": "FT", "total_row_ft": 102.7, "roadbed_ft": 33.4, "median_ft": 39.4, "left_sw_ft": 15.0, "right_sw_ft": 15.0}, "geometry": {"type": "LineString", "coordinates": [[-73.88415799027142, 40.79213600578465], [-73.88458973726422, 40.79216451295116]]}}, {"type": "Feature", "properties": {"segment_id": 1138276, "physicalid": "79097", "street_name": "HAZEN ST", "borough": "bronx", "direction": "FT", "total_row_ft": 103.0, "roadbed_ft": 33.6, "median_ft": 39.4, "left_sw_ft": 15.0, "right_sw_ft": 15.0}, "geometry": {"type": "LineString", "coordinates": [[-73.88416424193878, 40.79208131718642], [-73.88459598857959, 40.79210982432977]]}}, {"type": "Feature", "properties": {"segment_id": 1138277, "physicalid": "79097", "street_name": "HAZEN ST", "borough": "bronx", "direction": "FT", "total_row_ft": 103.2, "roadbed_ft": 33.8, "median_ft": 39.4, "left_sw_ft": 15.0, "right_sw_ft": 15.0}, "geometry": {"type": "LineString", "coordinates": [[-73.88417049359586, 40.79202662858738], [-73.88460223988469, 40.79205513570753]]}}, {"type": "Feature", "properties": {"segment_id": 1138278, "physicalid": "79097", "street_name": "HAZEN ST", "borough": "bronx", "direction": "FT", "total_row_ft": 103.4, "roadbed_ft": 34.0, "median_ft": 39.3, "left_sw_ft": 15.0, "right_sw_ft": 15.0}, "geometry": {"type": "LineString", "coordinates": [[-73.88417674524267, 40.79197193998749], [-73.88460849117952, 40.792000447084504]]}}, {"type": "Feature", "properties": {"segment_id": 1138279, "physicalid": "79097", "street_name": "HAZEN ST", "borough": "bronx", "direction": "FT", "total_row_ft": 103.6, "roadbed_ft": 34.3, "median_ft": 39.3, "left_sw_ft": 15.0, "right_sw_ft": 15.0}, "geometry": {"type": "LineString", "coordinates": [[-73.88418299687922, 40.79191725138685], [-73.88461474246408, 40.791945758460656]]}}, {"type": "Feature", "properties": {"segment_id": 1138280, "physicalid": "79097", "street_name": "HAZEN ST", "borough": "bronx", "direction": "FT", "total_row_ft": 103.8, "roadbed_ft": 34.5, "median_ft": 39.3, "left_sw_ft": 15.0, "right_sw_ft": 15.0}, "geometry": {"type": "LineString", "coordinates": [[-73.88418924850549, 40.79186256278536], [-73.88462099373837, 40.79189106983601]]}}, {"type": "Feature", "properties": {"segment_id": 1138281, "physicalid": "79097", "street_name": "HAZEN ST", "borough": "bronx", "direction": "FT", "total_row_ft": 104.0, "roadbed_ft": 34.8, "median_ft": 39.3, "left_sw_ft": 15.0, "right_sw_ft": 15.0}, "geometry": {"type": "LineString", "coordinates": [[-73.88419550012149, 40.791807874183085], [-73.88462724500238, 40.79183638121056]]}}, {"type": "Feature", "properties": {"segment_id": 1138282, "physicalid": "79097", "street_name": "HAZEN ST", "borough": "bronx", "direction": "FT", "total_row_ft": 104.2, "roadbed_ft": 35.0, "median_ft": 39.2, "left_sw_ft": 15.0, "right_sw_ft": 15.0}, "geometry": {"type": "LineString", "coordinates": [[-73.88420175172722, 40.79175318558001], [-73.88463349625613, 40.79178169258431]]}}, {"type": "Feature", "properties": {"segment_id": 1138283, "physicalid": "79097", "street_name": "HAZEN ST", "borough": "bronx", "direction": "FT", "total_row_ft": 104.2, "roadbed_ft": 34.9, "median_ft": 39.3, "left_sw_ft": 15.0, "right_sw_ft": 15.0}, "geometry": {"type": "LineString", "coordinates": [[-73.88420800332268, 40.79169849697611], [-73.8846397474996, 40.791727003957256]]}}, {"type": "Feature", "properties": {"segment_id": 1138284, "physicalid": "79097", "street_name": "HAZEN ST", "borough": "bronx", "direction": "FT", "total_row_ft": 104.1, "roadbed_ft": 34.7, "median_ft": 39.4, "left_sw_ft": 15.0, "right_sw_ft": 15.0}, "geometry": {"type": "LineString", "coordinates": [[-73.88421425490786, 40.79164380837143], [-73.88464599873281, 40.791672315329365]]}}, {"type": "Feature", "properties": {"segment_id": 1138285, "physicalid": "79097", "street_name": "HAZEN ST", "borough": "bronx", "direction": "FT", "total_row_ft": 104.0, "roadbed_ft": 34.7, "median_ft": 39.3, "left_sw_ft": 15.0, "right_sw_ft": 15.0}, "geometry": {"type": "LineString", "coordinates": [[-73.88422050648278, 40.791589119765916], [-73.88465224995574, 40.791617626700706]]}}, {"type": "Feature", "properties": {"segment_id": 1138286, "physicalid": "79097", "street_name": "HAZEN ST", "borough": "bronx", "direction": "FT", "total_row_ft": 103.9, "roadbed_ft": 34.5, "median_ft": 39.4, "left_sw_ft": 15.0, "right_sw_ft": 15.0}, "geometry": {"type": "LineString", "coordinates": [[-73.88422675804743, 40.7915344311596], [-73.8846585011684, 40.791562938071216]]}}, {"type": "Feature", "properties": {"segment_id": 1138287, "physicalid": "79097", "street_name": "HAZEN ST", "borough": "bronx", "direction": "FT", "total_row_ft": 103.8, "roadbed_ft": 34.3, "median_ft": 39.5, "left_sw_ft": 15.0, "right_sw_ft": 15.0}, "geometry": {"type": "LineString", "coordinates": [[-73.8842330096018, 40.79147974255249], [-73.8846647523708, 40.79150824944092]]}}, {"type": "Feature", "properties": {"segment_id": 1138288, "physicalid": "79097", "street_name": "HAZEN ST", "borough": "bronx", "direction": "FT", "total_row_ft": 103.3, "roadbed_ft": 33.6, "median_ft": 39.7, "left_sw_ft": 15.0, "right_sw_ft": 15.0}, "geometry": {"type": "LineString", "coordinates": [[-73.88423926114591, 40.79142505394457], [-73.88467100356293, 40.791453560809835]]}}, {"type": "Feature", "properties": {"segment_id": 1138289, "physicalid": "79097", "street_name": "HAZEN ST", "borough": "bronx", "direction": "FT", "total_row_ft": 102.6, "roadbed_ft": 33.0, "median_ft": 39.7, "left_sw_ft": 15.0, "right_sw_ft": 15.0}, "geometry": {"type": "LineString", "coordinates": [[-73.88424551267974, 40.79137036533585], [-73.88467725474479, 40.79139887217793]]}}, {"type": "Feature", "properties": {"segment_id": 1138290, "physicalid": "79097", "street_name": "HAZEN ST", "borough": "bronx", "direction": "FT", "total_row_ft": 102.0, "roadbed_ft": 32.4, "median_ft": 39.7, "left_sw_ft": 15.0, "right_sw_ft": 15.0}, "geometry": {"type": "LineString", "coordinates": [[-73.88425176420331, 40.79131567672631], [-73.88468350591637, 40.79134418354523]]}}, {"type": "Feature", "properties": {"segment_id": 1138291, "physicalid": "79097", "street_name": "HAZEN ST", "borough": "bronx", "direction": "FT", "total_row_ft": 101.4, "roadbed_ft": 31.8, "median_ft": 39.7, "left_sw_ft": 15.0, "right_sw_ft": 15.0}, "geometry": {"type": "LineString", "coordinates": [[-73.8842580157166, 40.79126098811597], [-73.88468975707768, 40.79128949491171]]}}, {"type": "Feature", "properties": {"segment_id": 1138292, "physicalid": "79097", "street_name": "HAZEN ST", "borough": "bronx", "direction": "FT", "total_row_ft": 100.8, "roadbed_ft": 31.9, "median_ft": 38.9, "left_sw_ft": 15.0, "right_sw_ft": 15.0}, "geometry": {"type": "LineString", "coordinates": [[-73.88426426721963, 40.79120629950482], [-73.88469600822873, 40.79123480627739]]}}, {"type": "Feature", "properties": {"segment_id": 1704741, "physicalid": "178211", "street_name": "HAZEN ST", "borough": "bronx", "direction": "FT", "total_row_ft": 91.5, "roadbed_ft": 27.4, "median_ft": 39.5, "left_sw_ft": 9.6, "right_sw_ft": 15.0}, "geometry": {"type": "LineString", "coordinates": [[-73.88405671507465, 40.79384320807888], [-73.88445507455269, 40.79385458089465]]}}, {"type": "Feature", "properties": {"segment_id": 1704742, "physicalid": "178211", "street_name": "HAZEN ST", "borough": "bronx", "direction": "FT", "total_row_ft": 88.8, "roadbed_ft": 24.6, "median_ft": 39.5, "left_sw_ft": 9.7, "right_sw_ft": 15.0}, "geometry": {"type": "LineString", "coordinates": [[-73.88405699694384, 40.793788282811015], [-73.88445778583267, 40.79379972498869]]}}, {"type": "Feature", "properties": {"segment_id": 1704743, "physicalid": "178211", "street_name": "HAZEN ST", "borough": "bronx", "direction": "FT", "total_row_ft": 88.8, "roadbed_ft": 24.5, "median_ft": 39.5, "left_sw_ft": 9.8, "right_sw_ft": 15.0}, "geometry": {"type": "LineString", "coordinates": [[-73.88405741811803, 40.79373336151998], [-73.88446049710818, 40.79374486908213]]}}, {"type": "Feature", "properties": {"segment_id": 1704744, "physicalid": "178211", "street_name": "HAZEN ST", "borough": "bronx", "direction": "FT", "total_row_ft": 88.8, "roadbed_ft": 24.5, "median_ft": 39.4, "left_sw_ft": 9.9, "right_sw_ft": 15.0}, "geometry": {"type": "LineString", "coordinates": [[-73.88405783929153, 40.79367844022846], [-73.88446320837922, 40.79369001317508]]}}, {"type": "Feature", "properties": {"segment_id": 1704745, "physicalid": "178211", "street_name": "HAZEN ST", "borough": "bronx", "direction": "FT", "total_row_ft": 88.8, "roadbed_ft": 24.4, "median_ft": 39.4, "left_sw_ft": 10.0, "right_sw_ft": 15.0}, "geometry": {"type": "LineString", "coordinates": [[-73.88405826225674, 40.79362351898764], [-73.88446591964579, 40.7936351572675]]}}, {"type": "Feature", "properties": {"segment_id": 1704746, "physicalid": "178211", "street_name": "HAZEN ST", "borough": "bronx", "direction": "FT", "total_row_ft": 78.8, "roadbed_ft": 24.3, "median_ft": 39.4, "left_sw_ft": 10.2, "right_sw_ft": 4.9}, "geometry": {"type": "LineString", "coordinates": [[-73.88405849453945, 40.79356859230221], [-73.8844634511292, 40.793580153490055]]}}, {"type": "Feature", "properties": {"segment_id": 1704747, "physicalid": "178211", "street_name": "HAZEN ST", "borough": "bronx", "direction": "FT", "total_row_ft": 91.8, "roadbed_ft": 24.4, "median_ft": 39.5, "left_sw_ft": 10.3, "right_sw_ft": 17.5}, "geometry": {"type": "LineString", "coordinates": [[-73.88405905722433, 40.79351367504961], [-73.8844637939465, 40.79352522996846]]}}, {"type": "Feature", "properties": {"segment_id": 1704748, "physicalid": "178211", "street_name": "HAZEN ST", "borough": "bronx", "direction": "FT", "total_row_ft": 79.6, "roadbed_ft": 24.5, "median_ft": 39.6, "left_sw_ft": 10.4, "right_sw_ft": 5.1}, "geometry": {"type": "LineString", "coordinates": [[-73.88406069519283, 40.79345878849696], [-73.88433022593561, 40.79346648355131]]}}, {"type": "Feature", "properties": {"segment_id": 1704749, "physicalid": "178211", "street_name": "HAZEN ST", "borough": "bronx", "direction": "FT", "total_row_ft": 80.0, "roadbed_ft": 24.6, "median_ft": 39.6, "left_sw_ft": 10.4, "right_sw_ft": 5.4}, "geometry": {"type": "LineString", "coordinates": [[-73.88406233315861, 40.79340390194384], [-73.88433335773279, 40.79341163964763]]}}, {"type": "Feature", "properties": {"segment_id": 1704750, "physicalid": "178211", "street_name": "HAZEN ST", "borough": "bronx", "direction": "FT", "total_row_ft": 119.7, "roadbed_ft": 24.6, "median_ft": 39.7, "left_sw_ft": 10.2, "right_sw_ft": 45.2}, "geometry": {"type": "LineString", "coordinates": [[-73.8840646002008, 40.793349033351085], [-73.88447947591163, 40.793360877721504]]}}, {"type": "Feature", "properties": {"segment_id": 1704751, "physicalid": "178211", "street_name": "HAZEN ST", "borough": "bronx", "direction": "FT", "total_row_ft": 88.4, "roadbed_ft": 24.2, "median_ft": 39.5, "left_sw_ft": 9.6, "right_sw_ft": 15.0}, "geometry": {"type": "LineString", "coordinates": [[-73.88406858345111, 40.793294213757356], [-73.8844821871514, 40.793306021810714]]}}, {"type": "Feature", "properties": {"segment_id": 1704752, "physicalid": "178211", "street_name": "HAZEN ST", "borough": "bronx", "direction": "FT", "total_row_ft": 87.3, "roadbed_ft": 23.9, "median_ft": 39.4, "left_sw_ft": 9.0, "right_sw_ft": 15.0}, "geometry": {"type": "LineString", "coordinates": [[-73.88407256669487, 40.79323939416302], [-73.88448489838669, 40.79325116589936]]}}, {"type": "Feature", "properties": {"segment_id": 1704753, "physicalid": "178211", "street_name": "HAZEN ST", "borough": "bronx", "direction": "FT", "total_row_ft": 89.3, "roadbed_ft": 26.8, "median_ft": 39.1, "left_sw_ft": 8.3, "right_sw_ft": 15.0}, "geometry": {"type": "LineString", "coordinates": [[-73.88407678934921, 40.79318458140371], [-73.88448760961754, 40.79319630998748]]}}, {"type": "Feature", "properties": {"segment_id": 1704754, "physicalid": "178211", "street_name": "HAZEN ST", "borough": "bronx", "direction": "FT", "total_row_ft": 116.0, "roadbed_ft": 86.0, "median_ft": 0.0, "left_sw_ft": 15.0, "right_sw_ft": 15.0}, "geometry": {"type": "LineString", "coordinates": [[-73.8840572466173, 40.793129090116885], [-73.8844903208439, 40.79314145407509]]}}, {"type": "Feature", "properties": {"segment_id": 1709197, "physicalid": "179447", "street_name": "HAZEN ST", "borough": "bronx", "direction": "FT", "total_row_ft": 135.0, "roadbed_ft": 77.7, "median_ft": 34.1, "left_sw_ft": 15.0, "right_sw_ft": 8.2}, "geometry": {"type": "LineString", "coordinates": [[-73.88407307487495, 40.794614298765175], [-73.88436304390848, 40.79485908400605]]}}, {"type": "Feature", "properties": {"segment_id": 1709198, "physicalid": "179447", "street_name": "HAZEN ST", "borough": "bronx", "direction": "FT", "total_row_ft": 129.1, "roadbed_ft": 73.2, "median_ft": 29.7, "left_sw_ft": 15.0, "right_sw_ft": 11.2}, "geometry": {"type": "LineString", "coordinates": [[-73.88412675726292, 40.79457757040906], [-73.88440241570851, 40.79481027488065]]}}, {"type": "Feature", "properties": {"segment_id": 1709199, "physicalid": "179447", "street_name": "HAZEN ST", "borough": "bronx", "direction": "FT", "total_row_ft": 117.4, "roadbed_ft": 67.3, "median_ft": 25.5, "left_sw_ft": 15.0, "right_sw_ft": 9.7}, "geometry": {"type": "LineString", "coordinates": [[-73.88405846016252, 40.79465340397481], [-73.88442815266049, 40.794642551980324]]}}, {"type": "Feature", "properties": {"segment_id": 1709200, "physicalid": "179447", "street_name": "HAZEN ST", "borough": "bronx", "direction": "FT", "total_row_ft": 116.3, "roadbed_ft": 61.6, "median_ft": 28.4, "left_sw_ft": 15.0, "right_sw_ft": 11.2}, "geometry": {"type": "LineString", "coordinates": [[-73.8840556724629, 40.794598550287084], [-73.88442113951857, 40.79458782233334]]}}, {"type": "Feature", "properties": {"segment_id": 1709201, "physicalid": "179447", "street_name": "HAZEN ST", "borough": "bronx", "direction": "FT", "total_row_ft": 115.1, "roadbed_ft": 56.6, "median_ft": 30.9, "left_sw_ft": 15.0, "right_sw_ft": 12.6}, "geometry": {"type": "LineString", "coordinates": [[-73.88405288476787, 40.794543696598836], [-73.88441412638818, 40.79453309268548]]}}, {"type": "Feature", "properties": {"segment_id": 1709202, "physicalid": "179447", "street_name": "HAZEN ST", "borough": "bronx", "direction": "FT", "total_row_ft": 113.8, "roadbed_ft": 51.9, "median_ft": 33.1, "left_sw_ft": 15.0, "right_sw_ft": 13.9}, "geometry": {"type": "LineString", "coordinates": [[-73.88405009707745, 40.794488842910006], [-73.88440665973738, 40.79447837635042]]}}, {"type": "Feature", "properties": {"segment_id": 1709203, "physicalid": "179447", "street_name": "HAZEN ST", "borough": "bronx", "direction": "FT", "total_row_ft": 112.3, "roadbed_ft": 47.5, "median_ft": 34.9, "left_sw_ft": 15.0, "right_sw_ft": 15.0}, "geometry": {"type": "LineString", "coordinates": [[-73.8840473093916, 40.794433989220664], [-73.88439862047935, 40.79442367682397]]}}, {"type": "Feature", "properties": {"segment_id": 1709204, "physicalid": "179447", "street_name": "HAZEN ST", "borough": "bronx", "direction": "FT", "total_row_ft": 110.9, "roadbed_ft": 43.5, "median_ft": 36.2, "left_sw_ft": 15.0, "right_sw_ft": 16.1}, "geometry": {"type": "LineString", "coordinates": [[-73.88404452171036, 40.79437913553077], [-73.88439058123453, 40.79436897729647]]}}, {"type": "Feature", "properties": {"segment_id": 1709205, "physicalid": "179447", "street_name": "HAZEN ST", "borough": "bronx", "direction": "FT", "total_row_ft": 109.4, "roadbed_ft": 41.3, "median_ft": 37.4, "left_sw_ft": 15.0, "right_sw_ft": 15.8}, "geometry": {"type": "LineString", "coordinates": [[-73.88404173403372, 40.794324281840346], [-73.88438254200291, 40.79431427776796]]}}, {"type": "Feature", "properties": {"segment_id": 1709206, "physicalid": "179447", "street_name": "HAZEN ST", "borough": "bronx", "direction": "FT", "total_row_ft": 108.9, "roadbed_ft": 41.3, "median_ft": 38.0, "left_sw_ft": 15.0, "right_sw_ft": 14.7}, "geometry": {"type": "LineString", "coordinates": [[-73.88403894636166, 40.7942694281494], [-73.8843778456258, 40.79425948010785]]}}, {"type": "Feature", "properties": {"segment_id": 1709207, "physicalid": "179447", "street_name": "HAZEN ST", "borough": "bronx", "direction": "FT", "total_row_ft": 109.6, "roadbed_ft": 41.5, "median_ft": 38.4, "left_sw_ft": 15.0, "right_sw_ft": 14.6}, "geometry": {"type": "LineString", "coordinates": [[-73.88403615869419, 40.79421457445789], [-73.88437740131464, 40.79420455762598]]}}, {"type": "Feature", "properties": {"segment_id": 1709208, "physicalid": "179447", "street_name": "HAZEN ST", "borough": "bronx", "direction": "FT", "total_row_ft": 110.3, "roadbed_ft": 41.9, "median_ft": 38.6, "left_sw_ft": 15.0, "right_sw_ft": 14.7}, "geometry": {"type": "LineString", "coordinates": [[-73.88403337103132, 40.794159720765855], [-73.88437726772155, 40.794149626022346]]}}, {"type": "Feature", "properties": {"segment_id": 1709209, "physicalid": "179447", "street_name": "HAZEN ST", "borough": "bronx", "direction": "FT", "total_row_ft": 59.7, "roadbed_ft": 34.7, "median_ft": 5.7, "left_sw_ft": 4.5, "right_sw_ft": 14.8}, "geometry": {"type": "LineString", "coordinates": [[-73.88417805090106, 40.79410053843743], [-73.88437713412868, 40.794094694418256]]}}, {"type": "Feature", "properties": {"segment_id": 1709210, "physicalid": "179447", "street_name": "HAZEN ST", "borough": "bronx", "direction": "FT", "total_row_ft": 69.4, "roadbed_ft": 34.6, "median_ft": 15.3, "left_sw_ft": 4.7, "right_sw_ft": 14.9}, "geometry": {"type": "LineString", "coordinates": [[-73.884143453115, 40.794046616166696], [-73.88437700054345, 40.794039765866195]]}}, {"type": "Feature", "properties": {"segment_id": 1709211, "physicalid": "179447", "street_name": "HAZEN ST", "borough": "bronx", "direction": "FT", "total_row_ft": 78.1, "roadbed_ft": 33.5, "median_ft": 24.9, "left_sw_ft": 4.8, "right_sw_ft": 15.0}, "geometry": {"type": "LineString", "coordinates": [[-73.88410885638577, 40.79399269544487], [-73.88445807375598, 40.793982452290265]]}}, {"type": "Feature", "properties": {"segment_id": 1709212, "physicalid": "179447", "street_name": "HAZEN ST", "borough": "bronx", "direction": "FT", "total_row_ft": 86.8, "roadbed_ft": 32.1, "median_ft": 34.6, "left_sw_ft": 5.0, "right_sw_ft": 15.0}, "geometry": {"type": "LineString", "coordinates": [[-73.88407379120346, 40.793938788453566], [-73.88445528793717, 40.79392759854239]]}}]}