{"type": "FeatureCollection", "features": [{"type": "Feature", "properties": {"segment_id": 713534, "physicalid": "50577", "street_name": "E 233 ST", "borough": "bronx", "direction": "TW", "total_row_ft": 77.3, "roadbed_ft": 60.5, "median_ft": 0.0, "left_sw_ft": 8.5, "right_sw_ft": 8.3}, "geometry": {"type": "LineString", "coordinates": [[-73.84664191108969, 40.89009306515458], [-73.84674970331787, 40.88989724143396]]}}, {"type": "Feature", "properties": {"segment_id": 713535, "physicalid": "50577", "street_name": "E 233 ST", "borough": "bronx", "direction": "TW", "total_row_ft": 77.4, "roadbed_ft": 60.5, "median_ft": 0.0, "left_sw_ft": 8.6, "right_sw_ft": 8.3}, "geometry": {"type": "LineString", "coordinates": [[-73.84657510978968, 40.890072007126136], [-73.84668299023848, 40.88987602349402]]}}, {"type": "Feature", "properties": {"segment_id": 713536, "physicalid": "50577", "street_name": "E 233 ST", "borough": "bronx", "direction": "TW", "total_row_ft": 87.9, "roadbed_ft": 60.6, "median_ft": 0.0, "left_sw_ft": 19.0, "right_sw_ft": 8.3}, "geometry": {"type": "LineString", "coordinates": [[-73.84647889680093, 40.89010438027649], [-73.84661628719775, 40.889854787355794]]}}, {"type": "Feature", "properties": {"segment_id": 713537, "physicalid": "50577", "street_name": "E 233 ST", "borough": "bronx", "direction": "TW", "total_row_ft": 113.6, "roadbed_ft": 90.3, "median_ft": 0.0, "left_sw_ft": 15.0, "right_sw_ft": 8.4}, "geometry": {"type": "LineString", "coordinates": [[-73.84641215104507, 40.890083221322236], [-73.84654967432948, 40.88983338744241]]}}, {"type": "Feature", "properties": {"segment_id": 713538, "physicalid": "50577", "street_name": "E 233 ST", "borough": "bronx", "direction": "TW", "total_row_ft": 113.7, "roadbed_ft": 90.3, "median_ft": 0.0, "left_sw_ft": 15.0, "right_sw_ft": 8.4}, "geometry": {"type": "LineString", "coordinates": [[-73.84634540533168, 40.89006206232929], [-73.84648306163304, 40.88981198725628]]}}, {"type": "Feature", "properties": {"segment_id": 713539, "physicalid": "50578", "street_name": "E 233 ST", "borough": "bronx", "direction": "TW", "total_row_ft": 85.6, "roadbed_ft": 60.2, "median_ft": 8.7, "left_sw_ft": 7.8, "right_sw_ft": 8.8}, "geometry": {"type": "LineString", "coordinates": [[-73.84622150521938, 40.88995700117882], [-73.84633056505162, 40.88976299543534]]}}, {"type": "Feature", "properties": {"segment_id": 713540, "physicalid": "50578", "street_name": "E 233 ST", "borough": "bronx", "direction": "TW", "total_row_ft": 85.6, "roadbed_ft": 60.1, "median_ft": 8.7, "left_sw_ft": 7.8, "right_sw_ft": 9.0}, "geometry": {"type": "LineString", "coordinates": [[-73.84615492886624, 40.88993553717378], [-73.84626402608383, 40.88974146527082]]}}, {"type": "Feature", "properties": {"segment_id": 713541, "physicalid": "50578", "street_name": "E 233 ST", "borough": "bronx", "direction": "TW", "total_row_ft": 85.9, "roadbed_ft": 59.9, "median_ft": 8.7, "left_sw_ft": 7.8, "right_sw_ft": 9.6}, "geometry": {"type": "LineString", "coordinates": [[-73.84608835255612, 40.88991407313027], [-73.8461979618704, 40.889719090607706]]}}, {"type": "Feature", "properties": {"segment_id": 713542, "physicalid": "50578", "street_name": "E 233 ST", "borough": "bronx", "direction": "TW", "total_row_ft": 86.1, "roadbed_ft": 59.8, "median_ft": 8.5, "left_sw_ft": 7.7, "right_sw_ft": 10.1}, "geometry": {"type": "LineString", "coordinates": [[-73.84602177628896, 40.889892609048246], [-73.84613189770147, 40.889696715906695]]}}, {"type": "Feature", "properties": {"segment_id": 713543, "physicalid": "50578", "street_name": "E 233 ST", "borough": "bronx", "direction": "TW", "total_row_ft": 98.1, "roadbed_ft": 65.3, "median_ft": 0.0, "left_sw_ft": 7.9, "right_sw_ft": 25.0}, "geometry": {"type": "LineString", "coordinates": [[-73.84595519991055, 40.889871145202164], [-73.84609444789137, 40.88962343952349]]}}, {"type": "Feature", "properties": {"segment_id": 713544, "physicalid": "50579", "street_name": "E 233 ST", "borough": "bronx", "direction": "TW", "total_row_ft": 112.5, "roadbed_ft": 89.3, "median_ft": 0.0, "left_sw_ft": 8.2, "right_sw_ft": 15.0}, "geometry": {"type": "LineString", "coordinates": [[-73.845807400482, 40.88982349535096], [-73.8459307211094, 40.889572686547616]]}}, {"type": "Feature", "properties": {"segment_id": 713545, "physicalid": "50579", "street_name": "E 233 ST", "borough": "bronx", "direction": "TW", "total_row_ft": 96.4, "roadbed_ft": 61.7, "median_ft": 0.0, "left_sw_ft": 8.2, "right_sw_ft": 26.5}, "geometry": {"type": "LineString", "coordinates": [[-73.84574101348736, 40.889801490593314], [-73.84586295056228, 40.889553496153276]]}}, {"type": "Feature", "properties": {"segment_id": 713546, "physicalid": "50579", "street_name": "E 233 ST", "borough": "bronx", "direction": "TW", "total_row_ft": 81.3, "roadbed_ft": 60.5, "median_ft": 0.0, "left_sw_ft": 8.1, "right_sw_ft": 12.7}, "geometry": {"type": "LineString", "coordinates": [[-73.84567464683673, 40.889779444511525], [-73.84577749017039, 40.88957028328224]]}}, {"type": "Feature", "properties": {"segment_id": 713547, "physicalid": "50579", "street_name": "E 233 ST", "borough": "bronx", "direction": "TW", "total_row_ft": 81.4, "roadbed_ft": 60.4, "median_ft": 0.0, "left_sw_ft": 8.1, "right_sw_ft": 12.9}, "geometry": {"type": "LineString", "coordinates": [[-73.84560828028191, 40.88975739828614], [-73.84571115786545, 40.88954816781348]]}}, {"type": "Feature", "properties": {"segment_id": 713548, "physicalid": "50579", "street_name": "E 233 ST", "borough": "bronx", "direction": "TW", "total_row_ft": 81.4, "roadbed_ft": 60.2, "median_ft": 0.0, "left_sw_ft": 8.0, "right_sw_ft": 13.2}, "geometry": {"type": "LineString", "coordinates": [[-73.84554191377846, 40.88973535200758], [-73.84564482547222, 40.88952605257583]]}}, {"type": "Feature", "properties": {"segment_id": 713549, "physicalid": "50579", "street_name": "E 233 ST", "borough": "bronx", "direction": "TW", "total_row_ft": 81.4, "roadbed_ft": 60.0, "median_ft": 0.0, "left_sw_ft": 8.0, "right_sw_ft": 13.4}, "geometry": {"type": "LineString", "coordinates": [[-73.84547554731903, 40.889713305690755], [-73.8455784153233, 40.8895040955277]]}}, {"type": "Feature", "properties": {"segment_id": 713550, "physicalid": "50579", "street_name": "E 233 ST", "borough": "bronx", "direction": "TW", "total_row_ft": 92.1, "roadbed_ft": 59.9, "median_ft": 0.0, "left_sw_ft": 18.7, "right_sw_ft": 13.5}, "geometry": {"type": "LineString", "coordinates": [[-73.845377396244, 40.889755901701896], [-73.84551197501679, 40.88948219986423]]}}, {"type": "Feature", "properties": {"segment_id": 713551, "physicalid": "50579", "street_name": "E 233 ST", "borough": "bronx", "direction": "TW", "total_row_ft": 126.5, "roadbed_ft": 97.8, "median_ft": 0.0, "left_sw_ft": 15.0, "right_sw_ft": 13.7}, "geometry": {"type": "LineString", "coordinates": [[-73.84530459980948, 40.88974693234302], [-73.8454455347551, 40.88946030416036]]}}, {"type": "Feature", "properties": {"segment_id": 713552, "physicalid": "50579", "street_name": "E 233 ST", "borough": "bronx", "direction": "TW", "total_row_ft": 112.5, "roadbed_ft": 97.5, "median_ft": 0.0, "left_sw_ft": 1.1, "right_sw_ft": 13.9}, "geometry": {"type": "LineString", "coordinates": [[-73.84523682926546, 40.889727741581694], [-73.84537909462887, 40.88943840823162]]}}, {"type": "Feature", "properties": {"segment_id": 713553, "physicalid": "50580", "street_name": "E 233 ST", "borough": "bronx", "direction": "TW", "total_row_ft": 115.8, "roadbed_ft": 95.6, "median_ft": 0.0, "left_sw_ft": 8.2, "right_sw_ft": 12.0}, "geometry": {"type": "LineString", "coordinates": [[-73.84509241158489, 40.88968316058396], [-73.84526710994801, 40.889394364024426]]}}, {"type": "Feature", "properties": {"segment_id": 713554, "physicalid": "50580", "street_name": "E 233 ST", "borough": "bronx", "direction": "TW", "total_row_ft": 152.9, "roadbed_ft": 120.0, "median_ft": 2.9, "left_sw_ft": 15.0, "right_sw_ft": 15.0}, "geometry": {"type": "LineString", "coordinates": [[-73.84502667275859, 40.88966025870832], [-73.84520774242853, 40.889360930078624]]}}, {"type": "Feature", "properties": {"segment_id": 713555, "physicalid": "50580", "street_name": "E 233 ST", "borough": "bronx", "direction": "TW", "total_row_ft": 117.8, "roadbed_ft": 81.8, "median_ft": 0.4, "left_sw_ft": 20.6, "right_sw_ft": 15.0}, "geometry": {"type": "LineString", "coordinates": [[-73.84498744846715, 40.889593525605896], [-73.8451420038812, 40.88933802826728]]}}, {"type": "Feature", "properties": {"segment_id": 713556, "physicalid": "50580", "street_name": "E 233 ST", "borough": "bronx", "direction": "TW", "total_row_ft": 104.4, "roadbed_ft": 60.0, "median_ft": 0.0, "left_sw_ft": 22.4, "right_sw_ft": 21.9}, "geometry": {"type": "LineString", "coordinates": [[-73.84489712729899, 40.889611260962056], [-73.84507626537913, 40.88931512641842]]}}, {"type": "Feature", "properties": {"segment_id": 713557, "physicalid": "50580", "street_name": "E 233 ST", "borough": "bronx", "direction": "TW", "total_row_ft": 78.4, "roadbed_ft": 60.1, "median_ft": 0.0, "left_sw_ft": 9.1, "right_sw_ft": 9.2}, "geometry": {"type": "LineString", "coordinates": [[-73.84487219192403, 40.88952090707116], [-73.84499041900162, 40.88932546518304]]}}, {"type": "Feature", "properties": {"segment_id": 713558, "physicalid": "50580", "street_name": "E 233 ST", "borough": "bronx", "direction": "TW", "total_row_ft": 78.4, "roadbed_ft": 60.7, "median_ft": 0.0, "left_sw_ft": 9.1, "right_sw_ft": 8.5}, "geometry": {"type": "LineString", "coordinates": [[-73.84480534465996, 40.88949983781617], [-73.84492365285335, 40.88930426216551]]}}, {"type": "Feature", "properties": {"segment_id": 713559, "physicalid": "50580", "street_name": "E 233 ST", "borough": "bronx", "direction": "TW", "total_row_ft": 78.5, "roadbed_ft": 61.1, "median_ft": 0.0, "left_sw_ft": 9.2, "right_sw_ft": 8.2}, "geometry": {"type": "LineString", "coordinates": [[-73.84473849740145, 40.88947876858329], [-73.84485688674766, 40.88928305910927]]}}, {"type": "Feature", "properties": {"segment_id": 713560, "physicalid": "50580", "street_name": "E 233 ST", "borough": "bronx", "direction": "TW", "total_row_ft": 78.5, "roadbed_ft": 61.0, "median_ft": 0.0, "left_sw_ft": 9.2, "right_sw_ft": 8.3}, "geometry": {"type": "LineString", "coordinates": [[-73.84467165039325, 40.889457698967824], [-73.84479012068459, 40.88926185601433]]}}, {"type": "Feature", "properties": {"segment_id": 713561, "physicalid": "50580", "street_name": "E 233 ST", "borough": "bronx", "direction": "TW", "total_row_ft": 78.6, "roadbed_ft": 60.9, "median_ft": 0.0, "left_sw_ft": 9.3, "right_sw_ft": 8.4}, "geometry": {"type": "LineString", "coordinates": [[-73.84460480329345, 40.88943662953512], [-73.84472335466408, 40.889240652880666]]}}, {"type": "Feature", "properties": {"segment_id": 713562, "physicalid": "50580", "street_name": "E 233 ST", "borough": "bronx", "direction": "TW", "total_row_ft": 78.6, "roadbed_ft": 60.7, "median_ft": 0.0, "left_sw_ft": 9.4, "right_sw_ft": 8.5}, "geometry": {"type": "LineString", "coordinates": [[-73.844537956236, 40.889415560063576], [-73.8446565886818, 40.88921944971561]]}}, {"type": "Feature", "properties": {"segment_id": 713563, "physicalid": "50580", "street_name": "E 233 ST", "borough": "bronx", "direction": "TW", "total_row_ft": 78.7, "roadbed_ft": 60.6, "median_ft": 0.0, "left_sw_ft": 9.4, "right_sw_ft": 8.6}, "geometry": {"type": "LineString", "coordinates": [[-73.84447110919196, 40.889394490601134], [-73.84458982273817, 40.88919824651829]]}}, {"type": "Feature", "properties": {"segment_id": 713564, "physicalid": "50580", "street_name": "E 233 ST", "borough": "bronx", "direction": "TW", "total_row_ft": 78.8, "roadbed_ft": 60.5, "median_ft": 0.0, "left_sw_ft": 9.5, "right_sw_ft": 8.8}, "geometry": {"type": "LineString", "coordinates": [[-73.84440426209855, 40.889373421251626], [-73.84452312712884, 40.88917692708361]]}}, {"type": "Feature", "properties": {"segment_id": 713565, "physicalid": "50580", "street_name": "E 233 ST", "borough": "bronx", "direction": "TW", "total_row_ft": 94.5, "roadbed_ft": 60.4, "median_ft": 0.0, "left_sw_ft": 25.1, "right_sw_ft": 9.0}, "geometry": {"type": "LineString", "coordinates": [[-73.84430361698303, 40.88940822265456], [-73.84445645039972, 40.889155576470415]]}}, {"type": "Feature", "properties": {"segment_id": 713566, "physicalid": "50580", "street_name": "E 233 ST", "borough": "bronx", "direction": "TW", "total_row_ft": 115.7, "roadbed_ft": 91.6, "median_ft": 0.0, "left_sw_ft": 15.0, "right_sw_ft": 9.1}, "geometry": {"type": "LineString", "coordinates": [[-73.84423781037655, 40.88938543327277], [-73.84438977369625, 40.88913422584698]]}}, {"type": "Feature", "properties": {"segment_id": 713567, "physicalid": "50580", "street_name": "E 233 ST", "borough": "bronx", "direction": "TW", "total_row_ft": 115.1, "roadbed_ft": 90.8, "median_ft": 0.0, "left_sw_ft": 15.0, "right_sw_ft": 9.3}, "geometry": {"type": "LineString", "coordinates": [[-73.84417207213916, 40.889362530909146], [-73.8443230968974, 40.88911287541341]]}}, {"type": "Feature", "properties": {"segment_id": 713568, "physicalid": "50581", "street_name": "E 233 ST", "borough": "bronx", "direction": "TW", "total_row_ft": 105.5, "roadbed_ft": 72.6, "median_ft": 0.0, "left_sw_ft": 19.3, "right_sw_ft": 13.6}, "geometry": {"type": "LineString", "coordinates": [[-73.84403824477212, 40.88928515493026], [-73.84418608992225, 40.88901815091779]]}}, {"type": "Feature", "properties": {"segment_id": 713569, "physicalid": "50581", "street_name": "E 233 ST", "borough": "bronx", "direction": "TW", "total_row_ft": 124.3, "roadbed_ft": 90.1, "median_ft": 0.0, "left_sw_ft": 19.1, "right_sw_ft": 15.0}, "geometry": {"type": "LineString", "coordinates": [[-73.84397167375288, 40.8892636815756], [-73.84412477745475, 40.88898718122737]]}}, {"type": "Feature", "properties": {"segment_id": 713570, "physicalid": "50581", "street_name": "E 233 ST", "borough": "bronx", "direction": "TW", "total_row_ft": 124.2, "roadbed_ft": 90.2, "median_ft": 0.0, "left_sw_ft": 19.0, "right_sw_ft": 15.0}, "geometry": {"type": "LineString", "coordinates": [[-73.84390510277666, 40.889242208182495], [-73.84405809176256, 40.88896591550609]]}}, {"type": "Feature", "properties": {"segment_id": 713571, "physicalid": "50581", "street_name": "E 233 ST", "borough": "bronx", "direction": "TW", "total_row_ft": 101.5, "roadbed_ft": 61.2, "median_ft": 0.0, "left_sw_ft": 18.9, "right_sw_ft": 21.5}, "geometry": {"type": "LineString", "coordinates": [[-73.8438385318429, 40.889220734751866], [-73.84399140611302, 40.88894464974618]]}}, {"type": "Feature", "properties": {"segment_id": 713572, "physicalid": "50581", "street_name": "E 233 ST", "borough": "bronx", "direction": "TW", "total_row_ft": 91.3, "roadbed_ft": 61.1, "median_ft": 0.0, "left_sw_ft": 18.7, "right_sw_ft": 11.5}, "geometry": {"type": "LineString", "coordinates": [[-73.84377196094799, 40.88919926129031], [-73.84389990967288, 40.88896819144042]]}}, {"type": "Feature", "properties": {"segment_id": 713573, "physicalid": "50581", "street_name": "E 233 ST", "borough": "bronx", "direction": "TW", "total_row_ft": 91.3, "roadbed_ft": 61.0, "median_ft": 0.0, "left_sw_ft": 18.6, "right_sw_ft": 11.8}, "geometry": {"type": "LineString", "coordinates": [[-73.84370539009608, 40.88917778779023], [-73.84383335915342, 40.888946681636895]]}}, {"type": "Feature", "properties": {"segment_id": 713574, "physicalid": "50581", "street_name": "E 233 ST", "borough": "bronx", "direction": "TW", "total_row_ft": 93.4, "roadbed_ft": 60.8, "median_ft": 2.0, "left_sw_ft": 18.5, "right_sw_ft": 12.0}, "geometry": {"type": "LineString", "coordinates": [[-73.84363881927132, 40.88915631428035], [-73.84376680861186, 40.88892517191261]]}}, {"type": "Feature", "properties": {"segment_id": 713575, "physicalid": "50581", "street_name": "E 233 ST", "borough": "bronx", "direction": "TW", "total_row_ft": 96.3, "roadbed_ft": 60.7, "median_ft": 5.0, "left_sw_ft": 18.4, "right_sw_ft": 12.3}, "geometry": {"type": "LineString", "coordinates": [[-73.84357224854386, 40.889134840633886], [-73.84370025811339, 40.88890366214987]]}}, {"type": "Feature", "properties": {"segment_id": 713576, "physicalid": "50581", "street_name": "E 233 ST", "borough": "bronx", "direction": "TW", "total_row_ft": 99.4, "roadbed_ft": 60.5, "median_ft": 7.9, "left_sw_ft": 18.5, "right_sw_ft": 12.5}, "geometry": {"type": "LineString", "coordinates": [[-73.84350553629719, 40.889113622601414], [-73.84363370765796, 40.88888215234865]]}}, {"type": "Feature", "properties": {"segment_id": 713577, "physicalid": "50581", "street_name": "E 233 ST", "borough": "bronx", "direction": "TW", "total_row_ft": 102.0, "roadbed_ft": 60.4, "median_ft": 10.2, "left_sw_ft": 18.7, "right_sw_ft": 12.8}, "geometry": {"type": "LineString", "coordinates": [[-73.84343854290752, 40.88909291233273], [-73.8435671572456, 40.88886064250898]]}}, {"type": "Feature", "properties": {"segment_id": 713578, "physicalid": "50581", "street_name": "E 233 ST", "borough": "bronx", "direction": "TW", "total_row_ft": 102.1, "roadbed_ft": 60.2, "median_ft": 10.1, "left_sw_ft": 18.9, "right_sw_ft": 12.9}, "geometry": {"type": "LineString", "coordinates": [[-73.84337154963578, 40.88907220188756], [-73.84350046633308, 40.88883938644405]]}}, {"type": "Feature", "properties": {"segment_id": 713579, "physicalid": "50581", "street_name": "E 233 ST", "borough": "bronx", "direction": "TW", "total_row_ft": 102.2, "roadbed_ft": 60.2, "median_ft": 10.0, "left_sw_ft": 19.1, "right_sw_ft": 12.8}, "geometry": {"type": "LineString", "coordinates": [[-73.84330455644344, 40.88905149133534], [-73.8434336430144, 40.8888183695352]]}}, {"type": "Feature", "properties": {"segment_id": 713580, "physicalid": "50581", "street_name": "E 233 ST", "borough": "bronx", "direction": "TW", "total_row_ft": 102.1, "roadbed_ft": 60.2, "median_ft": 10.0, "left_sw_ft": 19.2, "right_sw_ft": 12.7}, "geometry": {"type": "LineString", "coordinates": [[-73.84323776802627, 40.8890304110113], [-73.84336681973797, 40.88879735258759]]}}, {"type": "Feature", "properties": {"segment_id": 713581, "physicalid": "50581", "street_name": "E 233 ST", "borough": "bronx", "direction": "TW", "total_row_ft": 101.9, "roadbed_ft": 60.2, "median_ft": 9.9, "left_sw_ft": 19.2, "right_sw_ft": 12.6}, "geometry": {"type": "LineString", "coordinates": [[-73.84317117901094, 40.88900897062118], [-73.8432999965038, 40.88877633560121]]}}, {"type": "Feature", "properties": {"segment_id": 713582, "physicalid": "50581", "street_name": "E 233 ST", "borough": "bronx", "direction": "TW", "total_row_ft": 101.6, "roadbed_ft": 60.2, "median_ft": 9.9, "left_sw_ft": 19.1, "right_sw_ft": 12.5}, "geometry": {"type": "LineString", "coordinates": [[-73.84310459003852, 40.888987530192544], [-73.8432331733119, 40.88875531857607]]}}, {"type": "Feature", "properties": {"segment_id": 713583, "physicalid": "50581", "street_name": "E 233 ST", "borough": "bronx", "direction": "TW", "total_row_ft": 101.1, "roadbed_ft": 60.2, "median_ft": 9.5, "left_sw_ft": 19.0, "right_sw_ft": 12.4}, "geometry": {"type": "LineString", "coordinates": [[-73.84303800110911, 40.88896608972543], [-73.84316635016222, 40.88873430151217]]}}, {"type": "Feature", "properties": {"segment_id": 713584, "physicalid": "50582", "street_name": "E 233 ST", "borough": "bronx", "direction": "TW", "total_row_ft": 108.6, "roadbed_ft": 78.4, "median_ft": 0.0, "left_sw_ft": 18.9, "right_sw_ft": 11.2}, "geometry": {"type": "LineString", "coordinates": [[-73.84292289427252, 40.88892902721994], [-73.8430823898123, 40.88865671786123]]}}, {"type": "Feature", "properties": {"segment_id": 713585, "physicalid": "50582", "street_name": "E 233 ST", "borough": "bronx", "direction": "TW", "total_row_ft": 124.9, "roadbed_ft": 91.0, "median_ft": 0.0, "left_sw_ft": 18.9, "right_sw_ft": 15.0}, "geometry": {"type": "LineString", "coordinates": [[-73.8428562962259, 40.88890758367444], [-73.84301768847233, 40.88863203649688]]}}, {"type": "Feature", "properties": {"segment_id": 713586, "physicalid": "50582", "street_name": "E 233 ST", "borough": "bronx", "direction": "TW", "total_row_ft": 125.2, "roadbed_ft": 91.4, "median_ft": 0.0, "left_sw_ft": 18.8, "right_sw_ft": 15.0}, "geometry": {"type": "LineString", "coordinates": [[-73.84278969822226, 40.88888614009042], [-73.84295159034878, 40.8886097399328]]}}, {"type": "Feature", "properties": {"segment_id": 713587, "physicalid": "50582", "street_name": "E 233 ST", "borough": "bronx", "direction": "TW", "total_row_ft": 114.0, "roadbed_ft": 59.8, "median_ft": 4.6, "left_sw_ft": 18.8, "right_sw_ft": 30.9}, "geometry": {"type": "LineString", "coordinates": [[-73.84272310026158, 40.888864696467905], [-73.84288549226955, 40.888587443330756]]}}, {"type": "Feature", "properties": {"segment_id": 713588, "physicalid": "50582", "street_name": "E 233 ST", "borough": "bronx", "direction": "TW", "total_row_ft": 98.2, "roadbed_ft": 60.0, "median_ft": 5.0, "left_sw_ft": 18.7, "right_sw_ft": 14.5}, "geometry": {"type": "LineString", "coordinates": [[-73.84265650231248, 40.88884325286046], [-73.84279340602727, 40.88860951665584]]}}, {"type": "Feature", "properties": {"segment_id": 713589, "physicalid": "50582", "street_name": "E 233 ST", "borough": "bronx", "direction": "TW", "total_row_ft": 98.4, "roadbed_ft": 60.1, "median_ft": 5.3, "left_sw_ft": 18.7, "right_sw_ft": 14.4}, "geometry": {"type": "LineString", "coordinates": [[-73.84258978381462, 40.88882201510003], [-73.84272664586092, 40.888588350440386]]}}, {"type": "Feature", "properties": {"segment_id": 713590, "physicalid": "50582", "street_name": "E 233 ST", "borough": "bronx", "direction": "TW", "total_row_ft": 98.4, "roadbed_ft": 60.2, "median_ft": 5.2, "left_sw_ft": 18.8, "right_sw_ft": 14.2}, "geometry": {"type": "LineString", "coordinates": [[-73.84252299096973, 40.88880090430573], [-73.84265988573706, 40.888567184186236]]}}, {"type": "Feature", "properties": {"segment_id": 713591, "physicalid": "50582", "street_name": "E 233 ST", "borough": "bronx", "direction": "TW", "total_row_ft": 98.0, "roadbed_ft": 60.3, "median_ft": 4.8, "left_sw_ft": 18.9, "right_sw_ft": 14.1}, "geometry": {"type": "LineString", "coordinates": [[-73.84245619816727, 40.8887797934727], [-73.84259312565574, 40.888546017893404]]}}, {"type": "Feature", "properties": {"segment_id": 713592, "physicalid": "50582", "street_name": "E 233 ST", "borough": "bronx", "direction": "TW", "total_row_ft": 97.5, "roadbed_ft": 60.4, "median_ft": 4.2, "left_sw_ft": 19.0, "right_sw_ft": 13.9}, "geometry": {"type": "LineString", "coordinates": [[-73.84238940540725, 40.888758682600965], [-73.8425263656169, 40.88852485156185]]}}, {"type": "Feature", "properties": {"segment_id": 713593, "physicalid": "50582", "street_name": "E 233 ST", "borough": "bronx", "direction": "TW", "total_row_ft": 103.1, "roadbed_ft": 60.8, "median_ft": 3.7, "left_sw_ft": 18.6, "right_sw_ft": 19.9}, "geometry": {"type": "LineString", "coordinates": [[-73.84232261268961, 40.888737571690484], [-73.84248890472534, 40.88845366292177]]}}, {"type": "Feature", "properties": {"segment_id": 713594, "physicalid": "50582", "street_name": "E 233 ST", "borough": "bronx", "direction": "TW", "total_row_ft": 114.0, "roadbed_ft": 57.9, "median_ft": 3.5, "left_sw_ft": 20.0, "right_sw_ft": 32.6}, "geometry": {"type": "LineString", "coordinates": [[-73.84224652237815, 40.88873233439825], [-73.84241535393582, 40.8884440905594]]}}, {"type": "Feature", "properties": {"segment_id": 713595, "physicalid": "50582", "street_name": "E 233 ST", "borough": "bronx", "direction": "TW", "total_row_ft": 104.7, "roadbed_ft": 54.8, "median_ft": 3.3, "left_sw_ft": 23.1, "right_sw_ft": 23.5}, "geometry": {"type": "LineString", "coordinates": [[-73.84218042441351, 40.88871003739298], [-73.84232935111537, 40.88845577741986]]}}, {"type": "Feature", "properties": {"segment_id": 713596, "physicalid": "50582", "street_name": "E 233 ST", "borough": "bronx", "direction": "TW", "total_row_ft": 112.2, "roadbed_ft": 77.6, "median_ft": 0.0, "left_sw_ft": 15.0, "right_sw_ft": 19.6}, "geometry": {"type": "LineString", "coordinates": [[-73.84211432649323, 40.88868774034979], [-73.84225714361563, 40.8884439116108]]}}, {"type": "Feature", "properties": {"segment_id": 713597, "physicalid": "50582", "street_name": "E 233 ST", "borough": "bronx", "direction": "TW", "total_row_ft": 150.0, "roadbed_ft": 120.0, "median_ft": 0.0, "left_sw_ft": 15.0, "right_sw_ft": 15.0}, "geometry": {"type": "LineString", "coordinates": [[-73.84204822861727, 40.8886654432686], [-73.842224513916, 40.888364475223604]]}}, {"type": "Feature", "properties": {"segment_id": 713598, "physicalid": "50582", "street_name": "E 233 ST", "borough": "bronx", "direction": "TW", "total_row_ft": 135.0, "roadbed_ft": 119.1, "median_ft": 0.0, "left_sw_ft": 15.0, "right_sw_ft": 0.9}, "geometry": {"type": "LineString", "coordinates": [[-73.84198213078565, 40.888643146149505], [-73.8421584163245, 40.8883421782042]]}}, {"type": "Feature", "properties": {"segment_id": 713599, "physicalid": "50583", "street_name": "E 233 ST", "borough": "bronx", "direction": "TW", "total_row_ft": 150.0, "roadbed_ft": 120.0, "median_ft": 0.0, "left_sw_ft": 15.0, "right_sw_ft": 15.0}, "geometry": {"type": "LineString", "coordinates": [[-73.84193815868797, 40.888624790411306], [-73.84187740081715, 40.88829867167075]]}}, {"type": "Feature", "properties": {"segment_id": 713600, "physicalid": "50583", "street_name": "E 233 ST", "borough": "bronx", "direction": "TW", "total_row_ft": 135.0, "roadbed_ft": 84.8, "median_ft": 2.1, "left_sw_ft": 33.1, "right_sw_ft": 15.0}, "geometry": {"type": "LineString", "coordinates": [[-73.84186653730866, 40.88863247523683], [-73.84180577978218, 40.888306356459026]]}}, {"type": "Feature", "properties": {"segment_id": 713601, "physicalid": "50583", "street_name": "E 233 ST", "borough": "bronx", "direction": "TW", "total_row_ft": 96.4, "roadbed_ft": 49.4, "median_ft": 9.8, "left_sw_ft": 20.4, "right_sw_ft": 16.8}, "geometry": {"type": "LineString", "coordinates": [[-73.84178395025685, 40.88858130126281], [-73.84173516607449, 40.88831944822429]]}}, {"type": "Feature", "properties": {"segment_id": 713602, "physicalid": "50583", "street_name": "E 233 ST", "borough": "bronx", "direction": "TW", "total_row_ft": 89.4, "roadbed_ft": 49.7, "median_ft": 9.5, "left_sw_ft": 19.1, "right_sw_ft": 11.1}, "geometry": {"type": "LineString", "coordinates": [[-73.84171225462318, 40.888588587269766], [-73.84166698066724, 40.88834557431731]]}}, {"type": "Feature", "properties": {"segment_id": 713603, "physicalid": "50583", "street_name": "E 233 ST", "borough": "bronx", "direction": "TW", "total_row_ft": 89.7, "roadbed_ft": 50.8, "median_ft": 10.2, "left_sw_ft": 17.7, "right_sw_ft": 11.0}, "geometry": {"type": "LineString", "coordinates": [[-73.84164055897091, 40.88859587321686], [-73.84159600611405, 40.88835672947181]]}}, {"type": "Feature", "properties": {"segment_id": 713604, "physicalid": "50583", "street_name": "E 233 ST", "borough": "bronx", "direction": "TW", "total_row_ft": 96.6, "roadbed_ft": 59.3, "median_ft": 10.0, "left_sw_ft": 16.4, "right_sw_ft": 10.9}, "geometry": {"type": "LineString", "coordinates": [[-73.84156886329403, 40.88860315907162], [-73.84152503149704, 40.88836788436804]]}}, {"type": "Feature", "properties": {"segment_id": 713605, "physicalid": "50583", "street_name": "E 233 ST", "borough": "bronx", "direction": "TW", "total_row_ft": 95.2, "roadbed_ft": 59.3, "median_ft": 10.1, "left_sw_ft": 15.1, "right_sw_ft": 10.8}, "geometry": {"type": "LineString", "coordinates": [[-73.8414971676045, 40.88861044489848], [-73.84145405683877, 40.888379039126775]]}}, {"type": "Feature", "properties": {"segment_id": 713606, "physicalid": "50583", "street_name": "E 233 ST", "borough": "bronx", "direction": "TW", "total_row_ft": 95.9, "roadbed_ft": 59.4, "median_ft": 10.3, "left_sw_ft": 15.7, "right_sw_ft": 10.6}, "geometry": {"type": "LineString", "coordinates": [[-73.84142645897731, 40.88862302903363], [-73.84138308209123, 40.888390193490665]]}}, {"type": "Feature", "properties": {"segment_id": 713607, "physicalid": "50583", "street_name": "E 233 ST", "borough": "bronx", "direction": "TW", "total_row_ft": 96.8, "roadbed_ft": 59.4, "median_ft": 10.5, "left_sw_ft": 16.4, "right_sw_ft": 10.5}, "geometry": {"type": "LineString", "coordinates": [[-73.84135581270206, 40.88863594795833], [-73.84131210730847, 40.888401347749785]]}}, {"type": "Feature", "properties": {"segment_id": 713608, "physicalid": "50583", "street_name": "E 233 ST", "borough": "bronx", "direction": "TW", "total_row_ft": 97.7, "roadbed_ft": 59.4, "median_ft": 10.6, "left_sw_ft": 17.2, "right_sw_ft": 10.6}, "geometry": {"type": "LineString", "coordinates": [[-73.84128516644077, 40.88864886706215], [-73.84124103896728, 40.888411999888866]]}}, {"type": "Feature", "properties": {"segment_id": 713609, "physicalid": "50583", "street_name": "E 233 ST", "borough": "bronx", "direction": "TW", "total_row_ft": 98.7, "roadbed_ft": 59.4, "median_ft": 10.6, "left_sw_ft": 17.9, "right_sw_ft": 10.9}, "geometry": {"type": "LineString", "coordinates": [[-73.8412145201156, 40.88866178592729], [-73.84116988876211, 40.88842221267324]]}}, {"type": "Feature", "properties": {"segment_id": 713610, "physicalid": "50583", "street_name": "E 233 ST", "borough": "bronx", "direction": "TW", "total_row_ft": 116.9, "roadbed_ft": 90.7, "median_ft": 0.0, "left_sw_ft": 15.0, "right_sw_ft": 11.2}, "geometry": {"type": "LineString", "coordinates": [[-73.84115032260482, 40.88870932104718], [-73.84109873855009, 40.888432425494386]]}}, {"type": "Feature", "properties": {"segment_id": 713611, "physicalid": "50584", "street_name": "E 233 ST", "borough": "bronx", "direction": "TW", "total_row_ft": 101.1, "roadbed_ft": 64.2, "median_ft": 0.0, "left_sw_ft": 25.6, "right_sw_ft": 11.4}, "geometry": {"type": "LineString", "coordinates": [[-73.84104223853384, 40.88872302755667], [-73.84097035725544, 40.888450853081565]]}}, {"type": "Feature", "properties": {"segment_id": 713612, "physicalid": "50584", "street_name": "E 233 ST", "borough": "bronx", "direction": "TW", "total_row_ft": 95.7, "roadbed_ft": 59.6, "median_ft": 9.6, "left_sw_ft": 15.1, "right_sw_ft": 11.4}, "geometry": {"type": "LineString", "coordinates": [[-73.84096054139093, 40.888693020646976], [-73.84089938002046, 40.88846143542737]]}}, {"type": "Feature", "properties": {"segment_id": 713613, "physicalid": "50584", "street_name": "E 233 ST", "borough": "bronx", "direction": "TW", "total_row_ft": 104.8, "roadbed_ft": 59.6, "median_ft": 10.1, "left_sw_ft": 15.5, "right_sw_ft": 19.7}, "geometry": {"type": "LineString", "coordinates": [[-73.84088987441835, 40.88870477876862], [-73.84081510413867, 40.888421662568014]]}}, {"type": "Feature", "properties": {"segment_id": 713614, "physicalid": "50584", "street_name": "E 233 ST", "borough": "bronx", "direction": "TW", "total_row_ft": 96.9, "roadbed_ft": 59.6, "median_ft": 10.1, "left_sw_ft": 15.9, "right_sw_ft": 11.3}, "geometry": {"type": "LineString", "coordinates": [[-73.84081920742082, 40.88871653684699], [-73.84075755783135, 40.88848310112673]]}}, {"type": "Feature", "properties": {"segment_id": 713615, "physicalid": "50584", "street_name": "E 233 ST", "borough": "bronx", "direction": "TW", "total_row_ft": 95.1, "roadbed_ft": 59.6, "median_ft": 8.3, "left_sw_ft": 16.0, "right_sw_ft": 11.2}, "geometry": {"type": "LineString", "coordinates": [[-73.84074837021352, 40.88872765047849], [-73.84068664673792, 40.88849393404661]]}}, {"type": "Feature", "properties": {"segment_id": 713616, "physicalid": "50584", "street_name": "E 233 ST", "borough": "bronx", "direction": "TW", "total_row_ft": 91.1, "roadbed_ft": 59.7, "median_ft": 5.2, "left_sw_ft": 15.1, "right_sw_ft": 11.1}, "geometry": {"type": "LineString", "coordinates": [[-73.84067680016011, 40.8887359892272], [-73.84061573561353, 40.888504766893085]]}}, {"type": "Feature", "properties": {"segment_id": 713617, "physicalid": "50584", "street_name": "E 233 ST", "borough": "bronx", "direction": "TW", "total_row_ft": 105.9, "roadbed_ft": 59.7, "median_ft": 2.0, "left_sw_ft": 14.3, "right_sw_ft": 29.9}, "geometry": {"type": "LineString", "coordinates": [[-73.8406052299952, 40.88874432757747], [-73.84053141176294, 40.88846481175597]]}}, {"type": "Feature", "properties": {"segment_id": 713618, "physicalid": "50584", "street_name": "E 233 ST", "borough": "bronx", "direction": "TW", "total_row_ft": 80.0, "roadbed_ft": 59.9, "median_ft": 0.0, "left_sw_ft": 9.0, "right_sw_ft": 11.1}, "geometry": {"type": "LineString", "coordinates": [[-73.8405306604514, 40.8887413086781], [-73.84047383196788, 40.888526124503166]]}}, {"type": "Feature", "properties": {"segment_id": 713619, "physicalid": "50584", "street_name": "E 233 ST", "borough": "bronx", "direction": "TW", "total_row_ft": 79.9, "roadbed_ft": 60.1, "median_ft": 0.0, "left_sw_ft": 8.7, "right_sw_ft": 11.0}, "geometry": {"type": "LineString", "coordinates": [[-73.84045961371557, 40.888751629023034], [-73.8404028578726, 40.88853671903587]]}}, {"type": "Feature", "properties": {"segment_id": 713620, "physicalid": "50584", "street_name": "E 233 ST", "borough": "bronx", "direction": "TW", "total_row_ft": 79.8, "roadbed_ft": 60.3, "median_ft": 0.0, "left_sw_ft": 8.4, "right_sw_ft": 11.0}, "geometry": {"type": "LineString", "coordinates": [[-73.84038856700772, 40.888761949514006], [-73.84033188377754, 40.88854731361119]]}}, {"type": "Feature", "properties": {"segment_id": 713621, "physicalid": "50584", "street_name": "E 233 ST", "borough": "bronx", "direction": "TW", "total_row_ft": 79.7, "roadbed_ft": 60.5, "median_ft": 0.0, "left_sw_ft": 8.1, "right_sw_ft": 11.0}, "geometry": {"type": "LineString", "coordinates": [[-73.84031752027786, 40.888772269961215], [-73.8402609096598, 40.888557908142865]]}}, {"type": "Feature", "properties": {"segment_id": 713622, "physicalid": "50585", "street_name": "E 233 ST", "borough": "bronx", "direction": "TW", "total_row_ft": 116.7, "roadbed_ft": 90.3, "median_ft": 0.0, "left_sw_ft": 15.0, "right_sw_ft": 11.4}, "geometry": {"type": "LineString", "coordinates": [[-73.84016990405418, 40.888856481237134], [-73.84009072614715, 40.88858389621511]]}}, {"type": "Feature", "properties": {"segment_id": 713623, "physicalid": "50585", "street_name": "E 233 ST", "borough": "bronx", "direction": "TW", "total_row_ft": 88.6, "roadbed_ft": 59.8, "median_ft": 10.2, "left_sw_ft": 7.5, "right_sw_ft": 11.1}, "geometry": {"type": "LineString", "coordinates": [[-73.8400809115961, 40.88880510965559], [-73.840019837746, 40.888594850319365]]}}, {"type": "Feature", "properties": {"segment_id": 774403, "physicalid": "54460", "street_name": "EASTCHESTER RD", "borough": "bronx", "direction": "TW", "total_row_ft": 93.5, "roadbed_ft": 60.6, "median_ft": 6.6, "left_sw_ft": 6.6, "right_sw_ft": 19.7}, "geometry": {"type": "LineString", "coordinates": [[-73.84811132486192, 40.87998990672632], [-73.84782198509812, 40.880082600341744]]}}, {"type": "Feature", "properties": {"segment_id": 774404, "physicalid": "54460", "street_name": "EASTCHESTER RD", "borough": "bronx", "direction": "TW", "total_row_ft": 112.2, "roadbed_ft": 65.0, "median_ft": 13.5, "left_sw_ft": 13.5, "right_sw_ft": 20.2}, "geometry": {"type": "LineString", "coordinates": [[-73.84817783344126, 40.88002818315777], [-73.84784891164236, 40.88013355745891]]}}, {"type": "Feature", "properties": {"segment_id": 774405, "physicalid": "54461", "street_name": "EASTCHESTER RD", "borough": "bronx", "direction": "TW", "total_row_ft": 112.2, "roadbed_ft": 88.2, "median_ft": 0.0, "left_sw_ft": 9.0, "right_sw_ft": 15.0}, "geometry": {"type": "LineString", "coordinates": [[-73.84821117862795, 40.88015956446174], [-73.84788630453725, 40.880261512360704]]}}, {"type": "Feature", "properties": {"segment_id": 774406, "physicalid": "54461", "street_name": "EASTCHESTER RD", "borough": "bronx", "direction": "TW", "total_row_ft": 95.1, "roadbed_ft": 62.7, "median_ft": 0.0, "left_sw_ft": 9.3, "right_sw_ft": 23.1}, "geometry": {"type": "LineString", "coordinates": [[-73.84823957684512, 40.880210053519235], [-73.84792166932442, 40.88030981528469]]}}, {"type": "Feature", "properties": {"segment_id": 774407, "physicalid": "54461", "street_name": "EASTCHESTER RD", "borough": "bronx", "direction": "TW", "total_row_ft": 78.4, "roadbed_ft": 61.6, "median_ft": 0.0, "left_sw_ft": 9.2, "right_sw_ft": 7.6}, "geometry": {"type": "LineString", "coordinates": [[-73.84826711527509, 40.88026081239211], [-73.84800499490315, 40.88034306782651]]}}, {"type": "Feature", "properties": {"segment_id": 774408, "physicalid": "54461", "street_name": "EASTCHESTER RD", "borough": "bronx", "direction": "TW", "total_row_ft": 78.4, "roadbed_ft": 61.4, "median_ft": 0.0, "left_sw_ft": 9.1, "right_sw_ft": 7.9}, "geometry": {"type": "LineString", "coordinates": [[-73.848294388228, 40.88031165458033], [-73.84803254118746, 40.8803938242505]]}}, {"type": "Feature", "properties": {"segment_id": 774409, "physicalid": "54461", "street_name": "EASTCHESTER RD", "borough": "bronx", "direction": "TW", "total_row_ft": 78.3, "roadbed_ft": 61.1, "median_ft": 0.0, "left_sw_ft": 9.0, "right_sw_ft": 8.2}, "geometry": {"type": "LineString", "coordinates": [[-73.8483216776694, 40.88036249160051], [-73.84806008751382, 40.88044458066741]]}}, {"type": "Feature", "properties": {"segment_id": 774410, "physicalid": "54461", "street_name": "EASTCHESTER RD", "borough": "bronx", "direction": "TW", "total_row_ft": 78.2, "roadbed_ft": 60.8, "median_ft": 0.0, "left_sw_ft": 8.9, "right_sw_ft": 8.5}, "geometry": {"type": "LineString", "coordinates": [[-73.84834896725505, 40.880413328581575], [-73.84808763388223, 40.880495337077285]]}}, {"type": "Feature", "properties": {"segment_id": 774411, "physicalid": "54461", "street_name": "EASTCHESTER RD", "borough": "bronx", "direction": "TW", "total_row_ft": 78.1, "roadbed_ft": 60.5, "median_ft": 0.0, "left_sw_ft": 8.8, "right_sw_ft": 8.8}, "geometry": {"type": "LineString", "coordinates": [[-73.84837625688243, 40.88046416555571], [-73.84811518033324, 40.880546093467395]]}}, {"type": "Feature", "properties": {"segment_id": 774412, "physicalid": "54461", "street_name": "EASTCHESTER RD", "borough": "bronx", "direction": "TW", "total_row_ft": 78.0, "roadbed_ft": 60.3, "median_ft": 0.0, "left_sw_ft": 8.7, "right_sw_ft": 9.1}, "geometry": {"type": "LineString", "coordinates": [[-73.84840354655155, 40.88051500252295], [-73.84814272690659, 40.88059684982526]]}}, {"type": "Feature", "properties": {"segment_id": 774413, "physicalid": "54461", "street_name": "EASTCHESTER RD", "borough": "bronx", "direction": "TW", "total_row_ft": 78.0, "roadbed_ft": 60.4, "median_ft": 0.0, "left_sw_ft": 8.6, "right_sw_ft": 9.0}, "geometry": {"type": "LineString", "coordinates": [[-73.84843083623737, 40.8805658394911], [-73.84817027352199, 40.88064760617605]]}}, {"type": "Feature", "properties": {"segment_id": 774414, "physicalid": "54461", "street_name": "EASTCHESTER RD", "borough": "bronx", "direction": "TW", "total_row_ft": 77.9, "roadbed_ft": 60.5, "median_ft": 0.0, "left_sw_ft": 8.5, "right_sw_ft": 8.9}, "geometry": {"type": "LineString", "coordinates": [[-73.84845812595852, 40.88061667645434], [-73.84819782017945, 40.88069836251984]]}}, {"type": "Feature", "properties": {"segment_id": 774415, "physicalid": "54461", "street_name": "EASTCHESTER RD", "borough": "bronx", "direction": "TW", "total_row_ft": 101.2, "roadbed_ft": 62.2, "median_ft": 0.0, "left_sw_ft": 30.3, "right_sw_ft": 8.7}, "geometry": {"type": "LineString", "coordinates": [[-73.84856367068195, 40.88064295621215], [-73.84822536687898, 40.880749118856556]]}}, {"type": "Feature", "properties": {"segment_id": 774416, "physicalid": "54462", "street_name": "EASTCHESTER RD", "borough": "bronx", "direction": "TW", "total_row_ft": 101.1, "roadbed_ft": 69.1, "median_ft": 0.0, "left_sw_ft": 23.3, "right_sw_ft": 8.6}, "geometry": {"type": "LineString", "coordinates": [[-73.84862068031065, 40.88074919336974], [-73.84828100188675, 40.880851495762506]]}}, {"type": "Feature", "properties": {"segment_id": 774417, "physicalid": "54462", "street_name": "EASTCHESTER RD", "borough": "bronx", "direction": "TW", "total_row_ft": 76.8, "roadbed_ft": 60.2, "median_ft": 0.0, "left_sw_ft": 7.6, "right_sw_ft": 9.0}, "geometry": {"type": "LineString", "coordinates": [[-73.84856663630023, 40.88082452778333], [-73.8483085839784, 40.88090224638765]]}}, {"type": "Feature", "properties": {"segment_id": 774418, "physicalid": "54462", "street_name": "EASTCHESTER RD", "borough": "bronx", "direction": "TW", "total_row_ft": 77.5, "roadbed_ft": 59.5, "median_ft": 0.0, "left_sw_ft": 8.6, "right_sw_ft": 9.4}, "geometry": {"type": "LineString", "coordinates": [[-73.84859669517951, 40.88087453245538], [-73.84833616611212, 40.8809529970057]]}}, {"type": "Feature", "properties": {"segment_id": 774419, "physicalid": "54462", "street_name": "EASTCHESTER RD", "borough": "bronx", "direction": "TW", "total_row_ft": 78.1, "roadbed_ft": 59.5, "median_ft": 0.0, "left_sw_ft": 9.4, "right_sw_ft": 9.1}, "geometry": {"type": "LineString", "coordinates": [[-73.8486261488212, 40.88092471941544], [-73.84836374828798, 40.88100374761671]]}}, {"type": "Feature", "properties": {"segment_id": 774420, "physicalid": "54462", "street_name": "EASTCHESTER RD", "borough": "bronx", "direction": "TW", "total_row_ft": 78.5, "roadbed_ft": 59.5, "median_ft": 0.0, "left_sw_ft": 10.1, "right_sw_ft": 8.8}, "geometry": {"type": "LineString", "coordinates": [[-73.84865515134918, 40.88097504224532], [-73.84839133050593, 40.88105449822066]]}}, {"type": "Feature", "properties": {"segment_id": 774421, "physicalid": "54462", "street_name": "EASTCHESTER RD", "borough": "bronx", "direction": "TW", "total_row_ft": 78.9, "roadbed_ft": 59.6, "median_ft": 0.0, "left_sw_ft": 10.8, "right_sw_ft": 8.6}, "geometry": {"type": "LineString", "coordinates": [[-73.84868415392103, 40.88102536506744], [-73.84841891276604, 40.88110524881755]]}}, {"type": "Feature", "properties": {"segment_id": 774422, "physicalid": "54462", "street_name": "EASTCHESTER RD", "borough": "bronx", "direction": "TW", "total_row_ft": 99.9, "roadbed_ft": 61.2, "median_ft": 0.0, "left_sw_ft": 11.4, "right_sw_ft": 27.3}, "geometry": {"type": "LineString", "coordinates": [[-73.84871315653682, 40.881075687881825], [-73.8483773806534, 40.88117681474604]]}}, {"type": "Feature", "properties": {"segment_id": 774423, "physicalid": "54462", "street_name": "EASTCHESTER RD", "borough": "bronx", "direction": "TW", "total_row_ft": 115.6, "roadbed_ft": 88.8, "median_ft": 0.0, "left_sw_ft": 11.8, "right_sw_ft": 15.0}, "geometry": {"type": "LineString", "coordinates": [[-73.84874215919648, 40.88112601068841], [-73.8484040567822, 40.88122783825845]]}}, {"type": "Feature", "properties": {"segment_id": 774424, "physicalid": "54462", "street_name": "EASTCHESTER RD", "borough": "bronx", "direction": "TW", "total_row_ft": 116.3, "roadbed_ft": 89.1, "median_ft": 0.0, "left_sw_ft": 12.2, "right_sw_ft": 15.0}, "geometry": {"type": "LineString", "coordinates": [[-73.84877116190006, 40.88117633348727], [-73.84843073295191, 40.88127886176418]]}}, {"type": "Feature", "properties": {"segment_id": 774425, "physicalid": "54462", "street_name": "EASTCHESTER RD", "borough": "bronx", "direction": "TW", "total_row_ft": 117.0, "roadbed_ft": 89.4, "median_ft": 0.0, "left_sw_ft": 12.6, "right_sw_ft": 15.0}, "geometry": {"type": "LineString", "coordinates": [[-73.848800164612, 40.88122665628909], [-73.84845740916259, 40.881329885263256]]}}, {"type": "Feature", "properties": {"segment_id": 774426, "physicalid": "54462", "street_name": "EASTCHESTER RD", "borough": "bronx", "direction": "TW", "total_row_ft": 117.7, "roadbed_ft": 89.7, "median_ft": 0.0, "left_sw_ft": 13.0, "right_sw_ft": 15.0}, "geometry": {"type": "LineString", "coordinates": [[-73.84882916721928, 40.88127697912789], [-73.84848408541421, 40.88138090875569]]}}, {"type": "Feature", "properties": {"segment_id": 774427, "physicalid": "54462", "street_name": "EASTCHESTER RD", "borough": "bronx", "direction": "TW", "total_row_ft": 118.4, "roadbed_ft": 90.0, "median_ft": 0.0, "left_sw_ft": 13.4, "right_sw_ft": 15.0}, "geometry": {"type": "LineString", "coordinates": [[-73.84885816987047, 40.881327301958976], [-73.84851076170675, 40.88143193224146]]}}, {"type": "Feature", "properties": {"segment_id": 774428, "physicalid": "54464", "street_name": "EASTCHESTER RD", "borough": "bronx", "direction": "TW", "total_row_ft": 78.5, "roadbed_ft": 60.0, "median_ft": 0.0, "left_sw_ft": 8.9, "right_sw_ft": 9.5}, "geometry": {"type": "LineString", "coordinates": [[-73.84938164533555, 40.88254151937605], [-73.8491115831034, 40.88260779456606]]}}, {"type": "Feature", "properties": {"segment_id": 774429, "physicalid": "54464", "street_name": "EASTCHESTER RD", "borough": "bronx", "direction": "TW", "total_row_ft": 78.3, "roadbed_ft": 60.0, "median_ft": 0.0, "left_sw_ft": 8.9, "right_sw_ft": 9.4}, "geometry": {"type": "LineString", "coordinates": [[-73.84940422302158, 40.88259367070418], [-73.84913481580602, 40.882659785155106]]}}, {"type": "Feature", "properties": {"segment_id": 774430, "physicalid": "54464", "street_name": "EASTCHESTER RD", "borough": "bronx", "direction": "TW", "total_row_ft": 78.1, "roadbed_ft": 60.0, "median_ft": 0.0, "left_sw_ft": 8.9, "right_sw_ft": 9.2}, "geometry": {"type": "LineString", "coordinates": [[-73.84942680074303, 40.882645822027435], [-73.849158048545, 40.88271177573902]]}}, {"type": "Feature", "properties": {"segment_id": 774431, "physicalid": "54464", "street_name": "EASTCHESTER RD", "borough": "bronx", "direction": "TW", "total_row_ft": 77.9, "roadbed_ft": 59.9, "median_ft": 0.0, "left_sw_ft": 8.9, "right_sw_ft": 9.1}, "geometry": {"type": "LineString", "coordinates": [[-73.8494493784999, 40.88269797334575], [-73.8491812813203, 40.88276376631776]]}}, {"type": "Feature", "properties": {"segment_id": 774432, "physicalid": "54464", "street_name": "EASTCHESTER RD", "borough": "bronx", "direction": "TW", "total_row_ft": 77.8, "roadbed_ft": 59.9, "median_ft": 0.0, "left_sw_ft": 8.9, "right_sw_ft": 9.0}, "geometry": {"type": "LineString", "coordinates": [[-73.84947222461149, 40.882750058811304], [-73.84920451413193, 40.882815756891276]]}}, {"type": "Feature", "properties": {"segment_id": 774433, "physicalid": "54464", "street_name": "EASTCHESTER RD", "borough": "bronx", "direction": "TW", "total_row_ft": 77.8, "roadbed_ft": 59.8, "median_ft": 0.0, "left_sw_ft": 9.1, "right_sw_ft": 8.9}, "geometry": {"type": "LineString", "coordinates": [[-73.84949559848683, 40.88280201476284], [-73.84922774697992, 40.88286774745967]]}}, {"type": "Feature", "properties": {"segment_id": 774434, "physicalid": "54464", "street_name": "EASTCHESTER RD", "borough": "bronx", "direction": "TW", "total_row_ft": 77.9, "roadbed_ft": 59.8, "median_ft": 0.0, "left_sw_ft": 9.4, "right_sw_ft": 8.7}, "geometry": {"type": "LineString", "coordinates": [[-73.8495189723987, 40.88285397070913], [-73.84925097986422, 40.882919738022885]]}}, {"type": "Feature", "properties": {"segment_id": 774435, "physicalid": "54464", "street_name": "EASTCHESTER RD", "borough": "bronx", "direction": "TW", "total_row_ft": 77.9, "roadbed_ft": 59.8, "median_ft": 0.0, "left_sw_ft": 9.5, "right_sw_ft": 8.6}, "geometry": {"type": "LineString", "coordinates": [[-73.8495423463471, 40.882905926650224], [-73.84927421278486, 40.88297172858087]]}}, {"type": "Feature", "properties": {"segment_id": 774436, "physicalid": "54464", "street_name": "EASTCHESTER RD", "borough": "bronx", "direction": "TW", "total_row_ft": 78.2, "roadbed_ft": 59.9, "median_ft": 0.0, "left_sw_ft": 9.6, "right_sw_ft": 8.7}, "geometry": {"type": "LineString", "coordinates": [[-73.84956572033202, 40.882957882586034], [-73.84929660248106, 40.88302392607496]]}}, {"type": "Feature", "properties": {"segment_id": 774437, "physicalid": "54464", "street_name": "EASTCHESTER RD", "borough": "bronx", "direction": "TW", "total_row_ft": 78.7, "roadbed_ft": 60.0, "median_ft": 0.0, "left_sw_ft": 9.6, "right_sw_ft": 9.0}, "geometry": {"type": "LineString", "coordinates": [[-73.8495890943535, 40.88300983851664], [-73.84931840313196, 40.88307626812799]]}}, {"type": "Feature", "properties": {"segment_id": 774438, "physicalid": "54464", "street_name": "EASTCHESTER RD", "borough": "bronx", "direction": "TW", "total_row_ft": 79.1, "roadbed_ft": 60.1, "median_ft": 0.0, "left_sw_ft": 9.7, "right_sw_ft": 9.3}, "geometry": {"type": "LineString", "coordinates": [[-73.84961246841151, 40.88306179444203], [-73.84934020381718, 40.88312861017638]]}}, {"type": "Feature", "properties": {"segment_id": 774439, "physicalid": "54464", "street_name": "EASTCHESTER RD", "borough": "bronx", "direction": "TW", "total_row_ft": 79.6, "roadbed_ft": 60.2, "median_ft": 0.0, "left_sw_ft": 9.8, "right_sw_ft": 9.6}, "geometry": {"type": "LineString", "coordinates": [[-73.84963584250603, 40.88311375036217], [-73.84936200453673, 40.88318095222017]]}}, {"type": "Feature", "properties": {"segment_id": 774440, "physicalid": "54464", "street_name": "EASTCHESTER RD", "borough": "bronx", "direction": "TW", "total_row_ft": 79.0, "roadbed_ft": 60.3, "median_ft": 0.0, "left_sw_ft": 8.8, "right_sw_ft": 9.9}, "geometry": {"type": "LineString", "coordinates": [[-73.84965580464832, 40.88316654360928], [-73.84938380537193, 40.88323329423934]]}}, {"type": "Feature", "properties": {"segment_id": 774441, "physicalid": "54464", "street_name": "EASTCHESTER RD", "borough": "bronx", "direction": "TW", "total_row_ft": 85.0, "roadbed_ft": 60.4, "median_ft": 0.0, "left_sw_ft": 7.9, "right_sw_ft": 16.7}, "geometry": {"type": "LineString", "coordinates": [[-73.84967568129304, 40.88321935784199], [-73.84933820915204, 40.88330217587808]]}}, {"type": "Feature", "properties": {"segment_id": 774442, "physicalid": "54464", "street_name": "EASTCHESTER RD", "borough": "bronx", "direction": "TW", "total_row_ft": 114.0, "roadbed_ft": 64.1, "median_ft": 0.0, "left_sw_ft": 29.6, "right_sw_ft": 20.3}, "geometry": {"type": "LineString", "coordinates": [[-73.84977337955318, 40.883253073938064], [-73.84938103438013, 40.88334935840656]]}}, {"type": "Feature", "properties": {"segment_id": 774443, "physicalid": "54465", "street_name": "EASTCHESTER RD", "borough": "bronx", "direction": "TW", "total_row_ft": 111.9, "roadbed_ft": 78.4, "median_ft": 0.0, "left_sw_ft": 20.5, "right_sw_ft": 13.1}, "geometry": {"type": "LineString", "coordinates": [[-73.84977559650781, 40.88331349117197], [-73.8494196188748, 40.88345982163347]]}}, {"type": "Feature", "properties": {"segment_id": 774444, "physicalid": "54465", "street_name": "EASTCHESTER RD", "borough": "bronx", "direction": "TW", "total_row_ft": 135.0, "roadbed_ft": 97.6, "median_ft": 0.0, "left_sw_ft": 15.0, "right_sw_ft": 22.4}, "geometry": {"type": "LineString", "coordinates": [[-73.84983565717006, 40.88335123047339], [-73.84945406517379, 40.88350809023961]]}}, {"type": "Feature", "properties": {"segment_id": 774445, "physicalid": "54465", "street_name": "EASTCHESTER RD", "borough": "bronx", "direction": "TW", "total_row_ft": 135.0, "roadbed_ft": 101.5, "median_ft": 0.0, "left_sw_ft": 15.0, "right_sw_ft": 18.5}, "geometry": {"type": "LineString", "coordinates": [[-73.84987010371484, 40.883399498956294], [-73.84948851152281, 40.88355635883501]]}}, {"type": "Feature", "properties": {"segment_id": 774770, "physicalid": "54479", "street_name": "E 229 ST", "borough": "bronx", "direction": "FT", "total_row_ft": 52.1, "roadbed_ft": 33.1, "median_ft": 0.0, "left_sw_ft": 9.3, "right_sw_ft": 9.6}, "geometry": {"type": "LineString", "coordinates": [[-73.84991838692072, 40.887845746947846], [-73.84999143466644, 40.88771389798925]]}}, {"type": "Feature", "properties": {"segment_id": 774771, "physicalid": "54479", "street_name": "E 229 ST", "borough": "bronx", "direction": "FT", "total_row_ft": 52.2, "roadbed_ft": 33.1, "median_ft": 0.0, "left_sw_ft": 9.3, "right_sw_ft": 9.8}, "geometry": {"type": "LineString", "coordinates": [[-73.84985184133858, 40.88782423039235], [-73.84992499704111, 40.88769218681208]]}}, {"type": "Feature", "properties": {"segment_id": 774772, "physicalid": "54479", "street_name": "E 229 ST", "borough": "bronx", "direction": "FT", "total_row_ft": 52.3, "roadbed_ft": 33.1, "median_ft": 0.0, "left_sw_ft": 9.2, "right_sw_ft": 9.9}, "geometry": {"type": "LineString", "coordinates": [[-73.84978529590211, 40.88780271361327], [-73.84985855941035, 40.88767047568473]]}}, {"type": "Feature", "properties": {"segment_id": 774773, "physicalid": "54479", "street_name": "E 229 ST", "borough": "bronx", "direction": "FT", "total_row_ft": 52.3, "roadbed_ft": 33.1, "median_ft": 0.0, "left_sw_ft": 9.1, "right_sw_ft": 10.1}, "geometry": {"type": "LineString", "coordinates": [[-73.84971875042069, 40.88778119695458], [-73.8497921219607, 40.887648764270416]]}}, {"type": "Feature", "properties": {"segment_id": 774774, "physicalid": "54479", "street_name": "E 229 ST", "borough": "bronx", "direction": "FT", "total_row_ft": 52.4, "roadbed_ft": 33.1, "median_ft": 0.0, "left_sw_ft": 9.1, "right_sw_ft": 10.2}, "geometry": {"type": "LineString", "coordinates": [[-73.84965218971395, 40.88775970781618], [-73.8497256845696, 40.8876270527905]]}}, {"type": "Feature", "properties": {"segment_id": 774775, "physicalid": "54479", "street_name": "E 229 ST", "borough": "bronx", "direction": "FT", "total_row_ft": 52.5, "roadbed_ft": 33.1, "median_ft": 0.0, "left_sw_ft": 9.1, "right_sw_ft": 10.3}, "geometry": {"type": "LineString", "coordinates": [[-73.84958554624941, 40.887738368090666], [-73.84965909763456, 40.88760561127101]]}}, {"type": "Feature", "properties": {"segment_id": 774776, "physicalid": "54479", "street_name": "E 229 ST", "borough": "bronx", "direction": "FT", "total_row_ft": 52.4, "roadbed_ft": 33.1, "median_ft": 0.0, "left_sw_ft": 9.1, "right_sw_ft": 10.3}, "geometry": {"type": "LineString", "coordinates": [[-73.84951890284961, 40.887717028286936], [-73.84959240973933, 40.887584352019005]]}}, {"type": "Feature", "properties": {"segment_id": 774777, "physicalid": "54479", "street_name": "E 229 ST", "borough": "bronx", "direction": "FT", "total_row_ft": 52.4, "roadbed_ft": 33.1, "median_ft": 0.0, "left_sw_ft": 9.1, "right_sw_ft": 10.2}, "geometry": {"type": "LineString", "coordinates": [[-73.84945225957817, 40.88769568829017], [-73.84952572179047, 40.88756309290219]]}}, {"type": "Feature", "properties": {"segment_id": 774778, "physicalid": "54479", "street_name": "E 229 ST", "borough": "bronx", "direction": "FT", "total_row_ft": 52.4, "roadbed_ft": 33.1, "median_ft": 0.0, "left_sw_ft": 9.1, "right_sw_ft": 10.2}, "geometry": {"type": "LineString", "coordinates": [[-73.84938561623076, 40.88767434846921], [-73.84945903382372, 40.88754183385604]]}}, {"type": "Feature", "properties": {"segment_id": 774779, "physicalid": "54479", "street_name": "E 229 ST", "borough": "bronx", "direction": "FT", "total_row_ft": 52.3, "roadbed_ft": 33.1, "median_ft": 0.0, "left_sw_ft": 9.0, "right_sw_ft": 10.2}, "geometry": {"type": "LineString", "coordinates": [[-73.84931897300207, 40.88765300847264], [-73.84939234586564, 40.88752057483262]]}}, {"type": "Feature", "properties": {"segment_id": 774780, "physicalid": "54479", "street_name": "E 229 ST", "borough": "bronx", "direction": "FT", "total_row_ft": 52.3, "roadbed_ft": 33.2, "median_ft": 0.0, "left_sw_ft": 9.0, "right_sw_ft": 10.1}, "geometry": {"type": "LineString", "coordinates": [[-73.84925232993636, 40.88763166822055], [-73.84932565820606, 40.88749931530878]]}}, {"type": "Feature", "properties": {"segment_id": 774781, "physicalid": "54479", "street_name": "E 229 ST", "borough": "bronx", "direction": "FT", "total_row_ft": 52.3, "roadbed_ft": 33.2, "median_ft": 0.0, "left_sw_ft": 9.0, "right_sw_ft": 10.1}, "geometry": {"type": "LineString", "coordinates": [[-73.8491856868202, 40.887610328098134], [-73.84925897058915, 40.88747805574629]]}}, {"type": "Feature", "properties": {"segment_id": 774782, "physicalid": "54479", "street_name": "E 229 ST", "borough": "bronx", "direction": "FT", "total_row_ft": 52.2, "roadbed_ft": 33.2, "median_ft": 0.0, "left_sw_ft": 9.0, "right_sw_ft": 10.0}, "geometry": {"type": "LineString", "coordinates": [[-73.84911904368533, 40.887588988048215], [-73.84919228285104, 40.887456796440986]]}}, {"type": "Feature", "properties": {"segment_id": 774783, "physicalid": "54479", "street_name": "E 229 ST", "borough": "bronx", "direction": "FT", "total_row_ft": 52.2, "roadbed_ft": 33.3, "median_ft": 0.0, "left_sw_ft": 9.0, "right_sw_ft": 9.9}, "geometry": {"type": "LineString", "coordinates": [[-73.84905237982447, 40.887567685445816], [-73.84912554531681, 40.88743562705257]]}}, {"type": "Feature", "properties": {"segment_id": 774784, "physicalid": "54479", "street_name": "E 229 ST", "borough": "bronx", "direction": "FT", "total_row_ft": 52.0, "roadbed_ft": 33.3, "median_ft": 0.0, "left_sw_ft": 9.0, "right_sw_ft": 9.7}, "geometry": {"type": "LineString", "coordinates": [[-73.84898569679433, 40.8875464174809], [-73.8490585814701, 40.88741486617996]]}}, {"type": "Feature", "properties": {"segment_id": 774785, "physicalid": "54479", "street_name": "E 229 ST", "borough": "bronx", "direction": "FT", "total_row_ft": 55.6, "roadbed_ft": 33.4, "median_ft": 0.0, "left_sw_ft": 12.8, "right_sw_ft": 9.5}, "geometry": {"type": "LineString", "coordinates": [[-73.84891368646578, 40.887534764883455], [-73.84899161762495, 40.88739410534105]]}}, {"type": "Feature", "properties": {"segment_id": 774786, "physicalid": "54479", "street_name": "E 229 ST", "borough": "bronx", "direction": "FT", "total_row_ft": 55.4, "roadbed_ft": 33.4, "median_ft": 0.0, "left_sw_ft": 12.7, "right_sw_ft": 9.2}, "geometry": {"type": "LineString", "coordinates": [[-73.848847059694, 40.88751339543657], [-73.84892470010735, 40.88737326092116]]}}, {"type": "Feature", "properties": {"segment_id": 774787, "physicalid": "54479", "street_name": "E 229 ST", "borough": "bronx", "direction": "FT", "total_row_ft": 55.4, "roadbed_ft": 33.5, "median_ft": 0.0, "left_sw_ft": 12.7, "right_sw_ft": 9.2}, "geometry": {"type": "LineString", "coordinates": [[-73.84878043296504, 40.88749202595115], [-73.8488580527864, 40.88735192885528]]}}, {"type": "Feature", "properties": {"segment_id": 774788, "physicalid": "54479", "street_name": "E 229 ST", "borough": "bronx", "direction": "FT", "total_row_ft": 55.4, "roadbed_ft": 33.5, "median_ft": 0.0, "left_sw_ft": 12.6, "right_sw_ft": 9.2}, "geometry": {"type": "LineString", "coordinates": [[-73.84871380629959, 40.887470656389866], [-73.84879140553828, 40.88733059669661]]}}, {"type": "Feature", "properties": {"segment_id": 774789, "physicalid": "54479", "street_name": "E 229 ST", "borough": "bronx", "direction": "FT", "total_row_ft": 55.3, "roadbed_ft": 33.6, "median_ft": 0.0, "left_sw_ft": 12.6, "right_sw_ft": 9.2}, "geometry": {"type": "LineString", "coordinates": [[-73.84864717970544, 40.887449286738644], [-73.84872475839315, 40.88730926439067]]}}, {"type": "Feature", "properties": {"segment_id": 774790, "physicalid": "54479", "street_name": "E 229 ST", "borough": "bronx", "direction": "FT", "total_row_ft": 55.3, "roadbed_ft": 33.6, "median_ft": 0.0, "left_sw_ft": 12.5, "right_sw_ft": 9.2}, "geometry": {"type": "LineString", "coordinates": [[-73.84858055315412, 40.88742791704888], [-73.84865811131294, 40.887287932006195]]}}, {"type": "Feature", "properties": {"segment_id": 774791, "physicalid": "54479", "street_name": "E 229 ST", "borough": "bronx", "direction": "FT", "total_row_ft": 55.3, "roadbed_ft": 33.7, "median_ft": 0.0, "left_sw_ft": 12.5, "right_sw_ft": 9.2}, "geometry": {"type": "LineString", "coordinates": [[-73.84851392665202, 40.88740654730906], [-73.84859146429774, 40.887266599543025]]}}, {"type": "Feature", "properties": {"segment_id": 774792, "physicalid": "54479", "street_name": "E 229 ST", "borough": "bronx", "direction": "FT", "total_row_ft": 55.3, "roadbed_ft": 33.7, "median_ft": 0.0, "left_sw_ft": 12.4, "right_sw_ft": 9.1}, "geometry": {"type": "LineString", "coordinates": [[-73.84844730021072, 40.88738517749827], [-73.84852481732531, 40.88724526704127]]}}, {"type": "Feature", "properties": {"segment_id": 774793, "physicalid": "54479", "street_name": "E 229 ST", "borough": "bronx", "direction": "FT", "total_row_ft": 55.3, "roadbed_ft": 33.8, "median_ft": 0.0, "left_sw_ft": 12.4, "right_sw_ft": 9.1}, "geometry": {"type": "LineString", "coordinates": [[-73.84838067381229, 40.88736380764896], [-73.84845817039565, 40.887223934500966]]}}, {"type": "Feature", "properties": {"segment_id": 774794, "physicalid": "54479", "street_name": "E 229 ST", "borough": "bronx", "direction": "FT", "total_row_ft": 55.3, "roadbed_ft": 33.9, "median_ft": 0.0, "left_sw_ft": 12.3, "right_sw_ft": 9.1}, "geometry": {"type": "LineString", "coordinates": [[-73.84831404743716, 40.88734243779625], [-73.84839152350878, 40.8872026019221]]}}, {"type": "Feature", "properties": {"segment_id": 774795, "physicalid": "54479", "street_name": "E 229 ST", "borough": "bronx", "direction": "FT", "total_row_ft": 55.3, "roadbed_ft": 33.9, "median_ft": 0.0, "left_sw_ft": 12.3, "right_sw_ft": 9.1}, "geometry": {"type": "LineString", "coordinates": [[-73.84824742102802, 40.88732106804374], [-73.84832487671858, 40.88718126920737]]}}, {"type": "Feature", "properties": {"segment_id": 774796, "physicalid": "54479", "street_name": "E 229 ST", "borough": "bronx", "direction": "FT", "total_row_ft": 55.2, "roadbed_ft": 33.9, "median_ft": 0.0, "left_sw_ft": 12.2, "right_sw_ft": 9.1}, "geometry": {"type": "LineString", "coordinates": [[-73.84818079466172, 40.88729969825269], [-73.84825814914419, 40.88716008233769]]}}, {"type": "Feature", "properties": {"segment_id": 774797, "physicalid": "54479", "street_name": "E 229 ST", "borough": "bronx", "direction": "FT", "total_row_ft": 55.1, "roadbed_ft": 34.0, "median_ft": 0.0, "left_sw_ft": 12.1, "right_sw_ft": 9.0}, "geometry": {"type": "LineString", "coordinates": [[-73.84811416833821, 40.88727832842309], [-73.84819140360398, 40.88713892793247]]}}, {"type": "Feature", "properties": {"segment_id": 774798, "physicalid": "54479", "street_name": "E 229 ST", "borough": "bronx", "direction": "FT", "total_row_ft": 55.0, "roadbed_ft": 34.0, "median_ft": 0.0, "left_sw_ft": 12.1, "right_sw_ft": 8.9}, "geometry": {"type": "LineString", "coordinates": [[-73.84804754211143, 40.88725695845775], [-73.84812465810045, 40.88711777349898]]}}, {"type": "Feature", "properties": {"segment_id": 774799, "physicalid": "54479", "street_name": "E 229 ST", "borough": "bronx", "direction": "FT", "total_row_ft": 54.9, "roadbed_ft": 34.0, "median_ft": 0.0, "left_sw_ft": 12.0, "right_sw_ft": 8.9}, "geometry": {"type": "LineString", "coordinates": [[-73.84798091594426, 40.88723558842361], [-73.84805791259363, 40.887096619109414]]}}, {"type": "Feature", "properties": {"segment_id": 774800, "physicalid": "54479", "street_name": "E 229 ST", "borough": "bronx", "direction": "FT", "total_row_ft": 101.1, "roadbed_ft": 77.3, "median_ft": 0.0, "left_sw_ft": 15.0, "right_sw_ft": 8.8}, "geometry": {"type": "LineString", "coordinates": [[-73.8478704832976, 40.887293283213836], [-73.8479911671293, 40.88707546468118]]}}, {"type": "Feature", "properties": {"segment_id": 774801, "physicalid": "54479", "street_name": "E 229 ST", "borough": "bronx", "direction": "FT", "total_row_ft": 54.4, "roadbed_ft": 34.2, "median_ft": 0.0, "left_sw_ft": 11.5, "right_sw_ft": 8.8}, "geometry": {"type": "LineString", "coordinates": [[-73.8478482101362, 40.88719186206583], [-73.84792444113205, 40.88705427515528]]}}, {"type": "Feature", "properties": {"segment_id": 774802, "physicalid": "54479", "street_name": "E 229 ST", "borough": "bronx", "direction": "FT", "total_row_ft": 54.1, "roadbed_ft": 34.3, "median_ft": 0.0, "left_sw_ft": 11.1, "right_sw_ft": 8.8}, "geometry": {"type": "LineString", "coordinates": [[-73.84778197662895, 40.88716978345319], [-73.8478577680013, 40.88703299025043]]}}, {"type": "Feature", "properties": {"segment_id": 774803, "physicalid": "54479", "street_name": "E 229 ST", "borough": "bronx", "direction": "FT", "total_row_ft": 53.8, "roadbed_ft": 34.3, "median_ft": 0.0, "left_sw_ft": 10.7, "right_sw_ft": 8.8}, "geometry": {"type": "LineString", "coordinates": [[-73.84771574316088, 40.88714770481114], [-73.84779109509476, 40.88701170497936]]}}, {"type": "Feature", "properties": {"segment_id": 774804, "physicalid": "54479", "street_name": "E 229 ST", "borough": "bronx", "direction": "FT", "total_row_ft": 53.4, "roadbed_ft": 34.4, "median_ft": 0.0, "left_sw_ft": 10.2, "right_sw_ft": 8.7}, "geometry": {"type": "LineString", "coordinates": [[-73.84764950973678, 40.88712562613097], [-73.84772442223091, 40.886990419669665]]}}, {"type": "Feature", "properties": {"segment_id": 774805, "physicalid": "54479", "street_name": "E 229 ST", "borough": "bronx", "direction": "FT", "total_row_ft": 53.1, "roadbed_ft": 34.6, "median_ft": 0.0, "left_sw_ft": 9.8, "right_sw_ft": 8.7}, "geometry": {"type": "LineString", "coordinates": [[-73.84758327643011, 40.88710354728021], [-73.84765774942156, 40.88696913430016]]}}, {"type": "Feature", "properties": {"segment_id": 774806, "physicalid": "54479", "street_name": "E 229 ST", "borough": "bronx", "direction": "FT", "total_row_ft": 113.7, "roadbed_ft": 40.5, "median_ft": 0.0, "left_sw_ft": 41.1, "right_sw_ft": 32.0}, "geometry": {"type": "LineString", "coordinates": [[-73.84747041857291, 40.88716561858955], [-73.84762975538924, 40.88687803926114]]}}, {"type": "Feature", "properties": {"segment_id": 774807, "physicalid": "54480", "street_name": "E 229 ST", "borough": "bronx", "direction": "TW", "total_row_ft": 150.0, "roadbed_ft": 120.0, "median_ft": 0.0, "left_sw_ft": 15.0, "right_sw_ft": 15.0}, "geometry": {"type": "LineString", "coordinates": [[-73.8473098473855, 40.887114377508134], [-73.84747807490722, 40.88681076620217]]}}, {"type": "Feature", "properties": {"segment_id": 774808, "physicalid": "54480", "street_name": "E 229 ST", "borough": "bronx", "direction": "TW", "total_row_ft": 120.0, "roadbed_ft": 55.4, "median_ft": 0.0, "left_sw_ft": 30.8, "right_sw_ft": 33.8}, "geometry": {"type": "LineString", "coordinates": [[-73.8472431706187, 40.8870930990574], [-73.84741139839105, 40.88678948784741]]}}, {"type": "Feature", "properties": {"segment_id": 774809, "physicalid": "54480", "street_name": "E 229 ST", "borough": "bronx", "direction": "TW", "total_row_ft": 79.6, "roadbed_ft": 50.3, "median_ft": 0.0, "left_sw_ft": 15.0, "right_sw_ft": 14.3}, "geometry": {"type": "LineString", "coordinates": [[-73.84720428726008, 40.887021660438286], [-73.84731590051581, 40.886820225366684]]}}, {"type": "Feature", "properties": {"segment_id": 774810, "physicalid": "54480", "street_name": "E 229 ST", "borough": "bronx", "direction": "TW", "total_row_ft": 79.7, "roadbed_ft": 50.1, "median_ft": 0.0, "left_sw_ft": 15.3, "right_sw_ft": 14.4}, "geometry": {"type": "LineString", "coordinates": [[-73.84713747958295, 40.88700061841543], [-73.84724926594646, 40.88679887129079]]}}, {"type": "Feature", "properties": {"segment_id": 774811, "physicalid": "54480", "street_name": "E 229 ST", "borough": "bronx", "direction": "TW", "total_row_ft": 79.9, "roadbed_ft": 49.9, "median_ft": 0.0, "left_sw_ft": 15.5, "right_sw_ft": 14.5}, "geometry": {"type": "LineString", "coordinates": [[-73.84707067190217, 40.88697957643668], [-73.84718263141994, 40.88677751717635]]}}, {"type": "Feature", "properties": {"segment_id": 774812, "physicalid": "54480", "street_name": "E 229 ST", "borough": "bronx", "direction": "TW", "total_row_ft": 80.0, "roadbed_ft": 49.7, "median_ft": 0.0, "left_sw_ft": 15.8, "right_sw_ft": 14.5}, "geometry": {"type": "LineString", "coordinates": [[-73.84700386426293, 40.88695853442056], [-73.84711599693622, 40.88675616302336]]}}, {"type": "Feature", "properties": {"segment_id": 774813, "physicalid": "54480", "street_name": "E 229 ST", "borough": "bronx", "direction": "TW", "total_row_ft": 80.1, "roadbed_ft": 49.5, "median_ft": 0.0, "left_sw_ft": 16.0, "right_sw_ft": 14.6}, "geometry": {"type": "LineString", "coordinates": [[-73.84693705666601, 40.886937492365675], [-73.84704936249531, 40.88673480883182]]}}, {"type": "Feature", "properties": {"segment_id": 774814, "physicalid": "54480", "street_name": "E 229 ST", "borough": "bronx", "direction": "TW", "total_row_ft": 80.2, "roadbed_ft": 49.3, "median_ft": 0.0, "left_sw_ft": 16.2, "right_sw_ft": 14.7}, "geometry": {"type": "LineString", "coordinates": [[-73.84687033670998, 40.88691629217952], [-73.84698272809722, 40.886713454601704]]}}, {"type": "Feature", "properties": {"segment_id": 774815, "physicalid": "54480", "street_name": "E 229 ST", "borough": "bronx", "direction": "TW", "total_row_ft": 80.2, "roadbed_ft": 49.1, "median_ft": 0.0, "left_sw_ft": 16.3, "right_sw_ft": 14.7}, "geometry": {"type": "LineString", "coordinates": [[-73.84680368864878, 40.88689496228056], [-73.84691609374192, 40.88669210033307]]}}, {"type": "Feature", "properties": {"segment_id": 774816, "physicalid": "54480", "street_name": "E 229 ST", "borough": "bronx", "direction": "TW", "total_row_ft": 80.2, "roadbed_ft": 49.0, "median_ft": 0.0, "left_sw_ft": 16.4, "right_sw_ft": 14.8}, "geometry": {"type": "LineString", "coordinates": [[-73.84673704063033, 40.88687363234304], [-73.84684945942942, 40.886670746025864]]}}, {"type": "Feature", "properties": {"segment_id": 774817, "physicalid": "54480", "street_name": "E 229 ST", "borough": "bronx", "direction": "TW", "total_row_ft": 80.2, "roadbed_ft": 49.0, "median_ft": 0.0, "left_sw_ft": 16.4, "right_sw_ft": 14.9}, "geometry": {"type": "LineString", "coordinates": [[-73.84667039265463, 40.88685230236696], [-73.84678282515976, 40.886649391680116]]}}, {"type": "Feature", "properties": {"segment_id": 774818, "physicalid": "54480", "street_name": "E 229 ST", "borough": "bronx", "direction": "TW", "total_row_ft": 80.2, "roadbed_ft": 49.0, "median_ft": 0.0, "left_sw_ft": 16.3, "right_sw_ft": 14.9}, "geometry": {"type": "LineString", "coordinates": [[-73.84660374472173, 40.88683097235229], [-73.84671619093288, 40.88662803729579]]}}, {"type": "Feature", "properties": {"segment_id": 774819, "physicalid": "54480", "street_name": "E 229 ST", "borough": "bronx", "direction": "TW", "total_row_ft": 80.2, "roadbed_ft": 48.9, "median_ft": 0.0, "left_sw_ft": 16.3, "right_sw_ft": 15.0}, "geometry": {"type": "LineString", "coordinates": [[-73.84653709685391, 40.88680964225878], [-73.84664955674884, 40.886606682872944]]}}, {"type": "Feature", "properties": {"segment_id": 774820, "physicalid": "54480", "street_name": "E 229 ST", "borough": "bronx", "direction": "TW", "total_row_ft": 80.2, "roadbed_ft": 48.9, "median_ft": 0.0, "left_sw_ft": 16.3, "right_sw_ft": 15.1}, "geometry": {"type": "LineString", "coordinates": [[-73.84647044904128, 40.88678831210428], [-73.84658292260758, 40.88658532841153]]}}, {"type": "Feature", "properties": {"segment_id": 774821, "physicalid": "54480", "street_name": "E 229 ST", "borough": "bronx", "direction": "TW", "total_row_ft": 80.2, "roadbed_ft": 48.9, "median_ft": 0.0, "left_sw_ft": 16.3, "right_sw_ft": 15.1}, "geometry": {"type": "LineString", "coordinates": [[-73.8464038011789, 40.886766982078186], [-73.84651623186019, 40.88656407614738]]}}, {"type": "Feature", "properties": {"segment_id": 774822, "physicalid": "54480", "street_name": "E 229 ST", "borough": "bronx", "direction": "TW", "total_row_ft": 99.6, "roadbed_ft": 48.8, "median_ft": 0.0, "left_sw_ft": 35.8, "right_sw_ft": 15.0}, "geometry": {"type": "LineString", "coordinates": [[-73.84630970036487, 40.886795196693946], [-73.84644939308608, 40.88654309106886]]}}, {"type": "Feature", "properties": {"segment_id": 774823, "physicalid": "54481", "street_name": "E 229 ST", "borough": "bronx", "direction": "TW", "total_row_ft": 94.1, "roadbed_ft": 48.8, "median_ft": 0.0, "left_sw_ft": 30.5, "right_sw_ft": 14.7}, "geometry": {"type": "LineString", "coordinates": [[-73.84616830626003, 40.88673432544067], [-73.8463019220062, 40.88649678973252]]}}, {"type": "Feature", "properties": {"segment_id": 774824, "physicalid": "54481", "street_name": "E 229 ST", "borough": "bronx", "direction": "TW", "total_row_ft": 99.1, "roadbed_ft": 48.8, "median_ft": 0.0, "left_sw_ft": 35.6, "right_sw_ft": 14.6}, "geometry": {"type": "LineString", "coordinates": [[-73.84609438962386, 40.88672591623197], [-73.84623508045215, 40.88647580328037]]}}, {"type": "Feature", "properties": {"segment_id": 774825, "physicalid": "54481", "street_name": "E 229 ST", "borough": "bronx", "direction": "TW", "total_row_ft": 96.7, "roadbed_ft": 48.8, "median_ft": 0.0, "left_sw_ft": 15.6, "right_sw_ft": 32.2}, "geometry": {"type": "LineString", "coordinates": [[-73.8460560737199, 40.88665421818496], [-73.84619331216035, 40.88641024276565]]}}, {"type": "Feature", "properties": {"segment_id": 774826, "physicalid": "54481", "street_name": "E 229 ST", "borough": "bronx", "direction": "TW", "total_row_ft": 78.9, "roadbed_ft": 48.9, "median_ft": 0.0, "left_sw_ft": 15.7, "right_sw_ft": 14.4}, "geometry": {"type": "LineString", "coordinates": [[-73.84598930054574, 40.88663310988607], [-73.84610139727643, 40.88643383060501]]}}, {"type": "Feature", "properties": {"segment_id": 774827, "physicalid": "54481", "street_name": "E 229 ST", "borough": "bronx", "direction": "TW", "total_row_ft": 79.0, "roadbed_ft": 48.9, "median_ft": 0.0, "left_sw_ft": 15.8, "right_sw_ft": 14.4}, "geometry": {"type": "LineString", "coordinates": [[-73.845922527414, 40.88661200154848], [-73.84603469311512, 40.8864126000121]]}}, {"type": "Feature", "properties": {"segment_id": 774828, "physicalid": "54481", "street_name": "E 229 ST", "borough": "bronx", "direction": "TW", "total_row_ft": 79.4, "roadbed_ft": 48.8, "median_ft": 0.0, "left_sw_ft": 15.8, "right_sw_ft": 14.7}, "geometry": {"type": "LineString", "coordinates": [[-73.84585575432466, 40.886590893172176], [-73.84596843106219, 40.88639058350101]]}}, {"type": "Feature", "properties": {"segment_id": 774829, "physicalid": "54481", "street_name": "E 229 ST", "borough": "bronx", "direction": "TW", "total_row_ft": 87.1, "roadbed_ft": 48.6, "median_ft": 0.0, "left_sw_ft": 23.3, "right_sw_ft": 15.2}, "geometry": {"type": "LineString", "coordinates": [[-73.84577842114635, 40.886588557798106], [-73.84590216905315, 40.88636856695179]]}}, {"type": "Feature", "properties": {"segment_id": 774830, "physicalid": "54481", "street_name": "E 229 ST", "borough": "bronx", "direction": "TW", "total_row_ft": 80.1, "roadbed_ft": 48.6, "median_ft": 0.0, "left_sw_ft": 15.8, "right_sw_ft": 15.6}, "geometry": {"type": "LineString", "coordinates": [[-73.84572220821984, 40.88654867639825], [-73.845835907088, 40.88634655036445]]}}, {"type": "Feature", "properties": {"segment_id": 774831, "physicalid": "54481", "street_name": "E 229 ST", "borough": "bronx", "direction": "TW", "total_row_ft": 80.4, "roadbed_ft": 48.7, "median_ft": 0.0, "left_sw_ft": 15.8, "right_sw_ft": 15.9}, "geometry": {"type": "LineString", "coordinates": [[-73.84565543503535, 40.88652756830109], [-73.84576964516674, 40.88632453373897]]}}, {"type": "Feature", "properties": {"segment_id": 774832, "physicalid": "54481", "street_name": "E 229 ST", "borough": "bronx", "direction": "TW", "total_row_ft": 80.5, "roadbed_ft": 48.9, "median_ft": 0.0, "left_sw_ft": 15.6, "right_sw_ft": 15.9}, "geometry": {"type": "LineString", "coordinates": [[-73.84558910433302, 40.88650567363168], [-73.84570338330411, 40.886302517049174]]}}, {"type": "Feature", "properties": {"segment_id": 774833, "physicalid": "54483", "street_name": "E 229 ST", "borough": "bronx", "direction": "TW", "total_row_ft": 117.7, "roadbed_ft": 83.9, "median_ft": 0.0, "left_sw_ft": 18.9, "right_sw_ft": 15.0}, "geometry": {"type": "LineString", "coordinates": [[-73.84431480815627, 40.88596804209931], [-73.84454238426756, 40.8857451119791]]}}, {"type": "Feature", "properties": {"segment_id": 774834, "physicalid": "54483", "street_name": "E 229 ST", "borough": "bronx", "direction": "TW", "total_row_ft": 80.6, "roadbed_ft": 46.1, "median_ft": 0.0, "left_sw_ft": 19.3, "right_sw_ft": 15.2}, "geometry": {"type": "LineString", "coordinates": [[-73.84425589168622, 40.88593612524461], [-73.84443450557094, 40.885761158104735]]}}, {"type": "Feature", "properties": {"segment_id": 774835, "physicalid": "54483", "street_name": "E 229 ST", "borough": "bronx", "direction": "TW", "total_row_ft": 81.0, "roadbed_ft": 45.7, "median_ft": 0.0, "left_sw_ft": 19.7, "right_sw_ft": 15.6}, "geometry": {"type": "LineString", "coordinates": [[-73.84419711063698, 40.885904075759754], [-73.84437656355165, 40.885728286875334]]}}, {"type": "Feature", "properties": {"segment_id": 774836, "physicalid": "54483", "street_name": "E 229 ST", "borough": "bronx", "direction": "TW", "total_row_ft": 81.3, "roadbed_ft": 45.4, "median_ft": 0.0, "left_sw_ft": 20.0, "right_sw_ft": 16.0}, "geometry": {"type": "LineString", "coordinates": [[-73.84413847602, 40.88587188285847], [-73.84431862158965, 40.88569541561666]]}}, {"type": "Feature", "properties": {"segment_id": 774837, "physicalid": "54483", "street_name": "E 229 ST", "borough": "bronx", "direction": "TW", "total_row_ft": 81.6, "roadbed_ft": 45.6, "median_ft": 0.0, "left_sw_ft": 20.2, "right_sw_ft": 15.7}, "geometry": {"type": "LineString", "coordinates": [[-73.84408003095253, 40.88583950430443], [-73.84426067968496, 40.88566254432868]]}}, {"type": "Feature", "properties": {"segment_id": 774838, "physicalid": "54483", "street_name": "E 229 ST", "borough": "bronx", "direction": "TW", "total_row_ft": 95.7, "roadbed_ft": 45.9, "median_ft": 0.0, "left_sw_ft": 34.4, "right_sw_ft": 15.5}, "geometry": {"type": "LineString", "coordinates": [[-73.84399070135143, 40.88583737951339], [-73.84420273783756, 40.88562967301142]]}}, {"type": "Feature", "properties": {"segment_id": 774839, "physicalid": "54483", "street_name": "E 229 ST", "borough": "bronx", "direction": "TW", "total_row_ft": 80.8, "roadbed_ft": 46.1, "median_ft": 0.0, "left_sw_ft": 19.3, "right_sw_ft": 15.4}, "geometry": {"type": "LineString", "coordinates": [[-73.84396608432746, 40.88577186388447], [-73.84414513349002, 40.885596471112144]]}}, {"type": "Feature", "properties": {"segment_id": 774840, "physicalid": "54483", "street_name": "E 229 ST", "borough": "bronx", "direction": "TW", "total_row_ft": 80.8, "roadbed_ft": 47.0, "median_ft": 0.0, "left_sw_ft": 18.8, "right_sw_ft": 15.0}, "geometry": {"type": "LineString", "coordinates": [[-73.8439093467685, 40.88573781277893], [-73.84408822209704, 40.88556259043487]]}}, {"type": "Feature", "properties": {"segment_id": 774841, "physicalid": "54483", "street_name": "E 229 ST", "borough": "bronx", "direction": "TW", "total_row_ft": 80.0, "roadbed_ft": 47.9, "median_ft": 0.0, "left_sw_ft": 17.6, "right_sw_ft": 14.6}, "geometry": {"type": "LineString", "coordinates": [[-73.84385402758734, 40.88570237229633], [-73.84403131076209, 40.88552870972934]]}}, {"type": "Feature", "properties": {"segment_id": 774842, "physicalid": "54483", "street_name": "E 229 ST", "borough": "bronx", "direction": "TW", "total_row_ft": 79.4, "roadbed_ft": 48.8, "median_ft": 0.0, "left_sw_ft": 16.4, "right_sw_ft": 14.2}, "geometry": {"type": "LineString", "coordinates": [[-73.84379870846521, 40.88566693178701], [-73.84397456149509, 40.885494670293824]]}}, {"type": "Feature", "properties": {"segment_id": 774843, "physicalid": "54483", "street_name": "E 229 ST", "borough": "bronx", "direction": "TW", "total_row_ft": 97.0, "roadbed_ft": 50.3, "median_ft": 0.0, "left_sw_ft": 32.6, "right_sw_ft": 14.1}, "geometry": {"type": "LineString", "coordinates": [[-73.84370481147556, 40.8856692810957], [-73.84391971450675, 40.88545876745486]]}}, {"type": "Feature", "properties": {"segment_id": 774844, "physicalid": "54484", "street_name": "E 229 ST", "borough": "bronx", "direction": "TW", "total_row_ft": 98.1, "roadbed_ft": 49.3, "median_ft": 0.0, "left_sw_ft": 34.3, "right_sw_ft": 14.5}, "geometry": {"type": "LineString", "coordinates": [[-73.84355031818221, 40.885568695650925], [-73.84380093118985, 40.88537810214812]]}}, {"type": "Feature", "properties": {"segment_id": 774845, "physicalid": "54484", "street_name": "E 229 ST", "borough": "bronx", "direction": "TW", "total_row_ft": 97.8, "roadbed_ft": 48.9, "median_ft": 0.0, "left_sw_ft": 34.5, "right_sw_ft": 14.5}, "geometry": {"type": "LineString", "coordinates": [[-73.84349792515481, 40.885530828795275], [-73.84374784777955, 40.885340760455065]]}}, {"type": "Feature", "properties": {"segment_id": 774846, "physicalid": "54484", "street_name": "E 229 ST", "borough": "bronx", "direction": "TW", "total_row_ft": 79.6, "roadbed_ft": 48.5, "median_ft": 0.0, "left_sw_ft": 16.4, "right_sw_ft": 14.7}, "geometry": {"type": "LineString", "coordinates": [[-73.84349187953148, 40.885457714500475], [-73.84369533459318, 40.88530298512081]]}}, {"type": "Feature", "properties": {"segment_id": 774847, "physicalid": "54484", "street_name": "E 229 ST", "borough": "bronx", "direction": "TW", "total_row_ft": 79.6, "roadbed_ft": 48.3, "median_ft": 0.0, "left_sw_ft": 16.4, "right_sw_ft": 15.0}, "geometry": {"type": "LineString", "coordinates": [[-73.84344003305952, 40.8854194320508], [-73.84364339078263, 40.8852647767912]]}}, {"type": "Feature", "properties": {"segment_id": 774848, "physicalid": "54484", "street_name": "E 229 ST", "borough": "bronx", "direction": "TW", "total_row_ft": 79.8, "roadbed_ft": 48.5, "median_ft": 0.0, "left_sw_ft": 16.3, "right_sw_ft": 15.0}, "geometry": {"type": "LineString", "coordinates": [[-73.84338818667871, 40.88538114955365], [-73.84359203661434, 40.88522612005415]]}}, {"type": "Feature", "properties": {"segment_id": 774849, "physicalid": "54484", "street_name": "E 229 ST", "borough": "bronx", "direction": "TW", "total_row_ft": 80.2, "roadbed_ft": 48.9, "median_ft": 0.0, "left_sw_ft": 16.2, "right_sw_ft": 15.1}, "geometry": {"type": "LineString", "coordinates": [[-73.84333634035762, 40.88534286703296], [-73.84354117976164, 40.8851870851258]]}}, {"type": "Feature", "properties": {"segment_id": 774850, "physicalid": "54484", "street_name": "E 229 ST", "borough": "bronx", "direction": "TW", "total_row_ft": 80.6, "roadbed_ft": 49.3, "median_ft": 0.0, "left_sw_ft": 16.1, "right_sw_ft": 15.1}, "geometry": {"type": "LineString", "coordinates": [[-73.84328449409622, 40.88530458448871], [-73.84349032296262, 40.88514805017937]]}}, {"type": "Feature", "properties": {"segment_id": 774851, "physicalid": "54484", "street_name": "E 229 ST", "borough": "bronx", "direction": "TW", "total_row_ft": 81.0, "roadbed_ft": 49.7, "median_ft": 0.0, "left_sw_ft": 16.0, "right_sw_ft": 15.2}, "geometry": {"type": "LineString", "coordinates": [[-73.84323263509374, 40.885266311655954], [-73.84343946615176, 40.88510901526466]]}}, {"type": "Feature", "properties": {"segment_id": 774852, "physicalid": "54484", "street_name": "E 229 ST", "borough": "bronx", "direction": "TW", "total_row_ft": 81.4, "roadbed_ft": 50.1, "median_ft": 0.0, "left_sw_ft": 16.0, "right_sw_ft": 15.3}, "geometry": {"type": "LineString", "coordinates": [[-73.8431806593654, 40.88522812761548], [-73.84338860979808, 40.88506998002498]]}}, {"type": "Feature", "properties": {"segment_id": 774853, "physicalid": "54484", "street_name": "E 229 ST", "borough": "bronx", "direction": "TW", "total_row_ft": 120.0, "roadbed_ft": 50.6, "median_ft": 0.0, "left_sw_ft": 31.7, "right_sw_ft": 37.7}, "geometry": {"type": "LineString", "coordinates": [[-73.84308834116047, 40.88522062415014], [-73.84339489355533, 40.8849874892266]]}}, {"type": "Feature", "properties": {"segment_id": 774854, "physicalid": "54484", "street_name": "E 229 ST", "borough": "bronx", "direction": "TW", "total_row_ft": 150.0, "roadbed_ft": 120.0, "median_ft": 0.0, "left_sw_ft": 15.0, "right_sw_ft": 15.0}, "geometry": {"type": "LineString", "coordinates": [[-73.8430371434299, 40.885181848466026], [-73.84334369582554, 40.88494871367684]]}}, {"type": "Feature", "properties": {"segment_id": 774855, "physicalid": "54486", "street_name": "E 229 ST", "borough": "bronx", "direction": "TW", "total_row_ft": 116.6, "roadbed_ft": 86.3, "median_ft": 0.0, "left_sw_ft": 15.4, "right_sw_ft": 15.0}, "geometry": {"type": "LineString", "coordinates": [[-73.84201287516768, 40.88399199795046], [-73.84235636648553, 40.88389267034122]]}}, {"type": "Feature", "properties": {"segment_id": 774856, "physicalid": "54486", "street_name": "E 229 ST", "borough": "bronx", "direction": "TW", "total_row_ft": 118.9, "roadbed_ft": 88.5, "median_ft": 0.0, "left_sw_ft": 15.4, "right_sw_ft": 15.0}, "geometry": {"type": "LineString", "coordinates": [[-73.84197959777138, 40.88394287749182], [-73.8423306140853, 40.88384137389966]]}}, {"type": "Feature", "properties": {"segment_id": 774857, "physicalid": "54486", "street_name": "E 229 ST", "borough": "bronx", "direction": "TW", "total_row_ft": 106.1, "roadbed_ft": 49.7, "median_ft": 0.0, "left_sw_ft": 15.4, "right_sw_ft": 41.0}, "geometry": {"type": "LineString", "coordinates": [[-73.84194632042423, 40.88389375702311], [-73.84230486172486, 40.88379007745194]]}}, {"type": "Feature", "properties": {"segment_id": 774858, "physicalid": "54486", "street_name": "E 229 ST", "borough": "bronx", "direction": "TW", "total_row_ft": 79.8, "roadbed_ft": 49.9, "median_ft": 0.0, "left_sw_ft": 15.5, "right_sw_ft": 14.5}, "geometry": {"type": "LineString", "coordinates": [[-73.84191327732947, 40.88384456882019], [-73.84218301993124, 40.88376656737826]]}}, {"type": "Feature", "properties": {"segment_id": 774859, "physicalid": "54486", "street_name": "E 229 ST", "borough": "bronx", "direction": "TW", "total_row_ft": 79.8, "roadbed_ft": 49.6, "median_ft": 0.0, "left_sw_ft": 15.6, "right_sw_ft": 14.7}, "geometry": {"type": "LineString", "coordinates": [[-73.84188187770116, 40.88379490538313], [-73.8421516295831, 40.88371690128268]]}}, {"type": "Feature", "properties": {"segment_id": 774860, "physicalid": "54486", "street_name": "E 229 ST", "borough": "bronx", "direction": "TW", "total_row_ft": 79.4, "roadbed_ft": 49.4, "median_ft": 0.0, "left_sw_ft": 15.3, "right_sw_ft": 14.8}, "geometry": {"type": "LineString", "coordinates": [[-73.84185176936757, 40.88374486854927], [-73.84212023928185, 40.883667235178116]]}}, {"type": "Feature", "properties": {"segment_id": 774861, "physicalid": "54486", "street_name": "E 229 ST", "borough": "bronx", "direction": "TW", "total_row_ft": 78.5, "roadbed_ft": 49.9, "median_ft": 0.0, "left_sw_ft": 14.3, "right_sw_ft": 14.3}, "geometry": {"type": "LineString", "coordinates": [[-73.84182369648325, 40.88369424313304], [-73.84208884902752, 40.88361756906459]]}}, {"type": "Feature", "properties": {"segment_id": 774862, "physicalid": "54486", "street_name": "E 229 ST", "borough": "bronx", "direction": "TW", "total_row_ft": 77.3, "roadbed_ft": 49.6, "median_ft": 0.0, "left_sw_ft": 13.9, "right_sw_ft": 13.8}, "geometry": {"type": "LineString", "coordinates": [[-73.841796088588, 40.883643483261906], [-73.84205745882008, 40.88356790294204]]}}, {"type": "Feature", "properties": {"segment_id": 774863, "physicalid": "54486", "street_name": "E 229 ST", "borough": "bronx", "direction": "TW", "total_row_ft": 76.9, "roadbed_ft": 49.4, "median_ft": 0.0, "left_sw_ft": 13.4, "right_sw_ft": 14.1}, "geometry": {"type": "LineString", "coordinates": [[-73.84176848054835, 40.88359272343764], [-73.84202848063099, 40.8835175393384]]}}, {"type": "Feature", "properties": {"segment_id": 774864, "physicalid": "54486", "street_name": "E 229 ST", "borough": "bronx", "direction": "TW", "total_row_ft": 77.7, "roadbed_ft": 49.8, "median_ft": 0.0, "left_sw_ft": 13.3, "right_sw_ft": 14.6}, "geometry": {"type": "LineString", "coordinates": [[-73.84173990092707, 40.88354224456877], [-73.842002428041, 40.88346632974152]]}}, {"type": "Feature", "properties": {"segment_id": 774865, "physicalid": "54486", "street_name": "E 229 ST", "borough": "bronx", "direction": "TW", "total_row_ft": 78.8, "roadbed_ft": 49.8, "median_ft": 0.0, "left_sw_ft": 13.9, "right_sw_ft": 15.1}, "geometry": {"type": "LineString", "coordinates": [[-73.84171015319332, 40.883492103485594], [-73.84197637542206, 40.883415120158254]]}}, {"type": "Feature", "properties": {"segment_id": 774866, "physicalid": "54486", "street_name": "E 229 ST", "borough": "bronx", "direction": "TW", "total_row_ft": 79.9, "roadbed_ft": 49.7, "median_ft": 0.0, "left_sw_ft": 14.7, "right_sw_ft": 15.5}, "geometry": {"type": "LineString", "coordinates": [[-73.84168040550446, 40.88344196239434], [-73.84195032284327, 40.8833639105686]]}}, {"type": "Feature", "properties": {"segment_id": 774867, "physicalid": "54486", "street_name": "E 229 ST", "borough": "bronx", "direction": "TW", "total_row_ft": 81.0, "roadbed_ft": 49.9, "median_ft": 0.0, "left_sw_ft": 15.5, "right_sw_ft": 15.5}, "geometry": {"type": "LineString", "coordinates": [[-73.84165065786044, 40.88339182129487], [-73.84192427030462, 40.88331270097262]]}}, {"type": "Feature", "properties": {"segment_id": 774868, "physicalid": "54486", "street_name": "E 229 ST", "borough": "bronx", "direction": "TW", "total_row_ft": 81.1, "roadbed_ft": 50.2, "median_ft": 0.0, "left_sw_ft": 15.6, "right_sw_ft": 15.3}, "geometry": {"type": "LineString", "coordinates": [[-73.84162399748982, 40.8833407874605], [-73.84189821780609, 40.88326149137025]]}}, {"type": "Feature", "properties": {"segment_id": 774869, "physicalid": "54486", "street_name": "E 229 ST", "borough": "bronx", "direction": "TW", "total_row_ft": 80.6, "roadbed_ft": 50.1, "median_ft": 0.0, "left_sw_ft": 15.4, "right_sw_ft": 15.1}, "geometry": {"type": "LineString", "coordinates": [[-73.84159966463082, 40.88328908059007], [-73.8418721653477, 40.88321028176152]]}}, {"type": "Feature", "properties": {"segment_id": 774870, "physicalid": "54486", "street_name": "E 229 ST", "borough": "bronx", "direction": "TW", "total_row_ft": 80.1, "roadbed_ft": 50.2, "median_ft": 0.0, "left_sw_ft": 15.2, "right_sw_ft": 14.7}, "geometry": {"type": "LineString", "coordinates": [[-73.84157533180968, 40.88323737371407], [-73.84184611257028, 40.88315907225027]]}}, {"type": "Feature", "properties": {"segment_id": 774871, "physicalid": "54486", "street_name": "E 229 ST", "borough": "bronx", "direction": "TW", "total_row_ft": 80.4, "roadbed_ft": 50.8, "median_ft": 0.0, "left_sw_ft": 15.1, "right_sw_ft": 14.6}, "geometry": {"type": "LineString", "coordinates": [[-73.84155099902635, 40.883185666832375], [-73.84182279420668, 40.8831070720319]]}}, {"type": "Feature", "properties": {"segment_id": 774872, "physicalid": "54486", "street_name": "E 229 ST", "borough": "bronx", "direction": "TW", "total_row_ft": 80.2, "roadbed_ft": 50.7, "median_ft": 0.0, "left_sw_ft": 14.8, "right_sw_ft": 14.6}, "geometry": {"type": "LineString", "coordinates": [[-73.8415288912072, 40.8831333165683], [-73.84179978945036, 40.883054981132744]]}}, {"type": "Feature", "properties": {"segment_id": 774873, "physicalid": "54486", "street_name": "E 229 ST", "borough": "bronx", "direction": "TW", "total_row_ft": 79.7, "roadbed_ft": 50.7, "median_ft": 0.0, "left_sw_ft": 14.4, "right_sw_ft": 14.6}, "geometry": {"type": "LineString", "coordinates": [[-73.84150750753736, 40.883080756908946], [-73.84177678473009, 40.88300289022853]]}}, {"type": "Feature", "properties": {"segment_id": 774874, "physicalid": "54486", "street_name": "E 229 ST", "borough": "bronx", "direction": "TW", "total_row_ft": 79.2, "roadbed_ft": 50.7, "median_ft": 0.0, "left_sw_ft": 14.0, "right_sw_ft": 14.5}, "geometry": {"type": "LineString", "coordinates": [[-73.84148612360649, 40.88302819733033], [-73.84175378004588, 40.88295079931924]]}}, {"type": "Feature", "properties": {"segment_id": 774875, "physicalid": "54486", "street_name": "E 229 ST", "borough": "bronx", "direction": "TW", "total_row_ft": 78.7, "roadbed_ft": 50.6, "median_ft": 0.0, "left_sw_ft": 13.7, "right_sw_ft": 14.4}, "geometry": {"type": "LineString", "coordinates": [[-73.84146473961555, 40.88297563777443], [-73.8417307753977, 40.88289870840486]]}}, {"type": "Feature", "properties": {"segment_id": 774876, "physicalid": "54486", "street_name": "E 229 ST", "borough": "bronx", "direction": "TW", "total_row_ft": 78.9, "roadbed_ft": 50.6, "median_ft": 0.0, "left_sw_ft": 13.7, "right_sw_ft": 14.6}, "geometry": {"type": "LineString", "coordinates": [[-73.84144195659746, 40.88292348277741], [-73.84170859688868, 40.88284637860052]]}}, {"type": "Feature", "properties": {"segment_id": 774877, "physicalid": "54486", "street_name": "E 229 ST", "borough": "bronx", "direction": "TW", "total_row_ft": 79.5, "roadbed_ft": 50.6, "median_ft": 0.0, "left_sw_ft": 13.8, "right_sw_ft": 15.0}, "geometry": {"type": "LineString", "coordinates": [[-73.84141884541215, 40.882871422681085], [-73.84178982286085, 40.88276414718854]]}}, {"type": "Feature", "properties": {"segment_id": 774878, "physicalid": "54486", "street_name": "E 229 ST", "borough": "bronx", "direction": "TW", "total_row_ft": 79.5, "roadbed_ft": 50.6, "median_ft": 0.0, "left_sw_ft": 13.9, "right_sw_ft": 14.9}, "geometry": {"type": "LineString", "coordinates": [[-73.84139573423185, 40.88281936258868], [-73.84166432607516, 40.88274169408006]]}}, {"type": "Feature", "properties": {"segment_id": 774879, "physicalid": "54486", "street_name": "E 229 ST", "borough": "bronx", "direction": "TW", "total_row_ft": 79.7, "roadbed_ft": 50.7, "median_ft": 0.0, "left_sw_ft": 14.0, "right_sw_ft": 15.0}, "geometry": {"type": "LineString", "coordinates": [[-73.84137262304236, 40.88276730250428], [-73.84173831984867, 40.8826615540251]]}}, {"type": "Feature", "properties": {"segment_id": 774880, "physicalid": "54486", "street_name": "E 229 ST", "borough": "bronx", "direction": "TW", "total_row_ft": 79.5, "roadbed_ft": 50.7, "median_ft": 0.0, "left_sw_ft": 14.1, "right_sw_ft": 14.7}, "geometry": {"type": "LineString", "coordinates": [[-73.84134963020279, 40.8827152082022], [-73.84161840904811, 40.88263748561777]]}}, {"type": "Feature", "properties": {"segment_id": 774881, "physicalid": "54486", "street_name": "E 229 ST", "borough": "bronx", "direction": "TW", "total_row_ft": 79.3, "roadbed_ft": 50.6, "median_ft": 0.0, "left_sw_ft": 14.1, "right_sw_ft": 14.6}, "geometry": {"type": "LineString", "coordinates": [[-73.84132686385192, 40.88266304841225], [-73.84159474419846, 40.8825855856464]]}}, {"type": "Feature", "properties": {"segment_id": 774882, "physicalid": "54486", "street_name": "E 229 ST", "borough": "bronx", "direction": "TW", "total_row_ft": 79.0, "roadbed_ft": 50.3, "median_ft": 0.0, "left_sw_ft": 14.1, "right_sw_ft": 14.6}, "geometry": {"type": "LineString", "coordinates": [[-73.84130409744196, 40.88261088864473], [-73.84157107951911, 40.88253368563114]]}}, {"type": "Feature", "properties": {"segment_id": 774883, "physicalid": "54486", "street_name": "E 229 ST", "borough": "bronx", "direction": "TW", "total_row_ft": 78.7, "roadbed_ft": 50.1, "median_ft": 0.0, "left_sw_ft": 14.0, "right_sw_ft": 14.6}, "geometry": {"type": "LineString", "coordinates": [[-73.8412813307642, 40.88255872896], [-73.84154741487669, 40.88248178561048]]}}, {"type": "Feature", "properties": {"segment_id": 774884, "physicalid": "54486", "street_name": "E 229 ST", "borough": "bronx", "direction": "TW", "total_row_ft": 73.4, "roadbed_ft": 49.9, "median_ft": 0.0, "left_sw_ft": 14.0, "right_sw_ft": 9.6}, "geometry": {"type": "LineString", "coordinates": [[-73.84125877957486, 40.88250650696826], [-73.84150687272692, 40.88243476607519]]}}, {"type": "Feature", "properties": {"segment_id": 774885, "physicalid": "54486", "street_name": "E 229 ST", "borough": "bronx", "direction": "TW", "total_row_ft": 73.3, "roadbed_ft": 49.6, "median_ft": 0.0, "left_sw_ft": 13.8, "right_sw_ft": 9.9}, "geometry": {"type": "LineString", "coordinates": [[-73.84123649708224, 40.88245420728343], [-73.84148418297977, 40.88238258415415]]}}, {"type": "Feature", "properties": {"segment_id": 774886, "physicalid": "54486", "street_name": "E 229 ST", "borough": "bronx", "direction": "TW", "total_row_ft": 73.0, "roadbed_ft": 49.1, "median_ft": 0.0, "left_sw_ft": 13.7, "right_sw_ft": 10.3}, "geometry": {"type": "LineString", "coordinates": [[-73.84121421462471, 40.88240190759383], [-73.84146102272925, 40.88233053829412]]}}, {"type": "Feature", "properties": {"segment_id": 774887, "physicalid": "54486", "street_name": "E 229 ST", "borough": "bronx", "direction": "TW", "total_row_ft": 72.8, "roadbed_ft": 48.3, "median_ft": 0.0, "left_sw_ft": 13.5, "right_sw_ft": 11.0}, "geometry": {"type": "LineString", "coordinates": [[-73.84119193220221, 40.882349607899364], [-73.84143786251501, 40.88227849242898]]}}, {"type": "Feature", "properties": {"segment_id": 774888, "physicalid": "54486", "street_name": "E 229 ST", "borough": "bronx", "direction": "TW", "total_row_ft": 92.8, "roadbed_ft": 49.7, "median_ft": 0.0, "left_sw_ft": 31.5, "right_sw_ft": 11.6}, "geometry": {"type": "LineString", "coordinates": [[-73.84110103418737, 40.88231714960562], [-73.84141470233702, 40.88222644655868]]}}, {"type": "Feature", "properties": {"segment_id": 775385, "physicalid": "54534", "street_name": "BOSTON RD", "borough": "bronx", "direction": "TW", "total_row_ft": 95.8, "roadbed_ft": 70.1, "median_ft": 0.0, "left_sw_ft": 14.5, "right_sw_ft": 11.2}, "geometry": {"type": "LineString", "coordinates": [[-73.84191599829751, 40.8801087733298], [-73.84170010105844, 40.879903007795804]]}}, {"type": "Feature", "properties": {"segment_id": 775386, "physicalid": "54534", "street_name": "BOSTON RD", "borough": "bronx", "direction": "TW", "total_row_ft": 95.7, "roadbed_ft": 70.2, "median_ft": 0.0, "left_sw_ft": 14.2, "right_sw_ft": 11.4}, "geometry": {"type": "LineString", "coordinates": [[-73.84185919325031, 40.880142751732464], [-73.84164349715579, 40.87993717773716]]}}, {"type": "Feature", "properties": {"segment_id": 775387, "physicalid": "54534", "street_name": "BOSTON RD", "borough": "bronx", "direction": "TW", "total_row_ft": 95.3, "roadbed_ft": 70.3, "median_ft": 0.0, "left_sw_ft": 13.8, "right_sw_ft": 11.2}, "geometry": {"type": "LineString", "coordinates": [[-73.84180238814507, 40.88017673010696], [-73.84158762680846, 40.87997204684076]]}}, {"type": "Feature", "properties": {"segment_id": 775388, "physicalid": "54534", "street_name": "BOSTON RD", "borough": "bronx", "direction": "TW", "total_row_ft": 95.0, "roadbed_ft": 70.4, "median_ft": 0.0, "left_sw_ft": 13.6, "right_sw_ft": 11.0}, "geometry": {"type": "LineString", "coordinates": [[-73.84174603344614, 40.8802111377774], [-73.84153206424126, 40.88000720931135]]}}, {"type": "Feature", "properties": {"segment_id": 775389, "physicalid": "54534", "street_name": "BOSTON RD", "borough": "bronx", "direction": "TW", "total_row_ft": 95.7, "roadbed_ft": 70.5, "median_ft": 0.0, "left_sw_ft": 13.7, "right_sw_ft": 11.5}, "geometry": {"type": "LineString", "coordinates": [[-73.8416903191077, 40.88024615578454], [-73.84147473799702, 40.880040690888244]]}}, {"type": "Feature", "properties": {"segment_id": 775390, "physicalid": "54534", "street_name": "BOSTON RD", "borough": "bronx", "direction": "TW", "total_row_ft": 96.4, "roadbed_ft": 70.6, "median_ft": 0.0, "left_sw_ft": 13.7, "right_sw_ft": 12.0}, "geometry": {"type": "LineString", "coordinates": [[-73.8416344961086, 40.88028107025915], [-73.84141741169503, 40.880074172436444]]}}, {"type": "Feature", "properties": {"segment_id": 775391, "physicalid": "54534", "street_name": "BOSTON RD", "borough": "bronx", "direction": "TW", "total_row_ft": 97.1, "roadbed_ft": 70.8, "median_ft": 0.0, "left_sw_ft": 13.3, "right_sw_ft": 13.0}, "geometry": {"type": "LineString", "coordinates": [[-73.84157780877995, 40.88031516099387], [-73.84135911619255, 40.88010673028523]]}}, {"type": "Feature", "properties": {"segment_id": 775392, "physicalid": "54534", "street_name": "BOSTON RD", "borough": "bronx", "direction": "TW", "total_row_ft": 103.1, "roadbed_ft": 70.9, "median_ft": 0.0, "left_sw_ft": 13.4, "right_sw_ft": 18.8}, "geometry": {"type": "LineString", "coordinates": [[-73.8415220371229, 40.880350124457856], [-73.84128983036152, 40.88012881348303]]}}, {"type": "Feature", "properties": {"segment_id": 775393, "physicalid": "54534", "street_name": "BOSTON RD", "borough": "bronx", "direction": "TW", "total_row_ft": 126.7, "roadbed_ft": 98.3, "median_ft": 0.0, "left_sw_ft": 13.4, "right_sw_ft": 15.0}, "geometry": {"type": "LineString", "coordinates": [[-73.8414662852717, 40.88038510682702], [-73.84121461574165, 40.88014524605664]]}}, {"type": "Feature", "properties": {"segment_id": 775394, "physicalid": "54535", "street_name": "BOSTON RD", "borough": "bronx", "direction": "TW", "total_row_ft": 135.0, "roadbed_ft": 110.0, "median_ft": 0.0, "left_sw_ft": 15.0, "right_sw_ft": 10.0}, "geometry": {"type": "LineString", "coordinates": [[-73.84132516504027, 40.88048345509616], [-73.84113323057552, 40.88018806020615]]}}, {"type": "Feature", "properties": {"segment_id": 775395, "physicalid": "54535", "street_name": "BOSTON RD", "borough": "bronx", "direction": "TW", "total_row_ft": 95.0, "roadbed_ft": 70.1, "median_ft": 0.0, "left_sw_ft": 10.7, "right_sw_ft": 14.2}, "geometry": {"type": "LineString", "coordinates": [[-73.84123750615278, 40.88047265521742], [-73.84108562039937, 40.880238896527274]]}}, {"type": "Feature", "properties": {"segment_id": 775396, "physicalid": "54535", "street_name": "BOSTON RD", "borough": "bronx", "direction": "TW", "total_row_ft": 95.1, "roadbed_ft": 70.0, "median_ft": 0.0, "left_sw_ft": 11.0, "right_sw_ft": 14.2}, "geometry": {"type": "LineString", "coordinates": [[-73.84117289880388, 40.88049733246836], [-73.84102078322599, 40.88026321971971]]}}, {"type": "Feature", "properties": {"segment_id": 775397, "physicalid": "54535", "street_name": "BOSTON RD", "borough": "bronx", "direction": "TW", "total_row_ft": 95.2, "roadbed_ft": 69.8, "median_ft": 0.0, "left_sw_ft": 11.2, "right_sw_ft": 14.2}, "geometry": {"type": "LineString", "coordinates": [[-73.84110829140702, 40.88052200968303], [-73.84095594600512, 40.880287542875585]]}}, {"type": "Feature", "properties": {"segment_id": 775398, "physicalid": "54535", "street_name": "BOSTON RD", "borough": "bronx", "direction": "TW", "total_row_ft": 95.4, "roadbed_ft": 69.7, "median_ft": 0.0, "left_sw_ft": 11.5, "right_sw_ft": 14.1}, "geometry": {"type": "LineString", "coordinates": [[-73.84104368396221, 40.880546686861415], [-73.84089110873684, 40.88031186599493]]}}, {"type": "Feature", "properties": {"segment_id": 775399, "physicalid": "54535", "street_name": "BOSTON RD", "borough": "bronx", "direction": "TW", "total_row_ft": 95.5, "roadbed_ft": 69.7, "median_ft": 0.0, "left_sw_ft": 11.7, "right_sw_ft": 14.1}, "geometry": {"type": "LineString", "coordinates": [[-73.84097907646944, 40.880571364003536], [-73.8408262714938, 40.880336189189634]]}}, {"type": "Feature", "properties": {"segment_id": 775400, "physicalid": "54535", "street_name": "BOSTON RD", "borough": "bronx", "direction": "TW", "total_row_ft": 97.5, "roadbed_ft": 69.8, "median_ft": 0.0, "left_sw_ft": 13.6, "right_sw_ft": 14.1}, "geometry": {"type": "LineString", "coordinates": [[-73.84091739938393, 40.88060055122088], [-73.84076139555378, 40.880360452863826]]}}, {"type": "Feature", "properties": {"segment_id": 775401, "physicalid": "54535", "street_name": "BOSTON RD", "borough": "bronx", "direction": "TW", "total_row_ft": 97.3, "roadbed_ft": 69.8, "median_ft": 0.0, "left_sw_ft": 13.3, "right_sw_ft": 14.2}, "geometry": {"type": "LineString", "coordinates": [[-73.84085212123176, 40.88062419626623], [-73.8406964822106, 40.88038465900848]]}}, {"type": "Feature", "properties": {"segment_id": 775402, "physicalid": "54535", "street_name": "BOSTON RD", "borough": "bronx", "direction": "TW", "total_row_ft": 97.1, "roadbed_ft": 69.9, "median_ft": 0.0, "left_sw_ft": 13.0, "right_sw_ft": 14.2}, "geometry": {"type": "LineString", "coordinates": [[-73.84078684306743, 40.88064784132728], [-73.84063156877286, 40.880408865043776]]}}, {"type": "Feature", "properties": {"segment_id": 775403, "physicalid": "54535", "street_name": "BOSTON RD", "borough": "bronx", "direction": "TW", "total_row_ft": 96.9, "roadbed_ft": 69.9, "median_ft": 0.0, "left_sw_ft": 12.7, "right_sw_ft": 14.2}, "geometry": {"type": "LineString", "coordinates": [[-73.84072156488845, 40.88067148640023], [-73.84056665528787, 40.880433071042425]]}}, {"type": "Feature", "properties": {"segment_id": 775404, "physicalid": "54535", "street_name": "BOSTON RD", "borough": "bronx", "direction": "TW", "total_row_ft": 96.6, "roadbed_ft": 70.0, "median_ft": 0.0, "left_sw_ft": 12.4, "right_sw_ft": 14.2}, "geometry": {"type": "LineString", "coordinates": [[-73.84065628595327, 40.88069513034384], [-73.84050174163653, 40.88045727682117]]}}, {"type": "Feature", "properties": {"segment_id": 775405, "physicalid": "54535", "street_name": "BOSTON RD", "borough": "bronx", "direction": "TW", "total_row_ft": 135.0, "roadbed_ft": 114.6, "median_ft": 0.0, "left_sw_ft": 5.4, "right_sw_ft": 15.0}, "geometry": {"type": "LineString", "coordinates": [[-73.84061163833213, 40.880750527127894], [-73.84041970626659, 40.88045513106572]]}}, {"type": "Feature", "properties": {"segment_id": 775406, "physicalid": "54536", "street_name": "BOSTON RD", "borough": "bronx", "direction": "TW", "total_row_ft": 135.0, "roadbed_ft": 119.2, "median_ft": 0.0, "left_sw_ft": 15.0, "right_sw_ft": 0.8}, "geometry": {"type": "LineString", "coordinates": [[-73.8405093801452, 40.880788787083745], [-73.84031757213783, 40.88049334456684]]}}, {"type": "Feature", "properties": {"segment_id": 775407, "physicalid": "54536", "street_name": "BOSTON RD", "borough": "bronx", "direction": "TW", "total_row_ft": 94.1, "roadbed_ft": 70.3, "median_ft": 0.0, "left_sw_ft": 7.1, "right_sw_ft": 16.7}, "geometry": {"type": "LineString", "coordinates": [[-73.84041621217096, 40.8807694732357], [-73.84026574506184, 40.88053770780337]]}}, {"type": "Feature", "properties": {"segment_id": 775408, "physicalid": "54536", "street_name": "BOSTON RD", "borough": "bronx", "direction": "TW", "total_row_ft": 94.4, "roadbed_ft": 70.2, "median_ft": 0.0, "left_sw_ft": 7.3, "right_sw_ft": 16.9}, "geometry": {"type": "LineString", "coordinates": [[-73.84035150795609, 40.880794002061684], [-73.84020060853591, 40.880561570389084]]}}, {"type": "Feature", "properties": {"segment_id": 775409, "physicalid": "54536", "street_name": "BOSTON RD", "borough": "bronx", "direction": "TW", "total_row_ft": 94.7, "roadbed_ft": 70.1, "median_ft": 0.0, "left_sw_ft": 7.6, "right_sw_ft": 17.0}, "geometry": {"type": "LineString", "coordinates": [[-73.84028680367781, 40.88081853082719], [-73.84013547174096, 40.8805854325956]]}}, {"type": "Feature", "properties": {"segment_id": 775410, "physicalid": "54536", "street_name": "BOSTON RD", "borough": "bronx", "direction": "TW", "total_row_ft": 101.6, "roadbed_ft": 70.0, "median_ft": 0.0, "left_sw_ft": 14.4, "right_sw_ft": 17.2}, "geometry": {"type": "LineString", "coordinates": [[-73.84023265603028, 40.88085932007873], [-73.84007033490232, 40.88060929476993]]}}, {"type": "Feature", "properties": {"segment_id": 775411, "physicalid": "54536", "street_name": "BOSTON RD", "borough": "bronx", "direction": "TW", "total_row_ft": 102.2, "roadbed_ft": 69.9, "median_ft": 0.0, "left_sw_ft": 15.0, "right_sw_ft": 17.3}, "geometry": {"type": "LineString", "coordinates": [[-73.84016857348524, 40.88088480660379], [-73.84000519804812, 40.880633156955476]]}}, {"type": "Feature", "properties": {"segment_id": 775412, "physicalid": "54536", "street_name": "BOSTON RD", "borough": "bronx", "direction": "TW", "total_row_ft": 102.5, "roadbed_ft": 70.0, "median_ft": 0.0, "left_sw_ft": 15.4, "right_sw_ft": 17.1}, "geometry": {"type": "LineString", "coordinates": [[-73.84010449079389, 40.88091029294342], [-73.83994057867916, 40.880657816271096]]}}, {"type": "Feature", "properties": {"segment_id": 776080, "physicalid": "54589", "street_name": "BRUNER AVE", "borough": "bronx", "direction": "TW", "total_row_ft": 116.7, "roadbed_ft": 89.3, "median_ft": 0.0, "left_sw_ft": 15.0, "right_sw_ft": 12.4}, "geometry": {"type": "LineString", "coordinates": [[-73.84654887129241, 40.8898711260989], [-73.84619529659325, 40.889948551607155]]}}, {"type": "Feature", "properties": {"segment_id": 776081, "physicalid": "54589", "street_name": "BRUNER AVE", "borough": "bronx", "direction": "TW", "total_row_ft": 101.0, "roadbed_ft": 78.6, "median_ft": 0.0, "left_sw_ft": 15.0, "right_sw_ft": 7.5}, "geometry": {"type": "LineString", "coordinates": [[-73.846568925916, 40.88992386789553], [-73.84626994569241, 40.8899893384349]]}}, {"type": "Feature", "properties": {"segment_id": 776973, "physicalid": "54653", "street_name": "E 225 ST", "borough": "bronx", "direction": "TW", "total_row_ft": 150.0, "roadbed_ft": 120.0, "median_ft": 0.0, "left_sw_ft": 15.0, "right_sw_ft": 15.0}, "geometry": {"type": "LineString", "coordinates": [[-73.84912752249086, 40.884367490412316], [-73.84933156522337, 40.88407680361764]]}}, {"type": "Feature", "properties": {"segment_id": 776974, "physicalid": "54653", "street_name": "E 225 ST", "borough": "bronx", "direction": "TW", "total_row_ft": 120.0, "roadbed_ft": 54.4, "median_ft": 0.0, "left_sw_ft": 29.0, "right_sw_ft": 36.6}, "geometry": {"type": "LineString", "coordinates": [[-73.84906368679343, 40.88434168076482], [-73.84926772972584, 40.884050994081626]]}}, {"type": "Feature", "properties": {"segment_id": 776975, "physicalid": "54653", "street_name": "E 225 ST", "borough": "bronx", "direction": "TW", "total_row_ft": 76.5, "roadbed_ft": 50.1, "median_ft": 0.0, "left_sw_ft": 15.3, "right_sw_ft": 11.1}, "geometry": {"type": "LineString", "coordinates": [[-73.84902644330575, 40.884277987179374], [-73.84915643708976, 40.884092793845014]]}}, {"type": "Feature", "properties": {"segment_id": 776976, "physicalid": "54653", "street_name": "E 225 ST", "borough": "bronx", "direction": "TW", "total_row_ft": 76.2, "roadbed_ft": 50.0, "median_ft": 0.0, "left_sw_ft": 15.3, "right_sw_ft": 11.0}, "geometry": {"type": "LineString", "coordinates": [[-73.84896338033252, 40.88425107716231], [-73.84909301992626, 40.88406638805531]]}}, {"type": "Feature", "properties": {"segment_id": 776977, "physicalid": "54653", "street_name": "E 225 ST", "borough": "bronx", "direction": "TW", "total_row_ft": 76.0, "roadbed_ft": 49.8, "median_ft": 0.0, "left_sw_ft": 15.4, "right_sw_ft": 10.9}, "geometry": {"type": "LineString", "coordinates": [[-73.84890031816501, 40.88422416743266], [-73.84902960223899, 40.88403998199153]]}}, {"type": "Feature", "properties": {"segment_id": 776978, "physicalid": "54653", "street_name": "E 225 ST", "borough": "bronx", "direction": "TW", "total_row_ft": 75.8, "roadbed_ft": 49.6, "median_ft": 0.0, "left_sw_ft": 15.4, "right_sw_ft": 10.8}, "geometry": {"type": "LineString", "coordinates": [[-73.84883725390486, 40.884197256741395], [-73.84896618622707, 40.8840135765694]]}}, {"type": "Feature", "properties": {"segment_id": 776979, "physicalid": "54653", "street_name": "E 225 ST", "borough": "bronx", "direction": "TW", "total_row_ft": 75.6, "roadbed_ft": 49.4, "median_ft": 0.0, "left_sw_ft": 15.5, "right_sw_ft": 10.7}, "geometry": {"type": "LineString", "coordinates": [[-73.84877419090652, 40.88417034652467], [-73.84890276935562, 40.883987170733455]]}}, {"type": "Feature", "properties": {"segment_id": 776980, "physicalid": "54653", "street_name": "E 225 ST", "borough": "bronx", "direction": "TW", "total_row_ft": 75.4, "roadbed_ft": 49.3, "median_ft": 0.0, "left_sw_ft": 15.5, "right_sw_ft": 10.6}, "geometry": {"type": "LineString", "coordinates": [[-73.84871112795926, 40.88414343627338], [-73.84883935253454, 40.8839607648625]]}}, {"type": "Feature", "properties": {"segment_id": 776981, "physicalid": "54653", "street_name": "E 225 ST", "borough": "bronx", "direction": "TW", "total_row_ft": 93.6, "roadbed_ft": 49.1, "median_ft": 0.0, "left_sw_ft": 33.9, "right_sw_ft": 10.5}, "geometry": {"type": "LineString", "coordinates": [[-73.84861683794571, 40.88416101255826], [-73.84877593576383, 40.88393435895659]]}}, {"type": "Feature", "properties": {"segment_id": 777011, "physicalid": "54654", "street_name": "E 225 ST", "borough": "bronx", "direction": "FT", "total_row_ft": 49.2, "roadbed_ft": 34.7, "median_ft": 0.0, "left_sw_ft": 7.6, "right_sw_ft": 6.9}, "geometry": {"type": "LineString", "coordinates": [[-73.84991165168178, 40.88451926595691], [-73.84998072073523, 40.88439476480038]]}}, {"type": "Feature", "properties": {"segment_id": 777012, "physicalid": "54654", "street_name": "E 225 ST", "borough": "bronx", "direction": "FT", "total_row_ft": 53.7, "roadbed_ft": 34.8, "median_ft": 0.0, "left_sw_ft": 12.0, "right_sw_ft": 7.0}, "geometry": {"type": "LineString", "coordinates": [[-73.84983875898081, 40.8845091967261], [-73.84991415033225, 40.88437329951402]]}}, {"type": "Feature", "properties": {"segment_id": 777013, "physicalid": "54654", "street_name": "E 225 ST", "borough": "bronx", "direction": "FT", "total_row_ft": 53.6, "roadbed_ft": 34.8, "median_ft": 0.0, "left_sw_ft": 11.7, "right_sw_ft": 7.1}, "geometry": {"type": "LineString", "coordinates": [[-73.84977234684818, 40.88448744594416], [-73.84984757995979, 40.88435183421165]]}}, {"type": "Feature", "properties": {"segment_id": 777014, "physicalid": "54654", "street_name": "E 225 ST", "borough": "bronx", "direction": "FT", "total_row_ft": 53.5, "roadbed_ft": 34.8, "median_ft": 0.0, "left_sw_ft": 11.4, "right_sw_ft": 7.3}, "geometry": {"type": "LineString", "coordinates": [[-73.84970593471674, 40.88446569520013], [-73.84978100962925, 40.884330368872675]]}}, {"type": "Feature", "properties": {"segment_id": 777015, "physicalid": "54654", "street_name": "E 225 ST", "borough": "bronx", "direction": "FT", "total_row_ft": 53.6, "roadbed_ft": 34.8, "median_ft": 0.0, "left_sw_ft": 11.2, "right_sw_ft": 7.7}, "geometry": {"type": "LineString", "coordinates": [[-73.84963952262878, 40.8844439444178], [-73.84971477180265, 40.884308304217306]]}}, {"type": "Feature", "properties": {"segment_id": 777016, "physicalid": "54654", "street_name": "E 225 ST", "borough": "bronx", "direction": "FT", "total_row_ft": 54.0, "roadbed_ft": 34.8, "median_ft": 0.0, "left_sw_ft": 10.9, "right_sw_ft": 8.3}, "geometry": {"type": "LineString", "coordinates": [[-73.8495731106132, 40.88442219354499], [-73.8496488812658, 40.88428561359657]]}}, {"type": "Feature", "properties": {"segment_id": 777017, "physicalid": "54654", "street_name": "E 225 ST", "borough": "bronx", "direction": "FT", "total_row_ft": 54.4, "roadbed_ft": 34.8, "median_ft": 0.0, "left_sw_ft": 10.6, "right_sw_ft": 8.9}, "geometry": {"type": "LineString", "coordinates": [[-73.84950669864432, 40.88440044262801], [-73.8495829907332, 40.88426292301155]]}}, {"type": "Feature", "properties": {"segment_id": 777018, "physicalid": "54654", "street_name": "E 225 ST", "borough": "bronx", "direction": "FT", "total_row_ft": 54.7, "roadbed_ft": 34.8, "median_ft": 0.0, "left_sw_ft": 10.4, "right_sw_ft": 9.6}, "geometry": {"type": "LineString", "coordinates": [[-73.84944028671892, 40.884378691672744], [-73.84951710024559, 40.88424023238879]]}}, {"type": "Feature", "properties": {"segment_id": 777019, "physicalid": "54654", "street_name": "E 225 ST", "borough": "bronx", "direction": "FT", "total_row_ft": 120.0, "roadbed_ft": 34.9, "median_ft": 0.0, "left_sw_ft": 41.7, "right_sw_ft": 43.4}, "geometry": {"type": "LineString", "coordinates": [[-73.84932954628248, 40.88443684414318], [-73.8494979497542, 40.88413329103942]]}}, {"type": "Feature", "properties": {"segment_id": 777020, "physicalid": "54654", "street_name": "E 225 ST", "borough": "bronx", "direction": "FT", "total_row_ft": 150.0, "roadbed_ft": 120.0, "median_ft": 0.0, "left_sw_ft": 15.0, "right_sw_ft": 15.0}, "geometry": {"type": "LineString", "coordinates": [[-73.84926288501552, 40.884415542568796], [-73.84943128873763, 40.8841119895611]]}}, {"type": "Feature", "properties": {"segment_id": 777188, "physicalid": "54659", "street_name": "E 225 ST", "borough": "bronx", "direction": "TW", "total_row_ft": 93.7, "roadbed_ft": 49.1, "median_ft": 0.0, "left_sw_ft": 34.3, "right_sw_ft": 10.4}, "geometry": {"type": "LineString", "coordinates": [[-73.84850316655334, 40.88411425120754], [-73.84866751742202, 40.883889214861114]]}}, {"type": "Feature", "properties": {"segment_id": 777189, "physicalid": "54659", "street_name": "E 225 ST", "borough": "bronx", "direction": "TW", "total_row_ft": 74.5, "roadbed_ft": 49.1, "median_ft": 0.0, "left_sw_ft": 15.2, "right_sw_ft": 10.3}, "geometry": {"type": "LineString", "coordinates": [[-73.84847348072081, 40.88404166694835], [-73.84860410499319, 40.88386281061152]]}}, {"type": "Feature", "properties": {"segment_id": 777190, "physicalid": "54659", "street_name": "E 225 ST", "borough": "bronx", "direction": "TW", "total_row_ft": 74.4, "roadbed_ft": 49.1, "median_ft": 0.0, "left_sw_ft": 15.0, "right_sw_ft": 10.2}, "geometry": {"type": "LineString", "coordinates": [[-73.84841045361752, 40.88401473489742], [-73.84854081527807, 40.88383623837078]]}}, {"type": "Feature", "properties": {"segment_id": 777191, "physicalid": "54659", "street_name": "E 225 ST", "borough": "bronx", "direction": "TW", "total_row_ft": 74.3, "roadbed_ft": 49.2, "median_ft": 0.0, "left_sw_ft": 14.9, "right_sw_ft": 10.2}, "geometry": {"type": "LineString", "coordinates": [[-73.84834742657193, 40.883987802802864], [-73.84847763635929, 40.88380951445731]]}}, {"type": "Feature", "properties": {"segment_id": 777192, "physicalid": "54659", "street_name": "E 225 ST", "borough": "bronx", "direction": "TW", "total_row_ft": 74.2, "roadbed_ft": 49.3, "median_ft": 0.0, "left_sw_ft": 14.7, "right_sw_ft": 10.2}, "geometry": {"type": "LineString", "coordinates": [[-73.84828439957744, 40.88396087067376], [-73.8484144574913, 40.88378279050909]]}}, {"type": "Feature", "properties": {"segment_id": 777193, "physicalid": "54659", "street_name": "E 225 ST", "borough": "bronx", "direction": "TW", "total_row_ft": 74.2, "roadbed_ft": 49.4, "median_ft": 0.0, "left_sw_ft": 14.7, "right_sw_ft": 10.1}, "geometry": {"type": "LineString", "coordinates": [[-73.84822115866157, 40.88393423148782], [-73.84835127867412, 40.88375606652618]]}}, {"type": "Feature", "properties": {"segment_id": 777194, "physicalid": "54659", "street_name": "E 225 ST", "borough": "bronx", "direction": "TW", "total_row_ft": 74.3, "roadbed_ft": 49.5, "median_ft": 0.0, "left_sw_ft": 14.7, "right_sw_ft": 10.1}, "geometry": {"type": "LineString", "coordinates": [[-73.84815790890535, 40.88390760444103], [-73.84828809990772, 40.88372934250856]]}}, {"type": "Feature", "properties": {"segment_id": 777195, "physicalid": "54659", "street_name": "E 225 ST", "borough": "bronx", "direction": "TW", "total_row_ft": 74.3, "roadbed_ft": 49.6, "median_ft": 0.0, "left_sw_ft": 14.6, "right_sw_ft": 10.1}, "geometry": {"type": "LineString", "coordinates": [[-73.84809465919979, 40.88388097735941], [-73.84822492119211, 40.8837026184562]]}}, {"type": "Feature", "properties": {"segment_id": 777196, "physicalid": "54659", "street_name": "E 225 ST", "borough": "bronx", "direction": "TW", "total_row_ft": 74.3, "roadbed_ft": 49.7, "median_ft": 0.0, "left_sw_ft": 14.6, "right_sw_ft": 10.1}, "geometry": {"type": "LineString", "coordinates": [[-73.84803140954489, 40.88385435024301], [-73.84816174254492, 40.88367589434502]]}}, {"type": "Feature", "properties": {"segment_id": 777197, "physicalid": "54659", "street_name": "E 225 ST", "borough": "bronx", "direction": "TW", "total_row_ft": 74.4, "roadbed_ft": 49.8, "median_ft": 0.0, "left_sw_ft": 14.6, "right_sw_ft": 10.0}, "geometry": {"type": "LineString", "coordinates": [[-73.84796815994068, 40.88382772309183], [-73.84809856397081, 40.88364917016858]]}}, {"type": "Feature", "properties": {"segment_id": 777198, "physicalid": "54659", "street_name": "E 225 ST", "borough": "bronx", "direction": "TW", "total_row_ft": 74.4, "roadbed_ft": 49.8, "median_ft": 0.0, "left_sw_ft": 14.6, "right_sw_ft": 10.0}, "geometry": {"type": "LineString", "coordinates": [[-73.84790491038709, 40.88380109590586], [-73.84803538544749, 40.883622445957485]]}}, {"type": "Feature", "properties": {"segment_id": 777199, "physicalid": "54659", "street_name": "E 225 ST", "borough": "bronx", "direction": "TW", "total_row_ft": 74.5, "roadbed_ft": 49.9, "median_ft": 0.0, "left_sw_ft": 14.6, "right_sw_ft": 10.0}, "geometry": {"type": "LineString", "coordinates": [[-73.84784166088419, 40.88377446868507], [-73.84797220697496, 40.883595721711636]]}}, {"type": "Feature", "properties": {"segment_id": 777200, "physicalid": "54659", "street_name": "E 225 ST", "borough": "bronx", "direction": "TW", "total_row_ft": 74.5, "roadbed_ft": 49.9, "median_ft": 0.0, "left_sw_ft": 14.7, "right_sw_ft": 10.0}, "geometry": {"type": "LineString", "coordinates": [[-73.84777841132572, 40.88374784157497], [-73.84790902855322, 40.88356899743106]]}}, {"type": "Feature", "properties": {"segment_id": 777201, "physicalid": "54659", "street_name": "E 225 ST", "borough": "bronx", "direction": "TW", "total_row_ft": 74.5, "roadbed_ft": 49.9, "median_ft": 0.0, "left_sw_ft": 14.7, "right_sw_ft": 9.9}, "geometry": {"type": "LineString", "coordinates": [[-73.84771516166659, 40.883721214637305], [-73.84784579359992, 40.88354235058981]]}}, {"type": "Feature", "properties": {"segment_id": 777202, "physicalid": "54659", "street_name": "E 225 ST", "borough": "bronx", "direction": "TW", "total_row_ft": 74.5, "roadbed_ft": 49.9, "median_ft": 0.0, "left_sw_ft": 14.8, "right_sw_ft": 9.8}, "geometry": {"type": "LineString", "coordinates": [[-73.84765191245633, 40.88369458711954], [-73.847782555001, 40.88351570877488]]}}, {"type": "Feature", "properties": {"segment_id": 777203, "physicalid": "54659", "street_name": "E 225 ST", "borough": "bronx", "direction": "TW", "total_row_ft": 74.5, "roadbed_ft": 49.9, "median_ft": 0.0, "left_sw_ft": 14.8, "right_sw_ft": 9.8}, "geometry": {"type": "LineString", "coordinates": [[-73.84758871646181, 40.88366788677269], [-73.84771931645274, 40.88348906692517]]}}, {"type": "Feature", "properties": {"segment_id": 777204, "physicalid": "54659", "street_name": "E 225 ST", "borough": "bronx", "direction": "TW", "total_row_ft": 74.5, "roadbed_ft": 49.9, "median_ft": 0.0, "left_sw_ft": 14.8, "right_sw_ft": 9.7}, "geometry": {"type": "LineString", "coordinates": [[-73.84752553405002, 40.88364116786299], [-73.84765607795516, 40.88346242504067]]}}, {"type": "Feature", "properties": {"segment_id": 777205, "physicalid": "54659", "street_name": "E 225 ST", "borough": "bronx", "direction": "TW", "total_row_ft": 74.4, "roadbed_ft": 49.9, "median_ft": 0.0, "left_sw_ft": 14.9, "right_sw_ft": 9.6}, "geometry": {"type": "LineString", "coordinates": [[-73.8474623516989, 40.88361444890506], [-73.84759283950827, 40.88343578312141]]}}, {"type": "Feature", "properties": {"segment_id": 777206, "physicalid": "54659", "street_name": "E 225 ST", "borough": "bronx", "direction": "TW", "total_row_ft": 74.4, "roadbed_ft": 49.9, "median_ft": 0.0, "left_sw_ft": 14.9, "right_sw_ft": 9.6}, "geometry": {"type": "LineString", "coordinates": [[-73.84739916940771, 40.8835877298998], [-73.84752960111207, 40.88340914116737]]}}, {"type": "Feature", "properties": {"segment_id": 777207, "physicalid": "54659", "street_name": "E 225 ST", "borough": "bronx", "direction": "TW", "total_row_ft": 74.4, "roadbed_ft": 49.9, "median_ft": 0.0, "left_sw_ft": 14.9, "right_sw_ft": 9.5}, "geometry": {"type": "LineString", "coordinates": [[-73.84733598720153, 40.883561010813], [-73.84746636276655, 40.88338249917854]]}}, {"type": "Feature", "properties": {"segment_id": 777208, "physicalid": "54659", "street_name": "E 225 ST", "borough": "bronx", "direction": "TW", "total_row_ft": 74.3, "roadbed_ft": 49.9, "median_ft": 0.0, "left_sw_ft": 14.9, "right_sw_ft": 9.5}, "geometry": {"type": "LineString", "coordinates": [[-73.84727280504615, 40.88353429169148], [-73.84740315236391, 40.88335581896461]]}}, {"type": "Feature", "properties": {"segment_id": 777209, "physicalid": "54659", "street_name": "E 225 ST", "borough": "bronx", "direction": "TW", "total_row_ft": 74.4, "roadbed_ft": 49.9, "median_ft": 0.0, "left_sw_ft": 15.0, "right_sw_ft": 9.5}, "geometry": {"type": "LineString", "coordinates": [[-73.84720962294156, 40.883507572535244], [-73.84734001346538, 40.883329040881044]]}}, {"type": "Feature", "properties": {"segment_id": 777210, "physicalid": "54659", "street_name": "E 225 ST", "borough": "bronx", "direction": "TW", "total_row_ft": 74.4, "roadbed_ft": 49.9, "median_ft": 0.0, "left_sw_ft": 15.0, "right_sw_ft": 9.5}, "geometry": {"type": "LineString", "coordinates": [[-73.84714644070762, 40.883480853268104], [-73.84727687477223, 40.883302262828344]]}}, {"type": "Feature", "properties": {"segment_id": 777211, "physicalid": "54659", "street_name": "E 225 ST", "borough": "bronx", "direction": "TW", "total_row_ft": 94.4, "roadbed_ft": 50.0, "median_ft": 0.0, "left_sw_ft": 35.0, "right_sw_ft": 9.5}, "geometry": {"type": "LineString", "coordinates": [[-73.84704818064175, 40.883502163388115], [-73.84721373575759, 40.88327548458307]]}}, {"type": "Feature", "properties": {"segment_id": 777212, "physicalid": "54659", "street_name": "E 225 ST", "borough": "bronx", "direction": "TW", "total_row_ft": 84.8, "roadbed_ft": 50.0, "median_ft": 0.0, "left_sw_ft": 25.3, "right_sw_ft": 9.5}, "geometry": {"type": "LineString", "coordinates": [[-73.84700199879018, 40.88345216719151], [-73.84715059715423, 40.88324870645599]]}}, {"type": "Feature", "properties": {"segment_id": 777213, "physicalid": "54660", "street_name": "E 225 ST", "borough": "bronx", "direction": "TW", "total_row_ft": 150.0, "roadbed_ft": 120.0, "median_ft": 0.0, "left_sw_ft": 15.0, "right_sw_ft": 15.0}, "geometry": {"type": "LineString", "coordinates": [[-73.84591702317317, 40.8830271357483], [-73.8461202434927, 40.882736118877034]]}}, {"type": "Feature", "properties": {"segment_id": 777214, "physicalid": "54660", "street_name": "E 225 ST", "borough": "bronx", "direction": "TW", "total_row_ft": 117.2, "roadbed_ft": 50.8, "median_ft": 0.0, "left_sw_ft": 33.2, "right_sw_ft": 33.2}, "geometry": {"type": "LineString", "coordinates": [[-73.84585794230951, 40.88299451866521], [-73.84605633681437, 40.882710412844006]]}}, {"type": "Feature", "properties": {"segment_id": 777215, "physicalid": "54660", "street_name": "E 225 ST", "borough": "bronx", "direction": "TW", "total_row_ft": 74.6, "roadbed_ft": 50.7, "median_ft": 0.0, "left_sw_ft": 13.8, "right_sw_ft": 10.2}, "geometry": {"type": "LineString", "coordinates": [[-73.84582767127303, 40.88292064547154], [-73.84595402042339, 40.88273971064342]]}}, {"type": "Feature", "properties": {"segment_id": 777216, "physicalid": "54660", "street_name": "E 225 ST", "borough": "bronx", "direction": "TW", "total_row_ft": 74.7, "roadbed_ft": 50.5, "median_ft": 0.0, "left_sw_ft": 14.0, "right_sw_ft": 10.2}, "geometry": {"type": "LineString", "coordinates": [[-73.84576424846195, 40.88289424627967], [-73.84589076111662, 40.88271307755318]]}}, {"type": "Feature", "properties": {"segment_id": 777217, "physicalid": "54660", "street_name": "E 225 ST", "borough": "bronx", "direction": "TW", "total_row_ft": 74.8, "roadbed_ft": 50.3, "median_ft": 0.0, "left_sw_ft": 14.2, "right_sw_ft": 10.2}, "geometry": {"type": "LineString", "coordinates": [[-73.84570082584257, 40.88286784685045], [-73.84582750186054, 40.88268644442812]]}}, {"type": "Feature", "properties": {"segment_id": 777218, "physicalid": "54660", "street_name": "E 225 ST", "borough": "bronx", "direction": "TW", "total_row_ft": 74.9, "roadbed_ft": 50.2, "median_ft": 0.0, "left_sw_ft": 14.4, "right_sw_ft": 10.3}, "geometry": {"type": "LineString", "coordinates": [[-73.84563740336895, 40.88284144724966], [-73.84576424265514, 40.88265981126827]]}}, {"type": "Feature", "properties": {"segment_id": 777219, "physicalid": "54660", "street_name": "E 225 ST", "borough": "bronx", "direction": "TW", "total_row_ft": 75.0, "roadbed_ft": 50.0, "median_ft": 0.0, "left_sw_ft": 14.6, "right_sw_ft": 10.3}, "geometry": {"type": "LineString", "coordinates": [[-73.84557398094572, 40.88281504761387], [-73.84570098350042, 40.882633178073625]]}}, {"type": "Feature", "properties": {"segment_id": 777220, "physicalid": "54660", "street_name": "E 225 ST", "borough": "bronx", "direction": "TW", "total_row_ft": 75.1, "roadbed_ft": 49.9, "median_ft": 0.0, "left_sw_ft": 14.8, "right_sw_ft": 10.4}, "geometry": {"type": "LineString", "coordinates": [[-73.84551055837075, 40.8827886482325], [-73.8456377243964, 40.882606544844144]]}}, {"type": "Feature", "properties": {"segment_id": 777221, "physicalid": "54660", "street_name": "E 225 ST", "borough": "bronx", "direction": "TW", "total_row_ft": 75.0, "roadbed_ft": 49.9, "median_ft": 0.0, "left_sw_ft": 14.9, "right_sw_ft": 10.3}, "geometry": {"type": "LineString", "coordinates": [[-73.84544742361479, 40.88276183672957], [-73.84557446534717, 40.88257991157401]]}}, {"type": "Feature", "properties": {"segment_id": 777222, "physicalid": "54660", "street_name": "E 225 ST", "borough": "bronx", "direction": "TW", "total_row_ft": 74.9, "roadbed_ft": 49.9, "median_ft": 0.0, "left_sw_ft": 14.9, "right_sw_ft": 10.1}, "geometry": {"type": "LineString", "coordinates": [[-73.84538434433561, 40.882734945959264], [-73.84551120629338, 40.882553278190805]]}}, {"type": "Feature", "properties": {"segment_id": 777223, "physicalid": "54660", "street_name": "E 225 ST", "borough": "bronx", "direction": "TW", "total_row_ft": 74.8, "roadbed_ft": 49.9, "median_ft": 0.0, "left_sw_ft": 14.9, "right_sw_ft": 10.0}, "geometry": {"type": "LineString", "coordinates": [[-73.84532126488178, 40.882708055082176], [-73.84544794753647, 40.88252664487641]]}}, {"type": "Feature", "properties": {"segment_id": 777224, "physicalid": "54660", "street_name": "E 225 ST", "borough": "bronx", "direction": "TW", "total_row_ft": 74.7, "roadbed_ft": 49.9, "median_ft": 0.0, "left_sw_ft": 14.9, "right_sw_ft": 9.9}, "geometry": {"type": "LineString", "coordinates": [[-73.8452581858221, 40.882681163938855], [-73.84538468866971, 40.88250001145964]]}}, {"type": "Feature", "properties": {"segment_id": 777225, "physicalid": "54660", "street_name": "E 225 ST", "borough": "bronx", "direction": "TW", "total_row_ft": 74.7, "roadbed_ft": 50.0, "median_ft": 0.0, "left_sw_ft": 14.9, "right_sw_ft": 9.8}, "geometry": {"type": "LineString", "coordinates": [[-73.84519510685836, 40.882654272696584], [-73.84532155883663, 40.88247319330365]]}}, {"type": "Feature", "properties": {"segment_id": 777226, "physicalid": "54660", "street_name": "E 225 ST", "borough": "bronx", "direction": "TW", "total_row_ft": 89.5, "roadbed_ft": 64.9, "median_ft": 0.0, "left_sw_ft": 14.9, "right_sw_ft": 9.8}, "geometry": {"type": "LineString", "coordinates": [[-73.84513202799853, 40.882627381343994], [-73.84525846557057, 40.88244632282184]]}}, {"type": "Feature", "properties": {"segment_id": 777227, "physicalid": "54660", "street_name": "E 225 ST", "borough": "bronx", "direction": "TW", "total_row_ft": 74.7, "roadbed_ft": 50.0, "median_ft": 0.0, "left_sw_ft": 14.8, "right_sw_ft": 9.9}, "geometry": {"type": "LineString", "coordinates": [[-73.84506893068921, 40.8826005164494], [-73.84519537235549, 40.88241945230543]]}}, {"type": "Feature", "properties": {"segment_id": 777228, "physicalid": "54660", "street_name": "E 225 ST", "borough": "bronx", "direction": "TW", "total_row_ft": 74.7, "roadbed_ft": 50.1, "median_ft": 0.0, "left_sw_ft": 14.7, "right_sw_ft": 10.0}, "geometry": {"type": "LineString", "coordinates": [[-73.84500578865874, 40.88257371563347], [-73.84513227919142, 40.88239258175438]]}}, {"type": "Feature", "properties": {"segment_id": 777229, "physicalid": "54660", "street_name": "E 225 ST", "borough": "bronx", "direction": "TW", "total_row_ft": 74.7, "roadbed_ft": 50.1, "median_ft": 0.0, "left_sw_ft": 14.5, "right_sw_ft": 10.0}, "geometry": {"type": "LineString", "coordinates": [[-73.84494264667919, 40.8825469147829], [-73.84506918607835, 40.882365711168724]]}}, {"type": "Feature", "properties": {"segment_id": 777246, "physicalid": "54661", "street_name": "E 227 ST", "borough": "bronx", "direction": "FT", "total_row_ft": 47.9, "roadbed_ft": 30.3, "median_ft": 0.0, "left_sw_ft": 8.1, "right_sw_ft": 9.5}, "geometry": {"type": "LineString", "coordinates": [[-73.84990814561878, 40.8861721338853], [-73.84997524468342, 40.886050836141365]]}}, {"type": "Feature", "properties": {"segment_id": 777247, "physicalid": "54661", "street_name": "E 227 ST", "borough": "bronx", "direction": "FT", "total_row_ft": 48.0, "roadbed_ft": 30.4, "median_ft": 0.0, "left_sw_ft": 8.1, "right_sw_ft": 9.5}, "geometry": {"type": "LineString", "coordinates": [[-73.84984138584313, 40.886151007172934], [-73.84990854370423, 40.88602960336021]]}}, {"type": "Feature", "properties": {"segment_id": 777248, "physicalid": "54661", "street_name": "E 227 ST", "borough": "bronx", "direction": "FT", "total_row_ft": 48.0, "roadbed_ft": 30.4, "median_ft": 0.0, "left_sw_ft": 8.1, "right_sw_ft": 9.5}, "geometry": {"type": "LineString", "coordinates": [[-73.84977462611224, 40.88612988041763], [-73.84984184261546, 40.88600837081548]]}}, {"type": "Feature", "properties": {"segment_id": 777249, "physicalid": "54661", "street_name": "E 227 ST", "borough": "bronx", "direction": "FT", "total_row_ft": 48.1, "roadbed_ft": 30.4, "median_ft": 0.0, "left_sw_ft": 8.2, "right_sw_ft": 9.4}, "geometry": {"type": "LineString", "coordinates": [[-73.84970786642549, 40.88610875362055], [-73.84977514156931, 40.885987138232096]]}}, {"type": "Feature", "properties": {"segment_id": 777250, "physicalid": "54661", "street_name": "E 227 ST", "borough": "bronx", "direction": "FT", "total_row_ft": 48.1, "roadbed_ft": 30.4, "median_ft": 0.0, "left_sw_ft": 8.3, "right_sw_ft": 9.4}, "geometry": {"type": "LineString", "coordinates": [[-73.84964110683384, 40.8860876266896], [-73.8497084405605, 40.88596590561965]]}}, {"type": "Feature", "properties": {"segment_id": 777251, "physicalid": "54661", "street_name": "E 227 ST", "borough": "bronx", "direction": "FT", "total_row_ft": 48.1, "roadbed_ft": 30.3, "median_ft": 0.0, "left_sw_ft": 8.4, "right_sw_ft": 9.4}, "geometry": {"type": "LineString", "coordinates": [[-73.84957434736002, 40.88606649958366], [-73.84964173958603, 40.88594467298345]]}}, {"type": "Feature", "properties": {"segment_id": 777252, "physicalid": "54661", "street_name": "E 227 ST", "borough": "bronx", "direction": "FT", "total_row_ft": 48.2, "roadbed_ft": 30.3, "median_ft": 0.0, "left_sw_ft": 8.5, "right_sw_ft": 9.4}, "geometry": {"type": "LineString", "coordinates": [[-73.84950758800643, 40.886045372298305], [-73.8495750386542, 40.88592344030866]]}}, {"type": "Feature", "properties": {"segment_id": 777253, "physicalid": "54661", "street_name": "E 227 ST", "borough": "bronx", "direction": "FT", "total_row_ft": 48.1, "roadbed_ft": 30.3, "median_ft": 0.0, "left_sw_ft": 8.5, "right_sw_ft": 9.4}, "geometry": {"type": "LineString", "coordinates": [[-73.8494409709548, 40.88602398780972], [-73.84950833066002, 40.885902220438936]]}}, {"type": "Feature", "properties": {"segment_id": 777254, "physicalid": "54661", "street_name": "E 227 ST", "borough": "bronx", "direction": "FT", "total_row_ft": 48.0, "roadbed_ft": 30.3, "median_ft": 0.0, "left_sw_ft": 8.4, "right_sw_ft": 9.3}, "geometry": {"type": "LineString", "coordinates": [[-73.84937439986697, 40.88600252027072], [-73.84944152912695, 40.885881169699594]]}}, {"type": "Feature", "properties": {"segment_id": 777255, "physicalid": "54661", "street_name": "E 227 ST", "borough": "bronx", "direction": "FT", "total_row_ft": 47.8, "roadbed_ft": 30.2, "median_ft": 0.0, "left_sw_ft": 8.4, "right_sw_ft": 9.2}, "geometry": {"type": "LineString", "coordinates": [[-73.84930782861545, 40.88598105306692], [-73.84937472747274, 40.885860119217]]}}, {"type": "Feature", "properties": {"segment_id": 777256, "physicalid": "54661", "street_name": "E 227 ST", "borough": "bronx", "direction": "FT", "total_row_ft": 47.6, "roadbed_ft": 30.2, "median_ft": 0.0, "left_sw_ft": 8.3, "right_sw_ft": 9.1}, "geometry": {"type": "LineString", "coordinates": [[-73.84924125738766, 40.885959585859425], [-73.84930792584834, 40.88583906871822]]}}, {"type": "Feature", "properties": {"segment_id": 777257, "physicalid": "54661", "street_name": "E 227 ST", "borough": "bronx", "direction": "FT", "total_row_ft": 47.5, "roadbed_ft": 30.1, "median_ft": 0.0, "left_sw_ft": 8.3, "right_sw_ft": 9.0}, "geometry": {"type": "LineString", "coordinates": [[-73.84917468619683, 40.885938118624345], [-73.84924112429199, 40.8858180181341]]}}, {"type": "Feature", "properties": {"segment_id": 777258, "physicalid": "54661", "street_name": "E 227 ST", "borough": "bronx", "direction": "FT", "total_row_ft": 47.3, "roadbed_ft": 30.1, "median_ft": 0.0, "left_sw_ft": 8.2, "right_sw_ft": 9.0}, "geometry": {"type": "LineString", "coordinates": [[-73.8491081150459, 40.88591665135641], [-73.84917432277797, 40.88579696751124]]}}, {"type": "Feature", "properties": {"segment_id": 777259, "physicalid": "54661", "street_name": "E 227 ST", "borough": "bronx", "direction": "FT", "total_row_ft": 47.1, "roadbed_ft": 30.3, "median_ft": 0.0, "left_sw_ft": 7.9, "right_sw_ft": 8.9}, "geometry": {"type": "LineString", "coordinates": [[-73.84904154396223, 40.88589518400611], [-73.84910752130627, 40.88577591684965]]}}, {"type": "Feature", "properties": {"segment_id": 777260, "physicalid": "54661", "street_name": "E 227 ST", "borough": "bronx", "direction": "FT", "total_row_ft": 47.0, "roadbed_ft": 30.5, "median_ft": 0.0, "left_sw_ft": 7.7, "right_sw_ft": 8.8}, "geometry": {"type": "LineString", "coordinates": [[-73.84897497298824, 40.88587371649676], [-73.84904071994951, 40.88575486601795]]}}, {"type": "Feature", "properties": {"segment_id": 777261, "physicalid": "54661", "street_name": "E 227 ST", "borough": "bronx", "direction": "FT", "total_row_ft": 46.9, "roadbed_ft": 30.7, "median_ft": 0.0, "left_sw_ft": 7.4, "right_sw_ft": 8.9}, "geometry": {"type": "LineString", "coordinates": [[-73.84890840201692, 40.88585224902188], [-73.8489741131795, 40.88573346347039]]}}, {"type": "Feature", "properties": {"segment_id": 777262, "physicalid": "54661", "street_name": "E 227 ST", "borough": "bronx", "direction": "FT", "total_row_ft": 47.0, "roadbed_ft": 31.1, "median_ft": 0.0, "left_sw_ft": 7.1, "right_sw_ft": 8.7}, "geometry": {"type": "LineString", "coordinates": [[-73.84884183094314, 40.885830781771425], [-73.84890757023332, 40.885711945587964]]}}, {"type": "Feature", "properties": {"segment_id": 777263, "physicalid": "54661", "street_name": "E 227 ST", "borough": "bronx", "direction": "FT", "total_row_ft": 55.3, "roadbed_ft": 31.6, "median_ft": 0.0, "left_sw_ft": 15.2, "right_sw_ft": 8.5}, "geometry": {"type": "LineString", "coordinates": [[-73.84876363758556, 40.88583032394705], [-73.84884102752181, 40.88569042732075]]}}, {"type": "Feature", "properties": {"segment_id": 777264, "physicalid": "54661", "street_name": "E 227 ST", "borough": "bronx", "direction": "FT", "total_row_ft": 55.5, "roadbed_ft": 32.0, "median_ft": 0.0, "left_sw_ft": 15.1, "right_sw_ft": 8.4}, "geometry": {"type": "LineString", "coordinates": [[-73.8486967688622, 40.8858093947917], [-73.8487744848622, 40.88566890899917]]}}, {"type": "Feature", "properties": {"segment_id": 777265, "physicalid": "54661", "street_name": "E 227 ST", "borough": "bronx", "direction": "FT", "total_row_ft": 55.1, "roadbed_ft": 32.5, "median_ft": 0.0, "left_sw_ft": 14.4, "right_sw_ft": 8.2}, "geometry": {"type": "LineString", "coordinates": [[-73.84863076297712, 40.885786905943], [-73.84870794224835, 40.885647390634226]]}}, {"type": "Feature", "properties": {"segment_id": 777266, "physicalid": "54661", "street_name": "E 227 ST", "borough": "bronx", "direction": "FT", "total_row_ft": 55.2, "roadbed_ft": 33.0, "median_ft": 0.0, "left_sw_ft": 14.2, "right_sw_ft": 8.0}, "geometry": {"type": "LineString", "coordinates": [[-73.84856415391916, 40.88576550747541], [-73.84864139959133, 40.88562587238683]]}}, {"type": "Feature", "properties": {"segment_id": 777267, "physicalid": "54661", "street_name": "E 227 ST", "borough": "bronx", "direction": "FT", "total_row_ft": 55.2, "roadbed_ft": 33.4, "median_ft": 0.0, "left_sw_ft": 14.0, "right_sw_ft": 7.9}, "geometry": {"type": "LineString", "coordinates": [[-73.84849754490409, 40.885744108969284], [-73.84857485692781, 40.88560435419053]]}}, {"type": "Feature", "properties": {"segment_id": 777268, "physicalid": "54661", "street_name": "E 227 ST", "borough": "bronx", "direction": "FT", "total_row_ft": 103.4, "roadbed_ft": 40.5, "median_ft": 0.0, "left_sw_ft": 42.2, "right_sw_ft": 20.7}, "geometry": {"type": "LineString", "coordinates": [[-73.84838984132615, 40.88579699559598], [-73.84853461045986, 40.88553530107691]]}}, {"type": "Feature", "properties": {"segment_id": 777800, "physicalid": "54689", "street_name": "E 223 ST", "borough": "bronx", "direction": "TF", "total_row_ft": 150.0, "roadbed_ft": 120.0, "median_ft": 0.0, "left_sw_ft": 15.0, "right_sw_ft": 15.0}, "geometry": {"type": "LineString", "coordinates": [[-73.84688116744972, 40.88171348041656], [-73.84709185180651, 40.88142553895478]]}}, {"type": "Feature", "properties": {"segment_id": 777801, "physicalid": "54689", "street_name": "E 223 ST", "borough": "bronx", "direction": "TF", "total_row_ft": 57.5, "roadbed_ft": 34.5, "median_ft": 0.0, "left_sw_ft": 9.2, "right_sw_ft": 13.7}, "geometry": {"type": "LineString", "coordinates": [[-73.84686597875975, 40.88162117171199], [-73.84696688870494, 40.88148325872]]}}, {"type": "Feature", "properties": {"segment_id": 777802, "physicalid": "54689", "street_name": "E 223 ST", "borough": "bronx", "direction": "TF", "total_row_ft": 55.1, "roadbed_ft": 34.6, "median_ft": 0.0, "left_sw_ft": 9.4, "right_sw_ft": 11.1}, "geometry": {"type": "LineString", "coordinates": [[-73.84680713334546, 40.881588528287814], [-73.84690383076537, 40.88145637268459]]}}, {"type": "Feature", "properties": {"segment_id": 777803, "physicalid": "54689", "street_name": "E 223 ST", "borough": "bronx", "direction": "TF", "total_row_ft": 55.0, "roadbed_ft": 34.7, "median_ft": 0.0, "left_sw_ft": 9.2, "right_sw_ft": 11.1}, "geometry": {"type": "LineString", "coordinates": [[-73.84674369710937, 40.88156215913045], [-73.8468402838136, 40.881430155014044]]}}, {"type": "Feature", "properties": {"segment_id": 777804, "physicalid": "54689", "street_name": "E 223 ST", "borough": "bronx", "direction": "TF", "total_row_ft": 54.9, "roadbed_ft": 34.8, "median_ft": 0.0, "left_sw_ft": 9.1, "right_sw_ft": 11.1}, "geometry": {"type": "LineString", "coordinates": [[-73.8466802609236, 40.88153578993809], [-73.84677673691196, 40.881403937308384]]}}, {"type": "Feature", "properties": {"segment_id": 777805, "physicalid": "54689", "street_name": "E 223 ST", "borough": "bronx", "direction": "TF", "total_row_ft": 54.9, "roadbed_ft": 34.9, "median_ft": 0.0, "left_sw_ft": 8.9, "right_sw_ft": 11.1}, "geometry": {"type": "LineString", "coordinates": [[-73.84661682478816, 40.881509420710756], [-73.84671319006046, 40.88137771956762]]}}, {"type": "Feature", "properties": {"segment_id": 777806, "physicalid": "54689", "street_name": "E 223 ST", "borough": "bronx", "direction": "TF", "total_row_ft": 54.8, "roadbed_ft": 35.0, "median_ft": 0.0, "left_sw_ft": 8.8, "right_sw_ft": 11.1}, "geometry": {"type": "LineString", "coordinates": [[-73.84655338870304, 40.881483051448406], [-73.84664964325904, 40.88135150179173]]}}, {"type": "Feature", "properties": {"segment_id": 777807, "physicalid": "54689", "street_name": "E 223 ST", "borough": "bronx", "direction": "TF", "total_row_ft": 54.7, "roadbed_ft": 35.0, "median_ft": 0.0, "left_sw_ft": 8.6, "right_sw_ft": 11.0}, "geometry": {"type": "LineString", "coordinates": [[-73.84649012092422, 40.88145645219899], [-73.84658609650778, 40.88132528398072]]}}, {"type": "Feature", "properties": {"segment_id": 777808, "physicalid": "54689", "street_name": "E 223 ST", "borough": "bronx", "direction": "TF", "total_row_ft": 54.5, "roadbed_ft": 35.1, "median_ft": 0.0, "left_sw_ft": 8.5, "right_sw_ft": 10.9}, "geometry": {"type": "LineString", "coordinates": [[-73.84642691711032, 40.88142976556445], [-73.84652254980661, 40.88129906613462]]}}, {"type": "Feature", "properties": {"segment_id": 777809, "physicalid": "54689", "street_name": "E 223 ST", "borough": "bronx", "direction": "TF", "total_row_ft": 54.3, "roadbed_ft": 34.8, "median_ft": 0.0, "left_sw_ft": 8.3, "right_sw_ft": 11.2}, "geometry": {"type": "LineString", "coordinates": [[-73.84636371334715, 40.88140307889519], [-73.84645903275899, 40.88127280779489]]}}, {"type": "Feature", "properties": {"segment_id": 777810, "physicalid": "54689", "street_name": "E 223 ST", "borough": "bronx", "direction": "TF", "total_row_ft": 54.5, "roadbed_ft": 34.3, "median_ft": 0.0, "left_sw_ft": 8.6, "right_sw_ft": 11.6}, "geometry": {"type": "LineString", "coordinates": [[-73.84630050963473, 40.88137639219118], [-73.84639626260027, 40.881245528729785]]}}, {"type": "Feature", "properties": {"segment_id": 777811, "physicalid": "54689", "street_name": "E 223 ST", "borough": "bronx", "direction": "TF", "total_row_ft": 54.8, "roadbed_ft": 33.9, "median_ft": 0.0, "left_sw_ft": 8.9, "right_sw_ft": 12.0}, "geometry": {"type": "LineString", "coordinates": [[-73.84623730597305, 40.881349705452415], [-73.84633349249307, 40.8812182496304]]}}, {"type": "Feature", "properties": {"segment_id": 777812, "physicalid": "54689", "street_name": "E 223 ST", "borough": "bronx", "direction": "TF", "total_row_ft": 55.0, "roadbed_ft": 33.5, "median_ft": 0.0, "left_sw_ft": 9.2, "right_sw_ft": 12.4}, "geometry": {"type": "LineString", "coordinates": [[-73.84617410239554, 40.88132301863326], [-73.84627072243738, 40.88119097049675]]}}, {"type": "Feature", "properties": {"segment_id": 777813, "physicalid": "54689", "street_name": "E 223 ST", "borough": "bronx", "direction": "TF", "total_row_ft": 55.3, "roadbed_ft": 33.1, "median_ft": 0.0, "left_sw_ft": 9.4, "right_sw_ft": 12.8}, "geometry": {"type": "LineString", "coordinates": [[-73.84611089888668, 40.88129633175482], [-73.8462079524332, 40.88116369132884]]}}, {"type": "Feature", "properties": {"segment_id": 777814, "physicalid": "54689", "street_name": "E 223 ST", "borough": "bronx", "direction": "TF", "total_row_ft": 55.5, "roadbed_ft": 32.8, "median_ft": 0.0, "left_sw_ft": 9.5, "right_sw_ft": 13.2}, "geometry": {"type": "LineString", "coordinates": [[-73.8460476954286, 40.88126964484165], [-73.84614518248053, 40.88113641212663]]}}, {"type": "Feature", "properties": {"segment_id": 777815, "physicalid": "54689", "street_name": "E 223 ST", "borough": "bronx", "direction": "TF", "total_row_ft": 55.8, "roadbed_ft": 32.9, "median_ft": 0.0, "left_sw_ft": 9.6, "right_sw_ft": 13.3}, "geometry": {"type": "LineString", "coordinates": [[-73.84598451507863, 40.88124292638198], [-73.84608241256927, 40.881109132903916]]}}, {"type": "Feature", "properties": {"segment_id": 777816, "physicalid": "54689", "street_name": "E 223 ST", "borough": "bronx", "direction": "TF", "total_row_ft": 56.0, "roadbed_ft": 33.0, "median_ft": 0.0, "left_sw_ft": 9.6, "right_sw_ft": 13.3}, "geometry": {"type": "LineString", "coordinates": [[-73.84592138421111, 40.881216140331084], [-73.84601964258883, 40.88108185381192]]}}, {"type": "Feature", "properties": {"segment_id": 777817, "physicalid": "54689", "street_name": "E 223 ST", "borough": "bronx", "direction": "TF", "total_row_ft": 56.2, "roadbed_ft": 33.2, "median_ft": 0.0, "left_sw_ft": 9.7, "right_sw_ft": 13.3}, "geometry": {"type": "LineString", "coordinates": [[-73.84585825339447, 40.88118935424554], [-73.8459568726599, 40.88105457468564]]}}, {"type": "Feature", "properties": {"segment_id": 777818, "physicalid": "54689", "street_name": "E 223 ST", "borough": "bronx", "direction": "TF", "total_row_ft": 56.3, "roadbed_ft": 33.3, "median_ft": 0.0, "left_sw_ft": 9.6, "right_sw_ft": 13.4}, "geometry": {"type": "LineString", "coordinates": [[-73.8457951226287, 40.881162568125326], [-73.84589393967227, 40.881027518442444]]}}, {"type": "Feature", "properties": {"segment_id": 777819, "physicalid": "54689", "street_name": "E 223 ST", "borough": "bronx", "direction": "TF", "total_row_ft": 56.3, "roadbed_ft": 33.4, "median_ft": 0.0, "left_sw_ft": 9.6, "right_sw_ft": 13.4}, "geometry": {"type": "LineString", "coordinates": [[-73.84573199191381, 40.88113578197044], [-73.84583090948001, 40.88100059508096]]}}, {"type": "Feature", "properties": {"segment_id": 777820, "physicalid": "54689", "street_name": "E 223 ST", "borough": "bronx", "direction": "TF", "total_row_ft": 56.4, "roadbed_ft": 33.6, "median_ft": 0.0, "left_sw_ft": 9.5, "right_sw_ft": 13.3}, "geometry": {"type": "LineString", "coordinates": [[-73.84566886124976, 40.881108995780906], [-73.8457678793024, 40.880973671734715]]}}, {"type": "Feature", "properties": {"segment_id": 777821, "physicalid": "54689", "street_name": "E 223 ST", "borough": "bronx", "direction": "TF", "total_row_ft": 56.5, "roadbed_ft": 33.8, "median_ft": 0.0, "left_sw_ft": 9.4, "right_sw_ft": 13.3}, "geometry": {"type": "LineString", "coordinates": [[-73.8456057306366, 40.88108220955669], [-73.84570484913701, 40.88094674840697]]}}, {"type": "Feature", "properties": {"segment_id": 777822, "physicalid": "54689", "street_name": "E 223 ST", "borough": "bronx", "direction": "TF", "total_row_ft": 56.5, "roadbed_ft": 34.0, "median_ft": 0.0, "left_sw_ft": 9.3, "right_sw_ft": 13.2}, "geometry": {"type": "LineString", "coordinates": [[-73.84554260007431, 40.881055423297816], [-73.84564181921894, 40.8809198247764]]}}, {"type": "Feature", "properties": {"segment_id": 777823, "physicalid": "54689", "street_name": "E 223 ST", "borough": "bronx", "direction": "TF", "total_row_ft": 56.6, "roadbed_ft": 34.0, "median_ft": 0.0, "left_sw_ft": 9.4, "right_sw_ft": 13.2}, "geometry": {"type": "LineString", "coordinates": [[-73.84547946956289, 40.88102863700429], [-73.84557878927936, 40.8808929012105]]}}, {"type": "Feature", "properties": {"segment_id": 777824, "physicalid": "54689", "street_name": "E 223 ST", "borough": "bronx", "direction": "TF", "total_row_ft": 56.6, "roadbed_ft": 34.0, "median_ft": 0.0, "left_sw_ft": 9.5, "right_sw_ft": 13.1}, "geometry": {"type": "LineString", "coordinates": [[-73.84541635407247, 40.88100183021715], [-73.84551575927543, 40.8808659777677]]}}, {"type": "Feature", "properties": {"segment_id": 777825, "physicalid": "54689", "street_name": "E 223 ST", "borough": "bronx", "direction": "TF", "total_row_ft": 56.7, "roadbed_ft": 33.9, "median_ft": 0.0, "left_sw_ft": 9.7, "right_sw_ft": 13.1}, "geometry": {"type": "LineString", "coordinates": [[-73.845353245428, 40.88097501410893], [-73.84545272932256, 40.88083905429038]]}}, {"type": "Feature", "properties": {"segment_id": 777826, "physicalid": "54689", "street_name": "E 223 ST", "borough": "bronx", "direction": "TF", "total_row_ft": 56.8, "roadbed_ft": 33.9, "median_ft": 0.0, "left_sw_ft": 9.9, "right_sw_ft": 13.0}, "geometry": {"type": "LineString", "coordinates": [[-73.84529013683445, 40.88094819796607], [-73.84538978268726, 40.880812016982]]}}, {"type": "Feature", "properties": {"segment_id": 777827, "physicalid": "54689", "street_name": "E 223 ST", "borough": "bronx", "direction": "TF", "total_row_ft": 56.9, "roadbed_ft": 33.8, "median_ft": 0.0, "left_sw_ft": 10.1, "right_sw_ft": 13.0}, "geometry": {"type": "LineString", "coordinates": [[-73.84522702830647, 40.88092138176849], [-73.84532687545291, 40.880784925861796]]}}, {"type": "Feature", "properties": {"segment_id": 777828, "physicalid": "54689", "street_name": "E 223 ST", "borough": "bronx", "direction": "TF", "total_row_ft": 57.0, "roadbed_ft": 33.8, "median_ft": 0.0, "left_sw_ft": 10.3, "right_sw_ft": 12.9}, "geometry": {"type": "LineString", "coordinates": [[-73.84516391989877, 40.88089456544147], [-73.84526396826982, 40.88075783470717]]}}, {"type": "Feature", "properties": {"segment_id": 777829, "physicalid": "54689", "street_name": "E 223 ST", "borough": "bronx", "direction": "TF", "total_row_ft": 57.1, "roadbed_ft": 33.7, "median_ft": 0.0, "left_sw_ft": 10.5, "right_sw_ft": 12.8}, "geometry": {"type": "LineString", "coordinates": [[-73.845100811542, 40.88086774907983], [-73.845201061138, 40.88073074351813]]}}, {"type": "Feature", "properties": {"segment_id": 777830, "physicalid": "54689", "street_name": "E 223 ST", "borough": "bronx", "direction": "TF", "total_row_ft": 57.2, "roadbed_ft": 33.7, "median_ft": 0.0, "left_sw_ft": 10.8, "right_sw_ft": 12.7}, "geometry": {"type": "LineString", "coordinates": [[-73.84503770323612, 40.88084093268352], [-73.84513815405745, 40.88070365229467]]}}, {"type": "Feature", "properties": {"segment_id": 777831, "physicalid": "54689", "street_name": "E 223 ST", "borough": "bronx", "direction": "TF", "total_row_ft": 57.0, "roadbed_ft": 33.7, "median_ft": 0.0, "left_sw_ft": 11.0, "right_sw_ft": 12.3}, "geometry": {"type": "LineString", "coordinates": [[-73.84497511679979, 40.88081340311557], [-73.84507524702816, 40.88067656103677]]}}, {"type": "Feature", "properties": {"segment_id": 777832, "physicalid": "54689", "street_name": "E 223 ST", "borough": "bronx", "direction": "TF", "total_row_ft": 56.8, "roadbed_ft": 33.7, "median_ft": 0.0, "left_sw_ft": 11.2, "right_sw_ft": 11.8}, "geometry": {"type": "LineString", "coordinates": [[-73.84491270153795, 40.88078563965109], [-73.8450123579767, 40.880649445245254]]}}, {"type": "Feature", "properties": {"segment_id": 777833, "physicalid": "54689", "street_name": "E 223 ST", "borough": "bronx", "direction": "TF", "total_row_ft": 56.6, "roadbed_ft": 33.7, "median_ft": 0.0, "left_sw_ft": 11.5, "right_sw_ft": 11.3}, "geometry": {"type": "LineString", "coordinates": [[-73.84485028632825, 40.88075787615272], [-73.84494957525888, 40.88062218416954]]}}, {"type": "Feature", "properties": {"segment_id": 777834, "physicalid": "54689", "street_name": "E 223 ST", "borough": "bronx", "direction": "TF", "total_row_ft": 56.3, "roadbed_ft": 33.7, "median_ft": 0.0, "left_sw_ft": 11.8, "right_sw_ft": 10.8}, "geometry": {"type": "LineString", "coordinates": [[-73.8447878711707, 40.880730112620476], [-73.84488679259256, 40.880594923059526]]}}, {"type": "Feature", "properties": {"segment_id": 777835, "physicalid": "54689", "street_name": "E 223 ST", "borough": "bronx", "direction": "TF", "total_row_ft": 56.1, "roadbed_ft": 33.9, "median_ft": 0.0, "left_sw_ft": 12.1, "right_sw_ft": 10.1}, "geometry": {"type": "LineString", "coordinates": [[-73.84472545606523, 40.88070234905431], [-73.84482400997773, 40.88056766191523]]}}, {"type": "Feature", "properties": {"segment_id": 777836, "physicalid": "54689", "street_name": "E 223 ST", "borough": "bronx", "direction": "TF", "total_row_ft": 55.9, "roadbed_ft": 34.4, "median_ft": 0.0, "left_sw_ft": 12.2, "right_sw_ft": 9.4}, "geometry": {"type": "LineString", "coordinates": [[-73.84466304101191, 40.880674585454265], [-73.8447612274144, 40.88054040073664]]}}, {"type": "Feature", "properties": {"segment_id": 777837, "physicalid": "54689", "street_name": "E 223 ST", "borough": "bronx", "direction": "TF", "total_row_ft": 52.2, "roadbed_ft": 34.8, "median_ft": 0.0, "left_sw_ft": 8.8, "right_sw_ft": 8.6}, "geometry": {"type": "LineString", "coordinates": [[-73.84460062601073, 40.880646821820314], [-73.84469222345786, 40.880521641959376]]}}, {"type": "Feature", "properties": {"segment_id": 777838, "physicalid": "54689", "street_name": "E 223 ST", "borough": "bronx", "direction": "TF", "total_row_ft": 51.6, "roadbed_ft": 35.2, "median_ft": 0.0, "left_sw_ft": 8.6, "right_sw_ft": 7.8}, "geometry": {"type": "LineString", "coordinates": [[-73.84453821111325, 40.880619058082], [-73.8446287834065, 40.880495279386025]]}}, {"type": "Feature", "properties": {"segment_id": 777839, "physicalid": "54689", "street_name": "E 223 ST", "borough": "bronx", "direction": "TF", "total_row_ft": 51.3, "roadbed_ft": 35.3, "median_ft": 0.0, "left_sw_ft": 8.4, "right_sw_ft": 7.7}, "geometry": {"type": "LineString", "coordinates": [[-73.84447519909169, 40.88059211042513], [-73.84456534340546, 40.88046891677769]]}}, {"type": "Feature", "properties": {"segment_id": 777840, "physicalid": "54689", "street_name": "E 223 ST", "borough": "bronx", "direction": "TF", "total_row_ft": 51.1, "roadbed_ft": 35.4, "median_ft": 0.0, "left_sw_ft": 8.1, "right_sw_ft": 7.7}, "geometry": {"type": "LineString", "coordinates": [[-73.84441210018386, 40.880565281544236], [-73.84450190345474, 40.88044255413436]]}}, {"type": "Feature", "properties": {"segment_id": 777841, "physicalid": "54689", "street_name": "E 223 ST", "borough": "bronx", "direction": "TF", "total_row_ft": 51.0, "roadbed_ft": 35.4, "median_ft": 0.0, "left_sw_ft": 7.9, "right_sw_ft": 7.6}, "geometry": {"type": "LineString", "coordinates": [[-73.84434900161487, 40.880538452235214], [-73.84443846355433, 40.880416191456014]]}}, {"type": "Feature", "properties": {"segment_id": 777842, "physicalid": "54689", "street_name": "E 223 ST", "borough": "bronx", "direction": "TF", "total_row_ft": 135.0, "roadbed_ft": 78.0, "median_ft": 0.0, "left_sw_ft": 42.0, "right_sw_ft": 15.0}, "geometry": {"type": "LineString", "coordinates": [[-73.84422554037847, 40.88059411559343], [-73.84443623268928, 40.8803061789204]]}}, {"type": "Feature", "properties": {"segment_id": 777843, "physicalid": "54690", "street_name": "E 223 ST", "borough": "bronx", "direction": "TF", "total_row_ft": 102.9, "roadbed_ft": 80.9, "median_ft": 0.0, "left_sw_ft": 9.3, "right_sw_ft": 12.8}, "geometry": {"type": "LineString", "coordinates": [[-73.84911514965545, 40.882615775870484], [-73.84929804440614, 40.8823696664512]]}}, {"type": "Feature", "properties": {"segment_id": 777844, "physicalid": "54690", "street_name": "E 223 ST", "borough": "bronx", "direction": "TF", "total_row_ft": 100.7, "roadbed_ft": 76.1, "median_ft": 0.0, "left_sw_ft": 15.0, "right_sw_ft": 9.6}, "geometry": {"type": "LineString", "coordinates": [[-73.84908279004797, 40.88254758105142], [-73.8492350470335, 40.88234269896689]]}}, {"type": "Feature", "properties": {"segment_id": 777845, "physicalid": "54690", "street_name": "E 223 ST", "borough": "bronx", "direction": "TF", "total_row_ft": 98.0, "roadbed_ft": 76.0, "median_ft": 0.0, "left_sw_ft": 15.0, "right_sw_ft": 7.0}, "geometry": {"type": "LineString", "coordinates": [[-73.84902461500579, 40.88251412428305], [-73.84917204971198, 40.88231573144804]]}}, {"type": "Feature", "properties": {"segment_id": 777846, "physicalid": "54690", "street_name": "E 223 ST", "borough": "bronx", "direction": "TF", "total_row_ft": 98.2, "roadbed_ft": 75.9, "median_ft": 0.0, "left_sw_ft": 15.0, "right_sw_ft": 7.3}, "geometry": {"type": "LineString", "coordinates": [[-73.84896116344049, 40.882487767788504], [-73.84910905244153, 40.88228876389471]]}}, {"type": "Feature", "properties": {"segment_id": 777847, "physicalid": "54690", "street_name": "E 223 ST", "borough": "bronx", "direction": "TF", "total_row_ft": 64.1, "roadbed_ft": 34.0, "median_ft": 0.0, "left_sw_ft": 22.4, "right_sw_ft": 7.7}, "geometry": {"type": "LineString", "coordinates": [[-73.84889771192547, 40.88246141125892], [-73.84901155582206, 40.88230821980392]]}}, {"type": "Feature", "properties": {"segment_id": 777848, "physicalid": "54690", "street_name": "E 223 ST", "borough": "bronx", "direction": "TF", "total_row_ft": 60.9, "roadbed_ft": 33.9, "median_ft": 0.0, "left_sw_ft": 19.1, "right_sw_ft": 7.9}, "geometry": {"type": "LineString", "coordinates": [[-73.84883426046078, 40.88243505469433], [-73.84898122199404, 40.882237299344325]]}}, {"type": "Feature", "properties": {"segment_id": 777849, "physicalid": "54690", "street_name": "E 223 ST", "borough": "bronx", "direction": "TF", "total_row_ft": 50.5, "roadbed_ft": 33.9, "median_ft": 0.0, "left_sw_ft": 8.6, "right_sw_ft": 8.0}, "geometry": {"type": "LineString", "coordinates": [[-73.84877080904639, 40.882408698094736], [-73.84886059823418, 40.88228787569319]]}}, {"type": "Feature", "properties": {"segment_id": 777850, "physicalid": "54690", "street_name": "E 223 ST", "borough": "bronx", "direction": "TF", "total_row_ft": 50.7, "roadbed_ft": 33.8, "median_ft": 0.0, "left_sw_ft": 8.7, "right_sw_ft": 8.2}, "geometry": {"type": "LineString", "coordinates": [[-73.84870735768231, 40.882382341460136], [-73.84879749313897, 40.88226105326684]]}}, {"type": "Feature", "properties": {"segment_id": 777851, "physicalid": "54690", "street_name": "E 223 ST", "borough": "bronx", "direction": "TF", "total_row_ft": 50.9, "roadbed_ft": 33.8, "median_ft": 0.0, "left_sw_ft": 8.8, "right_sw_ft": 8.4}, "geometry": {"type": "LineString", "coordinates": [[-73.84864390636855, 40.88235598479049], [-73.84873438809473, 40.88223423080585]]}}, {"type": "Feature", "properties": {"segment_id": 777852, "physicalid": "54690", "street_name": "E 223 ST", "borough": "bronx", "direction": "TF", "total_row_ft": 51.1, "roadbed_ft": 33.7, "median_ft": 0.0, "left_sw_ft": 8.8, "right_sw_ft": 8.5}, "geometry": {"type": "LineString", "coordinates": [[-73.84858051663784, 40.88232954528651], [-73.84867128310137, 40.882207408310244]]}}, {"type": "Feature", "properties": {"segment_id": 777853, "physicalid": "54690", "street_name": "E 223 ST", "borough": "bronx", "direction": "TF", "total_row_ft": 51.0, "roadbed_ft": 33.7, "median_ft": 0.0, "left_sw_ft": 8.9, "right_sw_ft": 8.5}, "geometry": {"type": "LineString", "coordinates": [[-73.84851749294816, 40.88230261326569], [-73.84860817815894, 40.882180585779984]]}}, {"type": "Feature", "properties": {"segment_id": 777854, "physicalid": "54690", "street_name": "E 223 ST", "borough": "bronx", "direction": "TF", "total_row_ft": 51.0, "roadbed_ft": 33.6, "median_ft": 0.0, "left_sw_ft": 9.0, "right_sw_ft": 8.4}, "geometry": {"type": "LineString", "coordinates": [[-73.84845446930956, 40.88227568121036], [-73.8485450732674, 40.88215376321508]]}}, {"type": "Feature", "properties": {"segment_id": 777855, "physicalid": "54690", "street_name": "E 223 ST", "borough": "bronx", "direction": "TF", "total_row_ft": 51.0, "roadbed_ft": 33.6, "median_ft": 0.0, "left_sw_ft": 9.0, "right_sw_ft": 8.3}, "geometry": {"type": "LineString", "coordinates": [[-73.848391445722, 40.882248749120464], [-73.84848196842681, 40.88212694061555]]}}, {"type": "Feature", "properties": {"segment_id": 777856, "physicalid": "54690", "street_name": "E 223 ST", "borough": "bronx", "direction": "TF", "total_row_ft": 50.9, "roadbed_ft": 33.6, "median_ft": 0.0, "left_sw_ft": 9.1, "right_sw_ft": 8.2}, "geometry": {"type": "LineString", "coordinates": [[-73.8483284221855, 40.88222181699603], [-73.84841886363715, 40.88210011798141]]}}, {"type": "Feature", "properties": {"segment_id": 777857, "physicalid": "54690", "street_name": "E 223 ST", "borough": "bronx", "direction": "TF", "total_row_ft": 50.9, "roadbed_ft": 33.6, "median_ft": 0.0, "left_sw_ft": 9.1, "right_sw_ft": 8.1}, "geometry": {"type": "LineString", "coordinates": [[-73.84826539870008, 40.88219488483704], [-73.84835578273822, 40.88207326323342]]}}, {"type": "Feature", "properties": {"segment_id": 777858, "physicalid": "54690", "street_name": "E 223 ST", "borough": "bronx", "direction": "TF", "total_row_ft": 50.9, "roadbed_ft": 33.7, "median_ft": 0.0, "left_sw_ft": 9.2, "right_sw_ft": 8.0}, "geometry": {"type": "LineString", "coordinates": [[-73.84820237526571, 40.882167952643506], [-73.84829276210921, 40.882046327419616]]}}, {"type": "Feature", "properties": {"segment_id": 777859, "physicalid": "54690", "street_name": "E 223 ST", "borough": "bronx", "direction": "TF", "total_row_ft": 50.9, "roadbed_ft": 33.8, "median_ft": 0.0, "left_sw_ft": 9.2, "right_sw_ft": 7.8}, "geometry": {"type": "LineString", "coordinates": [[-73.84813935193417, 40.8821410203458], [-73.84822974151082, 40.882019391598725]]}}, {"type": "Feature", "properties": {"segment_id": 777860, "physicalid": "54690", "street_name": "E 223 ST", "borough": "bronx", "direction": "TF", "total_row_ft": 51.0, "roadbed_ft": 33.9, "median_ft": 0.0, "left_sw_ft": 9.3, "right_sw_ft": 7.8}, "geometry": {"type": "LineString", "coordinates": [[-73.84807613269184, 40.88211435170002], [-73.84816672096353, 40.881992455743294]]}}, {"type": "Feature", "properties": {"segment_id": 777861, "physicalid": "54690", "street_name": "E 223 ST", "borough": "bronx", "direction": "TF", "total_row_ft": 51.3, "roadbed_ft": 34.0, "median_ft": 0.0, "left_sw_ft": 9.3, "right_sw_ft": 7.9}, "geometry": {"type": "LineString", "coordinates": [[-73.84801262972226, 40.88208806487099], [-73.84810370046729, 40.88196551985333]]}}, {"type": "Feature", "properties": {"segment_id": 777862, "physicalid": "54690", "street_name": "E 223 ST", "borough": "bronx", "direction": "TF", "total_row_ft": 51.5, "roadbed_ft": 34.1, "median_ft": 0.0, "left_sw_ft": 9.4, "right_sw_ft": 8.1}, "geometry": {"type": "LineString", "coordinates": [[-73.84794912680289, 40.882061778006914], [-73.84804068002211, 40.88193858392879]]}}, {"type": "Feature", "properties": {"segment_id": 777863, "physicalid": "54690", "street_name": "E 223 ST", "borough": "bronx", "direction": "TF", "total_row_ft": 51.8, "roadbed_ft": 34.1, "median_ft": 0.0, "left_sw_ft": 9.4, "right_sw_ft": 8.2}, "geometry": {"type": "LineString", "coordinates": [[-73.8478856242788, 40.88203549064349], [-73.84797765962799, 40.88191164796972]]}}, {"type": "Feature", "properties": {"segment_id": 777864, "physicalid": "54690", "street_name": "E 223 ST", "borough": "bronx", "direction": "TF", "total_row_ft": 52.0, "roadbed_ft": 34.2, "median_ft": 0.0, "left_sw_ft": 9.5, "right_sw_ft": 8.4}, "geometry": {"type": "LineString", "coordinates": [[-73.84782212153725, 40.88200920360515], [-73.84791458743514, 40.881884781745214]]}}, {"type": "Feature", "properties": {"segment_id": 777865, "physicalid": "54690", "street_name": "E 223 ST", "borough": "bronx", "direction": "TF", "total_row_ft": 52.2, "roadbed_ft": 34.3, "median_ft": 0.0, "left_sw_ft": 9.4, "right_sw_ft": 8.5}, "geometry": {"type": "LineString", "coordinates": [[-73.84775861884592, 40.881982916531754], [-73.84785140907249, 40.881858058416654]]}}, {"type": "Feature", "properties": {"segment_id": 777866, "physicalid": "54690", "street_name": "E 223 ST", "borough": "bronx", "direction": "TF", "total_row_ft": 52.4, "roadbed_ft": 34.5, "median_ft": 0.0, "left_sw_ft": 9.4, "right_sw_ft": 8.6}, "geometry": {"type": "LineString", "coordinates": [[-73.8476951163294, 40.88195662925562], [-73.84778823076063, 40.881831335053384]]}}, {"type": "Feature", "properties": {"segment_id": 777867, "physicalid": "54690", "street_name": "E 223 ST", "borough": "bronx", "direction": "TF", "total_row_ft": 52.6, "roadbed_ft": 34.8, "median_ft": 0.0, "left_sw_ft": 9.4, "right_sw_ft": 8.5}, "geometry": {"type": "LineString", "coordinates": [[-73.84763162156676, 40.8819303315785], [-73.84772505249951, 40.88180461165536]]}}, {"type": "Feature", "properties": {"segment_id": 777868, "physicalid": "54690", "street_name": "E 223 ST", "borough": "bronx", "direction": "TF", "total_row_ft": 52.7, "roadbed_ft": 34.9, "median_ft": 0.0, "left_sw_ft": 9.4, "right_sw_ft": 8.4}, "geometry": {"type": "LineString", "coordinates": [[-73.84756828619606, 40.88190381945806], [-73.84766187428923, 40.88177788822264]]}}, {"type": "Feature", "properties": {"segment_id": 777869, "physicalid": "54690", "street_name": "E 223 ST", "borough": "bronx", "direction": "TF", "total_row_ft": 52.6, "roadbed_ft": 34.9, "median_ft": 0.0, "left_sw_ft": 9.3, "right_sw_ft": 8.3}, "geometry": {"type": "LineString", "coordinates": [[-73.84750527052898, 40.88187687718213], [-73.84759869612974, 40.88175116475522]]}}, {"type": "Feature", "properties": {"segment_id": 777870, "physicalid": "54690", "street_name": "E 223 ST", "borough": "bronx", "direction": "TF", "total_row_ft": 52.5, "roadbed_ft": 34.9, "median_ft": 0.0, "left_sw_ft": 9.3, "right_sw_ft": 8.2}, "geometry": {"type": "LineString", "coordinates": [[-73.84744225491296, 40.88184993487168], [-73.84753551797905, 40.88172444130955]]}}, {"type": "Feature", "properties": {"segment_id": 777871, "physicalid": "54690", "street_name": "E 223 ST", "borough": "bronx", "direction": "TF", "total_row_ft": 52.4, "roadbed_ft": 34.9, "median_ft": 0.0, "left_sw_ft": 9.3, "right_sw_ft": 8.2}, "geometry": {"type": "LineString", "coordinates": [[-73.84737923934803, 40.881822992526686], [-73.84747233986892, 40.881697717842954]]}}, {"type": "Feature", "properties": {"segment_id": 777872, "physicalid": "54690", "street_name": "E 223 ST", "borough": "bronx", "direction": "TF", "total_row_ft": 52.3, "roadbed_ft": 34.9, "median_ft": 0.0, "left_sw_ft": 9.3, "right_sw_ft": 8.1}, "geometry": {"type": "LineString", "coordinates": [[-73.84731622383417, 40.881796050147145], [-73.84740916180955, 40.88167099434163]]}}, {"type": "Feature", "properties": {"segment_id": 777873, "physicalid": "54690", "street_name": "E 223 ST", "borough": "bronx", "direction": "TF", "total_row_ft": 52.2, "roadbed_ft": 34.9, "median_ft": 0.0, "left_sw_ft": 9.3, "right_sw_ft": 8.0}, "geometry": {"type": "LineString", "coordinates": [[-73.84725326554603, 40.88176903080006], [-73.84734598380099, 40.881644270805616]]}}, {"type": "Feature", "properties": {"segment_id": 777874, "physicalid": "54690", "street_name": "E 223 ST", "borough": "bronx", "direction": "TF", "total_row_ft": 52.1, "roadbed_ft": 34.8, "median_ft": 0.0, "left_sw_ft": 9.3, "right_sw_ft": 7.9}, "geometry": {"type": "LineString", "coordinates": [[-73.84719031963833, 40.88174199482852], [-73.84728280584322, 40.88161754723486]]}}, {"type": "Feature", "properties": {"segment_id": 777875, "physicalid": "54690", "street_name": "E 223 ST", "borough": "bronx", "direction": "TF", "total_row_ft": 51.9, "roadbed_ft": 34.8, "median_ft": 0.0, "left_sw_ft": 9.3, "right_sw_ft": 7.8}, "geometry": {"type": "LineString", "coordinates": [[-73.84712737378182, 40.88171495882254], [-73.84721962793623, 40.8815908236294]]}}, {"type": "Feature", "properties": {"segment_id": 777876, "physicalid": "54690", "street_name": "E 223 ST", "borough": "bronx", "direction": "TF", "total_row_ft": 120.0, "roadbed_ft": 36.7, "median_ft": 0.0, "left_sw_ft": 43.1, "right_sw_ft": 40.3}, "geometry": {"type": "LineString", "coordinates": [[-73.84700596038384, 40.88176659512977], [-73.8472191580937, 40.881479721243046]]}}, {"type": "Feature", "properties": {"segment_id": 777877, "physicalid": "54691", "street_name": "E 223 ST", "borough": "bronx", "direction": "TF", "total_row_ft": 150.0, "roadbed_ft": 120.0, "median_ft": 0.0, "left_sw_ft": 15.0, "right_sw_ft": 15.0}, "geometry": {"type": "LineString", "coordinates": [[-73.8441053413981, 40.88054360318261], [-73.84431477909808, 40.88025513978024]]}}, {"type": "Feature", "properties": {"segment_id": 777878, "physicalid": "54691", "street_name": "E 223 ST", "borough": "bronx", "direction": "TF", "total_row_ft": 90.5, "roadbed_ft": 36.4, "median_ft": 0.0, "left_sw_ft": 12.9, "right_sw_ft": 41.2}, "geometry": {"type": "LineString", "coordinates": [[-73.84404199765531, 40.880517109577475], [-73.84419992321374, 40.88029959559567]]}}, {"type": "Feature", "properties": {"segment_id": 777879, "physicalid": "54691", "street_name": "E 223 ST", "borough": "bronx", "direction": "TF", "total_row_ft": 55.4, "roadbed_ft": 34.8, "median_ft": 0.0, "left_sw_ft": 12.4, "right_sw_ft": 8.2}, "geometry": {"type": "LineString", "coordinates": [[-73.8440388481596, 40.88040770958775], [-73.84413553691583, 40.88027453824478]]}}, {"type": "Feature", "properties": {"segment_id": 777880, "physicalid": "54691", "street_name": "E 223 ST", "borough": "bronx", "direction": "TF", "total_row_ft": 55.4, "roadbed_ft": 34.7, "median_ft": 0.0, "left_sw_ft": 12.5, "right_sw_ft": 8.2}, "geometry": {"type": "LineString", "coordinates": [[-73.84397544657025, 40.88038129583319], [-73.84407214990486, 40.88024810458557]]}}, {"type": "Feature", "properties": {"segment_id": 777881, "physicalid": "54691", "street_name": "E 223 ST", "borough": "bronx", "direction": "TF", "total_row_ft": 55.4, "roadbed_ft": 34.7, "median_ft": 0.0, "left_sw_ft": 12.4, "right_sw_ft": 8.2}, "geometry": {"type": "LineString", "coordinates": [[-73.84391204499148, 40.88035488209844], [-73.84400876265953, 40.88022167128365]]}}, {"type": "Feature", "properties": {"segment_id": 777882, "physicalid": "54691", "street_name": "E 223 ST", "borough": "bronx", "direction": "TF", "total_row_ft": 55.4, "roadbed_ft": 35.0, "median_ft": 0.0, "left_sw_ft": 12.2, "right_sw_ft": 8.2}, "geometry": {"type": "LineString", "coordinates": [[-73.8438486434631, 40.88032846832876], [-73.84394538839302, 40.88019522014024]]}}, {"type": "Feature", "properties": {"segment_id": 777883, "physicalid": "54691", "street_name": "E 223 ST", "borough": "bronx", "direction": "TF", "total_row_ft": 55.7, "roadbed_ft": 35.2, "median_ft": 0.0, "left_sw_ft": 12.3, "right_sw_ft": 8.2}, "geometry": {"type": "LineString", "coordinates": [[-73.84378524191781, 40.8803020546168], [-73.84388237652844, 40.88016826988942]]}}, {"type": "Feature", "properties": {"segment_id": 777884, "physicalid": "54691", "street_name": "E 223 ST", "borough": "bronx", "direction": "TF", "total_row_ft": 55.9, "roadbed_ft": 35.4, "median_ft": 0.0, "left_sw_ft": 12.3, "right_sw_ft": 8.2}, "geometry": {"type": "LineString", "coordinates": [[-73.84372184036741, 40.88027564094634], [-73.84381936476758, 40.880141319531575]]}}, {"type": "Feature", "properties": {"segment_id": 777885, "physicalid": "54691", "street_name": "E 223 ST", "borough": "bronx", "direction": "TF", "total_row_ft": 56.1, "roadbed_ft": 35.6, "median_ft": 0.0, "left_sw_ft": 12.3, "right_sw_ft": 8.2}, "geometry": {"type": "LineString", "coordinates": [[-73.84365843886738, 40.88024922724089], [-73.84375635305781, 40.8801143691392]]}}, {"type": "Feature", "properties": {"segment_id": 777886, "physicalid": "54691", "street_name": "E 223 ST", "borough": "bronx", "direction": "TF", "total_row_ft": 56.3, "roadbed_ft": 35.7, "median_ft": 0.0, "left_sw_ft": 12.4, "right_sw_ft": 8.1}, "geometry": {"type": "LineString", "coordinates": [[-73.84359514418848, 40.88022266644467], [-73.84369334139915, 40.88008741871228]]}}, {"type": "Feature", "properties": {"segment_id": 777887, "physicalid": "54691", "street_name": "E 223 ST", "borough": "bronx", "direction": "TF", "total_row_ft": 56.2, "roadbed_ft": 35.8, "median_ft": 0.0, "left_sw_ft": 12.5, "right_sw_ft": 7.9}, "geometry": {"type": "LineString", "coordinates": [[-73.84353223293775, 40.88019557758681], [-73.84363032979155, 40.88006046825084]]}}, {"type": "Feature", "properties": {"segment_id": 777888, "physicalid": "54691", "street_name": "E 223 ST", "borough": "bronx", "direction": "TF", "total_row_ft": 56.1, "roadbed_ft": 35.9, "median_ft": 0.0, "left_sw_ft": 12.5, "right_sw_ft": 7.6}, "geometry": {"type": "LineString", "coordinates": [[-73.84346932173828, 40.880168488694544], [-73.84356718831745, 40.88003369669123]]}}, {"type": "Feature", "properties": {"segment_id": 777889, "physicalid": "54691", "street_name": "E 223 ST", "borough": "bronx", "direction": "TF", "total_row_ft": 57.2, "roadbed_ft": 36.0, "median_ft": 0.0, "left_sw_ft": 13.8, "right_sw_ft": 7.4}, "geometry": {"type": "LineString", "coordinates": [[-73.84340641055168, 40.88014139982074], [-73.8435062164723, 40.8800039369257]]}}, {"type": "Feature", "properties": {"segment_id": 777890, "physicalid": "54691", "street_name": "E 223 ST", "borough": "bronx", "direction": "TF", "total_row_ft": 58.5, "roadbed_ft": 36.1, "median_ft": 0.0, "left_sw_ft": 15.1, "right_sw_ft": 7.3}, "geometry": {"type": "LineString", "coordinates": [[-73.84334319263597, 40.880114733440166], [-73.84344524475706, 40.87997417702402]]}}, {"type": "Feature", "properties": {"segment_id": 777891, "physicalid": "54691", "street_name": "E 223 ST", "borough": "bronx", "direction": "TF", "total_row_ft": 60.4, "roadbed_ft": 36.9, "median_ft": 0.0, "left_sw_ft": 16.1, "right_sw_ft": 7.4}, "geometry": {"type": "LineString", "coordinates": [[-73.84327977577921, 40.880088341095195], [-73.84338516419179, 40.879943189782466]]}}, {"type": "Feature", "properties": {"segment_id": 780300, "physicalid": "54864", "street_name": "E 228 ST", "borough": "bronx", "direction": "TF", "total_row_ft": 46.7, "roadbed_ft": 31.1, "median_ft": 0.0, "left_sw_ft": 7.8, "right_sw_ft": 7.8}, "geometry": {"type": "LineString", "coordinates": [[-73.84991296204858, 40.88700456489961], [-73.8499782683197, 40.8868864802605]]}}, {"type": "Feature", "properties": {"segment_id": 780301, "physicalid": "54864", "street_name": "E 228 ST", "borough": "bronx", "direction": "TF", "total_row_ft": 46.7, "roadbed_ft": 31.1, "median_ft": 0.0, "left_sw_ft": 7.7, "right_sw_ft": 7.9}, "geometry": {"type": "LineString", "coordinates": [[-73.84984629131372, 40.88698327570873], [-73.84991165487925, 40.88686508768532]]}}, {"type": "Feature", "properties": {"segment_id": 780302, "physicalid": "54864", "street_name": "E 228 ST", "borough": "bronx", "direction": "TF", "total_row_ft": 46.7, "roadbed_ft": 31.0, "median_ft": 0.0, "left_sw_ft": 7.7, "right_sw_ft": 8.0}, "geometry": {"type": "LineString", "coordinates": [[-73.84977962058905, 40.886961986538054], [-73.8498450448536, 40.88684368897459]]}}, {"type": "Feature", "properties": {"segment_id": 780303, "physicalid": "54864", "street_name": "E 228 ST", "borough": "bronx", "direction": "TF", "total_row_ft": 46.8, "roadbed_ft": 30.9, "median_ft": 0.0, "left_sw_ft": 7.8, "right_sw_ft": 8.1}, "geometry": {"type": "LineString", "coordinates": [[-73.84971294989788, 40.8869406973454], [-73.84977843496995, 40.886822290046155]]}}, {"type": "Feature", "properties": {"segment_id": 780304, "physicalid": "54864", "street_name": "E 228 ST", "borough": "bronx", "direction": "TF", "total_row_ft": 46.8, "roadbed_ft": 30.7, "median_ft": 0.0, "left_sw_ft": 7.9, "right_sw_ft": 8.3}, "geometry": {"type": "LineString", "coordinates": [[-73.84964625650684, 40.886919449236096], [-73.84971182516614, 40.88680089101235]]}}, {"type": "Feature", "properties": {"segment_id": 780305, "physicalid": "54864", "street_name": "E 228 ST", "borough": "bronx", "direction": "TF", "total_row_ft": 47.0, "roadbed_ft": 30.5, "median_ft": 0.0, "left_sw_ft": 8.0, "right_sw_ft": 8.5}, "geometry": {"type": "LineString", "coordinates": [[-73.84957947814652, 40.88689835480227], [-73.84964521541431, 40.88677949192355]]}}, {"type": "Feature", "properties": {"segment_id": 780306, "physicalid": "54864", "street_name": "E 228 ST", "borough": "bronx", "direction": "TF", "total_row_ft": 47.1, "roadbed_ft": 30.3, "median_ft": 0.0, "left_sw_ft": 8.1, "right_sw_ft": 8.7}, "geometry": {"type": "LineString", "coordinates": [[-73.84951269988844, 40.886877260221496], [-73.84957860570924, 40.886758092789194]]}}, {"type": "Feature", "properties": {"segment_id": 780307, "physicalid": "54864", "street_name": "E 228 ST", "borough": "bronx", "direction": "TF", "total_row_ft": 47.2, "roadbed_ft": 30.1, "median_ft": 0.0, "left_sw_ft": 8.2, "right_sw_ft": 8.9}, "geometry": {"type": "LineString", "coordinates": [[-73.84944592175397, 40.88685616545508], [-73.849511995935, 40.88673669381899]]}}, {"type": "Feature", "properties": {"segment_id": 780308, "physicalid": "54864", "street_name": "E 228 ST", "borough": "bronx", "direction": "TF", "total_row_ft": 47.3, "roadbed_ft": 30.1, "median_ft": 0.0, "left_sw_ft": 8.4, "right_sw_ft": 8.9}, "geometry": {"type": "LineString", "coordinates": [[-73.84937914363272, 40.88683507070271], [-73.84944539590676, 40.886715277265615]]}}, {"type": "Feature", "properties": {"segment_id": 780309, "physicalid": "54864", "street_name": "E 228 ST", "borough": "bronx", "direction": "TF", "total_row_ft": 47.5, "roadbed_ft": 30.2, "median_ft": 0.0, "left_sw_ft": 8.5, "right_sw_ft": 8.8}, "geometry": {"type": "LineString", "coordinates": [[-73.84931236554421, 40.88681397592908], [-73.84937880690875, 40.88669384080709]]}}, {"type": "Feature", "properties": {"segment_id": 780310, "physicalid": "54864", "street_name": "E 228 ST", "borough": "bronx", "direction": "TF", "total_row_ft": 47.6, "roadbed_ft": 30.3, "median_ft": 0.0, "left_sw_ft": 8.6, "right_sw_ft": 8.7}, "geometry": {"type": "LineString", "coordinates": [[-73.84924558748357, 40.886792881142895], [-73.84931221795199, 40.886672404313046]]}}, {"type": "Feature", "properties": {"segment_id": 780311, "physicalid": "54864", "street_name": "E 228 ST", "borough": "bronx", "direction": "TF", "total_row_ft": 47.7, "roadbed_ft": 30.2, "median_ft": 0.0, "left_sw_ft": 8.7, "right_sw_ft": 8.8}, "geometry": {"type": "LineString", "coordinates": [[-73.84917881614875, 40.88677177423352], [-73.84924562903285, 40.8866509677902]]}}, {"type": "Feature", "properties": {"segment_id": 780312, "physicalid": "54864", "street_name": "E 228 ST", "borough": "bronx", "direction": "TF", "total_row_ft": 47.8, "roadbed_ft": 30.2, "median_ft": 0.0, "left_sw_ft": 8.8, "right_sw_ft": 8.8}, "geometry": {"type": "LineString", "coordinates": [[-73.84911208275388, 40.886750598761985], [-73.84917904015666, 40.88662953122887]]}}, {"type": "Feature", "properties": {"segment_id": 780313, "physicalid": "54864", "street_name": "E 228 ST", "borough": "bronx", "direction": "TF", "total_row_ft": 47.9, "roadbed_ft": 30.1, "median_ft": 0.0, "left_sw_ft": 8.9, "right_sw_ft": 8.9}, "geometry": {"type": "LineString", "coordinates": [[-73.84904534940151, 40.88672942325175], [-73.84911238605378, 40.88660821264487]]}}, {"type": "Feature", "properties": {"segment_id": 780314, "physicalid": "54864", "street_name": "E 228 ST", "borough": "bronx", "direction": "TF", "total_row_ft": 47.9, "roadbed_ft": 30.0, "median_ft": 0.0, "left_sw_ft": 9.0, "right_sw_ft": 8.9}, "geometry": {"type": "LineString", "coordinates": [[-73.84897861610648, 40.8867082476761], [-73.84904571523883, 40.88658692431709]]}}, {"type": "Feature", "properties": {"segment_id": 780315, "physicalid": "54864", "street_name": "E 228 ST", "borough": "bronx", "direction": "TF", "total_row_ft": 48.0, "roadbed_ft": 29.9, "median_ft": 0.0, "left_sw_ft": 9.1, "right_sw_ft": 9.0}, "geometry": {"type": "LineString", "coordinates": [[-73.84891188287209, 40.88668707202895], [-73.84897904446657, 40.8865656359507]]}}, {"type": "Feature", "properties": {"segment_id": 780316, "physicalid": "54864", "street_name": "E 228 ST", "borough": "bronx", "direction": "TF", "total_row_ft": 48.0, "roadbed_ft": 29.8, "median_ft": 0.0, "left_sw_ft": 9.1, "right_sw_ft": 9.1}, "geometry": {"type": "LineString", "coordinates": [[-73.84884514968024, 40.88666589634313], [-73.8489123737506, 40.88654434752119]]}}, {"type": "Feature", "properties": {"segment_id": 780317, "physicalid": "54864", "street_name": "E 228 ST", "borough": "bronx", "direction": "TF", "total_row_ft": 48.1, "roadbed_ft": 29.7, "median_ft": 0.0, "left_sw_ft": 9.2, "right_sw_ft": 9.1}, "geometry": {"type": "LineString", "coordinates": [[-73.84877841653089, 40.886644720618655], [-73.84884570309111, 40.88652305902817]]}}, {"type": "Feature", "properties": {"segment_id": 780318, "physicalid": "54864", "street_name": "E 228 ST", "borough": "bronx", "direction": "TF", "total_row_ft": 48.1, "roadbed_ft": 29.7, "median_ft": 0.0, "left_sw_ft": 9.3, "right_sw_ft": 9.2}, "geometry": {"type": "LineString", "coordinates": [[-73.84871168336404, 40.886623544963996], [-73.84877903247431, 40.88650177049657]]}}, {"type": "Feature", "properties": {"segment_id": 780319, "physicalid": "54864", "street_name": "E 228 ST", "borough": "bronx", "direction": "TF", "total_row_ft": 48.2, "roadbed_ft": 29.7, "median_ft": 0.0, "left_sw_ft": 9.2, "right_sw_ft": 9.2}, "geometry": {"type": "LineString", "coordinates": [[-73.84864495017175, 40.886602369393636], [-73.8487123618911, 40.88648048194279]]}}, {"type": "Feature", "properties": {"segment_id": 780320, "physicalid": "54864", "street_name": "E 228 ST", "borough": "bronx", "direction": "TF", "total_row_ft": 48.2, "roadbed_ft": 30.0, "median_ft": 0.0, "left_sw_ft": 8.9, "right_sw_ft": 9.3}, "geometry": {"type": "LineString", "coordinates": [[-73.84857821548849, 40.88658119655723], [-73.84864569122871, 40.886459193570836]]}}, {"type": "Feature", "properties": {"segment_id": 780321, "physicalid": "54864", "street_name": "E 228 ST", "borough": "bronx", "direction": "TF", "total_row_ft": 48.3, "roadbed_ft": 30.3, "median_ft": 0.0, "left_sw_ft": 8.7, "right_sw_ft": 9.3}, "geometry": {"type": "LineString", "coordinates": [[-73.84851146932486, 40.886560044516564], [-73.84857902060904, 40.88643790516031]]}}, {"type": "Feature", "properties": {"segment_id": 780322, "physicalid": "54864", "street_name": "E 228 ST", "borough": "bronx", "direction": "TF", "total_row_ft": 48.3, "roadbed_ft": 30.5, "median_ft": 0.0, "left_sw_ft": 8.4, "right_sw_ft": 9.4}, "geometry": {"type": "LineString", "coordinates": [[-73.84844472320376, 40.8865388924372], [-73.84851235026119, 40.88641661629682]]}}, {"type": "Feature", "properties": {"segment_id": 780323, "physicalid": "54864", "street_name": "E 228 ST", "borough": "bronx", "direction": "TF", "total_row_ft": 53.6, "roadbed_ft": 30.8, "median_ft": 0.0, "left_sw_ft": 13.4, "right_sw_ft": 9.4}, "geometry": {"type": "LineString", "coordinates": [[-73.84837797701869, 40.88651774051158], [-73.84845300615515, 40.88638208092561]]}}, {"type": "Feature", "properties": {"segment_id": 780324, "physicalid": "54864", "street_name": "E 228 ST", "borough": "bronx", "direction": "TF", "total_row_ft": 54.0, "roadbed_ft": 31.0, "median_ft": 0.0, "left_sw_ft": 13.4, "right_sw_ft": 9.5}, "geometry": {"type": "LineString", "coordinates": [[-73.84831123086416, 40.88649658856884], [-73.84838675367016, 40.88636003662853]]}}, {"type": "Feature", "properties": {"segment_id": 780325, "physicalid": "54864", "street_name": "E 228 ST", "borough": "bronx", "direction": "TF", "total_row_ft": 54.4, "roadbed_ft": 31.3, "median_ft": 0.0, "left_sw_ft": 13.5, "right_sw_ft": 9.6}, "geometry": {"type": "LineString", "coordinates": [[-73.84824435093624, 40.88647567853741], [-73.84832050093375, 40.886337992827315]]}}, {"type": "Feature", "properties": {"segment_id": 780326, "physicalid": "54864", "street_name": "E 228 ST", "borough": "bronx", "direction": "TF", "total_row_ft": 54.8, "roadbed_ft": 31.6, "median_ft": 0.0, "left_sw_ft": 13.3, "right_sw_ft": 10.0}, "geometry": {"type": "LineString", "coordinates": [[-73.8481771897813, 40.88645527702366], [-73.84825384810668, 40.88631667246591]]}}, {"type": "Feature", "properties": {"segment_id": 780327, "physicalid": "54864", "street_name": "E 228 ST", "borough": "bronx", "direction": "TF", "total_row_ft": 55.2, "roadbed_ft": 32.1, "median_ft": 0.0, "left_sw_ft": 13.0, "right_sw_ft": 10.0}, "geometry": {"type": "LineString", "coordinates": [[-73.84811002867154, 40.88643487546359], [-73.8481872386886, 40.886295273656195]]}}, {"type": "Feature", "properties": {"segment_id": 780328, "physicalid": "54864", "street_name": "E 228 ST", "borough": "bronx", "direction": "TF", "total_row_ft": 55.7, "roadbed_ft": 33.3, "median_ft": 0.0, "left_sw_ft": 13.0, "right_sw_ft": 9.4}, "geometry": {"type": "LineString", "coordinates": [[-73.84804286762757, 40.88641447381998], [-73.84816174902286, 40.886199526998695]]}}, {"type": "Feature", "properties": {"segment_id": 780329, "physicalid": "54864", "street_name": "E 228 ST", "borough": "bronx", "direction": "TF", "total_row_ft": 99.0, "roadbed_ft": 44.2, "median_ft": 0.0, "left_sw_ft": 14.0, "right_sw_ft": 40.8}, "geometry": {"type": "LineString", "coordinates": [[-73.84792708907406, 40.88648197585562], [-73.84806564142193, 40.886231463458735]]}}, {"type": "Feature", "properties": {"segment_id": 817225, "physicalid": "57387", "street_name": "LACONIA AVE", "borough": "bronx", "direction": "TW", "total_row_ft": 77.8, "roadbed_ft": 61.0, "median_ft": 0.9, "left_sw_ft": 7.3, "right_sw_ft": 8.6}, "geometry": {"type": "LineString", "coordinates": [[-73.85009802648942, 40.88324632803565], [-73.84985066479274, 40.883149401788636]]}}, {"type": "Feature", "properties": {"segment_id": 817226, "physicalid": "57387", "street_name": "LACONIA AVE", "borough": "bronx", "direction": "TW", "total_row_ft": 77.6, "roadbed_ft": 61.0, "median_ft": 0.0, "left_sw_ft": 7.7, "right_sw_ft": 8.9}, "geometry": {"type": "LineString", "coordinates": [[-73.85006636489074, 40.88329569985619], [-73.84981714210795, 40.883198044344645]]}}, {"type": "Feature", "properties": {"segment_id": 817227, "physicalid": "57387", "street_name": "LACONIA AVE", "borough": "bronx", "direction": "TW", "total_row_ft": 78.3, "roadbed_ft": 61.1, "median_ft": 0.0, "left_sw_ft": 8.0, "right_sw_ft": 9.2}, "geometry": {"type": "LineString", "coordinates": [[-73.85003470324503, 40.883345071667634], [-73.84978319577849, 40.88324652090797]]}}, {"type": "Feature", "properties": {"segment_id": 817228, "physicalid": "57387", "street_name": "LACONIA AVE", "borough": "bronx", "direction": "TW", "total_row_ft": 98.9, "roadbed_ft": 61.1, "median_ft": 0.0, "left_sw_ft": 8.3, "right_sw_ft": 29.5}, "geometry": {"type": "LineString", "coordinates": [[-73.85000304155227, 40.88339444346994], [-73.84968518036791, 40.883269892492706]]}}, {"type": "Feature", "properties": {"segment_id": 817229, "physicalid": "57387", "street_name": "LACONIA AVE", "borough": "bronx", "direction": "TW", "total_row_ft": 114.4, "roadbed_ft": 90.8, "median_ft": 0.0, "left_sw_ft": 8.6, "right_sw_ft": 15.0}, "geometry": {"type": "LineString", "coordinates": [[-73.84997137981252, 40.88344381526307], [-73.84965199944666, 40.8833186689885]]}}, {"type": "Feature", "properties": {"segment_id": 817230, "physicalid": "57387", "street_name": "LACONIA AVE", "borough": "bronx", "direction": "TW", "total_row_ft": 114.9, "roadbed_ft": 90.9, "median_ft": 0.0, "left_sw_ft": 8.9, "right_sw_ft": 15.0}, "geometry": {"type": "LineString", "coordinates": [[-73.84993971802571, 40.883493187047094], [-73.84961881847673, 40.8833674454743]]}}, {"type": "Feature", "properties": {"segment_id": 817231, "physicalid": "57387", "street_name": "LACONIA AVE", "borough": "bronx", "direction": "TW", "total_row_ft": 135.0, "roadbed_ft": 91.3, "median_ft": 0.0, "left_sw_ft": 28.7, "right_sw_ft": 15.0}, "geometry": {"type": "LineString", "coordinates": [[-73.84997124571612, 40.88356731890477], [-73.84958563745813, 40.88341622195011]]}}, {"type": "Feature", "properties": {"segment_id": 817232, "physicalid": "57388", "street_name": "LACONIA AVE", "borough": "bronx", "direction": "TW", "total_row_ft": 120.0, "roadbed_ft": 96.9, "median_ft": 0.0, "left_sw_ft": 13.9, "right_sw_ft": 9.2}, "geometry": {"type": "LineString", "coordinates": [[-73.84990396287134, 40.883666923774854], [-73.84951679353115, 40.88351814317352]]}}, {"type": "Feature", "properties": {"segment_id": 817233, "physicalid": "57388", "street_name": "LACONIA AVE", "borough": "bronx", "direction": "TW", "total_row_ft": 102.1, "roadbed_ft": 62.4, "median_ft": 0.0, "left_sw_ft": 13.9, "right_sw_ft": 25.8}, "geometry": {"type": "LineString", "coordinates": [[-73.8498211823101, 40.88369664232741], [-73.84949171357023, 40.88357003467399]]}}, {"type": "Feature", "properties": {"segment_id": 817234, "physicalid": "57388", "street_name": "LACONIA AVE", "borough": "bronx", "direction": "TW", "total_row_ft": 93.9, "roadbed_ft": 61.0, "median_ft": 0.0, "left_sw_ft": 13.7, "right_sw_ft": 19.2}, "geometry": {"type": "LineString", "coordinates": [[-73.84978750053921, 40.88374522835718], [-73.8494845135111, 40.88362879707594]]}}, {"type": "Feature", "properties": {"segment_id": 817235, "physicalid": "57388", "street_name": "LACONIA AVE", "borough": "bronx", "direction": "TW", "total_row_ft": 93.5, "roadbed_ft": 61.0, "median_ft": 0.0, "left_sw_ft": 13.6, "right_sw_ft": 19.0}, "geometry": {"type": "LineString", "coordinates": [[-73.84975451924993, 40.883794083574045], [-73.84945275340411, 40.88367812154678]]}}, {"type": "Feature", "properties": {"segment_id": 817236, "physicalid": "57388", "street_name": "LACONIA AVE", "borough": "bronx", "direction": "TW", "total_row_ft": 93.2, "roadbed_ft": 61.1, "median_ft": 0.0, "left_sw_ft": 13.4, "right_sw_ft": 18.7}, "geometry": {"type": "LineString", "coordinates": [[-73.84972153816005, 40.883842938876285], [-73.84942099324999, 40.883727446008386]]}}, {"type": "Feature", "properties": {"segment_id": 817237, "physicalid": "57388", "street_name": "LACONIA AVE", "borough": "bronx", "direction": "TW", "total_row_ft": 92.8, "roadbed_ft": 61.1, "median_ft": 0.0, "left_sw_ft": 13.3, "right_sw_ft": 18.4}, "geometry": {"type": "LineString", "coordinates": [[-73.84968855714793, 40.883891794217185], [-73.84938923304877, 40.883776770460805]]}}, {"type": "Feature", "properties": {"segment_id": 817238, "physicalid": "57388", "street_name": "LACONIA AVE", "borough": "bronx", "direction": "TW", "total_row_ft": 96.1, "roadbed_ft": 61.2, "median_ft": 3.7, "left_sw_ft": 13.1, "right_sw_ft": 18.1}, "geometry": {"type": "LineString", "coordinates": [[-73.84965557522014, 40.883940649214985], [-73.84935747280039, 40.883826094904066]]}}, {"type": "Feature", "properties": {"segment_id": 817239, "physicalid": "57388", "street_name": "LACONIA AVE", "borough": "bronx", "direction": "TW", "total_row_ft": 100.1, "roadbed_ft": 61.3, "median_ft": 7.3, "left_sw_ft": 13.7, "right_sw_ft": 17.8}, "geometry": {"type": "LineString", "coordinates": [[-73.84962495055926, 40.883990410063724], [-73.84932571250489, 40.88387541933812]]}}, {"type": "Feature", "properties": {"segment_id": 817240, "physicalid": "57388", "street_name": "LACONIA AVE", "borough": "bronx", "direction": "TW", "total_row_ft": 102.1, "roadbed_ft": 61.3, "median_ft": 9.0, "left_sw_ft": 14.3, "right_sw_ft": 17.5}, "geometry": {"type": "LineString", "coordinates": [[-73.84959452111949, 40.88404024594034], [-73.84929395216227, 40.88392474376301]]}}, {"type": "Feature", "properties": {"segment_id": 817241, "physicalid": "57388", "street_name": "LACONIA AVE", "borough": "bronx", "direction": "TW", "total_row_ft": 102.9, "roadbed_ft": 61.4, "median_ft": 9.3, "left_sw_ft": 15.0, "right_sw_ft": 17.2}, "geometry": {"type": "LineString", "coordinates": [[-73.84956409145731, 40.88409008174058], [-73.84926219177251, 40.883974068178695]]}}, {"type": "Feature", "properties": {"segment_id": 817242, "physicalid": "57388", "street_name": "LACONIA AVE", "borough": "bronx", "direction": "TW", "total_row_ft": 103.6, "roadbed_ft": 61.4, "median_ft": 9.7, "left_sw_ft": 15.6, "right_sw_ft": 16.9}, "geometry": {"type": "LineString", "coordinates": [[-73.84953366174952, 40.88413991753236], [-73.84923043122947, 40.88402339254439]]}}, {"type": "Feature", "properties": {"segment_id": 817243, "physicalid": "57388", "street_name": "LACONIA AVE", "borough": "bronx", "direction": "TW", "total_row_ft": 104.3, "roadbed_ft": 61.5, "median_ft": 10.0, "left_sw_ft": 16.1, "right_sw_ft": 16.6}, "geometry": {"type": "LineString", "coordinates": [[-73.84950284374044, 40.884189604118085], [-73.84919867053642, 40.88407271686137]]}}, {"type": "Feature", "properties": {"segment_id": 817244, "physicalid": "57388", "street_name": "LACONIA AVE", "borough": "bronx", "direction": "TW", "total_row_ft": 120.0, "roadbed_ft": 65.4, "median_ft": 0.0, "left_sw_ft": 28.2, "right_sw_ft": 26.5}, "geometry": {"type": "LineString", "coordinates": [[-73.8495118928693, 40.88425461071298], [-73.84912472098404, 40.884105828812565]]}}, {"type": "Feature", "properties": {"segment_id": 817245, "physicalid": "57389", "street_name": "LACONIA AVE", "borough": "bronx", "direction": "TW", "total_row_ft": 135.0, "roadbed_ft": 104.7, "median_ft": 0.0, "left_sw_ft": 15.3, "right_sw_ft": 15.0}, "geometry": {"type": "LineString", "coordinates": [[-73.84944591064396, 40.88435314204025], [-73.8490595320247, 40.88420317618394]]}}, {"type": "Feature", "properties": {"segment_id": 817246, "physicalid": "57389", "street_name": "LACONIA AVE", "borough": "bronx", "direction": "TW", "total_row_ft": 106.7, "roadbed_ft": 61.6, "median_ft": 0.0, "left_sw_ft": 16.4, "right_sw_ft": 28.7}, "geometry": {"type": "LineString", "coordinates": [[-73.84937012125187, 40.884385381584636], [-73.84902659895164, 40.88425204950982]]}}, {"type": "Feature", "properties": {"segment_id": 817247, "physicalid": "57389", "street_name": "LACONIA AVE", "borough": "bronx", "direction": "TW", "total_row_ft": 97.5, "roadbed_ft": 60.6, "median_ft": 0.0, "left_sw_ft": 16.6, "right_sw_ft": 20.4}, "geometry": {"type": "LineString", "coordinates": [[-73.84933792221504, 40.88443453984541], [-73.84902395427322, 40.88431267881156]]}}, {"type": "Feature", "properties": {"segment_id": 817248, "physicalid": "57389", "street_name": "LACONIA AVE", "borough": "bronx", "direction": "TW", "total_row_ft": 97.6, "roadbed_ft": 60.6, "median_ft": 0.0, "left_sw_ft": 16.7, "right_sw_ft": 20.2}, "geometry": {"type": "LineString", "coordinates": [[-73.84930572313061, 40.88448369809675], [-73.84899161197677, 40.884361781458196]]}}, {"type": "Feature", "properties": {"segment_id": 817249, "physicalid": "57389", "street_name": "LACONIA AVE", "borough": "bronx", "direction": "TW", "total_row_ft": 97.6, "roadbed_ft": 60.6, "median_ft": 0.0, "left_sw_ft": 16.9, "right_sw_ft": 20.1}, "geometry": {"type": "LineString", "coordinates": [[-73.84927352399853, 40.884532856338694], [-73.84895926963257, 40.884410884095225]]}}, {"type": "Feature", "properties": {"segment_id": 817250, "physicalid": "57389", "street_name": "LACONIA AVE", "borough": "bronx", "direction": "TW", "total_row_ft": 97.6, "roadbed_ft": 60.6, "median_ft": 0.0, "left_sw_ft": 17.1, "right_sw_ft": 20.0}, "geometry": {"type": "LineString", "coordinates": [[-73.84924132481885, 40.88458201457121], [-73.84892692724058, 40.88445998672281]]}}, {"type": "Feature", "properties": {"segment_id": 817251, "physicalid": "57389", "street_name": "LACONIA AVE", "borough": "bronx", "direction": "TW", "total_row_ft": 97.7, "roadbed_ft": 60.6, "median_ft": 0.0, "left_sw_ft": 17.3, "right_sw_ft": 19.8}, "geometry": {"type": "LineString", "coordinates": [[-73.84920912559154, 40.884631172794265], [-73.84889458480082, 40.88450908934089]]}}, {"type": "Feature", "properties": {"segment_id": 817252, "physicalid": "57389", "street_name": "LACONIA AVE", "borough": "bronx", "direction": "TW", "total_row_ft": 97.7, "roadbed_ft": 60.6, "median_ft": 0.0, "left_sw_ft": 17.5, "right_sw_ft": 19.7}, "geometry": {"type": "LineString", "coordinates": [[-73.84917692631664, 40.88468033100791], [-73.84886224231326, 40.88455819194949]]}}, {"type": "Feature", "properties": {"segment_id": 817253, "physicalid": "57389", "street_name": "LACONIA AVE", "borough": "bronx", "direction": "TW", "total_row_ft": 97.8, "roadbed_ft": 60.6, "median_ft": 0.0, "left_sw_ft": 17.7, "right_sw_ft": 19.5}, "geometry": {"type": "LineString", "coordinates": [[-73.84914472699408, 40.88472948921213], [-73.84882989977795, 40.88460729454852]]}}, {"type": "Feature", "properties": {"segment_id": 817254, "physicalid": "57389", "street_name": "LACONIA AVE", "borough": "bronx", "direction": "TW", "total_row_ft": 97.8, "roadbed_ft": 60.6, "median_ft": 0.0, "left_sw_ft": 17.8, "right_sw_ft": 19.4}, "geometry": {"type": "LineString", "coordinates": [[-73.84911252762393, 40.8847786474069], [-73.84879755702403, 40.88465639707175]]}}, {"type": "Feature", "properties": {"segment_id": 817255, "physicalid": "57389", "street_name": "LACONIA AVE", "borough": "bronx", "direction": "TW", "total_row_ft": 97.9, "roadbed_ft": 60.6, "median_ft": 0.0, "left_sw_ft": 18.0, "right_sw_ft": 19.3}, "geometry": {"type": "LineString", "coordinates": [[-73.84908032820618, 40.88482780559223], [-73.84876521418428, 40.88470549957076]]}}, {"type": "Feature", "properties": {"segment_id": 817256, "physicalid": "57389", "street_name": "LACONIA AVE", "borough": "bronx", "direction": "TW", "total_row_ft": 98.1, "roadbed_ft": 60.6, "median_ft": 0.0, "left_sw_ft": 18.2, "right_sw_ft": 19.3}, "geometry": {"type": "LineString", "coordinates": [[-73.84904812874079, 40.88487696376817], [-73.84873235593868, 40.88475440203186]]}}, {"type": "Feature", "properties": {"segment_id": 817257, "physicalid": "57389", "street_name": "LACONIA AVE", "borough": "bronx", "direction": "TW", "total_row_ft": 109.1, "roadbed_ft": 62.2, "median_ft": 0.0, "left_sw_ft": 27.6, "right_sw_ft": 19.3}, "geometry": {"type": "LineString", "coordinates": [[-73.84905071308854, 40.88493962260848], [-73.84869946837632, 40.884803293123014]]}}, {"type": "Feature", "properties": {"segment_id": 817258, "physicalid": "57390", "street_name": "LACONIA AVE", "borough": "bronx", "direction": "TW", "total_row_ft": 124.2, "roadbed_ft": 89.8, "median_ft": 0.0, "left_sw_ft": 15.0, "right_sw_ft": 19.4}, "geometry": {"type": "LineString", "coordinates": [[-73.84899009278121, 40.885030288495805], [-73.8486371330084, 40.88489596085769]]}}, {"type": "Feature", "properties": {"segment_id": 817259, "physicalid": "57390", "street_name": "LACONIA AVE", "borough": "bronx", "direction": "TW", "total_row_ft": 98.6, "roadbed_ft": 60.7, "median_ft": 9.9, "left_sw_ft": 8.6, "right_sw_ft": 19.4}, "geometry": {"type": "LineString", "coordinates": [[-73.84889119554346, 40.88505405947759], [-73.84860424412412, 40.884944853342475]]}}, {"type": "Feature", "properties": {"segment_id": 817260, "physicalid": "57390", "street_name": "LACONIA AVE", "borough": "bronx", "direction": "TW", "total_row_ft": 98.8, "roadbed_ft": 60.8, "median_ft": 10.1, "left_sw_ft": 8.5, "right_sw_ft": 19.4}, "geometry": {"type": "LineString", "coordinates": [[-73.84885808423564, 40.88510286705376], [-73.84857135534683, 40.884993745586456]]}}, {"type": "Feature", "properties": {"segment_id": 817261, "physicalid": "57390", "street_name": "LACONIA AVE", "borough": "bronx", "direction": "TW", "total_row_ft": 98.9, "roadbed_ft": 60.8, "median_ft": 10.3, "left_sw_ft": 8.4, "right_sw_ft": 19.5}, "geometry": {"type": "LineString", "coordinates": [[-73.84882497288434, 40.88515167462195], [-73.84853846652118, 40.885042637820625]]}}, {"type": "Feature", "properties": {"segment_id": 817262, "physicalid": "57390", "street_name": "LACONIA AVE", "borough": "bronx", "direction": "TW", "total_row_ft": 99.0, "roadbed_ft": 60.8, "median_ft": 10.4, "left_sw_ft": 8.3, "right_sw_ft": 19.5}, "geometry": {"type": "LineString", "coordinates": [[-73.84879186154316, 40.88520048220255], [-73.8485055773981, 40.88509152995022]]}}, {"type": "Feature", "properties": {"segment_id": 817263, "physicalid": "57390", "street_name": "LACONIA AVE", "borough": "bronx", "direction": "TW", "total_row_ft": 99.1, "roadbed_ft": 60.8, "median_ft": 10.6, "left_sw_ft": 8.1, "right_sw_ft": 19.5}, "geometry": {"type": "LineString", "coordinates": [[-73.84875875015335, 40.88524928977322], [-73.84847268839377, 40.88514042213359]]}}, {"type": "Feature", "properties": {"segment_id": 817264, "physicalid": "57390", "street_name": "LACONIA AVE", "borough": "bronx", "direction": "TW", "total_row_ft": 99.2, "roadbed_ft": 60.9, "median_ft": 10.8, "left_sw_ft": 8.0, "right_sw_ft": 19.6}, "geometry": {"type": "LineString", "coordinates": [[-73.84872563871492, 40.88529809733394], [-73.84843979934105, 40.88518931430715]]}}, {"type": "Feature", "properties": {"segment_id": 817265, "physicalid": "57390", "street_name": "LACONIA AVE", "borough": "bronx", "direction": "TW", "total_row_ft": 99.3, "roadbed_ft": 60.9, "median_ft": 11.0, "left_sw_ft": 7.9, "right_sw_ft": 19.6}, "geometry": {"type": "LineString", "coordinates": [[-73.84869252722788, 40.885346904884706], [-73.84840691025913, 40.8852382064782]]}}, {"type": "Feature", "properties": {"segment_id": 817266, "physicalid": "57390", "street_name": "LACONIA AVE", "borough": "bronx", "direction": "TW", "total_row_ft": 99.7, "roadbed_ft": 60.9, "median_ft": 11.2, "left_sw_ft": 7.8, "right_sw_ft": 19.9}, "geometry": {"type": "LineString", "coordinates": [[-73.84865941569221, 40.88539571242555], [-73.84837309252656, 40.88528674523568]]}}, {"type": "Feature", "properties": {"segment_id": 817267, "physicalid": "57390", "street_name": "LACONIA AVE", "borough": "bronx", "direction": "TW", "total_row_ft": 100.3, "roadbed_ft": 60.9, "median_ft": 11.3, "left_sw_ft": 7.6, "right_sw_ft": 20.4}, "geometry": {"type": "LineString", "coordinates": [[-73.84862630410794, 40.88544451995647], [-73.84833878858471, 40.88533509896201]]}}, {"type": "Feature", "properties": {"segment_id": 817268, "physicalid": "57390", "street_name": "LACONIA AVE", "borough": "bronx", "direction": "TW", "total_row_ft": 100.8, "roadbed_ft": 60.9, "median_ft": 11.5, "left_sw_ft": 7.5, "right_sw_ft": 20.8}, "geometry": {"type": "LineString", "coordinates": [[-73.84859319247504, 40.88549332747742], [-73.84830448439408, 40.885383452602014]]}}, {"type": "Feature", "properties": {"segment_id": 817269, "physicalid": "57390", "street_name": "LACONIA AVE", "borough": "bronx", "direction": "TW", "total_row_ft": 101.4, "roadbed_ft": 60.9, "median_ft": 11.7, "left_sw_ft": 7.4, "right_sw_ft": 21.3}, "geometry": {"type": "LineString", "coordinates": [[-73.8485600808461, 40.885542134910935], [-73.84827018002234, 40.88543180631836]]}}, {"type": "Feature", "properties": {"segment_id": 817270, "physicalid": "57390", "street_name": "LACONIA AVE", "borough": "bronx", "direction": "TW", "total_row_ft": 113.0, "roadbed_ft": 61.6, "median_ft": 0.0, "left_sw_ft": 29.5, "right_sw_ft": 21.9}, "geometry": {"type": "LineString", "coordinates": [[-73.84860102586707, 40.8856191262848], [-73.84823587567634, 40.8854801599175]]}}, {"type": "Feature", "properties": {"segment_id": 817271, "physicalid": "57391", "street_name": "LACONIA AVE", "borough": "bronx", "direction": "TW", "total_row_ft": 120.0, "roadbed_ft": 65.8, "median_ft": 0.0, "left_sw_ft": 25.3, "right_sw_ft": 28.9}, "geometry": {"type": "LineString", "coordinates": [[-73.84853290033219, 40.88572164316409], [-73.84814619790396, 40.885572146998726]]}}, {"type": "Feature", "properties": {"segment_id": 817272, "physicalid": "57391", "street_name": "LACONIA AVE", "borough": "bronx", "direction": "TW", "total_row_ft": 113.2, "roadbed_ft": 60.5, "median_ft": 11.2, "left_sw_ft": 18.9, "right_sw_ft": 22.6}, "geometry": {"type": "LineString", "coordinates": [[-73.84846256235929, 40.8857560558539], [-73.8481338330206, 40.885628972907845]]}}, {"type": "Feature", "properties": {"segment_id": 817273, "physicalid": "57391", "street_name": "LACONIA AVE", "borough": "bronx", "direction": "TW", "total_row_ft": 111.1, "roadbed_ft": 60.4, "median_ft": 11.1, "left_sw_ft": 18.8, "right_sw_ft": 20.7}, "geometry": {"type": "LineString", "coordinates": [[-73.84842946114978, 40.885804864349225], [-73.84810731191794, 40.88568032558886]]}}, {"type": "Feature", "properties": {"segment_id": 817274, "physicalid": "57391", "street_name": "LACONIA AVE", "borough": "bronx", "direction": "TW", "total_row_ft": 111.2, "roadbed_ft": 60.3, "median_ft": 11.0, "left_sw_ft": 18.8, "right_sw_ft": 21.0}, "geometry": {"type": "LineString", "coordinates": [[-73.84839635924585, 40.88585367370187], [-73.84807372053761, 40.88572894377554]]}}, {"type": "Feature", "properties": {"segment_id": 817275, "physicalid": "57391", "street_name": "LACONIA AVE", "borough": "bronx", "direction": "TW", "total_row_ft": 111.0, "roadbed_ft": 60.2, "median_ft": 11.0, "left_sw_ft": 18.7, "right_sw_ft": 21.0}, "geometry": {"type": "LineString", "coordinates": [[-73.84836325808155, 40.88590248188238], [-73.84804100170915, 40.885777900870536]]}}, {"type": "Feature", "properties": {"segment_id": 817276, "physicalid": "57391", "street_name": "LACONIA AVE", "borough": "bronx", "direction": "TW", "total_row_ft": 110.2, "roadbed_ft": 60.1, "median_ft": 10.4, "left_sw_ft": 18.7, "right_sw_ft": 20.9}, "geometry": {"type": "LineString", "coordinates": [[-73.84833015657624, 40.885951290484066], [-73.84800872871585, 40.88582702974441]]}}, {"type": "Feature", "properties": {"segment_id": 817277, "physicalid": "57391", "street_name": "LACONIA AVE", "borough": "bronx", "direction": "TW", "total_row_ft": 106.4, "roadbed_ft": 60.1, "median_ft": 7.0, "left_sw_ft": 18.6, "right_sw_ft": 20.8}, "geometry": {"type": "LineString", "coordinates": [[-73.84829705509875, 40.88600009872918], [-73.8479764554118, 40.88587615891161]]}}, {"type": "Feature", "properties": {"segment_id": 817278, "physicalid": "57391", "street_name": "LACONIA AVE", "borough": "bronx", "direction": "TW", "total_row_ft": 102.7, "roadbed_ft": 60.0, "median_ft": 3.5, "left_sw_ft": 18.5, "right_sw_ft": 20.7}, "geometry": {"type": "LineString", "coordinates": [[-73.848263953433, 40.886048907104474], [-73.84794418205749, 40.88592528785869]]}}, {"type": "Feature", "properties": {"segment_id": 817279, "physicalid": "57391", "street_name": "LACONIA AVE", "borough": "bronx", "direction": "TW", "total_row_ft": 99.0, "roadbed_ft": 59.9, "median_ft": 0.0, "left_sw_ft": 18.5, "right_sw_ft": 20.6}, "geometry": {"type": "LineString", "coordinates": [[-73.84823085137309, 40.88609771597936], [-73.84791190901691, 40.88597441624613]]}}, {"type": "Feature", "properties": {"segment_id": 817280, "physicalid": "57391", "street_name": "LACONIA AVE", "borough": "bronx", "direction": "TW", "total_row_ft": 98.7, "roadbed_ft": 59.8, "median_ft": 0.0, "left_sw_ft": 18.4, "right_sw_ft": 20.5}, "geometry": {"type": "LineString", "coordinates": [[-73.84819774938114, 40.8861465246724], [-73.84787963580618, 40.8860235448105]]}}, {"type": "Feature", "properties": {"segment_id": 817281, "physicalid": "57391", "street_name": "LACONIA AVE", "borough": "bronx", "direction": "TW", "total_row_ft": 98.5, "roadbed_ft": 59.8, "median_ft": 0.0, "left_sw_ft": 18.4, "right_sw_ft": 20.3}, "geometry": {"type": "LineString", "coordinates": [[-73.84816464757237, 40.886195333013745], [-73.8478473623059, 40.886072673733565]]}}, {"type": "Feature", "properties": {"segment_id": 817282, "physicalid": "57391", "street_name": "LACONIA AVE", "borough": "bronx", "direction": "TW", "total_row_ft": 98.2, "roadbed_ft": 59.8, "median_ft": 0.0, "left_sw_ft": 18.3, "right_sw_ft": 20.1}, "geometry": {"type": "LineString", "coordinates": [[-73.84813154561962, 40.88624414154001], [-73.84781508888771, 40.88612180244959]]}}, {"type": "Feature", "properties": {"segment_id": 817283, "physicalid": "57391", "street_name": "LACONIA AVE", "borough": "bronx", "direction": "TW", "total_row_ft": 110.5, "roadbed_ft": 62.0, "median_ft": 0.0, "left_sw_ft": 28.7, "right_sw_ft": 19.9}, "geometry": {"type": "LineString", "coordinates": [[-73.84813893531741, 40.88630860361609], [-73.84778281612843, 40.886170931476784]]}}, {"type": "Feature", "properties": {"segment_id": 817284, "physicalid": "57393", "street_name": "LACONIA AVE", "borough": "bronx", "direction": "TW", "total_row_ft": 150.0, "roadbed_ft": 120.0, "median_ft": 0.0, "left_sw_ft": 15.0, "right_sw_ft": 15.0}, "geometry": {"type": "LineString", "coordinates": [[-73.84762168991956, 40.887081601617], [-73.84722324405952, 40.88695105589237]]}}, {"type": "Feature", "properties": {"segment_id": 817285, "physicalid": "57393", "street_name": "LACONIA AVE", "borough": "bronx", "direction": "TW", "total_row_ft": 101.6, "roadbed_ft": 61.2, "median_ft": 0.0, "left_sw_ft": 12.9, "right_sw_ft": 27.5}, "geometry": {"type": "LineString", "coordinates": [[-73.84753192806664, 40.88711198327014], [-73.84719457449377, 40.88700145352]]}}, {"type": "Feature", "properties": {"segment_id": 817286, "physicalid": "57393", "street_name": "LACONIA AVE", "borough": "bronx", "direction": "TW", "total_row_ft": 94.3, "roadbed_ft": 60.9, "median_ft": 0.0, "left_sw_ft": 13.0, "right_sw_ft": 20.4}, "geometry": {"type": "LineString", "coordinates": [[-73.84750390062746, 40.88716259130262], [-73.84719091678598, 40.88706004602956]]}}, {"type": "Feature", "properties": {"segment_id": 817287, "physicalid": "57393", "street_name": "LACONIA AVE", "borough": "bronx", "direction": "TW", "total_row_ft": 94.3, "roadbed_ft": 60.7, "median_ft": 0.0, "left_sw_ft": 13.1, "right_sw_ft": 20.5}, "geometry": {"type": "LineString", "coordinates": [[-73.8474758728861, 40.887213199242765], [-73.847162705833, 40.887110593931205]]}}, {"type": "Feature", "properties": {"segment_id": 817288, "physicalid": "57393", "street_name": "LACONIA AVE", "borough": "bronx", "direction": "TW", "total_row_ft": 94.2, "roadbed_ft": 60.5, "median_ft": 0.0, "left_sw_ft": 13.2, "right_sw_ft": 20.5}, "geometry": {"type": "LineString", "coordinates": [[-73.84744784511902, 40.88726380718122], [-73.84713513772257, 40.88716135246018]]}}, {"type": "Feature", "properties": {"segment_id": 817289, "physicalid": "57393", "street_name": "LACONIA AVE", "borough": "bronx", "direction": "TW", "total_row_ft": 94.0, "roadbed_ft": 60.3, "median_ft": 0.0, "left_sw_ft": 13.3, "right_sw_ft": 20.5}, "geometry": {"type": "LineString", "coordinates": [[-73.84741981724908, 40.887314415092625], [-73.84710756960088, 40.8872121109922]]}}, {"type": "Feature", "properties": {"segment_id": 817290, "physicalid": "57393", "street_name": "LACONIA AVE", "borough": "bronx", "direction": "TW", "total_row_ft": 93.9, "roadbed_ft": 60.0, "median_ft": 0.0, "left_sw_ft": 13.3, "right_sw_ft": 20.5}, "geometry": {"type": "LineString", "coordinates": [[-73.84739178907755, 40.88736502291197], [-73.84708000129277, 40.88726286946988]]}}, {"type": "Feature", "properties": {"segment_id": 817291, "physicalid": "57393", "street_name": "LACONIA AVE", "borough": "bronx", "direction": "TW", "total_row_ft": 93.8, "roadbed_ft": 59.8, "median_ft": 0.0, "left_sw_ft": 13.4, "right_sw_ft": 20.5}, "geometry": {"type": "LineString", "coordinates": [[-73.84736376100469, 40.88741563077029], [-73.84705238267298, 40.88731361147021]]}}, {"type": "Feature", "properties": {"segment_id": 817292, "physicalid": "57393", "street_name": "LACONIA AVE", "borough": "bronx", "direction": "TW", "total_row_ft": 93.9, "roadbed_ft": 59.6, "median_ft": 0.0, "left_sw_ft": 13.5, "right_sw_ft": 20.7}, "geometry": {"type": "LineString", "coordinates": [[-73.84733573300397, 40.887466238658966], [-73.84702409043568, 40.887364132773456]]}}, {"type": "Feature", "properties": {"segment_id": 817293, "physicalid": "57393", "street_name": "LACONIA AVE", "borough": "bronx", "direction": "TW", "total_row_ft": 93.9, "roadbed_ft": 59.4, "median_ft": 0.0, "left_sw_ft": 13.6, "right_sw_ft": 20.9}, "geometry": {"type": "LineString", "coordinates": [[-73.84730770528455, 40.887516846646506], [-73.84699579777812, 40.88741465394567]]}}, {"type": "Feature", "properties": {"segment_id": 817294, "physicalid": "57393", "street_name": "LACONIA AVE", "borough": "bronx", "direction": "TW", "total_row_ft": 93.8, "roadbed_ft": 59.5, "median_ft": 0.0, "left_sw_ft": 13.4, "right_sw_ft": 21.0}, "geometry": {"type": "LineString", "coordinates": [[-73.84727967771498, 40.88756745468987], [-73.84696805939859, 40.88746535672806]]}}, {"type": "Feature", "properties": {"segment_id": 817295, "physicalid": "57393", "street_name": "LACONIA AVE", "borough": "bronx", "direction": "TW", "total_row_ft": 93.8, "roadbed_ft": 59.8, "median_ft": 0.0, "left_sw_ft": 12.9, "right_sw_ft": 21.0}, "geometry": {"type": "LineString", "coordinates": [[-73.84725164959724, 40.88761806256035], [-73.8469403536274, 40.887516070200945]]}}, {"type": "Feature", "properties": {"segment_id": 817296, "physicalid": "57393", "street_name": "LACONIA AVE", "borough": "bronx", "direction": "TW", "total_row_ft": 109.9, "roadbed_ft": 60.4, "median_ft": 0.0, "left_sw_ft": 28.5, "right_sw_ft": 21.1}, "geometry": {"type": "LineString", "coordinates": [[-73.8472776552107, 40.88768637382035], [-73.84691264781394, 40.88756678366671]]}}, {"type": "Feature", "properties": {"segment_id": 817297, "physicalid": "57394", "street_name": "LACONIA AVE", "borough": "bronx", "direction": "TW", "total_row_ft": 150.0, "roadbed_ft": 120.0, "median_ft": 0.0, "left_sw_ft": 15.0, "right_sw_ft": 15.0}, "geometry": {"type": "LineString", "coordinates": [[-73.84722897887686, 40.88777320071424], [-73.84682841943572, 40.88764642742481]]}}, {"type": "Feature", "properties": {"segment_id": 817298, "physicalid": "57394", "street_name": "LACONIA AVE", "borough": "bronx", "direction": "TW", "total_row_ft": 124.8, "roadbed_ft": 89.9, "median_ft": 0.0, "left_sw_ft": 19.9, "right_sw_ft": 15.0}, "geometry": {"type": "LineString", "coordinates": [[-73.8471669854832, 40.88781305644592], [-73.84680057804569, 40.887697091856396]]}}, {"type": "Feature", "properties": {"segment_id": 817299, "physicalid": "57394", "street_name": "LACONIA AVE", "borough": "bronx", "direction": "TW", "total_row_ft": 124.7, "roadbed_ft": 89.9, "median_ft": 0.0, "left_sw_ft": 19.9, "right_sw_ft": 15.0}, "geometry": {"type": "LineString", "coordinates": [[-73.84713904478758, 40.887863689468944], [-73.84677273661322, 40.88774775628082]]}}, {"type": "Feature", "properties": {"segment_id": 817300, "physicalid": "57394", "street_name": "LACONIA AVE", "borough": "bronx", "direction": "TW", "total_row_ft": 105.0, "roadbed_ft": 59.2, "median_ft": 0.0, "left_sw_ft": 19.8, "right_sw_ft": 26.0}, "geometry": {"type": "LineString", "coordinates": [[-73.8471111040494, 40.88791432248471], [-73.84674489513831, 40.887798420698054]]}}, {"type": "Feature", "properties": {"segment_id": 817301, "physicalid": "57394", "street_name": "LACONIA AVE", "borough": "bronx", "direction": "TW", "total_row_ft": 99.0, "roadbed_ft": 60.0, "median_ft": 0.0, "left_sw_ft": 19.8, "right_sw_ft": 19.2}, "geometry": {"type": "LineString", "coordinates": [[-73.84708316326865, 40.88796495549327], [-73.84675285752462, 40.88786041678822]]}}, {"type": "Feature", "properties": {"segment_id": 817302, "physicalid": "57394", "street_name": "LACONIA AVE", "borough": "bronx", "direction": "TW", "total_row_ft": 98.9, "roadbed_ft": 60.8, "median_ft": 0.0, "left_sw_ft": 19.7, "right_sw_ft": 18.5}, "geometry": {"type": "LineString", "coordinates": [[-73.84705522244535, 40.888015588494575], [-73.84672496436482, 40.88791106486143]]}}, {"type": "Feature", "properties": {"segment_id": 817303, "physicalid": "57394", "street_name": "LACONIA AVE", "borough": "bronx", "direction": "TW", "total_row_ft": 100.7, "roadbed_ft": 61.5, "median_ft": 1.8, "left_sw_ft": 19.6, "right_sw_ft": 17.8}, "geometry": {"type": "LineString", "coordinates": [[-73.84702728157947, 40.888066221488636], [-73.84669707116254, 40.88796171292742]]}}, {"type": "Feature", "properties": {"segment_id": 817304, "physicalid": "57394", "street_name": "LACONIA AVE", "borough": "bronx", "direction": "TW", "total_row_ft": 103.9, "roadbed_ft": 61.7, "median_ft": 5.0, "left_sw_ft": 19.6, "right_sw_ft": 17.7}, "geometry": {"type": "LineString", "coordinates": [[-73.84699934067103, 40.88811685447549], [-73.84666917791773, 40.88801236098619]]}}, {"type": "Feature", "properties": {"segment_id": 817305, "physicalid": "57394", "street_name": "LACONIA AVE", "borough": "bronx", "direction": "TW", "total_row_ft": 107.0, "roadbed_ft": 61.3, "median_ft": 8.1, "left_sw_ft": 19.5, "right_sw_ft": 18.1}, "geometry": {"type": "LineString", "coordinates": [[-73.84697139972003, 40.88816748745507], [-73.84664128463044, 40.88806300903775]]}}, {"type": "Feature", "properties": {"segment_id": 817306, "physicalid": "57394", "street_name": "LACONIA AVE", "borough": "bronx", "direction": "TW", "total_row_ft": 110.2, "roadbed_ft": 60.9, "median_ft": 11.3, "left_sw_ft": 19.5, "right_sw_ft": 18.5}, "geometry": {"type": "LineString", "coordinates": [[-73.84694345892996, 40.88821812049182], [-73.84661339053163, 40.8881136568387]]}}, {"type": "Feature", "properties": {"segment_id": 817307, "physicalid": "57394", "street_name": "LACONIA AVE", "borough": "bronx", "direction": "TW", "total_row_ft": 111.1, "roadbed_ft": 60.6, "median_ft": 12.1, "left_sw_ft": 19.4, "right_sw_ft": 19.0}, "geometry": {"type": "LineString", "coordinates": [[-73.84691551815578, 40.888268753539826], [-73.84658517371105, 40.88816420250674]]}}, {"type": "Feature", "properties": {"segment_id": 817308, "physicalid": "57394", "street_name": "LACONIA AVE", "borough": "bronx", "direction": "TW", "total_row_ft": 111.4, "roadbed_ft": 60.2, "median_ft": 12.2, "left_sw_ft": 19.4, "right_sw_ft": 19.6}, "geometry": {"type": "LineString", "coordinates": [[-73.84688757733905, 40.88831938658062], [-73.84655650040473, 40.88821460370649]]}}, {"type": "Feature", "properties": {"segment_id": 817309, "physicalid": "57394", "street_name": "LACONIA AVE", "borough": "bronx", "direction": "TW", "total_row_ft": 99.4, "roadbed_ft": 59.8, "median_ft": 0.0, "left_sw_ft": 19.3, "right_sw_ft": 20.3}, "geometry": {"type": "LineString", "coordinates": [[-73.84685963631524, 40.88837001956208], [-73.84652782636188, 40.88826500467928]]}}, {"type": "Feature", "properties": {"segment_id": 817310, "physicalid": "57395", "street_name": "LACONIA AVE", "borough": "bronx", "direction": "TW", "total_row_ft": 135.0, "roadbed_ft": 99.9, "median_ft": 0.0, "left_sw_ft": 20.1, "right_sw_ft": 15.0}, "geometry": {"type": "LineString", "coordinates": [[-73.84683351021704, 40.888492479358234], [-73.84643353324871, 40.88836464348888]]}}, {"type": "Feature", "properties": {"segment_id": 817311, "physicalid": "57395", "street_name": "LACONIA AVE", "borough": "bronx", "direction": "TW", "total_row_ft": 80.8, "roadbed_ft": 60.4, "median_ft": 0.0, "left_sw_ft": 10.4, "right_sw_ft": 10.0}, "geometry": {"type": "LineString", "coordinates": [[-73.84674104802245, 40.88852249105255], [-73.8464717960658, 40.88843643594498]]}}, {"type": "Feature", "properties": {"segment_id": 817312, "physicalid": "57395", "street_name": "LACONIA AVE", "borough": "bronx", "direction": "TW", "total_row_ft": 80.7, "roadbed_ft": 60.2, "median_ft": 0.0, "left_sw_ft": 10.3, "right_sw_ft": 10.2}, "geometry": {"type": "LineString", "coordinates": [[-73.84671233371132, 40.888572876965554], [-73.84644320194997, 40.888486860260755]]}}, {"type": "Feature", "properties": {"segment_id": 817313, "physicalid": "57395", "street_name": "LACONIA AVE", "borough": "bronx", "direction": "TW", "total_row_ft": 80.8, "roadbed_ft": 60.1, "median_ft": 0.0, "left_sw_ft": 10.3, "right_sw_ft": 10.4}, "geometry": {"type": "LineString", "coordinates": [[-73.84668389733856, 40.88862335171581], [-73.84641460779078, 40.88853728456897]]}}, {"type": "Feature", "properties": {"segment_id": 817314, "physicalid": "57395", "street_name": "LACONIA AVE", "borough": "bronx", "direction": "TW", "total_row_ft": 80.8, "roadbed_ft": 60.0, "median_ft": 0.0, "left_sw_ft": 10.3, "right_sw_ft": 10.6}, "geometry": {"type": "LineString", "coordinates": [[-73.84665546092263, 40.88867382645859], [-73.84638601358819, 40.88858770886963]]}}, {"type": "Feature", "properties": {"segment_id": 817315, "physicalid": "57395", "street_name": "LACONIA AVE", "borough": "bronx", "direction": "TW", "total_row_ft": 80.9, "roadbed_ft": 59.8, "median_ft": 0.0, "left_sw_ft": 10.2, "right_sw_ft": 10.8}, "geometry": {"type": "LineString", "coordinates": [[-73.8466270246699, 40.888724301259856], [-73.84635741948824, 40.8886381332094]]}}, {"type": "Feature", "properties": {"segment_id": 817316, "physicalid": "57395", "street_name": "LACONIA AVE", "borough": "bronx", "direction": "TW", "total_row_ft": 115.1, "roadbed_ft": 89.9, "median_ft": 0.0, "left_sw_ft": 10.2, "right_sw_ft": 15.0}, "geometry": {"type": "LineString", "coordinates": [[-73.84659858837578, 40.888774776054206], [-73.84626508228114, 40.888668184602324]]}}, {"type": "Feature", "properties": {"segment_id": 817317, "physicalid": "57395", "street_name": "LACONIA AVE", "borough": "bronx", "direction": "TW", "total_row_ft": 80.3, "roadbed_ft": 59.6, "median_ft": 0.0, "left_sw_ft": 10.2, "right_sw_ft": 10.5}, "geometry": {"type": "LineString", "coordinates": [[-73.84657015165136, 40.8888252515282], [-73.84630263519524, 40.888739749402276]]}}, {"type": "Feature", "properties": {"segment_id": 817318, "physicalid": "57395", "street_name": "LACONIA AVE", "borough": "bronx", "direction": "TW", "total_row_ft": 79.5, "roadbed_ft": 59.5, "median_ft": 0.0, "left_sw_ft": 10.1, "right_sw_ft": 9.9}, "geometry": {"type": "LineString", "coordinates": [[-73.84654171527191, 40.88887572630577], [-73.84627662464864, 40.88879099950301]]}}, {"type": "Feature", "properties": {"segment_id": 817319, "physicalid": "57395", "street_name": "LACONIA AVE", "borough": "bronx", "direction": "TW", "total_row_ft": 79.3, "roadbed_ft": 59.3, "median_ft": 0.0, "left_sw_ft": 10.1, "right_sw_ft": 9.9}, "geometry": {"type": "LineString", "coordinates": [[-73.84651327884929, 40.88892620107582], [-73.846248888793, 40.888841698173806]]}}, {"type": "Feature", "properties": {"segment_id": 817320, "physicalid": "57395", "street_name": "LACONIA AVE", "borough": "bronx", "direction": "TW", "total_row_ft": 79.2, "roadbed_ft": 59.2, "median_ft": 0.0, "left_sw_ft": 10.1, "right_sw_ft": 9.9}, "geometry": {"type": "LineString", "coordinates": [[-73.84648484238349, 40.8889766758384], [-73.84622094684967, 40.88889233098201]]}}, {"type": "Feature", "properties": {"segment_id": 817321, "physicalid": "57395", "street_name": "LACONIA AVE", "borough": "bronx", "direction": "TW", "total_row_ft": 79.0, "roadbed_ft": 59.0, "median_ft": 0.0, "left_sw_ft": 10.0, "right_sw_ft": 10.0}, "geometry": {"type": "LineString", "coordinates": [[-73.84645640587448, 40.889027150593506], [-73.84619300486376, 40.88894296378296]]}}, {"type": "Feature", "properties": {"segment_id": 817322, "physicalid": "57395", "street_name": "LACONIA AVE", "borough": "bronx", "direction": "TW", "total_row_ft": 120.0, "roadbed_ft": 60.3, "median_ft": 0.0, "left_sw_ft": 29.8, "right_sw_ft": 30.0}, "geometry": {"type": "LineString", "coordinates": [[-73.84649660659504, 40.88909956268511], [-73.84609662776994, 40.888971723594075]]}}, {"type": "Feature", "properties": {"segment_id": 817323, "physicalid": "57396", "street_name": "LACONIA AVE", "borough": "bronx", "direction": "TW", "total_row_ft": 150.0, "roadbed_ft": 120.0, "median_ft": 0.0, "left_sw_ft": 15.0, "right_sw_ft": 15.0}, "geometry": {"type": "LineString", "coordinates": [[-73.84644085429629, 40.88920010080786], [-73.84604075186155, 40.889072483586936]]}}, {"type": "Feature", "properties": {"segment_id": 817324, "physicalid": "57396", "street_name": "LACONIA AVE", "borough": "bronx", "direction": "TW", "total_row_ft": 89.1, "roadbed_ft": 59.3, "median_ft": 10.7, "left_sw_ft": 9.8, "right_sw_ft": 9.3}, "geometry": {"type": "LineString", "coordinates": [[-73.8463442682579, 40.88922883890529], [-73.84608296392983, 40.88914549291089]]}}, {"type": "Feature", "properties": {"segment_id": 817325, "physicalid": "57396", "street_name": "LACONIA AVE", "borough": "bronx", "direction": "TW", "total_row_ft": 89.0, "roadbed_ft": 59.4, "median_ft": 10.8, "left_sw_ft": 9.7, "right_sw_ft": 9.1}, "geometry": {"type": "LineString", "coordinates": [[-73.84631587881502, 40.88927932895571], [-73.8460551132863, 40.889196154806775]]}}, {"type": "Feature", "properties": {"segment_id": 817326, "physicalid": "57396", "street_name": "LACONIA AVE", "borough": "bronx", "direction": "TW", "total_row_ft": 88.1, "roadbed_ft": 59.5, "median_ft": 10.1, "left_sw_ft": 9.6, "right_sw_ft": 9.0}, "geometry": {"type": "LineString", "coordinates": [[-73.84628748932904, 40.88932981899866], [-73.8460272626003, 40.88924681669549]]}}, {"type": "Feature", "properties": {"segment_id": 817327, "physicalid": "57396", "street_name": "LACONIA AVE", "borough": "bronx", "direction": "TW", "total_row_ft": 84.4, "roadbed_ft": 59.6, "median_ft": 6.4, "left_sw_ft": 9.4, "right_sw_ft": 8.9}, "geometry": {"type": "LineString", "coordinates": [[-73.84625909979997, 40.88938030903414], [-73.84599920124417, 40.88929741139457]]}}, {"type": "Feature", "properties": {"segment_id": 817328, "physicalid": "57396", "street_name": "LACONIA AVE", "borough": "bronx", "direction": "TW", "total_row_ft": 80.7, "roadbed_ft": 59.7, "median_ft": 2.8, "left_sw_ft": 9.3, "right_sw_ft": 8.9}, "geometry": {"type": "LineString", "coordinates": [[-73.84623071022773, 40.88943079906221], [-73.84597098160148, 40.88934795561237]]}}, {"type": "Feature", "properties": {"segment_id": 817329, "physicalid": "57396", "street_name": "LACONIA AVE", "borough": "bronx", "direction": "TW", "total_row_ft": 77.8, "roadbed_ft": 59.8, "median_ft": 0.0, "left_sw_ft": 9.1, "right_sw_ft": 8.9}, "geometry": {"type": "LineString", "coordinates": [[-73.84620232061239, 40.889481289082774], [-73.84594276191585, 40.889398499822825]]}}, {"type": "Feature", "properties": {"segment_id": 817330, "physicalid": "57396", "street_name": "LACONIA AVE", "borough": "bronx", "direction": "TW", "total_row_ft": 77.8, "roadbed_ft": 59.8, "median_ft": 0.0, "left_sw_ft": 9.0, "right_sw_ft": 9.0}, "geometry": {"type": "LineString", "coordinates": [[-73.84617393077679, 40.88953177903941], [-73.84591454217784, 40.889449044022854]]}}, {"type": "Feature", "properties": {"segment_id": 817331, "physicalid": "57396", "street_name": "LACONIA AVE", "borough": "bronx", "direction": "TW", "total_row_ft": 77.7, "roadbed_ft": 59.7, "median_ft": 0.0, "left_sw_ft": 8.9, "right_sw_ft": 9.2}, "geometry": {"type": "LineString", "coordinates": [[-73.8461455407905, 40.88958226895432], [-73.84588632206803, 40.88949958811061]]}}, {"type": "Feature", "properties": {"segment_id": 817332, "physicalid": "57396", "street_name": "LACONIA AVE", "borough": "bronx", "direction": "TW", "total_row_ft": 77.7, "roadbed_ft": 59.6, "median_ft": 0.0, "left_sw_ft": 8.7, "right_sw_ft": 9.4}, "geometry": {"type": "LineString", "coordinates": [[-73.84611715078024, 40.889632758867826], [-73.84585810191525, 40.889550132191]]}}, {"type": "Feature", "properties": {"segment_id": 817333, "physicalid": "57396", "street_name": "LACONIA AVE", "borough": "bronx", "direction": "TW", "total_row_ft": 115.8, "roadbed_ft": 60.1, "median_ft": 0.0, "left_sw_ft": 25.9, "right_sw_ft": 29.9}, "geometry": {"type": "LineString", "coordinates": [[-73.84614669525739, 40.88970172756732], [-73.84576047656351, 40.889578538537855]]}}, {"type": "Feature", "properties": {"segment_id": 817334, "physicalid": "57396", "street_name": "LACONIA AVE", "borough": "bronx", "direction": "TW", "total_row_ft": 150.0, "roadbed_ft": 120.0, "median_ft": 0.0, "left_sw_ft": 15.0, "right_sw_ft": 15.0}, "geometry": {"type": "LineString", "coordinates": [[-73.84613255399232, 40.88975676226922], [-73.845732448799, 40.88962914399292]]}}, {"type": "Feature", "properties": {"segment_id": 818761, "physicalid": "57480", "street_name": "E 226 ST", "borough": "bronx", "direction": "TF", "total_row_ft": 57.3, "roadbed_ft": 34.2, "median_ft": 0.0, "left_sw_ft": 11.8, "right_sw_ft": 11.3}, "geometry": {"type": "LineString", "coordinates": [[-73.84993596407051, 40.88536547124193], [-73.85001662924535, 40.885220599863]]}}, {"type": "Feature", "properties": {"segment_id": 818762, "physicalid": "57480", "street_name": "E 226 ST", "borough": "bronx", "direction": "TF", "total_row_ft": 57.1, "roadbed_ft": 34.2, "median_ft": 0.0, "left_sw_ft": 11.8, "right_sw_ft": 11.1}, "geometry": {"type": "LineString", "coordinates": [[-73.84986963273855, 40.885343575331866], [-73.84995000872634, 40.88519922357904]]}}, {"type": "Feature", "properties": {"segment_id": 818763, "physicalid": "57480", "street_name": "E 226 ST", "borough": "bronx", "direction": "TF", "total_row_ft": 56.9, "roadbed_ft": 34.2, "median_ft": 0.0, "left_sw_ft": 11.8, "right_sw_ft": 10.9}, "geometry": {"type": "LineString", "coordinates": [[-73.8498033014451, 40.88532167939286], [-73.84988338824914, 40.88517784725845]]}}, {"type": "Feature", "properties": {"segment_id": 818764, "physicalid": "57480", "street_name": "E 226 ST", "borough": "bronx", "direction": "TF", "total_row_ft": 56.7, "roadbed_ft": 34.2, "median_ft": 0.0, "left_sw_ft": 11.9, "right_sw_ft": 10.6}, "geometry": {"type": "LineString", "coordinates": [[-73.84973697023369, 40.88529978334683], [-73.84981676773577, 40.88515647104121]]}}, {"type": "Feature", "properties": {"segment_id": 818765, "physicalid": "57480", "street_name": "E 226 ST", "borough": "bronx", "direction": "TF", "total_row_ft": 56.5, "roadbed_ft": 34.2, "median_ft": 0.0, "left_sw_ft": 11.9, "right_sw_ft": 10.4}, "geometry": {"type": "LineString", "coordinates": [[-73.8496706390767, 40.88527788724324], [-73.84975014724482, 40.88513509482212]]}}, {"type": "Feature", "properties": {"segment_id": 818766, "physicalid": "57480", "street_name": "E 226 ST", "borough": "bronx", "direction": "TF", "total_row_ft": 56.3, "roadbed_ft": 34.1, "median_ft": 0.0, "left_sw_ft": 12.0, "right_sw_ft": 10.1}, "geometry": {"type": "LineString", "coordinates": [[-73.84960430796832, 40.885255991092656], [-73.84968352678236, 40.885113718590254]]}}, {"type": "Feature", "properties": {"segment_id": 818767, "physicalid": "57480", "street_name": "E 226 ST", "borough": "bronx", "direction": "TF", "total_row_ft": 53.3, "roadbed_ft": 34.2, "median_ft": 0.0, "left_sw_ft": 9.3, "right_sw_ft": 9.8}, "geometry": {"type": "LineString", "coordinates": [[-73.84953793098076, 40.88523417737844], [-73.84961302872411, 40.885099306342234]]}}, {"type": "Feature", "properties": {"segment_id": 818768, "physicalid": "57480", "street_name": "E 226 ST", "borough": "bronx", "direction": "TF", "total_row_ft": 53.2, "roadbed_ft": 34.2, "median_ft": 0.0, "left_sw_ft": 9.3, "right_sw_ft": 9.7}, "geometry": {"type": "LineString", "coordinates": [[-73.8494713105859, 40.8852128008473], [-73.84954626414257, 40.885078189003984]]}}, {"type": "Feature", "properties": {"segment_id": 818769, "physicalid": "57480", "street_name": "E 226 ST", "borough": "bronx", "direction": "TF", "total_row_ft": 56.4, "roadbed_ft": 34.3, "median_ft": 0.0, "left_sw_ft": 12.6, "right_sw_ft": 9.6}, "geometry": {"type": "LineString", "coordinates": [[-73.8494046903824, 40.885191424010884], [-73.8494841549034, 40.885048710998376]]}}, {"type": "Feature", "properties": {"segment_id": 818770, "physicalid": "57480", "street_name": "E 226 ST", "borough": "bronx", "direction": "TF", "total_row_ft": 56.4, "roadbed_ft": 34.3, "median_ft": 0.0, "left_sw_ft": 12.7, "right_sw_ft": 9.5}, "geometry": {"type": "LineString", "coordinates": [[-73.84933807022175, 40.885170047135944], [-73.84941751332006, 40.88502737285343]]}}, {"type": "Feature", "properties": {"segment_id": 818771, "physicalid": "57480", "street_name": "E 226 ST", "borough": "bronx", "direction": "TF", "total_row_ft": 56.4, "roadbed_ft": 34.3, "median_ft": 0.0, "left_sw_ft": 12.7, "right_sw_ft": 9.4}, "geometry": {"type": "LineString", "coordinates": [[-73.84927145017869, 40.885148670088256], [-73.84935087195248, 40.885006034359236]]}}, {"type": "Feature", "properties": {"segment_id": 818772, "physicalid": "57480", "street_name": "E 226 ST", "borough": "bronx", "direction": "TF", "total_row_ft": 56.4, "roadbed_ft": 34.4, "median_ft": 0.0, "left_sw_ft": 12.8, "right_sw_ft": 9.2}, "geometry": {"type": "LineString", "coordinates": [[-73.84920483016725, 40.88512729302214], [-73.8492842306942, 40.88498469570708]]}}, {"type": "Feature", "properties": {"segment_id": 818773, "physicalid": "57480", "street_name": "E 226 ST", "borough": "bronx", "direction": "TF", "total_row_ft": 56.4, "roadbed_ft": 34.5, "median_ft": 0.0, "left_sw_ft": 12.8, "right_sw_ft": 9.1}, "geometry": {"type": "LineString", "coordinates": [[-73.84913821012513, 40.88510591604951], [-73.84921758942174, 40.884963357118636]]}}, {"type": "Feature", "properties": {"segment_id": 818774, "physicalid": "57480", "street_name": "E 226 ST", "borough": "bronx", "direction": "TF", "total_row_ft": 56.4, "roadbed_ft": 34.8, "median_ft": 0.0, "left_sw_ft": 12.5, "right_sw_ft": 9.0}, "geometry": {"type": "LineString", "coordinates": [[-73.84907159014281, 40.88508453900792], [-73.84915094821474, 40.88494201845088]]}}, {"type": "Feature", "properties": {"segment_id": 818775, "physicalid": "57480", "street_name": "E 226 ST", "borough": "bronx", "direction": "TF", "total_row_ft": 56.4, "roadbed_ft": 35.3, "median_ft": 0.0, "left_sw_ft": 12.3, "right_sw_ft": 8.8}, "geometry": {"type": "LineString", "coordinates": [[-73.84900497021907, 40.88506316189955], [-73.8490843070874, 40.88492067967835]]}}, {"type": "Feature", "properties": {"segment_id": 818776, "physicalid": "57480", "street_name": "E 226 ST", "borough": "bronx", "direction": "TF", "total_row_ft": 88.3, "roadbed_ft": 35.7, "median_ft": 0.0, "left_sw_ft": 44.0, "right_sw_ft": 8.6}, "geometry": {"type": "LineString", "coordinates": [[-73.84893835032995, 40.88504178476742], [-73.84906264387135, 40.884818564315225]]}}, {"type": "Feature", "properties": {"segment_id": 818777, "physicalid": "57480", "street_name": "E 226 ST", "borough": "bronx", "direction": "TF", "total_row_ft": 135.0, "roadbed_ft": 113.2, "median_ft": 0.0, "left_sw_ft": 15.0, "right_sw_ft": 6.8}, "geometry": {"type": "LineString", "coordinates": [[-73.8488270880254, 40.88510058104659], [-73.8489960191214, 40.884797196351904]]}}, {"type": "Feature", "properties": {"segment_id": 820193, "physicalid": "57570", "street_name": "E 224 ST", "borough": "bronx", "direction": "TF", "total_row_ft": 47.7, "roadbed_ft": 34.3, "median_ft": 0.0, "left_sw_ft": 6.5, "right_sw_ft": 6.8}, "geometry": {"type": "LineString", "coordinates": [[-73.84995393235576, 40.88369879979232], [-73.85002086216078, 40.88357819123571]]}}, {"type": "Feature", "properties": {"segment_id": 820194, "physicalid": "57570", "street_name": "E 224 ST", "borough": "bronx", "direction": "TF", "total_row_ft": 49.6, "roadbed_ft": 34.8, "median_ft": 0.0, "left_sw_ft": 8.2, "right_sw_ft": 6.6}, "geometry": {"type": "LineString", "coordinates": [[-73.84988714261313, 40.88367773106202], [-73.84995674110375, 40.88355231370939]]}}, {"type": "Feature", "properties": {"segment_id": 820195, "physicalid": "57570", "street_name": "E 224 ST", "borough": "bronx", "direction": "TF", "total_row_ft": 120.0, "roadbed_ft": 37.0, "median_ft": 0.0, "left_sw_ft": 41.3, "right_sw_ft": 41.7}, "geometry": {"type": "LineString", "coordinates": [[-73.84977079109602, 40.88374597283079], [-73.8499392360305, 40.88344243349919]]}}, {"type": "Feature", "properties": {"segment_id": 820196, "physicalid": "57570", "street_name": "E 224 ST", "borough": "bronx", "direction": "TF", "total_row_ft": 150.0, "roadbed_ft": 120.0, "median_ft": 0.0, "left_sw_ft": 15.0, "right_sw_ft": 15.0}, "geometry": {"type": "LineString", "coordinates": [[-73.84970413355468, 40.88372466578759], [-73.8498725787395, 40.883421126552086]]}}, {"type": "Feature", "properties": {"segment_id": 821142, "physicalid": "57634", "street_name": "PAULDING AVE", "borough": "bronx", "direction": "TW", "total_row_ft": 58.2, "roadbed_ft": 41.6, "median_ft": 0.0, "left_sw_ft": 7.0, "right_sw_ft": 9.6}, "geometry": {"type": "LineString", "coordinates": [[-73.85009260655067, 40.88840433962738], [-73.84989853385378, 40.88834233793264]]}}, {"type": "Feature", "properties": {"segment_id": 821143, "physicalid": "57634", "street_name": "PAULDING AVE", "borough": "bronx", "direction": "TW", "total_row_ft": 58.5, "roadbed_ft": 41.6, "median_ft": 0.0, "left_sw_ft": 7.0, "right_sw_ft": 9.8}, "geometry": {"type": "LineString", "coordinates": [[-73.85006455318121, 40.88845493676466], [-73.84986966404962, 40.88839267422943]]}}, {"type": "Feature", "properties": {"segment_id": 821144, "physicalid": "57634", "street_name": "PAULDING AVE", "borough": "bronx", "direction": "TW", "total_row_ft": 58.7, "roadbed_ft": 41.6, "median_ft": 0.0, "left_sw_ft": 7.0, "right_sw_ft": 10.1}, "geometry": {"type": "LineString", "coordinates": [[-73.8500364996771, 40.88850553386531], [-73.84984079420177, 40.88844301051849]]}}, {"type": "Feature", "properties": {"segment_id": 821145, "physicalid": "57634", "street_name": "PAULDING AVE", "borough": "bronx", "direction": "TW", "total_row_ft": 120.0, "roadbed_ft": 42.9, "median_ft": 0.0, "left_sw_ft": 38.2, "right_sw_ft": 38.9}, "geometry": {"type": "LineString", "coordinates": [[-73.85011383415998, 40.88858979980034], [-73.84971383193742, 40.88846200839441]]}}, {"type": "Feature", "properties": {"segment_id": 821146, "physicalid": "57635", "street_name": "PAULDING AVE", "borough": "bronx", "direction": "TW", "total_row_ft": 150.0, "roadbed_ft": 120.0, "median_ft": 0.0, "left_sw_ft": 15.0, "right_sw_ft": 15.0}, "geometry": {"type": "LineString", "coordinates": [[-73.850059250993, 40.888688296092], [-73.84965909212734, 40.888560786365375]]}}, {"type": "Feature", "properties": {"segment_id": 821147, "physicalid": "57635", "street_name": "PAULDING AVE", "borough": "bronx", "direction": "TW", "total_row_ft": 61.6, "roadbed_ft": 42.3, "median_ft": 0.0, "left_sw_ft": 11.3, "right_sw_ft": 8.0}, "geometry": {"type": "LineString", "coordinates": [[-73.84993791285773, 40.88870916846325], [-73.84973237212913, 40.88864367337168]]}}, {"type": "Feature", "properties": {"segment_id": 821148, "physicalid": "57635", "street_name": "PAULDING AVE", "borough": "bronx", "direction": "TW", "total_row_ft": 61.1, "roadbed_ft": 42.7, "median_ft": 0.0, "left_sw_ft": 10.5, "right_sw_ft": 7.9}, "geometry": {"type": "LineString", "coordinates": [[-73.84990788569093, 40.88875913671079], [-73.84970424359798, 40.88869424660456]]}}, {"type": "Feature", "properties": {"segment_id": 821149, "physicalid": "57635", "street_name": "PAULDING AVE", "borough": "bronx", "direction": "TW", "total_row_ft": 60.5, "roadbed_ft": 42.9, "median_ft": 0.0, "left_sw_ft": 9.7, "right_sw_ft": 7.9}, "geometry": {"type": "LineString", "coordinates": [[-73.84987785867048, 40.88880910501108], [-73.84967611502404, 40.88874481983008]]}}, {"type": "Feature", "properties": {"segment_id": 821150, "physicalid": "57635", "street_name": "PAULDING AVE", "borough": "bronx", "direction": "TW", "total_row_ft": 59.9, "roadbed_ft": 42.9, "median_ft": 0.0, "left_sw_ft": 9.0, "right_sw_ft": 8.1}, "geometry": {"type": "LineString", "coordinates": [[-73.84984783163898, 40.88885907331396], [-73.84964798640729, 40.88879539304829]]}}, {"type": "Feature", "properties": {"segment_id": 821151, "physicalid": "57635", "street_name": "PAULDING AVE", "borough": "bronx", "direction": "TW", "total_row_ft": 59.4, "roadbed_ft": 42.9, "median_ft": 0.0, "left_sw_ft": 8.2, "right_sw_ft": 8.2}, "geometry": {"type": "LineString", "coordinates": [[-73.84981780459132, 40.88890904161781], [-73.84961985774775, 40.88884596625917]]}}, {"type": "Feature", "properties": {"segment_id": 821152, "physicalid": "57635", "street_name": "PAULDING AVE", "borough": "bronx", "direction": "TW", "total_row_ft": 58.8, "roadbed_ft": 42.9, "median_ft": 0.0, "left_sw_ft": 7.5, "right_sw_ft": 8.3}, "geometry": {"type": "LineString", "coordinates": [[-73.84978777743846, 40.88895900989421], [-73.84959172904541, 40.8888965394627]]}}, {"type": "Feature", "properties": {"segment_id": 821153, "physicalid": "57635", "street_name": "PAULDING AVE", "borough": "bronx", "direction": "TW", "total_row_ft": 58.2, "roadbed_ft": 43.0, "median_ft": 0.0, "left_sw_ft": 6.8, "right_sw_ft": 8.4}, "geometry": {"type": "LineString", "coordinates": [[-73.84975775022804, 40.88900897815843], [-73.84956360042833, 40.88894711269971]]}}, {"type": "Feature", "properties": {"segment_id": 821154, "physicalid": "57635", "street_name": "PAULDING AVE", "borough": "bronx", "direction": "TW", "total_row_ft": 57.8, "roadbed_ft": 43.0, "median_ft": 0.0, "left_sw_ft": 6.2, "right_sw_ft": 8.6}, "geometry": {"type": "LineString", "coordinates": [[-73.84972814762425, 40.88905908172833], [-73.84953547187094, 40.88899768596207]]}}, {"type": "Feature", "properties": {"segment_id": 821155, "physicalid": "57635", "street_name": "PAULDING AVE", "borough": "bronx", "direction": "TW", "total_row_ft": 58.0, "roadbed_ft": 43.0, "median_ft": 0.0, "left_sw_ft": 6.3, "right_sw_ft": 8.7}, "geometry": {"type": "LineString", "coordinates": [[-73.84970074864208, 40.889109887481894], [-73.84950734327076, 40.88904825921709]]}}, {"type": "Feature", "properties": {"segment_id": 821156, "physicalid": "57635", "street_name": "PAULDING AVE", "borough": "bronx", "direction": "TW", "total_row_ft": 58.1, "roadbed_ft": 43.0, "median_ft": 0.0, "left_sw_ft": 6.4, "right_sw_ft": 8.7}, "geometry": {"type": "LineString", "coordinates": [[-73.84967334960413, 40.88916069322406], [-73.84947969390281, 40.88909898518546]]}}, {"type": "Feature", "properties": {"segment_id": 821157, "physicalid": "57635", "street_name": "PAULDING AVE", "borough": "bronx", "direction": "TW", "total_row_ft": 58.1, "roadbed_ft": 43.1, "median_ft": 0.0, "left_sw_ft": 6.4, "right_sw_ft": 8.7}, "geometry": {"type": "LineString", "coordinates": [[-73.8496459501369, 40.889211498835806], [-73.84945205552451, 40.889149714662004]]}}, {"type": "Feature", "properties": {"segment_id": 821158, "physicalid": "57635", "street_name": "PAULDING AVE", "borough": "bronx", "direction": "TW", "total_row_ft": 60.3, "roadbed_ft": 43.2, "median_ft": 0.0, "left_sw_ft": 7.0, "right_sw_ft": 10.1}, "geometry": {"type": "LineString", "coordinates": [[-73.84962029554218, 40.88926286045249], [-73.84941907005906, 40.88919874029863]]}}, {"type": "Feature", "properties": {"segment_id": 821159, "physicalid": "57636", "street_name": "PAULDING AVE", "borough": "bronx", "direction": "TW", "total_row_ft": 150.0, "roadbed_ft": 120.0, "median_ft": 0.0, "left_sw_ft": 15.0, "right_sw_ft": 15.0}, "geometry": {"type": "LineString", "coordinates": [[-73.84966725415917, 40.88939675666185], [-73.84926713554275, 40.88926916652907]]}}, {"type": "Feature", "properties": {"segment_id": 821160, "physicalid": "57636", "street_name": "PAULDING AVE", "borough": "bronx", "direction": "TW", "total_row_ft": 56.9, "roadbed_ft": 42.9, "median_ft": 0.0, "left_sw_ft": 6.9, "right_sw_ft": 7.1}, "geometry": {"type": "LineString", "coordinates": [[-73.84953263180422, 40.88941337130873], [-73.8493428200941, 40.88935284399352]]}}, {"type": "Feature", "properties": {"segment_id": 821161, "physicalid": "57636", "street_name": "PAULDING AVE", "borough": "bronx", "direction": "TW", "total_row_ft": 56.7, "roadbed_ft": 42.4, "median_ft": 0.0, "left_sw_ft": 7.4, "right_sw_ft": 6.9}, "geometry": {"type": "LineString", "coordinates": [[-73.8495059503671, 40.889464406059915], [-73.84931679191254, 40.889404087051545]]}}, {"type": "Feature", "properties": {"segment_id": 821162, "physicalid": "57636", "street_name": "PAULDING AVE", "borough": "bronx", "direction": "TW", "total_row_ft": 56.8, "roadbed_ft": 41.9, "median_ft": 0.0, "left_sw_ft": 7.7, "right_sw_ft": 7.2}, "geometry": {"type": "LineString", "coordinates": [[-73.84947872362169, 40.889515266929756], [-73.84928921499608, 40.88945483625233]]}}, {"type": "Feature", "properties": {"segment_id": 821163, "physicalid": "57636", "street_name": "PAULDING AVE", "borough": "bronx", "direction": "TW", "total_row_ft": 56.7, "roadbed_ft": 41.5, "median_ft": 0.0, "left_sw_ft": 7.8, "right_sw_ft": 7.5}, "geometry": {"type": "LineString", "coordinates": [[-73.84945069585959, 40.8895658723779], [-73.84926161172747, 40.889505577056305]]}}, {"type": "Feature", "properties": {"segment_id": 821164, "physicalid": "57636", "street_name": "PAULDING AVE", "borough": "bronx", "direction": "TW", "total_row_ft": 56.6, "roadbed_ft": 41.4, "median_ft": 0.0, "left_sw_ft": 7.8, "right_sw_ft": 7.4}, "geometry": {"type": "LineString", "coordinates": [[-73.84942266805479, 40.88961647781877], [-73.84923400821606, 40.88955631778917]]}}, {"type": "Feature", "properties": {"segment_id": 821165, "physicalid": "57636", "street_name": "PAULDING AVE", "borough": "bronx", "direction": "TW", "total_row_ft": 56.5, "roadbed_ft": 41.3, "median_ft": 0.0, "left_sw_ft": 7.9, "right_sw_ft": 7.3}, "geometry": {"type": "LineString", "coordinates": [[-73.84939464020734, 40.88966708325237], [-73.84920640466252, 40.88960705851497]]}}, {"type": "Feature", "properties": {"segment_id": 821166, "physicalid": "57636", "street_name": "PAULDING AVE", "borough": "bronx", "direction": "TW", "total_row_ft": 56.3, "roadbed_ft": 41.2, "median_ft": 0.0, "left_sw_ft": 7.9, "right_sw_ft": 7.2}, "geometry": {"type": "LineString", "coordinates": [[-73.8493666123172, 40.88971768867869], [-73.84917880106684, 40.88965779923369]]}}, {"type": "Feature", "properties": {"segment_id": 821167, "physicalid": "57636", "street_name": "PAULDING AVE", "borough": "bronx", "direction": "TW", "total_row_ft": 56.2, "roadbed_ft": 41.1, "median_ft": 0.0, "left_sw_ft": 8.0, "right_sw_ft": 7.1}, "geometry": {"type": "LineString", "coordinates": [[-73.84933858438438, 40.889768294097706], [-73.84915119742901, 40.88970853994531]]}}, {"type": "Feature", "properties": {"segment_id": 821168, "physicalid": "57636", "street_name": "PAULDING AVE", "borough": "bronx", "direction": "TW", "total_row_ft": 56.1, "roadbed_ft": 41.1, "median_ft": 0.0, "left_sw_ft": 8.1, "right_sw_ft": 7.0}, "geometry": {"type": "LineString", "coordinates": [[-73.8493105564089, 40.889818899509464], [-73.84912359374906, 40.88975928064989]]}}, {"type": "Feature", "properties": {"segment_id": 821169, "physicalid": "57636", "street_name": "PAULDING AVE", "borough": "bronx", "direction": "TW", "total_row_ft": 55.9, "roadbed_ft": 41.0, "median_ft": 0.0, "left_sw_ft": 8.1, "right_sw_ft": 6.8}, "geometry": {"type": "LineString", "coordinates": [[-73.84928252839073, 40.88986950491394], [-73.84909599002695, 40.88981002134736]]}}, {"type": "Feature", "properties": {"segment_id": 821170, "physicalid": "57636", "street_name": "PAULDING AVE", "borough": "bronx", "direction": "TW", "total_row_ft": 55.8, "roadbed_ft": 40.9, "median_ft": 0.0, "left_sw_ft": 8.2, "right_sw_ft": 6.7}, "geometry": {"type": "LineString", "coordinates": [[-73.8492545003299, 40.88992011031111], [-73.84906838626272, 40.88986076203777]]}}, {"type": "Feature", "properties": {"segment_id": 821171, "physicalid": "57636", "street_name": "PAULDING AVE", "borough": "bronx", "direction": "TW", "total_row_ft": 90.1, "roadbed_ft": 42.5, "median_ft": 0.0, "left_sw_ft": 38.1, "right_sw_ft": 9.5}, "geometry": {"type": "LineString", "coordinates": [[-73.84933099668132, 40.8900040464084], [-73.84903056801059, 40.88990824551443]]}}, {"type": "Feature", "properties": {"segment_id": 822219, "physicalid": "57690", "street_name": "E 221 ST", "borough": "bronx", "direction": "TW", "total_row_ft": 49.4, "roadbed_ft": 34.6, "median_ft": 0.0, "left_sw_ft": 8.5, "right_sw_ft": 6.2}, "geometry": {"type": "LineString", "coordinates": [[-73.84989076221999, 40.88105377103872], [-73.85000862855445, 40.880952038602786]]}}, {"type": "Feature", "properties": {"segment_id": 822220, "physicalid": "57690", "street_name": "E 221 ST", "borough": "bronx", "direction": "TW", "total_row_ft": 73.4, "roadbed_ft": 36.3, "median_ft": 0.0, "left_sw_ft": 8.6, "right_sw_ft": 28.5}, "geometry": {"type": "LineString", "coordinates": [[-73.84983369104704, 40.88101990223432], [-73.8500090264759, 40.88086856721013]]}}, {"type": "Feature", "properties": {"segment_id": 822221, "physicalid": "57691", "street_name": "E 221 ST", "borough": "bronx", "direction": "TW", "total_row_ft": 54.5, "roadbed_ft": 33.8, "median_ft": 0.0, "left_sw_ft": 8.9, "right_sw_ft": 11.8}, "geometry": {"type": "LineString", "coordinates": [[-73.84971222331211, 40.88094781717452], [-73.84983503851383, 40.88083099839221]]}}, {"type": "Feature", "properties": {"segment_id": 822222, "physicalid": "57691", "street_name": "E 221 ST", "borough": "bronx", "direction": "TW", "total_row_ft": 49.8, "roadbed_ft": 32.9, "median_ft": 0.0, "left_sw_ft": 8.9, "right_sw_ft": 7.9}, "geometry": {"type": "LineString", "coordinates": [[-73.84965524446477, 40.880914002964104], [-73.8497675346025, 40.88080719547111]]}}, {"type": "Feature", "properties": {"segment_id": 822223, "physicalid": "57691", "street_name": "E 221 ST", "borough": "bronx", "direction": "TW", "total_row_ft": 50.1, "roadbed_ft": 33.3, "median_ft": 0.0, "left_sw_ft": 8.8, "right_sw_ft": 8.1}, "geometry": {"type": "LineString", "coordinates": [[-73.84959826567538, 40.88088018872531], [-73.84971125306893, 40.88077271810717]]}}, {"type": "Feature", "properties": {"segment_id": 822224, "physicalid": "57691", "street_name": "E 221 ST", "borough": "bronx", "direction": "TW", "total_row_ft": 50.4, "roadbed_ft": 33.6, "median_ft": 0.0, "left_sw_ft": 8.6, "right_sw_ft": 8.2}, "geometry": {"type": "LineString", "coordinates": [[-73.84954128694393, 40.88084637445818], [-73.84965497159376, 40.88073824071555]]}}, {"type": "Feature", "properties": {"segment_id": 822225, "physicalid": "57691", "street_name": "E 221 ST", "borough": "bronx", "direction": "TW", "total_row_ft": 50.7, "roadbed_ft": 33.9, "median_ft": 0.0, "left_sw_ft": 8.4, "right_sw_ft": 8.4}, "geometry": {"type": "LineString", "coordinates": [[-73.84948430827046, 40.880812560162724], [-73.84959869017695, 40.88070376329624]]}}, {"type": "Feature", "properties": {"segment_id": 822226, "physicalid": "57691", "street_name": "E 221 ST", "borough": "bronx", "direction": "TW", "total_row_ft": 51.0, "roadbed_ft": 33.9, "median_ft": 0.0, "left_sw_ft": 8.6, "right_sw_ft": 8.5}, "geometry": {"type": "LineString", "coordinates": [[-73.84942732965496, 40.88077874583892], [-73.84954240882234, 40.880669285845634]]}}, {"type": "Feature", "properties": {"segment_id": 822227, "physicalid": "57691", "street_name": "E 221 ST", "borough": "bronx", "direction": "TW", "total_row_ft": 51.3, "roadbed_ft": 33.8, "median_ft": 0.0, "left_sw_ft": 8.9, "right_sw_ft": 8.7}, "geometry": {"type": "LineString", "coordinates": [[-73.84937035112833, 40.88074493145735], [-73.8494861275462, 40.880634808348276]]}}, {"type": "Feature", "properties": {"segment_id": 822228, "physicalid": "57691", "street_name": "E 221 ST", "borough": "bronx", "direction": "TW", "total_row_ft": 51.9, "roadbed_ft": 33.7, "median_ft": 0.0, "left_sw_ft": 9.4, "right_sw_ft": 8.8}, "geometry": {"type": "LineString", "coordinates": [[-73.84931284467183, 40.88071161925238], [-73.84942984632842, 40.88060033082325]]}}, {"type": "Feature", "properties": {"segment_id": 822229, "physicalid": "57691", "street_name": "E 221 ST", "borough": "bronx", "direction": "TW", "total_row_ft": 52.5, "roadbed_ft": 33.6, "median_ft": 0.0, "left_sw_ft": 9.9, "right_sw_ft": 8.9}, "geometry": {"type": "LineString", "coordinates": [[-73.84925524221548, 40.88067839838523], [-73.84937356516899, 40.88056585327055]]}}, {"type": "Feature", "properties": {"segment_id": 822230, "physicalid": "57691", "street_name": "E 221 ST", "borough": "bronx", "direction": "TW", "total_row_ft": 52.4, "roadbed_ft": 33.7, "median_ft": 0.0, "left_sw_ft": 9.6, "right_sw_ft": 9.1}, "geometry": {"type": "LineString", "coordinates": [[-73.8491991645728, 40.88064372719296], [-73.84931728406795, 40.880531375690204]]}}, {"type": "Feature", "properties": {"segment_id": 822231, "physicalid": "57691", "street_name": "E 221 ST", "borough": "bronx", "direction": "TW", "total_row_ft": 52.1, "roadbed_ft": 34.0, "median_ft": 0.0, "left_sw_ft": 8.9, "right_sw_ft": 9.2}, "geometry": {"type": "LineString", "coordinates": [[-73.84914343815838, 40.880608721952704], [-73.84926100302528, 40.880496898082164]]}}, {"type": "Feature", "properties": {"segment_id": 822232, "physicalid": "57691", "street_name": "E 221 ST", "borough": "bronx", "direction": "TW", "total_row_ft": 71.9, "roadbed_ft": 35.9, "median_ft": 0.0, "left_sw_ft": 8.2, "right_sw_ft": 27.9}, "geometry": {"type": "LineString", "coordinates": [[-73.84908771180264, 40.88057371668531], [-73.84924991925665, 40.88041943022925]]}}, {"type": "Feature", "properties": {"segment_id": 822233, "physicalid": "57692", "street_name": "E 221 ST", "borough": "bronx", "direction": "TW", "total_row_ft": 118.9, "roadbed_ft": 78.2, "median_ft": 0.0, "left_sw_ft": 15.0, "right_sw_ft": 25.7}, "geometry": {"type": "LineString", "coordinates": [[-73.84886711392741, 40.880560323173945], [-73.84910983831615, 40.88034265832946]]}}, {"type": "Feature", "properties": {"segment_id": 822234, "physicalid": "57692", "street_name": "E 221 ST", "borough": "bronx", "direction": "TW", "total_row_ft": 81.6, "roadbed_ft": 33.6, "median_ft": 0.0, "left_sw_ft": 38.7, "right_sw_ft": 9.3}, "geometry": {"type": "LineString", "coordinates": [[-73.84882005124271, 40.88051755718218], [-73.84901064201254, 40.88034664377496]]}}, {"type": "Feature", "properties": {"segment_id": 822235, "physicalid": "57692", "street_name": "E 221 ST", "borough": "bronx", "direction": "TW", "total_row_ft": 51.3, "roadbed_ft": 32.7, "median_ft": 0.0, "left_sw_ft": 9.7, "right_sw_ft": 8.8}, "geometry": {"type": "LineString", "coordinates": [[-73.84883437538409, 40.88041974237855], [-73.84895416293378, 40.880312322124745]]}}, {"type": "Feature", "properties": {"segment_id": 822236, "physicalid": "57692", "street_name": "E 221 ST", "borough": "bronx", "direction": "TW", "total_row_ft": 50.6, "roadbed_ft": 32.7, "median_ft": 0.0, "left_sw_ft": 9.6, "right_sw_ft": 8.4}, "geometry": {"type": "LineString", "coordinates": [[-73.84877942794871, 40.88038404716147], [-73.84889768390454, 40.88027800045463]]}}, {"type": "Feature", "properties": {"segment_id": 822237, "physicalid": "57692", "street_name": "E 221 ST", "borough": "bronx", "direction": "TW", "total_row_ft": 50.0, "roadbed_ft": 32.6, "median_ft": 0.0, "left_sw_ft": 9.5, "right_sw_ft": 7.9}, "geometry": {"type": "LineString", "coordinates": [[-73.84872448057236, 40.880348351917995], [-73.8488412046458, 40.88024367901469]]}}, {"type": "Feature", "properties": {"segment_id": 822238, "physicalid": "57692", "street_name": "E 221 ST", "borough": "bronx", "direction": "TW", "total_row_ft": 49.5, "roadbed_ft": 32.5, "median_ft": 0.0, "left_sw_ft": 9.4, "right_sw_ft": 7.6}, "geometry": {"type": "LineString", "coordinates": [[-73.848669533255, 40.880312656648144], [-73.84878513111681, 40.88020899375848]]}}, {"type": "Feature", "properties": {"segment_id": 822239, "physicalid": "57692", "street_name": "E 221 ST", "borough": "bronx", "direction": "TW", "total_row_ft": 49.6, "roadbed_ft": 32.4, "median_ft": 0.0, "left_sw_ft": 9.3, "right_sw_ft": 7.9}, "geometry": {"type": "LineString", "coordinates": [[-73.84861458599666, 40.880276961351896], [-73.84873053137947, 40.88017298689635]]}}, {"type": "Feature", "properties": {"segment_id": 822240, "physicalid": "57692", "street_name": "E 221 ST", "borough": "bronx", "direction": "TW", "total_row_ft": 49.8, "roadbed_ft": 32.3, "median_ft": 0.0, "left_sw_ft": 9.2, "right_sw_ft": 8.2}, "geometry": {"type": "LineString", "coordinates": [[-73.84855963879731, 40.88024126602924], [-73.84867593170127, 40.88013698000811]]}}, {"type": "Feature", "properties": {"segment_id": 822241, "physicalid": "57692", "street_name": "E 221 ST", "borough": "bronx", "direction": "TW", "total_row_ft": 50.0, "roadbed_ft": 32.2, "median_ft": 0.0, "left_sw_ft": 9.2, "right_sw_ft": 8.6}, "geometry": {"type": "LineString", "coordinates": [[-73.84850441243209, 40.88020582107527], [-73.84862133208219, 40.88010097309384]]}}, {"type": "Feature", "properties": {"segment_id": 822242, "physicalid": "57692", "street_name": "E 221 ST", "borough": "bronx", "direction": "TW", "total_row_ft": 50.6, "roadbed_ft": 32.2, "median_ft": 0.0, "left_sw_ft": 9.5, "right_sw_ft": 8.9}, "geometry": {"type": "LineString", "coordinates": [[-73.84844858129347, 40.88017091847786], [-73.84856673252229, 40.88006496615348]]}}, {"type": "Feature", "properties": {"segment_id": 822243, "physicalid": "57692", "street_name": "E 221 ST", "borough": "bronx", "direction": "TW", "total_row_ft": 51.1, "roadbed_ft": 32.4, "median_ft": 0.0, "left_sw_ft": 9.5, "right_sw_ft": 9.2}, "geometry": {"type": "LineString", "coordinates": [[-73.84839275021348, 40.88013601585325], [-73.84851213302149, 40.88002895918705]]}}, {"type": "Feature", "properties": {"segment_id": 822244, "physicalid": "57692", "street_name": "E 221 ST", "borough": "bronx", "direction": "TW", "total_row_ft": 54.5, "roadbed_ft": 40.3, "median_ft": 0.0, "left_sw_ft": 9.5, "right_sw_ft": 4.7}, "geometry": {"type": "LineString", "coordinates": [[-73.8483369191921, 40.88010111320138], [-73.84846418607233, 40.879986986554954]]}}, {"type": "Feature", "properties": {"segment_id": 834805, "physicalid": "58505", "street_name": "E 232 ST", "borough": "bronx", "direction": "TF", "total_row_ft": 150.0, "roadbed_ft": 120.0, "median_ft": 0.0, "left_sw_ft": 15.0, "right_sw_ft": 15.0}, "geometry": {"type": "LineString", "coordinates": [[-73.84896331654421, 40.89013695290343], [-73.8491312038826, 40.889833230904905]]}}, {"type": "Feature", "properties": {"segment_id": 834806, "physicalid": "58505", "street_name": "E 232 ST", "borough": "bronx", "direction": "TF", "total_row_ft": 45.7, "roadbed_ft": 34.1, "median_ft": 0.0, "left_sw_ft": 6.3, "right_sw_ft": 5.4}, "geometry": {"type": "LineString", "coordinates": [[-73.84894857107233, 40.8900217214386], [-73.84901252603288, 40.889906021866324]]}}, {"type": "Feature", "properties": {"segment_id": 834807, "physicalid": "58505", "street_name": "E 232 ST", "borough": "bronx", "direction": "TF", "total_row_ft": 46.4, "roadbed_ft": 34.1, "median_ft": 0.0, "left_sw_ft": 6.8, "right_sw_ft": 5.5}, "geometry": {"type": "LineString", "coordinates": [[-73.84888162796668, 40.89000091949637], [-73.84894653864444, 40.88988349116728]]}}, {"type": "Feature", "properties": {"segment_id": 834808, "physicalid": "58505", "street_name": "E 232 ST", "borough": "bronx", "direction": "TF", "total_row_ft": 47.1, "roadbed_ft": 34.1, "median_ft": 0.0, "left_sw_ft": 7.3, "right_sw_ft": 5.7}, "geometry": {"type": "LineString", "coordinates": [[-73.84881468492812, 40.88998011746974], [-73.84888054975558, 40.889860963225715]]}}, {"type": "Feature", "properties": {"segment_id": 834809, "physicalid": "58505", "street_name": "E 232 ST", "borough": "bronx", "direction": "TF", "total_row_ft": 47.8, "roadbed_ft": 34.1, "median_ft": 0.0, "left_sw_ft": 7.8, "right_sw_ft": 5.8}, "geometry": {"type": "LineString", "coordinates": [[-73.848747741936, 40.88995931539593], [-73.84881456083998, 40.88983843537562]]}}, {"type": "Feature", "properties": {"segment_id": 834810, "physicalid": "58505", "street_name": "E 232 ST", "borough": "bronx", "direction": "TF", "total_row_ft": 48.4, "roadbed_ft": 34.2, "median_ft": 0.0, "left_sw_ft": 8.3, "right_sw_ft": 6.0}, "geometry": {"type": "LineString", "coordinates": [[-73.84868079898578, 40.88993851328322], [-73.8487485719691, 40.889815907487716]]}}, {"type": "Feature", "properties": {"segment_id": 834811, "physicalid": "58505", "street_name": "E 232 ST", "borough": "bronx", "direction": "TF", "total_row_ft": 49.1, "roadbed_ft": 34.2, "median_ft": 0.0, "left_sw_ft": 8.8, "right_sw_ft": 6.1}, "geometry": {"type": "LineString", "coordinates": [[-73.84861385604658, 40.889917711187465], [-73.84868258322636, 40.88979337941108]]}}, {"type": "Feature", "properties": {"segment_id": 834812, "physicalid": "58505", "street_name": "E 232 ST", "borough": "bronx", "direction": "TF", "total_row_ft": 49.8, "roadbed_ft": 34.2, "median_ft": 0.0, "left_sw_ft": 9.3, "right_sw_ft": 6.3}, "geometry": {"type": "LineString", "coordinates": [[-73.84854691312553, 40.889896909095775], [-73.84861659456159, 40.889770851236484]]}}, {"type": "Feature", "properties": {"segment_id": 834813, "physicalid": "58505", "street_name": "E 232 ST", "borough": "bronx", "direction": "TF", "total_row_ft": 50.5, "roadbed_ft": 34.3, "median_ft": 0.0, "left_sw_ft": 9.8, "right_sw_ft": 6.4}, "geometry": {"type": "LineString", "coordinates": [[-73.84847997034895, 40.88987610677964], [-73.84855060591447, 40.889748323073064]]}}, {"type": "Feature", "properties": {"segment_id": 834814, "physicalid": "58505", "street_name": "E 232 ST", "borough": "bronx", "direction": "TF", "total_row_ft": 51.2, "roadbed_ft": 34.3, "median_ft": 0.0, "left_sw_ft": 10.3, "right_sw_ft": 6.5}, "geometry": {"type": "LineString", "coordinates": [[-73.84841302764366, 40.88985530437135], [-73.84848461727096, 40.88972579494627]]}}, {"type": "Feature", "properties": {"segment_id": 834815, "physicalid": "58505", "street_name": "E 232 ST", "borough": "bronx", "direction": "TF", "total_row_ft": 51.5, "roadbed_ft": 34.4, "median_ft": 0.0, "left_sw_ft": 10.5, "right_sw_ft": 6.7}, "geometry": {"type": "LineString", "coordinates": [[-73.8483460849803, 40.88983450192417], [-73.84841817733505, 40.889704083274566]]}}, {"type": "Feature", "properties": {"segment_id": 834816, "physicalid": "58505", "street_name": "E 232 ST", "borough": "bronx", "direction": "TF", "total_row_ft": 51.7, "roadbed_ft": 34.4, "median_ft": 0.0, "left_sw_ft": 10.5, "right_sw_ft": 6.8}, "geometry": {"type": "LineString", "coordinates": [[-73.84827917049664, 40.88981364853558], [-73.84835155474124, 40.88968270208048]]}}, {"type": "Feature", "properties": {"segment_id": 834817, "physicalid": "58505", "street_name": "E 232 ST", "borough": "bronx", "direction": "TF", "total_row_ft": 51.9, "roadbed_ft": 34.5, "median_ft": 0.0, "left_sw_ft": 10.5, "right_sw_ft": 7.0}, "geometry": {"type": "LineString", "coordinates": [[-73.84821228877236, 40.88979273592109], [-73.84828493229188, 40.88966132066402]]}}, {"type": "Feature", "properties": {"segment_id": 834818, "physicalid": "58505", "street_name": "E 232 ST", "borough": "bronx", "direction": "TF", "total_row_ft": 52.1, "roadbed_ft": 34.6, "median_ft": 0.0, "left_sw_ft": 10.5, "right_sw_ft": 7.1}, "geometry": {"type": "LineString", "coordinates": [[-73.8481454070901, 40.88977182326783], [-73.84821830988537, 40.889639939209026]]}}, {"type": "Feature", "properties": {"segment_id": 834819, "physicalid": "58505", "street_name": "E 232 ST", "borough": "bronx", "direction": "TF", "total_row_ft": 52.3, "roadbed_ft": 34.7, "median_ft": 0.0, "left_sw_ft": 10.4, "right_sw_ft": 7.2}, "geometry": {"type": "LineString", "coordinates": [[-73.84807852544986, 40.88975091057587], [-73.84815168759924, 40.88961855757525]]}}, {"type": "Feature", "properties": {"segment_id": 834820, "physicalid": "58505", "street_name": "E 232 ST", "borough": "bronx", "direction": "TF", "total_row_ft": 52.5, "roadbed_ft": 34.7, "median_ft": 0.0, "left_sw_ft": 10.5, "right_sw_ft": 7.3}, "geometry": {"type": "LineString", "coordinates": [[-73.84801164386755, 40.889729997816396], [-73.8480850653804, 40.88959717585879]]}}, {"type": "Feature", "properties": {"segment_id": 834821, "physicalid": "58505", "street_name": "E 232 ST", "borough": "bronx", "direction": "TF", "total_row_ft": 52.7, "roadbed_ft": 34.7, "median_ft": 0.0, "left_sw_ft": 10.5, "right_sw_ft": 7.4}, "geometry": {"type": "LineString", "coordinates": [[-73.84794476234553, 40.88970908498519], [-73.84801844327437, 40.88957579397716]]}}, {"type": "Feature", "properties": {"segment_id": 834822, "physicalid": "58505", "street_name": "E 232 ST", "borough": "bronx", "direction": "TF", "total_row_ft": 52.9, "roadbed_ft": 34.7, "median_ft": 0.0, "left_sw_ft": 10.6, "right_sw_ft": 7.5}, "geometry": {"type": "LineString", "coordinates": [[-73.84787788086555, 40.88968817211515], [-73.84795182938014, 40.889554397279234]]}}, {"type": "Feature", "properties": {"segment_id": 834823, "physicalid": "58505", "street_name": "E 232 ST", "borough": "bronx", "direction": "TF", "total_row_ft": 53.1, "roadbed_ft": 34.7, "median_ft": 0.0, "left_sw_ft": 10.7, "right_sw_ft": 7.7}, "geometry": {"type": "LineString", "coordinates": [[-73.84781099942768, 40.88966725920628], [-73.84788523988846, 40.88953295647537]]}}, {"type": "Feature", "properties": {"segment_id": 834824, "physicalid": "58505", "street_name": "E 232 ST", "borough": "bronx", "direction": "TF", "total_row_ft": 53.3, "roadbed_ft": 34.8, "median_ft": 0.0, "left_sw_ft": 10.7, "right_sw_ft": 7.8}, "geometry": {"type": "LineString", "coordinates": [[-73.8477441180319, 40.88964634625858], [-73.84781865043973, 40.88951151563305]]}}, {"type": "Feature", "properties": {"segment_id": 834825, "physicalid": "58505", "street_name": "E 232 ST", "borough": "bronx", "direction": "TF", "total_row_ft": 53.3, "roadbed_ft": 34.8, "median_ft": 0.0, "left_sw_ft": 10.8, "right_sw_ft": 7.7}, "geometry": {"type": "LineString", "coordinates": [[-73.84767748745267, 40.88962497961774], [-73.84775206103225, 40.88949007475535]]}}, {"type": "Feature", "properties": {"segment_id": 834826, "physicalid": "58505", "street_name": "E 232 ST", "borough": "bronx", "direction": "TF", "total_row_ft": 53.2, "roadbed_ft": 34.8, "median_ft": 0.0, "left_sw_ft": 10.9, "right_sw_ft": 7.5}, "geometry": {"type": "LineString", "coordinates": [[-73.8476110347523, 40.889603291231275], [-73.84768547152915, 40.889468634089845]]}}, {"type": "Feature", "properties": {"segment_id": 834827, "physicalid": "58505", "street_name": "E 232 ST", "borough": "bronx", "direction": "TF", "total_row_ft": 53.1, "roadbed_ft": 34.7, "median_ft": 0.0, "left_sw_ft": 11.0, "right_sw_ft": 7.4}, "geometry": {"type": "LineString", "coordinates": [[-73.8475445820789, 40.88958160283624], [-73.84761888206897, 40.889447193385784]]}}, {"type": "Feature", "properties": {"segment_id": 834828, "physicalid": "58505", "street_name": "E 232 ST", "borough": "bronx", "direction": "TF", "total_row_ft": 53.0, "roadbed_ft": 34.6, "median_ft": 0.0, "left_sw_ft": 11.1, "right_sw_ft": 7.3}, "geometry": {"type": "LineString", "coordinates": [[-73.84747812934744, 40.8895599145862], [-73.84755229259666, 40.889425752743016]]}}, {"type": "Feature", "properties": {"segment_id": 834829, "physicalid": "58505", "street_name": "E 232 ST", "borough": "bronx", "direction": "TF", "total_row_ft": 53.0, "roadbed_ft": 34.6, "median_ft": 0.0, "left_sw_ft": 11.3, "right_sw_ft": 7.2}, "geometry": {"type": "LineString", "coordinates": [[-73.84741167665938, 40.88953822629782], [-73.84748588843512, 40.88940397691074]]}}, {"type": "Feature", "properties": {"segment_id": 834830, "physicalid": "58505", "street_name": "E 232 ST", "borough": "bronx", "direction": "TF", "total_row_ft": 53.1, "roadbed_ft": 34.5, "median_ft": 0.0, "left_sw_ft": 11.5, "right_sw_ft": 7.1}, "geometry": {"type": "LineString", "coordinates": [[-73.84734522397699, 40.88951653803927], [-73.84741952067883, 40.889382135261606]]}}, {"type": "Feature", "properties": {"segment_id": 834831, "physicalid": "58505", "street_name": "E 232 ST", "borough": "bronx", "direction": "TF", "total_row_ft": 53.2, "roadbed_ft": 34.5, "median_ft": 0.0, "left_sw_ft": 11.8, "right_sw_ft": 6.9}, "geometry": {"type": "LineString", "coordinates": [[-73.84727877127703, 40.88949484985253], [-73.84735315296616, 40.88936029357425]]}}, {"type": "Feature", "properties": {"segment_id": 834832, "physicalid": "58505", "street_name": "E 232 ST", "borough": "bronx", "direction": "TF", "total_row_ft": 53.2, "roadbed_ft": 34.4, "median_ft": 0.0, "left_sw_ft": 12.0, "right_sw_ft": 6.8}, "geometry": {"type": "LineString", "coordinates": [[-73.84721231897767, 40.8894731609813], [-73.84728678517706, 40.88933845206578]]}}, {"type": "Feature", "properties": {"segment_id": 834833, "physicalid": "58505", "street_name": "E 232 ST", "borough": "bronx", "direction": "TF", "total_row_ft": 53.3, "roadbed_ft": 34.3, "median_ft": 0.0, "left_sw_ft": 12.2, "right_sw_ft": 6.7}, "geometry": {"type": "LineString", "coordinates": [[-73.84714586678808, 40.889451471951546], [-73.84722041742377, 40.88931661053316]]}}, {"type": "Feature", "properties": {"segment_id": 834834, "physicalid": "58505", "street_name": "E 232 ST", "borough": "bronx", "direction": "TF", "total_row_ft": 53.3, "roadbed_ft": 34.3, "median_ft": 0.0, "left_sw_ft": 12.5, "right_sw_ft": 6.6}, "geometry": {"type": "LineString", "coordinates": [[-73.8470794142807, 40.88942978353677], [-73.84715404973427, 40.88929476892581]]}}, {"type": "Feature", "properties": {"segment_id": 834835, "physicalid": "58505", "street_name": "E 232 ST", "borough": "bronx", "direction": "TF", "total_row_ft": 53.3, "roadbed_ft": 34.2, "median_ft": 0.0, "left_sw_ft": 12.6, "right_sw_ft": 6.5}, "geometry": {"type": "LineString", "coordinates": [[-73.8470128626798, 40.889408274420305], [-73.84708744474854, 40.88927335662525]]}}, {"type": "Feature", "properties": {"segment_id": 834836, "physicalid": "58505", "street_name": "E 232 ST", "borough": "bronx", "direction": "TF", "total_row_ft": 53.1, "roadbed_ft": 34.2, "median_ft": 0.0, "left_sw_ft": 12.3, "right_sw_ft": 6.6}, "geometry": {"type": "LineString", "coordinates": [[-73.84694609921196, 40.88938714860579], [-73.84702033670564, 40.88925285438667]]}}, {"type": "Feature", "properties": {"segment_id": 834837, "physicalid": "58505", "street_name": "E 232 ST", "borough": "bronx", "direction": "TF", "total_row_ft": 52.8, "roadbed_ft": 34.1, "median_ft": 0.0, "left_sw_ft": 12.0, "right_sw_ft": 6.7}, "geometry": {"type": "LineString", "coordinates": [[-73.84687933578653, 40.88936602275254], [-73.84695322883312, 40.88923235187567]]}}, {"type": "Feature", "properties": {"segment_id": 834838, "physicalid": "58505", "street_name": "E 232 ST", "borough": "bronx", "direction": "TF", "total_row_ft": 52.6, "roadbed_ft": 34.0, "median_ft": 0.0, "left_sw_ft": 11.7, "right_sw_ft": 6.8}, "geometry": {"type": "LineString", "coordinates": [[-73.84681257257327, 40.889344896553574], [-73.84688612109865, 40.88921184915072]]}}, {"type": "Feature", "properties": {"segment_id": 834839, "physicalid": "58505", "street_name": "E 232 ST", "borough": "bronx", "direction": "TF", "total_row_ft": 52.3, "roadbed_ft": 34.0, "median_ft": 0.0, "left_sw_ft": 11.4, "right_sw_ft": 6.9}, "geometry": {"type": "LineString", "coordinates": [[-73.84674580940775, 40.88932377030631], [-73.84681901332479, 40.88919134653284]]}}, {"type": "Feature", "properties": {"segment_id": 834840, "physicalid": "58505", "street_name": "E 232 ST", "borough": "bronx", "direction": "TF", "total_row_ft": 52.1, "roadbed_ft": 33.9, "median_ft": 0.0, "left_sw_ft": 11.1, "right_sw_ft": 7.0}, "geometry": {"type": "LineString", "coordinates": [[-73.84667904628465, 40.88930264402038], [-73.84675190554094, 40.88917084396876]]}}, {"type": "Feature", "properties": {"segment_id": 834841, "physicalid": "58505", "street_name": "E 232 ST", "borough": "bronx", "direction": "TF", "total_row_ft": 51.8, "roadbed_ft": 33.8, "median_ft": 0.0, "left_sw_ft": 10.8, "right_sw_ft": 7.1}, "geometry": {"type": "LineString", "coordinates": [[-73.84661228320398, 40.88928151769576], [-73.8466847977985, 40.889150341365614]]}}, {"type": "Feature", "properties": {"segment_id": 834842, "physicalid": "58505", "street_name": "E 232 ST", "borough": "bronx", "direction": "TF", "total_row_ft": 51.5, "roadbed_ft": 33.8, "median_ft": 0.0, "left_sw_ft": 10.4, "right_sw_ft": 7.2}, "geometry": {"type": "LineString", "coordinates": [[-73.84654552016576, 40.88926039133242], [-73.84661752604302, 40.889130135492096]]}}, {"type": "Feature", "properties": {"segment_id": 834843, "physicalid": "58505", "street_name": "E 232 ST", "borough": "bronx", "direction": "TF", "total_row_ft": 51.1, "roadbed_ft": 33.9, "median_ft": 0.0, "left_sw_ft": 9.8, "right_sw_ft": 7.3}, "geometry": {"type": "LineString", "coordinates": [[-73.84647875716205, 40.889239264944706], [-73.8465501900885, 40.88911004578693]]}}, {"type": "Feature", "properties": {"segment_id": 834844, "physicalid": "58505", "street_name": "E 232 ST", "borough": "bronx", "direction": "TF", "total_row_ft": 50.6, "roadbed_ft": 34.0, "median_ft": 0.0, "left_sw_ft": 9.2, "right_sw_ft": 7.4}, "geometry": {"type": "LineString", "coordinates": [[-73.8464119941827, 40.889218138551016], [-73.84648285401107, 40.88908995633829]]}}, {"type": "Feature", "properties": {"segment_id": 834845, "physicalid": "58505", "street_name": "E 232 ST", "borough": "bronx", "direction": "TF", "total_row_ft": 120.0, "roadbed_ft": 37.4, "median_ft": 0.0, "left_sw_ft": 41.1, "right_sw_ft": 41.5}, "geometry": {"type": "LineString", "coordinates": [[-73.84629518391677, 40.889287544974565], [-73.84646308130019, 40.88898382680885]]}}, {"type": "Feature", "properties": {"segment_id": 834846, "physicalid": "58505", "street_name": "E 232 ST", "borough": "bronx", "direction": "TF", "total_row_ft": 150.0, "roadbed_ft": 120.0, "median_ft": 0.0, "left_sw_ft": 15.0, "right_sw_ft": 15.0}, "geometry": {"type": "LineString", "coordinates": [[-73.84622848147472, 40.88926630898443], [-73.84639637910921, 40.888962590914545]]}}, {"type": "Feature", "properties": {"segment_id": 834847, "physicalid": "58506", "street_name": "E 232 ST", "borough": "bronx", "direction": "TF", "total_row_ft": 150.0, "roadbed_ft": 120.0, "median_ft": 0.0, "left_sw_ft": 15.0, "right_sw_ft": 15.0}, "geometry": {"type": "LineString", "coordinates": [[-73.84612960245622, 40.88923525623181], [-73.84629358531862, 40.88893030885917]]}}, {"type": "Feature", "properties": {"segment_id": 834848, "physicalid": "58506", "street_name": "E 232 ST", "borough": "bronx", "direction": "TF", "total_row_ft": 120.0, "roadbed_ft": 37.2, "median_ft": 0.0, "left_sw_ft": 41.3, "right_sw_ft": 41.5}, "geometry": {"type": "LineString", "coordinates": [[-73.84606263010781, 40.88921451534045], [-73.84622661322626, 40.8889095680618]]}}, {"type": "Feature", "properties": {"segment_id": 834849, "physicalid": "58506", "street_name": "E 232 ST", "borough": "bronx", "direction": "TF", "total_row_ft": 50.5, "roadbed_ft": 34.2, "median_ft": 0.0, "left_sw_ft": 11.0, "right_sw_ft": 5.3}, "geometry": {"type": "LineString", "coordinates": [[-73.84604699307312, 40.88909831050747], [-73.84611601277511, 40.88896995988158]]}}, {"type": "Feature", "properties": {"segment_id": 834850, "physicalid": "58506", "street_name": "E 232 ST", "borough": "bronx", "direction": "TF", "total_row_ft": 50.4, "roadbed_ft": 34.0, "median_ft": 0.0, "left_sw_ft": 11.0, "right_sw_ft": 5.4}, "geometry": {"type": "LineString", "coordinates": [[-73.84598024599559, 40.8890771509549], [-73.84604914362286, 40.888949027580225]]}}, {"type": "Feature", "properties": {"segment_id": 834851, "physicalid": "58506", "street_name": "E 232 ST", "borough": "bronx", "direction": "TF", "total_row_ft": 50.3, "roadbed_ft": 33.9, "median_ft": 0.0, "left_sw_ft": 10.9, "right_sw_ft": 5.5}, "geometry": {"type": "LineString", "coordinates": [[-73.84591349896057, 40.88905599136359], [-73.84598227451242, 40.88892809524063]]}}, {"type": "Feature", "properties": {"segment_id": 834852, "physicalid": "58506", "street_name": "E 232 ST", "borough": "bronx", "direction": "TF", "total_row_ft": 51.4, "roadbed_ft": 33.7, "median_ft": 0.0, "left_sw_ft": 10.8, "right_sw_ft": 6.8}, "geometry": {"type": "LineString", "coordinates": [[-73.84584517110586, 40.88903777151863], [-73.84591540544203, 40.88890716286603]]}}, {"type": "Feature", "properties": {"segment_id": 834853, "physicalid": "58506", "street_name": "E 232 ST", "borough": "bronx", "direction": "TF", "total_row_ft": 51.1, "roadbed_ft": 33.6, "median_ft": 0.0, "left_sw_ft": 10.8, "right_sw_ft": 6.7}, "geometry": {"type": "LineString", "coordinates": [[-73.84577876451826, 40.889015978904816], [-73.84584856395732, 40.88888617923222]]}}, {"type": "Feature", "properties": {"segment_id": 834854, "physicalid": "58506", "street_name": "E 232 ST", "borough": "bronx", "direction": "TF", "total_row_ft": 51.0, "roadbed_ft": 33.5, "median_ft": 0.0, "left_sw_ft": 10.9, "right_sw_ft": 6.6}, "geometry": {"type": "LineString", "coordinates": [[-73.84571235818491, 40.88899418586083], [-73.84578204397961, 40.8888645977606]]}}, {"type": "Feature", "properties": {"segment_id": 834855, "physicalid": "58506", "street_name": "E 232 ST", "borough": "bronx", "direction": "TF", "total_row_ft": 50.9, "roadbed_ft": 33.5, "median_ft": 0.0, "left_sw_ft": 11.0, "right_sw_ft": 6.4}, "geometry": {"type": "LineString", "coordinates": [[-73.84564595187466, 40.888972392816605], [-73.84571552392794, 40.888843016468414]]}}, {"type": "Feature", "properties": {"segment_id": 834856, "physicalid": "58506", "street_name": "E 232 ST", "borough": "bronx", "direction": "TF", "total_row_ft": 50.8, "roadbed_ft": 33.5, "median_ft": 0.0, "left_sw_ft": 11.0, "right_sw_ft": 6.3}, "geometry": {"type": "LineString", "coordinates": [[-73.84557954558989, 40.88895059976763], [-73.84564900391946, 40.88882143513782]]}}, {"type": "Feature", "properties": {"segment_id": 834857, "physicalid": "58506", "street_name": "E 232 ST", "borough": "bronx", "direction": "TF", "total_row_ft": 50.7, "roadbed_ft": 33.5, "median_ft": 0.0, "left_sw_ft": 11.1, "right_sw_ft": 6.2}, "geometry": {"type": "LineString", "coordinates": [[-73.84551313934865, 40.88892880668039], [-73.84558248395416, 40.888799853768795]]}}, {"type": "Feature", "properties": {"segment_id": 834858, "physicalid": "58506", "street_name": "E 232 ST", "borough": "bronx", "direction": "TF", "total_row_ft": 50.7, "roadbed_ft": 33.5, "median_ft": 0.0, "left_sw_ft": 11.1, "right_sw_ft": 6.1}, "geometry": {"type": "LineString", "coordinates": [[-73.84544673315096, 40.88890701355485], [-73.84551596403206, 40.88877827236136]]}}, {"type": "Feature", "properties": {"segment_id": 834859, "physicalid": "58506", "street_name": "E 232 ST", "borough": "bronx", "direction": "TF", "total_row_ft": 50.6, "roadbed_ft": 33.5, "median_ft": 0.0, "left_sw_ft": 11.2, "right_sw_ft": 5.9}, "geometry": {"type": "LineString", "coordinates": [[-73.84538032684512, 40.888885220673096], [-73.84544944419751, 40.888756690833006]]}}, {"type": "Feature", "properties": {"segment_id": 834860, "physicalid": "58506", "street_name": "E 232 ST", "borough": "bronx", "direction": "TF", "total_row_ft": 50.5, "roadbed_ft": 33.7, "median_ft": 0.0, "left_sw_ft": 11.2, "right_sw_ft": 5.6}, "geometry": {"type": "LineString", "coordinates": [[-73.84531392092812, 40.88886342711096], [-73.84538292446355, 40.88873510915947]]}}, {"type": "Feature", "properties": {"segment_id": 834861, "physicalid": "58506", "street_name": "E 232 ST", "borough": "bronx", "direction": "TF", "total_row_ft": 49.7, "roadbed_ft": 38.2, "median_ft": 0.0, "left_sw_ft": 7.0, "right_sw_ft": 4.5}, "geometry": {"type": "LineString", "coordinates": [[-73.84529480560931, 40.888857929291646], [-73.84524841869481, 40.88872613437989]]}}, {"type": "Feature", "properties": {"segment_id": 834862, "physicalid": "58506", "street_name": "E 232 ST", "borough": "bronx", "direction": "TF", "total_row_ft": 49.4, "roadbed_ft": 37.8, "median_ft": 0.0, "left_sw_ft": 6.0, "right_sw_ft": 5.6}, "geometry": {"type": "LineString", "coordinates": [[-73.84522498915159, 40.88887228685923], [-73.84517891451225, 40.888741378798436]]}}, {"type": "Feature", "properties": {"segment_id": 834863, "physicalid": "58506", "street_name": "E 232 ST", "borough": "bronx", "direction": "TF", "total_row_ft": 49.0, "roadbed_ft": 37.7, "median_ft": 0.0, "left_sw_ft": 6.1, "right_sw_ft": 5.2}, "geometry": {"type": "LineString", "coordinates": [[-73.84515517265672, 40.8888866443648], [-73.84510941027983, 40.88875662312401]]}}, {"type": "Feature", "properties": {"segment_id": 834864, "physicalid": "58506", "street_name": "E 232 ST", "borough": "bronx", "direction": "TF", "total_row_ft": 54.9, "roadbed_ft": 37.9, "median_ft": 0.0, "left_sw_ft": 10.5, "right_sw_ft": 6.5}, "geometry": {"type": "LineString", "coordinates": [[-73.84508703895737, 40.88890578311977], [-73.84503579361919, 40.888760183101105]]}}, {"type": "Feature", "properties": {"segment_id": 874530, "physicalid": "61201", "street_name": "NEEDHAM AVE", "borough": "bronx", "direction": "TW", "total_row_ft": 113.8, "roadbed_ft": 84.8, "median_ft": 0.0, "left_sw_ft": 13.9, "right_sw_ft": 15.0}, "geometry": {"type": "LineString", "coordinates": [[-73.84041065081867, 40.882513895851424], [-73.84029721654542, 40.882256798741864]]}}, {"type": "Feature", "properties": {"segment_id": 874531, "physicalid": "61201", "street_name": "NEEDHAM AVE", "borough": "bronx", "direction": "TW", "total_row_ft": 73.5, "roadbed_ft": 49.7, "median_ft": 0.0, "left_sw_ft": 14.4, "right_sw_ft": 9.4}, "geometry": {"type": "LineString", "coordinates": [[-73.8403426138488, 40.882532566115295], [-73.84025817699434, 40.88234119098999]]}}, {"type": "Feature", "properties": {"segment_id": 874532, "physicalid": "61201", "street_name": "NEEDHAM AVE", "borough": "bronx", "direction": "TW", "total_row_ft": 74.3, "roadbed_ft": 49.9, "median_ft": 0.0, "left_sw_ft": 14.8, "right_sw_ft": 9.7}, "geometry": {"type": "LineString", "coordinates": [[-73.84027457677078, 40.88255123618044], [-73.84018920119136, 40.88235773299549]]}}, {"type": "Feature", "properties": {"segment_id": 874533, "physicalid": "61201", "street_name": "NEEDHAM AVE", "borough": "bronx", "direction": "TW", "total_row_ft": 74.9, "roadbed_ft": 50.0, "median_ft": 0.0, "left_sw_ft": 14.9, "right_sw_ft": 10.0}, "geometry": {"type": "LineString", "coordinates": [[-73.84020627379819, 40.88256930364424], [-73.84012022535407, 40.882374274959716]]}}, {"type": "Feature", "properties": {"segment_id": 874534, "physicalid": "61201", "street_name": "NEEDHAM AVE", "borough": "bronx", "direction": "TW", "total_row_ft": 75.1, "roadbed_ft": 50.1, "median_ft": 0.0, "left_sw_ft": 14.7, "right_sw_ft": 10.3}, "geometry": {"type": "LineString", "coordinates": [[-73.8401374357585, 40.88258615842378], [-73.84005119870363, 40.882390701791955]]}}, {"type": "Feature", "properties": {"segment_id": 874535, "physicalid": "61201", "street_name": "NEEDHAM AVE", "borough": "bronx", "direction": "TW", "total_row_ft": 75.3, "roadbed_ft": 50.3, "median_ft": 0.0, "left_sw_ft": 14.4, "right_sw_ft": 10.7}, "geometry": {"type": "LineString", "coordinates": [[-73.84006859768392, 40.88260301316222], [-73.83998211051434, 40.88240698918131]]}}, {"type": "Feature", "properties": {"segment_id": 874542, "physicalid": "61202", "street_name": "NEEDHAM AVE", "borough": "bronx", "direction": "TW", "total_row_ft": 150.0, "roadbed_ft": 120.0, "median_ft": 0.0, "left_sw_ft": 15.0, "right_sw_ft": 15.0}, "geometry": {"type": "LineString", "coordinates": [[-73.84128506116946, 40.88236107357528], [-73.84115216624025, 40.88204753516036]]}}, {"type": "Feature", "properties": {"segment_id": 874543, "physicalid": "61202", "street_name": "NEEDHAM AVE", "borough": "bronx", "direction": "TW", "total_row_ft": 98.4, "roadbed_ft": 50.5, "median_ft": 0.0, "left_sw_ft": 36.8, "right_sw_ft": 11.1}, "geometry": {"type": "LineString", "coordinates": [[-73.84121620922072, 40.88237788412596], [-73.84110719336816, 40.8821206831132]]}}, {"type": "Feature", "properties": {"segment_id": 874544, "physicalid": "61202", "street_name": "NEEDHAM AVE", "borough": "bronx", "direction": "TW", "total_row_ft": 74.3, "roadbed_ft": 50.1, "median_ft": 0.0, "left_sw_ft": 13.7, "right_sw_ft": 10.5}, "geometry": {"type": "LineString", "coordinates": [[-73.84112149652786, 40.882333681526525], [-73.84103921089543, 40.8821395444446]]}}, {"type": "Feature", "properties": {"segment_id": 874545, "physicalid": "61202", "street_name": "NEEDHAM AVE", "borough": "bronx", "direction": "TW", "total_row_ft": 73.8, "roadbed_ft": 49.7, "median_ft": 0.0, "left_sw_ft": 14.1, "right_sw_ft": 10.0}, "geometry": {"type": "LineString", "coordinates": [[-73.84105297563121, 40.882351273063406], [-73.84097122838412, 40.88215840573591]]}}, {"type": "Feature", "properties": {"segment_id": 874546, "physicalid": "61202", "street_name": "NEEDHAM AVE", "borough": "bronx", "direction": "TW", "total_row_ft": 73.3, "roadbed_ft": 49.8, "median_ft": 0.0, "left_sw_ft": 14.2, "right_sw_ft": 9.4}, "geometry": {"type": "LineString", "coordinates": [[-73.84098445469832, 40.88236886455957], [-73.84090324583423, 40.882177266987085]]}}, {"type": "Feature", "properties": {"segment_id": 874547, "physicalid": "61202", "street_name": "NEEDHAM AVE", "borough": "bronx", "direction": "TW", "total_row_ft": 72.8, "roadbed_ft": 49.8, "median_ft": 0.0, "left_sw_ft": 14.3, "right_sw_ft": 8.8}, "geometry": {"type": "LineString", "coordinates": [[-73.84091593372915, 40.882386456015006], [-73.84083526324578, 40.88219612819817]]}}, {"type": "Feature", "properties": {"segment_id": 874548, "physicalid": "61202", "street_name": "NEEDHAM AVE", "borough": "bronx", "direction": "TW", "total_row_ft": 72.7, "roadbed_ft": 49.8, "median_ft": 0.0, "left_sw_ft": 14.3, "right_sw_ft": 8.5}, "geometry": {"type": "LineString", "coordinates": [[-73.84084741272373, 40.882404047429695], [-73.840766907371, 40.88221410875199]]}}, {"type": "Feature", "properties": {"segment_id": 874549, "physicalid": "61202", "street_name": "NEEDHAM AVE", "borough": "bronx", "direction": "TW", "total_row_ft": 72.7, "roadbed_ft": 49.9, "median_ft": 0.0, "left_sw_ft": 14.2, "right_sw_ft": 8.7}, "geometry": {"type": "LineString", "coordinates": [[-73.84077864884854, 40.882421065879655], [-73.84069814202489, 40.88223112326929]]}}, {"type": "Feature", "properties": {"segment_id": 874550, "physicalid": "61202", "street_name": "NEEDHAM AVE", "borough": "bronx", "direction": "TW", "total_row_ft": 72.6, "roadbed_ft": 50.0, "median_ft": 0.0, "left_sw_ft": 13.9, "right_sw_ft": 8.7}, "geometry": {"type": "LineString", "coordinates": [[-73.84070974044528, 40.88243774338158], [-73.84062937673265, 40.882248137955706]]}}, {"type": "Feature", "properties": {"segment_id": 874551, "physicalid": "61202", "street_name": "NEEDHAM AVE", "borough": "bronx", "direction": "TW", "total_row_ft": 72.4, "roadbed_ft": 50.2, "median_ft": 0.0, "left_sw_ft": 13.6, "right_sw_ft": 8.7}, "geometry": {"type": "LineString", "coordinates": [[-73.84064083200742, 40.882454420842315], [-73.84056061140521, 40.88226515260107]]}}, {"type": "Feature", "properties": {"segment_id": 874552, "physicalid": "61202", "street_name": "NEEDHAM AVE", "borough": "bronx", "direction": "TW", "total_row_ft": 72.3, "roadbed_ft": 50.4, "median_ft": 0.0, "left_sw_ft": 13.3, "right_sw_ft": 8.6}, "geometry": {"type": "LineString", "coordinates": [[-73.840571923535, 40.882471098261874], [-73.84049184604257, 40.882282167205446]]}}, {"type": "Feature", "properties": {"segment_id": 876247, "physicalid": "61348", "street_name": "BAYCHESTER AVE", "borough": "bronx", "direction": "TW", "total_row_ft": 95.4, "roadbed_ft": 60.5, "median_ft": 0.0, "left_sw_ft": 14.6, "right_sw_ft": 20.4}, "geometry": {"type": "LineString", "coordinates": [[-73.84017087348582, 40.88372156540463], [-73.8398437252298, 40.883804938764925]]}}, {"type": "Feature", "properties": {"segment_id": 876248, "physicalid": "61348", "street_name": "BAYCHESTER AVE", "borough": "bronx", "direction": "TW", "total_row_ft": 95.6, "roadbed_ft": 60.5, "median_ft": 0.0, "left_sw_ft": 14.7, "right_sw_ft": 20.5}, "geometry": {"type": "LineString", "coordinates": [[-73.84019397700054, 40.88377358339185], [-73.83986619715965, 40.88385711771658]]}}, {"type": "Feature", "properties": {"segment_id": 876249, "physicalid": "61348", "street_name": "BAYCHESTER AVE", "borough": "bronx", "direction": "TW", "total_row_ft": 95.7, "roadbed_ft": 60.5, "median_ft": 0.0, "left_sw_ft": 14.8, "right_sw_ft": 20.5}, "geometry": {"type": "LineString", "coordinates": [[-73.8402170805514, 40.88382560137396], [-73.83988894419097, 40.883909226563524]]}}, {"type": "Feature", "properties": {"segment_id": 876250, "physicalid": "61348", "street_name": "BAYCHESTER AVE", "borough": "bronx", "direction": "TW", "total_row_ft": 95.6, "roadbed_ft": 60.5, "median_ft": 0.0, "left_sw_ft": 14.7, "right_sw_ft": 20.4}, "geometry": {"type": "LineString", "coordinates": [[-73.8402395774835, 40.883877773957366], [-73.83991173153015, 40.88396132514225]]}}, {"type": "Feature", "properties": {"segment_id": 876251, "physicalid": "61348", "street_name": "BAYCHESTER AVE", "borough": "bronx", "direction": "TW", "total_row_ft": 95.5, "roadbed_ft": 60.6, "median_ft": 0.0, "left_sw_ft": 14.6, "right_sw_ft": 20.3}, "geometry": {"type": "LineString", "coordinates": [[-73.84026200984903, 40.8839299629997], [-73.83993451890504, 40.88401342371597]]}}, {"type": "Feature", "properties": {"segment_id": 876252, "physicalid": "61348", "street_name": "BAYCHESTER AVE", "borough": "bronx", "direction": "TW", "total_row_ft": 95.4, "roadbed_ft": 60.6, "median_ft": 0.0, "left_sw_ft": 14.5, "right_sw_ft": 20.3}, "geometry": {"type": "LineString", "coordinates": [[-73.84028444224977, 40.883982152037184], [-73.83995730631563, 40.88406552228468]]}}, {"type": "Feature", "properties": {"segment_id": 876253, "physicalid": "61348", "street_name": "BAYCHESTER AVE", "borough": "bronx", "direction": "TW", "total_row_ft": 95.3, "roadbed_ft": 60.6, "median_ft": 0.0, "left_sw_ft": 14.4, "right_sw_ft": 20.2}, "geometry": {"type": "LineString", "coordinates": [[-73.84030687468574, 40.88403434106981], [-73.83998009359927, 40.88411762088986]]}}, {"type": "Feature", "properties": {"segment_id": 876254, "physicalid": "61348", "street_name": "BAYCHESTER AVE", "borough": "bronx", "direction": "TW", "total_row_ft": 95.2, "roadbed_ft": 60.7, "median_ft": 0.0, "left_sw_ft": 14.4, "right_sw_ft": 20.2}, "geometry": {"type": "LineString", "coordinates": [[-73.84032930715695, 40.88408653009757], [-73.8400027896064, 40.88416974276067]]}}, {"type": "Feature", "properties": {"segment_id": 876255, "physicalid": "61348", "street_name": "BAYCHESTER AVE", "borough": "bronx", "direction": "TW", "total_row_ft": 95.2, "roadbed_ft": 60.7, "median_ft": 0.0, "left_sw_ft": 14.3, "right_sw_ft": 20.2}, "geometry": {"type": "LineString", "coordinates": [[-73.84035173966335, 40.88413871912048], [-73.84002530310633, 40.88422191114707]]}}, {"type": "Feature", "properties": {"segment_id": 876256, "physicalid": "61348", "street_name": "BAYCHESTER AVE", "borough": "bronx", "direction": "TW", "total_row_ft": 95.2, "roadbed_ft": 60.8, "median_ft": 0.0, "left_sw_ft": 14.2, "right_sw_ft": 20.3}, "geometry": {"type": "LineString", "coordinates": [[-73.84037417220497, 40.88419090813851], [-73.84004781664161, 40.88427407952859]]}}, {"type": "Feature", "properties": {"segment_id": 876257, "physicalid": "61348", "street_name": "BAYCHESTER AVE", "borough": "bronx", "direction": "TW", "total_row_ft": 95.2, "roadbed_ft": 60.8, "median_ft": 0.0, "left_sw_ft": 14.1, "right_sw_ft": 20.3}, "geometry": {"type": "LineString", "coordinates": [[-73.8403966017866, 40.88424309791502], [-73.84007033021223, 40.8843262479052]]}}, {"type": "Feature", "properties": {"segment_id": 876258, "physicalid": "61348", "street_name": "BAYCHESTER AVE", "borough": "bronx", "direction": "TW", "total_row_ft": 95.1, "roadbed_ft": 60.8, "median_ft": 0.0, "left_sw_ft": 14.0, "right_sw_ft": 20.3}, "geometry": {"type": "LineString", "coordinates": [[-73.840419021857, 40.88429529011955], [-73.84009284381818, 40.88437841627698]]}}, {"type": "Feature", "properties": {"segment_id": 876259, "physicalid": "61348", "street_name": "BAYCHESTER AVE", "borough": "bronx", "direction": "TW", "total_row_ft": 96.6, "roadbed_ft": 60.8, "median_ft": 1.5, "left_sw_ft": 14.0, "right_sw_ft": 20.3}, "geometry": {"type": "LineString", "coordinates": [[-73.84044144196261, 40.88434748231924], [-73.84011535745947, 40.8844305846438]]}}, {"type": "Feature", "properties": {"segment_id": 876260, "physicalid": "61348", "street_name": "BAYCHESTER AVE", "borough": "bronx", "direction": "TW", "total_row_ft": 101.1, "roadbed_ft": 60.7, "median_ft": 6.2, "left_sw_ft": 14.0, "right_sw_ft": 20.2}, "geometry": {"type": "LineString", "coordinates": [[-73.84046386210345, 40.884399674514086], [-73.84013841166004, 40.88448261525464]]}}, {"type": "Feature", "properties": {"segment_id": 876261, "physicalid": "61348", "street_name": "BAYCHESTER AVE", "borough": "bronx", "direction": "TW", "total_row_ft": 105.6, "roadbed_ft": 60.7, "median_ft": 10.9, "left_sw_ft": 13.9, "right_sw_ft": 20.0}, "geometry": {"type": "LineString", "coordinates": [[-73.84048628227947, 40.88445186670407], [-73.84016163988953, 40.884534601518794]]}}, {"type": "Feature", "properties": {"segment_id": 876262, "physicalid": "61348", "street_name": "BAYCHESTER AVE", "borough": "bronx", "direction": "TW", "total_row_ft": 97.9, "roadbed_ft": 52.7, "median_ft": 11.5, "left_sw_ft": 13.9, "right_sw_ft": 19.8}, "geometry": {"type": "LineString", "coordinates": [[-73.8405087024907, 40.88450405888921], [-73.84018486815535, 40.884586587777754]]}}, {"type": "Feature", "properties": {"segment_id": 876263, "physicalid": "61348", "street_name": "BAYCHESTER AVE", "borough": "bronx", "direction": "TW", "total_row_ft": 97.6, "roadbed_ft": 51.7, "median_ft": 11.5, "left_sw_ft": 13.9, "right_sw_ft": 20.5}, "geometry": {"type": "LineString", "coordinates": [[-73.84053112295167, 40.88455625101481], [-73.8402080964575, 40.88463857403153]]}}, {"type": "Feature", "properties": {"segment_id": 876264, "physicalid": "61348", "street_name": "BAYCHESTER AVE", "borough": "bronx", "direction": "TW", "total_row_ft": 115.9, "roadbed_ft": 45.8, "median_ft": 11.5, "left_sw_ft": 22.1, "right_sw_ft": 36.4}, "geometry": {"type": "LineString", "coordinates": [[-73.84055352453692, 40.884608447954996], [-73.8401957963083, 40.884699614616935]]}}, {"type": "Feature", "properties": {"segment_id": 876265, "physicalid": "61350", "street_name": "BAYCHESTER AVE", "borough": "bronx", "direction": "TW", "total_row_ft": 114.9, "roadbed_ft": 83.3, "median_ft": 0.0, "left_sw_ft": 10.8, "right_sw_ft": 20.8}, "geometry": {"type": "LineString", "coordinates": [[-73.84140618793869, 40.88640238068239], [-73.84100632731119, 40.88648869079028]]}}, {"type": "Feature", "properties": {"segment_id": 876266, "physicalid": "61350", "street_name": "BAYCHESTER AVE", "borough": "bronx", "direction": "TW", "total_row_ft": 115.4, "roadbed_ft": 60.1, "median_ft": 13.1, "left_sw_ft": 21.4, "right_sw_ft": 20.8}, "geometry": {"type": "LineString", "coordinates": [[-73.84141440204401, 40.886457678509146], [-73.84102893513248, 40.88654088171412]]}}, {"type": "Feature", "properties": {"segment_id": 876267, "physicalid": "61350", "street_name": "BAYCHESTER AVE", "borough": "bronx", "direction": "TW", "total_row_ft": 106.6, "roadbed_ft": 53.4, "median_ft": 12.9, "left_sw_ft": 19.3, "right_sw_ft": 21.1}, "geometry": {"type": "LineString", "coordinates": [[-73.84140660320787, 40.886516432766435], [-73.84105045199453, 40.88659330812262]]}}, {"type": "Feature", "properties": {"segment_id": 876268, "physicalid": "61350", "street_name": "BAYCHESTER AVE", "borough": "bronx", "direction": "TW", "total_row_ft": 104.4, "roadbed_ft": 52.6, "median_ft": 12.6, "left_sw_ft": 18.0, "right_sw_ft": 21.2}, "geometry": {"type": "LineString", "coordinates": [[-73.84142076988175, 40.88657044572098], [-73.84107188301756, 40.8866457530622]]}}, {"type": "Feature", "properties": {"segment_id": 876269, "physicalid": "61350", "street_name": "BAYCHESTER AVE", "borough": "bronx", "direction": "TW", "total_row_ft": 104.1, "roadbed_ft": 52.5, "median_ft": 12.4, "left_sw_ft": 18.3, "right_sw_ft": 20.9}, "geometry": {"type": "LineString", "coordinates": [[-73.84144086531575, 40.886623178943154], [-73.8410933140744, 40.88669819799724]]}}, {"type": "Feature", "properties": {"segment_id": 876270, "physicalid": "61350", "street_name": "BAYCHESTER AVE", "borough": "bronx", "direction": "TW", "total_row_ft": 109.2, "roadbed_ft": 60.5, "median_ft": 9.6, "left_sw_ft": 18.6, "right_sw_ft": 20.4}, "geometry": {"type": "LineString", "coordinates": [[-73.84146096078162, 40.88667591216132], [-73.84111474516506, 40.88675064292781]]}}, {"type": "Feature", "properties": {"segment_id": 876271, "physicalid": "61350", "street_name": "BAYCHESTER AVE", "borough": "bronx", "direction": "TW", "total_row_ft": 113.4, "roadbed_ft": 60.4, "median_ft": 6.0, "left_sw_ft": 18.7, "right_sw_ft": 28.3}, "geometry": {"type": "LineString", "coordinates": [[-73.84148105627938, 40.88672864537548], [-73.84110748027277, 40.88680928184613]]}}, {"type": "Feature", "properties": {"segment_id": 876272, "physicalid": "61350", "street_name": "BAYCHESTER AVE", "borough": "bronx", "direction": "TW", "total_row_ft": 101.5, "roadbed_ft": 60.4, "median_ft": 2.4, "left_sw_ft": 18.8, "right_sw_ft": 19.9}, "geometry": {"type": "LineString", "coordinates": [[-73.84150114282266, 40.88678138052533], [-73.84115659896025, 40.886855750456185]]}}, {"type": "Feature", "properties": {"segment_id": 876273, "physicalid": "61350", "street_name": "BAYCHESTER AVE", "borough": "bronx", "direction": "TW", "total_row_ft": 99.0, "roadbed_ft": 60.3, "median_ft": 0.0, "left_sw_ft": 18.9, "right_sw_ft": 19.8}, "geometry": {"type": "LineString", "coordinates": [[-73.84152095025564, 40.886833511259816], [-73.84117688821333, 40.886909162373456]]}}, {"type": "Feature", "properties": {"segment_id": 876274, "physicalid": "61350", "street_name": "BAYCHESTER AVE", "borough": "bronx", "direction": "TW", "total_row_ft": 99.0, "roadbed_ft": 60.2, "median_ft": 0.0, "left_sw_ft": 19.0, "right_sw_ft": 19.8}, "geometry": {"type": "LineString", "coordinates": [[-73.84154099100547, 40.88688625596849], [-73.84119692443153, 40.886961908082505]]}}, {"type": "Feature", "properties": {"segment_id": 876275, "physicalid": "61350", "street_name": "BAYCHESTER AVE", "borough": "bronx", "direction": "TW", "total_row_ft": 99.0, "roadbed_ft": 60.2, "median_ft": 0.0, "left_sw_ft": 19.1, "right_sw_ft": 19.8}, "geometry": {"type": "LineString", "coordinates": [[-73.8415610316216, 40.88693900023757], [-73.84121696067481, 40.88701465430226]]}}, {"type": "Feature", "properties": {"segment_id": 876276, "physicalid": "61350", "street_name": "BAYCHESTER AVE", "borough": "bronx", "direction": "TW", "total_row_ft": 99.1, "roadbed_ft": 60.1, "median_ft": 0.0, "left_sw_ft": 19.2, "right_sw_ft": 19.7}, "geometry": {"type": "LineString", "coordinates": [[-73.84158107243512, 40.88699174493841], [-73.84123699661687, 40.8870674000783]]}}, {"type": "Feature", "properties": {"segment_id": 876277, "physicalid": "61350", "street_name": "BAYCHESTER AVE", "borough": "bronx", "direction": "TW", "total_row_ft": 99.1, "roadbed_ft": 60.0, "median_ft": 0.0, "left_sw_ft": 19.3, "right_sw_ft": 19.7}, "geometry": {"type": "LineString", "coordinates": [[-73.84160111346988, 40.88704449013393], [-73.84125703238433, 40.88712014530706]]}}, {"type": "Feature", "properties": {"segment_id": 876278, "physicalid": "61351", "street_name": "BAYCHESTER AVE", "borough": "bronx", "direction": "TW", "total_row_ft": 135.0, "roadbed_ft": 105.9, "median_ft": 0.0, "left_sw_ft": 15.0, "right_sw_ft": 14.1}, "geometry": {"type": "LineString", "coordinates": [[-73.84218503988801, 40.88845007685625], [-73.84176790289283, 40.88854099857309]]}}, {"type": "Feature", "properties": {"segment_id": 876279, "physicalid": "61351", "street_name": "BAYCHESTER AVE", "borough": "bronx", "direction": "TW", "total_row_ft": 122.4, "roadbed_ft": 91.6, "median_ft": 0.0, "left_sw_ft": 15.0, "right_sw_ft": 15.8}, "geometry": {"type": "LineString", "coordinates": [[-73.84220500801496, 40.88850283747065], [-73.84183161679769, 40.88858422417871]]}}, {"type": "Feature", "properties": {"segment_id": 876280, "physicalid": "61351", "street_name": "BAYCHESTER AVE", "borough": "bronx", "direction": "TW", "total_row_ft": 119.2, "roadbed_ft": 91.6, "median_ft": 0.0, "left_sw_ft": 15.0, "right_sw_ft": 12.6}, "geometry": {"type": "LineString", "coordinates": [[-73.84222497617363, 40.88855559808114], [-73.84186267571205, 40.88863456740266]]}}, {"type": "Feature", "properties": {"segment_id": 876281, "physicalid": "61351", "street_name": "BAYCHESTER AVE", "borough": "bronx", "direction": "TW", "total_row_ft": 118.2, "roadbed_ft": 91.6, "median_ft": 0.0, "left_sw_ft": 15.0, "right_sw_ft": 11.6}, "geometry": {"type": "LineString", "coordinates": [[-73.84224494436397, 40.88860835868762], [-73.84188637651674, 40.88868651443582]]}}, {"type": "Feature", "properties": {"segment_id": 876282, "physicalid": "61351", "street_name": "BAYCHESTER AVE", "borough": "bronx", "direction": "TW", "total_row_ft": 99.3, "roadbed_ft": 61.5, "median_ft": 0.0, "left_sw_ft": 27.2, "right_sw_ft": 10.5}, "geometry": {"type": "LineString", "coordinates": [[-73.84225516917088, 40.888663243044626], [-73.84191007751211, 40.88873846143013]]}}, {"type": "Feature", "properties": {"segment_id": 876283, "physicalid": "61351", "street_name": "BAYCHESTER AVE", "borough": "bronx", "direction": "TW", "total_row_ft": 96.7, "roadbed_ft": 60.7, "median_ft": 0.0, "left_sw_ft": 26.3, "right_sw_ft": 9.7}, "geometry": {"type": "LineString", "coordinates": [[-73.84228488083976, 40.88871387988865], [-73.84193297987373, 40.88879058250106]]}}, {"type": "Feature", "properties": {"segment_id": 876284, "physicalid": "61351", "street_name": "BAYCHESTER AVE", "borough": "bronx", "direction": "TW", "total_row_ft": 90.3, "roadbed_ft": 60.6, "median_ft": 0.0, "left_sw_ft": 20.0, "right_sw_ft": 9.7}, "geometry": {"type": "LineString", "coordinates": [[-73.84226698431928, 40.88877489380194], [-73.84195308102149, 40.888843314140594]]}}, {"type": "Feature", "properties": {"segment_id": 876285, "physicalid": "61351", "street_name": "BAYCHESTER AVE", "borough": "bronx", "direction": "TW", "total_row_ft": 90.2, "roadbed_ft": 60.5, "median_ft": 0.0, "left_sw_ft": 20.0, "right_sw_ft": 9.7}, "geometry": {"type": "LineString", "coordinates": [[-73.84228672196583, 40.88882770467173], [-73.84197318211262, 40.888896045795434]]}}, {"type": "Feature", "properties": {"segment_id": 876286, "physicalid": "61351", "street_name": "BAYCHESTER AVE", "borough": "bronx", "direction": "TW", "total_row_ft": 90.1, "roadbed_ft": 60.3, "median_ft": 0.0, "left_sw_ft": 20.0, "right_sw_ft": 9.8}, "geometry": {"type": "LineString", "coordinates": [[-73.84230645942814, 40.88888051558471], [-73.84199328292776, 40.88894877751332]]}}, {"type": "Feature", "properties": {"segment_id": 876287, "physicalid": "61351", "street_name": "BAYCHESTER AVE", "borough": "bronx", "direction": "TW", "total_row_ft": 90.0, "roadbed_ft": 60.2, "median_ft": 0.0, "left_sw_ft": 20.0, "right_sw_ft": 9.8}, "geometry": {"type": "LineString", "coordinates": [[-73.84232619687513, 40.88893332650393], [-73.84201338377481, 40.8890015092272]]}}, {"type": "Feature", "properties": {"segment_id": 876288, "physicalid": "61351", "street_name": "BAYCHESTER AVE", "borough": "bronx", "direction": "TW", "total_row_ft": 89.3, "roadbed_ft": 60.1, "median_ft": 0.0, "left_sw_ft": 19.6, "right_sw_ft": 9.6}, "geometry": {"type": "LineString", "coordinates": [[-73.84234457291024, 40.88898643417017], [-73.8420342644863, 40.88905407096107]]}}, {"type": "Feature", "properties": {"segment_id": 876289, "physicalid": "61351", "street_name": "BAYCHESTER AVE", "borough": "bronx", "direction": "TW", "total_row_ft": 89.0, "roadbed_ft": 59.9, "median_ft": 0.0, "left_sw_ft": 19.7, "right_sw_ft": 9.4}, "geometry": {"type": "LineString", "coordinates": [[-73.84236466224029, 40.88903916839608], [-73.84205523364913, 40.889106613418534]]}}, {"type": "Feature", "properties": {"segment_id": 876290, "physicalid": "61351", "street_name": "BAYCHESTER AVE", "borough": "bronx", "direction": "TW", "total_row_ft": 88.8, "roadbed_ft": 59.8, "median_ft": 0.0, "left_sw_ft": 19.8, "right_sw_ft": 9.1}, "geometry": {"type": "LineString", "coordinates": [[-73.84238475160221, 40.88909190261796], [-73.84207620284515, 40.88915915587167]]}}, {"type": "Feature", "properties": {"segment_id": 876291, "physicalid": "61351", "street_name": "BAYCHESTER AVE", "borough": "bronx", "direction": "TW", "total_row_ft": 88.6, "roadbed_ft": 59.7, "median_ft": 0.0, "left_sw_ft": 19.9, "right_sw_ft": 8.9}, "geometry": {"type": "LineString", "coordinates": [[-73.84240505074133, 40.889144591118075], [-73.8420971720743, 40.88921169832053]]}}, {"type": "Feature", "properties": {"segment_id": 876292, "physicalid": "61351", "street_name": "BAYCHESTER AVE", "borough": "bronx", "direction": "TW", "total_row_ft": 88.2, "roadbed_ft": 59.7, "median_ft": 0.0, "left_sw_ft": 19.8, "right_sw_ft": 8.7}, "geometry": {"type": "LineString", "coordinates": [[-73.8424247465916, 40.88919741111876], [-73.84211797825155, 40.88926427631183]]}}, {"type": "Feature", "properties": {"segment_id": 876293, "physicalid": "61351", "street_name": "BAYCHESTER AVE", "borough": "bronx", "direction": "TW", "total_row_ft": 88.2, "roadbed_ft": 59.6, "median_ft": 0.0, "left_sw_ft": 19.7, "right_sw_ft": 8.8}, "geometry": {"type": "LineString", "coordinates": [[-73.84244444247315, 40.889250231115575], [-73.84213794893066, 40.88931703641529]]}}, {"type": "Feature", "properties": {"segment_id": 876294, "physicalid": "61351", "street_name": "BAYCHESTER AVE", "borough": "bronx", "direction": "TW", "total_row_ft": 88.1, "roadbed_ft": 59.6, "median_ft": 0.0, "left_sw_ft": 19.6, "right_sw_ft": 8.9}, "geometry": {"type": "LineString", "coordinates": [[-73.84246413838599, 40.88930305110847], [-73.84215791964148, 40.889369796514806]]}}, {"type": "Feature", "properties": {"segment_id": 876295, "physicalid": "61351", "street_name": "BAYCHESTER AVE", "borough": "bronx", "direction": "TW", "total_row_ft": 77.8, "roadbed_ft": 59.6, "median_ft": 0.0, "left_sw_ft": 9.3, "right_sw_ft": 8.9}, "geometry": {"type": "LineString", "coordinates": [[-73.84244848362543, 40.889363576413125], [-73.84217789038397, 40.88942255661031]]}}, {"type": "Feature", "properties": {"segment_id": 876296, "physicalid": "61351", "street_name": "BAYCHESTER AVE", "borough": "bronx", "direction": "TW", "total_row_ft": 77.9, "roadbed_ft": 59.5, "median_ft": 0.0, "left_sw_ft": 9.4, "right_sw_ft": 9.0}, "geometry": {"type": "LineString", "coordinates": [[-73.84246872741431, 40.889416276993025], [-73.84219786115817, 40.889475316701876]]}}, {"type": "Feature", "properties": {"segment_id": 876297, "physicalid": "61351", "street_name": "BAYCHESTER AVE", "borough": "bronx", "direction": "TW", "total_row_ft": 78.0, "roadbed_ft": 59.5, "median_ft": 0.0, "left_sw_ft": 9.5, "right_sw_ft": 9.1}, "geometry": {"type": "LineString", "coordinates": [[-73.84248899878591, 40.88946897156369], [-73.84221786544143, 40.889528069492584]]}}, {"type": "Feature", "properties": {"segment_id": 876298, "physicalid": "61351", "street_name": "BAYCHESTER AVE", "borough": "bronx", "direction": "TW", "total_row_ft": 78.1, "roadbed_ft": 59.4, "median_ft": 0.0, "left_sw_ft": 9.6, "right_sw_ft": 9.1}, "geometry": {"type": "LineString", "coordinates": [[-73.8425093804224, 40.889521642103155], [-73.84223802715108, 40.88958078797278]]}}, {"type": "Feature", "properties": {"segment_id": 876299, "physicalid": "61351", "street_name": "BAYCHESTER AVE", "borough": "bronx", "direction": "TW", "total_row_ft": 78.1, "roadbed_ft": 59.4, "median_ft": 0.0, "left_sw_ft": 9.7, "right_sw_ft": 9.1}, "geometry": {"type": "LineString", "coordinates": [[-73.84252976193306, 40.88957431267294], [-73.84225818889273, 40.88963350644891]]}}, {"type": "Feature", "properties": {"segment_id": 876300, "physicalid": "61351", "street_name": "BAYCHESTER AVE", "borough": "bronx", "direction": "TW", "total_row_ft": 78.2, "roadbed_ft": 59.4, "median_ft": 0.0, "left_sw_ft": 9.8, "right_sw_ft": 9.1}, "geometry": {"type": "LineString", "coordinates": [[-73.8425501436754, 40.88962698319511], [-73.84227835066638, 40.88968622492106]]}}, {"type": "Feature", "properties": {"segment_id": 876301, "physicalid": "61351", "street_name": "BAYCHESTER AVE", "borough": "bronx", "direction": "TW", "total_row_ft": 78.3, "roadbed_ft": 59.4, "median_ft": 0.0, "left_sw_ft": 9.8, "right_sw_ft": 9.1}, "geometry": {"type": "LineString", "coordinates": [[-73.84257052545003, 40.88967965371326], [-73.84229851247197, 40.889738943389105]]}}, {"type": "Feature", "properties": {"segment_id": 876302, "physicalid": "61351", "street_name": "BAYCHESTER AVE", "borough": "bronx", "direction": "TW", "total_row_ft": 78.3, "roadbed_ft": 59.5, "median_ft": 0.0, "left_sw_ft": 9.7, "right_sw_ft": 9.1}, "geometry": {"type": "LineString", "coordinates": [[-73.84259090725696, 40.88973232422723], [-73.8423185502772, 40.889791688887854]]}}, {"type": "Feature", "properties": {"segment_id": 876303, "physicalid": "61351", "street_name": "BAYCHESTER AVE", "borough": "bronx", "direction": "TW", "total_row_ft": 78.6, "roadbed_ft": 59.5, "median_ft": 0.0, "left_sw_ft": 9.7, "right_sw_ft": 9.3}, "geometry": {"type": "LineString", "coordinates": [[-73.84261121838117, 40.88978501015071], [-73.84233810317997, 40.88984454008128]]}}, {"type": "Feature", "properties": {"segment_id": 876304, "physicalid": "61351", "street_name": "BAYCHESTER AVE", "borough": "bronx", "direction": "TW", "total_row_ft": 78.8, "roadbed_ft": 59.6, "median_ft": 0.0, "left_sw_ft": 9.7, "right_sw_ft": 9.5}, "geometry": {"type": "LineString", "coordinates": [[-73.84263151109195, 40.88983770009062], [-73.84235765648833, 40.88989739118929]]}}, {"type": "Feature", "properties": {"segment_id": 876305, "physicalid": "61351", "street_name": "BAYCHESTER AVE", "borough": "bronx", "direction": "TW", "total_row_ft": 79.0, "roadbed_ft": 59.6, "median_ft": 0.0, "left_sw_ft": 9.7, "right_sw_ft": 9.7}, "geometry": {"type": "LineString", "coordinates": [[-73.8426518035128, 40.889890390096674], [-73.84237720939018, 40.889950242388814]]}}, {"type": "Feature", "properties": {"segment_id": 876306, "physicalid": "61351", "street_name": "BAYCHESTER AVE", "borough": "bronx", "direction": "TW", "total_row_ft": 79.2, "roadbed_ft": 59.7, "median_ft": 0.0, "left_sw_ft": 9.6, "right_sw_ft": 9.9}, "geometry": {"type": "LineString", "coordinates": [[-73.84267209582505, 40.88994308012934], [-73.8423967623174, 40.890003093585776]]}}, {"type": "Feature", "properties": {"segment_id": 876859, "physicalid": "61373", "street_name": "STRANG AVE", "borough": "bronx", "direction": "TW", "total_row_ft": 53.2, "roadbed_ft": 33.6, "median_ft": 0.0, "left_sw_ft": 8.3, "right_sw_ft": 11.3}, "geometry": {"type": "LineString", "coordinates": [[-73.84340111817599, 40.89006133229058], [-73.84334792122412, 40.88992113329045]]}}, {"type": "Feature", "properties": {"segment_id": 876870, "physicalid": "61374", "street_name": "STRANG AVE", "borough": "bronx", "direction": "TW", "total_row_ft": 150.0, "roadbed_ft": 120.0, "median_ft": 0.0, "left_sw_ft": 15.0, "right_sw_ft": 15.0}, "geometry": {"type": "LineString", "coordinates": [[-73.84438838557917, 40.88994320026147], [-73.8442670011211, 40.889626982022726]]}}, {"type": "Feature", "properties": {"segment_id": 876871, "physicalid": "61374", "street_name": "STRANG AVE", "borough": "bronx", "direction": "TW", "total_row_ft": 52.8, "roadbed_ft": 34.2, "median_ft": 0.0, "left_sw_ft": 8.3, "right_sw_ft": 10.3}, "geometry": {"type": "LineString", "coordinates": [[-73.84428395073618, 40.889867410156974], [-73.84423050069503, 40.88972816724643]]}}, {"type": "Feature", "properties": {"segment_id": 876872, "physicalid": "61374", "street_name": "STRANG AVE", "borough": "bronx", "direction": "TW", "total_row_ft": 53.0, "roadbed_ft": 34.0, "median_ft": 0.0, "left_sw_ft": 8.4, "right_sw_ft": 10.5}, "geometry": {"type": "LineString", "coordinates": [[-73.84421451919259, 40.88988280674694], [-73.84416092945142, 40.88974319952313]]}}, {"type": "Feature", "properties": {"segment_id": 876873, "physicalid": "61374", "street_name": "STRANG AVE", "borough": "bronx", "direction": "TW", "total_row_ft": 53.1, "roadbed_ft": 33.9, "median_ft": 0.0, "left_sw_ft": 8.6, "right_sw_ft": 10.7}, "geometry": {"type": "LineString", "coordinates": [[-73.84414508761682, 40.88989820329506], [-73.84409135817633, 40.889758231757874]]}}, {"type": "Feature", "properties": {"segment_id": 876874, "physicalid": "61374", "street_name": "STRANG AVE", "borough": "bronx", "direction": "TW", "total_row_ft": 53.3, "roadbed_ft": 33.7, "median_ft": 0.0, "left_sw_ft": 8.7, "right_sw_ft": 10.8}, "geometry": {"type": "LineString", "coordinates": [[-73.84407565600888, 40.889913599801396], [-73.84402178686977, 40.88977326395062]]}}, {"type": "Feature", "properties": {"segment_id": 876875, "physicalid": "61374", "street_name": "STRANG AVE", "borough": "bronx", "direction": "TW", "total_row_ft": 53.4, "roadbed_ft": 33.6, "median_ft": 0.0, "left_sw_ft": 8.8, "right_sw_ft": 11.0}, "geometry": {"type": "LineString", "coordinates": [[-73.84400622436881, 40.889928996265915], [-73.84395221553176, 40.8897882961014]]}}, {"type": "Feature", "properties": {"segment_id": 876876, "physicalid": "61374", "street_name": "STRANG AVE", "borough": "bronx", "direction": "TW", "total_row_ft": 53.5, "roadbed_ft": 33.4, "median_ft": 0.0, "left_sw_ft": 9.0, "right_sw_ft": 11.2}, "geometry": {"type": "LineString", "coordinates": [[-73.84393679269655, 40.889944392688626], [-73.84388264420171, 40.88980332831293]]}}, {"type": "Feature", "properties": {"segment_id": 876877, "physicalid": "61374", "street_name": "STRANG AVE", "borough": "bronx", "direction": "TW", "total_row_ft": 53.7, "roadbed_ft": 33.3, "median_ft": 0.0, "left_sw_ft": 9.1, "right_sw_ft": 11.3}, "geometry": {"type": "LineString", "coordinates": [[-73.84386736094696, 40.889959788951806], [-73.84381307283715, 40.889818360474564]]}}, {"type": "Feature", "properties": {"segment_id": 876878, "physicalid": "61374", "street_name": "STRANG AVE", "borough": "bronx", "direction": "TW", "total_row_ft": 53.8, "roadbed_ft": 33.1, "median_ft": 0.0, "left_sw_ft": 9.2, "right_sw_ft": 11.5}, "geometry": {"type": "LineString", "coordinates": [[-73.84379792915261, 40.88997518514041], [-73.84374350144112, 40.88983339259421]]}}, {"type": "Feature", "properties": {"segment_id": 876879, "physicalid": "61374", "street_name": "STRANG AVE", "borough": "bronx", "direction": "TW", "total_row_ft": 53.9, "roadbed_ft": 32.9, "median_ft": 0.0, "left_sw_ft": 9.4, "right_sw_ft": 11.7}, "geometry": {"type": "LineString", "coordinates": [[-73.84372849732611, 40.889990581287215], [-73.84367393001362, 40.88984842467189]]}}, {"type": "Feature", "properties": {"segment_id": 876880, "physicalid": "61374", "street_name": "STRANG AVE", "borough": "bronx", "direction": "TW", "total_row_ft": 54.1, "roadbed_ft": 32.8, "median_ft": 0.0, "left_sw_ft": 9.5, "right_sw_ft": 11.8}, "geometry": {"type": "LineString", "coordinates": [[-73.84365906546745, 40.890005977392214], [-73.8436043585547, 40.88986345670758]]}}, {"type": "Feature", "properties": {"segment_id": 876881, "physicalid": "61374", "street_name": "STRANG AVE", "borough": "bronx", "direction": "TW", "total_row_ft": 88.6, "roadbed_ft": 36.3, "median_ft": 0.0, "left_sw_ft": 40.3, "right_sw_ft": 12.0}, "geometry": {"type": "LineString", "coordinates": [[-73.8436244508895, 40.89011207830863], [-73.84353482192319, 40.88987857951512]]}}, {"type": "Feature", "properties": {"segment_id": 876882, "physicalid": "61375", "street_name": "STRANG AVE", "borough": "bronx", "direction": "TW", "total_row_ft": 150.0, "roadbed_ft": 120.0, "median_ft": 0.0, "left_sw_ft": 15.0, "right_sw_ft": 15.0}, "geometry": {"type": "LineString", "coordinates": [[-73.84525165200243, 40.88971978223102], [-73.84511026620284, 40.88940838681302]]}}, {"type": "Feature", "properties": {"segment_id": 876883, "physicalid": "61375", "street_name": "STRANG AVE", "borough": "bronx", "direction": "TW", "total_row_ft": 110.9, "roadbed_ft": 87.8, "median_ft": 0.0, "left_sw_ft": 8.1, "right_sw_ft": 15.0}, "geometry": {"type": "LineString", "coordinates": [[-73.84515485321377, 40.88967509378188], [-73.8450418774697, 40.889426269331146]]}}, {"type": "Feature", "properties": {"segment_id": 876884, "physicalid": "61375", "street_name": "STRANG AVE", "borough": "bronx", "direction": "TW", "total_row_ft": 65.6, "roadbed_ft": 42.8, "median_ft": 8.1, "left_sw_ft": 8.3, "right_sw_ft": 6.4}, "geometry": {"type": "LineString", "coordinates": [[-73.84508547357775, 40.88969079448411], [-73.84501769598766, 40.88954151700699]]}}, {"type": "Feature", "properties": {"segment_id": 876885, "physicalid": "61375", "street_name": "STRANG AVE", "borough": "bronx", "direction": "TW", "total_row_ft": 64.7, "roadbed_ft": 33.5, "median_ft": 0.0, "left_sw_ft": 8.6, "right_sw_ft": 22.6}, "geometry": {"type": "LineString", "coordinates": [[-73.84501609390897, 40.88970649514458], [-73.8449275760855, 40.889511537521564]]}}, {"type": "Feature", "properties": {"segment_id": 876886, "physicalid": "61375", "street_name": "STRANG AVE", "borough": "bronx", "direction": "TW", "total_row_ft": 65.1, "roadbed_ft": 33.9, "median_ft": 0.0, "left_sw_ft": 8.8, "right_sw_ft": 22.4}, "geometry": {"type": "LineString", "coordinates": [[-73.84494671420738, 40.88972219576332], [-73.8448381658296, 40.889483120770045]]}}, {"type": "Feature", "properties": {"segment_id": 876887, "physicalid": "61375", "street_name": "STRANG AVE", "borough": "bronx", "direction": "TW", "total_row_ft": 53.3, "roadbed_ft": 34.0, "median_ft": 0.0, "left_sw_ft": 9.1, "right_sw_ft": 10.2}, "geometry": {"type": "LineString", "coordinates": [[-73.84487733447305, 40.88973789634032], [-73.84481455903925, 40.88959963497271]]}}, {"type": "Feature", "properties": {"segment_id": 876888, "physicalid": "61375", "street_name": "STRANG AVE", "borough": "bronx", "direction": "TW", "total_row_ft": 53.6, "roadbed_ft": 33.9, "median_ft": 0.0, "left_sw_ft": 9.3, "right_sw_ft": 10.4}, "geometry": {"type": "LineString", "coordinates": [[-73.84480795470596, 40.889753596875565], [-73.84474479266547, 40.88961448368976]]}}, {"type": "Feature", "properties": {"segment_id": 876889, "physicalid": "61375", "street_name": "STRANG AVE", "borough": "bronx", "direction": "TW", "total_row_ft": 53.9, "roadbed_ft": 33.8, "median_ft": 0.0, "left_sw_ft": 9.5, "right_sw_ft": 10.6}, "geometry": {"type": "LineString", "coordinates": [[-73.84473857490606, 40.88976929736906], [-73.84467502634946, 40.8896293325605]]}}, {"type": "Feature", "properties": {"segment_id": 876890, "physicalid": "61375", "street_name": "STRANG AVE", "borough": "bronx", "direction": "TW", "total_row_ft": 54.2, "roadbed_ft": 33.8, "median_ft": 0.0, "left_sw_ft": 9.7, "right_sw_ft": 10.8}, "geometry": {"type": "LineString", "coordinates": [[-73.84466919507341, 40.88978499782081], [-73.84460532370514, 40.889644321694355]]}}, {"type": "Feature", "properties": {"segment_id": 876891, "physicalid": "61375", "street_name": "STRANG AVE", "borough": "bronx", "direction": "TW", "total_row_ft": 54.5, "roadbed_ft": 33.7, "median_ft": 0.0, "left_sw_ft": 10.0, "right_sw_ft": 10.8}, "geometry": {"type": "LineString", "coordinates": [[-73.84459995454807, 40.889801005126195], [-73.84453573984351, 40.88965957247432]]}}, {"type": "Feature", "properties": {"segment_id": 876892, "physicalid": "61375", "street_name": "STRANG AVE", "borough": "bronx", "direction": "TW", "total_row_ft": 54.8, "roadbed_ft": 33.4, "median_ft": 0.0, "left_sw_ft": 10.4, "right_sw_ft": 11.0}, "geometry": {"type": "LineString", "coordinates": [[-73.8445307305559, 40.88981704887761], [-73.84446615596984, 40.88967482325613]]}}, {"type": "Feature", "properties": {"segment_id": 877659, "physicalid": "61418", "street_name": "E 224 ST", "borough": "bronx", "direction": "FT", "total_row_ft": 150.0, "roadbed_ft": 120.0, "median_ft": 0.0, "left_sw_ft": 15.0, "right_sw_ft": 15.0}, "geometry": {"type": "LineString", "coordinates": [[-73.84960687569513, 40.88351409461292], [-73.84946017969384, 40.88320412040631]]}}, {"type": "Feature", "properties": {"segment_id": 877660, "physicalid": "61418", "street_name": "E 224 ST", "borough": "bronx", "direction": "FT", "total_row_ft": 120.0, "roadbed_ft": 39.2, "median_ft": 0.0, "left_sw_ft": 36.1, "right_sw_ft": 44.7}, "geometry": {"type": "LineString", "coordinates": [[-73.84953880524125, 40.8835326506067], [-73.84939210951639, 40.883222676314645]]}}, {"type": "Feature", "properties": {"segment_id": 877661, "physicalid": "61418", "street_name": "E 224 ST", "borough": "bronx", "direction": "FT", "total_row_ft": 86.7, "roadbed_ft": 40.7, "median_ft": 0.0, "left_sw_ft": 29.1, "right_sw_ft": 16.9}, "geometry": {"type": "LineString", "coordinates": [[-73.84945892524443, 40.8835262526358], [-73.84935294848843, 40.88330231889955]]}}, {"type": "Feature", "properties": {"segment_id": 877662, "physicalid": "61418", "street_name": "E 224 ST", "borough": "bronx", "direction": "FT", "total_row_ft": 83.4, "roadbed_ft": 35.2, "median_ft": 0.0, "left_sw_ft": 10.4, "right_sw_ft": 37.8}, "geometry": {"type": "LineString", "coordinates": [[-73.84928182666194, 40.883450420017724], [-73.84942899799071, 40.883250691771444]]}}, {"type": "Feature", "properties": {"segment_id": 877663, "physicalid": "61418", "street_name": "E 224 ST", "borough": "bronx", "direction": "FT", "total_row_ft": 57.2, "roadbed_ft": 35.0, "median_ft": 0.0, "left_sw_ft": 10.3, "right_sw_ft": 11.9}, "geometry": {"type": "LineString", "coordinates": [[-73.84921883243642, 40.88342344613675], [-73.84937578435496, 40.88321044473946]]}}, {"type": "Feature", "properties": {"segment_id": 877664, "physicalid": "61418", "street_name": "E 224 ST", "borough": "bronx", "direction": "FT", "total_row_ft": 56.8, "roadbed_ft": 34.9, "median_ft": 0.0, "left_sw_ft": 10.3, "right_sw_ft": 11.6}, "geometry": {"type": "LineString", "coordinates": [[-73.84915583826202, 40.883396472221285], [-73.84925609576592, 40.883260411874836]]}}, {"type": "Feature", "properties": {"segment_id": 877665, "physicalid": "61418", "street_name": "E 224 ST", "borough": "bronx", "direction": "FT", "total_row_ft": 56.9, "roadbed_ft": 34.7, "median_ft": 0.0, "left_sw_ft": 10.2, "right_sw_ft": 11.9}, "geometry": {"type": "LineString", "coordinates": [[-73.84909284413874, 40.883369498271314], [-73.8491932168526, 40.883233281746044]]}}, {"type": "Feature", "properties": {"segment_id": 877666, "physicalid": "61418", "street_name": "E 224 ST", "borough": "bronx", "direction": "FT", "total_row_ft": 56.9, "roadbed_ft": 34.6, "median_ft": 0.0, "left_sw_ft": 10.2, "right_sw_ft": 12.1}, "geometry": {"type": "LineString", "coordinates": [[-73.84902985006659, 40.88334252428679], [-73.84913022278909, 40.883206307923814]]}}, {"type": "Feature", "properties": {"segment_id": 877667, "physicalid": "61418", "street_name": "E 224 ST", "borough": "bronx", "direction": "FT", "total_row_ft": 56.9, "roadbed_ft": 34.4, "median_ft": 0.0, "left_sw_ft": 10.1, "right_sw_ft": 12.3}, "geometry": {"type": "LineString", "coordinates": [[-73.84896685604554, 40.883315550267795], [-73.84906722877668, 40.88317933406707]]}}, {"type": "Feature", "properties": {"segment_id": 877668, "physicalid": "61418", "street_name": "E 224 ST", "borough": "bronx", "direction": "FT", "total_row_ft": 56.9, "roadbed_ft": 34.2, "median_ft": 0.0, "left_sw_ft": 10.1, "right_sw_ft": 12.5}, "geometry": {"type": "LineString", "coordinates": [[-73.8489038476508, 40.88328859579014], [-73.84900423481538, 40.8831523601758]]}}, {"type": "Feature", "properties": {"segment_id": 877669, "physicalid": "61418", "street_name": "E 224 ST", "borough": "bronx", "direction": "FT", "total_row_ft": 56.9, "roadbed_ft": 34.1, "median_ft": 0.0, "left_sw_ft": 10.0, "right_sw_ft": 12.7}, "geometry": {"type": "LineString", "coordinates": [[-73.84884082326761, 40.88326166304519], [-73.8489412409052, 40.883125386250036]]}}, {"type": "Feature", "properties": {"segment_id": 877670, "physicalid": "61418", "street_name": "E 224 ST", "borough": "bronx", "direction": "FT", "total_row_ft": 56.9, "roadbed_ft": 33.9, "median_ft": 0.0, "left_sw_ft": 10.0, "right_sw_ft": 13.0}, "geometry": {"type": "LineString", "coordinates": [[-73.84877779893547, 40.88323473026569], [-73.84887824704616, 40.88309841228976]]}}, {"type": "Feature", "properties": {"segment_id": 877671, "physicalid": "61418", "street_name": "E 224 ST", "borough": "bronx", "direction": "FT", "total_row_ft": 53.7, "roadbed_ft": 33.8, "median_ft": 0.0, "left_sw_ft": 10.0, "right_sw_ft": 9.9}, "geometry": {"type": "LineString", "coordinates": [[-73.84871477465441, 40.88320779745165], [-73.84880956644619, 40.88307915583911]]}}, {"type": "Feature", "properties": {"segment_id": 877672, "physicalid": "61418", "street_name": "E 224 ST", "borough": "bronx", "direction": "FT", "total_row_ft": 53.7, "roadbed_ft": 33.7, "median_ft": 0.0, "left_sw_ft": 9.9, "right_sw_ft": 10.0}, "geometry": {"type": "LineString", "coordinates": [[-73.84865175042441, 40.88318086460304], [-73.84874648579468, 40.88305229972454]]}}, {"type": "Feature", "properties": {"segment_id": 877673, "physicalid": "61418", "street_name": "E 224 ST", "borough": "bronx", "direction": "FT", "total_row_ft": 53.6, "roadbed_ft": 33.7, "median_ft": 0.0, "left_sw_ft": 9.9, "right_sw_ft": 10.1}, "geometry": {"type": "LineString", "coordinates": [[-73.84858872624547, 40.883153931719896], [-73.84868340537184, 40.88302544333419]]}}, {"type": "Feature", "properties": {"segment_id": 877674, "physicalid": "61418", "street_name": "E 224 ST", "borough": "bronx", "direction": "FT", "total_row_ft": 53.6, "roadbed_ft": 33.6, "median_ft": 0.0, "left_sw_ft": 9.9, "right_sw_ft": 10.1}, "geometry": {"type": "LineString", "coordinates": [[-73.84852570215428, 40.883126998752424], [-73.84862032499997, 40.882998586909224]]}}, {"type": "Feature", "properties": {"segment_id": 877675, "physicalid": "61418", "street_name": "E 224 ST", "borough": "bronx", "direction": "FT", "total_row_ft": 53.6, "roadbed_ft": 33.6, "median_ft": 0.0, "left_sw_ft": 9.8, "right_sw_ft": 10.2}, "geometry": {"type": "LineString", "coordinates": [[-73.84846267811423, 40.883100065750305], [-73.84855724474693, 40.88297173035752]]}}, {"type": "Feature", "properties": {"segment_id": 877676, "physicalid": "61418", "street_name": "E 224 ST", "borough": "bronx", "direction": "FT", "total_row_ft": 53.6, "roadbed_ft": 33.5, "median_ft": 0.0, "left_sw_ft": 9.8, "right_sw_ft": 10.3}, "geometry": {"type": "LineString", "coordinates": [[-73.84839958465285, 40.88307322699353], [-73.84849416454986, 40.88294487376445]]}}, {"type": "Feature", "properties": {"segment_id": 877677, "physicalid": "61418", "street_name": "E 224 ST", "borough": "bronx", "direction": "FT", "total_row_ft": 53.7, "roadbed_ft": 33.5, "median_ft": 0.0, "left_sw_ft": 9.9, "right_sw_ft": 10.3}, "geometry": {"type": "LineString", "coordinates": [[-73.84833625500649, 40.88304670879394], [-73.84843100715766, 40.88291812196657]]}}, {"type": "Feature", "properties": {"segment_id": 877678, "physicalid": "61418", "street_name": "E 224 ST", "borough": "bronx", "direction": "FT", "total_row_ft": 53.7, "roadbed_ft": 33.6, "median_ft": 0.0, "left_sw_ft": 9.9, "right_sw_ft": 10.2}, "geometry": {"type": "LineString", "coordinates": [[-73.84827292541065, 40.88302019055947], [-73.84836775394909, 40.882891500234194]]}}, {"type": "Feature", "properties": {"segment_id": 877679, "physicalid": "61418", "street_name": "E 224 ST", "borough": "bronx", "direction": "FT", "total_row_ft": 53.8, "roadbed_ft": 33.6, "median_ft": 0.0, "left_sw_ft": 9.9, "right_sw_ft": 10.2}, "geometry": {"type": "LineString", "coordinates": [[-73.84820959586533, 40.8829936722901], [-73.84830450079119, 40.88286487846702]]}}, {"type": "Feature", "properties": {"segment_id": 877680, "physicalid": "61418", "street_name": "E 224 ST", "borough": "bronx", "direction": "FT", "total_row_ft": 53.8, "roadbed_ft": 33.6, "median_ft": 0.0, "left_sw_ft": 10.0, "right_sw_ft": 10.2}, "geometry": {"type": "LineString", "coordinates": [[-73.84814626637055, 40.88296715398587], [-73.84824124768393, 40.88283825666504]]}}, {"type": "Feature", "properties": {"segment_id": 877681, "physicalid": "61418", "street_name": "E 224 ST", "borough": "bronx", "direction": "FT", "total_row_ft": 53.9, "roadbed_ft": 33.6, "median_ft": 0.0, "left_sw_ft": 10.0, "right_sw_ft": 10.3}, "geometry": {"type": "LineString", "coordinates": [[-73.84808293692628, 40.882940635646726], [-73.84817799462732, 40.88281163482828]]}}, {"type": "Feature", "properties": {"segment_id": 877682, "physicalid": "61418", "street_name": "E 224 ST", "borough": "bronx", "direction": "FT", "total_row_ft": 53.9, "roadbed_ft": 33.6, "median_ft": 0.0, "left_sw_ft": 10.0, "right_sw_ft": 10.3}, "geometry": {"type": "LineString", "coordinates": [[-73.8480196075325, 40.882914117272726], [-73.8481147416214, 40.88278501295671]]}}, {"type": "Feature", "properties": {"segment_id": 877683, "physicalid": "61418", "street_name": "E 224 ST", "borough": "bronx", "direction": "FT", "total_row_ft": 53.9, "roadbed_ft": 33.6, "median_ft": 0.0, "left_sw_ft": 10.0, "right_sw_ft": 10.3}, "geometry": {"type": "LineString", "coordinates": [[-73.84795627818927, 40.88288759886387], [-73.84805148866612, 40.88275839105034]]}}, {"type": "Feature", "properties": {"segment_id": 877684, "physicalid": "61418", "street_name": "E 224 ST", "borough": "bronx", "direction": "FT", "total_row_ft": 54.0, "roadbed_ft": 33.6, "median_ft": 0.0, "left_sw_ft": 10.0, "right_sw_ft": 10.3}, "geometry": {"type": "LineString", "coordinates": [[-73.84789294890594, 40.88286108040739], [-73.84798823576148, 40.8827317691092]]}}, {"type": "Feature", "properties": {"segment_id": 877685, "physicalid": "61418", "street_name": "E 224 ST", "borough": "bronx", "direction": "FT", "total_row_ft": 54.0, "roadbed_ft": 33.6, "median_ft": 0.0, "left_sw_ft": 10.1, "right_sw_ft": 10.3}, "geometry": {"type": "LineString", "coordinates": [[-73.84782966158527, 40.882834505038375], [-73.84792493738946, 40.88270520890465]]}}, {"type": "Feature", "properties": {"segment_id": 877686, "physicalid": "61418", "street_name": "E 224 ST", "borough": "bronx", "direction": "FT", "total_row_ft": 53.8, "roadbed_ft": 33.5, "median_ft": 0.0, "left_sw_ft": 10.0, "right_sw_ft": 10.3}, "geometry": {"type": "LineString", "coordinates": [[-73.84776662251741, 40.88280759280741], [-73.8478615438513, 40.882678777881345]]}}, {"type": "Feature", "properties": {"segment_id": 877687, "physicalid": "61418", "street_name": "E 224 ST", "borough": "bronx", "direction": "FT", "total_row_ft": 53.6, "roadbed_ft": 33.4, "median_ft": 0.0, "left_sw_ft": 9.9, "right_sw_ft": 10.2}, "geometry": {"type": "LineString", "coordinates": [[-73.8477035835006, 40.882780680541856], [-73.84779815036353, 40.88265234682311]]}}, {"type": "Feature", "properties": {"segment_id": 877688, "physicalid": "61418", "street_name": "E 224 ST", "borough": "bronx", "direction": "FT", "total_row_ft": 53.4, "roadbed_ft": 33.3, "median_ft": 0.0, "left_sw_ft": 9.8, "right_sw_ft": 10.2}, "geometry": {"type": "LineString", "coordinates": [[-73.84764054453484, 40.88275376824174], [-73.84773475692617, 40.8826259157299]]}}, {"type": "Feature", "properties": {"segment_id": 877689, "physicalid": "61418", "street_name": "E 224 ST", "borough": "bronx", "direction": "FT", "total_row_ft": 53.2, "roadbed_ft": 33.3, "median_ft": 0.0, "left_sw_ft": 9.8, "right_sw_ft": 10.1}, "geometry": {"type": "LineString", "coordinates": [[-73.8475775056201, 40.88272685590708], [-73.84767136353922, 40.882599484601755]]}}, {"type": "Feature", "properties": {"segment_id": 877690, "physicalid": "61418", "street_name": "E 224 ST", "borough": "bronx", "direction": "FT", "total_row_ft": 53.0, "roadbed_ft": 33.3, "median_ft": 0.0, "left_sw_ft": 9.7, "right_sw_ft": 10.0}, "geometry": {"type": "LineString", "coordinates": [[-73.84751446675641, 40.882699943537844], [-73.84760797020267, 40.882573053438676]]}}, {"type": "Feature", "properties": {"segment_id": 877691, "physicalid": "61418", "street_name": "E 224 ST", "borough": "bronx", "direction": "FT", "total_row_ft": 52.8, "roadbed_ft": 33.4, "median_ft": 0.0, "left_sw_ft": 9.6, "right_sw_ft": 9.8}, "geometry": {"type": "LineString", "coordinates": [[-73.84745142794372, 40.88267303113404], [-73.84754457691653, 40.88254662224063]]}}, {"type": "Feature", "properties": {"segment_id": 877692, "physicalid": "61418", "street_name": "E 224 ST", "borough": "bronx", "direction": "FT", "total_row_ft": 52.7, "roadbed_ft": 33.4, "median_ft": 0.0, "left_sw_ft": 9.5, "right_sw_ft": 9.8}, "geometry": {"type": "LineString", "coordinates": [[-73.84738838918211, 40.88264611869567], [-73.8474814259683, 40.882519862208305]]}}, {"type": "Feature", "properties": {"segment_id": 877693, "physicalid": "61418", "street_name": "E 224 ST", "borough": "bronx", "direction": "FT", "total_row_ft": 52.7, "roadbed_ft": 33.4, "median_ft": 0.0, "left_sw_ft": 9.5, "right_sw_ft": 9.8}, "geometry": {"type": "LineString", "coordinates": [[-73.84732532327574, 40.88261924312891], [-73.84741836312224, 40.8824929826502]]}}, {"type": "Feature", "properties": {"segment_id": 877694, "physicalid": "61418", "street_name": "E 224 ST", "borough": "bronx", "direction": "FT", "total_row_ft": 52.7, "roadbed_ft": 33.5, "median_ft": 0.0, "left_sw_ft": 9.5, "right_sw_ft": 9.8}, "geometry": {"type": "LineString", "coordinates": [[-73.8472622064891, 40.88259243664399], [-73.84735530032718, 40.88246610305752]]}}, {"type": "Feature", "properties": {"segment_id": 877695, "physicalid": "61418", "street_name": "E 224 ST", "borough": "bronx", "direction": "FT", "total_row_ft": 52.8, "roadbed_ft": 33.5, "median_ft": 0.0, "left_sw_ft": 9.4, "right_sw_ft": 9.8}, "geometry": {"type": "LineString", "coordinates": [[-73.8471990895728, 40.88256563036946], [-73.8472922375811, 40.882439223433]]}}, {"type": "Feature", "properties": {"segment_id": 877696, "physicalid": "61418", "street_name": "E 224 ST", "borough": "bronx", "direction": "FT", "total_row_ft": 52.8, "roadbed_ft": 33.6, "median_ft": 0.0, "left_sw_ft": 9.4, "right_sw_ft": 9.8}, "geometry": {"type": "LineString", "coordinates": [[-73.84713597270739, 40.88253882406028], [-73.847229174885, 40.88241234377523]]}}, {"type": "Feature", "properties": {"segment_id": 877697, "physicalid": "61418", "street_name": "E 224 ST", "borough": "bronx", "direction": "FT", "total_row_ft": 52.8, "roadbed_ft": 33.6, "median_ft": 0.0, "left_sw_ft": 9.4, "right_sw_ft": 9.9}, "geometry": {"type": "LineString", "coordinates": [[-73.84707285589288, 40.88251201771646], [-73.84716611223989, 40.8823854640829]]}}, {"type": "Feature", "properties": {"segment_id": 877698, "physicalid": "61418", "street_name": "E 224 ST", "borough": "bronx", "direction": "FT", "total_row_ft": 52.9, "roadbed_ft": 33.6, "median_ft": 0.0, "left_sw_ft": 9.3, "right_sw_ft": 9.9}, "geometry": {"type": "LineString", "coordinates": [[-73.84700973912926, 40.88248521133801], [-73.84710304964578, 40.88235858435598]]}}, {"type": "Feature", "properties": {"segment_id": 877699, "physicalid": "61418", "street_name": "E 224 ST", "borough": "bronx", "direction": "FT", "total_row_ft": 52.8, "roadbed_ft": 33.7, "median_ft": 0.0, "left_sw_ft": 9.3, "right_sw_ft": 9.8}, "geometry": {"type": "LineString", "coordinates": [[-73.84694662241655, 40.88245840492488], [-73.84703985325902, 40.882331886227064]]}}, {"type": "Feature", "properties": {"segment_id": 877700, "physicalid": "61418", "street_name": "E 224 ST", "borough": "bronx", "direction": "FT", "total_row_ft": 52.8, "roadbed_ft": 33.7, "median_ft": 0.0, "left_sw_ft": 9.3, "right_sw_ft": 9.7}, "geometry": {"type": "LineString", "coordinates": [[-73.84688350575472, 40.882431598477126], [-73.8469766419568, 40.882305208373296]]}}, {"type": "Feature", "properties": {"segment_id": 877701, "physicalid": "61418", "street_name": "E 224 ST", "borough": "bronx", "direction": "FT", "total_row_ft": 52.7, "roadbed_ft": 33.9, "median_ft": 0.0, "left_sw_ft": 9.3, "right_sw_ft": 9.5}, "geometry": {"type": "LineString", "coordinates": [[-73.84682038914382, 40.882404791994695], [-73.84691343070531, 40.882278530484754]]}}, {"type": "Feature", "properties": {"segment_id": 877702, "physicalid": "61418", "street_name": "E 224 ST", "borough": "bronx", "direction": "FT", "total_row_ft": 52.7, "roadbed_ft": 34.1, "median_ft": 0.0, "left_sw_ft": 9.3, "right_sw_ft": 9.3}, "geometry": {"type": "LineString", "coordinates": [[-73.84675727258379, 40.882377985477625], [-73.84685021950456, 40.88225185256149]]}}, {"type": "Feature", "properties": {"segment_id": 877703, "physicalid": "61418", "street_name": "E 224 ST", "borough": "bronx", "direction": "FT", "total_row_ft": 52.6, "roadbed_ft": 34.3, "median_ft": 0.0, "left_sw_ft": 9.3, "right_sw_ft": 9.0}, "geometry": {"type": "LineString", "coordinates": [[-73.84669415609306, 40.88235117890093], [-73.84678700835384, 40.88222517460442]]}}, {"type": "Feature", "properties": {"segment_id": 877704, "physicalid": "61418", "street_name": "E 224 ST", "borough": "bronx", "direction": "FT", "total_row_ft": 83.8, "roadbed_ft": 34.6, "median_ft": 0.0, "left_sw_ft": 40.5, "right_sw_ft": 8.8}, "geometry": {"type": "LineString", "coordinates": [[-73.84657579961596, 40.88239933490862], [-73.84672379699924, 40.88219849695812]]}}, {"type": "Feature", "properties": {"segment_id": 877705, "physicalid": "61419", "street_name": "E 224 ST", "borough": "bronx", "direction": "FT", "total_row_ft": 106.0, "roadbed_ft": 76.0, "median_ft": 0.0, "left_sw_ft": 15.0, "right_sw_ft": 15.0}, "geometry": {"type": "LineString", "coordinates": [[-73.84366020722202, 40.88117288390969], [-73.84387150533645, 40.88088520233099]]}}, {"type": "Feature", "properties": {"segment_id": 877706, "physicalid": "61419", "street_name": "E 224 ST", "borough": "bronx", "direction": "FT", "total_row_ft": 90.8, "roadbed_ft": 40.7, "median_ft": 0.0, "left_sw_ft": 15.0, "right_sw_ft": 35.1}, "geometry": {"type": "LineString", "coordinates": [[-73.84359703455594, 40.8811461552211], [-73.84380833285873, 40.88085847375664]]}}, {"type": "Feature", "properties": {"segment_id": 877707, "physicalid": "61419", "street_name": "E 224 ST", "borough": "bronx", "direction": "FT", "total_row_ft": 57.7, "roadbed_ft": 34.6, "median_ft": 0.0, "left_sw_ft": 15.0, "right_sw_ft": 8.1}, "geometry": {"type": "LineString", "coordinates": [[-73.84353386194061, 40.88111942649778], [-73.84368719715808, 40.88091066200866]]}}, {"type": "Feature", "properties": {"segment_id": 877708, "physicalid": "61419", "street_name": "E 224 ST", "borough": "bronx", "direction": "FT", "total_row_ft": 58.5, "roadbed_ft": 35.1, "median_ft": 0.0, "left_sw_ft": 15.0, "right_sw_ft": 8.4}, "geometry": {"type": "LineString", "coordinates": [[-73.8434706893761, 40.88109269773977], [-73.84362431816078, 40.880883533829696]]}}, {"type": "Feature", "properties": {"segment_id": 877709, "physicalid": "61419", "street_name": "E 224 ST", "borough": "bronx", "direction": "FT", "total_row_ft": 59.5, "roadbed_ft": 35.8, "median_ft": 0.0, "left_sw_ft": 15.0, "right_sw_ft": 8.7}, "geometry": {"type": "LineString", "coordinates": [[-73.8434075168624, 40.88106596894704], [-73.84356142166234, 40.88085642951385]]}}, {"type": "Feature", "properties": {"segment_id": 877710, "physicalid": "61419", "street_name": "E 224 ST", "borough": "bronx", "direction": "FT", "total_row_ft": 60.3, "roadbed_ft": 36.3, "median_ft": 0.0, "left_sw_ft": 15.0, "right_sw_ft": 9.0}, "geometry": {"type": "LineString", "coordinates": [[-73.84334434439948, 40.881039240119605], [-73.84349852038653, 40.88082933173778]]}}, {"type": "Feature", "properties": {"segment_id": 877711, "physicalid": "61419", "street_name": "E 224 ST", "borough": "bronx", "direction": "FT", "total_row_ft": 60.9, "roadbed_ft": 36.7, "median_ft": 0.0, "left_sw_ft": 15.0, "right_sw_ft": 9.2}, "geometry": {"type": "LineString", "coordinates": [[-73.84328117198736, 40.88101251125746], [-73.843435619162, 40.88080223392726]]}}, {"type": "Feature", "properties": {"segment_id": 877712, "physicalid": "61419", "street_name": "E 224 ST", "borough": "bronx", "direction": "FT", "total_row_ft": 61.6, "roadbed_ft": 37.2, "median_ft": 0.0, "left_sw_ft": 15.0, "right_sw_ft": 9.4}, "geometry": {"type": "LineString", "coordinates": [[-73.84321799962602, 40.880985782360625], [-73.84337271807489, 40.88077513596509]]}}, {"type": "Feature", "properties": {"segment_id": 877713, "physicalid": "61419", "street_name": "E 224 ST", "borough": "bronx", "direction": "FT", "total_row_ft": 54.7, "roadbed_ft": 36.9, "median_ft": 0.0, "left_sw_ft": 8.5, "right_sw_ft": 9.3}, "geometry": {"type": "LineString", "coordinates": [[-73.8432132925392, 40.88087945435949], [-73.84330952455844, 40.88074843617654]]}}, {"type": "Feature", "properties": {"segment_id": 877714, "physicalid": "61419", "street_name": "E 224 ST", "borough": "bronx", "direction": "FT", "total_row_ft": 54.5, "roadbed_ft": 36.4, "median_ft": 0.0, "left_sw_ft": 8.9, "right_sw_ft": 9.2}, "geometry": {"type": "LineString", "coordinates": [[-73.84315024095054, 40.88085256120487], [-73.84324615860238, 40.88072197119604]]}}, {"type": "Feature", "properties": {"segment_id": 877715, "physicalid": "61419", "street_name": "E 224 ST", "borough": "bronx", "direction": "FT", "total_row_ft": 54.3, "roadbed_ft": 36.5, "median_ft": 0.0, "left_sw_ft": 8.8, "right_sw_ft": 9.0}, "geometry": {"type": "LineString", "coordinates": [[-73.84308718926569, 40.880825668216104], [-73.84318279276505, 40.880695506087676]]}}, {"type": "Feature", "properties": {"segment_id": 877716, "physicalid": "61419", "street_name": "E 224 ST", "borough": "bronx", "direction": "FT", "total_row_ft": 54.1, "roadbed_ft": 36.7, "median_ft": 0.0, "left_sw_ft": 8.5, "right_sw_ft": 8.9}, "geometry": {"type": "LineString", "coordinates": [[-73.84302413750433, 40.8807987753663], [-73.84311942673658, 40.880669041273315]]}}, {"type": "Feature", "properties": {"segment_id": 877717, "physicalid": "61419", "street_name": "E 224 ST", "borough": "bronx", "direction": "FT", "total_row_ft": 54.0, "roadbed_ft": 36.9, "median_ft": 0.0, "left_sw_ft": 8.3, "right_sw_ft": 8.8}, "geometry": {"type": "LineString", "coordinates": [[-73.84296108581857, 40.88077188244849], [-73.84305610803425, 40.88064251205921]]}}, {"type": "Feature", "properties": {"segment_id": 877718, "physicalid": "61419", "street_name": "E 224 ST", "borough": "bronx", "direction": "FT", "total_row_ft": 53.9, "roadbed_ft": 37.2, "median_ft": 0.0, "left_sw_ft": 8.0, "right_sw_ft": 8.7}, "geometry": {"type": "LineString", "coordinates": [[-73.84289803424491, 40.880744989412904], [-73.84299288338265, 40.88061585483116]]}}, {"type": "Feature", "properties": {"segment_id": 877719, "physicalid": "61419", "street_name": "E 224 ST", "borough": "bronx", "direction": "FT", "total_row_ft": 53.9, "roadbed_ft": 37.5, "median_ft": 0.0, "left_sw_ft": 7.8, "right_sw_ft": 8.7}, "geometry": {"type": "LineString", "coordinates": [[-73.84283469579717, 40.8807184869823], [-73.8429296586388, 40.880589197762966]]}}, {"type": "Feature", "properties": {"segment_id": 877720, "physicalid": "61419", "street_name": "E 224 ST", "borough": "bronx", "direction": "FT", "total_row_ft": 54.1, "roadbed_ft": 37.8, "median_ft": 0.0, "left_sw_ft": 7.7, "right_sw_ft": 8.6}, "geometry": {"type": "LineString", "coordinates": [[-73.84277122199303, 40.8806921688687], [-73.84286643394567, 40.88056254065999]]}}, {"type": "Feature", "properties": {"segment_id": 877721, "physicalid": "61419", "street_name": "E 224 ST", "borough": "bronx", "direction": "FT", "total_row_ft": 54.4, "roadbed_ft": 38.0, "median_ft": 0.0, "left_sw_ft": 7.6, "right_sw_ft": 8.7}, "geometry": {"type": "LineString", "coordinates": [[-73.84270774825839, 40.88066585069392], [-73.84280346401785, 40.88053553673566]]}}, {"type": "Feature", "properties": {"segment_id": 877722, "physicalid": "61419", "street_name": "E 224 ST", "borough": "bronx", "direction": "FT", "total_row_ft": 55.0, "roadbed_ft": 38.9, "median_ft": 0.0, "left_sw_ft": 7.5, "right_sw_ft": 8.6}, "geometry": {"type": "LineString", "coordinates": [[-73.84264427463606, 40.88063953239961], [-73.84274120323397, 40.88050756736855]]}}, {"type": "Feature", "properties": {"segment_id": 877723, "physicalid": "61419", "street_name": "E 224 ST", "borough": "bronx", "direction": "FT", "total_row_ft": 53.6, "roadbed_ft": 37.6, "median_ft": 0.0, "left_sw_ft": 7.4, "right_sw_ft": 8.6}, "geometry": {"type": "LineString", "coordinates": [[-73.84256591430564, 40.88057690594873], [-73.84272255124674, 40.88049024276406]]}}, {"type": "Feature", "properties": {"segment_id": 877724, "physicalid": "61419", "street_name": "E 224 ST", "borough": "bronx", "direction": "FT", "total_row_ft": 53.7, "roadbed_ft": 37.7, "median_ft": 0.0, "left_sw_ft": 7.6, "right_sw_ft": 8.4}, "geometry": {"type": "LineString", "coordinates": [[-73.84251980988752, 40.880534483712246], [-73.84267671753547, 40.880447670792044]]}}, {"type": "Feature", "properties": {"segment_id": 877725, "physicalid": "61419", "street_name": "E 224 ST", "borough": "bronx", "direction": "FT", "total_row_ft": 53.8, "roadbed_ft": 37.8, "median_ft": 0.0, "left_sw_ft": 7.7, "right_sw_ft": 8.3}, "geometry": {"type": "LineString", "coordinates": [[-73.84247376253471, 40.88049202991696], [-73.84263088391005, 40.88040509878646]]}}, {"type": "Feature", "properties": {"segment_id": 877726, "physicalid": "61419", "street_name": "E 224 ST", "borough": "bronx", "direction": "FT", "total_row_ft": 53.8, "roadbed_ft": 37.9, "median_ft": 0.0, "left_sw_ft": 7.8, "right_sw_ft": 8.1}, "geometry": {"type": "LineString", "coordinates": [[-73.84242775705187, 40.88044955297003], [-73.84258505038713, 40.88036252673809]]}}, {"type": "Feature", "properties": {"segment_id": 877727, "physicalid": "61419", "street_name": "E 224 ST", "borough": "bronx", "direction": "FT", "total_row_ft": 53.9, "roadbed_ft": 38.0, "median_ft": 0.0, "left_sw_ft": 7.9, "right_sw_ft": 8.0}, "geometry": {"type": "LineString", "coordinates": [[-73.84238175162777, 40.88040707600441], [-73.84253921692293, 40.88031995467119]]}}, {"type": "Feature", "properties": {"segment_id": 877728, "physicalid": "61419", "street_name": "E 224 ST", "borough": "bronx", "direction": "FT", "total_row_ft": 56.1, "roadbed_ft": 38.1, "median_ft": 0.0, "left_sw_ft": 10.1, "right_sw_ft": 7.8}, "geometry": {"type": "LineString", "coordinates": [[-73.84232954954707, 40.8803680274863], [-73.84249338351741, 40.88027738258577]]}}, {"type": "Feature", "properties": {"segment_id": 877729, "physicalid": "61419", "street_name": "E 224 ST", "borough": "bronx", "direction": "FT", "total_row_ft": 56.0, "roadbed_ft": 37.9, "median_ft": 0.0, "left_sw_ft": 10.5, "right_sw_ft": 7.7}, "geometry": {"type": "LineString", "coordinates": [[-73.84228388011469, 40.88032536465226], [-73.84244758402166, 40.88023479175287]]}}, {"type": "Feature", "properties": {"segment_id": 877730, "physicalid": "61419", "street_name": "E 224 ST", "borough": "bronx", "direction": "FT", "total_row_ft": 56.1, "roadbed_ft": 37.6, "median_ft": 0.0, "left_sw_ft": 10.8, "right_sw_ft": 7.8}, "geometry": {"type": "LineString", "coordinates": [[-73.84223844414959, 40.88028257266165], [-73.84240251106775, 40.880191798957284]]}}, {"type": "Feature", "properties": {"segment_id": 877731, "physicalid": "61419", "street_name": "E 224 ST", "borough": "bronx", "direction": "FT", "total_row_ft": 56.0, "roadbed_ft": 37.3, "median_ft": 0.0, "left_sw_ft": 10.8, "right_sw_ft": 7.9}, "geometry": {"type": "LineString", "coordinates": [[-73.84219389155929, 40.88023929193973], [-73.84235743817214, 40.88014880614376]]}}, {"type": "Feature", "properties": {"segment_id": 877732, "physicalid": "61419", "street_name": "E 224 ST", "borough": "bronx", "direction": "FT", "total_row_ft": 56.0, "roadbed_ft": 37.0, "median_ft": 0.0, "left_sw_ft": 10.8, "right_sw_ft": 8.2}, "geometry": {"type": "LineString", "coordinates": [[-73.84214933902875, 40.880196011199246], [-73.84231286630214, 40.88010553614043]]}}, {"type": "Feature", "properties": {"segment_id": 877733, "physicalid": "61419", "street_name": "E 224 ST", "borough": "bronx", "direction": "FT", "total_row_ft": 56.2, "roadbed_ft": 36.7, "median_ft": 0.0, "left_sw_ft": 10.8, "right_sw_ft": 8.7}, "geometry": {"type": "LineString", "coordinates": [[-73.84210478655761, 40.880152730440514], [-73.84226912609296, 40.88006180601592]]}}, {"type": "Feature", "properties": {"segment_id": 877734, "physicalid": "61419", "street_name": "E 224 ST", "borough": "bronx", "direction": "FT", "total_row_ft": 56.5, "roadbed_ft": 36.5, "median_ft": 0.0, "left_sw_ft": 10.8, "right_sw_ft": 9.3}, "geometry": {"type": "LineString", "coordinates": [[-73.84206023414445, 40.88010944966421], [-73.84222538594132, 40.88001807587448]]}}, {"type": "Feature", "properties": {"segment_id": 877735, "physicalid": "61419", "street_name": "E 224 ST", "borough": "bronx", "direction": "FT", "total_row_ft": 57.1, "roadbed_ft": 36.2, "median_ft": 0.0, "left_sw_ft": 10.8, "right_sw_ft": 10.2}, "geometry": {"type": "LineString", "coordinates": [[-73.84201568178933, 40.880066168870385], [-73.84218262674547, 40.87997380301178]]}}, {"type": "Feature", "properties": {"segment_id": 878055, "physicalid": "61448", "street_name": "ELY AVE", "borough": "bronx", "direction": "TW", "total_row_ft": 150.0, "roadbed_ft": 120.0, "median_ft": 0.0, "left_sw_ft": 15.0, "right_sw_ft": 15.0}, "geometry": {"type": "LineString", "coordinates": [[-73.84545577134769, 40.88954421457159], [-73.84503903060649, 40.88963619473456]]}}, {"type": "Feature", "properties": {"segment_id": 878056, "physicalid": "61448", "street_name": "ELY AVE", "borough": "bronx", "direction": "TW", "total_row_ft": 135.0, "roadbed_ft": 77.1, "median_ft": 0.0, "left_sw_ft": 15.0, "right_sw_ft": 42.9}, "geometry": {"type": "LineString", "coordinates": [[-73.84547597226373, 40.88959692418759], [-73.84505923122006, 40.88968890442258]]}}, {"type": "Feature", "properties": {"segment_id": 878057, "physicalid": "61448", "street_name": "ELY AVE", "borough": "bronx", "direction": "TW", "total_row_ft": 58.3, "roadbed_ft": 35.0, "median_ft": 0.0, "left_sw_ft": 16.6, "right_sw_ft": 6.7}, "geometry": {"type": "LineString", "coordinates": [[-73.84541097419505, 40.88966843848851], [-73.84520859877908, 40.88971310545485]]}}, {"type": "Feature", "properties": {"segment_id": 878058, "physicalid": "61448", "street_name": "ELY AVE", "borough": "bronx", "direction": "TW", "total_row_ft": 59.4, "roadbed_ft": 33.8, "median_ft": 0.0, "left_sw_ft": 18.9, "right_sw_ft": 6.6}, "geometry": {"type": "LineString", "coordinates": [[-73.84551526810576, 40.88970258753756], [-73.8452288205522, 40.889765810477115]]}}, {"type": "Feature", "properties": {"segment_id": 878059, "physicalid": "61448", "street_name": "ELY AVE", "borough": "bronx", "direction": "TW", "total_row_ft": 46.8, "roadbed_ft": 33.9, "median_ft": 0.0, "left_sw_ft": 6.4, "right_sw_ft": 6.6}, "geometry": {"type": "LineString", "coordinates": [[-73.84541162723615, 40.88978263086237], [-73.84524904235737, 40.88981851549533]]}}, {"type": "Feature", "properties": {"segment_id": 878060, "physicalid": "61448", "street_name": "ELY AVE", "borough": "bronx", "direction": "TW", "total_row_ft": 46.7, "roadbed_ft": 33.9, "median_ft": 0.0, "left_sw_ft": 6.3, "right_sw_ft": 6.5}, "geometry": {"type": "LineString", "coordinates": [[-73.84543149068726, 40.889835414975266], [-73.8452692642226, 40.88987122050328]]}}, {"type": "Feature", "properties": {"segment_id": 878061, "physicalid": "61448", "street_name": "ELY AVE", "borough": "bronx", "direction": "TW", "total_row_ft": 46.6, "roadbed_ft": 33.9, "median_ft": 0.0, "left_sw_ft": 6.2, "right_sw_ft": 6.5}, "geometry": {"type": "LineString", "coordinates": [[-73.84545135412935, 40.88988819909318], [-73.84528948618748, 40.88992392549225]]}}, {"type": "Feature", "properties": {"segment_id": 878062, "physicalid": "61448", "street_name": "ELY AVE", "borough": "bronx", "direction": "TW", "total_row_ft": 46.7, "roadbed_ft": 34.0, "median_ft": 0.0, "left_sw_ft": 6.3, "right_sw_ft": 6.4}, "geometry": {"type": "LineString", "coordinates": [[-73.84547174206679, 40.88994086745063], [-73.84530970818444, 40.889976630477186]]}}, {"type": "Feature", "properties": {"segment_id": 878107, "physicalid": "61449", "street_name": "ELY AVE", "borough": "bronx", "direction": "TW", "total_row_ft": 101.2, "roadbed_ft": 76.6, "median_ft": 0.0, "left_sw_ft": 15.0, "right_sw_ft": 9.6}, "geometry": {"type": "LineString", "coordinates": [[-73.84519429674125, 40.888853098068275], [-73.84489471207831, 40.88891832266858]]}}, {"type": "Feature", "properties": {"segment_id": 878108, "physicalid": "61449", "street_name": "ELY AVE", "borough": "bronx", "direction": "TW", "total_row_ft": 50.6, "roadbed_ft": 33.3, "median_ft": 0.0, "left_sw_ft": 7.9, "right_sw_ft": 9.5}, "geometry": {"type": "LineString", "coordinates": [[-73.8450914302661, 40.88893260196968], [-73.84491547795182, 40.888970909630125]]}}, {"type": "Feature", "properties": {"segment_id": 878109, "physicalid": "61449", "street_name": "ELY AVE", "borough": "bronx", "direction": "TW", "total_row_ft": 50.4, "roadbed_ft": 33.1, "median_ft": 0.0, "left_sw_ft": 8.0, "right_sw_ft": 9.3}, "geometry": {"type": "LineString", "coordinates": [[-73.84511149517115, 40.8889853415433], [-73.84493624393643, 40.889023496570374]]}}, {"type": "Feature", "properties": {"segment_id": 878110, "physicalid": "61449", "street_name": "ELY AVE", "borough": "bronx", "direction": "TW", "total_row_ft": 50.2, "roadbed_ft": 33.0, "median_ft": 0.0, "left_sw_ft": 8.1, "right_sw_ft": 9.1}, "geometry": {"type": "LineString", "coordinates": [[-73.84513156010804, 40.88903808111296], [-73.84495700960092, 40.88907608358324]]}}, {"type": "Feature", "properties": {"segment_id": 878111, "physicalid": "61449", "street_name": "ELY AVE", "borough": "bronx", "direction": "TW", "total_row_ft": 50.0, "roadbed_ft": 32.9, "median_ft": 0.0, "left_sw_ft": 8.2, "right_sw_ft": 9.0}, "geometry": {"type": "LineString", "coordinates": [[-73.84515162507677, 40.88909082067858], [-73.84497777525675, 40.889128670600854]]}}, {"type": "Feature", "properties": {"segment_id": 878112, "physicalid": "61449", "street_name": "ELY AVE", "borough": "bronx", "direction": "TW", "total_row_ft": 49.8, "roadbed_ft": 32.8, "median_ft": 0.0, "left_sw_ft": 8.2, "right_sw_ft": 8.8}, "geometry": {"type": "LineString", "coordinates": [[-73.84517169007734, 40.889143560240214], [-73.84499854099126, 40.88918125760427]]}}, {"type": "Feature", "properties": {"segment_id": 878113, "physicalid": "61449", "street_name": "ELY AVE", "borough": "bronx", "direction": "TW", "total_row_ft": 49.6, "roadbed_ft": 32.8, "median_ft": 0.0, "left_sw_ft": 8.2, "right_sw_ft": 8.6}, "geometry": {"type": "LineString", "coordinates": [[-73.84519175510972, 40.88919629979784], [-73.84501930675862, 40.889233844603424]]}}, {"type": "Feature", "properties": {"segment_id": 878114, "physicalid": "61449", "street_name": "ELY AVE", "borough": "bronx", "direction": "TW", "total_row_ft": 55.4, "roadbed_ft": 32.7, "median_ft": 0.0, "left_sw_ft": 8.2, "right_sw_ft": 14.5}, "geometry": {"type": "LineString", "coordinates": [[-73.84521182017397, 40.88924903935147], [-73.84491674996954, 40.889313280746414]]}}, {"type": "Feature", "properties": {"segment_id": 878115, "physicalid": "61449", "street_name": "ELY AVE", "borough": "bronx", "direction": "TW", "total_row_ft": 64.6, "roadbed_ft": 32.7, "median_ft": 0.0, "left_sw_ft": 8.2, "right_sw_ft": 23.6}, "geometry": {"type": "LineString", "coordinates": [[-73.84523188527005, 40.88930177890107], [-73.8449927188056, 40.88935384924884]]}}, {"type": "Feature", "properties": {"segment_id": 878116, "physicalid": "61449", "street_name": "ELY AVE", "borough": "bronx", "direction": "TW", "total_row_ft": 99.9, "roadbed_ft": 76.7, "median_ft": 0.0, "left_sw_ft": 8.3, "right_sw_ft": 15.0}, "geometry": {"type": "LineString", "coordinates": [[-73.84525195039797, 40.88935451844669], [-73.84495664425177, 40.88941881121735]]}}, {"type": "Feature", "properties": {"segment_id": 878117, "physicalid": "61449", "street_name": "ELY AVE", "borough": "bronx", "direction": "TW", "total_row_ft": 102.2, "roadbed_ft": 76.7, "median_ft": 0.0, "left_sw_ft": 10.5, "right_sw_ft": 15.0}, "geometry": {"type": "LineString", "coordinates": [[-73.8452795777058, 40.889405611578624], [-73.84497659144037, 40.88947157644687]]}}, {"type": "Feature", "properties": {"segment_id": 878118, "physicalid": "61449", "street_name": "ELY AVE", "borough": "bronx", "direction": "TW", "total_row_ft": 126.4, "roadbed_ft": 89.4, "median_ft": 0.0, "left_sw_ft": 22.0, "right_sw_ft": 15.0}, "geometry": {"type": "LineString", "coordinates": [[-73.84538392735372, 40.88944000090043], [-73.84499653866064, 40.88952434167237]]}}, {"type": "Feature", "properties": {"segment_id": 878119, "physicalid": "61450", "street_name": "ELY AVE", "borough": "bronx", "direction": "TW", "total_row_ft": 150.0, "roadbed_ft": 120.0, "median_ft": 0.0, "left_sw_ft": 15.0, "right_sw_ft": 15.0}, "geometry": {"type": "LineString", "coordinates": [[-73.8448775009793, 40.8880265953651], [-73.84446079515763, 40.88811864182119]]}}, {"type": "Feature", "properties": {"segment_id": 878120, "physicalid": "61450", "street_name": "ELY AVE", "borough": "bronx", "direction": "TW", "total_row_ft": 84.7, "roadbed_ft": 34.6, "median_ft": 0.0, "left_sw_ft": 42.1, "right_sw_ft": 8.0}, "geometry": {"type": "LineString", "coordinates": [[-73.84489771598746, 40.88807930178248], [-73.84460375040985, 40.88814423624226]]}}, {"type": "Feature", "properties": {"segment_id": 878121, "physicalid": "61450", "street_name": "ELY AVE", "borough": "bronx", "direction": "TW", "total_row_ft": 51.3, "roadbed_ft": 33.1, "median_ft": 0.0, "left_sw_ft": 10.0, "right_sw_ft": 8.2}, "geometry": {"type": "LineString", "coordinates": [[-73.84480157722639, 40.888157709852884], [-73.84462340810119, 40.88819706577207]]}}, {"type": "Feature", "properties": {"segment_id": 878122, "physicalid": "61450", "street_name": "ELY AVE", "borough": "bronx", "direction": "TW", "total_row_ft": 51.3, "roadbed_ft": 33.1, "median_ft": 0.0, "left_sw_ft": 9.9, "right_sw_ft": 8.4}, "geometry": {"type": "LineString", "coordinates": [[-73.84482126766054, 40.88821053215187], [-73.84464306537451, 40.88824989539722]]}}, {"type": "Feature", "properties": {"segment_id": 878123, "physicalid": "61450", "street_name": "ELY AVE", "borough": "bronx", "direction": "TW", "total_row_ft": 51.3, "roadbed_ft": 33.0, "median_ft": 0.0, "left_sw_ft": 9.7, "right_sw_ft": 8.6}, "geometry": {"type": "LineString", "coordinates": [[-73.84484095812599, 40.88826335444695], [-73.84466272267906, 40.88830272501854]]}}, {"type": "Feature", "properties": {"segment_id": 878124, "physicalid": "61450", "street_name": "ELY AVE", "borough": "bronx", "direction": "TW", "total_row_ft": 51.3, "roadbed_ft": 37.1, "median_ft": 0.0, "left_sw_ft": 9.6, "right_sw_ft": 4.7}, "geometry": {"type": "LineString", "coordinates": [[-73.84486064862271, 40.88831617673815], [-73.84468238001486, 40.88835555463598]]}}, {"type": "Feature", "properties": {"segment_id": 878125, "physicalid": "61450", "street_name": "ELY AVE", "borough": "bronx", "direction": "TW", "total_row_ft": 52.2, "roadbed_ft": 33.0, "median_ft": 0.0, "left_sw_ft": 9.5, "right_sw_ft": 9.8}, "geometry": {"type": "LineString", "coordinates": [[-73.8448803386078, 40.88836899756897], [-73.84469892071512, 40.8884090742946]]}}, {"type": "Feature", "properties": {"segment_id": 878126, "physicalid": "61450", "street_name": "ELY AVE", "borough": "bronx", "direction": "TW", "total_row_ft": 51.8, "roadbed_ft": 33.0, "median_ft": 0.0, "left_sw_ft": 9.4, "right_sw_ft": 9.5}, "geometry": {"type": "LineString", "coordinates": [[-73.84490002917028, 40.88842181986093], [-73.84472009498111, 40.88846156882678]]}}, {"type": "Feature", "properties": {"segment_id": 878127, "physicalid": "61450", "street_name": "ELY AVE", "borough": "bronx", "direction": "TW", "total_row_ft": 51.5, "roadbed_ft": 32.9, "median_ft": 0.0, "left_sw_ft": 9.4, "right_sw_ft": 9.2}, "geometry": {"type": "LineString", "coordinates": [[-73.84492015255103, 40.888474546542376], [-73.84474126928053, 40.888514063354535]]}}, {"type": "Feature", "properties": {"segment_id": 878128, "physicalid": "61450", "street_name": "ELY AVE", "borough": "bronx", "direction": "TW", "total_row_ft": 51.4, "roadbed_ft": 32.9, "median_ft": 0.0, "left_sw_ft": 9.5, "right_sw_ft": 8.9}, "geometry": {"type": "LineString", "coordinates": [[-73.84494076142693, 40.88852716597643], [-73.8447624436134, 40.88856655787793]]}}, {"type": "Feature", "properties": {"segment_id": 878129, "physicalid": "61450", "street_name": "ELY AVE", "borough": "bronx", "direction": "TW", "total_row_ft": 51.6, "roadbed_ft": 32.9, "median_ft": 0.0, "left_sw_ft": 9.6, "right_sw_ft": 9.0}, "geometry": {"type": "LineString", "coordinates": [[-73.84496137033544, 40.88857978540633], [-73.84478228083198, 40.88861934778286]]}}, {"type": "Feature", "properties": {"segment_id": 878130, "physicalid": "61450", "street_name": "ELY AVE", "borough": "bronx", "direction": "TW", "total_row_ft": 51.8, "roadbed_ft": 32.9, "median_ft": 0.0, "left_sw_ft": 9.8, "right_sw_ft": 9.1}, "geometry": {"type": "LineString", "coordinates": [[-73.84498197927658, 40.88863240483201], [-73.84480211469129, 40.88867213843293]]}}, {"type": "Feature", "properties": {"segment_id": 878131, "physicalid": "61450", "street_name": "ELY AVE", "borough": "bronx", "direction": "TW", "total_row_ft": 52.0, "roadbed_ft": 32.9, "median_ft": 0.0, "left_sw_ft": 9.9, "right_sw_ft": 9.3}, "geometry": {"type": "LineString", "coordinates": [[-73.84500258825035, 40.88868502425352], [-73.84482194858211, 40.88872492907907]]}}, {"type": "Feature", "properties": {"segment_id": 878132, "physicalid": "61450", "street_name": "ELY AVE", "borough": "bronx", "direction": "TW", "total_row_ft": 52.2, "roadbed_ft": 32.8, "median_ft": 0.0, "left_sw_ft": 10.1, "right_sw_ft": 9.4}, "geometry": {"type": "LineString", "coordinates": [[-73.84502319725674, 40.8887376436708], [-73.84484178250442, 40.8887777197213]]}}, {"type": "Feature", "properties": {"segment_id": 878133, "physicalid": "61450", "street_name": "ELY AVE", "borough": "bronx", "direction": "TW", "total_row_ft": 101.1, "roadbed_ft": 76.6, "median_ft": 0.0, "left_sw_ft": 15.0, "right_sw_ft": 9.5}, "geometry": {"type": "LineString", "coordinates": [[-73.84516052524211, 40.88876447870481], [-73.84486161645825, 40.888830510359575]]}}, {"type": "Feature", "properties": {"segment_id": 878471, "physicalid": "61466", "street_name": "ELY AVE", "borough": "bronx", "direction": "TW", "total_row_ft": 150.0, "roadbed_ft": 120.0, "median_ft": 0.0, "left_sw_ft": 15.0, "right_sw_ft": 15.0}, "geometry": {"type": "LineString", "coordinates": [[-73.84149881913957, 40.880291351424205], [-73.84109911324236, 40.88041958774021]]}}, {"type": "Feature", "properties": {"segment_id": 878472, "physicalid": "61466", "street_name": "ELY AVE", "borough": "bronx", "direction": "TW", "total_row_ft": 135.0, "roadbed_ft": 80.1, "median_ft": 0.0, "left_sw_ft": 39.9, "right_sw_ft": 15.0}, "geometry": {"type": "LineString", "coordinates": [[-73.84152697867688, 40.88034191355687], [-73.84112727253002, 40.88047014996921]]}}, {"type": "Feature", "properties": {"segment_id": 878473, "physicalid": "61466", "street_name": "ELY AVE", "borough": "bronx", "direction": "TW", "total_row_ft": 55.0, "roadbed_ft": 32.7, "median_ft": 0.0, "left_sw_ft": 11.6, "right_sw_ft": 10.6}, "geometry": {"type": "LineString", "coordinates": [[-73.84144904014151, 40.88042651498044], [-73.84126594756476, 40.88048525598362]]}}, {"type": "Feature", "properties": {"segment_id": 878474, "physicalid": "61466", "street_name": "ELY AVE", "borough": "bronx", "direction": "TW", "total_row_ft": 55.7, "roadbed_ft": 33.3, "median_ft": 0.0, "left_sw_ft": 11.4, "right_sw_ft": 11.0}, "geometry": {"type": "LineString", "coordinates": [[-73.841477675551, 40.88047692445713], [-73.84129212852515, 40.880536452919216]]}}, {"type": "Feature", "properties": {"segment_id": 878475, "physicalid": "61466", "street_name": "ELY AVE", "borough": "bronx", "direction": "TW", "total_row_ft": 55.9, "roadbed_ft": 33.9, "median_ft": 0.0, "left_sw_ft": 11.1, "right_sw_ft": 10.9}, "geometry": {"type": "LineString", "coordinates": [[-73.84150631100393, 40.880527333926246], [-73.84132005284322, 40.88058709054729]]}}, {"type": "Feature", "properties": {"segment_id": 878476, "physicalid": "61466", "street_name": "ELY AVE", "borough": "bronx", "direction": "TW", "total_row_ft": 55.9, "roadbed_ft": 34.5, "median_ft": 0.0, "left_sw_ft": 10.8, "right_sw_ft": 10.6}, "geometry": {"type": "LineString", "coordinates": [[-73.84153494650027, 40.880577743387796], [-73.84134873773607, 40.880637484169775]]}}, {"type": "Feature", "properties": {"segment_id": 878477, "physicalid": "61466", "street_name": "ELY AVE", "borough": "bronx", "direction": "TW", "total_row_ft": 55.9, "roadbed_ft": 35.4, "median_ft": 0.0, "left_sw_ft": 10.3, "right_sw_ft": 10.2}, "geometry": {"type": "LineString", "coordinates": [[-73.84156358204001, 40.88062815284177], [-73.84137742267242, 40.880687877784695]]}}, {"type": "Feature", "properties": {"segment_id": 878478, "physicalid": "61466", "street_name": "ELY AVE", "borough": "bronx", "direction": "TW", "total_row_ft": 56.1, "roadbed_ft": 36.0, "median_ft": 0.0, "left_sw_ft": 10.2, "right_sw_ft": 9.9}, "geometry": {"type": "LineString", "coordinates": [[-73.84159298762947, 40.880678315248524], [-73.8414061080804, 40.880738271254614]]}}, {"type": "Feature", "properties": {"segment_id": 878479, "physicalid": "61466", "street_name": "ELY AVE", "borough": "bronx", "direction": "TW", "total_row_ft": 56.3, "roadbed_ft": 36.4, "median_ft": 0.0, "left_sw_ft": 10.3, "right_sw_ft": 9.6}, "geometry": {"type": "LineString", "coordinates": [[-73.84162203919004, 40.880728591244015], [-73.84143448743032, 40.88078876292225]]}}, {"type": "Feature", "properties": {"segment_id": 878480, "physicalid": "61466", "street_name": "ELY AVE", "borough": "bronx", "direction": "TW", "total_row_ft": 56.3, "roadbed_ft": 36.6, "median_ft": 0.0, "left_sw_ft": 10.3, "right_sw_ft": 9.4}, "geometry": {"type": "LineString", "coordinates": [[-73.8416501797414, 40.880779159523264], [-73.8414627894974, 40.88083927939063]]}}, {"type": "Feature", "properties": {"segment_id": 878481, "physicalid": "61466", "street_name": "ELY AVE", "borough": "bronx", "direction": "TW", "total_row_ft": 56.2, "roadbed_ft": 36.8, "median_ft": 0.0, "left_sw_ft": 10.3, "right_sw_ft": 9.1}, "geometry": {"type": "LineString", "coordinates": [[-73.84167832006715, 40.880829727881306], [-73.84149109160748, 40.88088979585161]]}}, {"type": "Feature", "properties": {"segment_id": 878482, "physicalid": "61466", "street_name": "ELY AVE", "borough": "bronx", "direction": "TW", "total_row_ft": 56.2, "roadbed_ft": 36.9, "median_ft": 0.0, "left_sw_ft": 10.3, "right_sw_ft": 8.9}, "geometry": {"type": "LineString", "coordinates": [[-73.8417064604357, 40.880880296232014], [-73.84151939376058, 40.88094031230518]]}}, {"type": "Feature", "properties": {"segment_id": 878483, "physicalid": "61466", "street_name": "ELY AVE", "borough": "bronx", "direction": "TW", "total_row_ft": 56.1, "roadbed_ft": 37.1, "median_ft": 0.0, "left_sw_ft": 10.3, "right_sw_ft": 8.7}, "geometry": {"type": "LineString", "coordinates": [[-73.84173460084706, 40.88093086457539], [-73.84154769595668, 40.88099082875136]]}}, {"type": "Feature", "properties": {"segment_id": 878484, "physicalid": "61466", "street_name": "ELY AVE", "borough": "bronx", "direction": "TW", "total_row_ft": 55.7, "roadbed_ft": 37.2, "median_ft": 0.0, "left_sw_ft": 10.0, "right_sw_ft": 8.5}, "geometry": {"type": "LineString", "coordinates": [[-73.84176167424015, 40.88098177525486], [-73.8415759981958, 40.881041345190084]]}}, {"type": "Feature", "properties": {"segment_id": 878485, "physicalid": "61466", "street_name": "ELY AVE", "borough": "bronx", "direction": "TW", "total_row_ft": 55.4, "roadbed_ft": 37.3, "median_ft": 0.0, "left_sw_ft": 9.5, "right_sw_ft": 8.6}, "geometry": {"type": "LineString", "coordinates": [[-73.84178789876331, 40.88103295828237], [-73.84160345827381, 40.881092131822584]]}}, {"type": "Feature", "properties": {"segment_id": 878486, "physicalid": "61466", "street_name": "ELY AVE", "borough": "bronx", "direction": "TW", "total_row_ft": 55.0, "roadbed_ft": 37.4, "median_ft": 0.0, "left_sw_ft": 8.9, "right_sw_ft": 8.7}, "geometry": {"type": "LineString", "coordinates": [[-73.84181412332684, 40.88108414130345], [-73.84163086587702, 40.88114293529683]]}}, {"type": "Feature", "properties": {"segment_id": 878487, "physicalid": "61466", "street_name": "ELY AVE", "borough": "bronx", "direction": "TW", "total_row_ft": 54.7, "roadbed_ft": 37.5, "median_ft": 0.0, "left_sw_ft": 8.3, "right_sw_ft": 8.8}, "geometry": {"type": "LineString", "coordinates": [[-73.84184034793078, 40.8811353243181], [-73.84165827352211, 40.88119373876406]]}}, {"type": "Feature", "properties": {"segment_id": 878488, "physicalid": "61466", "street_name": "ELY AVE", "borough": "bronx", "direction": "TW", "total_row_ft": 54.8, "roadbed_ft": 37.6, "median_ft": 0.0, "left_sw_ft": 8.2, "right_sw_ft": 8.9}, "geometry": {"type": "LineString", "coordinates": [[-73.84186808533526, 40.88118602198985], [-73.8416856812091, 40.88124454222431]]}}, {"type": "Feature", "properties": {"segment_id": 878489, "physicalid": "61466", "street_name": "ELY AVE", "borough": "bronx", "direction": "TW", "total_row_ft": 53.6, "roadbed_ft": 37.8, "median_ft": 0.0, "left_sw_ft": 8.2, "right_sw_ft": 7.6}, "geometry": {"type": "LineString", "coordinates": [[-73.84189617880541, 40.881236605431994], [-73.84171778930143, 40.88129383767715]]}}, {"type": "Feature", "properties": {"segment_id": 878490, "physicalid": "61466", "street_name": "ELY AVE", "borough": "bronx", "direction": "TW", "total_row_ft": 55.6, "roadbed_ft": 38.3, "median_ft": 0.0, "left_sw_ft": 8.3, "right_sw_ft": 9.1}, "geometry": {"type": "LineString", "coordinates": [[-73.84192788885768, 40.881293701754124], [-73.84173614290971, 40.88133956760911]]}}, {"type": "Feature", "properties": {"segment_id": 878491, "physicalid": "61466", "street_name": "ELY AVE", "borough": "bronx", "direction": "TW", "total_row_ft": 56.6, "roadbed_ft": 38.3, "median_ft": 0.0, "left_sw_ft": 9.1, "right_sw_ft": 9.2}, "geometry": {"type": "LineString", "coordinates": [[-73.8420624468052, 40.88131907061157], [-73.84175907866462, 40.881391636810356]]}}, {"type": "Feature", "properties": {"segment_id": 878492, "physicalid": "61466", "street_name": "ELY AVE", "borough": "bronx", "direction": "TW", "total_row_ft": 57.3, "roadbed_ft": 38.2, "median_ft": 0.0, "left_sw_ft": 9.6, "right_sw_ft": 9.4}, "geometry": {"type": "LineString", "coordinates": [[-73.84206983771821, 40.8813748581852], [-73.84178201445545, 40.88144370600657]]}}, {"type": "Feature", "properties": {"segment_id": 878493, "physicalid": "61466", "street_name": "ELY AVE", "borough": "bronx", "direction": "TW", "total_row_ft": 57.4, "roadbed_ft": 38.2, "median_ft": 0.0, "left_sw_ft": 9.6, "right_sw_ft": 9.5}, "geometry": {"type": "LineString", "coordinates": [[-73.8420916890354, 40.88142718678625], [-73.84180495028222, 40.881495775197706]]}}, {"type": "Feature", "properties": {"segment_id": 878494, "physicalid": "61466", "street_name": "ELY AVE", "borough": "bronx", "direction": "TW", "total_row_ft": 57.5, "roadbed_ft": 38.2, "median_ft": 0.0, "left_sw_ft": 9.6, "right_sw_ft": 9.7}, "geometry": {"type": "LineString", "coordinates": [[-73.842113540387, 40.88147951538266], [-73.84182788614491, 40.8815478443838]]}}, {"type": "Feature", "properties": {"segment_id": 878495, "physicalid": "61466", "street_name": "ELY AVE", "borough": "bronx", "direction": "TW", "total_row_ft": 57.6, "roadbed_ft": 38.1, "median_ft": 0.0, "left_sw_ft": 9.6, "right_sw_ft": 9.8}, "geometry": {"type": "LineString", "coordinates": [[-73.84213539177298, 40.881531843974464], [-73.84185082204351, 40.88159991356483]]}}, {"type": "Feature", "properties": {"segment_id": 878496, "physicalid": "61466", "street_name": "ELY AVE", "borough": "bronx", "direction": "TW", "total_row_ft": 57.6, "roadbed_ft": 38.0, "median_ft": 0.0, "left_sw_ft": 9.6, "right_sw_ft": 10.0}, "geometry": {"type": "LineString", "coordinates": [[-73.84215718081784, 40.88158418748197], [-73.84187375797806, 40.88165198274084]]}}, {"type": "Feature", "properties": {"segment_id": 878497, "physicalid": "61466", "street_name": "ELY AVE", "borough": "bronx", "direction": "TW", "total_row_ft": 57.6, "roadbed_ft": 38.0, "median_ft": 0.0, "left_sw_ft": 9.6, "right_sw_ft": 10.0}, "geometry": {"type": "LineString", "coordinates": [[-73.84217890288355, 40.881636547014814], [-73.84189669394853, 40.88170405191175]]}}, {"type": "Feature", "properties": {"segment_id": 878498, "physicalid": "61466", "street_name": "ELY AVE", "borough": "bronx", "direction": "TW", "total_row_ft": 57.6, "roadbed_ft": 38.1, "median_ft": 0.0, "left_sw_ft": 9.6, "right_sw_ft": 9.9}, "geometry": {"type": "LineString", "coordinates": [[-73.84220062498348, 40.88168890654301], [-73.84191962995493, 40.881756121077615]]}}, {"type": "Feature", "properties": {"segment_id": 878499, "physicalid": "61466", "street_name": "ELY AVE", "borough": "bronx", "direction": "TW", "total_row_ft": 57.6, "roadbed_ft": 38.1, "median_ft": 0.0, "left_sw_ft": 9.6, "right_sw_ft": 9.8}, "geometry": {"type": "LineString", "coordinates": [[-73.84222234711758, 40.8817412660666], [-73.84194256599724, 40.88180819023844]]}}, {"type": "Feature", "properties": {"segment_id": 878500, "physicalid": "61466", "street_name": "ELY AVE", "borough": "bronx", "direction": "TW", "total_row_ft": 57.6, "roadbed_ft": 38.2, "median_ft": 0.0, "left_sw_ft": 9.6, "right_sw_ft": 9.7}, "geometry": {"type": "LineString", "coordinates": [[-73.84224406928594, 40.88179362558565], [-73.84196550207548, 40.881860259394195]]}}, {"type": "Feature", "properties": {"segment_id": 878501, "physicalid": "61466", "street_name": "ELY AVE", "borough": "bronx", "direction": "TW", "total_row_ft": 68.2, "roadbed_ft": 49.0, "median_ft": 0.0, "left_sw_ft": 9.6, "right_sw_ft": 9.7}, "geometry": {"type": "LineString", "coordinates": [[-73.8422657914885, 40.88184598510004], [-73.84198843818967, 40.88191232854492]]}}, {"type": "Feature", "properties": {"segment_id": 878538, "physicalid": "61467", "street_name": "ELY AVE", "borough": "bronx", "direction": "TW", "total_row_ft": 53.4, "roadbed_ft": 33.9, "median_ft": 0.0, "left_sw_ft": 9.5, "right_sw_ft": 10.0}, "geometry": {"type": "LineString", "coordinates": [[-73.84118395455215, 40.87997664141348], [-73.84100697305615, 40.88003500928921]]}}, {"type": "Feature", "properties": {"segment_id": 878539, "physicalid": "61467", "street_name": "ELY AVE", "borough": "bronx", "direction": "TW", "total_row_ft": 53.9, "roadbed_ft": 34.9, "median_ft": 0.0, "left_sw_ft": 8.3, "right_sw_ft": 10.7}, "geometry": {"type": "LineString", "coordinates": [[-73.84121264979355, 40.88002702981219], [-73.84103387920405, 40.8800859877304]]}}, {"type": "Feature", "properties": {"segment_id": 878540, "physicalid": "61467", "street_name": "ELY AVE", "borough": "bronx", "direction": "TW", "total_row_ft": 55.0, "roadbed_ft": 36.0, "median_ft": 0.0, "left_sw_ft": 7.7, "right_sw_ft": 11.3}, "geometry": {"type": "LineString", "coordinates": [[-73.84124316480832, 40.88007681806071], [-73.84106078558801, 40.88013696610057]]}}, {"type": "Feature", "properties": {"segment_id": 878541, "physicalid": "61467", "street_name": "ELY AVE", "borough": "bronx", "direction": "TW", "total_row_ft": 55.9, "roadbed_ft": 37.0, "median_ft": 0.0, "left_sw_ft": 7.1, "right_sw_ft": 11.7}, "geometry": {"type": "LineString", "coordinates": [[-73.84127372668924, 40.880126590859376], [-73.84108843044439, 40.88018770093276]]}}, {"type": "Feature", "properties": {"segment_id": 878542, "physicalid": "61467", "street_name": "ELY AVE", "borough": "bronx", "direction": "TW", "total_row_ft": 97.8, "roadbed_ft": 40.0, "median_ft": 0.0, "left_sw_ft": 15.1, "right_sw_ft": 42.6}, "geometry": {"type": "LineString", "coordinates": [[-73.84133937655277, 40.880164791718414], [-73.84101505659328, 40.88027175122912]]}}, {"type": "Feature", "properties": {"segment_id": 878543, "physicalid": "61467", "street_name": "ELY AVE", "borough": "bronx", "direction": "TW", "total_row_ft": 150.0, "roadbed_ft": 120.0, "median_ft": 0.0, "left_sw_ft": 15.0, "right_sw_ft": 15.0}, "geometry": {"type": "LineString", "coordinates": [[-73.84144187808211, 40.88019083892568], [-73.84104387947013, 40.88032209757342]]}}, {"type": "Feature", "properties": {"segment_id": 893532, "physicalid": "62484", "street_name": "WILDER AVE", "borough": "bronx", "direction": "TW", "total_row_ft": 150.0, "roadbed_ft": 120.0, "median_ft": 0.0, "left_sw_ft": 15.0, "right_sw_ft": 15.0}, "geometry": {"type": "LineString", "coordinates": [[-73.84039974138821, 40.88868154084769], [-73.83998215886298, 40.88877128088033]]}}, {"type": "Feature", "properties": {"segment_id": 893533, "physicalid": "62484", "street_name": "WILDER AVE", "borough": "bronx", "direction": "TW", "total_row_ft": 89.7, "roadbed_ft": 37.2, "median_ft": 0.0, "left_sw_ft": 43.6, "right_sw_ft": 8.8}, "geometry": {"type": "LineString", "coordinates": [[-73.84041945006699, 40.88873435762876], [-73.84010739376808, 40.888801419853465]]}}, {"type": "Feature", "properties": {"segment_id": 893534, "physicalid": "62484", "street_name": "WILDER AVE", "borough": "bronx", "direction": "TW", "total_row_ft": 52.5, "roadbed_ft": 33.6, "median_ft": 0.0, "left_sw_ft": 9.0, "right_sw_ft": 9.9}, "geometry": {"type": "LineString", "coordinates": [[-73.840309371536, 40.88881506635611], [-73.84012681078578, 40.88885429931977]]}}, {"type": "Feature", "properties": {"segment_id": 893535, "physicalid": "62484", "street_name": "WILDER AVE", "borough": "bronx", "direction": "TW", "total_row_ft": 52.7, "roadbed_ft": 33.3, "median_ft": 0.0, "left_sw_ft": 9.3, "right_sw_ft": 10.0}, "geometry": {"type": "LineString", "coordinates": [[-73.84032933353794, 40.88886782870408], [-73.84014607263893, 40.88890721213419]]}}, {"type": "Feature", "properties": {"segment_id": 893536, "physicalid": "62484", "street_name": "WILDER AVE", "borough": "bronx", "direction": "TW", "total_row_ft": 52.9, "roadbed_ft": 33.1, "median_ft": 0.0, "left_sw_ft": 9.7, "right_sw_ft": 10.2}, "geometry": {"type": "LineString", "coordinates": [[-73.84034929557157, 40.88892059104809], [-73.84016516969457, 40.8889601603669]]}}, {"type": "Feature", "properties": {"segment_id": 893537, "physicalid": "62484", "street_name": "WILDER AVE", "borough": "bronx", "direction": "TW", "total_row_ft": 53.2, "roadbed_ft": 32.9, "median_ft": 0.0, "left_sw_ft": 9.9, "right_sw_ft": 10.4}, "geometry": {"type": "LineString", "coordinates": [[-73.8403692576369, 40.88897335338814], [-73.84018417842618, 40.889013127583546]]}}, {"type": "Feature", "properties": {"segment_id": 893538, "physicalid": "62484", "street_name": "WILDER AVE", "borough": "bronx", "direction": "TW", "total_row_ft": 52.6, "roadbed_ft": 33.0, "median_ft": 0.0, "left_sw_ft": 9.7, "right_sw_ft": 9.9}, "geometry": {"type": "LineString", "coordinates": [[-73.84038873415182, 40.88902622007804], [-73.84020556405282, 40.88906558400181]]}}, {"type": "Feature", "properties": {"segment_id": 893539, "physicalid": "62484", "street_name": "WILDER AVE", "borough": "bronx", "direction": "TW", "total_row_ft": 52.0, "roadbed_ft": 33.0, "median_ft": 0.0, "left_sw_ft": 9.5, "right_sw_ft": 9.5}, "geometry": {"type": "LineString", "coordinates": [[-73.84040809058072, 40.88907911257779], [-73.84022701490798, 40.8891180264051]]}}, {"type": "Feature", "properties": {"segment_id": 893540, "physicalid": "62484", "street_name": "WILDER AVE", "borough": "bronx", "direction": "TW", "total_row_ft": 51.7, "roadbed_ft": 32.9, "median_ft": 0.0, "left_sw_ft": 9.6, "right_sw_ft": 9.2}, "geometry": {"type": "LineString", "coordinates": [[-73.8404282063246, 40.88913184190014], [-73.84024846579696, 40.8891704688039]]}}, {"type": "Feature", "properties": {"segment_id": 893541, "physicalid": "62484", "street_name": "WILDER AVE", "borough": "bronx", "direction": "TW", "total_row_ft": 51.5, "roadbed_ft": 32.9, "median_ft": 0.0, "left_sw_ft": 9.8, "right_sw_ft": 8.8}, "geometry": {"type": "LineString", "coordinates": [[-73.84044899073876, 40.889184427524974], [-73.840269844141, 40.88922292679557]]}}, {"type": "Feature", "properties": {"segment_id": 893542, "physicalid": "62484", "street_name": "WILDER AVE", "borough": "bronx", "direction": "TW", "total_row_ft": 51.5, "roadbed_ft": 32.8, "median_ft": 0.0, "left_sw_ft": 10.0, "right_sw_ft": 8.7}, "geometry": {"type": "LineString", "coordinates": [[-73.84046977518581, 40.88923701314559], [-73.84029047267164, 40.88927554592707]]}}, {"type": "Feature", "properties": {"segment_id": 893543, "physicalid": "62484", "street_name": "WILDER AVE", "borough": "bronx", "direction": "TW", "total_row_ft": 51.6, "roadbed_ft": 32.8, "median_ft": 0.0, "left_sw_ft": 10.2, "right_sw_ft": 8.5}, "geometry": {"type": "LineString", "coordinates": [[-73.84049055966575, 40.88928959876195], [-73.84031110123495, 40.88932816505433]]}}, {"type": "Feature", "properties": {"segment_id": 893544, "physicalid": "62484", "street_name": "WILDER AVE", "borough": "bronx", "direction": "TW", "total_row_ft": 51.6, "roadbed_ft": 32.8, "median_ft": 0.0, "left_sw_ft": 10.4, "right_sw_ft": 8.4}, "geometry": {"type": "LineString", "coordinates": [[-73.84051134417857, 40.889342184374016], [-73.84033172983091, 40.88938078417742]]}}, {"type": "Feature", "properties": {"segment_id": 893545, "physicalid": "62484", "street_name": "WILDER AVE", "borough": "bronx", "direction": "TW", "total_row_ft": 51.5, "roadbed_ft": 32.9, "median_ft": 0.0, "left_sw_ft": 10.1, "right_sw_ft": 8.4}, "geometry": {"type": "LineString", "coordinates": [[-73.84053090734044, 40.889395032462964], [-73.84035176681215, 40.88943353044304]]}}, {"type": "Feature", "properties": {"segment_id": 893546, "physicalid": "62484", "street_name": "WILDER AVE", "borough": "bronx", "direction": "TW", "total_row_ft": 51.4, "roadbed_ft": 33.0, "median_ft": 0.0, "left_sw_ft": 9.7, "right_sw_ft": 8.6}, "geometry": {"type": "LineString", "coordinates": [[-73.84055003964752, 40.88944797314749], [-73.84037126229653, 40.88948639308076]]}}, {"type": "Feature", "properties": {"segment_id": 893547, "physicalid": "62484", "street_name": "WILDER AVE", "borough": "bronx", "direction": "TW", "total_row_ft": 51.3, "roadbed_ft": 33.2, "median_ft": 0.0, "left_sw_ft": 9.3, "right_sw_ft": 8.8}, "geometry": {"type": "LineString", "coordinates": [[-73.84056917198262, 40.88950091382886], [-73.84039075782037, 40.88953925571283]]}}, {"type": "Feature", "properties": {"segment_id": 893548, "physicalid": "62484", "street_name": "WILDER AVE", "borough": "bronx", "direction": "TW", "total_row_ft": 51.2, "roadbed_ft": 33.3, "median_ft": 0.0, "left_sw_ft": 8.9, "right_sw_ft": 9.0}, "geometry": {"type": "LineString", "coordinates": [[-73.84058830486444, 40.88955385439559], [-73.84041025323663, 40.88959211837089]]}}, {"type": "Feature", "properties": {"segment_id": 893549, "physicalid": "62484", "street_name": "WILDER AVE", "borough": "bronx", "direction": "TW", "total_row_ft": 51.3, "roadbed_ft": 33.4, "median_ft": 0.0, "left_sw_ft": 8.7, "right_sw_ft": 9.2}, "geometry": {"type": "LineString", "coordinates": [[-73.84060843114595, 40.88960658147889], [-73.84042974850848, 40.889644981062816]]}}, {"type": "Feature", "properties": {"segment_id": 893550, "physicalid": "62484", "street_name": "WILDER AVE", "borough": "bronx", "direction": "TW", "total_row_ft": 51.6, "roadbed_ft": 33.5, "median_ft": 0.0, "left_sw_ft": 8.8, "right_sw_ft": 9.2}, "geometry": {"type": "LineString", "coordinates": [[-73.84062920361505, 40.88965916969623], [-73.8404498133253, 40.88969772136071]]}}, {"type": "Feature", "properties": {"segment_id": 893551, "physicalid": "62484", "street_name": "WILDER AVE", "borough": "bronx", "direction": "TW", "total_row_ft": 51.7, "roadbed_ft": 33.6, "median_ft": 0.0, "left_sw_ft": 8.8, "right_sw_ft": 9.2}, "geometry": {"type": "LineString", "coordinates": [[-73.84064997596374, 40.88971175794226], [-73.84047018828775, 40.88975039501022]]}}, {"type": "Feature", "properties": {"segment_id": 893552, "physicalid": "62484", "street_name": "WILDER AVE", "borough": "bronx", "direction": "TW", "total_row_ft": 51.8, "roadbed_ft": 33.8, "median_ft": 0.0, "left_sw_ft": 8.9, "right_sw_ft": 9.1}, "geometry": {"type": "LineString", "coordinates": [[-73.8406707278578, 40.889764350586894], [-73.8404905632825, 40.88980306865562]]}}, {"type": "Feature", "properties": {"segment_id": 893553, "physicalid": "62484", "street_name": "WILDER AVE", "borough": "bronx", "direction": "TW", "total_row_ft": 51.7, "roadbed_ft": 33.9, "median_ft": 0.0, "left_sw_ft": 8.8, "right_sw_ft": 9.0}, "geometry": {"type": "LineString", "coordinates": [[-73.84069087340177, 40.88981707354191], [-73.84051093830952, 40.88985574229691]]}}, {"type": "Feature", "properties": {"segment_id": 893554, "physicalid": "62484", "street_name": "WILDER AVE", "borough": "bronx", "direction": "TW", "total_row_ft": 51.5, "roadbed_ft": 33.9, "median_ft": 0.0, "left_sw_ft": 8.8, "right_sw_ft": 8.8}, "geometry": {"type": "LineString", "coordinates": [[-73.8407110189777, 40.889869796492896], [-73.84053176700519, 40.88990831844626]]}}, {"type": "Feature", "properties": {"segment_id": 893555, "physicalid": "62484", "street_name": "WILDER AVE", "borough": "bronx", "direction": "TW", "total_row_ft": 51.2, "roadbed_ft": 33.9, "median_ft": 0.0, "left_sw_ft": 8.9, "right_sw_ft": 8.4}, "geometry": {"type": "LineString", "coordinates": [[-73.84073116458558, 40.88992251943983], [-73.84055316044063, 40.88996077323413]]}}, {"type": "Feature", "properties": {"segment_id": 893556, "physicalid": "62484", "street_name": "WILDER AVE", "borough": "bronx", "direction": "TW", "total_row_ft": 50.9, "roadbed_ft": 33.8, "median_ft": 0.0, "left_sw_ft": 9.1, "right_sw_ft": 8.1}, "geometry": {"type": "LineString", "coordinates": [[-73.84075165310423, 40.889975168696424], [-73.84057455390985, 40.89001322801748]]}}, {"type": "Feature", "properties": {"segment_id": 894186, "physicalid": "62517", "street_name": "KINGSLAND AVE", "borough": "bronx", "direction": "TW", "total_row_ft": 59.3, "roadbed_ft": 33.4, "median_ft": 0.0, "left_sw_ft": 10.1, "right_sw_ft": 15.7}, "geometry": {"type": "LineString", "coordinates": [[-73.84614811402423, 40.88002035523547], [-73.8458567467125, 40.88011520979689]]}}, {"type": "Feature", "properties": {"segment_id": 894187, "physicalid": "62517", "street_name": "KINGSLAND AVE", "borough": "bronx", "direction": "TW", "total_row_ft": 73.8, "roadbed_ft": 35.5, "median_ft": 0.0, "left_sw_ft": 10.3, "right_sw_ft": 28.0}, "geometry": {"type": "LineString", "coordinates": [[-73.84617792640204, 40.880070380076496], [-73.84593254269737, 40.880150264766435]]}}, {"type": "Feature", "properties": {"segment_id": 894188, "physicalid": "62517", "street_name": "KINGSLAND AVE", "borough": "bronx", "direction": "TW", "total_row_ft": 106.2, "roadbed_ft": 80.2, "median_ft": 0.0, "left_sw_ft": 11.0, "right_sw_ft": 15.0}, "geometry": {"type": "LineString", "coordinates": [[-73.8462199209671, 40.880140846351814], [-73.84589313719084, 40.880174158777535]]}}, {"type": "Feature", "properties": {"segment_id": 894189, "physicalid": "62517", "street_name": "KINGSLAND AVE", "borough": "bronx", "direction": "TW", "total_row_ft": 112.2, "roadbed_ft": 86.0, "median_ft": 0.0, "left_sw_ft": 11.2, "right_sw_ft": 15.0}, "geometry": {"type": "LineString", "coordinates": [[-73.8462510384236, 40.88019306088884], [-73.84590276451274, 40.88022856405841]]}}, {"type": "Feature", "properties": {"segment_id": 894190, "physicalid": "62517", "street_name": "KINGSLAND AVE", "borough": "bronx", "direction": "TW", "total_row_ft": 116.5, "roadbed_ft": 91.8, "median_ft": 0.0, "left_sw_ft": 9.7, "right_sw_ft": 15.0}, "geometry": {"type": "LineString", "coordinates": [[-73.8462763079019, 40.8802458715771], [-73.8459123918504, 40.88028296933795]]}}, {"type": "Feature", "properties": {"segment_id": 908749, "physicalid": "63496", "street_name": "NEEDHAM AVE", "borough": "bronx", "direction": "TW", "total_row_ft": 150.0, "roadbed_ft": 120.0, "median_ft": 0.0, "left_sw_ft": 15.0, "right_sw_ft": 15.0}, "geometry": {"type": "LineString", "coordinates": [[-73.84442324513863, 40.88053327075927], [-73.84404068286288, 40.880377802470235]]}}, {"type": "Feature", "properties": {"segment_id": 908750, "physicalid": "63496", "street_name": "NEEDHAM AVE", "borough": "bronx", "direction": "TW", "total_row_ft": 67.9, "roadbed_ft": 54.2, "median_ft": 0.0, "left_sw_ft": 7.2, "right_sw_ft": 6.5}, "geometry": {"type": "LineString", "coordinates": [[-73.84429660370434, 40.88054407277373], [-73.84408008752591, 40.880456083394236]]}}, {"type": "Feature", "properties": {"segment_id": 908751, "physicalid": "63496", "street_name": "NEEDHAM AVE", "borough": "bronx", "direction": "TW", "total_row_ft": 67.5, "roadbed_ft": 54.7, "median_ft": 0.0, "left_sw_ft": 6.4, "right_sw_ft": 6.4}, "geometry": {"type": "LineString", "coordinates": [[-73.84426089824147, 40.88059182980196], [-73.84404580753103, 40.88050441969429]]}}, {"type": "Feature", "properties": {"segment_id": 908752, "physicalid": "63496", "street_name": "NEEDHAM AVE", "borough": "bronx", "direction": "TW", "total_row_ft": 67.4, "roadbed_ft": 55.1, "median_ft": 0.0, "left_sw_ft": 5.7, "right_sw_ft": 6.6}, "geometry": {"type": "LineString", "coordinates": [[-73.84422519306231, 40.88063958695493], [-73.84401030016419, 40.88055225721381]]}}, {"type": "Feature", "properties": {"segment_id": 908753, "physicalid": "63496", "street_name": "NEEDHAM AVE", "borough": "bronx", "direction": "TW", "total_row_ft": 67.7, "roadbed_ft": 55.4, "median_ft": 0.0, "left_sw_ft": 5.1, "right_sw_ft": 7.2}, "geometry": {"type": "LineString", "coordinates": [[-73.84418948755541, 40.880687343984], [-73.84397372192977, 40.88059965955413]]}}, {"type": "Feature", "properties": {"segment_id": 908754, "physicalid": "63496", "street_name": "NEEDHAM AVE", "borough": "bronx", "direction": "TW", "total_row_ft": 68.0, "roadbed_ft": 55.0, "median_ft": 0.0, "left_sw_ft": 5.2, "right_sw_ft": 7.7}, "geometry": {"type": "LineString", "coordinates": [[-73.8441537821348, 40.88073510105755], [-73.84393714343413, 40.88064706179748]]}}, {"type": "Feature", "properties": {"segment_id": 908755, "physicalid": "63496", "street_name": "NEEDHAM AVE", "borough": "bronx", "direction": "TW", "total_row_ft": 68.0, "roadbed_ft": 54.6, "median_ft": 0.0, "left_sw_ft": 5.3, "right_sw_ft": 8.1}, "geometry": {"type": "LineString", "coordinates": [[-73.84411786433918, 40.88078277183425], [-73.8439009656234, 40.880694626884]]}}, {"type": "Feature", "properties": {"segment_id": 908756, "physicalid": "63496", "street_name": "NEEDHAM AVE", "borough": "bronx", "direction": "TW", "total_row_ft": 68.0, "roadbed_ft": 54.2, "median_ft": 0.0, "left_sw_ft": 5.2, "right_sw_ft": 8.5}, "geometry": {"type": "LineString", "coordinates": [[-73.8440815827331, 40.88083029477269], [-73.84386488308265, 40.8807422306965]]}}, {"type": "Feature", "properties": {"segment_id": 908757, "physicalid": "63496", "street_name": "NEEDHAM AVE", "borough": "bronx", "direction": "TW", "total_row_ft": 67.9, "roadbed_ft": 54.0, "median_ft": 0.0, "left_sw_ft": 5.2, "right_sw_ft": 8.7}, "geometry": {"type": "LineString", "coordinates": [[-73.84404530117435, 40.88087781773965], [-73.84382880053577, 40.88078983451578]]}}, {"type": "Feature", "properties": {"segment_id": 908758, "physicalid": "63496", "street_name": "NEEDHAM AVE", "borough": "bronx", "direction": "TW", "total_row_ft": 67.8, "roadbed_ft": 53.9, "median_ft": 0.0, "left_sw_ft": 5.1, "right_sw_ft": 8.8}, "geometry": {"type": "LineString", "coordinates": [[-73.84400901956373, 40.88092534069476], [-73.84379271799442, 40.88083743834665]]}}, {"type": "Feature", "properties": {"segment_id": 908759, "physicalid": "63496", "street_name": "NEEDHAM AVE", "borough": "bronx", "direction": "TW", "total_row_ft": 67.8, "roadbed_ft": 53.8, "median_ft": 0.0, "left_sw_ft": 5.1, "right_sw_ft": 8.9}, "geometry": {"type": "LineString", "coordinates": [[-73.8439727378663, 40.88097286362387], [-73.84375663540138, 40.88088504216582]]}}, {"type": "Feature", "properties": {"segment_id": 908760, "physicalid": "63496", "street_name": "NEEDHAM AVE", "borough": "bronx", "direction": "TW", "total_row_ft": 120.0, "roadbed_ft": 56.0, "median_ft": 0.0, "left_sw_ft": 38.7, "right_sw_ft": 25.4}, "geometry": {"type": "LineString", "coordinates": [[-73.84404771084222, 40.8810655988948], [-73.84366514638155, 40.880910129376126]]}}, {"type": "Feature", "properties": {"segment_id": 908761, "physicalid": "63498", "street_name": "NEEDHAM AVE", "borough": "bronx", "direction": "TW", "total_row_ft": 150.0, "roadbed_ft": 120.0, "median_ft": 0.0, "left_sw_ft": 15.0, "right_sw_ft": 15.0}, "geometry": {"type": "LineString", "coordinates": [[-73.84397684954382, 40.881164823453176], [-73.84359711351567, 40.88100540872188]]}}, {"type": "Feature", "properties": {"segment_id": 908762, "physicalid": "63498", "street_name": "NEEDHAM AVE", "borough": "bronx", "direction": "TW", "total_row_ft": 59.0, "roadbed_ft": 33.9, "median_ft": 0.0, "left_sw_ft": 10.1, "right_sw_ft": 15.0}, "geometry": {"type": "LineString", "coordinates": [[-73.84384426810698, 40.88117189668835], [-73.8435621071523, 40.881053444152485]]}}, {"type": "Feature", "properties": {"segment_id": 908763, "physicalid": "63498", "street_name": "NEEDHAM AVE", "borough": "bronx", "direction": "TW", "total_row_ft": 58.8, "roadbed_ft": 33.3, "median_ft": 0.0, "left_sw_ft": 10.5, "right_sw_ft": 15.0}, "geometry": {"type": "LineString", "coordinates": [[-73.84380831454102, 40.88121953451584], [-73.84352710073831, 40.88110147957204]]}}, {"type": "Feature", "properties": {"segment_id": 908764, "physicalid": "63498", "street_name": "NEEDHAM AVE", "borough": "bronx", "direction": "TW", "total_row_ft": 58.8, "roadbed_ft": 33.2, "median_ft": 0.0, "left_sw_ft": 10.7, "right_sw_ft": 15.0}, "geometry": {"type": "LineString", "coordinates": [[-73.84377297815836, 40.881267431448784], [-73.84349209427376, 40.88114951498057]]}}, {"type": "Feature", "properties": {"segment_id": 908765, "physicalid": "63498", "street_name": "NEEDHAM AVE", "borough": "bronx", "direction": "TW", "total_row_ft": 58.5, "roadbed_ft": 33.1, "median_ft": 0.0, "left_sw_ft": 10.3, "right_sw_ft": 15.0}, "geometry": {"type": "LineString", "coordinates": [[-73.84373764172474, 40.8813153283705], [-73.84345708775861, 40.88119755037805]]}}, {"type": "Feature", "properties": {"segment_id": 908766, "physicalid": "63498", "street_name": "NEEDHAM AVE", "borough": "bronx", "direction": "TW", "total_row_ft": 58.0, "roadbed_ft": 33.1, "median_ft": 0.0, "left_sw_ft": 9.9, "right_sw_ft": 15.0}, "geometry": {"type": "LineString", "coordinates": [[-73.84370230524023, 40.88136322528095], [-73.84342208119287, 40.881245585764496]]}}, {"type": "Feature", "properties": {"segment_id": 908767, "physicalid": "63498", "street_name": "NEEDHAM AVE", "borough": "bronx", "direction": "TW", "total_row_ft": 57.5, "roadbed_ft": 33.0, "median_ft": 0.0, "left_sw_ft": 9.5, "right_sw_ft": 15.0}, "geometry": {"type": "LineString", "coordinates": [[-73.84366696868089, 40.88141112217013], [-73.84338707457655, 40.881293621139925]]}}, {"type": "Feature", "properties": {"segment_id": 908768, "physicalid": "63498", "street_name": "NEEDHAM AVE", "borough": "bronx", "direction": "TW", "total_row_ft": 57.0, "roadbed_ft": 32.9, "median_ft": 0.0, "left_sw_ft": 9.1, "right_sw_ft": 15.0}, "geometry": {"type": "LineString", "coordinates": [[-73.84363163206977, 40.88145901904769], [-73.84335206790965, 40.8813416565043]]}}, {"type": "Feature", "properties": {"segment_id": 908769, "physicalid": "63498", "street_name": "NEEDHAM AVE", "borough": "bronx", "direction": "TW", "total_row_ft": 56.6, "roadbed_ft": 32.9, "median_ft": 0.0, "left_sw_ft": 8.8, "right_sw_ft": 15.0}, "geometry": {"type": "LineString", "coordinates": [[-73.84359648469236, 40.88150699537639], [-73.84331706119217, 40.881389691857606]]}}, {"type": "Feature", "properties": {"segment_id": 908770, "physicalid": "63498", "street_name": "NEEDHAM AVE", "borough": "bronx", "direction": "TW", "total_row_ft": 56.4, "roadbed_ft": 32.5, "median_ft": 0.0, "left_sw_ft": 8.9, "right_sw_ft": 15.0}, "geometry": {"type": "LineString", "coordinates": [[-73.84356137506741, 40.88155498756387], [-73.8432820544241, 40.881437727199874]]}}, {"type": "Feature", "properties": {"segment_id": 908771, "physicalid": "63498", "street_name": "NEEDHAM AVE", "borough": "bronx", "direction": "TW", "total_row_ft": 56.1, "roadbed_ft": 32.1, "median_ft": 0.0, "left_sw_ft": 9.0, "right_sw_ft": 15.0}, "geometry": {"type": "LineString", "coordinates": [[-73.84352626539177, 40.88160297974023], [-73.84324704760543, 40.88148576253111]]}}, {"type": "Feature", "properties": {"segment_id": 908772, "physicalid": "63498", "street_name": "NEEDHAM AVE", "borough": "bronx", "direction": "TW", "total_row_ft": 55.8, "roadbed_ft": 31.7, "median_ft": 0.0, "left_sw_ft": 9.1, "right_sw_ft": 15.0}, "geometry": {"type": "LineString", "coordinates": [[-73.84349115566657, 40.88165097190602], [-73.84321204073622, 40.88153379785128]]}}, {"type": "Feature", "properties": {"segment_id": 1033466, "physicalid": "71710", "street_name": "E 222 ST", "borough": "bronx", "direction": "TW", "total_row_ft": 101.4, "roadbed_ft": 90.1, "median_ft": 0.0, "left_sw_ft": 10.4, "right_sw_ft": 0.9}, "geometry": {"type": "LineString", "coordinates": [[-73.84602024585115, 40.880414341632616], [-73.846198759672, 40.88017117783087]]}}, {"type": "Feature", "properties": {"segment_id": 1033467, "physicalid": "71710", "street_name": "E 222 ST", "borough": "bronx", "direction": "TW", "total_row_ft": 116.7, "roadbed_ft": 90.9, "median_ft": 0.0, "left_sw_ft": 10.8, "right_sw_ft": 15.0}, "geometry": {"type": "LineString", "coordinates": [[-73.84595648774382, 40.88038841137807], [-73.84613558078497, 40.880144458905406]]}}, {"type": "Feature", "properties": {"segment_id": 1033468, "physicalid": "71710", "street_name": "E 222 ST", "borough": "bronx", "direction": "TW", "total_row_ft": 117.1, "roadbed_ft": 90.8, "median_ft": 0.0, "left_sw_ft": 11.3, "right_sw_ft": 15.0}, "geometry": {"type": "LineString", "coordinates": [[-73.84589272969498, 40.880362481076226], [-73.84607240194872, 40.88011773994528]]}}, {"type": "Feature", "properties": {"segment_id": 1033469, "physicalid": "71710", "street_name": "E 222 ST", "borough": "bronx", "direction": "TW", "total_row_ft": 99.2, "roadbed_ft": 63.5, "median_ft": 0.0, "left_sw_ft": 11.7, "right_sw_ft": 24.0}, "geometry": {"type": "LineString", "coordinates": [[-73.84582897169588, 40.88033655073905], [-73.84600922316325, 40.88009102095042]]}}, {"type": "Feature", "properties": {"segment_id": 1033470, "physicalid": "71710", "street_name": "E 222 ST", "borough": "bronx", "direction": "TW", "total_row_ft": 80.1, "roadbed_ft": 59.2, "median_ft": 0.0, "left_sw_ft": 12.2, "right_sw_ft": 8.8}, "geometry": {"type": "LineString", "coordinates": [[-73.84576521374652, 40.880310620366515], [-73.84590624877768, 40.88011850973364]]}}, {"type": "Feature", "properties": {"segment_id": 1033471, "physicalid": "71710", "street_name": "E 222 ST", "borough": "bronx", "direction": "TW", "total_row_ft": 80.4, "roadbed_ft": 59.0, "median_ft": 0.0, "left_sw_ft": 12.6, "right_sw_ft": 8.7}, "geometry": {"type": "LineString", "coordinates": [[-73.84570145584689, 40.88028468995865], [-73.84584298902091, 40.880091901032905]]}}, {"type": "Feature", "properties": {"segment_id": 1033472, "physicalid": "71710", "street_name": "E 222 ST", "borough": "bronx", "direction": "TW", "total_row_ft": 80.8, "roadbed_ft": 59.0, "median_ft": 0.1, "left_sw_ft": 13.0, "right_sw_ft": 8.7}, "geometry": {"type": "LineString", "coordinates": [[-73.84563769799699, 40.88025875951543], [-73.8457797293148, 40.880065292297374]]}}, {"type": "Feature", "properties": {"segment_id": 1033473, "physicalid": "71710", "street_name": "E 222 ST", "borough": "bronx", "direction": "TW", "total_row_ft": 83.5, "roadbed_ft": 59.0, "median_ft": 2.5, "left_sw_ft": 13.3, "right_sw_ft": 8.7}, "geometry": {"type": "LineString", "coordinates": [[-73.84557394019683, 40.880232829036856], [-73.84571646965931, 40.88003868352703]]}}, {"type": "Feature", "properties": {"segment_id": 1033474, "physicalid": "71710", "street_name": "E 222 ST", "borough": "bronx", "direction": "TW", "total_row_ft": 86.0, "roadbed_ft": 58.9, "median_ft": 5.0, "left_sw_ft": 13.5, "right_sw_ft": 8.6}, "geometry": {"type": "LineString", "coordinates": [[-73.8455105559433, 40.880206389769135], [-73.84565321005446, 40.880012074721876]]}}, {"type": "Feature", "properties": {"segment_id": 1033475, "physicalid": "71710", "street_name": "E 222 ST", "borough": "bronx", "direction": "TW", "total_row_ft": 88.4, "roadbed_ft": 58.9, "median_ft": 7.4, "left_sw_ft": 13.5, "right_sw_ft": 8.6}, "geometry": {"type": "LineString", "coordinates": [[-73.84544734525896, 40.88017971411052], [-73.84558995050027, 40.87998546588193]]}}, {"type": "Feature", "properties": {"segment_id": 1033476, "physicalid": "71710", "street_name": "E 222 ST", "borough": "bronx", "direction": "TW", "total_row_ft": 91.2, "roadbed_ft": 58.9, "median_ft": 10.2, "left_sw_ft": 13.5, "right_sw_ft": 8.6}, "geometry": {"type": "LineString", "coordinates": [[-73.84538413462535, 40.88015303841714], [-73.84552669099668, 40.879958857007175]]}}, {"type": "Feature", "properties": {"segment_id": 1033477, "physicalid": "71710", "street_name": "E 222 ST", "borough": "bronx", "direction": "TW", "total_row_ft": 91.2, "roadbed_ft": 58.9, "median_ft": 10.3, "left_sw_ft": 13.6, "right_sw_ft": 8.5}, "geometry": {"type": "LineString", "coordinates": [[-73.84532092404247, 40.88012636268899], [-73.84546343154373, 40.879932248097624]]}}, {"type": "Feature", "properties": {"segment_id": 1033478, "physicalid": "71710", "street_name": "E 222 ST", "borough": "bronx", "direction": "TW", "total_row_ft": 91.1, "roadbed_ft": 58.8, "median_ft": 10.3, "left_sw_ft": 13.6, "right_sw_ft": 8.3}, "geometry": {"type": "LineString", "coordinates": [[-73.8452577135103, 40.88009968692611], [-73.84539986156103, 40.87990606220687]]}}, {"type": "Feature", "properties": {"segment_id": 1033487, "physicalid": "71711", "street_name": "E 222 ST", "borough": "bronx", "direction": "TW", "total_row_ft": 81.2, "roadbed_ft": 59.2, "median_ft": 0.0, "left_sw_ft": 9.1, "right_sw_ft": 12.8}, "geometry": {"type": "LineString", "coordinates": [[-73.84677450748156, 40.880727968332714], [-73.84691701832818, 40.880533208588304]]}}, {"type": "Feature", "properties": {"segment_id": 1033488, "physicalid": "71711", "street_name": "E 222 ST", "borough": "bronx", "direction": "TW", "total_row_ft": 81.3, "roadbed_ft": 59.2, "median_ft": 0.2, "left_sw_ft": 9.3, "right_sw_ft": 12.6}, "geometry": {"type": "LineString", "coordinates": [[-73.84671106241771, 40.88070161234092], [-73.84685347725693, 40.88050698405768]]}}, {"type": "Feature", "properties": {"segment_id": 1033489, "physicalid": "71711", "street_name": "E 222 ST", "borough": "bronx", "direction": "TW", "total_row_ft": 83.9, "roadbed_ft": 59.4, "median_ft": 2.8, "left_sw_ft": 9.4, "right_sw_ft": 12.3}, "geometry": {"type": "LineString", "coordinates": [[-73.84664761724517, 40.88067525653145], [-73.84678993623578, 40.880480759491974]]}}, {"type": "Feature", "properties": {"segment_id": 1033490, "physicalid": "71711", "street_name": "E 222 ST", "borough": "bronx", "direction": "TW", "total_row_ft": 86.5, "roadbed_ft": 59.5, "median_ft": 5.5, "left_sw_ft": 9.4, "right_sw_ft": 12.1}, "geometry": {"type": "LineString", "coordinates": [[-73.84658419413012, 40.88064887061143], [-73.84672639526478, 40.88045453489116]]}}, {"type": "Feature", "properties": {"segment_id": 1033491, "physicalid": "71711", "street_name": "E 222 ST", "borough": "bronx", "direction": "TW", "total_row_ft": 89.0, "roadbed_ft": 59.7, "median_ft": 8.1, "left_sw_ft": 9.4, "right_sw_ft": 11.8}, "geometry": {"type": "LineString", "coordinates": [[-73.8465207734019, 40.88062248146335], [-73.84666285434392, 40.880428310255226]]}}, {"type": "Feature", "properties": {"segment_id": 1033492, "physicalid": "71711", "street_name": "E 222 ST", "borough": "bronx", "direction": "TW", "total_row_ft": 90.9, "roadbed_ft": 59.9, "median_ft": 10.0, "left_sw_ft": 9.4, "right_sw_ft": 11.6}, "geometry": {"type": "LineString", "coordinates": [[-73.8464573528146, 40.88059609215655], [-73.84659931347313, 40.88040208558415]]}}, {"type": "Feature", "properties": {"segment_id": 1033493, "physicalid": "71711", "street_name": "E 222 ST", "borough": "bronx", "direction": "TW", "total_row_ft": 90.8, "roadbed_ft": 60.1, "median_ft": 10.0, "left_sw_ft": 9.4, "right_sw_ft": 11.3}, "geometry": {"type": "LineString", "coordinates": [[-73.84639393218268, 40.88056970294454], [-73.84653577265253, 40.880375860878004]]}}, {"type": "Feature", "properties": {"segment_id": 1033494, "physicalid": "71711", "street_name": "E 222 ST", "borough": "bronx", "direction": "TW", "total_row_ft": 90.7, "roadbed_ft": 60.3, "median_ft": 9.9, "left_sw_ft": 9.4, "right_sw_ft": 11.1}, "geometry": {"type": "LineString", "coordinates": [[-73.8463305115986, 40.88054331370095], [-73.84647223184844, 40.88034963618266]]}}, {"type": "Feature", "properties": {"segment_id": 1033495, "physicalid": "71711", "street_name": "E 222 ST", "borough": "bronx", "direction": "TW", "total_row_ft": 90.6, "roadbed_ft": 60.5, "median_ft": 9.9, "left_sw_ft": 9.4, "right_sw_ft": 10.8}, "geometry": {"type": "LineString", "coordinates": [[-73.84626709116841, 40.88051692428093], [-73.84640868420108, 40.88032342087281]]}}, {"type": "Feature", "properties": {"segment_id": 1033496, "physicalid": "71711", "street_name": "E 222 ST", "borough": "bronx", "direction": "TW", "total_row_ft": 87.6, "roadbed_ft": 60.4, "median_ft": 7.0, "left_sw_ft": 9.6, "right_sw_ft": 10.5}, "geometry": {"type": "LineString", "coordinates": [[-73.84620367050336, 40.88049053521565], [-73.84634507282497, 40.88029729268937]]}}, {"type": "Feature", "properties": {"segment_id": 1033497, "physicalid": "71711", "street_name": "E 222 ST", "borough": "bronx", "direction": "TW", "total_row_ft": 82.9, "roadbed_ft": 62.0, "median_ft": 0.0, "left_sw_ft": 9.9, "right_sw_ft": 11.0}, "geometry": {"type": "LineString", "coordinates": [[-73.84614024996823, 40.88046414600666], [-73.846285842384, 40.88026517747464]]}}, {"type": "Feature", "properties": {"segment_id": 1033498, "physicalid": "71712", "street_name": "E 222 ST", "borough": "bronx", "direction": "TW", "total_row_ft": 113.9, "roadbed_ft": 90.5, "median_ft": 0.0, "left_sw_ft": 8.4, "right_sw_ft": 15.0}, "geometry": {"type": "LineString", "coordinates": [[-73.84703576621693, 40.88083693954996], [-73.84721302360741, 40.88060132008996]]}}, {"type": "Feature", "properties": {"segment_id": 1033499, "physicalid": "71712", "street_name": "E 222 ST", "borough": "bronx", "direction": "TW", "total_row_ft": 116.0, "roadbed_ft": 59.9, "median_ft": 32.9, "left_sw_ft": 8.5, "right_sw_ft": 14.7}, "geometry": {"type": "LineString", "coordinates": [[-73.84697255425759, 40.88081025768799], [-73.84713857954715, 40.88058956884092]]}}, {"type": "Feature", "properties": {"segment_id": 1033500, "physicalid": "71712", "street_name": "E 222 ST", "borough": "bronx", "direction": "TW", "total_row_ft": 126.0, "roadbed_ft": 90.8, "median_ft": 11.6, "left_sw_ft": 8.7, "right_sw_ft": 15.0}, "geometry": {"type": "LineString", "coordinates": [[-73.84690911041677, 40.88078388408517], [-73.84708740851084, 40.88054688186807]]}}, {"type": "Feature", "properties": {"segment_id": 1033501, "physicalid": "71713", "street_name": "E 222 ST", "borough": "bronx", "direction": "TW", "total_row_ft": 118.1, "roadbed_ft": 93.0, "median_ft": 0.0, "left_sw_ft": 15.0, "right_sw_ft": 10.0}, "geometry": {"type": "LineString", "coordinates": [[-73.84739207216703, 40.881055123437974], [-73.84757403797235, 40.880808205058536]]}}, {"type": "Feature", "properties": {"segment_id": 1033502, "physicalid": "71713", "street_name": "E 222 ST", "borough": "bronx", "direction": "TW", "total_row_ft": 117.6, "roadbed_ft": 79.1, "median_ft": 0.0, "left_sw_ft": 28.5, "right_sw_ft": 10.0}, "geometry": {"type": "LineString", "coordinates": [[-73.84732894983955, 40.88102832647994], [-73.84753648827778, 40.88074670752379]]}}, {"type": "Feature", "properties": {"segment_id": 1033503, "physicalid": "71713", "street_name": "E 222 ST", "borough": "bronx", "direction": "TW", "total_row_ft": 92.4, "roadbed_ft": 60.2, "median_ft": 17.2, "left_sw_ft": 8.0, "right_sw_ft": 7.0}, "geometry": {"type": "LineString", "coordinates": [[-73.8473037588596, 40.88095005894741], [-73.84743646061575, 40.88076998973554]]}}, {"type": "Feature", "properties": {"segment_id": 1033504, "physicalid": "71713", "street_name": "E 222 ST", "borough": "bronx", "direction": "TW", "total_row_ft": 109.3, "roadbed_ft": 60.6, "median_ft": 27.1, "left_sw_ft": 8.1, "right_sw_ft": 13.5}, "geometry": {"type": "LineString", "coordinates": [[-73.84724055047208, 40.8809233789026], [-73.84739191723007, 40.88071798245136]]}}, {"type": "Feature", "properties": {"segment_id": 1033505, "physicalid": "71713", "street_name": "E 222 ST", "borough": "bronx", "direction": "TW", "total_row_ft": 121.7, "roadbed_ft": 60.4, "median_ft": 38.7, "left_sw_ft": 8.2, "right_sw_ft": 14.4}, "geometry": {"type": "LineString", "coordinates": [[-73.84717734217544, 40.880896698768645], [-73.84734978015756, 40.88066270999744]]}}, {"type": "Feature", "properties": {"segment_id": 1033506, "physicalid": "71714", "street_name": "E 222 ST", "borough": "bronx", "direction": "TW", "total_row_ft": 99.6, "roadbed_ft": 80.9, "median_ft": 0.0, "left_sw_ft": 9.4, "right_sw_ft": 9.4}, "geometry": {"type": "LineString", "coordinates": [[-73.84863103854646, 40.88151448970898], [-73.84880622386945, 40.881275525741806]]}}, {"type": "Feature", "properties": {"segment_id": 1033507, "physicalid": "71714", "street_name": "E 222 ST", "borough": "bronx", "direction": "TW", "total_row_ft": 114.5, "roadbed_ft": 90.3, "median_ft": 0.0, "left_sw_ft": 9.3, "right_sw_ft": 15.0}, "geometry": {"type": "LineString", "coordinates": [[-73.84856802166352, 40.88148754804586], [-73.84874302275968, 40.88124883568314]]}}, {"type": "Feature", "properties": {"segment_id": 1033508, "physicalid": "71714", "street_name": "E 222 ST", "borough": "bronx", "direction": "TW", "total_row_ft": 114.4, "roadbed_ft": 90.2, "median_ft": 0.0, "left_sw_ft": 9.2, "right_sw_ft": 15.0}, "geometry": {"type": "LineString", "coordinates": [[-73.84850500483162, 40.881460606348185], [-73.84867982170069, 40.88122214558976]]}}, {"type": "Feature", "properties": {"segment_id": 1033509, "physicalid": "71714", "street_name": "E 222 ST", "borough": "bronx", "direction": "TW", "total_row_ft": 114.3, "roadbed_ft": 90.2, "median_ft": 0.0, "left_sw_ft": 9.1, "right_sw_ft": 15.0}, "geometry": {"type": "LineString", "coordinates": [[-73.84844198805082, 40.88143366461596], [-73.84861662069241, 40.88119545546163]]}}, {"type": "Feature", "properties": {"segment_id": 1033510, "physicalid": "71714", "street_name": "E 222 ST", "borough": "bronx", "direction": "TW", "total_row_ft": 114.2, "roadbed_ft": 90.2, "median_ft": 0.0, "left_sw_ft": 9.0, "right_sw_ft": 15.0}, "geometry": {"type": "LineString", "coordinates": [[-73.84837897132111, 40.88140672284923], [-73.84855341973486, 40.88116876529874]]}}, {"type": "Feature", "properties": {"segment_id": 1033511, "physicalid": "71714", "street_name": "E 222 ST", "borough": "bronx", "direction": "TW", "total_row_ft": 114.1, "roadbed_ft": 90.2, "median_ft": 0.0, "left_sw_ft": 8.9, "right_sw_ft": 15.0}, "geometry": {"type": "LineString", "coordinates": [[-73.84831595464246, 40.88137978104794], [-73.84849021882805, 40.88114207510111]]}}, {"type": "Feature", "properties": {"segment_id": 1033512, "physicalid": "71714", "street_name": "E 222 ST", "borough": "bronx", "direction": "TW", "total_row_ft": 80.0, "roadbed_ft": 60.0, "median_ft": 0.0, "left_sw_ft": 8.9, "right_sw_ft": 11.2}, "geometry": {"type": "LineString", "coordinates": [[-73.84825293801485, 40.881352839212106], [-73.84842701797201, 40.881115384868764]]}}, {"type": "Feature", "properties": {"segment_id": 1033513, "physicalid": "71714", "street_name": "E 222 ST", "borough": "bronx", "direction": "TW", "total_row_ft": 77.8, "roadbed_ft": 59.9, "median_ft": 0.0, "left_sw_ft": 8.7, "right_sw_ft": 9.2}, "geometry": {"type": "LineString", "coordinates": [[-73.84818992143836, 40.88132589734173], [-73.84832673266678, 40.881139279936605]]}}, {"type": "Feature", "properties": {"segment_id": 1033514, "physicalid": "71714", "street_name": "E 222 ST", "borough": "bronx", "direction": "TW", "total_row_ft": 79.7, "roadbed_ft": 60.0, "median_ft": 2.0, "left_sw_ft": 8.5, "right_sw_ft": 9.3}, "geometry": {"type": "LineString", "coordinates": [[-73.84812690491293, 40.88129895543681], [-73.84826359323053, 40.88111250592795]]}}, {"type": "Feature", "properties": {"segment_id": 1033515, "physicalid": "71714", "street_name": "E 222 ST", "borough": "bronx", "direction": "TW", "total_row_ft": 82.5, "roadbed_ft": 60.1, "median_ft": 4.8, "left_sw_ft": 8.2, "right_sw_ft": 9.3}, "geometry": {"type": "LineString", "coordinates": [[-73.84806388843857, 40.88127201349738], [-73.84820045384517, 40.88108573188464]]}}, {"type": "Feature", "properties": {"segment_id": 1033516, "physicalid": "71714", "street_name": "E 222 ST", "borough": "bronx", "direction": "TW", "total_row_ft": 85.0, "roadbed_ft": 60.2, "median_ft": 7.3, "left_sw_ft": 8.1, "right_sw_ft": 9.4}, "geometry": {"type": "LineString", "coordinates": [[-73.84800061852478, 40.88124541729474], [-73.84813731451064, 40.881058957806665]]}}, {"type": "Feature", "properties": {"segment_id": 1033517, "physicalid": "71714", "street_name": "E 222 ST", "borough": "bronx", "direction": "TW", "total_row_ft": 84.5, "roadbed_ft": 60.4, "median_ft": 6.7, "left_sw_ft": 8.1, "right_sw_ft": 9.4}, "geometry": {"type": "LineString", "coordinates": [[-73.84793731855017, 40.88121886213043], [-73.84807417522698, 40.88103218369402]]}}, {"type": "Feature", "properties": {"segment_id": 1033518, "physicalid": "71714", "street_name": "E 222 ST", "borough": "bronx", "direction": "TW", "total_row_ft": 81.8, "roadbed_ft": 60.4, "median_ft": 3.9, "left_sw_ft": 8.1, "right_sw_ft": 9.4}, "geometry": {"type": "LineString", "coordinates": [[-73.84787401862614, 40.88119230693126], [-73.84801099399905, 40.881005466829954]]}}, {"type": "Feature", "properties": {"segment_id": 1033519, "physicalid": "71714", "street_name": "E 222 ST", "borough": "bronx", "direction": "TW", "total_row_ft": 78.9, "roadbed_ft": 60.2, "median_ft": 1.1, "left_sw_ft": 8.3, "right_sw_ft": 9.2}, "geometry": {"type": "LineString", "coordinates": [[-73.84781071875271, 40.88116575169727], [-73.84794741573153, 40.880979291580005]]}}, {"type": "Feature", "properties": {"segment_id": 1033520, "physicalid": "71714", "street_name": "E 222 ST", "borough": "bronx", "direction": "TW", "total_row_ft": 77.6, "roadbed_ft": 60.0, "median_ft": 0.0, "left_sw_ft": 8.6, "right_sw_ft": 9.0}, "geometry": {"type": "LineString", "coordinates": [[-73.84774741892983, 40.88113919642839], [-73.84788383751405, 40.88095311629491]]}}, {"type": "Feature", "properties": {"segment_id": 1033521, "physicalid": "71714", "street_name": "E 222 ST", "borough": "bronx", "direction": "TW", "total_row_ft": 77.4, "roadbed_ft": 59.8, "median_ft": 0.0, "left_sw_ft": 8.8, "right_sw_ft": 8.8}, "geometry": {"type": "LineString", "coordinates": [[-73.84768411915749, 40.88111264112469], [-73.84782025934666, 40.880926940974675]]}}, {"type": "Feature", "properties": {"segment_id": 1033522, "physicalid": "71714", "street_name": "E 222 ST", "borough": "bronx", "direction": "TW", "total_row_ft": 77.3, "roadbed_ft": 59.7, "median_ft": 0.0, "left_sw_ft": 9.0, "right_sw_ft": 8.6}, "geometry": {"type": "LineString", "coordinates": [[-73.84762081943575, 40.881086085786144], [-73.84775668122933, 40.88090076561929]]}}, {"type": "Feature", "properties": {"segment_id": 1033523, "physicalid": "71714", "street_name": "E 222 ST", "borough": "bronx", "direction": "TW", "total_row_ft": 77.8, "roadbed_ft": 59.5, "median_ft": 0.0, "left_sw_ft": 9.8, "right_sw_ft": 8.4}, "geometry": {"type": "LineString", "coordinates": [[-73.84755638024616, 40.88106108474805], [-73.84769310316204, 40.880874590228736]]}}, {"type": "Feature", "properties": {"segment_id": 1033534, "physicalid": "71715", "street_name": "E 222 ST", "borough": "bronx", "direction": "TW", "total_row_ft": 104.5, "roadbed_ft": 61.2, "median_ft": 10.4, "left_sw_ft": 13.5, "right_sw_ft": 19.4}, "geometry": {"type": "LineString", "coordinates": [[-73.84986810640304, 40.88205550016194], [-73.85002540274964, 40.88182629624303]]}}, {"type": "Feature", "properties": {"segment_id": 1033535, "physicalid": "71715", "street_name": "E 222 ST", "borough": "bronx", "direction": "TW", "total_row_ft": 97.7, "roadbed_ft": 61.0, "median_ft": 10.3, "left_sw_ft": 14.1, "right_sw_ft": 12.3}, "geometry": {"type": "LineString", "coordinates": [[-73.84980420933972, 40.88202977802929], [-73.84995027566201, 40.881816938263405]]}}, {"type": "Feature", "properties": {"segment_id": 1033536, "physicalid": "71715", "street_name": "E 222 ST", "borough": "bronx", "direction": "TW", "total_row_ft": 98.1, "roadbed_ft": 60.7, "median_ft": 10.2, "left_sw_ft": 14.7, "right_sw_ft": 12.4}, "geometry": {"type": "LineString", "coordinates": [[-73.84974031232584, 40.88200405586115], [-73.84988707894044, 40.881790195961315]]}}, {"type": "Feature", "properties": {"segment_id": 1033537, "physicalid": "71715", "street_name": "E 222 ST", "borough": "bronx", "direction": "TW", "total_row_ft": 98.5, "roadbed_ft": 60.5, "median_ft": 10.2, "left_sw_ft": 15.3, "right_sw_ft": 12.5}, "geometry": {"type": "LineString", "coordinates": [[-73.84967641536143, 40.88197833365752], [-73.84982388219751, 40.88176345372968]]}}, {"type": "Feature", "properties": {"segment_id": 1033538, "physicalid": "71715", "street_name": "E 222 ST", "borough": "bronx", "direction": "TW", "total_row_ft": 98.8, "roadbed_ft": 60.2, "median_ft": 10.1, "left_sw_ft": 15.9, "right_sw_ft": 12.6}, "geometry": {"type": "LineString", "coordinates": [[-73.84961251844643, 40.88195261141838], [-73.84976068573545, 40.881736711128134]]}}, {"type": "Feature", "properties": {"segment_id": 1033539, "physicalid": "71715", "street_name": "E 222 ST", "borough": "bronx", "direction": "TW", "total_row_ft": 99.2, "roadbed_ft": 60.0, "median_ft": 10.1, "left_sw_ft": 16.5, "right_sw_ft": 12.6}, "geometry": {"type": "LineString", "coordinates": [[-73.84954862146989, 40.88192688930547], [-73.84969748904913, 40.88170996889271]]}}, {"type": "Feature", "properties": {"segment_id": 1033540, "physicalid": "71715", "street_name": "E 222 ST", "borough": "bronx", "direction": "TW", "total_row_ft": 99.6, "roadbed_ft": 59.8, "median_ft": 10.0, "left_sw_ft": 17.1, "right_sw_ft": 12.7}, "geometry": {"type": "LineString", "coordinates": [[-73.84948472455231, 40.88190116714324], [-73.84963429241365, 40.88168322662256]]}}, {"type": "Feature", "properties": {"segment_id": 1033541, "physicalid": "71715", "street_name": "E 222 ST", "borough": "bronx", "direction": "TW", "total_row_ft": 99.9, "roadbed_ft": 59.6, "median_ft": 10.0, "left_sw_ft": 17.6, "right_sw_ft": 12.8}, "geometry": {"type": "LineString", "coordinates": [[-73.84942082768416, 40.88187544494551], [-73.84957109582902, 40.88165648431767]]}}, {"type": "Feature", "properties": {"segment_id": 1033542, "physicalid": "71715", "street_name": "E 222 ST", "borough": "bronx", "direction": "TW", "total_row_ft": 99.4, "roadbed_ft": 59.6, "median_ft": 9.1, "left_sw_ft": 17.9, "right_sw_ft": 12.7}, "geometry": {"type": "LineString", "coordinates": [[-73.8493571448639, 40.881849410889686], [-73.84950789929525, 40.881629741978024]]}}, {"type": "Feature", "properties": {"segment_id": 1033543, "physicalid": "71715", "street_name": "E 222 ST", "borough": "bronx", "direction": "TW", "total_row_ft": 96.8, "roadbed_ft": 59.7, "median_ft": 6.4, "left_sw_ft": 18.0, "right_sw_ft": 12.7}, "geometry": {"type": "LineString", "coordinates": [[-73.84929368500356, 40.881823051991304], [-73.84944471702158, 40.881602978898776]]}}, {"type": "Feature", "properties": {"segment_id": 1033544, "physicalid": "71715", "street_name": "E 222 ST", "borough": "bronx", "direction": "TW", "total_row_ft": 94.4, "roadbed_ft": 59.8, "median_ft": 3.7, "left_sw_ft": 18.2, "right_sw_ft": 12.7}, "geometry": {"type": "LineString", "coordinates": [[-73.84923022500205, 40.88179669333688], [-73.84938169331812, 40.881575984801245]]}}, {"type": "Feature", "properties": {"segment_id": 1033545, "physicalid": "71715", "street_name": "E 222 ST", "borough": "bronx", "direction": "TW", "total_row_ft": 91.9, "roadbed_ft": 59.8, "median_ft": 1.0, "left_sw_ft": 18.3, "right_sw_ft": 12.8}, "geometry": {"type": "LineString", "coordinates": [[-73.84916676494949, 40.88177033479513], [-73.84931866966582, 40.881548990669124]]}}, {"type": "Feature", "properties": {"segment_id": 1033546, "physicalid": "71715", "street_name": "E 222 ST", "borough": "bronx", "direction": "TW", "total_row_ft": 87.3, "roadbed_ft": 59.9, "median_ft": 0.0, "left_sw_ft": 18.5, "right_sw_ft": 9.0}, "geometry": {"type": "LineString", "coordinates": [[-73.84910330550595, 40.881743975404305], [-73.84924912111607, 40.88153150418857]]}}, {"type": "Feature", "properties": {"segment_id": 1033547, "physicalid": "71715", "street_name": "E 222 ST", "borough": "bronx", "direction": "TW", "total_row_ft": 94.4, "roadbed_ft": 61.0, "median_ft": 0.0, "left_sw_ft": 24.9, "right_sw_ft": 8.5}, "geometry": {"type": "LineString", "coordinates": [[-73.84902751593961, 40.88173558245621], [-73.84918524469751, 40.88150575271156]]}}, {"type": "Feature", "properties": {"segment_id": 1033548, "physicalid": "71715", "street_name": "E 222 ST", "borough": "bronx", "direction": "TW", "total_row_ft": 109.6, "roadbed_ft": 86.5, "median_ft": 0.0, "left_sw_ft": 15.0, "right_sw_ft": 8.1}, "geometry": {"type": "LineString", "coordinates": [[-73.84896336993845, 40.881710223509025], [-73.84912136832841, 40.88148000119908]]}}, {"type": "Feature", "properties": {"segment_id": 1033549, "physicalid": "71715", "street_name": "E 222 ST", "borough": "bronx", "direction": "TW", "total_row_ft": 109.7, "roadbed_ft": 87.1, "median_ft": 0.0, "left_sw_ft": 15.0, "right_sw_ft": 7.6}, "geometry": {"type": "LineString", "coordinates": [[-73.84889922398621, 40.88168486452606], [-73.8490574920088, 40.88145424965111]]}}, {"type": "Feature", "properties": {"segment_id": 1033550, "physicalid": "71715", "street_name": "E 222 ST", "borough": "bronx", "direction": "TW", "total_row_ft": 115.8, "roadbed_ft": 87.7, "median_ft": 0.0, "left_sw_ft": 15.0, "right_sw_ft": 13.1}, "geometry": {"type": "LineString", "coordinates": [[-73.84883507808287, 40.881659505507315], [-73.84900355225251, 40.881414019373125]]}}, {"type": "Feature", "properties": {"segment_id": 1033551, "physicalid": "71715", "street_name": "E 222 ST", "borough": "bronx", "direction": "TW", "total_row_ft": 116.5, "roadbed_ft": 88.3, "median_ft": 0.0, "left_sw_ft": 15.0, "right_sw_ft": 13.2}, "geometry": {"type": "LineString", "coordinates": [[-73.84877093222852, 40.8816341464528], [-73.84894052901306, 40.88138702487955]]}}, {"type": "Feature", "properties": {"segment_id": 1033552, "physicalid": "71715", "street_name": "E 222 ST", "borough": "bronx", "direction": "TW", "total_row_ft": 102.2, "roadbed_ft": 87.1, "median_ft": 0.0, "left_sw_ft": 1.8, "right_sw_ft": 13.3}, "geometry": {"type": "LineString", "coordinates": [[-73.8487067864231, 40.88160878736253], [-73.8488775058248, 40.88136003035146]]}}, {"type": "Feature", "properties": {"segment_id": 1253852, "physicalid": "86201", "street_name": "NEEDHAM AVE", "borough": "bronx", "direction": "FT", "total_row_ft": 112.0, "roadbed_ft": 65.0, "median_ft": 21.3, "left_sw_ft": 14.0, "right_sw_ft": 11.8}, "geometry": {"type": "LineString", "coordinates": [[-73.84734490614942, 40.880686091728755], [-73.84722770164778, 40.88045349159453]]}}, {"type": "Feature", "properties": {"segment_id": 1253853, "physicalid": "86201", "street_name": "NEEDHAM AVE", "borough": "bronx", "direction": "FT", "total_row_ft": 107.6, "roadbed_ft": 79.9, "median_ft": 16.8, "left_sw_ft": 0.7, "right_sw_ft": 10.2}, "geometry": {"type": "LineString", "coordinates": [[-73.84728207241452, 40.88071506672972], [-73.84716484758371, 40.88048242585329]]}}, {"type": "Feature", "properties": {"segment_id": 1253854, "physicalid": "86201", "street_name": "NEEDHAM AVE", "borough": "bronx", "direction": "FT", "total_row_ft": 60.5, "roadbed_ft": 22.1, "median_ft": 18.5, "left_sw_ft": 9.3, "right_sw_ft": 10.6}, "geometry": {"type": "LineString", "coordinates": [[-73.84715860573621, 40.88062371150145], [-73.84709877396187, 40.880504970712884]]}}, {"type": "Feature", "properties": {"segment_id": 1253855, "physicalid": "86201", "street_name": "NEEDHAM AVE", "borough": "bronx", "direction": "FT", "total_row_ft": 62.8, "roadbed_ft": 21.4, "median_ft": 16.4, "left_sw_ft": 14.2, "right_sw_ft": 10.7}, "geometry": {"type": "LineString", "coordinates": [[-73.84709250965696, 40.88064621207126], [-73.84703257479921, 40.88052726647704]]}}, {"type": "Feature", "properties": {"segment_id": 1253856, "physicalid": "86201", "street_name": "NEEDHAM AVE", "borough": "bronx", "direction": "FT", "total_row_ft": 110.1, "roadbed_ft": 76.8, "median_ft": 7.6, "left_sw_ft": 15.0, "right_sw_ft": 10.7}, "geometry": {"type": "LineString", "coordinates": [[-73.84707941232425, 40.880773892829154], [-73.84696637559215, 40.88054956220318]]}}, {"type": "Feature", "properties": {"segment_id": 1253857, "physicalid": "86202", "street_name": "NEEDHAM AVE", "borough": "bronx", "direction": "TW", "total_row_ft": 111.2, "roadbed_ft": 79.9, "median_ft": 5.1, "left_sw_ft": 13.3, "right_sw_ft": 12.8}, "geometry": {"type": "LineString", "coordinates": [[-73.84746729466404, 40.88063338438843], [-73.84713022124214, 40.880494379304395]]}}, {"type": "Feature", "properties": {"segment_id": 1253858, "physicalid": "86202", "street_name": "NEEDHAM AVE", "borough": "bronx", "direction": "TW", "total_row_ft": 154.7, "roadbed_ft": 111.1, "median_ft": 19.7, "left_sw_ft": 15.0, "right_sw_ft": 8.9}, "geometry": {"type": "LineString", "coordinates": [[-73.84745300877196, 40.88068996633557], [-73.84707170760889, 40.88053272221312]]}}, {"type": "Feature", "properties": {"segment_id": 1253859, "physicalid": "86202", "street_name": "NEEDHAM AVE", "borough": "bronx", "direction": "TW", "total_row_ft": 132.6, "roadbed_ft": 45.2, "median_ft": 62.2, "left_sw_ft": 15.7, "right_sw_ft": 9.5}, "geometry": {"type": "LineString", "coordinates": [[-73.84740418434548, 40.88073230509379], [-73.84709337585862, 40.880604131386924]]}}, {"type": "Feature", "properties": {"segment_id": 1253860, "physicalid": "86202", "street_name": "NEEDHAM AVE", "borough": "bronx", "direction": "TW", "total_row_ft": 180.7, "roadbed_ft": 120.0, "median_ft": 30.7, "left_sw_ft": 15.0, "right_sw_ft": 15.0}, "geometry": {"type": "LineString", "coordinates": [[-73.84738395017688, 40.88078643407853], [-73.84700264862393, 40.88062918973067]]}}, {"type": "Feature", "properties": {"segment_id": 1253861, "physicalid": "86203", "street_name": "NEEDHAM AVE", "borough": "bronx", "direction": "TW", "total_row_ft": 150.0, "roadbed_ft": 120.0, "median_ft": 0.0, "left_sw_ft": 15.0, "right_sw_ft": 15.0}, "geometry": {"type": "LineString", "coordinates": [[-73.84813877675737, 40.8803210786108], [-73.84790242190265, 40.880044856883835]]}}, {"type": "Feature", "properties": {"segment_id": 1253862, "physicalid": "86203", "street_name": "NEEDHAM AVE", "borough": "bronx", "direction": "TW", "total_row_ft": 135.0, "roadbed_ft": 81.5, "median_ft": 0.0, "left_sw_ft": 15.0, "right_sw_ft": 38.5}, "geometry": {"type": "LineString", "coordinates": [[-73.84807812133394, 40.88035097726217], [-73.84784176662495, 40.88007475541248]]}}, {"type": "Feature", "properties": {"segment_id": 1253863, "physicalid": "86203", "street_name": "NEEDHAM AVE", "borough": "bronx", "direction": "TW", "total_row_ft": 64.7, "roadbed_ft": 45.2, "median_ft": 0.0, "left_sw_ft": 8.7, "right_sw_ft": 10.7}, "geometry": {"type": "LineString", "coordinates": [[-73.84796348920179, 40.88031779489204], [-73.84783607466754, 40.880168888550955]]}}, {"type": "Feature", "properties": {"segment_id": 1253864, "physicalid": "86203", "street_name": "NEEDHAM AVE", "borough": "bronx", "direction": "TW", "total_row_ft": 64.9, "roadbed_ft": 45.1, "median_ft": 0.0, "left_sw_ft": 8.7, "right_sw_ft": 11.1}, "geometry": {"type": "LineString", "coordinates": [[-73.8479027157248, 40.88034755557377], [-73.84777493861162, 40.880198225334965]]}}, {"type": "Feature", "properties": {"segment_id": 1253865, "physicalid": "86203", "street_name": "NEEDHAM AVE", "borough": "bronx", "direction": "TW", "total_row_ft": 65.1, "roadbed_ft": 44.9, "median_ft": 0.0, "left_sw_ft": 8.6, "right_sw_ft": 11.5}, "geometry": {"type": "LineString", "coordinates": [[-73.84784194219341, 40.880377316223324], [-73.84771380258451, 40.88022756218315]]}}, {"type": "Feature", "properties": {"segment_id": 1253866, "physicalid": "86203", "street_name": "NEEDHAM AVE", "borough": "bronx", "direction": "TW", "total_row_ft": 65.4, "roadbed_ft": 44.8, "median_ft": 0.0, "left_sw_ft": 8.6, "right_sw_ft": 12.0}, "geometry": {"type": "LineString", "coordinates": [[-73.84778116860763, 40.880407076840726], [-73.84765243281883, 40.88025662589549]]}}, {"type": "Feature", "properties": {"segment_id": 1253867, "physicalid": "86203", "street_name": "NEEDHAM AVE", "borough": "bronx", "direction": "TW", "total_row_ft": 65.8, "roadbed_ft": 44.6, "median_ft": 0.0, "left_sw_ft": 8.5, "right_sw_ft": 12.7}, "geometry": {"type": "LineString", "coordinates": [[-73.84772039496741, 40.880436837425954], [-73.84759074743855, 40.880285320783855]]}}, {"type": "Feature", "properties": {"segment_id": 1253868, "physicalid": "86203", "street_name": "NEEDHAM AVE", "borough": "bronx", "direction": "TW", "total_row_ft": 66.3, "roadbed_ft": 44.8, "median_ft": 0.0, "left_sw_ft": 8.6, "right_sw_ft": 12.9}, "geometry": {"type": "LineString", "coordinates": [[-73.84765962127784, 40.88046659798489], [-73.847529062005, 40.88031401563908]]}}, {"type": "Feature", "properties": {"segment_id": 1253869, "physicalid": "86203", "street_name": "NEEDHAM AVE", "borough": "bronx", "direction": "TW", "total_row_ft": 66.7, "roadbed_ft": 45.0, "median_ft": 0.0, "left_sw_ft": 8.8, "right_sw_ft": 13.0}, "geometry": {"type": "LineString", "coordinates": [[-73.84759884754101, 40.880496358520055], [-73.8474673765621, 40.88034271051248]]}}, {"type": "Feature", "properties": {"segment_id": 1253870, "physicalid": "86203", "street_name": "NEEDHAM AVE", "borough": "bronx", "direction": "TW", "total_row_ft": 67.2, "roadbed_ft": 45.2, "median_ft": 0.0, "left_sw_ft": 9.0, "right_sw_ft": 13.0}, "geometry": {"type": "LineString", "coordinates": [[-73.84753807374977, 40.88052611902302], [-73.84740569124914, 40.88037140556687]]}}, {"type": "Feature", "properties": {"segment_id": 1253871, "physicalid": "86203", "street_name": "NEEDHAM AVE", "borough": "bronx", "direction": "TW", "total_row_ft": 67.7, "roadbed_ft": 45.4, "median_ft": 0.0, "left_sw_ft": 9.2, "right_sw_ft": 13.1}, "geometry": {"type": "LineString", "coordinates": [[-73.84747729985159, 40.88055587943241], [-73.84734391461116, 40.88039999391976]]}}, {"type": "Feature", "properties": {"segment_id": 1253872, "physicalid": "86204", "street_name": "NEEDHAM AVE", "borough": "bronx", "direction": "TW", "total_row_ft": 160.6, "roadbed_ft": 37.7, "median_ft": 40.7, "left_sw_ft": 41.5, "right_sw_ft": 40.7}, "geometry": {"type": "LineString", "coordinates": [[-73.8484238328777, 40.88015438428593], [-73.8481531483263, 40.879897260856445]]}}, {"type": "Feature", "properties": {"segment_id": 1253873, "physicalid": "86204", "street_name": "NEEDHAM AVE", "borough": "bronx", "direction": "TW", "total_row_ft": 74.8, "roadbed_ft": 28.3, "median_ft": 18.2, "left_sw_ft": 10.0, "right_sw_ft": 18.2}, "geometry": {"type": "LineString", "coordinates": [[-73.84827769658634, 40.880103507983975], [-73.84815001961508, 40.87998222736641]]}}, {"type": "Feature", "properties": {"segment_id": 1253874, "physicalid": "86204", "street_name": "NEEDHAM AVE", "borough": "bronx", "direction": "TW", "total_row_ft": 49.3, "roadbed_ft": 37.1, "median_ft": 1.1, "left_sw_ft": 9.9, "right_sw_ft": 1.1}, "geometry": {"type": "LineString", "coordinates": [[-73.8482173117739, 40.880134086802755], [-73.84810868078725, 40.88003089794453]]}}, {"type": "Feature", "properties": {"segment_id": 1253875, "physicalid": "86204", "street_name": "NEEDHAM AVE", "borough": "bronx", "direction": "TW", "total_row_ft": 135.0, "roadbed_ft": 96.8, "median_ft": 0.0, "left_sw_ft": 23.2, "right_sw_ft": 15.0}, "geometry": {"type": "LineString", "coordinates": [[-73.8482543244587, 40.88025718350653], [-73.84798344228015, 40.87999987173163]]}}, {"type": "Feature", "properties": {"segment_id": 1253901, "physicalid": "86205", "street_name": "NEEDHAM AVE", "borough": "bronx", "direction": "TW", "total_row_ft": 101.9, "roadbed_ft": 75.2, "median_ft": 0.0, "left_sw_ft": 15.0, "right_sw_ft": 11.6}, "geometry": {"type": "LineString", "coordinates": [[-73.84850777293542, 40.880108555307544], [-73.84833419608388, 40.8799097816004]]}}, {"type": "Feature", "properties": {"segment_id": 1254213, "physicalid": "86227", "street_name": "OAKLEY ST", "borough": "bronx", "direction": "TW", "total_row_ft": 108.5, "roadbed_ft": 79.9, "median_ft": 0.0, "left_sw_ft": 13.6, "right_sw_ft": 15.0}, "geometry": {"type": "LineString", "coordinates": [[-73.84906724554153, 40.880560860509306], [-73.84888718948623, 40.88034379107508]]}}, {"type": "Feature", "properties": {"segment_id": 1254214, "physicalid": "86227", "street_name": "OAKLEY ST", "borough": "bronx", "direction": "TW", "total_row_ft": 80.9, "roadbed_ft": 35.0, "median_ft": 0.0, "left_sw_ft": 9.1, "right_sw_ft": 36.8}, "geometry": {"type": "LineString", "coordinates": [[-73.8489931276628, 40.88057453984079], [-73.84883728748544, 40.88038666402832]]}}, {"type": "Feature", "properties": {"segment_id": 1254215, "physicalid": "86227", "street_name": "OAKLEY ST", "borough": "bronx", "direction": "TW", "total_row_ft": 52.6, "roadbed_ft": 34.7, "median_ft": 0.0, "left_sw_ft": 8.7, "right_sw_ft": 9.1}, "geometry": {"type": "LineString", "coordinates": [[-73.84893231297188, 40.88060425701638], [-73.84883100313927, 40.880482121213745]]}}, {"type": "Feature", "properties": {"segment_id": 1254216, "physicalid": "86227", "street_name": "OAKLEY ST", "borough": "bronx", "direction": "TW", "total_row_ft": 52.6, "roadbed_ft": 34.9, "median_ft": 0.0, "left_sw_ft": 8.4, "right_sw_ft": 9.3}, "geometry": {"type": "LineString", "coordinates": [[-73.84887149822187, 40.88063397415404], [-73.84877018536508, 40.88051183457274]]}}, {"type": "Feature", "properties": {"segment_id": 1254217, "physicalid": "86227", "street_name": "OAKLEY ST", "borough": "bronx", "direction": "TW", "total_row_ft": 52.6, "roadbed_ft": 35.0, "median_ft": 0.0, "left_sw_ft": 8.1, "right_sw_ft": 9.5}, "geometry": {"type": "LineString", "coordinates": [[-73.84881068334292, 40.88066369116956], [-73.84870936760602, 40.88054154798331]]}}, {"type": "Feature", "properties": {"segment_id": 1254218, "physicalid": "86227", "street_name": "OAKLEY ST", "borough": "bronx", "direction": "TW", "total_row_ft": 52.6, "roadbed_ft": 35.2, "median_ft": 0.0, "left_sw_ft": 7.8, "right_sw_ft": 9.6}, "geometry": {"type": "LineString", "coordinates": [[-73.84874986838707, 40.880693408125744], [-73.84864854988096, 40.880571261468184]]}}, {"type": "Feature", "properties": {"segment_id": 1254219, "physicalid": "86227", "street_name": "OAKLEY ST", "borough": "bronx", "direction": "TW", "total_row_ft": 52.6, "roadbed_ft": 35.4, "median_ft": 0.0, "left_sw_ft": 7.5, "right_sw_ft": 9.8}, "geometry": {"type": "LineString", "coordinates": [[-73.84868905337684, 40.88072312504972], [-73.84858773210156, 40.88060097492086]]}}, {"type": "Feature", "properties": {"segment_id": 1254220, "physicalid": "86227", "street_name": "OAKLEY ST", "borough": "bronx", "direction": "TW", "total_row_ft": 52.6, "roadbed_ft": 35.6, "median_ft": 0.0, "left_sw_ft": 7.1, "right_sw_ft": 9.9}, "geometry": {"type": "LineString", "coordinates": [[-73.84862823850334, 40.88075284217182], [-73.84852691413452, 40.88063068818066]]}}, {"type": "Feature", "properties": {"segment_id": 1254221, "physicalid": "86227", "street_name": "OAKLEY ST", "borough": "bronx", "direction": "TW", "total_row_ft": 78.9, "roadbed_ft": 37.5, "median_ft": 0.0, "left_sw_ft": 6.8, "right_sw_ft": 34.6}, "geometry": {"type": "LineString", "coordinates": [[-73.8485674236029, 40.88078255929483], [-73.84841536331278, 40.88059923901035]]}}, {"type": "Feature", "properties": {"segment_id": 1254222, "physicalid": "86227", "street_name": "OAKLEY ST", "borough": "bronx", "direction": "TW", "total_row_ft": 150.0, "roadbed_ft": 120.0, "median_ft": 0.0, "left_sw_ft": 15.0, "right_sw_ft": 15.0}, "geometry": {"type": "LineString", "coordinates": [[-73.84856753791372, 40.88088573100345], [-73.84833634072302, 40.8806070051028]]}}, {"type": "Feature", "properties": {"segment_id": 1254230, "physicalid": "86228", "street_name": "OAKLEY ST", "borough": "bronx", "direction": "TW", "total_row_ft": 51.7, "roadbed_ft": 33.8, "median_ft": 0.0, "left_sw_ft": 8.8, "right_sw_ft": 9.2}, "geometry": {"type": "LineString", "coordinates": [[-73.85002501327723, 40.88006074689551], [-73.84992237576752, 40.87994197979393]]}}, {"type": "Feature", "properties": {"segment_id": 1254231, "physicalid": "86228", "street_name": "OAKLEY ST", "borough": "bronx", "direction": "TW", "total_row_ft": 51.0, "roadbed_ft": 33.5, "median_ft": 0.0, "left_sw_ft": 8.9, "right_sw_ft": 8.7}, "geometry": {"type": "LineString", "coordinates": [[-73.84996433742464, 40.88009062266339], [-73.84986311557168, 40.87997349357035]]}}, {"type": "Feature", "properties": {"segment_id": 1254232, "physicalid": "86228", "street_name": "OAKLEY ST", "borough": "bronx", "direction": "TW", "total_row_ft": 50.3, "roadbed_ft": 33.4, "median_ft": 0.0, "left_sw_ft": 8.9, "right_sw_ft": 8.0}, "geometry": {"type": "LineString", "coordinates": [[-73.8499036615175, 40.88012049839917], [-73.84980385531966, 40.88000500731618]]}}, {"type": "Feature", "properties": {"segment_id": 1254233, "physicalid": "86228", "street_name": "OAKLEY ST", "borough": "bronx", "direction": "TW", "total_row_ft": 49.6, "roadbed_ft": 33.3, "median_ft": 0.0, "left_sw_ft": 9.0, "right_sw_ft": 7.3}, "geometry": {"type": "LineString", "coordinates": [[-73.84984298555585, 40.8801503741029], [-73.84974459501144, 40.880036521031414]]}}, {"type": "Feature", "properties": {"segment_id": 1254234, "physicalid": "86228", "street_name": "OAKLEY ST", "borough": "bronx", "direction": "TW", "total_row_ft": 51.6, "roadbed_ft": 33.2, "median_ft": 0.0, "left_sw_ft": 9.1, "right_sw_ft": 9.3}, "geometry": {"type": "LineString", "coordinates": [[-73.84978230953965, 40.880180249774575], [-73.84967993746686, 40.88006178932408]]}}, {"type": "Feature", "properties": {"segment_id": 1254235, "physicalid": "86228", "street_name": "OAKLEY ST", "borough": "bronx", "direction": "TW", "total_row_ft": 51.7, "roadbed_ft": 33.1, "median_ft": 0.0, "left_sw_ft": 9.2, "right_sw_ft": 9.4}, "geometry": {"type": "LineString", "coordinates": [[-73.84972163346895, 40.880210125414166], [-73.84961912568244, 40.88009150779621]]}}, {"type": "Feature", "properties": {"segment_id": 1254236, "physicalid": "86228", "street_name": "OAKLEY ST", "borough": "bronx", "direction": "TW", "total_row_ft": 51.8, "roadbed_ft": 33.0, "median_ft": 0.0, "left_sw_ft": 9.3, "right_sw_ft": 9.5}, "geometry": {"type": "LineString", "coordinates": [[-73.84966095744633, 40.88024000114049], [-73.84955831342324, 40.88012122574968]]}}, {"type": "Feature", "properties": {"segment_id": 1254237, "physicalid": "86228", "street_name": "OAKLEY ST", "borough": "bronx", "direction": "TW", "total_row_ft": 51.9, "roadbed_ft": 33.2, "median_ft": 0.0, "left_sw_ft": 9.2, "right_sw_ft": 9.5}, "geometry": {"type": "LineString", "coordinates": [[-73.84960053269249, 40.88027016765526], [-73.84949750109794, 40.88015094365736]]}}, {"type": "Feature", "properties": {"segment_id": 1254238, "physicalid": "86228", "street_name": "OAKLEY ST", "borough": "bronx", "direction": "TW", "total_row_ft": 52.1, "roadbed_ft": 33.6, "median_ft": 0.0, "left_sw_ft": 9.0, "right_sw_ft": 9.6}, "geometry": {"type": "LineString", "coordinates": [[-73.84954011782648, 40.8803003456435], [-73.84943668871833, 40.88018066153284]]}}, {"type": "Feature", "properties": {"segment_id": 1254239, "physicalid": "86228", "street_name": "OAKLEY ST", "borough": "bronx", "direction": "TW", "total_row_ft": 52.3, "roadbed_ft": 33.9, "median_ft": 0.0, "left_sw_ft": 8.7, "right_sw_ft": 9.7}, "geometry": {"type": "LineString", "coordinates": [[-73.84947970290563, 40.880330523599916], [-73.84937587628433, 40.88021037937611]]}}, {"type": "Feature", "properties": {"segment_id": 1254240, "physicalid": "86228", "street_name": "OAKLEY ST", "borough": "bronx", "direction": "TW", "total_row_ft": 52.5, "roadbed_ft": 34.3, "median_ft": 0.0, "left_sw_ft": 8.5, "right_sw_ft": 9.7}, "geometry": {"type": "LineString", "coordinates": [[-73.84941928792993, 40.88036070152455], [-73.84931508456418, 40.8802401212195]]}}, {"type": "Feature", "properties": {"segment_id": 1254241, "physicalid": "86228", "street_name": "OAKLEY ST", "borough": "bronx", "direction": "TW", "total_row_ft": 52.5, "roadbed_ft": 34.7, "median_ft": 0.0, "left_sw_ft": 8.2, "right_sw_ft": 9.6}, "geometry": {"type": "LineString", "coordinates": [[-73.8493588728994, 40.8803908794174], [-73.84925467225024, 40.880270302129986]]}}, {"type": "Feature", "properties": {"segment_id": 1254242, "physicalid": "86228", "street_name": "OAKLEY ST", "borough": "bronx", "direction": "TW", "total_row_ft": 52.5, "roadbed_ft": 35.0, "median_ft": 0.0, "left_sw_ft": 8.0, "right_sw_ft": 9.6}, "geometry": {"type": "LineString", "coordinates": [[-73.849298457814, 40.88042105727845], [-73.84919425988147, 40.880300483008654]]}}, {"type": "Feature", "properties": {"segment_id": 1254243, "physicalid": "86228", "street_name": "OAKLEY ST", "borough": "bronx", "direction": "TW", "total_row_ft": 57.6, "roadbed_ft": 35.2, "median_ft": 0.0, "left_sw_ft": 12.8, "right_sw_ft": 9.5}, "geometry": {"type": "LineString", "coordinates": [[-73.84930611899381, 40.8805300104816], [-73.84913384745786, 40.880330663855574]]}}, {"type": "Feature", "properties": {"segment_id": 1254244, "physicalid": "86228", "street_name": "OAKLEY ST", "borough": "bronx", "direction": "TW", "total_row_ft": 101.8, "roadbed_ft": 77.3, "median_ft": 0.0, "left_sw_ft": 15.0, "right_sw_ft": 9.5}, "geometry": {"type": "LineString", "coordinates": [[-73.8492456423502, 40.8805601172554], [-73.84907343497939, 40.88036084467067]]}}, {"type": "Feature", "properties": {"segment_id": 1259108, "physicalid": "86528", "street_name": "E 231 ST", "borough": "bronx", "direction": "FT", "total_row_ft": 51.7, "roadbed_ft": 33.9, "median_ft": 0.0, "left_sw_ft": 8.6, "right_sw_ft": 9.2}, "geometry": {"type": "LineString", "coordinates": [[-73.84995264074207, 40.8895199983119], [-73.85002499763294, 40.88938921508401]]}}, {"type": "Feature", "properties": {"segment_id": 1259109, "physicalid": "86528", "street_name": "E 231 ST", "borough": "bronx", "direction": "FT", "total_row_ft": 51.1, "roadbed_ft": 33.9, "median_ft": 0.0, "left_sw_ft": 8.3, "right_sw_ft": 8.9}, "geometry": {"type": "LineString", "coordinates": [[-73.8498862993159, 40.8894981093708], [-73.84995781095667, 40.889368854145246]]}}, {"type": "Feature", "properties": {"segment_id": 1259110, "physicalid": "86528", "street_name": "E 231 ST", "borough": "bronx", "direction": "FT", "total_row_ft": 50.7, "roadbed_ft": 33.9, "median_ft": 0.0, "left_sw_ft": 8.3, "right_sw_ft": 8.5}, "geometry": {"type": "LineString", "coordinates": [[-73.84981960316242, 40.88947686162723], [-73.84989056369713, 40.88934860274422]]}}, {"type": "Feature", "properties": {"segment_id": 1259111, "physicalid": "86528", "street_name": "E 231 ST", "borough": "bronx", "direction": "FT", "total_row_ft": 50.4, "roadbed_ft": 33.8, "median_ft": 0.0, "left_sw_ft": 8.4, "right_sw_ft": 8.2}, "geometry": {"type": "LineString", "coordinates": [[-73.849752712514, 40.889455965464116], [-73.84982331638884, 40.889328351466105]]}}, {"type": "Feature", "properties": {"segment_id": 1259112, "physicalid": "86528", "street_name": "E 231 ST", "borough": "bronx", "direction": "FT", "total_row_ft": 50.2, "roadbed_ft": 33.8, "median_ft": 0.0, "left_sw_ft": 8.6, "right_sw_ft": 7.8}, "geometry": {"type": "LineString", "coordinates": [[-73.84968582206959, 40.88943506896947], [-73.84975606922033, 40.88930809997008]]}}, {"type": "Feature", "properties": {"segment_id": 1259113, "physicalid": "86528", "street_name": "E 231 ST", "borough": "bronx", "direction": "FT", "total_row_ft": 49.9, "roadbed_ft": 33.8, "median_ft": 0.0, "left_sw_ft": 8.7, "right_sw_ft": 7.4}, "geometry": {"type": "LineString", "coordinates": [[-73.84961893161753, 40.88941417252579], [-73.84968882220782, 40.88928784822696]]}}, {"type": "Feature", "properties": {"segment_id": 1259114, "physicalid": "86528", "street_name": "E 231 ST", "borough": "bronx", "direction": "FT", "total_row_ft": 50.1, "roadbed_ft": 33.8, "median_ft": 0.0, "left_sw_ft": 8.8, "right_sw_ft": 7.5}, "geometry": {"type": "LineString", "coordinates": [[-73.84955204112183, 40.889393276198135], [-73.84962218576455, 40.889266492940216]]}}, {"type": "Feature", "properties": {"segment_id": 1259115, "physicalid": "86529", "street_name": "E 231 ST", "borough": "bronx", "direction": "FT", "total_row_ft": 150.0, "roadbed_ft": 120.0, "median_ft": 0.0, "left_sw_ft": 15.0, "right_sw_ft": 15.0}, "geometry": {"type": "LineString", "coordinates": [[-73.84935407868207, 40.88943084963482], [-73.84952232508145, 40.88912724261297]]}}, {"type": "Feature", "properties": {"segment_id": 1259116, "physicalid": "86529", "street_name": "E 231 ST", "borough": "bronx", "direction": "FT", "total_row_ft": 49.3, "roadbed_ft": 29.9, "median_ft": 0.0, "left_sw_ft": 9.4, "right_sw_ft": 9.9}, "geometry": {"type": "LineString", "coordinates": [[-73.84933722603752, 40.88931965795692], [-73.84940629185182, 40.88919502629355]]}}, {"type": "Feature", "properties": {"segment_id": 1259117, "physicalid": "86529", "street_name": "E 231 ST", "borough": "bronx", "direction": "FT", "total_row_ft": 49.3, "roadbed_ft": 30.0, "median_ft": 0.0, "left_sw_ft": 9.4, "right_sw_ft": 9.9}, "geometry": {"type": "LineString", "coordinates": [[-73.84927048186528, 40.88929849715825], [-73.84933959512774, 40.88917378009859]]}}, {"type": "Feature", "properties": {"segment_id": 1259118, "physicalid": "86529", "street_name": "E 231 ST", "borough": "bronx", "direction": "FT", "total_row_ft": 49.3, "roadbed_ft": 30.1, "median_ft": 0.0, "left_sw_ft": 9.4, "right_sw_ft": 9.9}, "geometry": {"type": "LineString", "coordinates": [[-73.84920373764369, 40.88927733648668], [-73.84927289821867, 40.88915253427573]]}}, {"type": "Feature", "properties": {"segment_id": 1259119, "physicalid": "86529", "street_name": "E 231 ST", "borough": "bronx", "direction": "FT", "total_row_ft": 49.4, "roadbed_ft": 30.1, "median_ft": 0.0, "left_sw_ft": 9.3, "right_sw_ft": 9.9}, "geometry": {"type": "LineString", "coordinates": [[-73.84913699346458, 40.889256175776424], [-73.84920620135227, 40.88913128841427]]}}, {"type": "Feature", "properties": {"segment_id": 1259120, "physicalid": "86529", "street_name": "E 231 ST", "borough": "bronx", "direction": "FT", "total_row_ft": 49.4, "roadbed_ft": 30.2, "median_ft": 0.0, "left_sw_ft": 9.3, "right_sw_ft": 9.8}, "geometry": {"type": "LineString", "coordinates": [[-73.84907024934292, 40.889235015000494], [-73.84913950451626, 40.88911004253624]]}}, {"type": "Feature", "properties": {"segment_id": 1259121, "physicalid": "86529", "street_name": "E 231 ST", "borough": "bronx", "direction": "FT", "total_row_ft": 49.4, "roadbed_ft": 30.3, "median_ft": 0.0, "left_sw_ft": 9.3, "right_sw_ft": 9.8}, "geometry": {"type": "LineString", "coordinates": [[-73.84900350531163, 40.8892138540995], [-73.84907280758785, 40.88908879686325]]}}, {"type": "Feature", "properties": {"segment_id": 1259122, "physicalid": "86529", "street_name": "E 231 ST", "borough": "bronx", "direction": "FT", "total_row_ft": 49.5, "roadbed_ft": 30.4, "median_ft": 0.0, "left_sw_ft": 9.3, "right_sw_ft": 9.8}, "geometry": {"type": "LineString", "coordinates": [[-73.84893676109432, 40.88919269357217], [-73.84900611085946, 40.889067550867566]]}}, {"type": "Feature", "properties": {"segment_id": 1259123, "physicalid": "86529", "street_name": "E 231 ST", "borough": "bronx", "direction": "FT", "total_row_ft": 49.5, "roadbed_ft": 30.4, "median_ft": 0.0, "left_sw_ft": 9.3, "right_sw_ft": 9.8}, "geometry": {"type": "LineString", "coordinates": [[-73.8488700173069, 40.88917153230711], [-73.84893941430788, 40.88904630459121]]}}, {"type": "Feature", "properties": {"segment_id": 1259124, "physicalid": "86529", "street_name": "E 231 ST", "borough": "bronx", "direction": "FT", "total_row_ft": 49.5, "roadbed_ft": 30.5, "median_ft": 0.0, "left_sw_ft": 9.2, "right_sw_ft": 9.8}, "geometry": {"type": "LineString", "coordinates": [[-73.84880327340298, 40.88915037129024], [-73.84887271777376, 40.88902505832166]]}}, {"type": "Feature", "properties": {"segment_id": 1259125, "physicalid": "86529", "street_name": "E 231 ST", "borough": "bronx", "direction": "FT", "total_row_ft": 49.6, "roadbed_ft": 30.5, "median_ft": 0.0, "left_sw_ft": 9.3, "right_sw_ft": 9.7}, "geometry": {"type": "LineString", "coordinates": [[-73.84873652954158, 40.889129210234714], [-73.8488060212838, 40.88900381201068]]}}, {"type": "Feature", "properties": {"segment_id": 1259126, "physicalid": "86529", "street_name": "E 231 ST", "borough": "bronx", "direction": "FT", "total_row_ft": 49.6, "roadbed_ft": 30.5, "median_ft": 0.0, "left_sw_ft": 9.4, "right_sw_ft": 9.7}, "geometry": {"type": "LineString", "coordinates": [[-73.8486697856121, 40.88910804934002], [-73.84873932484525, 40.888982565645264]]}}, {"type": "Feature", "properties": {"segment_id": 1259127, "physicalid": "86529", "street_name": "E 231 ST", "borough": "bronx", "direction": "FT", "total_row_ft": 49.6, "roadbed_ft": 30.5, "median_ft": 0.0, "left_sw_ft": 9.4, "right_sw_ft": 9.7}, "geometry": {"type": "LineString", "coordinates": [[-73.8486031034033, 40.88908677710858], [-73.84867262844934, 40.888961319241254]]}}, {"type": "Feature", "properties": {"segment_id": 1259128, "physicalid": "86529", "street_name": "E 231 ST", "borough": "bronx", "direction": "FT", "total_row_ft": 49.4, "roadbed_ft": 30.5, "median_ft": 0.0, "left_sw_ft": 9.4, "right_sw_ft": 9.5}, "geometry": {"type": "LineString", "coordinates": [[-73.84853652747483, 40.88906531313363], [-73.84860575523467, 40.88894039194483]]}}, {"type": "Feature", "properties": {"segment_id": 1259129, "physicalid": "86529", "street_name": "E 231 ST", "borough": "bronx", "direction": "FT", "total_row_ft": 49.1, "roadbed_ft": 30.4, "median_ft": 0.0, "left_sw_ft": 9.3, "right_sw_ft": 9.3}, "geometry": {"type": "LineString", "coordinates": [[-73.84846995153666, 40.88904384921528], [-73.84853880258171, 40.88891960803169]]}}, {"type": "Feature", "properties": {"segment_id": 1259130, "physicalid": "86529", "street_name": "E 231 ST", "borough": "bronx", "direction": "FT", "total_row_ft": 48.8, "roadbed_ft": 30.4, "median_ft": 0.0, "left_sw_ft": 9.3, "right_sw_ft": 9.1}, "geometry": {"type": "LineString", "coordinates": [[-73.84840337563031, 40.88902238527857], [-73.84847185004529, 40.88889882394487]]}}, {"type": "Feature", "properties": {"segment_id": 1259131, "physicalid": "86529", "street_name": "E 231 ST", "borough": "bronx", "direction": "FT", "total_row_ft": 48.6, "roadbed_ft": 30.4, "median_ft": 0.0, "left_sw_ft": 9.2, "right_sw_ft": 8.9}, "geometry": {"type": "LineString", "coordinates": [[-73.84833679973235, 40.88900092136581], [-73.8484048976695, 40.88887803960479]]}}, {"type": "Feature", "properties": {"segment_id": 1259132, "physicalid": "86529", "street_name": "E 231 ST", "borough": "bronx", "direction": "FT", "total_row_ft": 48.3, "roadbed_ft": 30.4, "median_ft": 0.0, "left_sw_ft": 9.2, "right_sw_ft": 8.7}, "geometry": {"type": "LineString", "coordinates": [[-73.84827022387739, 40.88897945741459], [-73.84833794524525, 40.88885725538879]]}}, {"type": "Feature", "properties": {"segment_id": 1259133, "physicalid": "86529", "street_name": "E 231 ST", "borough": "bronx", "direction": "FT", "total_row_ft": 48.0, "roadbed_ft": 30.4, "median_ft": 0.0, "left_sw_ft": 9.1, "right_sw_ft": 8.5}, "geometry": {"type": "LineString", "coordinates": [[-73.84820363382921, 40.888958019113765], [-73.848270992833, 40.888836471187815]]}}, {"type": "Feature", "properties": {"segment_id": 1259134, "physicalid": "86529", "street_name": "E 231 ST", "borough": "bronx", "direction": "FT", "total_row_ft": 48.0, "roadbed_ft": 30.4, "median_ft": 0.0, "left_sw_ft": 9.1, "right_sw_ft": 8.6}, "geometry": {"type": "LineString", "coordinates": [[-73.84813703933982, 40.88893658886597], [-73.84820437139906, 40.888815089779804]]}}, {"type": "Feature", "properties": {"segment_id": 1259135, "physicalid": "86529", "street_name": "E 231 ST", "borough": "bronx", "direction": "FT", "total_row_ft": 48.1, "roadbed_ft": 30.3, "median_ft": 0.0, "left_sw_ft": 9.1, "right_sw_ft": 8.7}, "geometry": {"type": "LineString", "coordinates": [[-73.84807044489462, 40.88891515857742], [-73.84813795482616, 40.88879333874374]]}}, {"type": "Feature", "properties": {"segment_id": 1259136, "physicalid": "86529", "street_name": "E 231 ST", "borough": "bronx", "direction": "FT", "total_row_ft": 48.3, "roadbed_ft": 30.3, "median_ft": 0.0, "left_sw_ft": 9.0, "right_sw_ft": 8.9}, "geometry": {"type": "LineString", "coordinates": [[-73.84800385049235, 40.888893728250366], [-73.84807153829671, 40.888771587669346]]}}, {"type": "Feature", "properties": {"segment_id": 1259137, "physicalid": "86529", "street_name": "E 231 ST", "borough": "bronx", "direction": "FT", "total_row_ft": 48.4, "roadbed_ft": 30.3, "median_ft": 0.0, "left_sw_ft": 9.0, "right_sw_ft": 9.1}, "geometry": {"type": "LineString", "coordinates": [[-73.84793725614819, 40.88887229785742], [-73.84800512180966, 40.888749836558574]]}}, {"type": "Feature", "properties": {"segment_id": 1259138, "physicalid": "86529", "street_name": "E 231 ST", "borough": "bronx", "direction": "FT", "total_row_ft": 48.5, "roadbed_ft": 30.2, "median_ft": 0.0, "left_sw_ft": 9.0, "right_sw_ft": 9.3}, "geometry": {"type": "LineString", "coordinates": [[-73.84787066186898, 40.88885086738626], [-73.84793863430758, 40.88872821363217]]}}, {"type": "Feature", "properties": {"segment_id": 1259139, "physicalid": "86529", "street_name": "E 231 ST", "borough": "bronx", "direction": "FT", "total_row_ft": 48.5, "roadbed_ft": 30.2, "median_ft": 0.0, "left_sw_ft": 8.9, "right_sw_ft": 9.4}, "geometry": {"type": "LineString", "coordinates": [[-73.8478040676327, 40.88882943687659], [-73.84787209351344, 40.88870668690904]]}}, {"type": "Feature", "properties": {"segment_id": 1259140, "physicalid": "86529", "street_name": "E 231 ST", "borough": "bronx", "direction": "FT", "total_row_ft": 48.6, "roadbed_ft": 30.2, "median_ft": 0.0, "left_sw_ft": 8.9, "right_sw_ft": 9.5}, "geometry": {"type": "LineString", "coordinates": [[-73.847737473256, 40.88880800665929], [-73.8478055527624, 40.88868516014745]]}}, {"type": "Feature", "properties": {"segment_id": 1259141, "physicalid": "86529", "street_name": "E 231 ST", "borough": "bronx", "direction": "FT", "total_row_ft": 48.5, "roadbed_ft": 30.2, "median_ft": 0.0, "left_sw_ft": 8.7, "right_sw_ft": 9.6}, "geometry": {"type": "LineString", "coordinates": [[-73.84767102941768, 40.888786304842], [-73.84773901205556, 40.88866363334541]]}}, {"type": "Feature", "properties": {"segment_id": 1259142, "physicalid": "86529", "street_name": "E 231 ST", "borough": "bronx", "direction": "FT", "total_row_ft": 48.4, "roadbed_ft": 30.1, "median_ft": 0.0, "left_sw_ft": 8.6, "right_sw_ft": 9.7}, "geometry": {"type": "LineString", "coordinates": [[-73.84760460909969, 40.88876456062352], [-73.84767247140528, 40.88864210648062]]}}, {"type": "Feature", "properties": {"segment_id": 1259143, "physicalid": "86529", "street_name": "E 231 ST", "borough": "bronx", "direction": "FT", "total_row_ft": 52.3, "roadbed_ft": 30.1, "median_ft": 0.0, "left_sw_ft": 12.4, "right_sw_ft": 9.8}, "geometry": {"type": "LineString", "coordinates": [[-73.84753255954297, 40.888752974085016], [-73.8476059307981, 40.88862057957738]]}}, {"type": "Feature", "properties": {"segment_id": 1259144, "physicalid": "86529", "street_name": "E 231 ST", "borough": "bronx", "direction": "FT", "total_row_ft": 52.4, "roadbed_ft": 30.1, "median_ft": 0.0, "left_sw_ft": 12.4, "right_sw_ft": 9.9}, "geometry": {"type": "LineString", "coordinates": [[-73.84746586854646, 40.8887317183515], [-73.84753939023402, 40.88859905263568]]}}, {"type": "Feature", "properties": {"segment_id": 1259145, "physicalid": "86529", "street_name": "E 231 ST", "borough": "bronx", "direction": "FT", "total_row_ft": 52.5, "roadbed_ft": 30.1, "median_ft": 0.0, "left_sw_ft": 12.5, "right_sw_ft": 10.0}, "geometry": {"type": "LineString", "coordinates": [[-73.8473991775926, 40.888710462579354], [-73.84747284971303, 40.88857752565556]]}}, {"type": "Feature", "properties": {"segment_id": 1259146, "physicalid": "86529", "street_name": "E 231 ST", "borough": "bronx", "direction": "FT", "total_row_ft": 52.7, "roadbed_ft": 30.0, "median_ft": 0.0, "left_sw_ft": 12.5, "right_sw_ft": 10.1}, "geometry": {"type": "LineString", "coordinates": [[-73.84733248675748, 40.88868920663134], [-73.8474063092591, 40.88855599859376]]}}, {"type": "Feature", "properties": {"segment_id": 1259147, "physicalid": "86529", "street_name": "E 231 ST", "borough": "bronx", "direction": "FT", "total_row_ft": 52.8, "roadbed_ft": 30.0, "median_ft": 0.0, "left_sw_ft": 12.5, "right_sw_ft": 10.2}, "geometry": {"type": "LineString", "coordinates": [[-73.84726579596756, 40.88866795064008], [-73.84733976871341, 40.888534471736826]]}}, {"type": "Feature", "properties": {"segment_id": 1259148, "physicalid": "86529", "street_name": "E 231 ST", "borough": "bronx", "direction": "FT", "total_row_ft": 52.9, "roadbed_ft": 30.0, "median_ft": 0.0, "left_sw_ft": 12.5, "right_sw_ft": 10.3}, "geometry": {"type": "LineString", "coordinates": [[-73.84719910522027, 40.8886466946102], [-73.84727322841334, 40.888512944476]]}}, {"type": "Feature", "properties": {"segment_id": 1259149, "physicalid": "86529", "street_name": "E 231 ST", "borough": "bronx", "direction": "FT", "total_row_ft": 53.0, "roadbed_ft": 30.0, "median_ft": 0.0, "left_sw_ft": 12.6, "right_sw_ft": 10.4}, "geometry": {"type": "LineString", "coordinates": [[-73.84713241451566, 40.88862543854171], [-73.84720668815638, 40.88849141717672]]}}, {"type": "Feature", "properties": {"segment_id": 1259150, "physicalid": "86529", "street_name": "E 231 ST", "borough": "bronx", "direction": "FT", "total_row_ft": 55.5, "roadbed_ft": 29.9, "median_ft": 0.0, "left_sw_ft": 15.0, "right_sw_ft": 10.6}, "geometry": {"type": "LineString", "coordinates": [[-73.84706235460251, 40.88861026197745], [-73.84714021155766, 40.888469775050076]]}}, {"type": "Feature", "properties": {"segment_id": 1259151, "physicalid": "86529", "street_name": "E 231 ST", "borough": "bronx", "direction": "FT", "total_row_ft": 55.8, "roadbed_ft": 29.9, "median_ft": 0.0, "left_sw_ft": 14.8, "right_sw_ft": 11.1}, "geometry": {"type": "LineString", "coordinates": [[-73.84699602866391, 40.88858834778492], [-73.84707426223707, 40.88844718152955]]}}, {"type": "Feature", "properties": {"segment_id": 1259152, "physicalid": "86529", "street_name": "E 231 ST", "borough": "bronx", "direction": "FT", "total_row_ft": 56.1, "roadbed_ft": 29.8, "median_ft": 0.0, "left_sw_ft": 14.6, "right_sw_ft": 11.7}, "geometry": {"type": "LineString", "coordinates": [[-73.84692970279225, 40.88856643351232], [-73.8470083129691, 40.88842458795716]]}}, {"type": "Feature", "properties": {"segment_id": 1259153, "physicalid": "86529", "street_name": "E 231 ST", "borough": "bronx", "direction": "FT", "total_row_ft": 51.3, "roadbed_ft": 29.8, "median_ft": 0.0, "left_sw_ft": 9.4, "right_sw_ft": 12.2}, "geometry": {"type": "LineString", "coordinates": [[-73.84687040518945, 40.888531837400805], [-73.84694236379266, 40.88840199426275]]}}, {"type": "Feature", "properties": {"segment_id": 1259154, "physicalid": "86529", "street_name": "E 231 ST", "borough": "bronx", "direction": "FT", "total_row_ft": 51.6, "roadbed_ft": 29.7, "median_ft": 0.0, "left_sw_ft": 9.1, "right_sw_ft": 12.7}, "geometry": {"type": "LineString", "coordinates": [[-73.84680410620918, 40.88850987470924], [-73.84687641466493, 40.88837940052357]]}}, {"type": "Feature", "properties": {"segment_id": 1259155, "physicalid": "86529", "street_name": "E 231 ST", "borough": "bronx", "direction": "FT", "total_row_ft": 120.0, "roadbed_ft": 33.2, "median_ft": 0.0, "left_sw_ft": 42.9, "right_sw_ft": 43.9}, "geometry": {"type": "LineString", "coordinates": [[-73.84668698485814, 40.88857961601334], [-73.84685524128386, 40.88827601283112]]}}, {"type": "Feature", "properties": {"segment_id": 1259156, "physicalid": "86530", "street_name": "E 231 ST", "borough": "bronx", "direction": "TW", "total_row_ft": 150.0, "roadbed_ft": 120.0, "median_ft": 0.0, "left_sw_ft": 15.0, "right_sw_ft": 15.0}, "geometry": {"type": "LineString", "coordinates": [[-73.84652035731828, 40.88852641104748], [-73.84668880316651, 40.888222868404725]]}}, {"type": "Feature", "properties": {"segment_id": 1259157, "physicalid": "86530", "street_name": "E 231 ST", "borough": "bronx", "direction": "TW", "total_row_ft": 120.0, "roadbed_ft": 35.9, "median_ft": 0.0, "left_sw_ft": 42.1, "right_sw_ft": 42.1}, "geometry": {"type": "LineString", "coordinates": [[-73.84645369419746, 40.88850510543965], [-73.84662214029605, 40.888201562892945]]}}, {"type": "Feature", "properties": {"segment_id": 1259158, "physicalid": "86530", "street_name": "E 231 ST", "borough": "bronx", "direction": "TW", "total_row_ft": 51.7, "roadbed_ft": 32.9, "median_ft": 0.0, "left_sw_ft": 9.5, "right_sw_ft": 9.3}, "geometry": {"type": "LineString", "coordinates": [[-73.84643378001402, 40.8883995579982], [-73.84650631019669, 40.888268857701426]]}}, {"type": "Feature", "properties": {"segment_id": 1259159, "physicalid": "86530", "street_name": "E 231 ST", "borough": "bronx", "direction": "TW", "total_row_ft": 51.6, "roadbed_ft": 33.0, "median_ft": 0.0, "left_sw_ft": 9.4, "right_sw_ft": 9.2}, "geometry": {"type": "LineString", "coordinates": [[-73.84636713588316, 40.88837821839909], [-73.84643956282807, 40.88824770437354]]}}, {"type": "Feature", "properties": {"segment_id": 1259160, "physicalid": "86530", "street_name": "E 231 ST", "borough": "bronx", "direction": "TW", "total_row_ft": 51.5, "roadbed_ft": 33.1, "median_ft": 0.0, "left_sw_ft": 9.3, "right_sw_ft": 9.1}, "geometry": {"type": "LineString", "coordinates": [[-73.84630049173924, 40.88835687886191], [-73.84637281546534, 40.88822655107296]]}}, {"type": "Feature", "properties": {"segment_id": 1259161, "physicalid": "86530", "street_name": "E 231 ST", "borough": "bronx", "direction": "TW", "total_row_ft": 51.4, "roadbed_ft": 33.2, "median_ft": 0.0, "left_sw_ft": 9.2, "right_sw_ft": 9.0}, "geometry": {"type": "LineString", "coordinates": [[-73.84623384763817, 40.88833553928617], [-73.84630606811166, 40.8882053977939]]}}, {"type": "Feature", "properties": {"segment_id": 1259162, "physicalid": "86530", "street_name": "E 231 ST", "borough": "bronx", "direction": "TW", "total_row_ft": 51.4, "roadbed_ft": 33.3, "median_ft": 0.0, "left_sw_ft": 9.1, "right_sw_ft": 9.0}, "geometry": {"type": "LineString", "coordinates": [[-73.84616720357987, 40.88831419967186], [-73.84623932080048, 40.88818424447616]]}}, {"type": "Feature", "properties": {"segment_id": 1259163, "physicalid": "86530", "street_name": "E 231 ST", "borough": "bronx", "direction": "TW", "total_row_ft": 51.3, "roadbed_ft": 33.4, "median_ft": 0.0, "left_sw_ft": 9.0, "right_sw_ft": 8.9}, "geometry": {"type": "LineString", "coordinates": [[-73.84610055956436, 40.888292860019], [-73.84617257353177, 40.88816309111974]]}}, {"type": "Feature", "properties": {"segment_id": 1259164, "physicalid": "86530", "street_name": "E 231 ST", "borough": "bronx", "direction": "TW", "total_row_ft": 51.2, "roadbed_ft": 33.5, "median_ft": 0.0, "left_sw_ft": 8.9, "right_sw_ft": 8.8}, "geometry": {"type": "LineString", "coordinates": [[-73.84603391559162, 40.888271520327564], [-73.84610582628778, 40.88814193775665]]}}, {"type": "Feature", "properties": {"segment_id": 1259165, "physicalid": "86530", "street_name": "E 231 ST", "borough": "bronx", "direction": "TW", "total_row_ft": 51.2, "roadbed_ft": 33.6, "median_ft": 0.0, "left_sw_ft": 8.8, "right_sw_ft": 8.8}, "geometry": {"type": "LineString", "coordinates": [[-73.84596727166804, 40.88825018058615], [-73.84603907902977, 40.88812078445665]]}}, {"type": "Feature", "properties": {"segment_id": 1259166, "physicalid": "86530", "street_name": "E 231 ST", "borough": "bronx", "direction": "TW", "total_row_ft": 51.1, "roadbed_ft": 33.7, "median_ft": 0.0, "left_sw_ft": 8.7, "right_sw_ft": 8.7}, "geometry": {"type": "LineString", "coordinates": [[-73.84590060148622, 40.88822888820008], [-73.84597233181422, 40.88809963111798]]}}, {"type": "Feature", "properties": {"segment_id": 1259167, "physicalid": "86530", "street_name": "E 231 ST", "borough": "bronx", "direction": "TW", "total_row_ft": 51.1, "roadbed_ft": 33.8, "median_ft": 0.0, "left_sw_ft": 8.7, "right_sw_ft": 8.6}, "geometry": {"type": "LineString", "coordinates": [[-73.8458338776852, 40.88820769247314], [-73.84590558464119, 40.888078477740635]]}}, {"type": "Feature", "properties": {"segment_id": 1259168, "physicalid": "86530", "street_name": "E 231 ST", "borough": "bronx", "direction": "TW", "total_row_ft": 51.1, "roadbed_ft": 33.9, "median_ft": 0.0, "left_sw_ft": 8.7, "right_sw_ft": 8.5}, "geometry": {"type": "LineString", "coordinates": [[-73.8457671539267, 40.88818649670752], [-73.84583883751063, 40.888057324324606]]}}, {"type": "Feature", "properties": {"segment_id": 1259169, "physicalid": "86530", "street_name": "E 231 ST", "borough": "bronx", "direction": "TW", "total_row_ft": 52.5, "roadbed_ft": 33.9, "median_ft": 0.0, "left_sw_ft": 8.7, "right_sw_ft": 9.9}, "geometry": {"type": "LineString", "coordinates": [[-73.84570043021078, 40.88816530090327], [-73.84582218918368, 40.887945893742334]]}}, {"type": "Feature", "properties": {"segment_id": 1259170, "physicalid": "86531", "street_name": "E 231 ST", "borough": "bronx", "direction": "TW", "total_row_ft": 101.8, "roadbed_ft": 78.0, "median_ft": 0.0, "left_sw_ft": 8.8, "right_sw_ft": 15.0}, "geometry": {"type": "LineString", "coordinates": [[-73.84559726682168, 40.88813252937936], [-73.8457191265716, 40.88791295291888]]}}, {"type": "Feature", "properties": {"segment_id": 1259171, "physicalid": "86531", "street_name": "E 231 ST", "borough": "bronx", "direction": "TW", "total_row_ft": 101.9, "roadbed_ft": 58.7, "median_ft": 19.4, "left_sw_ft": 8.8, "right_sw_ft": 15.0}, "geometry": {"type": "LineString", "coordinates": [[-73.84553054321131, 40.8881113334758], [-73.84565246485715, 40.8878916458828]]}}, {"type": "Feature", "properties": {"segment_id": 1259172, "physicalid": "86531", "street_name": "E 231 ST", "borough": "bronx", "direction": "TW", "total_row_ft": 101.9, "roadbed_ft": 71.8, "median_ft": 6.2, "left_sw_ft": 8.8, "right_sw_ft": 15.0}, "geometry": {"type": "LineString", "coordinates": [[-73.84546381963331, 40.888090137551934], [-73.84558580318547, 40.88787033880815]]}}, {"type": "Feature", "properties": {"segment_id": 1259173, "physicalid": "86531", "street_name": "E 231 ST", "borough": "bronx", "direction": "TW", "total_row_ft": 101.9, "roadbed_ft": 78.0, "median_ft": 0.0, "left_sw_ft": 8.9, "right_sw_ft": 15.0}, "geometry": {"type": "LineString", "coordinates": [[-73.84539709609386, 40.88806894159659], [-73.8455191415565, 40.88784903169493]]}}, {"type": "Feature", "properties": {"segment_id": 1259174, "physicalid": "86531", "street_name": "E 231 ST", "borough": "bronx", "direction": "TW", "total_row_ft": 87.0, "roadbed_ft": 71.0, "median_ft": 0.0, "left_sw_ft": 9.0, "right_sw_ft": 7.0}, "geometry": {"type": "LineString", "coordinates": [[-73.84533037259695, 40.88804774560259], [-73.84545247997028, 40.887827724543094]]}}, {"type": "Feature", "properties": {"segment_id": 1259175, "physicalid": "86532", "street_name": "E 231 ST", "borough": "bronx", "direction": "FT", "total_row_ft": 81.0, "roadbed_ft": 61.5, "median_ft": 0.0, "left_sw_ft": 6.6, "right_sw_ft": 12.9}, "geometry": {"type": "LineString", "coordinates": [[-73.84546138143928, 40.888074191880015], [-73.84574813298786, 40.88802857827864]]}}, {"type": "Feature", "properties": {"segment_id": 1259176, "physicalid": "86532", "street_name": "E 231 ST", "borough": "bronx", "direction": "FT", "total_row_ft": 99.7, "roadbed_ft": 53.1, "median_ft": 17.9, "left_sw_ft": 15.0, "right_sw_ft": 13.7}, "geometry": {"type": "LineString", "coordinates": [[-73.84544634163728, 40.88800106519482], [-73.84575154852097, 40.88798018671796]]}}, {"type": "Feature", "properties": {"segment_id": 1259177, "physicalid": "86532", "street_name": "E 231 ST", "borough": "bronx", "direction": "FT", "total_row_ft": 99.3, "roadbed_ft": 72.8, "median_ft": 0.0, "left_sw_ft": 15.0, "right_sw_ft": 11.4}, "geometry": {"type": "LineString", "coordinates": [[-73.84548886615212, 40.88785964894039], [-73.84575942085078, 40.88796605584268]]}}, {"type": "Feature", "properties": {"segment_id": 1277955, "physicalid": "87586", "street_name": "SCHIEFFELIN PL", "borough": "bronx", "direction": "TW", "total_row_ft": 88.8, "roadbed_ft": 50.4, "median_ft": 0.0, "left_sw_ft": 22.6, "right_sw_ft": 15.7}, "geometry": {"type": "LineString", "coordinates": [[-73.84462992199174, 40.88241417663269], [-73.84441079230874, 40.88223606549689]]}}, {"type": "Feature", "properties": {"segment_id": 1277956, "physicalid": "87586", "street_name": "SCHIEFFELIN PL", "borough": "bronx", "direction": "TW", "total_row_ft": 81.6, "roadbed_ft": 50.5, "median_ft": 0.0, "left_sw_ft": 15.6, "right_sw_ft": 15.5}, "geometry": {"type": "LineString", "coordinates": [[-73.84455998506864, 40.8824374828716], [-73.84435810701223, 40.882273986445114]]}}, {"type": "Feature", "properties": {"segment_id": 1277957, "physicalid": "87586", "street_name": "SCHIEFFELIN PL", "borough": "bronx", "direction": "TW", "total_row_ft": 80.3, "roadbed_ft": 50.5, "median_ft": 0.0, "left_sw_ft": 14.4, "right_sw_ft": 15.4}, "geometry": {"type": "LineString", "coordinates": [[-73.84450419485164, 40.88247257711362], [-73.84430562577992, 40.88231176044821]]}}, {"type": "Feature", "properties": {"segment_id": 1277958, "physicalid": "87586", "street_name": "SCHIEFFELIN PL", "borough": "bronx", "direction": "TW", "total_row_ft": 79.0, "roadbed_ft": 50.6, "median_ft": 0.0, "left_sw_ft": 13.2, "right_sw_ft": 15.2}, "geometry": {"type": "LineString", "coordinates": [[-73.84444840457577, 40.8825076713284], [-73.84425314519905, 40.8823495350031]]}}, {"type": "Feature", "properties": {"segment_id": 1277959, "physicalid": "87586", "street_name": "SCHIEFFELIN PL", "borough": "bronx", "direction": "TW", "total_row_ft": 78.3, "roadbed_ft": 50.6, "median_ft": 0.0, "left_sw_ft": 12.7, "right_sw_ft": 15.0}, "geometry": {"type": "LineString", "coordinates": [[-73.84439426382957, 40.88254410147833], [-73.84420066509293, 40.88238730996663]]}}, {"type": "Feature", "properties": {"segment_id": 1277960, "physicalid": "87586", "street_name": "SCHIEFFELIN PL", "borough": "bronx", "direction": "TW", "total_row_ft": 78.6, "roadbed_ft": 50.4, "median_ft": 0.0, "left_sw_ft": 13.1, "right_sw_ft": 15.1}, "geometry": {"type": "LineString", "coordinates": [[-73.84434245958717, 40.882582423930295], [-73.84414818492716, 40.88242508490607]]}}, {"type": "Feature", "properties": {"segment_id": 1277961, "physicalid": "87586", "street_name": "SCHIEFFELIN PL", "borough": "bronx", "direction": "TW", "total_row_ft": 78.8, "roadbed_ft": 50.1, "median_ft": 0.0, "left_sw_ft": 13.5, "right_sw_ft": 15.2}, "geometry": {"type": "LineString", "coordinates": [[-73.84429065528572, 40.882620746359315], [-73.8440957045391, 40.882462859689596]]}}, {"type": "Feature", "properties": {"segment_id": 1277962, "physicalid": "87586", "street_name": "SCHIEFFELIN PL", "borough": "bronx", "direction": "TW", "total_row_ft": 79.1, "roadbed_ft": 49.9, "median_ft": 0.0, "left_sw_ft": 13.9, "right_sw_ft": 15.4}, "geometry": {"type": "LineString", "coordinates": [[-73.844238850767, 40.882659068866346], [-73.84404322398105, 40.88250063409693]]}}, {"type": "Feature", "properties": {"segment_id": 1277963, "physicalid": "87586", "street_name": "SCHIEFFELIN PL", "borough": "bronx", "direction": "TW", "total_row_ft": 79.4, "roadbed_ft": 49.6, "median_ft": 0.0, "left_sw_ft": 14.3, "right_sw_ft": 15.5}, "geometry": {"type": "LineString", "coordinates": [[-73.84418704633485, 40.88269739124163], [-73.84399074319109, 40.88253840860411]]}}, {"type": "Feature", "properties": {"segment_id": 1277964, "physicalid": "87586", "street_name": "SCHIEFFELIN PL", "borough": "bronx", "direction": "TW", "total_row_ft": 79.7, "roadbed_ft": 49.3, "median_ft": 0.0, "left_sw_ft": 14.8, "right_sw_ft": 15.6}, "geometry": {"type": "LineString", "coordinates": [[-73.84413535348122, 40.88273580385603], [-73.84393827556899, 40.88257619396827]]}}, {"type": "Feature", "properties": {"segment_id": 1277965, "physicalid": "87586", "street_name": "SCHIEFFELIN PL", "borough": "bronx", "direction": "TW", "total_row_ft": 80.0, "roadbed_ft": 49.1, "median_ft": 0.0, "left_sw_ft": 15.2, "right_sw_ft": 15.7}, "geometry": {"type": "LineString", "coordinates": [[-73.844083713317, 40.88277425931677], [-73.84388591035751, 40.88261406212862]]}}, {"type": "Feature", "properties": {"segment_id": 1277966, "physicalid": "87586", "street_name": "SCHIEFFELIN PL", "borough": "bronx", "direction": "TW", "total_row_ft": 80.3, "roadbed_ft": 48.8, "median_ft": 0.0, "left_sw_ft": 15.7, "right_sw_ft": 15.8}, "geometry": {"type": "LineString", "coordinates": [[-73.84403207239858, 40.8828127141917], [-73.84383354513247, 40.882651930302295]]}}, {"type": "Feature", "properties": {"segment_id": 1277967, "physicalid": "87586", "street_name": "SCHIEFFELIN PL", "borough": "bronx", "direction": "TW", "total_row_ft": 80.3, "roadbed_ft": 48.6, "median_ft": 0.0, "left_sw_ft": 15.8, "right_sw_ft": 15.9}, "geometry": {"type": "LineString", "coordinates": [[-73.84397969491827, 40.882850572564294], [-73.84378117984778, 40.88268979845193]]}}, {"type": "Feature", "properties": {"segment_id": 1277968, "physicalid": "87586", "street_name": "SCHIEFFELIN PL", "borough": "bronx", "direction": "TW", "total_row_ft": 81.5, "roadbed_ft": 48.6, "median_ft": 0.0, "left_sw_ft": 15.8, "right_sw_ft": 17.0}, "geometry": {"type": "LineString", "coordinates": [[-73.84392707516653, 40.88288823475005], [-73.84368268351454, 40.88269030565921]]}}, {"type": "Feature", "properties": {"segment_id": 1277969, "physicalid": "87586", "street_name": "SCHIEFFELIN PL", "borough": "bronx", "direction": "TW", "total_row_ft": 80.1, "roadbed_ft": 48.9, "median_ft": 0.0, "left_sw_ft": 15.9, "right_sw_ft": 15.3}, "geometry": {"type": "LineString", "coordinates": [[-73.84387445555161, 40.882925896770935], [-73.84367644340841, 40.8827655303874]]}}, {"type": "Feature", "properties": {"segment_id": 1277970, "physicalid": "87586", "street_name": "SCHIEFFELIN PL", "borough": "bronx", "direction": "TW", "total_row_ft": 80.0, "roadbed_ft": 49.1, "median_ft": 0.0, "left_sw_ft": 15.9, "right_sw_ft": 15.0}, "geometry": {"type": "LineString", "coordinates": [[-73.84382183571785, 40.88296355893784], [-73.84362407551318, 40.8828033964944]]}}, {"type": "Feature", "properties": {"segment_id": 1277971, "physicalid": "87586", "street_name": "SCHIEFFELIN PL", "borough": "bronx", "direction": "TW", "total_row_ft": 79.9, "roadbed_ft": 49.3, "median_ft": 0.0, "left_sw_ft": 15.9, "right_sw_ft": 14.6}, "geometry": {"type": "LineString", "coordinates": [[-73.84376921627502, 40.88300122169025], [-73.84357170268898, 40.882841258377425]]}}, {"type": "Feature", "properties": {"segment_id": 1277972, "physicalid": "87586", "street_name": "SCHIEFFELIN PL", "borough": "bronx", "direction": "TW", "total_row_ft": 100.7, "roadbed_ft": 49.6, "median_ft": 0.0, "left_sw_ft": 36.8, "right_sw_ft": 14.3}, "geometry": {"type": "LineString", "coordinates": [[-73.8437683244321, 40.88308077747791], [-73.84351931718962, 40.88287911027663]]}}, {"type": "Feature", "properties": {"segment_id": 1277973, "physicalid": "87586", "street_name": "SCHIEFFELIN PL", "borough": "bronx", "direction": "TW", "total_row_ft": 79.7, "roadbed_ft": 49.8, "median_ft": 0.0, "left_sw_ft": 15.9, "right_sw_ft": 13.9}, "geometry": {"type": "LineString", "coordinates": [[-73.8436639760764, 40.88307654571489], [-73.84346693167363, 40.882916962186684]]}}, {"type": "Feature", "properties": {"segment_id": 1277974, "physicalid": "87586", "street_name": "SCHIEFFELIN PL", "borough": "bronx", "direction": "TW", "total_row_ft": 79.6, "roadbed_ft": 50.1, "median_ft": 0.0, "left_sw_ft": 15.9, "right_sw_ft": 13.7}, "geometry": {"type": "LineString", "coordinates": [[-73.84361119793107, 40.883114079764376], [-73.84341430818681, 40.8829546213909]]}}, {"type": "Feature", "properties": {"segment_id": 1277975, "physicalid": "87586", "street_name": "SCHIEFFELIN PL", "borough": "bronx", "direction": "TW", "total_row_ft": 78.7, "roadbed_ft": 50.1, "median_ft": 0.0, "left_sw_ft": 15.0, "right_sw_ft": 13.6}, "geometry": {"type": "LineString", "coordinates": [[-73.84355624493219, 40.883149852457755], [-73.84336165929986, 40.882992260047885]]}}, {"type": "Feature", "properties": {"segment_id": 1277976, "physicalid": "87586", "street_name": "SCHIEFFELIN PL", "borough": "bronx", "direction": "TW", "total_row_ft": 77.8, "roadbed_ft": 49.9, "median_ft": 0.0, "left_sw_ft": 14.1, "right_sw_ft": 13.8}, "geometry": {"type": "LineString", "coordinates": [[-73.84350129187413, 40.88318562512473], [-73.84330901035057, 40.88302989867833]]}}, {"type": "Feature", "properties": {"segment_id": 1277977, "physicalid": "87586", "street_name": "SCHIEFFELIN PL", "borough": "bronx", "direction": "TW", "total_row_ft": 77.2, "roadbed_ft": 49.7, "median_ft": 0.0, "left_sw_ft": 13.5, "right_sw_ft": 14.0}, "geometry": {"type": "LineString", "coordinates": [[-73.8434473183554, 40.8832221913346], [-73.84325636148974, 40.88306753717863]]}}, {"type": "Feature", "properties": {"segment_id": 1277978, "physicalid": "87586", "street_name": "SCHIEFFELIN PL", "borough": "bronx", "direction": "TW", "total_row_ft": 77.6, "roadbed_ft": 49.5, "median_ft": 0.0, "left_sw_ft": 13.9, "right_sw_ft": 14.2}, "geometry": {"type": "LineString", "coordinates": [[-73.843395559425, 40.88326055092695], [-73.84320371242099, 40.88310517576065]]}}, {"type": "Feature", "properties": {"segment_id": 1277979, "physicalid": "87586", "street_name": "SCHIEFFELIN PL", "borough": "bronx", "direction": "TW", "total_row_ft": 77.9, "roadbed_ft": 49.3, "median_ft": 0.0, "left_sw_ft": 14.3, "right_sw_ft": 14.4}, "geometry": {"type": "LineString", "coordinates": [[-73.84334380052026, 40.88329891033447], [-73.84315116026933, 40.883142893104754]]}}, {"type": "Feature", "properties": {"segment_id": 1277980, "physicalid": "87586", "street_name": "SCHIEFFELIN PL", "borough": "bronx", "direction": "TW", "total_row_ft": 78.2, "roadbed_ft": 49.0, "median_ft": 0.0, "left_sw_ft": 14.6, "right_sw_ft": 14.5}, "geometry": {"type": "LineString", "coordinates": [[-73.84329204140883, 40.88333726982742], [-73.84309862134045, 40.88318062093595]]}}, {"type": "Feature", "properties": {"segment_id": 1277981, "physicalid": "87586", "street_name": "SCHIEFFELIN PL", "borough": "bronx", "direction": "TW", "total_row_ft": 100.0, "roadbed_ft": 48.8, "median_ft": 0.0, "left_sw_ft": 36.5, "right_sw_ft": 14.7}, "geometry": {"type": "LineString", "coordinates": [[-73.84329334135039, 40.88341860115698], [-73.84304608245058, 40.88321834882287]]}}, {"type": "Feature", "properties": {"segment_id": 1277982, "physicalid": "87586", "street_name": "SCHIEFFELIN PL", "borough": "bronx", "direction": "TW", "total_row_ft": 78.8, "roadbed_ft": 48.8, "median_ft": 0.0, "left_sw_ft": 15.4, "right_sw_ft": 14.6}, "geometry": {"type": "LineString", "coordinates": [[-73.84318852334258, 40.883413989014905], [-73.84299354350108, 40.883256076685605]]}}, {"type": "Feature", "properties": {"segment_id": 1277983, "physicalid": "87586", "street_name": "SCHIEFFELIN PL", "borough": "bronx", "direction": "TW", "total_row_ft": 79.0, "roadbed_ft": 48.9, "median_ft": 0.0, "left_sw_ft": 15.6, "right_sw_ft": 14.5}, "geometry": {"type": "LineString", "coordinates": [[-73.84313630957008, 40.883451980357904], [-73.84294100449196, 40.88329380452416]]}}, {"type": "Feature", "properties": {"segment_id": 1277984, "physicalid": "87586", "street_name": "SCHIEFFELIN PL", "borough": "bronx", "direction": "TW", "total_row_ft": 79.0, "roadbed_ft": 48.9, "median_ft": 0.0, "left_sw_ft": 15.6, "right_sw_ft": 14.5}, "geometry": {"type": "LineString", "coordinates": [[-73.84308378223584, 40.8834897177752], [-73.84288834344252, 40.883331433547056]]}}, {"type": "Feature", "properties": {"segment_id": 1277985, "physicalid": "87586", "street_name": "SCHIEFFELIN PL", "borough": "bronx", "direction": "TW", "total_row_ft": 79.1, "roadbed_ft": 49.0, "median_ft": 0.0, "left_sw_ft": 15.7, "right_sw_ft": 14.4}, "geometry": {"type": "LineString", "coordinates": [[-73.84303125486481, 40.88352745518688], [-73.84283568069424, 40.88336906121804]]}}, {"type": "Feature", "properties": {"segment_id": 1277986, "physicalid": "87586", "street_name": "SCHIEFFELIN PL", "borough": "bronx", "direction": "TW", "total_row_ft": 79.1, "roadbed_ft": 49.0, "median_ft": 0.0, "left_sw_ft": 15.7, "right_sw_ft": 14.4}, "geometry": {"type": "LineString", "coordinates": [[-73.84297872800089, 40.88356519232429], [-73.84278301741914, 40.88340668919857]]}}, {"type": "Feature", "properties": {"segment_id": 1277987, "physicalid": "87586", "street_name": "SCHIEFFELIN PL", "borough": "bronx", "direction": "TW", "total_row_ft": 79.2, "roadbed_ft": 49.1, "median_ft": 0.0, "left_sw_ft": 15.8, "right_sw_ft": 14.3}, "geometry": {"type": "LineString", "coordinates": [[-73.84292619989009, 40.88360293029048], [-73.842730355279, 40.88344431630127]]}}, {"type": "Feature", "properties": {"segment_id": 1277988, "physicalid": "87586", "street_name": "SCHIEFFELIN PL", "borough": "bronx", "direction": "TW", "total_row_ft": 79.3, "roadbed_ft": 49.2, "median_ft": 0.0, "left_sw_ft": 15.9, "right_sw_ft": 14.2}, "geometry": {"type": "LineString", "coordinates": [[-73.84287369495345, 40.88364068594499], [-73.84267769235157, 40.88348194389962]]}}, {"type": "Feature", "properties": {"segment_id": 1277989, "physicalid": "87586", "street_name": "SCHIEFFELIN PL", "borough": "bronx", "direction": "TW", "total_row_ft": 81.9, "roadbed_ft": 49.5, "median_ft": 0.0, "left_sw_ft": 18.3, "right_sw_ft": 14.2}, "geometry": {"type": "LineString", "coordinates": [[-73.84282765076163, 40.883683674150326], [-73.84262504616709, 40.88351958508209]]}}, {"type": "Feature", "properties": {"segment_id": 1277990, "physicalid": "87586", "street_name": "SCHIEFFELIN PL", "borough": "bronx", "direction": "TW", "total_row_ft": 79.5, "roadbed_ft": 49.8, "median_ft": 0.0, "left_sw_ft": 15.6, "right_sw_ft": 14.1}, "geometry": {"type": "LineString", "coordinates": [[-73.8427689117652, 40.88371638059125], [-73.84257241921416, 40.883557242186235]]}}, {"type": "Feature", "properties": {"segment_id": 1277991, "physicalid": "87586", "street_name": "SCHIEFFELIN PL", "borough": "bronx", "direction": "TW", "total_row_ft": 79.6, "roadbed_ft": 50.0, "median_ft": 0.0, "left_sw_ft": 15.5, "right_sw_ft": 14.0}, "geometry": {"type": "LineString", "coordinates": [[-73.84271652052693, 40.883754228401], [-73.84251979241303, 40.88359489911487]]}}, {"type": "Feature", "properties": {"segment_id": 1277992, "physicalid": "87586", "street_name": "SCHIEFFELIN PL", "borough": "bronx", "direction": "TW", "total_row_ft": 79.7, "roadbed_ft": 50.3, "median_ft": 0.0, "left_sw_ft": 15.4, "right_sw_ft": 14.0}, "geometry": {"type": "LineString", "coordinates": [[-73.84266412921995, 40.88379207617934], [-73.84246716555229, 40.88363255601924]]}}, {"type": "Feature", "properties": {"segment_id": 1277993, "physicalid": "87586", "street_name": "SCHIEFFELIN PL", "borough": "bronx", "direction": "TW", "total_row_ft": 79.7, "roadbed_ft": 50.6, "median_ft": 0.0, "left_sw_ft": 15.2, "right_sw_ft": 13.9}, "geometry": {"type": "LineString", "coordinates": [[-73.84261173347119, 40.88382992038457], [-73.84241453881276, 40.883670213045804]]}}, {"type": "Feature", "properties": {"segment_id": 1277994, "physicalid": "87586", "street_name": "SCHIEFFELIN PL", "borough": "bronx", "direction": "TW", "total_row_ft": 79.8, "roadbed_ft": 50.9, "median_ft": 0.0, "left_sw_ft": 15.1, "right_sw_ft": 13.8}, "geometry": {"type": "LineString", "coordinates": [[-73.84255932657743, 40.88386775558778], [-73.84236195633392, 40.88370790594311]]}}, {"type": "Feature", "properties": {"segment_id": 1277995, "physicalid": "87586", "street_name": "SCHIEFFELIN PL", "borough": "bronx", "direction": "TW", "total_row_ft": 79.9, "roadbed_ft": 51.2, "median_ft": 0.0, "left_sw_ft": 15.0, "right_sw_ft": 13.7}, "geometry": {"type": "LineString", "coordinates": [[-73.84250691962401, 40.883905590766936], [-73.84230941648504, 40.88374563339056]]}}, {"type": "Feature", "properties": {"segment_id": 1277996, "physicalid": "87586", "street_name": "SCHIEFFELIN PL", "borough": "bronx", "direction": "TW", "total_row_ft": 79.9, "roadbed_ft": 51.5, "median_ft": 0.0, "left_sw_ft": 14.9, "right_sw_ft": 13.6}, "geometry": {"type": "LineString", "coordinates": [[-73.84245451261096, 40.88394342592205], [-73.84225687641296, 40.88378336068138]]}}, {"type": "Feature", "properties": {"segment_id": 1277997, "physicalid": "87586", "street_name": "SCHIEFFELIN PL", "borough": "bronx", "direction": "TW", "total_row_ft": 101.1, "roadbed_ft": 51.8, "median_ft": 0.0, "left_sw_ft": 14.7, "right_sw_ft": 34.6}, "geometry": {"type": "LineString", "coordinates": [[-73.84240210553826, 40.8839812610531], [-73.84215217296766, 40.8837788407514]]}}, {"type": "Feature", "properties": {"segment_id": 1277998, "physicalid": "87586", "street_name": "SCHIEFFELIN PL", "borough": "bronx", "direction": "TW", "total_row_ft": 126.3, "roadbed_ft": 86.6, "median_ft": 0.0, "left_sw_ft": 24.7, "right_sw_ft": 15.0}, "geometry": {"type": "LineString", "coordinates": [[-73.84237461123399, 40.88403927296578], [-73.84209939583377, 40.88381637606669]]}}, {"type": "Feature", "properties": {"segment_id": 1278119, "physicalid": "87594", "street_name": "GRACE AVE", "borough": "bronx", "direction": "TW", "total_row_ft": 150.0, "roadbed_ft": 120.0, "median_ft": 0.0, "left_sw_ft": 15.0, "right_sw_ft": 15.0}, "geometry": {"type": "LineString", "coordinates": [[-73.84460330991548, 40.88976730010411], [-73.84418643829964, 40.88985894174526]]}}, {"type": "Feature", "properties": {"segment_id": 1278120, "physicalid": "87594", "street_name": "GRACE AVE", "borough": "bronx", "direction": "TW", "total_row_ft": 51.2, "roadbed_ft": 34.0, "median_ft": 0.0, "left_sw_ft": 9.8, "right_sw_ft": 7.4}, "geometry": {"type": "LineString", "coordinates": [[-73.84450780328868, 40.889845446141905], [-73.84433005926316, 40.88988451994173]]}}, {"type": "Feature", "properties": {"segment_id": 1278121, "physicalid": "87594", "street_name": "GRACE AVE", "borough": "bronx", "direction": "TW", "total_row_ft": 51.0, "roadbed_ft": 34.0, "median_ft": 0.0, "left_sw_ft": 9.6, "right_sw_ft": 7.4}, "geometry": {"type": "LineString", "coordinates": [[-73.8445273684074, 40.88989829557696], [-73.84435010827676, 40.88993726300291]]}}, {"type": "Feature", "properties": {"segment_id": 1278122, "physicalid": "87594", "street_name": "GRACE AVE", "borough": "bronx", "direction": "TW", "total_row_ft": 50.9, "roadbed_ft": 34.0, "median_ft": 0.0, "left_sw_ft": 9.4, "right_sw_ft": 7.5}, "geometry": {"type": "LineString", "coordinates": [[-73.84454693396881, 40.88995114491768], [-73.84437015732217, 40.8899900060601]]}}, {"type": "Feature", "properties": {"segment_id": 1278170, "physicalid": "87595", "street_name": "GRACE AVE", "borough": "bronx", "direction": "TW", "total_row_ft": 135.0, "roadbed_ft": 89.4, "median_ft": 0.0, "left_sw_ft": 15.0, "right_sw_ft": 30.6}, "geometry": {"type": "LineString", "coordinates": [[-73.84438098981212, 40.88917106773513], [-73.8439633293395, 40.88926060686629]]}}, {"type": "Feature", "properties": {"segment_id": 1278171, "physicalid": "87595", "street_name": "GRACE AVE", "borough": "bronx", "direction": "TW", "total_row_ft": 110.3, "roadbed_ft": 77.9, "median_ft": 0.0, "left_sw_ft": 15.0, "right_sw_ft": 17.4}, "geometry": {"type": "LineString", "coordinates": [[-73.84440065451598, 40.88922389398152], [-73.84406885038723, 40.88929502715492]]}}, {"type": "Feature", "properties": {"segment_id": 1278172, "physicalid": "87595", "street_name": "GRACE AVE", "borough": "bronx", "direction": "TW", "total_row_ft": 102.3, "roadbed_ft": 77.6, "median_ft": 0.0, "left_sw_ft": 15.0, "right_sw_ft": 9.7}, "geometry": {"type": "LineString", "coordinates": [[-73.84442031925113, 40.88927672022405], [-73.84411631491396, 40.88934189363995]]}}, {"type": "Feature", "properties": {"segment_id": 1278173, "physicalid": "87595", "street_name": "GRACE AVE", "borough": "bronx", "direction": "TW", "total_row_ft": 72.5, "roadbed_ft": 33.0, "median_ft": 0.0, "left_sw_ft": 29.8, "right_sw_ft": 9.7}, "geometry": {"type": "LineString", "coordinates": [[-73.8443892346366, 40.88934042634146], [-73.8441368444207, 40.88939453449762]]}}, {"type": "Feature", "properties": {"segment_id": 1278174, "physicalid": "87595", "street_name": "GRACE AVE", "borough": "bronx", "direction": "TW", "total_row_ft": 57.6, "roadbed_ft": 33.1, "median_ft": 0.0, "left_sw_ft": 14.7, "right_sw_ft": 9.7}, "geometry": {"type": "LineString", "coordinates": [[-73.84445964881513, 40.8893823726975], [-73.84415737395993, 40.889447175351144]]}}, {"type": "Feature", "properties": {"segment_id": 1278175, "physicalid": "87595", "street_name": "GRACE AVE", "borough": "bronx", "direction": "TW", "total_row_ft": 52.9, "roadbed_ft": 33.1, "median_ft": 0.0, "left_sw_ft": 10.0, "right_sw_ft": 9.8}, "geometry": {"type": "LineString", "coordinates": [[-73.84436190240943, 40.8894603700362], [-73.84417790353169, 40.889499816200484]]}}, {"type": "Feature", "properties": {"segment_id": 1278176, "physicalid": "87595", "street_name": "GRACE AVE", "borough": "bronx", "direction": "TW", "total_row_ft": 52.8, "roadbed_ft": 33.2, "median_ft": 0.0, "left_sw_ft": 9.9, "right_sw_ft": 9.7}, "geometry": {"type": "LineString", "coordinates": [[-73.8443821872551, 40.88951306334988], [-73.84419843313596, 40.889552457045674]]}}, {"type": "Feature", "properties": {"segment_id": 1278177, "physicalid": "87595", "street_name": "GRACE AVE", "borough": "bronx", "direction": "TW", "total_row_ft": 52.7, "roadbed_ft": 33.6, "median_ft": 0.0, "left_sw_ft": 9.8, "right_sw_ft": 9.3}, "geometry": {"type": "LineString", "coordinates": [[-73.84440247243565, 40.8895657565946], [-73.84421896306917, 40.889605097823114]]}}, {"type": "Feature", "properties": {"segment_id": 1278178, "physicalid": "87595", "street_name": "GRACE AVE", "borough": "bronx", "direction": "TW", "total_row_ft": 52.7, "roadbed_ft": 34.1, "median_ft": 0.0, "left_sw_ft": 9.7, "right_sw_ft": 8.9}, "geometry": {"type": "LineString", "coordinates": [[-73.84442275737236, 40.88961844989441], [-73.84423949279905, 40.889657738646974]]}}, {"type": "Feature", "properties": {"segment_id": 1278179, "physicalid": "87595", "street_name": "GRACE AVE", "borough": "bronx", "direction": "TW", "total_row_ft": 52.6, "roadbed_ft": 34.6, "median_ft": 0.0, "left_sw_ft": 9.5, "right_sw_ft": 8.5}, "geometry": {"type": "LineString", "coordinates": [[-73.84444304203453, 40.88967114325586], [-73.8442600228243, 40.889710379410324]]}}, {"type": "Feature", "properties": {"segment_id": 1278180, "physicalid": "87596", "street_name": "GRACE AVE", "borough": "bronx", "direction": "TW", "total_row_ft": 150.0, "roadbed_ft": 120.0, "median_ft": 0.0, "left_sw_ft": 15.0, "right_sw_ft": 15.0}, "geometry": {"type": "LineString", "coordinates": [[-73.84398922198075, 40.88816102154778], [-73.84357294087445, 40.88825417040389]]}}, {"type": "Feature", "properties": {"segment_id": 1278181, "physicalid": "87596", "street_name": "GRACE AVE", "borough": "bronx", "direction": "TW", "total_row_ft": 85.1, "roadbed_ft": 34.9, "median_ft": 0.0, "left_sw_ft": 42.5, "right_sw_ft": 7.7}, "geometry": {"type": "LineString", "coordinates": [[-73.84400967913476, 40.88821367413694], [-73.84371450173181, 40.88827972449185]]}}, {"type": "Feature", "properties": {"segment_id": 1278182, "physicalid": "87596", "street_name": "GRACE AVE", "borough": "bronx", "direction": "TW", "total_row_ft": 49.5, "roadbed_ft": 33.9, "median_ft": 0.0, "left_sw_ft": 7.9, "right_sw_ft": 7.7}, "geometry": {"type": "LineString", "coordinates": [[-73.84390636319968, 40.888294022917165], [-73.84373478665391, 40.88833241562728]]}}, {"type": "Feature", "properties": {"segment_id": 1278183, "physicalid": "87596", "street_name": "GRACE AVE", "borough": "bronx", "direction": "TW", "total_row_ft": 49.8, "roadbed_ft": 33.9, "median_ft": 0.0, "left_sw_ft": 8.1, "right_sw_ft": 7.9}, "geometry": {"type": "LineString", "coordinates": [[-73.84392732005035, 40.88834656369951], [-73.84375466082913, 40.88838519867596]]}}, {"type": "Feature", "properties": {"segment_id": 1278184, "physicalid": "87596", "street_name": "GRACE AVE", "borough": "bronx", "direction": "TW", "total_row_ft": 50.1, "roadbed_ft": 33.8, "median_ft": 0.0, "left_sw_ft": 8.2, "right_sw_ft": 8.0}, "geometry": {"type": "LineString", "coordinates": [[-73.84394827693419, 40.88839910447751], [-73.8437745350359, 40.888437981720685]]}}, {"type": "Feature", "properties": {"segment_id": 1278185, "physicalid": "87596", "street_name": "GRACE AVE", "borough": "bronx", "direction": "TW", "total_row_ft": 99.8, "roadbed_ft": 76.3, "median_ft": 0.0, "left_sw_ft": 8.4, "right_sw_ft": 15.0}, "geometry": {"type": "LineString", "coordinates": [[-73.8439692346097, 40.888451647153076], [-73.84367522314993, 40.88851742916888]]}}, {"type": "Feature", "properties": {"segment_id": 1278186, "physicalid": "87596", "street_name": "GRACE AVE", "borough": "bronx", "direction": "TW", "total_row_ft": 50.3, "roadbed_ft": 33.8, "median_ft": 0.0, "left_sw_ft": 8.6, "right_sw_ft": 7.9}, "geometry": {"type": "LineString", "coordinates": [[-73.8439901915642, 40.88850418793352], [-73.84381554443594, 40.888543263527055]]}}, {"type": "Feature", "properties": {"segment_id": 1278187, "physicalid": "87596", "street_name": "GRACE AVE", "borough": "bronx", "direction": "TW", "total_row_ft": 94.5, "roadbed_ft": 71.7, "median_ft": 0.0, "left_sw_ft": 15.0, "right_sw_ft": 7.8}, "geometry": {"type": "LineString", "coordinates": [[-73.84413241915081, 40.88852959189319], [-73.84383616602683, 40.888595880836455]]}}, {"type": "Feature", "properties": {"segment_id": 1278188, "physicalid": "87596", "street_name": "GRACE AVE", "borough": "bronx", "direction": "TW", "total_row_ft": 50.6, "roadbed_ft": 33.8, "median_ft": 0.0, "left_sw_ft": 9.0, "right_sw_ft": 7.7}, "geometry": {"type": "LineString", "coordinates": [[-73.84403227120622, 40.88860923094349], [-73.84385678711297, 40.88864849677051]]}}, {"type": "Feature", "properties": {"segment_id": 1278189, "physicalid": "87596", "street_name": "GRACE AVE", "borough": "bronx", "direction": "TW", "total_row_ft": 50.2, "roadbed_ft": 33.8, "median_ft": 0.0, "left_sw_ft": 8.7, "right_sw_ft": 7.7}, "geometry": {"type": "LineString", "coordinates": [[-73.84405138922028, 40.88866218320257], [-73.84387740823176, 40.888701112700346]]}}, {"type": "Feature", "properties": {"segment_id": 1278190, "physicalid": "87596", "street_name": "GRACE AVE", "borough": "bronx", "direction": "TW", "total_row_ft": 50.0, "roadbed_ft": 33.8, "median_ft": 0.0, "left_sw_ft": 8.6, "right_sw_ft": 7.6}, "geometry": {"type": "LineString", "coordinates": [[-73.84407135481604, 40.888714945811486], [-73.8438980293832, 40.888753728625986]]}}, {"type": "Feature", "properties": {"segment_id": 1278191, "physicalid": "87596", "street_name": "GRACE AVE", "borough": "bronx", "direction": "TW", "total_row_ft": 50.1, "roadbed_ft": 33.8, "median_ft": 0.0, "left_sw_ft": 8.5, "right_sw_ft": 7.8}, "geometry": {"type": "LineString", "coordinates": [[-73.8440913204435, 40.88876770841647], [-73.84391736976823, 40.88880663113435]]}}, {"type": "Feature", "properties": {"segment_id": 1278192, "physicalid": "87596", "street_name": "GRACE AVE", "borough": "bronx", "direction": "TW", "total_row_ft": 50.3, "roadbed_ft": 33.8, "median_ft": 0.0, "left_sw_ft": 8.5, "right_sw_ft": 8.1}, "geometry": {"type": "LineString", "coordinates": [[-73.84411128610266, 40.888820471017475], [-73.84393668498761, 40.8888595392768]]}}, {"type": "Feature", "properties": {"segment_id": 1278193, "physicalid": "87596", "street_name": "GRACE AVE", "borough": "bronx", "direction": "TW", "total_row_ft": 50.5, "roadbed_ft": 33.7, "median_ft": 0.0, "left_sw_ft": 8.5, "right_sw_ft": 8.4}, "geometry": {"type": "LineString", "coordinates": [[-73.8441312517935, 40.88887323361451], [-73.84395600023772, 40.888912447415485]]}}, {"type": "Feature", "properties": {"segment_id": 1278194, "physicalid": "87596", "street_name": "GRACE AVE", "borough": "bronx", "direction": "TW", "total_row_ft": 69.0, "roadbed_ft": 33.5, "median_ft": 0.0, "left_sw_ft": 8.5, "right_sw_ft": 27.0}, "geometry": {"type": "LineString", "coordinates": [[-73.84415121751604, 40.888925996207576], [-73.84386226557764, 40.88899065112531]]}}, {"type": "Feature", "properties": {"segment_id": 1278195, "physicalid": "87596", "street_name": "GRACE AVE", "borough": "bronx", "direction": "TW", "total_row_ft": 57.8, "roadbed_ft": 39.7, "median_ft": 0.0, "left_sw_ft": 8.5, "right_sw_ft": 9.6}, "geometry": {"type": "LineString", "coordinates": [[-73.84417118333961, 40.88897875878115], [-73.84397066315321, 40.889023626598195]]}}, {"type": "Feature", "properties": {"segment_id": 1278196, "physicalid": "87596", "street_name": "GRACE AVE", "borough": "bronx", "direction": "TW", "total_row_ft": 98.9, "roadbed_ft": 75.3, "median_ft": 0.0, "left_sw_ft": 8.5, "right_sw_ft": 15.0}, "geometry": {"type": "LineString", "coordinates": [[-73.84419114947738, 40.88903152128754], [-73.84390024427232, 40.88909661326357]]}}, {"type": "Feature", "properties": {"segment_id": 1278197, "physicalid": "87596", "street_name": "GRACE AVE", "borough": "bronx", "direction": "TW", "total_row_ft": 102.6, "roadbed_ft": 76.1, "median_ft": 0.0, "left_sw_ft": 11.4, "right_sw_ft": 15.0}, "geometry": {"type": "LineString", "coordinates": [[-73.84422447263219, 40.88908129505479], [-73.84392070103557, 40.88914926599547]]}}, {"type": "Feature", "properties": {"segment_id": 1278639, "physicalid": "87622", "street_name": "MICKLE AVE", "borough": "bronx", "direction": "TF", "total_row_ft": 139.4, "roadbed_ft": 102.0, "median_ft": 19.4, "left_sw_ft": 4.6, "right_sw_ft": 13.4}, "geometry": {"type": "LineString", "coordinates": [[-73.84754390715537, 40.8805014777416], [-73.84714345945437, 40.88062837614559]]}}, {"type": "Feature", "properties": {"segment_id": 1278640, "physicalid": "87622", "street_name": "MICKLE AVE", "borough": "bronx", "direction": "TF", "total_row_ft": 106.6, "roadbed_ft": 73.4, "median_ft": 10.3, "left_sw_ft": 15.0, "right_sw_ft": 8.0}, "geometry": {"type": "LineString", "coordinates": [[-73.84744266519002, 40.88059304690276], [-73.84717132503768, 40.880679032049756]]}}, {"type": "Feature", "properties": {"segment_id": 1278641, "physicalid": "87622", "street_name": "MICKLE AVE", "borough": "bronx", "direction": "TF", "total_row_ft": 67.6, "roadbed_ft": 25.5, "median_ft": 21.3, "left_sw_ft": 12.8, "right_sw_ft": 8.0}, "geometry": {"type": "LineString", "coordinates": [[-73.84747309817462, 40.880642889212965], [-73.8472902962432, 40.88070081753628]]}}, {"type": "Feature", "properties": {"segment_id": 1278642, "physicalid": "87622", "street_name": "MICKLE AVE", "borough": "bronx", "direction": "TF", "total_row_ft": 65.9, "roadbed_ft": 23.4, "median_ft": 19.7, "left_sw_ft": 14.7, "right_sw_ft": 8.0}, "geometry": {"type": "LineString", "coordinates": [[-73.84750353120485, 40.88069273151472], [-73.84733292817602, 40.88074679413713]]}}, {"type": "Feature", "properties": {"segment_id": 1278643, "physicalid": "87622", "street_name": "MICKLE AVE", "borough": "bronx", "direction": "TF", "total_row_ft": 44.7, "roadbed_ft": 20.4, "median_ft": 8.1, "left_sw_ft": 8.1, "right_sw_ft": 8.1}, "geometry": {"type": "LineString", "coordinates": [[-73.84753396428071, 40.88074257380797], [-73.84741185868243, 40.880781268057746]]}}, {"type": "Feature", "properties": {"segment_id": 1278644, "physicalid": "87622", "street_name": "MICKLE AVE", "borough": "bronx", "direction": "TF", "total_row_ft": 112.4, "roadbed_ft": 76.3, "median_ft": 13.0, "left_sw_ft": 15.0, "right_sw_ft": 8.1}, "geometry": {"type": "LineString", "coordinates": [[-73.84756439740221, 40.880792416092746], [-73.84728278779559, 40.880881655594386]]}}, {"type": "Feature", "properties": {"segment_id": 1278645, "physicalid": "87622", "street_name": "MICKLE AVE", "borough": "bronx", "direction": "TF", "total_row_ft": 88.6, "roadbed_ft": 76.4, "median_ft": 0.0, "left_sw_ft": 1.8, "right_sw_ft": 10.4}, "geometry": {"type": "LineString", "coordinates": [[-73.84760643464054, 40.88083858112458], [-73.84731065359121, 40.88093231146257]]}}, {"type": "Feature", "properties": {"segment_id": 1278814, "physicalid": "87628", "street_name": "DE REIMER AVE", "borough": "bronx", "direction": "TF", "total_row_ft": 150.0, "roadbed_ft": 120.0, "median_ft": 0.0, "left_sw_ft": 15.0, "right_sw_ft": 15.0}, "geometry": {"type": "LineString", "coordinates": [[-73.841276311205, 40.888547153158704], [-73.84085947384803, 40.88863886449822]]}}, {"type": "Feature", "properties": {"segment_id": 1278815, "physicalid": "87628", "street_name": "DE REIMER AVE", "borough": "bronx", "direction": "TF", "total_row_ft": 120.0, "roadbed_ft": 35.1, "median_ft": 0.0, "left_sw_ft": 43.3, "right_sw_ft": 41.5}, "geometry": {"type": "LineString", "coordinates": [[-73.8412964527761, 40.88859987579547], [-73.84087961511632, 40.88869158720683]]}}, {"type": "Feature", "properties": {"segment_id": 1278816, "physicalid": "87628", "street_name": "DE REIMER AVE", "borough": "bronx", "direction": "TF", "total_row_ft": 58.2, "roadbed_ft": 30.4, "median_ft": 0.0, "left_sw_ft": 14.4, "right_sw_ft": 13.4}, "geometry": {"type": "LineString", "coordinates": [[-73.84120715884985, 40.88867667628728], [-73.84100506149507, 40.888721141158676]]}}, {"type": "Feature", "properties": {"segment_id": 1278817, "physicalid": "87628", "street_name": "DE REIMER AVE", "borough": "bronx", "direction": "TF", "total_row_ft": 57.6, "roadbed_ft": 30.2, "median_ft": 0.0, "left_sw_ft": 14.4, "right_sw_ft": 13.1}, "geometry": {"type": "LineString", "coordinates": [[-73.84122618580655, 40.8887296441668], [-73.84102593584038, 40.88877370258324]]}}, {"type": "Feature", "properties": {"segment_id": 1278818, "physicalid": "87628", "street_name": "DE REIMER AVE", "borough": "bronx", "direction": "TF", "total_row_ft": 57.1, "roadbed_ft": 30.0, "median_ft": 0.0, "left_sw_ft": 14.2, "right_sw_ft": 12.8}, "geometry": {"type": "LineString", "coordinates": [[-73.84124521283488, 40.88878261203355], [-73.84104681021866, 40.88882626400353]]}}, {"type": "Feature", "properties": {"segment_id": 1278819, "physicalid": "87628", "street_name": "DE REIMER AVE", "borough": "bronx", "direction": "TF", "total_row_ft": 56.3, "roadbed_ft": 30.0, "median_ft": 0.0, "left_sw_ft": 13.7, "right_sw_ft": 12.6}, "geometry": {"type": "LineString", "coordinates": [[-73.84126423981154, 40.8888355799147], [-73.84106861935004, 40.888878619766025]]}}, {"type": "Feature", "properties": {"segment_id": 1278820, "physicalid": "87628", "street_name": "DE REIMER AVE", "borough": "bronx", "direction": "TF", "total_row_ft": 55.1, "roadbed_ft": 30.0, "median_ft": 0.0, "left_sw_ft": 12.8, "right_sw_ft": 12.3}, "geometry": {"type": "LineString", "coordinates": [[-73.84128326653767, 40.88888854785396], [-73.84109198667196, 40.888930632704344]]}}, {"type": "Feature", "properties": {"segment_id": 1278821, "physicalid": "87628", "street_name": "DE REIMER AVE", "borough": "bronx", "direction": "TF", "total_row_ft": 51.2, "roadbed_ft": 29.9, "median_ft": 0.0, "left_sw_ft": 11.9, "right_sw_ft": 9.4}, "geometry": {"type": "LineString", "coordinates": [[-73.84129325458319, 40.88894350446932], [-73.84111535403044, 40.8889826456374]]}}, {"type": "Feature", "properties": {"segment_id": 1278822, "physicalid": "87628", "street_name": "DE REIMER AVE", "borough": "bronx", "direction": "TF", "total_row_ft": 50.2, "roadbed_ft": 29.9, "median_ft": 0.0, "left_sw_ft": 10.9, "right_sw_ft": 9.4}, "geometry": {"type": "LineString", "coordinates": [[-73.84131305319818, 40.88899630258516], [-73.8411387214255, 40.889034658565244]]}}, {"type": "Feature", "properties": {"segment_id": 1278823, "physicalid": "87628", "street_name": "DE REIMER AVE", "borough": "bronx", "direction": "TF", "total_row_ft": 49.2, "roadbed_ft": 29.8, "median_ft": 0.0, "left_sw_ft": 10.0, "right_sw_ft": 9.3}, "geometry": {"type": "LineString", "coordinates": [[-73.8413328518446, 40.889049100697115], [-73.8411620888571, 40.88908667148786]]}}, {"type": "Feature", "properties": {"segment_id": 1278824, "physicalid": "87628", "street_name": "DE REIMER AVE", "borough": "bronx", "direction": "TF", "total_row_ft": 48.1, "roadbed_ft": 29.8, "median_ft": 0.0, "left_sw_ft": 9.1, "right_sw_ft": 9.3}, "geometry": {"type": "LineString", "coordinates": [[-73.84135265052248, 40.88910189880514], [-73.84118545632529, 40.889138684405225]]}}, {"type": "Feature", "properties": {"segment_id": 1278825, "physicalid": "87628", "street_name": "DE REIMER AVE", "borough": "bronx", "direction": "TF", "total_row_ft": 47.8, "roadbed_ft": 29.7, "median_ft": 0.0, "left_sw_ft": 8.8, "right_sw_ft": 9.3}, "geometry": {"type": "LineString", "coordinates": [[-73.8413724492318, 40.88915469690922], [-73.84120638685089, 40.889191233492745]]}}, {"type": "Feature", "properties": {"segment_id": 1278826, "physicalid": "87628", "street_name": "DE REIMER AVE", "borough": "bronx", "direction": "TF", "total_row_ft": 47.9, "roadbed_ft": 29.7, "median_ft": 0.0, "left_sw_ft": 9.0, "right_sw_ft": 9.2}, "geometry": {"type": "LineString", "coordinates": [[-73.84139224796498, 40.889207495011114], [-73.84122573384862, 40.88924413098531]]}}, {"type": "Feature", "properties": {"segment_id": 1278827, "physicalid": "87628", "street_name": "DE REIMER AVE", "borough": "bronx", "direction": "TF", "total_row_ft": 48.2, "roadbed_ft": 29.8, "median_ft": 0.0, "left_sw_ft": 9.0, "right_sw_ft": 9.4}, "geometry": {"type": "LineString", "coordinates": [[-73.84141257583013, 40.88926017669735], [-73.84124508087713, 40.88929702847412]]}}, {"type": "Feature", "properties": {"segment_id": 1278828, "physicalid": "87628", "street_name": "DE REIMER AVE", "borough": "bronx", "direction": "TF", "total_row_ft": 48.5, "roadbed_ft": 29.9, "median_ft": 0.0, "left_sw_ft": 9.1, "right_sw_ft": 9.5}, "geometry": {"type": "LineString", "coordinates": [[-73.84143295339787, 40.88931284745115], [-73.84126442793642, 40.88934992595915]]}}, {"type": "Feature", "properties": {"segment_id": 1278829, "physicalid": "87628", "street_name": "DE REIMER AVE", "borough": "bronx", "direction": "TF", "total_row_ft": 48.8, "roadbed_ft": 30.1, "median_ft": 0.0, "left_sw_ft": 9.1, "right_sw_ft": 9.6}, "geometry": {"type": "LineString", "coordinates": [[-73.8414533309979, 40.88936551820084], [-73.84128385961797, 40.88940280482892]]}}, {"type": "Feature", "properties": {"segment_id": 1278830, "physicalid": "87628", "street_name": "DE REIMER AVE", "borough": "bronx", "direction": "TF", "total_row_ft": 48.8, "roadbed_ft": 30.2, "median_ft": 0.0, "left_sw_ft": 8.8, "right_sw_ft": 9.8}, "geometry": {"type": "LineString", "coordinates": [[-73.8414737086302, 40.889418188946394], [-73.84130425502383, 40.88945547166653]]}}, {"type": "Feature", "properties": {"segment_id": 1278831, "physicalid": "87628", "street_name": "DE REIMER AVE", "borough": "bronx", "direction": "TF", "total_row_ft": 48.8, "roadbed_ft": 30.3, "median_ft": 0.0, "left_sw_ft": 8.6, "right_sw_ft": 9.9}, "geometry": {"type": "LineString", "coordinates": [[-73.8414940862948, 40.889470859687854], [-73.84132464981981, 40.88950813864135]]}}, {"type": "Feature", "properties": {"segment_id": 1278832, "physicalid": "87628", "street_name": "DE REIMER AVE", "borough": "bronx", "direction": "TF", "total_row_ft": 48.5, "roadbed_ft": 30.2, "median_ft": 0.0, "left_sw_ft": 8.6, "right_sw_ft": 9.7}, "geometry": {"type": "LineString", "coordinates": [[-73.841513516525, 40.88952373888505], [-73.8413450432302, 40.88956080592397]]}}, {"type": "Feature", "properties": {"segment_id": 1278833, "physicalid": "87628", "street_name": "DE REIMER AVE", "borough": "bronx", "direction": "TF", "total_row_ft": 48.1, "roadbed_ft": 30.1, "median_ft": 0.0, "left_sw_ft": 8.7, "right_sw_ft": 9.3}, "geometry": {"type": "LineString", "coordinates": [[-73.84153255246859, 40.88957670483551], [-73.84136543864606, 40.88961347276837]]}}, {"type": "Feature", "properties": {"segment_id": 1278834, "physicalid": "87628", "street_name": "DE REIMER AVE", "borough": "bronx", "direction": "TF", "total_row_ft": 47.7, "roadbed_ft": 30.0, "median_ft": 0.0, "left_sw_ft": 8.7, "right_sw_ft": 8.9}, "geometry": {"type": "LineString", "coordinates": [[-73.84155158046464, 40.88962967253756], [-73.84138583679425, 40.88966613901459]]}}, {"type": "Feature", "properties": {"segment_id": 1278835, "physicalid": "87628", "street_name": "DE REIMER AVE", "borough": "bronx", "direction": "TF", "total_row_ft": 47.3, "roadbed_ft": 30.0, "median_ft": 0.0, "left_sw_ft": 8.8, "right_sw_ft": 8.6}, "geometry": {"type": "LineString", "coordinates": [[-73.84157060381952, 40.88968264126378], [-73.84140617902227, 40.88971881756717]]}}, {"type": "Feature", "properties": {"segment_id": 1278836, "physicalid": "87628", "street_name": "DE REIMER AVE", "borough": "bronx", "direction": "TF", "total_row_ft": 47.0, "roadbed_ft": 29.9, "median_ft": 0.0, "left_sw_ft": 8.9, "right_sw_ft": 8.2}, "geometry": {"type": "LineString", "coordinates": [[-73.84158962720471, 40.88973560998632], [-73.8414264470776, 40.88977151244195]]}}, {"type": "Feature", "properties": {"segment_id": 1278837, "physicalid": "87628", "street_name": "DE REIMER AVE", "borough": "bronx", "direction": "TF", "total_row_ft": 46.9, "roadbed_ft": 29.8, "median_ft": 0.0, "left_sw_ft": 9.0, "right_sw_ft": 8.1}, "geometry": {"type": "LineString", "coordinates": [[-73.84160964990662, 40.88978835884406], [-73.84144671493159, 40.88982420736403]]}}, {"type": "Feature", "properties": {"segment_id": 1278838, "physicalid": "87628", "street_name": "DE REIMER AVE", "borough": "bronx", "direction": "TF", "total_row_ft": 46.9, "roadbed_ft": 29.7, "median_ft": 0.0, "left_sw_ft": 9.1, "right_sw_ft": 8.1}, "geometry": {"type": "LineString", "coordinates": [[-73.84162995435572, 40.8898410457153], [-73.8414669828177, 40.88987690228203]]}}, {"type": "Feature", "properties": {"segment_id": 1278839, "physicalid": "87628", "street_name": "DE REIMER AVE", "borough": "bronx", "direction": "TF", "total_row_ft": 46.9, "roadbed_ft": 29.7, "median_ft": 0.0, "left_sw_ft": 9.1, "right_sw_ft": 8.1}, "geometry": {"type": "LineString", "coordinates": [[-73.84165025934743, 40.88989373247014], [-73.84148725073597, 40.889929597195966]]}}, {"type": "Feature", "properties": {"segment_id": 1278840, "physicalid": "87628", "street_name": "DE REIMER AVE", "borough": "bronx", "direction": "TF", "total_row_ft": 46.9, "roadbed_ft": 29.8, "median_ft": 0.0, "left_sw_ft": 9.1, "right_sw_ft": 8.1}, "geometry": {"type": "LineString", "coordinates": [[-73.84167056442504, 40.88994641920909], [-73.84150751868636, 40.88998229210581]]}}, {"type": "Feature", "properties": {"segment_id": 1283341, "physicalid": "87893", "street_name": "GRACE AVE", "borough": "bronx", "direction": "TW", "total_row_ft": 150.0, "roadbed_ft": 120.0, "median_ft": 0.0, "left_sw_ft": 15.0, "right_sw_ft": 15.0}, "geometry": {"type": "LineString", "coordinates": [[-73.84068396466125, 40.8806012493809], [-73.84027980342327, 40.880721175321455]]}}, {"type": "Feature", "properties": {"segment_id": 1283342, "physicalid": "87893", "street_name": "GRACE AVE", "borough": "bronx", "direction": "TW", "total_row_ft": 135.0, "roadbed_ft": 85.7, "median_ft": 0.0, "left_sw_ft": 34.3, "right_sw_ft": 15.0}, "geometry": {"type": "LineString", "coordinates": [[-73.84071029945282, 40.88065237487239], [-73.84030613795159, 40.880772300904106]]}}, {"type": "Feature", "properties": {"segment_id": 1283343, "physicalid": "87893", "street_name": "GRACE AVE", "borough": "bronx", "direction": "TW", "total_row_ft": 56.4, "roadbed_ft": 37.8, "median_ft": 0.0, "left_sw_ft": 10.6, "right_sw_ft": 8.1}, "geometry": {"type": "LineString", "coordinates": [[-73.84064143664486, 40.88073174833191], [-73.8404514702312, 40.88078811671655]]}}, {"type": "Feature", "properties": {"segment_id": 1283344, "physicalid": "87893", "street_name": "GRACE AVE", "borough": "bronx", "direction": "TW", "total_row_ft": 56.0, "roadbed_ft": 37.7, "median_ft": 0.0, "left_sw_ft": 10.2, "right_sw_ft": 8.1}, "geometry": {"type": "LineString", "coordinates": [[-73.84066863218703, 40.880782618427645], [-73.84048005367664, 40.88083857499166]]}}, {"type": "Feature", "properties": {"segment_id": 1283345, "physicalid": "87893", "street_name": "GRACE AVE", "borough": "bronx", "direction": "TW", "total_row_ft": 55.6, "roadbed_ft": 37.7, "median_ft": 0.0, "left_sw_ft": 9.8, "right_sw_ft": 8.1}, "geometry": {"type": "LineString", "coordinates": [[-73.84069582765171, 40.88083348855184], [-73.8405086371655, 40.88088903325922]]}}, {"type": "Feature", "properties": {"segment_id": 1283346, "physicalid": "87893", "street_name": "GRACE AVE", "borough": "bronx", "direction": "TW", "total_row_ft": 55.2, "roadbed_ft": 37.7, "median_ft": 0.0, "left_sw_ft": 9.4, "right_sw_ft": 8.1}, "geometry": {"type": "LineString", "coordinates": [[-73.84072302332874, 40.8808843586185], [-73.84053724594406, 40.88093948402799]]}}, {"type": "Feature", "properties": {"segment_id": 1283347, "physicalid": "87893", "street_name": "GRACE AVE", "borough": "bronx", "direction": "TW", "total_row_ft": 54.6, "roadbed_ft": 37.5, "median_ft": 0.0, "left_sw_ft": 9.2, "right_sw_ft": 7.9}, "geometry": {"type": "LineString", "coordinates": [[-73.84075021931355, 40.8809352285993], [-73.84056618147855, 40.880989837844666]]}}, {"type": "Feature", "properties": {"segment_id": 1283348, "physicalid": "87893", "street_name": "GRACE AVE", "borough": "bronx", "direction": "TW", "total_row_ft": 54.6, "roadbed_ft": 37.2, "median_ft": 0.0, "left_sw_ft": 9.6, "right_sw_ft": 7.8}, "geometry": {"type": "LineString", "coordinates": [[-73.84077908970642, 40.88098560173936], [-73.84059511705688, 40.881040191653604]]}}, {"type": "Feature", "properties": {"segment_id": 1283349, "physicalid": "87893", "street_name": "GRACE AVE", "borough": "bronx", "direction": "TW", "total_row_ft": 54.8, "roadbed_ft": 36.9, "median_ft": 0.0, "left_sw_ft": 10.1, "right_sw_ft": 7.7}, "geometry": {"type": "LineString", "coordinates": [[-73.84080846198512, 40.881035825960346], [-73.84062405267905, 40.88109054545484]]}}, {"type": "Feature", "properties": {"segment_id": 1283350, "physicalid": "87893", "street_name": "GRACE AVE", "borough": "bronx", "direction": "TW", "total_row_ft": 54.9, "roadbed_ft": 36.7, "median_ft": 0.0, "left_sw_ft": 10.6, "right_sw_ft": 7.6}, "geometry": {"type": "LineString", "coordinates": [[-73.84083783438378, 40.881086050151005], [-73.84065294232268, 40.88114091290444]]}}, {"type": "Feature", "properties": {"segment_id": 1283351, "physicalid": "87893", "street_name": "GRACE AVE", "borough": "bronx", "direction": "TW", "total_row_ft": 55.2, "roadbed_ft": 36.4, "median_ft": 0.0, "left_sw_ft": 11.2, "right_sw_ft": 7.6}, "geometry": {"type": "LineString", "coordinates": [[-73.8408672069109, 40.88113627430878], [-73.84068139473729, 40.881191410097244]]}}, {"type": "Feature", "properties": {"segment_id": 1283352, "physicalid": "87893", "street_name": "GRACE AVE", "borough": "bronx", "direction": "TW", "total_row_ft": 55.2, "roadbed_ft": 36.2, "median_ft": 0.0, "left_sw_ft": 11.4, "right_sw_ft": 7.5}, "geometry": {"type": "LineString", "coordinates": [[-73.84089571218054, 40.88118675581284], [-73.84070984719514, 40.88124190728257]]}}, {"type": "Feature", "properties": {"segment_id": 1283353, "physicalid": "87893", "street_name": "GRACE AVE", "borough": "bronx", "direction": "TW", "total_row_ft": 55.1, "roadbed_ft": 35.7, "median_ft": 0.0, "left_sw_ft": 11.6, "right_sw_ft": 7.8}, "geometry": {"type": "LineString", "coordinates": [[-73.84092394445736, 40.88123731832735], [-73.84073829970772, 40.88129240445697]]}}, {"type": "Feature", "properties": {"segment_id": 1283354, "physicalid": "87893", "street_name": "GRACE AVE", "borough": "bronx", "direction": "TW", "total_row_ft": 55.1, "roadbed_ft": 35.2, "median_ft": 0.0, "left_sw_ft": 11.8, "right_sw_ft": 8.1}, "geometry": {"type": "LineString", "coordinates": [[-73.84095217677711, 40.881287880834485], [-73.84076675237706, 40.88134290159021]]}}, {"type": "Feature", "properties": {"segment_id": 1283355, "physicalid": "87893", "street_name": "GRACE AVE", "borough": "bronx", "direction": "TW", "total_row_ft": 55.1, "roadbed_ft": 34.7, "median_ft": 0.0, "left_sw_ft": 12.0, "right_sw_ft": 8.4}, "geometry": {"type": "LineString", "coordinates": [[-73.84098040876385, 40.88133844344577], [-73.84079469608659, 40.88139354975133]]}}, {"type": "Feature", "properties": {"segment_id": 1283356, "physicalid": "87893", "street_name": "GRACE AVE", "borough": "bronx", "direction": "TW", "total_row_ft": 55.2, "roadbed_ft": 35.9, "median_ft": 0.0, "left_sw_ft": 10.9, "right_sw_ft": 8.3}, "geometry": {"type": "LineString", "coordinates": [[-73.84100827701931, 40.881389113992434], [-73.84082238314282, 40.88144427407399]]}}, {"type": "Feature", "properties": {"segment_id": 1283357, "physicalid": "87893", "street_name": "GRACE AVE", "borough": "bronx", "direction": "TW", "total_row_ft": 55.0, "roadbed_ft": 37.5, "median_ft": 0.0, "left_sw_ft": 9.3, "right_sw_ft": 8.2}, "geometry": {"type": "LineString", "coordinates": [[-73.84103541444004, 40.88144000140505], [-73.84085007023955, 40.88149499839009]]}}, {"type": "Feature", "properties": {"segment_id": 1283358, "physicalid": "87893", "street_name": "GRACE AVE", "borough": "bronx", "direction": "TW", "total_row_ft": 54.9, "roadbed_ft": 38.6, "median_ft": 0.0, "left_sw_ft": 8.4, "right_sw_ft": 7.9}, "geometry": {"type": "LineString", "coordinates": [[-73.84106255190233, 40.881490888810795], [-73.84087775770371, 40.88154572260257]]}}, {"type": "Feature", "properties": {"segment_id": 1283359, "physicalid": "87893", "street_name": "GRACE AVE", "borough": "bronx", "direction": "TW", "total_row_ft": 54.8, "roadbed_ft": 39.4, "median_ft": 0.0, "left_sw_ft": 8.1, "right_sw_ft": 7.2}, "geometry": {"type": "LineString", "coordinates": [[-73.84108968940615, 40.88154177620969], [-73.84090512068315, 40.88159654310414]]}}, {"type": "Feature", "properties": {"segment_id": 1283360, "physicalid": "87893", "street_name": "GRACE AVE", "borough": "bronx", "direction": "TW", "total_row_ft": 55.2, "roadbed_ft": 39.6, "median_ft": 0.0, "left_sw_ft": 7.8, "right_sw_ft": 7.9}, "geometry": {"type": "LineString", "coordinates": [[-73.84111420407451, 40.88159344188825], [-73.84092821534414, 40.88164863014073]]}}, {"type": "Feature", "properties": {"segment_id": 1283361, "physicalid": "87893", "street_name": "GRACE AVE", "borough": "bronx", "direction": "TW", "total_row_ft": 54.8, "roadbed_ft": 39.5, "median_ft": 0.0, "left_sw_ft": 7.2, "right_sw_ft": 8.1}, "geometry": {"type": "LineString", "coordinates": [[-73.84113601697011, 40.88164590926962], [-73.8409513100413, 40.88170071717217]]}}, {"type": "Feature", "properties": {"segment_id": 1283362, "physicalid": "87893", "street_name": "GRACE AVE", "borough": "bronx", "direction": "TW", "total_row_ft": 54.5, "roadbed_ft": 38.9, "median_ft": 0.0, "left_sw_ft": 7.4, "right_sw_ft": 8.2}, "geometry": {"type": "LineString", "coordinates": [[-73.84115782959779, 40.88169837673605], [-73.84097440477467, 40.88175280419853]]}}, {"type": "Feature", "properties": {"segment_id": 1283363, "physicalid": "87893", "street_name": "GRACE AVE", "borough": "bronx", "direction": "TW", "total_row_ft": 54.1, "roadbed_ft": 38.5, "median_ft": 0.0, "left_sw_ft": 7.4, "right_sw_ft": 8.2}, "geometry": {"type": "LineString", "coordinates": [[-73.8411796422599, 40.881750844197896], [-73.84099749960838, 40.8818048912007]]}}, {"type": "Feature", "properties": {"segment_id": 1283364, "physicalid": "87893", "street_name": "GRACE AVE", "borough": "bronx", "direction": "TW", "total_row_ft": 53.8, "roadbed_ft": 38.2, "median_ft": 0.0, "left_sw_ft": 7.4, "right_sw_ft": 8.2}, "geometry": {"type": "LineString", "coordinates": [[-73.84120145495646, 40.881803311655084], [-73.84102032665236, 40.88185705766917]]}}, {"type": "Feature", "properties": {"segment_id": 1283365, "physicalid": "87893", "street_name": "GRACE AVE", "borough": "bronx", "direction": "TW", "total_row_ft": 53.7, "roadbed_ft": 37.9, "median_ft": 0.0, "left_sw_ft": 7.6, "right_sw_ft": 8.3}, "geometry": {"type": "LineString", "coordinates": [[-73.84122385941447, 40.881855603524485], [-73.84104288923456, 40.88190930261649]]}}, {"type": "Feature", "properties": {"segment_id": 1283366, "physicalid": "87893", "street_name": "GRACE AVE", "borough": "bronx", "direction": "TW", "total_row_ft": 53.8, "roadbed_ft": 37.6, "median_ft": 0.0, "left_sw_ft": 7.8, "right_sw_ft": 8.3}, "geometry": {"type": "LineString", "coordinates": [[-73.84124648553653, 40.88190782962517], [-73.84106545185223, 40.88196154755886]]}}, {"type": "Feature", "properties": {"segment_id": 1283367, "physicalid": "87893", "street_name": "GRACE AVE", "borough": "bronx", "direction": "TW", "total_row_ft": 53.8, "roadbed_ft": 37.3, "median_ft": 0.0, "left_sw_ft": 8.0, "right_sw_ft": 8.4}, "geometry": {"type": "LineString", "coordinates": [[-73.84126911169415, 40.88196005572088], [-73.84108801450536, 40.882013792496345]]}}, {"type": "Feature", "properties": {"segment_id": 1283368, "physicalid": "87893", "street_name": "GRACE AVE", "borough": "bronx", "direction": "TW", "total_row_ft": 53.8, "roadbed_ft": 38.1, "median_ft": 0.0, "left_sw_ft": 7.2, "right_sw_ft": 8.5}, "geometry": {"type": "LineString", "coordinates": [[-73.8412917378873, 40.88201228181165], [-73.8411105772233, 40.88206603742021]]}}, {"type": "Feature", "properties": {"segment_id": 1283369, "physicalid": "87893", "street_name": "GRACE AVE", "borough": "bronx", "direction": "TW", "total_row_ft": 88.4, "roadbed_ft": 38.9, "median_ft": 0.0, "left_sw_ft": 6.5, "right_sw_ft": 43.0}, "geometry": {"type": "LineString", "coordinates": [[-73.84131476422338, 40.88206438917367], [-73.84101718552566, 40.882152689181986]]}}, {"type": "Feature", "properties": {"segment_id": 1283370, "physicalid": "87893", "street_name": "GRACE AVE", "borough": "bronx", "direction": "TW", "total_row_ft": 102.6, "roadbed_ft": 81.6, "median_ft": 0.0, "left_sw_ft": 6.0, "right_sw_ft": 15.0}, "geometry": {"type": "LineString", "coordinates": [[-73.84133848444861, 40.882116290643616], [-73.84104352118804, 40.88220381458291]]}}, {"type": "Feature", "properties": {"segment_id": 1283402, "physicalid": "87894", "street_name": "GRACE AVE", "borough": "bronx", "direction": "TW", "total_row_ft": 57.0, "roadbed_ft": 33.7, "median_ft": 0.0, "left_sw_ft": 10.4, "right_sw_ft": 12.8}, "geometry": {"type": "LineString", "coordinates": [[-73.84021465731622, 40.879985651433586], [-73.84002519627403, 40.88004693345712]]}}, {"type": "Feature", "properties": {"segment_id": 1283403, "physicalid": "87894", "street_name": "GRACE AVE", "borough": "bronx", "direction": "TW", "total_row_ft": 57.5, "roadbed_ft": 33.5, "median_ft": 0.0, "left_sw_ft": 11.1, "right_sw_ft": 12.9}, "geometry": {"type": "LineString", "coordinates": [[-73.84024502197687, 40.88003550052382], [-73.84005367785868, 40.880097391647126]]}}, {"type": "Feature", "properties": {"segment_id": 1283404, "physicalid": "87894", "street_name": "GRACE AVE", "borough": "bronx", "direction": "TW", "total_row_ft": 58.2, "roadbed_ft": 33.2, "median_ft": 0.0, "left_sw_ft": 11.9, "right_sw_ft": 13.1}, "geometry": {"type": "LineString", "coordinates": [[-73.84027563623579, 40.880085268886354], [-73.84008189917554, 40.88014793402814]]}}, {"type": "Feature", "properties": {"segment_id": 1283405, "physicalid": "87894", "street_name": "GRACE AVE", "borough": "bronx", "direction": "TW", "total_row_ft": 58.3, "roadbed_ft": 33.3, "median_ft": 0.0, "left_sw_ft": 11.9, "right_sw_ft": 13.1}, "geometry": {"type": "LineString", "coordinates": [[-73.84030352745575, 40.88013591803785], [-73.8401097393728, 40.880198599690104]]}}, {"type": "Feature", "properties": {"segment_id": 1283406, "physicalid": "87894", "street_name": "GRACE AVE", "borough": "bronx", "direction": "TW", "total_row_ft": 58.2, "roadbed_ft": 33.7, "median_ft": 0.0, "left_sw_ft": 11.8, "right_sw_ft": 12.7}, "geometry": {"type": "LineString", "coordinates": [[-73.84033107865218, 40.880186677178465], [-73.84013757961249, 40.88024926534487]]}}, {"type": "Feature", "properties": {"segment_id": 1283407, "physicalid": "87894", "street_name": "GRACE AVE", "borough": "bronx", "direction": "TW", "total_row_ft": 58.1, "roadbed_ft": 34.1, "median_ft": 0.0, "left_sw_ft": 11.6, "right_sw_ft": 12.4}, "geometry": {"type": "LineString", "coordinates": [[-73.84035873191401, 40.88023740331199], [-73.84016541989462, 40.88029993099249]]}}, {"type": "Feature", "properties": {"segment_id": 1283408, "physicalid": "87894", "street_name": "GRACE AVE", "borough": "bronx", "direction": "TW", "total_row_ft": 58.1, "roadbed_ft": 34.6, "median_ft": 0.0, "left_sw_ft": 11.5, "right_sw_ft": 12.0}, "geometry": {"type": "LineString", "coordinates": [[-73.84038645787416, 40.88028810593737], [-73.84019315177174, 40.88035063171061]]}}, {"type": "Feature", "properties": {"segment_id": 1283409, "physicalid": "87894", "street_name": "GRACE AVE", "borough": "bronx", "direction": "TW", "total_row_ft": 58.1, "roadbed_ft": 34.9, "median_ft": 0.0, "left_sw_ft": 11.3, "right_sw_ft": 12.0}, "geometry": {"type": "LineString", "coordinates": [[-73.84041418425882, 40.88033880843199], [-73.8402208357376, 40.88040134793235]]}}, {"type": "Feature", "properties": {"segment_id": 1283410, "physicalid": "87894", "street_name": "GRACE AVE", "borough": "bronx", "direction": "TW", "total_row_ft": 58.6, "roadbed_ft": 35.1, "median_ft": 0.0, "left_sw_ft": 11.6, "right_sw_ft": 12.0}, "geometry": {"type": "LineString", "coordinates": [[-73.84044344763596, 40.8803890137838], [-73.84024851941763, 40.880452064253106]]}}, {"type": "Feature", "properties": {"segment_id": 1283411, "physicalid": "87894", "street_name": "GRACE AVE", "borough": "bronx", "direction": "TW", "total_row_ft": 59.1, "roadbed_ft": 35.3, "median_ft": 0.0, "left_sw_ft": 11.9, "right_sw_ft": 11.9}, "geometry": {"type": "LineString", "coordinates": [[-73.8404728551786, 40.88043917251082], [-73.84027620312733, 40.88050278057077]]}}, {"type": "Feature", "properties": {"segment_id": 1283412, "physicalid": "87894", "street_name": "GRACE AVE", "borough": "bronx", "direction": "TW", "total_row_ft": 120.0, "roadbed_ft": 38.2, "median_ft": 0.0, "left_sw_ft": 40.7, "right_sw_ft": 41.0}, "geometry": {"type": "LineString", "coordinates": [[-73.84060445028273, 40.88045627799555], [-73.84020524102235, 40.88058540419338]]}}, {"type": "Feature", "properties": {"segment_id": 1283413, "physicalid": "87894", "street_name": "GRACE AVE", "borough": "bronx", "direction": "TW", "total_row_ft": 150.0, "roadbed_ft": 120.0, "median_ft": 0.0, "left_sw_ft": 15.0, "right_sw_ft": 15.0}, "geometry": {"type": "LineString", "coordinates": [[-73.84063280529979, 40.880506777176954], [-73.84023359579125, 40.880635903471656]]}}, {"type": "Feature", "properties": {"segment_id": 1283572, "physicalid": "87902", "street_name": "SCHIEFFELIN AVE", "borough": "bronx", "direction": "TW", "total_row_ft": 135.0, "roadbed_ft": 99.8, "median_ft": 0.0, "left_sw_ft": 20.2, "right_sw_ft": 15.0}, "geometry": {"type": "LineString", "coordinates": [[-73.84618278074518, 40.883045941178125], [-73.8458740922351, 40.88281444307116]]}}, {"type": "Feature", "properties": {"segment_id": 1283573, "physicalid": "87902", "street_name": "SCHIEFFELIN AVE", "borough": "bronx", "direction": "TW", "total_row_ft": 82.3, "roadbed_ft": 53.5, "median_ft": 0.0, "left_sw_ft": 14.7, "right_sw_ft": 14.1}, "geometry": {"type": "LineString", "coordinates": [[-73.84610249149048, 40.88306290098045], [-73.84589075233656, 40.88290410870834]]}}, {"type": "Feature", "properties": {"segment_id": 1283574, "physicalid": "87902", "street_name": "SCHIEFFELIN AVE", "borough": "bronx", "direction": "TW", "total_row_ft": 88.2, "roadbed_ft": 49.9, "median_ft": 0.0, "left_sw_ft": 14.5, "right_sw_ft": 23.8}, "geometry": {"type": "LineString", "coordinates": [[-73.84604943404081, 40.88310028267221], [-73.84577241898805, 40.88289253683851]]}}, {"type": "Feature", "properties": {"segment_id": 1283575, "physicalid": "87902", "street_name": "SCHIEFFELIN AVE", "borough": "bronx", "direction": "TW", "total_row_ft": 80.6, "roadbed_ft": 50.0, "median_ft": 0.0, "left_sw_ft": 14.2, "right_sw_ft": 16.4}, "geometry": {"type": "LineString", "coordinates": [[-73.84599637653147, 40.88313766433929], [-73.84578895927743, 40.882982113057004]]}}, {"type": "Feature", "properties": {"segment_id": 1283576, "physicalid": "87902", "street_name": "SCHIEFFELIN AVE", "borough": "bronx", "direction": "TW", "total_row_ft": 80.4, "roadbed_ft": 50.0, "median_ft": 0.0, "left_sw_ft": 14.0, "right_sw_ft": 16.4}, "geometry": {"type": "LineString", "coordinates": [[-73.84594331913003, 40.88317504610745], [-73.84573647562397, 40.88301992500576]]}}, {"type": "Feature", "properties": {"segment_id": 1283577, "physicalid": "87902", "street_name": "SCHIEFFELIN AVE", "borough": "bronx", "direction": "TW", "total_row_ft": 80.3, "roadbed_ft": 50.1, "median_ft": 0.0, "left_sw_ft": 13.8, "right_sw_ft": 16.4}, "geometry": {"type": "LineString", "coordinates": [[-73.84589028010252, 40.88321244157413], [-73.84568383900351, 40.883057622336565]]}}, {"type": "Feature", "properties": {"segment_id": 1283578, "physicalid": "87902", "street_name": "SCHIEFFELIN AVE", "borough": "bronx", "direction": "TW", "total_row_ft": 80.2, "roadbed_ft": 50.1, "median_ft": 0.0, "left_sw_ft": 13.6, "right_sw_ft": 16.5}, "geometry": {"type": "LineString", "coordinates": [[-73.84583734386113, 40.88324991461647], [-73.84563101968169, 40.883095182295186]]}}, {"type": "Feature", "properties": {"segment_id": 1283579, "physicalid": "87902", "street_name": "SCHIEFFELIN AVE", "borough": "bronx", "direction": "TW", "total_row_ft": 80.2, "roadbed_ft": 50.2, "median_ft": 0.0, "left_sw_ft": 13.4, "right_sw_ft": 16.6}, "geometry": {"type": "LineString", "coordinates": [[-73.8457844080439, 40.883287387621195], [-73.845578008787, 40.8831325988968]]}}, {"type": "Feature", "properties": {"segment_id": 1283580, "physicalid": "87902", "street_name": "SCHIEFFELIN AVE", "borough": "bronx", "direction": "TW", "total_row_ft": 80.1, "roadbed_ft": 50.3, "median_ft": 0.0, "left_sw_ft": 13.2, "right_sw_ft": 16.7}, "geometry": {"type": "LineString", "coordinates": [[-73.84573147228933, 40.883324860577304], [-73.84552529958785, 40.883170241877316]]}}, {"type": "Feature", "properties": {"segment_id": 1283581, "physicalid": "87902", "street_name": "SCHIEFFELIN AVE", "borough": "bronx", "direction": "TW", "total_row_ft": 80.0, "roadbed_ft": 50.2, "median_ft": 0.0, "left_sw_ft": 13.2, "right_sw_ft": 16.6}, "geometry": {"type": "LineString", "coordinates": [[-73.84567853639412, 40.88336233356622], [-73.84547283917082, 40.88320807135273]]}}, {"type": "Feature", "properties": {"segment_id": 1283582, "physicalid": "87902", "street_name": "SCHIEFFELIN AVE", "borough": "bronx", "direction": "TW", "total_row_ft": 79.8, "roadbed_ft": 50.2, "median_ft": 0.0, "left_sw_ft": 13.2, "right_sw_ft": 16.5}, "geometry": {"type": "LineString", "coordinates": [[-73.84562560043922, 40.8833998065306], [-73.84542029043747, 40.883245834615884]]}}, {"type": "Feature", "properties": {"segment_id": 1283583, "physicalid": "87902", "street_name": "SCHIEFFELIN AVE", "borough": "bronx", "direction": "TW", "total_row_ft": 79.7, "roadbed_ft": 50.1, "median_ft": 0.0, "left_sw_ft": 13.2, "right_sw_ft": 16.4}, "geometry": {"type": "LineString", "coordinates": [[-73.84557266442465, 40.88343727947042], [-73.8453676621412, 40.88328353823129]]}}, {"type": "Feature", "properties": {"segment_id": 1283584, "physicalid": "87902", "street_name": "SCHIEFFELIN AVE", "borough": "bronx", "direction": "TW", "total_row_ft": 81.8, "roadbed_ft": 50.0, "median_ft": 0.0, "left_sw_ft": 15.4, "right_sw_ft": 16.4}, "geometry": {"type": "LineString", "coordinates": [[-73.84557273552181, 40.883514504905925], [-73.84531497078417, 40.88332119457463]]}}, {"type": "Feature", "properties": {"segment_id": 1283585, "physicalid": "87902", "street_name": "SCHIEFFELIN AVE", "borough": "bronx", "direction": "TW", "total_row_ft": 77.8, "roadbed_ft": 50.0, "median_ft": 0.0, "left_sw_ft": 11.4, "right_sw_ft": 16.4}, "geometry": {"type": "LineString", "coordinates": [[-73.84546224157639, 40.88350881253627], [-73.8452622136097, 40.88335880157848]]}}, {"type": "Feature", "properties": {"segment_id": 1283586, "physicalid": "87903", "street_name": "SCHIEFFELIN AVE", "borough": "bronx", "direction": "TW", "total_row_ft": 150.0, "roadbed_ft": 120.0, "median_ft": 0.0, "left_sw_ft": 15.0, "right_sw_ft": 15.0}, "geometry": {"type": "LineString", "coordinates": [[-73.84673890897238, 40.88232721852652], [-73.84636034345858, 40.8821661991562]]}}, {"type": "Feature", "properties": {"segment_id": 1283587, "physicalid": "87903", "street_name": "SCHIEFFELIN AVE", "borough": "bronx", "direction": "TW", "total_row_ft": 71.9, "roadbed_ft": 42.9, "median_ft": 0.0, "left_sw_ft": 17.6, "right_sw_ft": 11.3}, "geometry": {"type": "LineString", "coordinates": [[-73.84663671250425, 40.88234667666535], [-73.84640999372581, 40.882250243919856]]}}, {"type": "Feature", "properties": {"segment_id": 1283588, "physicalid": "87903", "street_name": "SCHIEFFELIN AVE", "borough": "bronx", "direction": "TW", "total_row_ft": 66.8, "roadbed_ft": 43.2, "median_ft": 0.0, "left_sw_ft": 12.8, "right_sw_ft": 10.8}, "geometry": {"type": "LineString", "coordinates": [[-73.84658565071891, 40.88238788435834], [-73.84637497983405, 40.88229827739429]]}}, {"type": "Feature", "properties": {"segment_id": 1283589, "physicalid": "87903", "street_name": "SCHIEFFELIN AVE", "borough": "bronx", "direction": "TW", "total_row_ft": 66.6, "roadbed_ft": 43.7, "median_ft": 0.0, "left_sw_ft": 12.6, "right_sw_ft": 10.2}, "geometry": {"type": "LineString", "coordinates": [[-73.84655018343867, 40.88243572501761], [-73.84633996653575, 40.88234631113165]]}}, {"type": "Feature", "properties": {"segment_id": 1283590, "physicalid": "87903", "street_name": "SCHIEFFELIN AVE", "borough": "bronx", "direction": "TW", "total_row_ft": 66.5, "roadbed_ft": 44.6, "median_ft": 0.0, "left_sw_ft": 12.2, "right_sw_ft": 9.7}, "geometry": {"type": "LineString", "coordinates": [[-73.84651471610738, 40.88248356566557], [-73.84630495318687, 40.88239434485795]]}}, {"type": "Feature", "properties": {"segment_id": 1283591, "physicalid": "87903", "street_name": "SCHIEFFELIN AVE", "borough": "bronx", "direction": "TW", "total_row_ft": 66.4, "roadbed_ft": 45.4, "median_ft": 0.0, "left_sw_ft": 11.9, "right_sw_ft": 9.2}, "geometry": {"type": "LineString", "coordinates": [[-73.84647950984257, 40.882531517365926], [-73.84626993978743, 40.88244237857318]]}}, {"type": "Feature", "properties": {"segment_id": 1283592, "physicalid": "87903", "street_name": "SCHIEFFELIN AVE", "borough": "bronx", "direction": "TW", "total_row_ft": 69.2, "roadbed_ft": 45.4, "median_ft": 0.0, "left_sw_ft": 11.8, "right_sw_ft": 12.0}, "geometry": {"type": "LineString", "coordinates": [[-73.84644528970229, 40.88257988851474], [-73.84622698216508, 40.88248703328017]]}}, {"type": "Feature", "properties": {"segment_id": 1283593, "physicalid": "87903", "street_name": "SCHIEFFELIN AVE", "borough": "bronx", "direction": "TW", "total_row_ft": 72.6, "roadbed_ft": 44.8, "median_ft": 0.0, "left_sw_ft": 12.1, "right_sw_ft": 15.6}, "geometry": {"type": "LineString", "coordinates": [[-73.84641034491389, 40.882627951452406], [-73.8461814247803, 40.88253058220417]]}}, {"type": "Feature", "properties": {"segment_id": 1283594, "physicalid": "87903", "street_name": "SCHIEFFELIN AVE", "borough": "bronx", "direction": "TW", "total_row_ft": 72.5, "roadbed_ft": 44.2, "median_ft": 0.0, "left_sw_ft": 12.4, "right_sw_ft": 15.9}, "geometry": {"type": "LineString", "coordinates": [[-73.84637514917708, 40.882675907662126], [-73.84614656075493, 40.882578679484496]]}}, {"type": "Feature", "properties": {"segment_id": 1283595, "physicalid": "87903", "street_name": "SCHIEFFELIN AVE", "borough": "bronx", "direction": "TW", "total_row_ft": 72.3, "roadbed_ft": 43.8, "median_ft": 0.0, "left_sw_ft": 12.7, "right_sw_ft": 15.7}, "geometry": {"type": "LineString", "coordinates": [[-73.84633995342304, 40.88272386387494], [-73.84611201831443, 40.88262691355931]]}}, {"type": "Feature", "properties": {"segment_id": 1283596, "physicalid": "87903", "street_name": "SCHIEFFELIN AVE", "borough": "bronx", "direction": "TW", "total_row_ft": 72.0, "roadbed_ft": 43.7, "median_ft": 0.0, "left_sw_ft": 13.0, "right_sw_ft": 15.3}, "geometry": {"type": "LineString", "coordinates": [[-73.84630475779909, 40.88277182015357], [-73.84607747571093, 40.88267514757535]]}}, {"type": "Feature", "properties": {"segment_id": 1283597, "physicalid": "87903", "street_name": "SCHIEFFELIN AVE", "borough": "bronx", "direction": "TW", "total_row_ft": 71.8, "roadbed_ft": 43.5, "median_ft": 0.0, "left_sw_ft": 13.4, "right_sw_ft": 15.0}, "geometry": {"type": "LineString", "coordinates": [[-73.84626956212436, 40.88281977642103], [-73.84604293305243, 40.88272338157852]]}}, {"type": "Feature", "properties": {"segment_id": 1283598, "physicalid": "87903", "street_name": "SCHIEFFELIN AVE", "borough": "bronx", "direction": "TW", "total_row_ft": 120.0, "roadbed_ft": 44.2, "median_ft": 0.0, "left_sw_ft": 38.5, "right_sw_ft": 37.3}, "geometry": {"type": "LineString", "coordinates": [[-73.84631459561271, 40.882901857357666], [-73.84593602785449, 40.88274083661262]]}}, {"type": "Feature", "properties": {"segment_id": 1283599, "physicalid": "87904", "street_name": "SCHIEFFELIN AVE", "borough": "bronx", "direction": "TW", "total_row_ft": 150.0, "roadbed_ft": 120.0, "median_ft": 0.0, "left_sw_ft": 15.0, "right_sw_ft": 15.0}, "geometry": {"type": "LineString", "coordinates": [[-73.84719683364868, 40.881705810164284], [-73.8468180793754, 40.88154505148085]]}}, {"type": "Feature", "properties": {"segment_id": 1283600, "physicalid": "87904", "street_name": "SCHIEFFELIN AVE", "borough": "bronx", "direction": "TW", "total_row_ft": 63.0, "roadbed_ft": 41.9, "median_ft": 0.0, "left_sw_ft": 11.4, "right_sw_ft": 9.8}, "geometry": {"type": "LineString", "coordinates": [[-73.84706559409307, 40.881713001341105], [-73.84686659125904, 40.88162853642747]]}}, {"type": "Feature", "properties": {"segment_id": 1283601, "physicalid": "87904", "street_name": "SCHIEFFELIN AVE", "borough": "bronx", "direction": "TW", "total_row_ft": 62.2, "roadbed_ft": 42.1, "median_ft": 0.0, "left_sw_ft": 10.7, "right_sw_ft": 9.4}, "geometry": {"type": "LineString", "coordinates": [[-73.84702939624823, 40.881760531896624], [-73.8468330057235, 40.881677175736606]]}}, {"type": "Feature", "properties": {"segment_id": 1283602, "physicalid": "87904", "street_name": "SCHIEFFELIN AVE", "borough": "bronx", "direction": "TW", "total_row_ft": 62.3, "roadbed_ft": 42.4, "median_ft": 0.0, "left_sw_ft": 10.0, "right_sw_ft": 10.0}, "geometry": {"type": "LineString", "coordinates": [[-73.84699319857846, 40.88180806253665], [-73.8467966165985, 40.88172462509439]]}}, {"type": "Feature", "properties": {"segment_id": 1283603, "physicalid": "87904", "street_name": "SCHIEFFELIN AVE", "borough": "bronx", "direction": "TW", "total_row_ft": 62.3, "roadbed_ft": 42.6, "median_ft": 0.0, "left_sw_ft": 9.2, "right_sw_ft": 10.5}, "geometry": {"type": "LineString", "coordinates": [[-73.84695700092101, 40.8818555931921], [-73.84676022742154, 40.88177207444027]]}}, {"type": "Feature", "properties": {"segment_id": 1283604, "physicalid": "87904", "street_name": "SCHIEFFELIN AVE", "borough": "bronx", "direction": "TW", "total_row_ft": 58.6, "roadbed_ft": 42.5, "median_ft": 0.0, "left_sw_ft": 8.9, "right_sw_ft": 7.3}, "geometry": {"type": "LineString", "coordinates": [[-73.84692080321177, 40.88190312383579], [-73.84673568771436, 40.88182455321452]]}}, {"type": "Feature", "properties": {"segment_id": 1283605, "physicalid": "87904", "street_name": "SCHIEFFELIN AVE", "borough": "bronx", "direction": "TW", "total_row_ft": 58.7, "roadbed_ft": 42.1, "median_ft": 0.0, "left_sw_ft": 8.7, "right_sw_ft": 7.9}, "geometry": {"type": "LineString", "coordinates": [[-73.8468846054508, 40.881950654467715], [-73.84669929849377, 40.88187200256348]]}}, {"type": "Feature", "properties": {"segment_id": 1283606, "physicalid": "87904", "street_name": "SCHIEFFELIN AVE", "borough": "bronx", "direction": "TW", "total_row_ft": 58.8, "roadbed_ft": 42.5, "median_ft": 0.0, "left_sw_ft": 7.9, "right_sw_ft": 8.4}, "geometry": {"type": "LineString", "coordinates": [[-73.84684840763806, 40.88199818508786], [-73.84666290922122, 40.88191945190058]]}}, {"type": "Feature", "properties": {"segment_id": 1283607, "physicalid": "87904", "street_name": "SCHIEFFELIN AVE", "borough": "bronx", "direction": "TW", "total_row_ft": 59.2, "roadbed_ft": 42.6, "median_ft": 0.0, "left_sw_ft": 7.4, "right_sw_ft": 9.1}, "geometry": {"type": "LineString", "coordinates": [[-73.84681342723033, 40.88204623243368], [-73.84662651989676, 40.88196690122575]]}}, {"type": "Feature", "properties": {"segment_id": 1283608, "physicalid": "87904", "street_name": "SCHIEFFELIN AVE", "borough": "bronx", "direction": "TW", "total_row_ft": 63.5, "roadbed_ft": 42.4, "median_ft": 0.0, "left_sw_ft": 7.0, "right_sw_ft": 14.0}, "geometry": {"type": "LineString", "coordinates": [[-73.84677858719398, 40.88209433936918], [-73.84657828078805, 40.88200932100438]]}}, {"type": "Feature", "properties": {"segment_id": 1283609, "physicalid": "87904", "street_name": "SCHIEFFELIN AVE", "borough": "bronx", "direction": "TW", "total_row_ft": 68.1, "roadbed_ft": 42.3, "median_ft": 0.0, "left_sw_ft": 6.6, "right_sw_ft": 19.2}, "geometry": {"type": "LineString", "coordinates": [[-73.84674374710723, 40.88214244629375], [-73.84652872875994, 40.88205118352884]]}}, {"type": "Feature", "properties": {"segment_id": 1283610, "physicalid": "87904", "street_name": "SCHIEFFELIN AVE", "borough": "bronx", "direction": "TW", "total_row_ft": 90.5, "roadbed_ft": 42.8, "median_ft": 0.0, "left_sw_ft": 8.2, "right_sw_ft": 39.5}, "geometry": {"type": "LineString", "coordinates": [[-73.84671533223762, 40.88219328034976], [-73.84642975706275, 40.882072070180286]]}}, {"type": "Feature", "properties": {"segment_id": 1283611, "physicalid": "87906", "street_name": "SCHIEFFELIN AVE", "borough": "bronx", "direction": "TW", "total_row_ft": 91.3, "roadbed_ft": 50.1, "median_ft": 0.0, "left_sw_ft": 24.8, "right_sw_ft": 16.4}, "geometry": {"type": "LineString", "coordinates": [[-73.84539095466002, 40.88361053432415], [-73.84516440718814, 40.88342817757323]]}}, {"type": "Feature", "properties": {"segment_id": 1311875, "physicalid": "89600", "street_name": "GRENADA PL", "borough": "bronx", "direction": "TW", "total_row_ft": 96.6, "roadbed_ft": 53.9, "median_ft": 0.0, "left_sw_ft": 25.5, "right_sw_ft": 17.1}, "geometry": {"type": "LineString", "coordinates": [[-73.84574153486982, 40.888037813345264], [-73.84566937465267, 40.88776333225962]]}}, {"type": "Feature", "properties": {"segment_id": 1311876, "physicalid": "89600", "street_name": "GRENADA PL", "borough": "bronx", "direction": "TW", "total_row_ft": 117.0, "roadbed_ft": 84.9, "median_ft": 0.0, "left_sw_ft": 15.0, "right_sw_ft": 17.1}, "geometry": {"type": "LineString", "coordinates": [[-73.84567059983293, 40.88804855369794], [-73.84559844861946, 40.8877741057472]]}}, {"type": "Feature", "properties": {"segment_id": 1311877, "physicalid": "89600", "street_name": "GRENADA PL", "borough": "bronx", "direction": "TW", "total_row_ft": 117.0, "roadbed_ft": 69.5, "median_ft": 15.4, "left_sw_ft": 15.0, "right_sw_ft": 17.1}, "geometry": {"type": "LineString", "coordinates": [[-73.84559966477306, 40.888059294007], [-73.84552752256332, 40.88778487919116]]}}, {"type": "Feature", "properties": {"segment_id": 1311878, "physicalid": "89600", "street_name": "GRENADA PL", "borough": "bronx", "direction": "TW", "total_row_ft": 116.9, "roadbed_ft": 84.9, "median_ft": 0.0, "left_sw_ft": 15.0, "right_sw_ft": 17.1}, "geometry": {"type": "LineString", "coordinates": [[-73.8455287296903, 40.88807003427244], [-73.84545659648414, 40.88779565259153]]}}, {"type": "Feature", "properties": {"segment_id": 1311879, "physicalid": "89600", "street_name": "GRENADA PL", "borough": "bronx", "direction": "TW", "total_row_ft": 101.9, "roadbed_ft": 77.2, "median_ft": 0.0, "left_sw_ft": 7.7, "right_sw_ft": 17.1}, "geometry": {"type": "LineString", "coordinates": [[-73.84545779458462, 40.88808077449428], [-73.84538567038199, 40.88780642594831]]}}, {"type": "Feature", "properties": {"segment_id": 1311880, "physicalid": "89600", "street_name": "GRENADA PL", "borough": "bronx", "direction": "TW", "total_row_ft": 91.5, "roadbed_ft": 63.6, "median_ft": 0.0, "left_sw_ft": 10.8, "right_sw_ft": 17.1}, "geometry": {"type": "LineString", "coordinates": [[-73.84537945162457, 40.88806333649879], [-73.84531472581962, 40.88781712912873]]}}, {"type": "Feature", "properties": {"segment_id": 1311881, "physicalid": "89601", "street_name": "GRENADA PL", "borough": "bronx", "direction": "TW", "total_row_ft": 75.2, "roadbed_ft": 47.3, "median_ft": 0.0, "left_sw_ft": 10.9, "right_sw_ft": 17.1}, "geometry": {"type": "LineString", "coordinates": [[-73.845225521822, 40.888041121382315], [-73.84517310685372, 40.887838493421285]]}}, {"type": "Feature", "properties": {"segment_id": 1311882, "physicalid": "89601", "street_name": "GRENADA PL", "borough": "bronx", "direction": "TW", "total_row_ft": 75.2, "roadbed_ft": 47.6, "median_ft": 0.0, "left_sw_ft": 10.5, "right_sw_ft": 17.1}, "geometry": {"type": "LineString", "coordinates": [[-73.84515454693893, 40.88805170906362], [-73.84510216189105, 40.88784919593519]]}}, {"type": "Feature", "properties": {"segment_id": 1311883, "physicalid": "89601", "street_name": "GRENADA PL", "borough": "bronx", "direction": "TW", "total_row_ft": 75.1, "roadbed_ft": 47.9, "median_ft": 0.0, "left_sw_ft": 10.2, "right_sw_ft": 17.1}, "geometry": {"type": "LineString", "coordinates": [[-73.84508357207599, 40.888062296866565], [-73.84503121690555, 40.887859898405445]]}}, {"type": "Feature", "properties": {"segment_id": 1311884, "physicalid": "89601", "street_name": "GRENADA PL", "borough": "bronx", "direction": "TW", "total_row_ft": 75.1, "roadbed_ft": 48.3, "median_ft": 0.0, "left_sw_ft": 9.8, "right_sw_ft": 17.0}, "geometry": {"type": "LineString", "coordinates": [[-73.84501259719742, 40.888072884652736], [-73.84496027194034, 40.887870600998774]]}}, {"type": "Feature", "properties": {"segment_id": 1311885, "physicalid": "89601", "street_name": "GRENADA PL", "borough": "bronx", "direction": "TW", "total_row_ft": 74.9, "roadbed_ft": 48.7, "median_ft": 0.0, "left_sw_ft": 9.5, "right_sw_ft": 16.7}, "geometry": {"type": "LineString", "coordinates": [[-73.84494162231594, 40.88808347247149], [-73.84488943279872, 40.88788171274209]]}}, {"type": "Feature", "properties": {"segment_id": 1311886, "physicalid": "89601", "street_name": "GRENADA PL", "borough": "bronx", "direction": "TW", "total_row_ft": 74.6, "roadbed_ft": 49.2, "median_ft": 0.0, "left_sw_ft": 9.2, "right_sw_ft": 16.2}, "geometry": {"type": "LineString", "coordinates": [[-73.84487064743459, 40.88809406033441], [-73.84481866770373, 40.88789311079293]]}}, {"type": "Feature", "properties": {"segment_id": 1311887, "physicalid": "89601", "street_name": "GRENADA PL", "borough": "bronx", "direction": "TW", "total_row_ft": 74.3, "roadbed_ft": 49.6, "median_ft": 0.0, "left_sw_ft": 8.8, "right_sw_ft": 15.8}, "geometry": {"type": "LineString", "coordinates": [[-73.84479967253064, 40.888104648153686], [-73.8447479431171, 40.887904665497246]]}}, {"type": "Feature", "properties": {"segment_id": 1311888, "physicalid": "89602", "street_name": "GRENADA PL", "borough": "bronx", "direction": "TW", "total_row_ft": 99.6, "roadbed_ft": 57.3, "median_ft": 0.0, "left_sw_ft": 28.1, "right_sw_ft": 14.1}, "geometry": {"type": "LineString", "coordinates": [[-73.84464341262462, 40.888202648553], [-73.84457269842991, 40.887934726428455]]}}, {"type": "Feature", "properties": {"segment_id": 1311889, "physicalid": "89602", "street_name": "GRENADA PL", "borough": "bronx", "direction": "TW", "total_row_ft": 75.2, "roadbed_ft": 50.7, "median_ft": 0.0, "left_sw_ft": 10.5, "right_sw_ft": 13.9}, "geometry": {"type": "LineString", "coordinates": [[-73.84455518297567, 40.888147863720874], [-73.8445017841441, 40.887945545067105]]}}, {"type": "Feature", "properties": {"segment_id": 1311890, "physicalid": "89602", "street_name": "GRENADA PL", "borough": "bronx", "direction": "TW", "total_row_ft": 75.8, "roadbed_ft": 50.7, "median_ft": 0.0, "left_sw_ft": 10.8, "right_sw_ft": 14.3}, "geometry": {"type": "LineString", "coordinates": [[-73.84448437911435, 40.88815910159969], [-73.844430534855, 40.88795509447276]]}}, {"type": "Feature", "properties": {"segment_id": 1311891, "physicalid": "89602", "street_name": "GRENADA PL", "borough": "bronx", "direction": "TW", "total_row_ft": 76.4, "roadbed_ft": 50.5, "median_ft": 0.0, "left_sw_ft": 11.0, "right_sw_ft": 14.9}, "geometry": {"type": "LineString", "coordinates": [[-73.84441357327563, 40.88817033203362], [-73.84435928554542, 40.8879646438344]]}}, {"type": "Feature", "properties": {"segment_id": 1311892, "physicalid": "89602", "street_name": "GRENADA PL", "borough": "bronx", "direction": "TW", "total_row_ft": 76.8, "roadbed_ft": 50.3, "median_ft": 0.0, "left_sw_ft": 11.0, "right_sw_ft": 15.5}, "geometry": {"type": "LineString", "coordinates": [[-73.84434260887005, 40.88818096333845], [-73.84428803668307, 40.88797419308938]]}}, {"type": "Feature", "properties": {"segment_id": 1311893, "physicalid": "89602", "street_name": "GRENADA PL", "borough": "bronx", "direction": "TW", "total_row_ft": 77.2, "roadbed_ft": 50.1, "median_ft": 0.0, "left_sw_ft": 11.0, "right_sw_ft": 16.1}, "geometry": {"type": "LineString", "coordinates": [[-73.84427164485135, 40.88819159453827], [-73.84421678721318, 40.887983741890324]]}}, {"type": "Feature", "properties": {"segment_id": 1311894, "physicalid": "89602", "street_name": "GRENADA PL", "borough": "bronx", "direction": "TW", "total_row_ft": 79.4, "roadbed_ft": 49.9, "median_ft": 0.0, "left_sw_ft": 11.1, "right_sw_ft": 18.5}, "geometry": {"type": "LineString", "coordinates": [[-73.84420068080993, 40.88820222569445], [-73.84414425230997, 40.887988420250856]]}}, {"type": "Feature", "properties": {"segment_id": 1311895, "physicalid": "89602", "street_name": "GRENADA PL", "borough": "bronx", "direction": "TW", "total_row_ft": 95.8, "roadbed_ft": 49.7, "median_ft": 0.0, "left_sw_ft": 11.1, "right_sw_ft": 35.0}, "geometry": {"type": "LineString", "coordinates": [[-73.84412971674583, 40.88821285680699], [-73.84406170645559, 40.88795516718296]]}}, {"type": "Feature", "properties": {"segment_id": 1311896, "physicalid": "89602", "street_name": "GRENADA PL", "borough": "bronx", "direction": "TW", "total_row_ft": 77.7, "roadbed_ft": 49.5, "median_ft": 0.0, "left_sw_ft": 11.0, "right_sw_ft": 17.2}, "geometry": {"type": "LineString", "coordinates": [[-73.84405869999905, 40.888223284543], [-73.8440035244019, 40.88801423292166]]}}, {"type": "Feature", "properties": {"segment_id": 1311897, "physicalid": "89602", "street_name": "GRENADA PL", "borough": "bronx", "direction": "TW", "total_row_ft": 77.2, "roadbed_ft": 49.3, "median_ft": 0.0, "left_sw_ft": 10.9, "right_sw_ft": 17.0}, "geometry": {"type": "LineString", "coordinates": [[-73.84398763727222, 40.888233545136515], [-73.84393280214725, 40.88802577567892]]}}, {"type": "Feature", "properties": {"segment_id": 1311898, "physicalid": "89602", "street_name": "GRENADA PL", "borough": "bronx", "direction": "TW", "total_row_ft": 76.7, "roadbed_ft": 49.1, "median_ft": 0.0, "left_sw_ft": 10.7, "right_sw_ft": 16.9}, "geometry": {"type": "LineString", "coordinates": [[-73.84391657534374, 40.888243805567825], [-73.84386207890412, 40.88803731855017]]}}, {"type": "Feature", "properties": {"segment_id": 1311899, "physicalid": "89602", "street_name": "GRENADA PL", "borough": "bronx", "direction": "TW", "total_row_ft": 116.2, "roadbed_ft": 84.6, "median_ft": 0.0, "left_sw_ft": 15.0, "right_sw_ft": 16.6}, "geometry": {"type": "LineString", "coordinates": [[-73.8438632415953, 40.888321238103785], [-73.8437913556364, 40.88804886137805]]}}, {"type": "Feature", "properties": {"segment_id": 1311900, "physicalid": "89603", "street_name": "GRENADA PL", "borough": "bronx", "direction": "TW", "total_row_ft": 100.8, "roadbed_ft": 56.7, "median_ft": 0.0, "left_sw_ft": 27.9, "right_sw_ft": 16.2}, "geometry": {"type": "LineString", "coordinates": [[-73.84375544915434, 40.8883376763931], [-73.84368339707764, 40.888066481330355]]}}, {"type": "Feature", "properties": {"segment_id": 1311901, "physicalid": "89603", "street_name": "GRENADA PL", "borough": "bronx", "direction": "TW", "total_row_ft": 73.8, "roadbed_ft": 49.2, "median_ft": 0.0, "left_sw_ft": 8.7, "right_sw_ft": 15.9}, "geometry": {"type": "LineString", "coordinates": [[-73.84366540720394, 40.88827650643152], [-73.84361267622812, 40.8880780236439]]}}, {"type": "Feature", "properties": {"segment_id": 1311902, "physicalid": "89603", "street_name": "GRENADA PL", "borough": "bronx", "direction": "TW", "total_row_ft": 74.4, "roadbed_ft": 49.2, "median_ft": 0.0, "left_sw_ft": 9.5, "right_sw_ft": 15.7}, "geometry": {"type": "LineString", "coordinates": [[-73.84359507566445, 40.88828951874058], [-73.84354188829013, 40.88808931981324]]}}, {"type": "Feature", "properties": {"segment_id": 1311903, "physicalid": "89603", "street_name": "GRENADA PL", "borough": "bronx", "direction": "TW", "total_row_ft": 75.1, "roadbed_ft": 49.2, "median_ft": 0.0, "left_sw_ft": 10.3, "right_sw_ft": 15.6}, "geometry": {"type": "LineString", "coordinates": [[-73.8435247146477, 40.88830242130437], [-73.8434709994645, 40.88810023488321]]}}, {"type": "Feature", "properties": {"segment_id": 1311904, "physicalid": "89603", "street_name": "GRENADA PL", "borough": "bronx", "direction": "TW", "total_row_ft": 75.1, "roadbed_ft": 49.3, "median_ft": 0.0, "left_sw_ft": 10.3, "right_sw_ft": 15.5}, "geometry": {"type": "LineString", "coordinates": [[-73.84345376405662, 40.88831310474109], [-73.84340011061556, 40.88811114990965]]}}, {"type": "Feature", "properties": {"segment_id": 1311905, "physicalid": "89603", "street_name": "GRENADA PL", "borough": "bronx", "direction": "TW", "total_row_ft": 75.0, "roadbed_ft": 49.3, "median_ft": 0.0, "left_sw_ft": 10.2, "right_sw_ft": 15.5}, "geometry": {"type": "LineString", "coordinates": [[-73.8433828134427, 40.88832378813415], [-73.84332922174337, 40.888122064892514]]}}, {"type": "Feature", "properties": {"segment_id": 1311906, "physicalid": "89603", "street_name": "GRENADA PL", "borough": "bronx", "direction": "TW", "total_row_ft": 74.9, "roadbed_ft": 49.3, "median_ft": 0.0, "left_sw_ft": 10.2, "right_sw_ft": 15.4}, "geometry": {"type": "LineString", "coordinates": [[-73.84331183574045, 40.888334369606824], [-73.8432583328479, 40.88813297983183]]}}, {"type": "Feature", "properties": {"segment_id": 1311907, "physicalid": "89603", "street_name": "GRENADA PL", "borough": "bronx", "direction": "TW", "total_row_ft": 74.6, "roadbed_ft": 49.2, "median_ft": 0.0, "left_sw_ft": 10.0, "right_sw_ft": 15.4}, "geometry": {"type": "LineString", "coordinates": [[-73.84324074720305, 40.88834453392678], [-73.8431874503231, 40.88814391879525]]}}, {"type": "Feature", "properties": {"segment_id": 1311908, "physicalid": "89603", "street_name": "GRENADA PL", "borough": "bronx", "direction": "TW", "total_row_ft": 74.2, "roadbed_ft": 49.2, "median_ft": 0.0, "left_sw_ft": 9.8, "right_sw_ft": 15.2}, "geometry": {"type": "LineString", "coordinates": [[-73.84316965928844, 40.88835469811076], [-73.84311664154292, 40.88815513835189]]}}, {"type": "Feature", "properties": {"segment_id": 1311909, "physicalid": "89603", "street_name": "GRENADA PL", "borough": "bronx", "direction": "TW", "total_row_ft": 73.8, "roadbed_ft": 49.2, "median_ft": 0.0, "left_sw_ft": 9.6, "right_sw_ft": 15.0}, "geometry": {"type": "LineString", "coordinates": [[-73.84309856989977, 40.888364862447425], [-73.8430458344672, 40.88816635770125]]}}, {"type": "Feature", "properties": {"segment_id": 1311910, "physicalid": "89603", "street_name": "GRENADA PL", "borough": "bronx", "direction": "TW", "total_row_ft": 73.4, "roadbed_ft": 49.1, "median_ft": 0.0, "left_sw_ft": 9.4, "right_sw_ft": 14.8}, "geometry": {"type": "LineString", "coordinates": [[-73.8430274812277, 40.88837502636992], [-73.84297502642238, 40.88817757715691]]}}, {"type": "Feature", "properties": {"segment_id": 1311911, "physicalid": "89603", "street_name": "GRENADA PL", "borough": "bronx", "direction": "TW", "total_row_ft": 88.5, "roadbed_ft": 54.0, "median_ft": 0.0, "left_sw_ft": 19.8, "right_sw_ft": 14.7}, "geometry": {"type": "LineString", "coordinates": [[-73.84296746561225, 40.888426871298314], [-73.84290421835361, 40.88818879656909]]}}, {"type": "Feature", "properties": {"segment_id": 1311912, "physicalid": "89604", "street_name": "GRENADA PL", "borough": "bronx", "direction": "FT", "total_row_ft": 109.6, "roadbed_ft": 55.9, "median_ft": 0.0, "left_sw_ft": 29.2, "right_sw_ft": 24.4}, "geometry": {"type": "LineString", "coordinates": [[-73.84285222050232, 40.88847654988808], [-73.84276746731376, 40.888182787399515]]}}, {"type": "Feature", "properties": {"segment_id": 1311913, "physicalid": "89604", "street_name": "GRENADA PL", "borough": "bronx", "direction": "FT", "total_row_ft": 79.3, "roadbed_ft": 50.4, "median_ft": 0.0, "left_sw_ft": 13.9, "right_sw_ft": 15.0}, "geometry": {"type": "LineString", "coordinates": [[-73.8427652271637, 40.88843167677549], [-73.84270385484767, 40.88821895369136]]}}, {"type": "Feature", "properties": {"segment_id": 1311914, "physicalid": "89604", "street_name": "GRENADA PL", "borough": "bronx", "direction": "FT", "total_row_ft": 78.9, "roadbed_ft": 50.3, "median_ft": 0.0, "left_sw_ft": 13.5, "right_sw_ft": 15.1}, "geometry": {"type": "LineString", "coordinates": [[-73.84269386903247, 40.88844099658003], [-73.84263281227214, 40.88822936645451]]}}, {"type": "Feature", "properties": {"segment_id": 1311915, "physicalid": "89604", "street_name": "GRENADA PL", "borough": "bronx", "direction": "FT", "total_row_ft": 78.5, "roadbed_ft": 50.1, "median_ft": 0.0, "left_sw_ft": 13.1, "right_sw_ft": 15.3}, "geometry": {"type": "LineString", "coordinates": [[-73.84262251108404, 40.88845031704333], [-73.84256176967435, 40.88823977917394]]}}, {"type": "Feature", "properties": {"segment_id": 1311916, "physicalid": "89604", "street_name": "GRENADA PL", "borough": "bronx", "direction": "FT", "total_row_ft": 78.1, "roadbed_ft": 50.0, "median_ft": 0.0, "left_sw_ft": 12.7, "right_sw_ft": 15.5}, "geometry": {"type": "LineString", "coordinates": [[-73.84255115311561, 40.888459637462496], [-73.8424907270543, 40.8882501918496]]}}, {"type": "Feature", "properties": {"segment_id": 1311917, "physicalid": "89604", "street_name": "GRENADA PL", "borough": "bronx", "direction": "FT", "total_row_ft": 85.5, "roadbed_ft": 49.8, "median_ft": 0.0, "left_sw_ft": 20.1, "right_sw_ft": 15.5}, "geometry": {"type": "LineString", "coordinates": [[-73.84249892176092, 40.88853525352824], [-73.84241974275626, 40.88826080671273]]}}, {"type": "Feature", "properties": {"segment_id": 1311918, "physicalid": "89604", "street_name": "GRENADA PL", "borough": "bronx", "direction": "FT", "total_row_ft": 97.2, "roadbed_ft": 49.7, "median_ft": 0.0, "left_sw_ft": 31.9, "right_sw_ft": 15.6}, "geometry": {"type": "LineString", "coordinates": [[-73.8424243210402, 40.88853333436386], [-73.84234879370884, 40.88827154379588]]}}, {"type": "Feature", "properties": {"segment_id": 1311919, "physicalid": "89604", "street_name": "GRENADA PL", "borough": "bronx", "direction": "FT", "total_row_ft": 91.9, "roadbed_ft": 49.2, "median_ft": 0.0, "left_sw_ft": 27.1, "right_sw_ft": 15.6}, "geometry": {"type": "LineString", "coordinates": [[-73.84234891588974, 40.88852862684609], [-73.84227784463852, 40.88828228083537]]}}, {"type": "Feature", "properties": {"segment_id": 1311920, "physicalid": "89604", "street_name": "GRENADA PL", "borough": "bronx", "direction": "FT", "total_row_ft": 79.5, "roadbed_ft": 40.2, "median_ft": 0.0, "left_sw_ft": 23.7, "right_sw_ft": 15.6}, "geometry": {"type": "LineString", "coordinates": [[-73.84226837412066, 40.888506114766685], [-73.84220689554525, 40.88829301783126]]}}, {"type": "Feature", "properties": {"segment_id": 1311921, "physicalid": "89604", "street_name": "GRENADA PL", "borough": "bronx", "direction": "FT", "total_row_ft": 65.4, "roadbed_ft": 41.6, "median_ft": 0.0, "left_sw_ft": 8.2, "right_sw_ft": 15.7}, "geometry": {"type": "LineString", "coordinates": [[-73.84218655858172, 40.88847918729628], [-73.84213594642907, 40.888303754783486]]}}, {"type": "Feature", "properties": {"segment_id": 1311922, "physicalid": "89604", "street_name": "GRENADA PL", "borough": "bronx", "direction": "FT", "total_row_ft": 135.0, "roadbed_ft": 89.0, "median_ft": 0.0, "left_sw_ft": 15.0, "right_sw_ft": 31.0}, "geometry": {"type": "LineString", "coordinates": [[-73.84214562239555, 40.88859395608635], [-73.84205280056612, 40.888272214947]]}}, {"type": "Feature", "properties": {"segment_id": 1311923, "physicalid": "89604", "street_name": "GRENADA PL", "borough": "bronx", "direction": "FT", "total_row_ft": 150.0, "roadbed_ft": 120.0, "median_ft": 0.0, "left_sw_ft": 15.0, "right_sw_ft": 15.0}, "geometry": {"type": "LineString", "coordinates": [[-73.8420749624476, 40.888605696468154], [-73.84198214094376, 40.88828395527266]]}}, {"type": "Feature", "properties": {"segment_id": 1397761, "physicalid": "94808", "street_name": "E 230 ST", "borough": "bronx", "direction": "TF", "total_row_ft": 87.3, "roadbed_ft": 33.8, "median_ft": 0.0, "left_sw_ft": 10.7, "right_sw_ft": 42.8}, "geometry": {"type": "LineString", "coordinates": [[-73.84989728544593, 40.888770659501894], [-73.85001955643754, 40.88854977979578]]}}, {"type": "Feature", "properties": {"segment_id": 1397762, "physicalid": "94809", "street_name": "E 230 ST", "borough": "bronx", "direction": "TF", "total_row_ft": 150.0, "roadbed_ft": 120.0, "median_ft": 0.0, "left_sw_ft": 15.0, "right_sw_ft": 15.0}, "geometry": {"type": "LineString", "coordinates": [[-73.84974524371096, 40.888721968212266], [-73.84991527680532, 40.88841893552214]]}}, {"type": "Feature", "properties": {"segment_id": 1397763, "physicalid": "94809", "street_name": "E 230 ST", "borough": "bronx", "direction": "TF", "total_row_ft": 50.5, "roadbed_ft": 33.0, "median_ft": 0.0, "left_sw_ft": 9.4, "right_sw_ft": 8.2}, "geometry": {"type": "LineString", "coordinates": [[-73.84972900983702, 40.888610786710345], [-73.84980053554617, 40.88848331393271]]}}, {"type": "Feature", "properties": {"segment_id": 1397764, "physicalid": "94809", "street_name": "E 230 ST", "borough": "bronx", "direction": "TF", "total_row_ft": 50.7, "roadbed_ft": 33.1, "median_ft": 0.0, "left_sw_ft": 9.5, "right_sw_ft": 8.1}, "geometry": {"type": "LineString", "coordinates": [[-73.84966208078106, 40.88858995379397], [-73.84973399001439, 40.88846179773099]]}}, {"type": "Feature", "properties": {"segment_id": 1397765, "physicalid": "94809", "street_name": "E 230 ST", "borough": "bronx", "direction": "TF", "total_row_ft": 51.0, "roadbed_ft": 33.4, "median_ft": 0.0, "left_sw_ft": 9.6, "right_sw_ft": 8.0}, "geometry": {"type": "LineString", "coordinates": [[-73.84959515185865, 40.88856912067551], [-73.84966744440588, 40.888440281704256]]}}, {"type": "Feature", "properties": {"segment_id": 1397766, "physicalid": "94809", "street_name": "E 230 ST", "borough": "bronx", "direction": "TF", "total_row_ft": 51.3, "roadbed_ft": 33.6, "median_ft": 0.0, "left_sw_ft": 9.8, "right_sw_ft": 7.9}, "geometry": {"type": "LineString", "coordinates": [[-73.84952822301422, 40.888548287453915], [-73.84960089893077, 40.88841876547816]]}}, {"type": "Feature", "properties": {"segment_id": 1397767, "physicalid": "94809", "street_name": "E 230 ST", "borough": "bronx", "direction": "TF", "total_row_ft": 51.6, "roadbed_ft": 33.8, "median_ft": 0.0, "left_sw_ft": 9.9, "right_sw_ft": 7.9}, "geometry": {"type": "LineString", "coordinates": [[-73.84946129422858, 40.88852745416342], [-73.84953435364383, 40.888397248955]]}}, {"type": "Feature", "properties": {"segment_id": 1397768, "physicalid": "94809", "street_name": "E 230 ST", "borough": "bronx", "direction": "TF", "total_row_ft": 51.8, "roadbed_ft": 34.0, "median_ft": 0.0, "left_sw_ft": 10.1, "right_sw_ft": 7.8}, "geometry": {"type": "LineString", "coordinates": [[-73.84939436558834, 40.8885066206497], [-73.84946780838284, 40.88837573242388]]}}, {"type": "Feature", "properties": {"segment_id": 1397769, "physicalid": "94809", "street_name": "E 230 ST", "borough": "bronx", "direction": "TF", "total_row_ft": 52.0, "roadbed_ft": 33.9, "median_ft": 0.0, "left_sw_ft": 10.2, "right_sw_ft": 7.9}, "geometry": {"type": "LineString", "coordinates": [[-73.84932753156373, 40.88848561855051], [-73.84940126315134, 40.88835421587862]]}}, {"type": "Feature", "properties": {"segment_id": 1397770, "physicalid": "94809", "street_name": "E 230 ST", "borough": "bronx", "direction": "TF", "total_row_ft": 52.0, "roadbed_ft": 33.9, "median_ft": 0.0, "left_sw_ft": 10.2, "right_sw_ft": 8.0}, "geometry": {"type": "LineString", "coordinates": [[-73.84926071226855, 40.888464590237454], [-73.8493344631493, 40.88833315341772]]}}, {"type": "Feature", "properties": {"segment_id": 1397771, "physicalid": "94809", "street_name": "E 230 ST", "borough": "bronx", "direction": "TF", "total_row_ft": 52.0, "roadbed_ft": 33.8, "median_ft": 0.0, "left_sw_ft": 10.1, "right_sw_ft": 8.1}, "geometry": {"type": "LineString", "coordinates": [[-73.84919389287816, 40.88844356213064], [-73.84926759916739, 40.888312205016774]]}}, {"type": "Feature", "properties": {"segment_id": 1397772, "physicalid": "94809", "street_name": "E 230 ST", "borough": "bronx", "direction": "TF", "total_row_ft": 52.0, "roadbed_ft": 33.8, "median_ft": 0.0, "left_sw_ft": 10.0, "right_sw_ft": 8.2}, "geometry": {"type": "LineString", "coordinates": [[-73.84912707343103, 40.88842253416149], [-73.84920073509328, 40.88829125681647]]}}, {"type": "Feature", "properties": {"segment_id": 1397773, "physicalid": "94809", "street_name": "E 230 ST", "borough": "bronx", "direction": "TF", "total_row_ft": 52.0, "roadbed_ft": 33.7, "median_ft": 0.0, "left_sw_ft": 9.9, "right_sw_ft": 8.3}, "geometry": {"type": "LineString", "coordinates": [[-73.84906025418636, 40.88840150586814], [-73.84913387099368, 40.88827030869784]]}}, {"type": "Feature", "properties": {"segment_id": 1397774, "physicalid": "94809", "street_name": "E 230 ST", "borough": "bronx", "direction": "TF", "total_row_ft": 51.9, "roadbed_ft": 33.7, "median_ft": 0.0, "left_sw_ft": 9.8, "right_sw_ft": 8.4}, "geometry": {"type": "LineString", "coordinates": [[-73.84899343499096, 40.88838047752352], [-73.84906700703786, 40.8882493603593]]}}, {"type": "Feature", "properties": {"segment_id": 1397775, "physicalid": "94809", "street_name": "E 230 ST", "borough": "bronx", "direction": "TF", "total_row_ft": 51.9, "roadbed_ft": 33.7, "median_ft": 0.0, "left_sw_ft": 9.7, "right_sw_ft": 8.5}, "geometry": {"type": "LineString", "coordinates": [[-73.84892666290492, 40.88835936525943], [-73.84900014326955, 40.888228411722835]]}}, {"type": "Feature", "properties": {"segment_id": 1397776, "physicalid": "94809", "street_name": "E 230 ST", "borough": "bronx", "direction": "TF", "total_row_ft": 51.6, "roadbed_ft": 33.7, "median_ft": 0.0, "left_sw_ft": 9.5, "right_sw_ft": 8.3}, "geometry": {"type": "LineString", "coordinates": [[-73.84886020693727, 40.888337689661846], [-73.84893327942369, 40.88820746326088]]}}, {"type": "Feature", "properties": {"segment_id": 1397777, "physicalid": "94809", "street_name": "E 230 ST", "borough": "bronx", "direction": "TF", "total_row_ft": 51.3, "roadbed_ft": 33.7, "median_ft": 0.0, "left_sw_ft": 9.4, "right_sw_ft": 8.2}, "geometry": {"type": "LineString", "coordinates": [[-73.8487937510214, 40.88831601401087], [-73.84886638822407, 40.88818656358385]]}}, {"type": "Feature", "properties": {"segment_id": 1397778, "physicalid": "94809", "street_name": "E 230 ST", "borough": "bronx", "direction": "TF", "total_row_ft": 51.0, "roadbed_ft": 33.7, "median_ft": 0.0, "left_sw_ft": 9.2, "right_sw_ft": 8.0}, "geometry": {"type": "LineString", "coordinates": [[-73.8487272952033, 40.888294338224554], [-73.84879949638812, 40.88816566507694]]}}, {"type": "Feature", "properties": {"segment_id": 1397779, "physicalid": "94809", "street_name": "E 230 ST", "borough": "bronx", "direction": "TF", "total_row_ft": 50.6, "roadbed_ft": 33.8, "median_ft": 0.0, "left_sw_ft": 9.0, "right_sw_ft": 7.8}, "geometry": {"type": "LineString", "coordinates": [[-73.84866083934105, 40.88827266255584], [-73.84873260463948, 40.88814476645051]]}}, {"type": "Feature", "properties": {"segment_id": 1397780, "physicalid": "94809", "street_name": "E 230 ST", "borough": "bronx", "direction": "TF", "total_row_ft": 50.3, "roadbed_ft": 33.8, "median_ft": 0.0, "left_sw_ft": 8.9, "right_sw_ft": 7.7}, "geometry": {"type": "LineString", "coordinates": [[-73.84859438343688, 40.888250987000674], [-73.84866571303975, 40.88812386759486]]}}, {"type": "Feature", "properties": {"segment_id": 1397781, "physicalid": "94809", "street_name": "E 230 ST", "borough": "bronx", "direction": "TF", "total_row_ft": 50.0, "roadbed_ft": 33.8, "median_ft": 0.0, "left_sw_ft": 8.7, "right_sw_ft": 7.5}, "geometry": {"type": "LineString", "coordinates": [[-73.84852792762744, 40.88822931131555], [-73.84859882146566, 40.88810296872959]]}}, {"type": "Feature", "properties": {"segment_id": 1397782, "physicalid": "94809", "street_name": "E 230 ST", "borough": "bronx", "direction": "TF", "total_row_ft": 49.7, "roadbed_ft": 33.8, "median_ft": 0.0, "left_sw_ft": 8.6, "right_sw_ft": 7.4}, "geometry": {"type": "LineString", "coordinates": [[-73.84846147189043, 40.88820763554025], [-73.84853192984164, 40.88808206998941]]}}, {"type": "Feature", "properties": {"segment_id": 1397783, "physicalid": "94809", "street_name": "E 230 ST", "borough": "bronx", "direction": "TF", "total_row_ft": 53.9, "roadbed_ft": 33.8, "median_ft": 0.0, "left_sw_ft": 12.8, "right_sw_ft": 7.3}, "geometry": {"type": "LineString", "coordinates": [[-73.84839488561312, 40.88818619244335], [-73.84847124932276, 40.888050102255114]]}}, {"type": "Feature", "properties": {"segment_id": 1397784, "physicalid": "94809", "street_name": "E 230 ST", "borough": "bronx", "direction": "TF", "total_row_ft": 54.0, "roadbed_ft": 33.9, "median_ft": 0.0, "left_sw_ft": 12.8, "right_sw_ft": 7.3}, "geometry": {"type": "LineString", "coordinates": [[-73.84832821784325, 40.8881648925544], [-73.84840473330365, 40.88802853632537]]}}, {"type": "Feature", "properties": {"segment_id": 1397785, "physicalid": "94809", "street_name": "E 230 ST", "borough": "bronx", "direction": "TF", "total_row_ft": 54.1, "roadbed_ft": 34.0, "median_ft": 0.0, "left_sw_ft": 12.9, "right_sw_ft": 7.3}, "geometry": {"type": "LineString", "coordinates": [[-73.84826155109326, 40.88814359293905], [-73.84833821641745, 40.8880069698852]]}}, {"type": "Feature", "properties": {"segment_id": 1397786, "physicalid": "94809", "street_name": "E 230 ST", "borough": "bronx", "direction": "TF", "total_row_ft": 54.2, "roadbed_ft": 34.1, "median_ft": 0.0, "left_sw_ft": 12.9, "right_sw_ft": 7.3}, "geometry": {"type": "LineString", "coordinates": [[-73.8481948855846, 40.88812229114914], [-73.84827169960627, 40.887985403349774]]}}, {"type": "Feature", "properties": {"segment_id": 1397787, "physicalid": "94809", "street_name": "E 230 ST", "borough": "bronx", "direction": "TF", "total_row_ft": 80.7, "roadbed_ft": 34.1, "median_ft": 0.0, "left_sw_ft": 39.4, "right_sw_ft": 7.2}, "geometry": {"type": "LineString", "coordinates": [[-73.8481282210707, 40.888100987624114], [-73.84825151600074, 40.88788126778397]]}}, {"type": "Feature", "properties": {"segment_id": 1397788, "physicalid": "94809", "street_name": "E 230 ST", "borough": "bronx", "direction": "TF", "total_row_ft": 87.1, "roadbed_ft": 34.2, "median_ft": 0.0, "left_sw_ft": 45.7, "right_sw_ft": 7.2}, "geometry": {"type": "LineString", "coordinates": [[-73.84806155517941, 40.888079686591134], [-73.84818496631297, 40.8878597600608]]}}, {"type": "Feature", "properties": {"segment_id": 1397789, "physicalid": "94809", "street_name": "E 230 ST", "borough": "bronx", "direction": "TF", "total_row_ft": 54.0, "roadbed_ft": 34.3, "median_ft": 0.0, "left_sw_ft": 12.5, "right_sw_ft": 7.2}, "geometry": {"type": "LineString", "coordinates": [[-73.8479948874441, 40.888058388881895], [-73.8480713566854, 40.88792211623642]]}}, {"type": "Feature", "properties": {"segment_id": 1397790, "physicalid": "94809", "street_name": "E 230 ST", "borough": "bronx", "direction": "TF", "total_row_ft": 53.6, "roadbed_ft": 34.3, "median_ft": 0.0, "left_sw_ft": 12.0, "right_sw_ft": 7.2}, "geometry": {"type": "LineString", "coordinates": [[-73.84792821974553, 40.8880370911447], [-73.8480041672594, 40.887901748491835]]}}, {"type": "Feature", "properties": {"segment_id": 1397791, "physicalid": "94809", "street_name": "E 230 ST", "borough": "bronx", "direction": "TF", "total_row_ft": 53.2, "roadbed_ft": 34.4, "median_ft": 0.0, "left_sw_ft": 11.6, "right_sw_ft": 7.2}, "geometry": {"type": "LineString", "coordinates": [[-73.84786155300895, 40.888015793699374], [-73.84793697698068, 40.887881380437115]]}}, {"type": "Feature", "properties": {"segment_id": 1397792, "physicalid": "94809", "street_name": "E 230 ST", "borough": "bronx", "direction": "TF", "total_row_ft": 57.7, "roadbed_ft": 34.4, "median_ft": 0.0, "left_sw_ft": 11.2, "right_sw_ft": 12.1}, "geometry": {"type": "LineString", "coordinates": [[-73.84778795943917, 40.88800683860496], [-73.84786978770036, 40.88786101253376]]}}, {"type": "Feature", "properties": {"segment_id": 1397793, "physicalid": "94809", "street_name": "E 230 ST", "borough": "bronx", "direction": "TF", "total_row_ft": 57.2, "roadbed_ft": 34.4, "median_ft": 0.0, "left_sw_ft": 10.8, "right_sw_ft": 12.0}, "geometry": {"type": "LineString", "coordinates": [[-73.84772148996375, 40.887985187712495], [-73.84780259860912, 40.8878406443277]]}}, {"type": "Feature", "properties": {"segment_id": 1397794, "physicalid": "94809", "street_name": "E 230 ST", "borough": "bronx", "direction": "TF", "total_row_ft": 56.8, "roadbed_ft": 34.3, "median_ft": 0.0, "left_sw_ft": 10.6, "right_sw_ft": 12.0}, "geometry": {"type": "LineString", "coordinates": [[-73.84765492051959, 40.887963715011956], [-73.84773540963606, 40.887820275945195]]}}, {"type": "Feature", "properties": {"segment_id": 1397795, "physicalid": "94809", "street_name": "E 230 ST", "borough": "bronx", "direction": "TF", "total_row_ft": 56.4, "roadbed_ft": 34.2, "median_ft": 0.0, "left_sw_ft": 10.3, "right_sw_ft": 12.0}, "geometry": {"type": "LineString", "coordinates": [[-73.84758825522285, 40.88794241316706], [-73.84766822046126, 40.887799907956364]]}}, {"type": "Feature", "properties": {"segment_id": 1397796, "physicalid": "94809", "street_name": "E 230 ST", "borough": "bronx", "direction": "TF", "total_row_ft": 107.4, "roadbed_ft": 80.5, "median_ft": 0.0, "left_sw_ft": 15.0, "right_sw_ft": 12.0}, "geometry": {"type": "LineString", "coordinates": [[-73.84752159013112, 40.88792111099432], [-73.84765256658504, 40.887687699299796]]}}, {"type": "Feature", "properties": {"segment_id": 1397797, "physicalid": "94809", "street_name": "E 230 ST", "borough": "bronx", "direction": "TF", "total_row_ft": 56.1, "roadbed_ft": 33.9, "median_ft": 0.0, "left_sw_ft": 10.2, "right_sw_ft": 12.0}, "geometry": {"type": "LineString", "coordinates": [[-73.84745492483269, 40.88789980922759], [-73.84753437802416, 40.88775821703848]]}}, {"type": "Feature", "properties": {"segment_id": 1397798, "physicalid": "94809", "street_name": "E 230 ST", "borough": "bronx", "direction": "TF", "total_row_ft": 56.2, "roadbed_ft": 33.8, "median_ft": 0.0, "left_sw_ft": 10.4, "right_sw_ft": 12.0}, "geometry": {"type": "LineString", "coordinates": [[-73.84738825969963, 40.887878507203645], [-73.8474678740902, 40.8877366279972]]}}, {"type": "Feature", "properties": {"segment_id": 1397799, "physicalid": "94809", "street_name": "E 230 ST", "borough": "bronx", "direction": "TF", "total_row_ft": 56.3, "roadbed_ft": 33.7, "median_ft": 0.0, "left_sw_ft": 10.6, "right_sw_ft": 12.0}, "geometry": {"type": "LineString", "coordinates": [[-73.84732159475878, 40.88785720487472], [-73.84740137002456, 40.887715039229136]]}}, {"type": "Feature", "properties": {"segment_id": 1397800, "physicalid": "94809", "street_name": "E 230 ST", "borough": "bronx", "direction": "TF", "total_row_ft": 56.4, "roadbed_ft": 33.6, "median_ft": 0.0, "left_sw_ft": 10.8, "right_sw_ft": 12.0}, "geometry": {"type": "LineString", "coordinates": [[-73.84725492977192, 40.88783590266536], [-73.84733486595931, 40.88769345049896]]}}, {"type": "Feature", "properties": {"segment_id": 1397801, "physicalid": "94809", "street_name": "E 230 ST", "borough": "bronx", "direction": "TF", "total_row_ft": 56.5, "roadbed_ft": 33.4, "median_ft": 0.0, "left_sw_ft": 11.0, "right_sw_ft": 12.0}, "geometry": {"type": "LineString", "coordinates": [[-73.84718826477379, 40.8878146005136], [-73.84726836193727, 40.88767186173036]]}}, {"type": "Feature", "properties": {"segment_id": 1397802, "physicalid": "94809", "street_name": "E 230 ST", "borough": "bronx", "direction": "TF", "total_row_ft": 120.0, "roadbed_ft": 37.4, "median_ft": 0.0, "left_sw_ft": 45.9, "right_sw_ft": 36.7}, "geometry": {"type": "LineString", "coordinates": [[-73.8470832263707, 40.88786168214766], [-73.84725326968183, 40.88755865342204]]}}, {"type": "Feature", "properties": {"segment_id": 1397803, "physicalid": "94809", "street_name": "E 230 ST", "borough": "bronx", "direction": "TF", "total_row_ft": 150.0, "roadbed_ft": 120.0, "median_ft": 0.0, "left_sw_ft": 15.0, "right_sw_ft": 15.0}, "geometry": {"type": "LineString", "coordinates": [[-73.84701667678924, 40.88784017426997], [-73.84718672034863, 40.88753714564114]]}}, {"type": "Feature", "properties": {"segment_id": 1401665, "physicalid": "95049", "street_name": "229 DR S", "borough": "bronx", "direction": "TW", "total_row_ft": 150.0, "roadbed_ft": 120.0, "median_ft": 0.0, "left_sw_ft": 15.0, "right_sw_ft": 15.0}, "geometry": {"type": "LineString", "coordinates": [[-73.84535983114927, 40.88626325969939], [-73.84575815964519, 40.88639400433059]]}}, {"type": "Feature", "properties": {"segment_id": 1401666, "physicalid": "95049", "street_name": "229 DR S", "borough": "bronx", "direction": "TW", "total_row_ft": 120.0, "roadbed_ft": 25.6, "median_ft": 0.0, "left_sw_ft": 47.1, "right_sw_ft": 47.3}, "geometry": {"type": "LineString", "coordinates": [[-73.84538854405295, 40.886212876381514], [-73.84578687230348, 40.886343620914836]]}}, {"type": "Feature", "properties": {"segment_id": 1401667, "physicalid": "95049", "street_name": "229 DR S", "borough": "bronx", "direction": "TW", "total_row_ft": 50.5, "roadbed_ft": 24.6, "median_ft": 0.0, "left_sw_ft": 11.0, "right_sw_ft": 15.0}, "geometry": {"type": "LineString", "coordinates": [[-73.84553748536977, 40.886201956214265], [-73.84581558491821, 40.886293237491486]]}}, {"type": "Feature", "properties": {"segment_id": 1401668, "physicalid": "95049", "street_name": "229 DR S", "borough": "bronx", "direction": "TW", "total_row_ft": 49.6, "roadbed_ft": 23.5, "median_ft": 0.0, "left_sw_ft": 11.1, "right_sw_ft": 15.0}, "geometry": {"type": "LineString", "coordinates": [[-73.84556641975603, 40.88615164560261], [-73.84584429748946, 40.88624285406049]]}}, {"type": "Feature", "properties": {"segment_id": 1401669, "physicalid": "95049", "street_name": "229 DR S", "borough": "bronx", "direction": "TW", "total_row_ft": 45.6, "roadbed_ft": 22.5, "median_ft": 0.0, "left_sw_ft": 11.1, "right_sw_ft": 12.0}, "geometry": {"type": "LineString", "coordinates": [[-73.84559535409849, 40.886101334983216], [-73.84584620211554, 40.886183671443]]}}, {"type": "Feature", "properties": {"segment_id": 1401670, "physicalid": "95049", "street_name": "229 DR S", "borough": "bronx", "direction": "TW", "total_row_ft": 83.9, "roadbed_ft": 21.8, "median_ft": 0.0, "left_sw_ft": 11.5, "right_sw_ft": 50.6}, "geometry": {"type": "LineString", "coordinates": [[-73.8456233493124, 40.886050716116664], [-73.84590172250135, 40.886142087175706]]}}, {"type": "Feature", "properties": {"segment_id": 1401671, "physicalid": "95049", "street_name": "229 DR S", "borough": "bronx", "direction": "TW", "total_row_ft": 72.6, "roadbed_ft": 39.0, "median_ft": 0.0, "left_sw_ft": 11.9, "right_sw_ft": 21.8}, "geometry": {"type": "LineString", "coordinates": [[-73.84565129853955, 40.88600008216245], [-73.84589233120063, 40.88607919690125]]}}, {"type": "Feature", "properties": {"segment_id": 1401672, "physicalid": "95049", "street_name": "229 DR S", "borough": "bronx", "direction": "TW", "total_row_ft": 72.5, "roadbed_ft": 38.3, "median_ft": 0.0, "left_sw_ft": 12.2, "right_sw_ft": 22.0}, "geometry": {"type": "LineString", "coordinates": [[-73.84567924772412, 40.885949448200954], [-73.8459198521154, 40.886028422360056]]}}, {"type": "Feature", "properties": {"segment_id": 1401673, "physicalid": "95049", "street_name": "229 DR S", "borough": "bronx", "direction": "TW", "total_row_ft": 72.4, "roadbed_ft": 38.3, "median_ft": 0.0, "left_sw_ft": 12.3, "right_sw_ft": 21.8}, "geometry": {"type": "LineString", "coordinates": [[-73.84570719715816, 40.885898814328094], [-73.84594737298814, 40.88597764781184]]}}, {"type": "Feature", "properties": {"segment_id": 1401674, "physicalid": "95049", "street_name": "229 DR S", "borough": "bronx", "direction": "TW", "total_row_ft": 72.2, "roadbed_ft": 38.3, "median_ft": 0.0, "left_sw_ft": 12.3, "right_sw_ft": 21.7}, "geometry": {"type": "LineString", "coordinates": [[-73.84573514657335, 40.885848180455774], [-73.84597489381885, 40.885926873256594]]}}, {"type": "Feature", "properties": {"segment_id": 1401675, "physicalid": "95049", "street_name": "229 DR S", "borough": "bronx", "direction": "TW", "total_row_ft": 72.1, "roadbed_ft": 38.3, "median_ft": 0.0, "left_sw_ft": 12.3, "right_sw_ft": 21.5}, "geometry": {"type": "LineString", "coordinates": [[-73.84576309594597, 40.8857975465762], [-73.84600241460751, 40.885876098694304]]}}, {"type": "Feature", "properties": {"segment_id": 1401676, "physicalid": "95049", "street_name": "229 DR S", "borough": "bronx", "direction": "TW", "total_row_ft": 72.0, "roadbed_ft": 38.3, "median_ft": 0.0, "left_sw_ft": 12.2, "right_sw_ft": 21.4}, "geometry": {"type": "LineString", "coordinates": [[-73.845791045276, 40.88574691268939], [-73.84602992351577, 40.88582532023924]]}}, {"type": "Feature", "properties": {"segment_id": 1401677, "physicalid": "95049", "street_name": "229 DR S", "borough": "bronx", "direction": "TW", "total_row_ft": 75.0, "roadbed_ft": 38.3, "median_ft": 0.0, "left_sw_ft": 15.5, "right_sw_ft": 21.2}, "geometry": {"type": "LineString", "coordinates": [[-73.8458083153113, 40.885692773630446], [-73.8460573975731, 40.88577453014836]]}}, {"type": "Feature", "properties": {"segment_id": 1401678, "physicalid": "95049", "street_name": "229 DR S", "borough": "bronx", "direction": "TW", "total_row_ft": 71.8, "roadbed_ft": 38.4, "median_ft": 0.0, "left_sw_ft": 12.3, "right_sw_ft": 21.1}, "geometry": {"type": "LineString", "coordinates": [[-73.84584667323804, 40.88564555619698], [-73.84608487149426, 40.88572374022462]]}}, {"type": "Feature", "properties": {"segment_id": 1401679, "physicalid": "95049", "street_name": "229 DR S", "borough": "bronx", "direction": "TW", "total_row_ft": 71.6, "roadbed_ft": 38.4, "median_ft": 0.0, "left_sw_ft": 12.2, "right_sw_ft": 20.9}, "geometry": {"type": "LineString", "coordinates": [[-73.84587482421085, 40.88559498851705], [-73.84611234537346, 40.88567295029385]]}}, {"type": "Feature", "properties": {"segment_id": 1401680, "physicalid": "95049", "street_name": "229 DR S", "borough": "bronx", "direction": "TW", "total_row_ft": 71.5, "roadbed_ft": 38.4, "median_ft": 0.0, "left_sw_ft": 12.3, "right_sw_ft": 20.8}, "geometry": {"type": "LineString", "coordinates": [[-73.8459026524073, 40.88554431489824], [-73.8461400321164, 40.88562223023801]]}}, {"type": "Feature", "properties": {"segment_id": 1401681, "physicalid": "95049", "street_name": "229 DR S", "borough": "bronx", "direction": "TW", "total_row_ft": 86.5, "roadbed_ft": 38.6, "median_ft": 0.0, "left_sw_ft": 12.3, "right_sw_ft": 35.6}, "geometry": {"type": "LineString", "coordinates": [[-73.84593048056134, 40.885493641272234], [-73.84621755662532, 40.885587868393536]]}}, {"type": "Feature", "properties": {"segment_id": 1401682, "physicalid": "95049", "street_name": "229 DR S", "borough": "bronx", "direction": "TW", "total_row_ft": 73.1, "roadbed_ft": 20.5, "median_ft": 0.0, "left_sw_ft": 12.3, "right_sw_ft": 40.2}, "geometry": {"type": "LineString", "coordinates": [[-73.84595830841059, 40.88544296755295], [-73.84620088935725, 40.885522590075794]]}}, {"type": "Feature", "properties": {"segment_id": 1401683, "physicalid": "95049", "street_name": "229 DR S", "borough": "bronx", "direction": "TW", "total_row_ft": 54.0, "roadbed_ft": 20.4, "median_ft": 0.0, "left_sw_ft": 12.3, "right_sw_ft": 21.3}, "geometry": {"type": "LineString", "coordinates": [[-73.84598613656163, 40.88539229393946], [-73.84616550454086, 40.88545116808511]]}}, {"type": "Feature", "properties": {"segment_id": 1401684, "physicalid": "95049", "street_name": "229 DR S", "borough": "bronx", "direction": "TW", "total_row_ft": 65.4, "roadbed_ft": 26.9, "median_ft": 0.0, "left_sw_ft": 18.3, "right_sw_ft": 20.3}, "geometry": {"type": "LineString", "coordinates": [[-73.84597153081408, 40.88532769215361], [-73.84618873490764, 40.8853989853417]]}}, {"type": "Feature", "properties": {"segment_id": 1403332, "physicalid": "95156", "street_name": "EDSON AVE", "borough": "bronx", "direction": "TW", "total_row_ft": 52.8, "roadbed_ft": 33.4, "median_ft": 0.0, "left_sw_ft": 8.4, "right_sw_ft": 11.0}, "geometry": {"type": "LineString", "coordinates": [[-73.84009790321505, 40.88154475999263], [-73.83992037017866, 40.8815978973099]]}}, {"type": "Feature", "properties": {"segment_id": 1403333, "physicalid": "95156", "street_name": "EDSON AVE", "borough": "bronx", "direction": "TW", "total_row_ft": 52.7, "roadbed_ft": 33.2, "median_ft": 0.0, "left_sw_ft": 8.4, "right_sw_ft": 11.1}, "geometry": {"type": "LineString", "coordinates": [[-73.84012570754881, 40.8815954459946], [-73.83994855692652, 40.881648468860455]]}}, {"type": "Feature", "properties": {"segment_id": 1403334, "physicalid": "95156", "street_name": "EDSON AVE", "borough": "bronx", "direction": "TW", "total_row_ft": 52.2, "roadbed_ft": 33.6, "median_ft": 0.0, "left_sw_ft": 7.8, "right_sw_ft": 10.7}, "geometry": {"type": "LineString", "coordinates": [[-73.84015382420434, 40.88164603852083], [-73.83997834624545, 40.881698560753264]]}}, {"type": "Feature", "properties": {"segment_id": 1403335, "physicalid": "95156", "street_name": "EDSON AVE", "borough": "bronx", "direction": "TW", "total_row_ft": 51.6, "roadbed_ft": 34.6, "median_ft": 0.0, "left_sw_ft": 7.2, "right_sw_ft": 9.8}, "geometry": {"type": "LineString", "coordinates": [[-73.8401824796476, 40.88169646978768], [-73.84000882995035, 40.881748444815635]]}}, {"type": "Feature", "properties": {"segment_id": 1403336, "physicalid": "95156", "street_name": "EDSON AVE", "borough": "bronx", "direction": "TW", "total_row_ft": 51.1, "roadbed_ft": 35.0, "median_ft": 0.0, "left_sw_ft": 7.2, "right_sw_ft": 8.9}, "geometry": {"type": "LineString", "coordinates": [[-73.84021113498595, 40.88174690109134], [-73.840039313701, 40.88179832886948]]}}, {"type": "Feature", "properties": {"segment_id": 1403337, "physicalid": "95156", "street_name": "EDSON AVE", "borough": "bronx", "direction": "TW", "total_row_ft": 50.6, "roadbed_ft": 35.3, "median_ft": 0.0, "left_sw_ft": 7.3, "right_sw_ft": 8.0}, "geometry": {"type": "LineString", "coordinates": [[-73.84023979006513, 40.88179733247806], [-73.84006953302736, 40.881848292073016]]}}, {"type": "Feature", "properties": {"segment_id": 1403338, "physicalid": "95156", "street_name": "EDSON AVE", "borough": "bronx", "direction": "TW", "total_row_ft": 51.7, "roadbed_ft": 34.7, "median_ft": 0.0, "left_sw_ft": 7.8, "right_sw_ft": 9.3}, "geometry": {"type": "LineString", "coordinates": [[-73.84026779759866, 40.88184795768754], [-73.84009379997704, 40.881900036880786]]}}, {"type": "Feature", "properties": {"segment_id": 1403339, "physicalid": "95156", "street_name": "EDSON AVE", "borough": "bronx", "direction": "TW", "total_row_ft": 51.7, "roadbed_ft": 34.3, "median_ft": 0.0, "left_sw_ft": 7.2, "right_sw_ft": 10.2}, "geometry": {"type": "LineString", "coordinates": [[-73.84029209100362, 40.88189969458141], [-73.84011806699246, 40.881951781674566]]}}, {"type": "Feature", "properties": {"segment_id": 1403340, "physicalid": "95156", "street_name": "EDSON AVE", "borough": "bronx", "direction": "TW", "total_row_ft": 51.7, "roadbed_ft": 34.1, "median_ft": 0.0, "left_sw_ft": 7.2, "right_sw_ft": 10.4}, "geometry": {"type": "LineString", "coordinates": [[-73.84031638449049, 40.88195143145648], [-73.84014233409037, 40.88200352644938]]}}, {"type": "Feature", "properties": {"segment_id": 1403341, "physicalid": "95156", "street_name": "EDSON AVE", "borough": "bronx", "direction": "TW", "total_row_ft": 51.7, "roadbed_ft": 34.6, "median_ft": 0.0, "left_sw_ft": 7.3, "right_sw_ft": 9.9}, "geometry": {"type": "LineString", "coordinates": [[-73.8403406780854, 40.882003168304934], [-73.84016660122607, 40.88205527121858]]}}, {"type": "Feature", "properties": {"segment_id": 1403342, "physicalid": "95156", "street_name": "EDSON AVE", "borough": "bronx", "direction": "TW", "total_row_ft": 51.8, "roadbed_ft": 35.0, "median_ft": 0.0, "left_sw_ft": 7.8, "right_sw_ft": 9.0}, "geometry": {"type": "LineString", "coordinates": [[-73.84036497171807, 40.882054905147776], [-73.84019086251945, 40.882107017742186]]}}, {"type": "Feature", "properties": {"segment_id": 1403343, "physicalid": "95156", "street_name": "EDSON AVE", "borough": "bronx", "direction": "TW", "total_row_ft": 51.8, "roadbed_ft": 34.8, "median_ft": 0.0, "left_sw_ft": 8.2, "right_sw_ft": 8.8}, "geometry": {"type": "LineString", "coordinates": [[-73.8403890239501, 40.882106714250156], [-73.84021467625921, 40.88215889822824]]}}, {"type": "Feature", "properties": {"segment_id": 1403344, "physicalid": "95156", "street_name": "EDSON AVE", "borough": "bronx", "direction": "TW", "total_row_ft": 51.5, "roadbed_ft": 34.6, "median_ft": 0.0, "left_sw_ft": 8.3, "right_sw_ft": 8.6}, "geometry": {"type": "LineString", "coordinates": [[-73.84041195097515, 40.88215886014489], [-73.84023871208385, 40.88221071224805]]}}, {"type": "Feature", "properties": {"segment_id": 1403345, "physicalid": "95156", "street_name": "EDSON AVE", "borough": "bronx", "direction": "TW", "total_row_ft": 51.1, "roadbed_ft": 34.5, "median_ft": 0.0, "left_sw_ft": 8.3, "right_sw_ft": 8.3}, "geometry": {"type": "LineString", "coordinates": [[-73.84043487801308, 40.88221100604149], [-73.84026312882422, 40.882262412262094]]}}, {"type": "Feature", "properties": {"segment_id": 1403346, "physicalid": "95156", "street_name": "EDSON AVE", "borough": "bronx", "direction": "TW", "total_row_ft": 50.6, "roadbed_ft": 34.3, "median_ft": 0.0, "left_sw_ft": 8.4, "right_sw_ft": 7.9}, "geometry": {"type": "LineString", "coordinates": [[-73.84045780504628, 40.882263151945196], [-73.84028754560258, 40.88231411227053]]}}, {"type": "Feature", "properties": {"segment_id": 1403347, "physicalid": "95156", "street_name": "EDSON AVE", "borough": "bronx", "direction": "TW", "total_row_ft": 135.0, "roadbed_ft": 118.1, "median_ft": 0.0, "left_sw_ft": 1.9, "right_sw_ft": 15.0}, "geometry": {"type": "LineString", "coordinates": [[-73.84058987157886, 40.882282631156954], [-73.84018616895706, 40.88240346328238]]}}, {"type": "Feature", "properties": {"segment_id": 1417721, "physicalid": "96086", "street_name": "226 DR", "borough": "bronx", "direction": "FT", "total_row_ft": 150.0, "roadbed_ft": 120.0, "median_ft": 0.0, "left_sw_ft": 15.0, "right_sw_ft": 15.0}, "geometry": {"type": "LineString", "coordinates": [[-73.84882312638068, 40.88410282055604], [-73.84843832353955, 40.88395054096344]]}}, {"type": "Feature", "properties": {"segment_id": 1417722, "physicalid": "96086", "street_name": "226 DR", "borough": "bronx", "direction": "FT", "total_row_ft": 120.0, "roadbed_ft": 23.8, "median_ft": 0.0, "left_sw_ft": 49.5, "right_sw_ft": 46.8}, "geometry": {"type": "LineString", "coordinates": [[-73.84878968553954, 40.88415149485604], [-73.84840488249328, 40.88399921515333]]}}, {"type": "Feature", "properties": {"segment_id": 1417723, "physicalid": "96086", "street_name": "226 DR", "borough": "bronx", "direction": "FT", "total_row_ft": 54.5, "roadbed_ft": 20.4, "median_ft": 0.0, "left_sw_ft": 16.3, "right_sw_ft": 17.9}, "geometry": {"type": "LineString", "coordinates": [[-73.84864326111038, 40.88415545789959], [-73.8484683401344, 40.8840862356655]]}}, {"type": "Feature", "properties": {"segment_id": 1417724, "physicalid": "96086", "street_name": "226 DR", "borough": "bronx", "direction": "FT", "total_row_ft": 47.9, "roadbed_ft": 20.2, "median_ft": 0.0, "left_sw_ft": 9.7, "right_sw_ft": 18.0}, "geometry": {"type": "LineString", "coordinates": [[-73.8485886531597, 40.88419575567804], [-73.8484349469406, 40.8841349288181]]}}, {"type": "Feature", "properties": {"segment_id": 1417725, "physicalid": "96086", "street_name": "226 DR", "borough": "bronx", "direction": "FT", "total_row_ft": 39.1, "roadbed_ft": 20.2, "median_ft": 0.0, "left_sw_ft": 9.5, "right_sw_ft": 9.4}, "geometry": {"type": "LineString", "coordinates": [[-73.84855521312737, 40.88424443031579], [-73.84842970880715, 40.88419476393563]]}}, {"type": "Feature", "properties": {"segment_id": 1417726, "physicalid": "96086", "street_name": "226 DR", "borough": "bronx", "direction": "FT", "total_row_ft": 39.3, "roadbed_ft": 20.2, "median_ft": 0.0, "left_sw_ft": 9.4, "right_sw_ft": 9.7}, "geometry": {"type": "LineString", "coordinates": [[-73.84852177309911, 40.88429310496441], [-73.84839590361958, 40.88424329406836]]}}, {"type": "Feature", "properties": {"segment_id": 1417727, "physicalid": "96086", "street_name": "226 DR", "borough": "bronx", "direction": "FT", "total_row_ft": 61.4, "roadbed_ft": 20.2, "median_ft": 0.0, "left_sw_ft": 31.2, "right_sw_ft": 9.9}, "geometry": {"type": "LineString", "coordinates": [[-73.8486224805993, 40.88439486620423], [-73.84836209838267, 40.88429182419076]]}}, {"type": "Feature", "properties": {"segment_id": 1417728, "physicalid": "96086", "street_name": "226 DR", "borough": "bronx", "direction": "FT", "total_row_ft": 61.2, "roadbed_ft": 20.2, "median_ft": 0.0, "left_sw_ft": 30.8, "right_sw_ft": 10.2}, "geometry": {"type": "LineString", "coordinates": [[-73.84858903946436, 40.88444354044349], [-73.84832829309639, 40.884340354302836]]}}, {"type": "Feature", "properties": {"segment_id": 1417729, "physicalid": "96086", "street_name": "226 DR", "borough": "bronx", "direction": "FT", "total_row_ft": 81.6, "roadbed_ft": 21.0, "median_ft": 0.0, "left_sw_ft": 50.9, "right_sw_ft": 9.7}, "geometry": {"type": "LineString", "coordinates": [[-73.84855559828044, 40.88449221467263], [-73.84829381546972, 40.88438861835507]]}}, {"type": "Feature", "properties": {"segment_id": 1417730, "physicalid": "96086", "street_name": "226 DR", "borough": "bronx", "direction": "FT", "total_row_ft": 38.9, "roadbed_ft": 21.2, "median_ft": 0.0, "left_sw_ft": 8.1, "right_sw_ft": 9.6}, "geometry": {"type": "LineString", "coordinates": [[-73.84836516693616, 40.884493579892485], [-73.8482661795204, 40.8844175392811]]}}, {"type": "Feature", "properties": {"segment_id": 1417731, "physicalid": "96086", "street_name": "226 DR", "borough": "bronx", "direction": "FT", "total_row_ft": 67.0, "roadbed_ft": 20.7, "median_ft": 0.0, "left_sw_ft": 36.1, "right_sw_ft": 10.1}, "geometry": {"type": "LineString", "coordinates": [[-73.84835963463752, 40.88460252693069], [-73.84822700018154, 40.884448717060856]]}}, {"type": "Feature", "properties": {"segment_id": 1417732, "physicalid": "96086", "street_name": "226 DR", "borough": "bronx", "direction": "FT", "total_row_ft": 51.8, "roadbed_ft": 20.0, "median_ft": 0.0, "left_sw_ft": 21.5, "right_sw_ft": 10.3}, "geometry": {"type": "LineString", "coordinates": [[-73.84832126494365, 40.88465827435009], [-73.84816879638142, 40.88448146371705]]}}, {"type": "Feature", "properties": {"segment_id": 1417733, "physicalid": "96086", "street_name": "226 DR", "borough": "bronx", "direction": "FT", "total_row_ft": 39.8, "roadbed_ft": 19.5, "median_ft": 0.0, "left_sw_ft": 10.0, "right_sw_ft": 10.2}, "geometry": {"type": "LineString", "coordinates": [[-73.8481704959224, 40.884602674466656], [-73.84811775903293, 40.88450109904132]]}}, {"type": "Feature", "properties": {"segment_id": 1417734, "physicalid": "96086", "street_name": "226 DR", "borough": "bronx", "direction": "FT", "total_row_ft": 39.0, "roadbed_ft": 19.2, "median_ft": 0.0, "left_sw_ft": 9.9, "right_sw_ft": 10.0}, "geometry": {"type": "LineString", "coordinates": [[-73.84808720371801, 40.884620365528704], [-73.84806310667682, 40.88451476231116]]}}, {"type": "Feature", "properties": {"segment_id": 1417735, "physicalid": "96086", "street_name": "226 DR", "borough": "bronx", "direction": "FT", "total_row_ft": 53.6, "roadbed_ft": 19.1, "median_ft": 0.0, "left_sw_ft": 24.2, "right_sw_ft": 10.3}, "geometry": {"type": "LineString", "coordinates": [[-73.84804037570743, 40.884736841206674], [-73.84799100380631, 40.884520472409534]]}}, {"type": "Feature", "properties": {"segment_id": 1454896, "physicalid": "98382", "street_name": "STICKNEY PL", "borough": "bronx", "direction": "TW", "total_row_ft": 45.0, "roadbed_ft": 29.5, "median_ft": 0.0, "left_sw_ft": 7.0, "right_sw_ft": 8.4}, "geometry": {"type": "LineString", "coordinates": [[-73.8500312032872, 40.8808806608028], [-73.8499427965146, 40.880777063791896]]}}, {"type": "Feature", "properties": {"segment_id": 1454897, "physicalid": "98382", "street_name": "STICKNEY PL", "borough": "bronx", "direction": "TW", "total_row_ft": 68.7, "roadbed_ft": 29.8, "median_ft": 0.0, "left_sw_ft": 30.8, "right_sw_ft": 8.1}, "geometry": {"type": "LineString", "coordinates": [[-73.85004255171695, 40.88099493563294], [-73.84988238330591, 40.88080724683862]]}}, {"type": "Feature", "properties": {"segment_id": 1454898, "physicalid": "98382", "street_name": "STICKNEY PL", "borough": "bronx", "direction": "TW", "total_row_ft": 100.2, "roadbed_ft": 76.2, "median_ft": 0.0, "left_sw_ft": 15.0, "right_sw_ft": 9.0}, "geometry": {"type": "LineString", "coordinates": [[-73.84998678121677, 40.88103055932192], [-73.84981919051695, 40.88083417273099]]}}, {"type": "Feature", "properties": {"segment_id": 1528268, "physicalid": "102925", "street_name": "CRAWFORD AVE", "borough": "bronx", "direction": "FT", "total_row_ft": 150.0, "roadbed_ft": 120.0, "median_ft": 0.0, "left_sw_ft": 15.0, "right_sw_ft": 15.0}, "geometry": {"type": "LineString", "coordinates": [[-73.84045652299326, 40.88490327785429], [-73.84032027724137, 40.88459056781078]]}}, {"type": "Feature", "properties": {"segment_id": 1528269, "physicalid": "102925", "street_name": "CRAWFORD AVE", "borough": "bronx", "direction": "FT", "total_row_ft": 120.0, "roadbed_ft": 29.9, "median_ft": 0.0, "left_sw_ft": 48.7, "right_sw_ft": 41.5}, "geometry": {"type": "LineString", "coordinates": [[-73.8403878502944, 40.884920511600754], [-73.84025160483021, 40.884607801477166]]}}, {"type": "Feature", "properties": {"segment_id": 1528270, "physicalid": "102925", "street_name": "CRAWFORD AVE", "borough": "bronx", "direction": "FT", "total_row_ft": 80.5, "roadbed_ft": 35.9, "median_ft": 0.0, "left_sw_ft": 29.7, "right_sw_ft": 14.9}, "geometry": {"type": "LineString", "coordinates": [[-73.84030400205047, 40.88490291460082], [-73.84021265524338, 40.88469325533677]]}}, {"type": "Feature", "properties": {"segment_id": 1528271, "physicalid": "102925", "street_name": "CRAWFORD AVE", "borough": "bronx", "direction": "FT", "total_row_ft": 76.2, "roadbed_ft": 39.7, "median_ft": 0.0, "left_sw_ft": 22.2, "right_sw_ft": 14.3}, "geometry": {"type": "LineString", "coordinates": [[-73.84025050478986, 40.88495497897093], [-73.84014403874745, 40.884710617583664]]}}, {"type": "Feature", "properties": {"segment_id": 1528272, "physicalid": "102925", "street_name": "CRAWFORD AVE", "borough": "bronx", "direction": "FT", "total_row_ft": 68.1, "roadbed_ft": 39.7, "median_ft": 0.0, "left_sw_ft": 13.8, "right_sw_ft": 14.5}, "geometry": {"type": "LineString", "coordinates": [[-73.84015270623927, 40.88490536307185], [-73.84007542221566, 40.88472797978974]]}}, {"type": "Feature", "properties": {"segment_id": 1528273, "physicalid": "102925", "street_name": "CRAWFORD AVE", "borough": "bronx", "direction": "FT", "total_row_ft": 68.1, "roadbed_ft": 39.8, "median_ft": 0.0, "left_sw_ft": 13.6, "right_sw_ft": 14.7}, "geometry": {"type": "LineString", "coordinates": [[-73.8400841179543, 40.88492279057102], [-73.84000680564804, 40.884745341954954]]}}, {"type": "Feature", "properties": {"segment_id": 1572316, "physicalid": "117790", "street_name": "E 224 ST", "borough": "bronx", "direction": "FT", "total_row_ft": 150.0, "roadbed_ft": 120.0, "median_ft": 0.0, "left_sw_ft": 15.0, "right_sw_ft": 15.0}, "geometry": {"type": "LineString", "coordinates": [[-73.84642229354408, 40.88233400115052], [-73.84663550375636, 40.882047131867175]]}}, {"type": "Feature", "properties": {"segment_id": 1572317, "physicalid": "117790", "street_name": "E 224 ST", "borough": "bronx", "direction": "FT", "total_row_ft": 93.3, "roadbed_ft": 34.0, "median_ft": 0.0, "left_sw_ft": 13.7, "right_sw_ft": 45.6}, "geometry": {"type": "LineString", "coordinates": [[-73.84640682568562, 40.88224308420847], [-73.84657250853694, 40.88202016189525]]}}, {"type": "Feature", "properties": {"segment_id": 1572318, "physicalid": "117790", "street_name": "E 224 ST", "borough": "bronx", "direction": "FT", "total_row_ft": 60.4, "roadbed_ft": 34.2, "median_ft": 0.0, "left_sw_ft": 13.0, "right_sw_ft": 13.3}, "geometry": {"type": "LineString", "coordinates": [[-73.84634506941997, 40.88221444701361], [-73.84645246770853, 40.88206994555898]]}}, {"type": "Feature", "properties": {"segment_id": 1572319, "physicalid": "117790", "street_name": "E 224 ST", "borough": "bronx", "direction": "FT", "total_row_ft": 57.1, "roadbed_ft": 34.4, "median_ft": 0.0, "left_sw_ft": 9.7, "right_sw_ft": 12.9}, "geometry": {"type": "LineString", "coordinates": [[-73.84628782349432, 40.882179741340295], [-73.8463892109974, 40.882043327388466]]}}, {"type": "Feature", "properties": {"segment_id": 1572320, "physicalid": "117790", "street_name": "E 224 ST", "borough": "bronx", "direction": "FT", "total_row_ft": 56.8, "roadbed_ft": 34.7, "median_ft": 0.0, "left_sw_ft": 9.5, "right_sw_ft": 12.6}, "geometry": {"type": "LineString", "coordinates": [[-73.84622508712015, 40.8821524229324], [-73.8463259543369, 40.88201670918313]]}}, {"type": "Feature", "properties": {"segment_id": 1572321, "physicalid": "117790", "street_name": "E 224 ST", "borough": "bronx", "direction": "FT", "total_row_ft": 56.5, "roadbed_ft": 34.9, "median_ft": 0.0, "left_sw_ft": 9.3, "right_sw_ft": 12.2}, "geometry": {"type": "LineString", "coordinates": [[-73.84616233837356, 40.88212512120629], [-73.84626269772706, 40.88199009094299]]}}, {"type": "Feature", "properties": {"segment_id": 1572322, "physicalid": "117790", "street_name": "E 224 ST", "borough": "bronx", "direction": "FT", "total_row_ft": 56.3, "roadbed_ft": 35.2, "median_ft": 0.0, "left_sw_ft": 9.2, "right_sw_ft": 11.9}, "geometry": {"type": "LineString", "coordinates": [[-73.84609938136646, 40.88209809972207], [-73.84619944136828, 40.881963472398404]]}}, {"type": "Feature", "properties": {"segment_id": 1572323, "physicalid": "117790", "street_name": "E 224 ST", "borough": "bronx", "direction": "FT", "total_row_ft": 59.9, "roadbed_ft": 35.5, "median_ft": 0.0, "left_sw_ft": 12.4, "right_sw_ft": 12.0}, "geometry": {"type": "LineString", "coordinates": [[-73.84603050289374, 40.882079045372436], [-73.84613692916763, 40.88193585264668]]}}, {"type": "Feature", "properties": {"segment_id": 1572324, "physicalid": "117790", "street_name": "E 224 ST", "borough": "bronx", "direction": "FT", "total_row_ft": 59.8, "roadbed_ft": 35.9, "median_ft": 0.0, "left_sw_ft": 12.2, "right_sw_ft": 11.6}, "geometry": {"type": "LineString", "coordinates": [[-73.84596749414924, 40.88205209355735], [-73.84607368212698, 40.88190922163288]]}}, {"type": "Feature", "properties": {"segment_id": 1572325, "physicalid": "117790", "street_name": "E 224 ST", "borough": "bronx", "direction": "FT", "total_row_ft": 59.8, "roadbed_ft": 36.2, "median_ft": 0.0, "left_sw_ft": 12.3, "right_sw_ft": 11.3}, "geometry": {"type": "LineString", "coordinates": [[-73.8459041271942, 40.882025623733504], [-73.8460104352293, 40.88188259046007]]}}, {"type": "Feature", "properties": {"segment_id": 1572326, "physicalid": "117790", "street_name": "E 224 ST", "borough": "bronx", "direction": "FT", "total_row_ft": 59.9, "roadbed_ft": 36.6, "median_ft": 0.0, "left_sw_ft": 12.3, "right_sw_ft": 11.0}, "geometry": {"type": "LineString", "coordinates": [[-73.8458407602896, 40.88199915387473], [-73.84594715822811, 40.881855999823784]]}}, {"type": "Feature", "properties": {"segment_id": 1572327, "physicalid": "117790", "street_name": "E 224 ST", "borough": "bronx", "direction": "FT", "total_row_ft": 60.1, "roadbed_ft": 35.8, "median_ft": 0.0, "left_sw_ft": 12.9, "right_sw_ft": 11.5}, "geometry": {"type": "LineString", "coordinates": [[-73.8457769481007, 40.881973283158345], [-73.84588381329672, 40.88182950061824]]}}, {"type": "Feature", "properties": {"segment_id": 1572328, "physicalid": "117790", "street_name": "E 224 ST", "borough": "bronx", "direction": "FT", "total_row_ft": 58.3, "roadbed_ft": 35.5, "median_ft": 0.0, "left_sw_ft": 11.6, "right_sw_ft": 11.2}, "geometry": {"type": "LineString", "coordinates": [[-73.84571681541529, 40.88194246187772], [-73.8458204684158, 40.8818030013778]]}}, {"type": "Feature", "properties": {"segment_id": 1572329, "physicalid": "117790", "street_name": "E 224 ST", "borough": "bronx", "direction": "FT", "total_row_ft": 56.3, "roadbed_ft": 35.2, "median_ft": 0.0, "left_sw_ft": 10.1, "right_sw_ft": 10.9}, "geometry": {"type": "LineString", "coordinates": [[-73.84565713497334, 40.88191103216931], [-73.84575712358536, 40.88177650210244]]}}, {"type": "Feature", "properties": {"segment_id": 1572330, "physicalid": "117790", "street_name": "E 224 ST", "borough": "bronx", "direction": "FT", "total_row_ft": 55.5, "roadbed_ft": 35.0, "median_ft": 0.0, "left_sw_ft": 9.9, "right_sw_ft": 10.6}, "geometry": {"type": "LineString", "coordinates": [[-73.84559514286683, 40.881882712732896], [-73.84569377880543, 40.88175000279219]]}}, {"type": "Feature", "properties": {"segment_id": 1572331, "physicalid": "117790", "street_name": "E 224 ST", "borough": "bronx", "direction": "FT", "total_row_ft": 56.1, "roadbed_ft": 34.8, "median_ft": 0.0, "left_sw_ft": 11.0, "right_sw_ft": 10.3}, "geometry": {"type": "LineString", "coordinates": [[-73.84553079496771, 40.88185756292894], [-73.845630434076, 40.88172350344706]]}}, {"type": "Feature", "properties": {"segment_id": 1572332, "physicalid": "117790", "street_name": "E 224 ST", "borough": "bronx", "direction": "FT", "total_row_ft": 56.4, "roadbed_ft": 34.4, "median_ft": 0.0, "left_sw_ft": 11.8, "right_sw_ft": 10.1}, "geometry": {"type": "LineString", "coordinates": [[-73.84546691183456, 40.881831787837264], [-73.84556708939706, 40.88169700406704]]}}, {"type": "Feature", "properties": {"segment_id": 1572333, "physicalid": "117790", "street_name": "E 224 ST", "borough": "bronx", "direction": "FT", "total_row_ft": 56.7, "roadbed_ft": 33.5, "median_ft": 0.0, "left_sw_ft": 12.7, "right_sw_ft": 10.5}, "geometry": {"type": "LineString", "coordinates": [[-73.84540302875098, 40.88180601271012], [-73.8455037447686, 40.881670504652114]]}}, {"type": "Feature", "properties": {"segment_id": 1572334, "physicalid": "117790", "street_name": "E 224 ST", "borough": "bronx", "direction": "FT", "total_row_ft": 57.0, "roadbed_ft": 32.5, "median_ft": 0.0, "left_sw_ft": 13.5, "right_sw_ft": 11.0}, "geometry": {"type": "LineString", "coordinates": [[-73.8453391457169, 40.881780237547474], [-73.84544049947192, 40.881643871624505]]}}, {"type": "Feature", "properties": {"segment_id": 1572335, "physicalid": "117790", "street_name": "E 224 ST", "borough": "bronx", "direction": "FT", "total_row_ft": 54.4, "roadbed_ft": 32.9, "median_ft": 0.0, "left_sw_ft": 10.5, "right_sw_ft": 11.0}, "geometry": {"type": "LineString", "coordinates": [[-73.84528071495683, 40.88174712670628], [-73.84537738283957, 40.88161706551928]]}}, {"type": "Feature", "properties": {"segment_id": 1572336, "physicalid": "117790", "street_name": "E 224 ST", "borough": "bronx", "direction": "FT", "total_row_ft": 54.6, "roadbed_ft": 33.7, "median_ft": 0.0, "left_sw_ft": 10.3, "right_sw_ft": 10.6}, "geometry": {"type": "LineString", "coordinates": [[-73.84521720391768, 40.88172085111922], [-73.84531426633268, 40.881590259279044]]}}, {"type": "Feature", "properties": {"segment_id": 1572337, "physicalid": "117790", "street_name": "E 224 ST", "borough": "bronx", "direction": "FT", "total_row_ft": 54.9, "roadbed_ft": 34.1, "median_ft": 0.0, "left_sw_ft": 10.5, "right_sw_ft": 10.2}, "geometry": {"type": "LineString", "coordinates": [[-73.84515369292873, 40.88169457549706], [-73.84525114978547, 40.88156345312688]]}}, {"type": "Feature", "properties": {"segment_id": 1572338, "physicalid": "117790", "street_name": "E 224 ST", "borough": "bronx", "direction": "FT", "total_row_ft": 56.8, "roadbed_ft": 34.5, "median_ft": 0.0, "left_sw_ft": 12.4, "right_sw_ft": 9.9}, "geometry": {"type": "LineString", "coordinates": [[-73.84508709930164, 40.88167244739733], [-73.84518803324515, 40.88153664699932]]}}, {"type": "Feature", "properties": {"segment_id": 1572339, "physicalid": "117790", "street_name": "E 224 ST", "borough": "bronx", "direction": "FT", "total_row_ft": 56.6, "roadbed_ft": 34.9, "median_ft": 0.0, "left_sw_ft": 12.1, "right_sw_ft": 9.5}, "geometry": {"type": "LineString", "coordinates": [[-73.84502441390562, 40.88164506105437], [-73.84512491675153, 40.88150984084277]]}}, {"type": "Feature", "properties": {"segment_id": 1572340, "physicalid": "117790", "street_name": "E 224 ST", "borough": "bronx", "direction": "FT", "total_row_ft": 56.3, "roadbed_ft": 35.2, "median_ft": 0.0, "left_sw_ft": 11.9, "right_sw_ft": 9.3}, "geometry": {"type": "LineString", "coordinates": [[-73.84496172856126, 40.88161767467723], [-73.84506180030878, 40.88148303465155]]}}, {"type": "Feature", "properties": {"segment_id": 1572341, "physicalid": "117790", "street_name": "E 224 ST", "borough": "bronx", "direction": "FT", "total_row_ft": 56.1, "roadbed_ft": 34.8, "median_ft": 0.0, "left_sw_ft": 11.6, "right_sw_ft": 9.7}, "geometry": {"type": "LineString", "coordinates": [[-73.84490083560353, 40.88159107131517], [-73.84499721321583, 40.88145560404722]]}}, {"type": "Feature", "properties": {"segment_id": 1572342, "physicalid": "117790", "street_name": "E 224 ST", "borough": "bronx", "direction": "FT", "total_row_ft": 56.2, "roadbed_ft": 34.5, "median_ft": 0.0, "left_sw_ft": 11.7, "right_sw_ft": 10.0}, "geometry": {"type": "LineString", "coordinates": [[-73.84483756575345, 40.8815644682293], [-73.84493408993974, 40.881428795117536]]}}, {"type": "Feature", "properties": {"segment_id": 1572343, "physicalid": "117790", "street_name": "E 224 ST", "borough": "bronx", "direction": "FT", "total_row_ft": 56.0, "roadbed_ft": 34.1, "median_ft": 0.0, "left_sw_ft": 11.8, "right_sw_ft": 10.0}, "geometry": {"type": "LineString", "coordinates": [[-73.84477413147978, 40.88153809629052], [-73.84487029442487, 40.881402931115666]]}}, {"type": "Feature", "properties": {"segment_id": 1572344, "physicalid": "117790", "street_name": "E 224 ST", "borough": "bronx", "direction": "FT", "total_row_ft": 55.7, "roadbed_ft": 33.8, "median_ft": 0.0, "left_sw_ft": 12.0, "right_sw_ft": 10.0}, "geometry": {"type": "LineString", "coordinates": [[-73.84471069725643, 40.88151172431674], [-73.84480641445188, 40.88137718586128]]}}, {"type": "Feature", "properties": {"segment_id": 1572345, "physicalid": "117790", "street_name": "E 224 ST", "borough": "bronx", "direction": "FT", "total_row_ft": 55.4, "roadbed_ft": 33.5, "median_ft": 0.0, "left_sw_ft": 12.1, "right_sw_ft": 9.8}, "geometry": {"type": "LineString", "coordinates": [[-73.84464726302406, 40.881485352391415], [-73.84474253452564, 40.88135144057527]]}}, {"type": "Feature", "properties": {"segment_id": 1572346, "physicalid": "117790", "street_name": "E 224 ST", "borough": "bronx", "direction": "FT", "total_row_ft": 55.2, "roadbed_ft": 33.4, "median_ft": 0.0, "left_sw_ft": 12.3, "right_sw_ft": 9.5}, "geometry": {"type": "LineString", "coordinates": [[-73.84458382865823, 40.88145898068935], [-73.84467865457417, 40.8813256953588]]}}, {"type": "Feature", "properties": {"segment_id": 1572347, "physicalid": "117790", "street_name": "E 224 ST", "borough": "bronx", "direction": "FT", "total_row_ft": 55.1, "roadbed_ft": 33.3, "median_ft": 0.0, "left_sw_ft": 12.4, "right_sw_ft": 9.4}, "geometry": {"type": "LineString", "coordinates": [[-73.84452039435773, 40.88143260893127], [-73.84461505536324, 40.88129955557293]]}}, {"type": "Feature", "properties": {"segment_id": 1572348, "physicalid": "117790", "street_name": "E 224 ST", "borough": "bronx", "direction": "FT", "total_row_ft": 55.1, "roadbed_ft": 33.2, "median_ft": 0.0, "left_sw_ft": 12.6, "right_sw_ft": 9.3}, "geometry": {"type": "LineString", "coordinates": [[-73.84445696009185, 40.88140623716028], [-73.84455156209088, 40.88127326691718]]}}, {"type": "Feature", "properties": {"segment_id": 1572349, "physicalid": "117790", "street_name": "E 224 ST", "borough": "bronx", "direction": "FT", "total_row_ft": 54.8, "roadbed_ft": 33.3, "median_ft": 0.0, "left_sw_ft": 12.3, "right_sw_ft": 9.2}, "geometry": {"type": "LineString", "coordinates": [[-73.8443938475554, 40.88137941321163], [-73.84448806900978, 40.881246978028116]]}}, {"type": "Feature", "properties": {"segment_id": 1572350, "physicalid": "117790", "street_name": "E 224 ST", "borough": "bronx", "direction": "FT", "total_row_ft": 54.6, "roadbed_ft": 33.6, "median_ft": 0.0, "left_sw_ft": 12.0, "right_sw_ft": 9.0}, "geometry": {"type": "LineString", "coordinates": [[-73.84433075587451, 40.88135255998603], [-73.84442457587672, 40.881220689247684]]}}, {"type": "Feature", "properties": {"segment_id": 1572351, "physicalid": "117790", "street_name": "E 224 ST", "borough": "bronx", "direction": "FT", "total_row_ft": 54.4, "roadbed_ft": 33.9, "median_ft": 0.0, "left_sw_ft": 11.7, "right_sw_ft": 8.8}, "geometry": {"type": "LineString", "coordinates": [[-73.84426766428658, 40.881325706666786], [-73.84436108274228, 40.88119440050462]]}}, {"type": "Feature", "properties": {"segment_id": 1572352, "physicalid": "117790", "street_name": "E 224 ST", "borough": "bronx", "direction": "FT", "total_row_ft": 54.1, "roadbed_ft": 34.1, "median_ft": 0.0, "left_sw_ft": 11.4, "right_sw_ft": 8.6}, "geometry": {"type": "LineString", "coordinates": [[-73.84420457283154, 40.88129885319779], [-73.84429758978753, 40.88116811154455]]}}, {"type": "Feature", "properties": {"segment_id": 1572353, "physicalid": "117790", "street_name": "E 224 ST", "borough": "bronx", "direction": "FT", "total_row_ft": 53.9, "roadbed_ft": 34.4, "median_ft": 0.0, "left_sw_ft": 11.0, "right_sw_ft": 8.5}, "geometry": {"type": "LineString", "coordinates": [[-73.84414148142744, 40.88127199969417], [-73.84423413622405, 40.88114176725286]]}}, {"type": "Feature", "properties": {"segment_id": 1572354, "physicalid": "117790", "street_name": "E 224 ST", "borough": "bronx", "direction": "FT", "total_row_ft": 54.0, "roadbed_ft": 34.7, "median_ft": 0.0, "left_sw_ft": 10.7, "right_sw_ft": 8.6}, "geometry": {"type": "LineString", "coordinates": [[-73.84407839007434, 40.88124514615594], [-73.84417114824087, 40.88111476859229]]}}, {"type": "Feature", "properties": {"segment_id": 1572355, "physicalid": "117790", "street_name": "E 224 ST", "borough": "bronx", "direction": "FT", "total_row_ft": 54.0, "roadbed_ft": 34.9, "median_ft": 0.0, "left_sw_ft": 10.4, "right_sw_ft": 8.7}, "geometry": {"type": "LineString", "coordinates": [[-73.84401529865148, 40.88121829275269], [-73.84410816039254, 40.88108776977962]]}}, {"type": "Feature", "properties": {"segment_id": 1572356, "physicalid": "117790", "street_name": "E 224 ST", "borough": "bronx", "direction": "FT", "total_row_ft": 54.1, "roadbed_ft": 35.5, "median_ft": 0.0, "left_sw_ft": 10.1, "right_sw_ft": 8.5}, "geometry": {"type": "LineString", "coordinates": [[-73.84395220724139, 40.88119143936859], [-73.84404517259534, 40.881060770932415]]}}, {"type": "Feature", "properties": {"segment_id": 1572357, "physicalid": "117790", "street_name": "E 224 ST", "borough": "bronx", "direction": "FT", "total_row_ft": 54.2, "roadbed_ft": 36.2, "median_ft": 0.0, "left_sw_ft": 9.9, "right_sw_ft": 8.2}, "geometry": {"type": "LineString", "coordinates": [[-73.8438890283156, 40.88116470902963], [-73.84398218483105, 40.881033772076414]]}}, {"type": "Feature", "properties": {"segment_id": 1572358, "physicalid": "117790", "street_name": "E 224 ST", "borough": "bronx", "direction": "FT", "total_row_ft": 135.0, "roadbed_ft": 99.8, "median_ft": 0.0, "left_sw_ft": 20.2, "right_sw_ft": 15.0}, "geometry": {"type": "LineString", "coordinates": [[-73.84376887138457, 40.88121806426147], [-73.84397505981156, 40.8809282547072]]}}, {"type": "Feature", "properties": {"segment_id": 1572486, "physicalid": "117842", "street_name": "SCHIEFFELIN AVE", "borough": "bronx", "direction": "TW", "total_row_ft": 150.0, "roadbed_ft": 120.0, "median_ft": 0.0, "left_sw_ft": 15.0, "right_sw_ft": 15.0}, "geometry": {"type": "LineString", "coordinates": [[-73.84770392086386, 40.88105119030726], [-73.84733118841349, 40.880882523290154]]}}, {"type": "Feature", "properties": {"segment_id": 1572487, "physicalid": "117842", "street_name": "SCHIEFFELIN AVE", "borough": "bronx", "direction": "TW", "total_row_ft": 120.0, "roadbed_ft": 44.3, "median_ft": 0.0, "left_sw_ft": 45.9, "right_sw_ft": 29.8}, "geometry": {"type": "LineString", "coordinates": [[-73.84766688301615, 40.88109834000604], [-73.84729415039537, 40.880929672870835]]}}, {"type": "Feature", "properties": {"segment_id": 1572488, "physicalid": "117842", "street_name": "SCHIEFFELIN AVE", "borough": "bronx", "direction": "TW", "total_row_ft": 61.3, "roadbed_ft": 40.3, "median_ft": 0.0, "left_sw_ft": 11.5, "right_sw_ft": 9.6}, "geometry": {"type": "LineString", "coordinates": [[-73.84751960586382, 40.88109560497045], [-73.84732909944113, 40.88100939786438]]}}, {"type": "Feature", "properties": {"segment_id": 1572489, "physicalid": "117842", "street_name": "SCHIEFFELIN AVE", "borough": "bronx", "direction": "TW", "total_row_ft": 61.2, "roadbed_ft": 40.4, "median_ft": 0.0, "left_sw_ft": 11.6, "right_sw_ft": 9.2}, "geometry": {"type": "LineString", "coordinates": [[-73.84748447607521, 40.88114361810383], [-73.84729425196564, 40.881057538733685]]}}, {"type": "Feature", "properties": {"segment_id": 1572490, "physicalid": "117842", "street_name": "SCHIEFFELIN AVE", "borough": "bronx", "direction": "TW", "total_row_ft": 61.2, "roadbed_ft": 40.6, "median_ft": 0.0, "left_sw_ft": 11.8, "right_sw_ft": 8.8}, "geometry": {"type": "LineString", "coordinates": [[-73.84744934623585, 40.88119163122614], [-73.84725940455766, 40.881105679645394]]}}, {"type": "Feature", "properties": {"segment_id": 1572491, "physicalid": "117842", "street_name": "SCHIEFFELIN AVE", "borough": "bronx", "direction": "TW", "total_row_ft": 61.1, "roadbed_ft": 40.7, "median_ft": 0.0, "left_sw_ft": 11.9, "right_sw_ft": 8.4}, "geometry": {"type": "LineString", "coordinates": [[-73.84741421634575, 40.88123964433727], [-73.84722455709921, 40.88115382054619]]}}, {"type": "Feature", "properties": {"segment_id": 1572492, "physicalid": "117842", "street_name": "SCHIEFFELIN AVE", "borough": "bronx", "direction": "TW", "total_row_ft": 61.0, "roadbed_ft": 40.9, "median_ft": 0.0, "left_sw_ft": 12.1, "right_sw_ft": 8.0}, "geometry": {"type": "LineString", "coordinates": [[-73.84737908640494, 40.88128765743731], [-73.84718970959027, 40.88120196143602]]}}, {"type": "Feature", "properties": {"segment_id": 1572493, "physicalid": "117842", "street_name": "SCHIEFFELIN AVE", "borough": "bronx", "direction": "TW", "total_row_ft": 60.9, "roadbed_ft": 41.1, "median_ft": 0.0, "left_sw_ft": 12.2, "right_sw_ft": 7.6}, "geometry": {"type": "LineString", "coordinates": [[-73.847344444642, 40.88133500325179], [-73.8471542762079, 40.88125091161144]]}}, {"type": "Feature", "properties": {"segment_id": 1572494, "physicalid": "117842", "street_name": "SCHIEFFELIN AVE", "borough": "bronx", "direction": "TW", "total_row_ft": 60.8, "roadbed_ft": 40.9, "median_ft": 0.0, "left_sw_ft": 12.2, "right_sw_ft": 7.7}, "geometry": {"type": "LineString", "coordinates": [[-73.84730932369887, 40.881383003894676], [-73.84711943922092, 40.881299037802876]]}}, {"type": "Feature", "properties": {"segment_id": 1572495, "physicalid": "117842", "street_name": "SCHIEFFELIN AVE", "borough": "bronx", "direction": "TW", "total_row_ft": 60.4, "roadbed_ft": 40.7, "median_ft": 0.0, "left_sw_ft": 12.0, "right_sw_ft": 7.7}, "geometry": {"type": "LineString", "coordinates": [[-73.84727342421394, 40.881430660282106], [-73.8470846021835, 40.88134716398338]]}}, {"type": "Feature", "properties": {"segment_id": 1572496, "physicalid": "117842", "street_name": "SCHIEFFELIN AVE", "borough": "bronx", "direction": "TW", "total_row_ft": 59.9, "roadbed_ft": 40.7, "median_ft": 0.0, "left_sw_ft": 11.5, "right_sw_ft": 7.6}, "geometry": {"type": "LineString", "coordinates": [[-73.8472366155554, 40.88147791464917], [-73.84704954135938, 40.88139519121734]]}}, {"type": "Feature", "properties": {"segment_id": 1572497, "physicalid": "117842", "street_name": "SCHIEFFELIN AVE", "borough": "bronx", "direction": "TW", "total_row_ft": 59.3, "roadbed_ft": 40.7, "median_ft": 0.0, "left_sw_ft": 11.0, "right_sw_ft": 7.6}, "geometry": {"type": "LineString", "coordinates": [[-73.84719980684454, 40.88152516900407], [-73.847014441935, 40.881443201393736]]}}, {"type": "Feature", "properties": {"segment_id": 1572498, "physicalid": "117842", "street_name": "SCHIEFFELIN AVE", "borough": "bronx", "direction": "TW", "total_row_ft": 120.0, "roadbed_ft": 42.1, "median_ft": 0.0, "left_sw_ft": 41.7, "right_sw_ft": 36.3}, "geometry": {"type": "LineString", "coordinates": [[-73.84726390544596, 40.88161704397414], [-73.84688894727412, 40.88145123898549]]}}, {"type": "Feature", "properties": {"segment_id": 1623873, "physicalid": "149303", "street_name": "E 225 ST", "borough": "bronx", "direction": "TW", "total_row_ft": 98.7, "roadbed_ft": 50.2, "median_ft": 0.0, "left_sw_ft": 38.3, "right_sw_ft": 10.2}, "geometry": {"type": "LineString", "coordinates": [[-73.84479431156929, 40.88257562779061], [-73.84496957359089, 40.88232328732091]]}}, {"type": "Feature", "properties": {"segment_id": 1623874, "physicalid": "149303", "street_name": "E 225 ST", "borough": "bronx", "direction": "TW", "total_row_ft": 74.8, "roadbed_ft": 50.3, "median_ft": 0.0, "left_sw_ft": 14.2, "right_sw_ft": 10.3}, "geometry": {"type": "LineString", "coordinates": [[-73.84478034160733, 40.88247802363452], [-73.84490647704493, 40.88229641514055]]}}, {"type": "Feature", "properties": {"segment_id": 1623875, "physicalid": "149303", "street_name": "E 225 ST", "borough": "bronx", "direction": "TW", "total_row_ft": 74.8, "roadbed_ft": 50.4, "median_ft": 0.0, "left_sw_ft": 14.1, "right_sw_ft": 10.4}, "geometry": {"type": "LineString", "coordinates": [[-73.84471719647715, 40.88245122120092], [-73.84484341041252, 40.88226949992973]]}}, {"type": "Feature", "properties": {"segment_id": 1623876, "physicalid": "149303", "street_name": "E 225 ST", "borough": "bronx", "direction": "TW", "total_row_ft": 74.9, "roadbed_ft": 50.4, "median_ft": 0.0, "left_sw_ft": 14.0, "right_sw_ft": 10.5}, "geometry": {"type": "LineString", "coordinates": [[-73.8446540514571, 40.882424418647396], [-73.8447804053084, 40.88224249617002]]}}, {"type": "Feature", "properties": {"segment_id": 1623877, "physicalid": "149303", "street_name": "E 225 ST", "borough": "bronx", "direction": "TW", "total_row_ft": 89.9, "roadbed_ft": 50.5, "median_ft": 0.0, "left_sw_ft": 28.8, "right_sw_ft": 10.6}, "geometry": {"type": "LineString", "coordinates": [[-73.8445657245032, 40.88243387253776], [-73.84471740025545, 40.88221549237577]]}}, {"type": "Feature", "properties": {"segment_id": 1623878, "physicalid": "149305", "street_name": "SCHIEFFELIN AVE", "borough": "bronx", "direction": "TW", "total_row_ft": 80.5, "roadbed_ft": 50.3, "median_ft": 0.0, "left_sw_ft": 13.6, "right_sw_ft": 16.5}, "geometry": {"type": "LineString", "coordinates": [[-73.84525612253584, 40.88366503481121], [-73.8450564756746, 40.883504330710124]]}}, {"type": "Feature", "properties": {"segment_id": 1623879, "physicalid": "149305", "street_name": "SCHIEFFELIN AVE", "borough": "bronx", "direction": "TW", "total_row_ft": 80.3, "roadbed_ft": 50.3, "median_ft": 0.0, "left_sw_ft": 13.5, "right_sw_ft": 16.5}, "geometry": {"type": "LineString", "coordinates": [[-73.84520327592473, 40.883702514506474], [-73.84500410500019, 40.88354219340577]]}}, {"type": "Feature", "properties": {"segment_id": 1623880, "physicalid": "149305", "street_name": "SCHIEFFELIN AVE", "borough": "bronx", "direction": "TW", "total_row_ft": 80.0, "roadbed_ft": 50.2, "median_ft": 0.0, "left_sw_ft": 13.4, "right_sw_ft": 16.4}, "geometry": {"type": "LineString", "coordinates": [[-73.84515042925406, 40.883739994177255], [-73.84495205069248, 40.88358031078336]]}}, {"type": "Feature", "properties": {"segment_id": 1623881, "physicalid": "149305", "street_name": "SCHIEFFELIN AVE", "borough": "bronx", "direction": "TW", "total_row_ft": 79.6, "roadbed_ft": 50.0, "median_ft": 0.0, "left_sw_ft": 13.3, "right_sw_ft": 16.3}, "geometry": {"type": "LineString", "coordinates": [[-73.8450975825238, 40.8837774738236], [-73.84489999632508, 40.88361842813723]]}}, {"type": "Feature", "properties": {"segment_id": 1623882, "physicalid": "149305", "street_name": "SCHIEFFELIN AVE", "borough": "bronx", "direction": "TW", "total_row_ft": 79.3, "roadbed_ft": 49.9, "median_ft": 0.0, "left_sw_ft": 13.2, "right_sw_ft": 16.2}, "geometry": {"type": "LineString", "coordinates": [[-73.84504473573395, 40.883814953445494], [-73.84484794179492, 40.88365654538437]]}}, {"type": "Feature", "properties": {"segment_id": 1623883, "physicalid": "149305", "street_name": "SCHIEFFELIN AVE", "borough": "bronx", "direction": "TW", "total_row_ft": 79.0, "roadbed_ft": 49.8, "median_ft": 0.0, "left_sw_ft": 13.1, "right_sw_ft": 16.1}, "geometry": {"type": "LineString", "coordinates": [[-73.84499188900799, 40.88385243314229], [-73.84479588703554, 40.883694662471285]]}}, {"type": "Feature", "properties": {"segment_id": 1623884, "physicalid": "149308", "street_name": "SCHIEFFELIN AVE", "borough": "bronx", "direction": "TW", "total_row_ft": 78.6, "roadbed_ft": 49.6, "median_ft": 0.0, "left_sw_ft": 13.0, "right_sw_ft": 16.1}, "geometry": {"type": "LineString", "coordinates": [[-73.84490442749545, 40.88391446151495], [-73.84470932660453, 40.88375741578199]]}}, {"type": "Feature", "properties": {"segment_id": 1623885, "physicalid": "149308", "street_name": "SCHIEFFELIN AVE", "borough": "bronx", "direction": "TW", "total_row_ft": 78.8, "roadbed_ft": 49.7, "median_ft": 0.0, "left_sw_ft": 13.1, "right_sw_ft": 16.1}, "geometry": {"type": "LineString", "coordinates": [[-73.84485221126445, 40.883952448787056], [-73.84465659768848, 40.883794990271824]]}}, {"type": "Feature", "properties": {"segment_id": 1623886, "physicalid": "149308", "street_name": "SCHIEFFELIN AVE", "borough": "bronx", "direction": "TW", "total_row_ft": 79.1, "roadbed_ft": 49.7, "median_ft": 0.0, "left_sw_ft": 13.2, "right_sw_ft": 16.2}, "geometry": {"type": "LineString", "coordinates": [[-73.84480007353112, 40.883990499116564], [-73.84460386860404, 40.883832564814846]]}}, {"type": "Feature", "properties": {"segment_id": 1623887, "physicalid": "149308", "street_name": "SCHIEFFELIN AVE", "borough": "bronx", "direction": "TW", "total_row_ft": 79.3, "roadbed_ft": 49.8, "median_ft": 0.0, "left_sw_ft": 13.3, "right_sw_ft": 16.2}, "geometry": {"type": "LineString", "coordinates": [[-73.84474793571431, 40.88402854955532], [-73.84455113955904, 40.88387013924829]]}}, {"type": "Feature", "properties": {"segment_id": 1623888, "physicalid": "149308", "street_name": "SCHIEFFELIN AVE", "borough": "bronx", "direction": "TW", "total_row_ft": 79.6, "roadbed_ft": 49.9, "median_ft": 0.0, "left_sw_ft": 13.4, "right_sw_ft": 16.2}, "geometry": {"type": "LineString", "coordinates": [[-73.84469579782622, 40.884066599960924], [-73.84449841045219, 40.88390771365556]]}}, {"type": "Feature", "properties": {"segment_id": 1623889, "physicalid": "149308", "street_name": "SCHIEFFELIN AVE", "borough": "bronx", "direction": "TW", "total_row_ft": 79.8, "roadbed_ft": 50.0, "median_ft": 0.0, "left_sw_ft": 13.6, "right_sw_ft": 16.3}, "geometry": {"type": "LineString", "coordinates": [[-73.8446436598633, 40.88410465033052], [-73.84444568128573, 40.88394528803849]]}}, {"type": "Feature", "properties": {"segment_id": 1623890, "physicalid": "149308", "street_name": "SCHIEFFELIN AVE", "borough": "bronx", "direction": "TW", "total_row_ft": 80.0, "roadbed_ft": 50.1, "median_ft": 0.0, "left_sw_ft": 13.7, "right_sw_ft": 16.3}, "geometry": {"type": "LineString", "coordinates": [[-73.84459152184068, 40.88414270067631], [-73.8443929523965, 40.8839828626682]]}}, {"type": "Feature", "properties": {"segment_id": 1623891, "physicalid": "149308", "street_name": "SCHIEFFELIN AVE", "borough": "bronx", "direction": "TW", "total_row_ft": 80.3, "roadbed_ft": 50.1, "median_ft": 0.0, "left_sw_ft": 13.8, "right_sw_ft": 16.3}, "geometry": {"type": "LineString", "coordinates": [[-73.8445393837584, 40.88418075099823], [-73.84434024836281, 40.884020457329065]]}}, {"type": "Feature", "properties": {"segment_id": 1623892, "physicalid": "149308", "street_name": "SCHIEFFELIN AVE", "borough": "bronx", "direction": "TW", "total_row_ft": 80.4, "roadbed_ft": 50.2, "median_ft": 0.0, "left_sw_ft": 14.0, "right_sw_ft": 16.3}, "geometry": {"type": "LineString", "coordinates": [[-73.8444872454871, 40.88421880119226], [-73.8442877021212, 40.884058179028514]]}}, {"type": "Feature", "properties": {"segment_id": 1623893, "physicalid": "149308", "street_name": "SCHIEFFELIN AVE", "borough": "bronx", "direction": "TW", "total_row_ft": 80.5, "roadbed_ft": 50.1, "median_ft": 0.0, "left_sw_ft": 14.1, "right_sw_ft": 16.3}, "geometry": {"type": "LineString", "coordinates": [[-73.84443494563072, 40.88425672139104], [-73.84423515585286, 40.884095900680194]]}}, {"type": "Feature", "properties": {"segment_id": 1623894, "physicalid": "149321", "street_name": "SCHIEFFELIN AVE", "borough": "bronx", "direction": "TW", "total_row_ft": 80.4, "roadbed_ft": 49.8, "median_ft": 0.0, "left_sw_ft": 14.4, "right_sw_ft": 16.2}, "geometry": {"type": "LineString", "coordinates": [[-73.84398434042315, 40.884579812085974], [-73.8437849663106, 40.88441932486195]]}}, {"type": "Feature", "properties": {"segment_id": 1623895, "physicalid": "149321", "street_name": "SCHIEFFELIN AVE", "borough": "bronx", "direction": "TW", "total_row_ft": 80.4, "roadbed_ft": 49.8, "median_ft": 0.0, "left_sw_ft": 14.4, "right_sw_ft": 16.1}, "geometry": {"type": "LineString", "coordinates": [[-73.84393182863914, 40.88461756161262], [-73.84373245432359, 40.88445707465727]]}}, {"type": "Feature", "properties": {"segment_id": 1623896, "physicalid": "149321", "street_name": "SCHIEFFELIN AVE", "borough": "bronx", "direction": "TW", "total_row_ft": 80.4, "roadbed_ft": 49.8, "median_ft": 0.0, "left_sw_ft": 14.4, "right_sw_ft": 16.1}, "geometry": {"type": "LineString", "coordinates": [[-73.84387931662168, 40.884655311237054], [-73.84367994239456, 40.88449482425244]]}}, {"type": "Feature", "properties": {"segment_id": 1623897, "physicalid": "149321", "street_name": "SCHIEFFELIN AVE", "borough": "bronx", "direction": "TW", "total_row_ft": 80.4, "roadbed_ft": 49.9, "median_ft": 0.0, "left_sw_ft": 14.5, "right_sw_ft": 16.0}, "geometry": {"type": "LineString", "coordinates": [[-73.84382680454453, 40.88469306083736], [-73.84362743051582, 40.884532573911905]]}}, {"type": "Feature", "properties": {"segment_id": 1623898, "physicalid": "149321", "street_name": "SCHIEFFELIN AVE", "borough": "bronx", "direction": "TW", "total_row_ft": 80.4, "roadbed_ft": 49.9, "median_ft": 0.0, "left_sw_ft": 14.5, "right_sw_ft": 16.0}, "geometry": {"type": "LineString", "coordinates": [[-73.84377429239085, 40.884730810399866], [-73.84357479452282, 40.884570223688534]]}}, {"type": "Feature", "properties": {"segment_id": 1623899, "physicalid": "149321", "street_name": "SCHIEFFELIN AVE", "borough": "bronx", "direction": "TW", "total_row_ft": 80.7, "roadbed_ft": 49.9, "median_ft": 0.0, "left_sw_ft": 14.5, "right_sw_ft": 16.2}, "geometry": {"type": "LineString", "coordinates": [[-73.8437217801742, 40.88476855993553], [-73.84352161090236, 40.884607432671906]]}}, {"type": "Feature", "properties": {"segment_id": 1623900, "physicalid": "149321", "street_name": "SCHIEFFELIN AVE", "borough": "bronx", "direction": "TW", "total_row_ft": 81.0, "roadbed_ft": 50.0, "median_ft": 0.0, "left_sw_ft": 14.5, "right_sw_ft": 16.5}, "geometry": {"type": "LineString", "coordinates": [[-73.8436692679827, 40.88480630951532], [-73.84346842722238, 40.88464464163048]]}}, {"type": "Feature", "properties": {"segment_id": 1623901, "physicalid": "149321", "street_name": "SCHIEFFELIN AVE", "borough": "bronx", "direction": "TW", "total_row_ft": 81.2, "roadbed_ft": 50.1, "median_ft": 0.0, "left_sw_ft": 14.5, "right_sw_ft": 16.6}, "geometry": {"type": "LineString", "coordinates": [[-73.84361675598838, 40.88484405927767], [-73.8434152437138, 40.88468185075019]]}}, {"type": "Feature", "properties": {"segment_id": 1623902, "physicalid": "149321", "street_name": "SCHIEFFELIN AVE", "borough": "bronx", "direction": "TW", "total_row_ft": 81.5, "roadbed_ft": 50.2, "median_ft": 0.0, "left_sw_ft": 14.5, "right_sw_ft": 16.8}, "geometry": {"type": "LineString", "coordinates": [[-73.8435641442046, 40.884881728849], [-73.84336206044165, 40.88471905996741]]}}, {"type": "Feature", "properties": {"segment_id": 1623903, "physicalid": "149321", "street_name": "SCHIEFFELIN AVE", "borough": "bronx", "direction": "TW", "total_row_ft": 81.3, "roadbed_ft": 50.3, "median_ft": 0.0, "left_sw_ft": 14.4, "right_sw_ft": 16.7}, "geometry": {"type": "LineString", "coordinates": [[-73.84351134745077, 40.88491924944046], [-73.84330956638885, 40.884756824117886]]}}, {"type": "Feature", "properties": {"segment_id": 1623904, "physicalid": "149321", "street_name": "SCHIEFFELIN AVE", "borough": "bronx", "direction": "TW", "total_row_ft": 81.1, "roadbed_ft": 50.4, "median_ft": 0.0, "left_sw_ft": 14.3, "right_sw_ft": 16.4}, "geometry": {"type": "LineString", "coordinates": [[-73.84345855061807, 40.884956770021205], [-73.84325736204744, 40.88479482146831]]}}, {"type": "Feature", "properties": {"segment_id": 1623905, "physicalid": "149321", "street_name": "SCHIEFFELIN AVE", "borough": "bronx", "direction": "TW", "total_row_ft": 80.9, "roadbed_ft": 50.5, "median_ft": 0.0, "left_sw_ft": 14.2, "right_sw_ft": 16.2}, "geometry": {"type": "LineString", "coordinates": [[-73.84340575367459, 40.88499429050702], [-73.84320515762637, 40.884832818809365]]}}, {"type": "Feature", "properties": {"segment_id": 1623906, "physicalid": "149321", "street_name": "SCHIEFFELIN AVE", "borough": "bronx", "direction": "TW", "total_row_ft": 93.9, "roadbed_ft": 50.6, "median_ft": 0.0, "left_sw_ft": 14.1, "right_sw_ft": 29.2}, "geometry": {"type": "LineString", "coordinates": [[-73.8433529565586, 40.88503181087756], [-73.84310592131028, 40.88483295721521]]}}, {"type": "Feature", "properties": {"segment_id": 1623907, "physicalid": "149321", "street_name": "SCHIEFFELIN AVE", "borough": "bronx", "direction": "TW", "total_row_ft": 150.0, "roadbed_ft": 120.0, "median_ft": 0.0, "left_sw_ft": 15.0, "right_sw_ft": 15.0}, "geometry": {"type": "LineString", "coordinates": [[-73.84335100419725, 40.885110258417356], [-73.84305329375995, 40.884870614671804]]}}, {"type": "Feature", "properties": {"segment_id": 1623908, "physicalid": "149322", "street_name": "SCHIEFFELIN AVE", "borough": "bronx", "direction": "TW", "total_row_ft": 99.4, "roadbed_ft": 50.0, "median_ft": 0.0, "left_sw_ft": 14.1, "right_sw_ft": 35.3}, "geometry": {"type": "LineString", "coordinates": [[-73.8443243864001, 40.8843359200014], [-73.84407786018762, 40.884137478626506]]}}, {"type": "Feature", "properties": {"segment_id": 1623909, "physicalid": "149322", "street_name": "SCHIEFFELIN AVE", "borough": "bronx", "direction": "TW", "total_row_ft": 80.5, "roadbed_ft": 49.9, "median_ft": 0.0, "left_sw_ft": 14.2, "right_sw_ft": 16.4}, "geometry": {"type": "LineString", "coordinates": [[-73.8442717868359, 40.884373598977476], [-73.84407216146872, 40.884212910488266]]}}, {"type": "Feature", "properties": {"segment_id": 1623910, "physicalid": "149322", "street_name": "SCHIEFFELIN AVE", "borough": "bronx", "direction": "TW", "total_row_ft": 80.4, "roadbed_ft": 49.9, "median_ft": 0.0, "left_sw_ft": 14.2, "right_sw_ft": 16.4}, "geometry": {"type": "LineString", "coordinates": [[-73.84421918721208, 40.88441127792931], [-73.84401961885926, 40.88425063523292]]}}, {"type": "Feature", "properties": {"segment_id": 1623911, "physicalid": "149322", "street_name": "SCHIEFFELIN AVE", "borough": "bronx", "direction": "TW", "total_row_ft": 80.4, "roadbed_ft": 49.9, "median_ft": 0.0, "left_sw_ft": 14.2, "right_sw_ft": 16.3}, "geometry": {"type": "LineString", "coordinates": [[-73.84416658752866, 40.88444895685689], [-73.84396710767551, 40.884288385297644]]}}, {"type": "Feature", "properties": {"segment_id": 1623912, "physicalid": "149322", "street_name": "SCHIEFFELIN AVE", "borough": "bronx", "direction": "TW", "total_row_ft": 80.4, "roadbed_ft": 49.9, "median_ft": 0.0, "left_sw_ft": 14.2, "right_sw_ft": 16.3}, "geometry": {"type": "LineString", "coordinates": [[-73.84411398825236, 40.88448663613602], [-73.84391459643214, 40.88432613533816]]}}, {"type": "Feature", "properties": {"segment_id": 1623913, "physicalid": "149324", "street_name": "E 229 ST", "borough": "bronx", "direction": "TW", "total_row_ft": 150.0, "roadbed_ft": 120.0, "median_ft": 0.0, "left_sw_ft": 15.0, "right_sw_ft": 15.0}, "geometry": {"type": "LineString", "coordinates": [[-73.84294558134266, 40.88510752743805], [-73.84327414693938, 40.88489235568889]]}}, {"type": "Feature", "properties": {"segment_id": 1623914, "physicalid": "149324", "street_name": "E 229 ST", "borough": "bronx", "direction": "TW", "total_row_ft": 100.1, "roadbed_ft": 50.5, "median_ft": 0.0, "left_sw_ft": 14.1, "right_sw_ft": 35.4}, "geometry": {"type": "LineString", "coordinates": [[-73.8429529169527, 40.88503021844857], [-73.84322689407318, 40.88485079563913]]}}, {"type": "Feature", "properties": {"segment_id": 1623915, "physicalid": "149324", "street_name": "E 229 ST", "borough": "bronx", "direction": "TW", "total_row_ft": 78.7, "roadbed_ft": 49.5, "median_ft": 0.0, "left_sw_ft": 14.2, "right_sw_ft": 14.9}, "geometry": {"type": "LineString", "coordinates": [[-73.84290842868774, 40.88498684785581], [-73.84312379013612, 40.88484581160991]]}}, {"type": "Feature", "properties": {"segment_id": 1623916, "physicalid": "149324", "street_name": "E 229 ST", "borough": "bronx", "direction": "TW", "total_row_ft": 77.9, "roadbed_ft": 49.0, "median_ft": 0.0, "left_sw_ft": 14.3, "right_sw_ft": 14.6}, "geometry": {"type": "LineString", "coordinates": [[-73.84286175667253, 40.88494134829522], [-73.84307971776856, 40.88480586090964]]}}, {"type": "Feature", "properties": {"segment_id": 1623917, "physicalid": "149324", "street_name": "E 229 ST", "borough": "bronx", "direction": "TW", "total_row_ft": 77.2, "roadbed_ft": 48.5, "median_ft": 0.0, "left_sw_ft": 14.4, "right_sw_ft": 14.3}, "geometry": {"type": "LineString", "coordinates": [[-73.84281731148263, 40.88489801954373], [-73.84303328314307, 40.88476376887135]]}}, {"type": "Feature", "properties": {"segment_id": 1623918, "physicalid": "149324", "street_name": "E 229 ST", "borough": "bronx", "direction": "TW", "total_row_ft": 76.8, "roadbed_ft": 48.0, "median_ft": 0.0, "left_sw_ft": 14.8, "right_sw_ft": 14.0}, "geometry": {"type": "LineString", "coordinates": [[-73.84276996214962, 40.88485305781815], [-73.84298917443863, 40.88472378516594]]}}, {"type": "Feature", "properties": {"segment_id": 1623919, "physicalid": "149324", "street_name": "E 229 ST", "borough": "bronx", "direction": "TW", "total_row_ft": 76.8, "roadbed_ft": 47.5, "median_ft": 0.0, "left_sw_ft": 15.2, "right_sw_ft": 14.2}, "geometry": {"type": "LineString", "coordinates": [[-73.84272464295995, 40.8848102657979], [-73.84294399634709, 40.88468090999162]]}}, {"type": "Feature", "properties": {"segment_id": 1623920, "physicalid": "149324", "street_name": "E 229 ST", "borough": "bronx", "direction": "TW", "total_row_ft": 77.7, "roadbed_ft": 46.9, "median_ft": 0.0, "left_sw_ft": 15.6, "right_sw_ft": 15.1}, "geometry": {"type": "LineString", "coordinates": [[-73.8426793238286, 40.88476747375953], [-73.8429011399443, 40.884636665696526]]}}, {"type": "Feature", "properties": {"segment_id": 1623921, "physicalid": "149324", "street_name": "E 229 ST", "borough": "bronx", "direction": "TW", "total_row_ft": 78.3, "roadbed_ft": 47.2, "median_ft": 0.0, "left_sw_ft": 15.8, "right_sw_ft": 15.3}, "geometry": {"type": "LineString", "coordinates": [[-73.84263235478507, 40.88472220856387], [-73.84286046947948, 40.884594678060814]]}}, {"type": "Feature", "properties": {"segment_id": 1623922, "physicalid": "149324", "street_name": "E 229 ST", "borough": "bronx", "direction": "TW", "total_row_ft": 78.4, "roadbed_ft": 48.4, "median_ft": 0.0, "left_sw_ft": 15.4, "right_sw_ft": 14.6}, "geometry": {"type": "LineString", "coordinates": [[-73.84258940327899, 40.884678041618336], [-73.84281762827632, 40.88455044949396]]}}, {"type": "Feature", "properties": {"segment_id": 1623923, "physicalid": "149324", "street_name": "E 229 ST", "borough": "bronx", "direction": "TW", "total_row_ft": 78.4, "roadbed_ft": 49.5, "median_ft": 0.0, "left_sw_ft": 15.0, "right_sw_ft": 13.9}, "geometry": {"type": "LineString", "coordinates": [[-73.84254645182999, 40.884633874656416], [-73.84277478711608, 40.8845062209187]]}}, {"type": "Feature", "properties": {"segment_id": 1623924, "physicalid": "149324", "street_name": "E 229 ST", "borough": "bronx", "direction": "TW", "total_row_ft": 78.5, "roadbed_ft": 50.7, "median_ft": 0.0, "left_sw_ft": 14.6, "right_sw_ft": 13.2}, "geometry": {"type": "LineString", "coordinates": [[-73.84250135998526, 40.88458750664555], [-73.84273412740328, 40.88446424436777]]}}, {"type": "Feature", "properties": {"segment_id": 1623925, "physicalid": "149324", "street_name": "E 229 ST", "borough": "bronx", "direction": "TW", "total_row_ft": 79.4, "roadbed_ft": 51.5, "median_ft": 0.0, "left_sw_ft": 14.6, "right_sw_ft": 13.4}, "geometry": {"type": "LineString", "coordinates": [[-73.84245839358135, 40.884543323982356], [-73.8426939217378, 40.88441859979296]]}}, {"type": "Feature", "properties": {"segment_id": 1623926, "physicalid": "149324", "street_name": "E 229 ST", "borough": "bronx", "direction": "TW", "total_row_ft": 79.5, "roadbed_ft": 51.4, "median_ft": 0.0, "left_sw_ft": 14.4, "right_sw_ft": 13.6}, "geometry": {"type": "LineString", "coordinates": [[-73.84241822714486, 40.884497658613434], [-73.84265393427157, 40.88437283968496]]}}, {"type": "Feature", "properties": {"segment_id": 1623927, "physicalid": "149324", "street_name": "E 229 ST", "borough": "bronx", "direction": "TW", "total_row_ft": 79.5, "roadbed_ft": 51.4, "median_ft": 0.0, "left_sw_ft": 14.3, "right_sw_ft": 13.8}, "geometry": {"type": "LineString", "coordinates": [[-73.84237606648927, 40.88444972120913], [-73.8426160404436, 40.884329475384256]]}}, {"type": "Feature", "properties": {"segment_id": 1623928, "physicalid": "149324", "street_name": "E 229 ST", "borough": "bronx", "direction": "TW", "total_row_ft": 79.6, "roadbed_ft": 51.1, "median_ft": 0.0, "left_sw_ft": 14.4, "right_sw_ft": 14.1}, "geometry": {"type": "LineString", "coordinates": [[-73.84233591090911, 40.88440406353175], [-73.84257606414684, 40.88428372790779]]}}, {"type": "Feature", "properties": {"segment_id": 1623929, "physicalid": "149325", "street_name": "E 229 ST", "borough": "bronx", "direction": "TW", "total_row_ft": 98.8, "roadbed_ft": 49.9, "median_ft": 0.0, "left_sw_ft": 13.9, "right_sw_ft": 35.1}, "geometry": {"type": "LineString", "coordinates": [[-73.84225007501895, 40.884298715236355], [-73.8425618546213, 40.884166185520996]]}}, {"type": "Feature", "properties": {"segment_id": 1623930, "physicalid": "149325", "street_name": "E 229 ST", "borough": "bronx", "direction": "TW", "total_row_ft": 77.8, "roadbed_ft": 49.0, "median_ft": 0.0, "left_sw_ft": 13.7, "right_sw_ft": 15.2}, "geometry": {"type": "LineString", "coordinates": [[-73.84221319993365, 40.88425147256095], [-73.84245877210591, 40.88414708611197]]}}, {"type": "Feature", "properties": {"segment_id": 1623931, "physicalid": "149325", "street_name": "E 229 ST", "borough": "bronx", "direction": "TW", "total_row_ft": 77.8, "roadbed_ft": 49.1, "median_ft": 0.0, "left_sw_ft": 13.7, "right_sw_ft": 15.0}, "geometry": {"type": "LineString", "coordinates": [[-73.84217632490078, 40.88420422987331], [-73.84242189446559, 40.88409984456068]]}}, {"type": "Feature", "properties": {"segment_id": 1623932, "physicalid": "149325", "street_name": "E 229 ST", "borough": "bronx", "direction": "TW", "total_row_ft": 77.8, "roadbed_ft": 49.3, "median_ft": 0.0, "left_sw_ft": 13.7, "right_sw_ft": 14.9}, "geometry": {"type": "LineString", "coordinates": [[-73.84213944959531, 40.88415698731168], [-73.84238501687767, 40.88405260299719]]}}, {"type": "Feature", "properties": {"segment_id": 1623933, "physicalid": "149325", "street_name": "E 229 ST", "borough": "bronx", "direction": "TW", "total_row_ft": 93.8, "roadbed_ft": 49.5, "median_ft": 0.0, "left_sw_ft": 14.3, "right_sw_ft": 30.1}, "geometry": {"type": "LineString", "coordinates": [[-73.84210226083552, 40.88410987800085], [-73.84239819600263, 40.883984083528105]]}}, {"type": "Feature", "properties": {"segment_id": 1624923, "physicalid": "150429", "street_name": "229 DR N", "borough": "bronx", "direction": "TW", "total_row_ft": 150.0, "roadbed_ft": 120.0, "median_ft": 0.0, "left_sw_ft": 15.0, "right_sw_ft": 15.0}, "geometry": {"type": "LineString", "coordinates": [[-73.84647574060881, 40.88671321005167], [-73.84607475972179, 40.886587218123914]]}}, {"type": "Feature", "properties": {"segment_id": 1624924, "physicalid": "150429", "street_name": "229 DR N", "borough": "bronx", "direction": "TW", "total_row_ft": 120.0, "roadbed_ft": 22.2, "median_ft": 0.0, "left_sw_ft": 49.7, "right_sw_ft": 48.1}, "geometry": {"type": "LineString", "coordinates": [[-73.84644807151649, 40.886763928703125], [-73.84604709037599, 40.88663793668042]]}}, {"type": "Feature", "properties": {"segment_id": 1624925, "physicalid": "150429", "street_name": "229 DR N", "borough": "bronx", "direction": "TW", "total_row_ft": 80.2, "roadbed_ft": 27.4, "median_ft": 0.0, "left_sw_ft": 28.3, "right_sw_ft": 24.5}, "geometry": {"type": "LineString", "coordinates": [[-73.84635011751361, 40.88679256331759], [-73.84608216837499, 40.886708371171466]]}}, {"type": "Feature", "properties": {"segment_id": 1624926, "physicalid": "150429", "street_name": "229 DR N", "borough": "bronx", "direction": "TW", "total_row_ft": 80.2, "roadbed_ft": 59.9, "median_ft": 0.0, "left_sw_ft": 10.8, "right_sw_ft": 9.5}, "geometry": {"type": "LineString", "coordinates": [[-73.84632217178475, 40.8868431950573], [-73.84605429649758, 40.88675902610505]]}}, {"type": "Feature", "properties": {"segment_id": 1624927, "physicalid": "150429", "street_name": "229 DR N", "borough": "bronx", "direction": "TW", "total_row_ft": 80.1, "roadbed_ft": 59.9, "median_ft": 0.0, "left_sw_ft": 10.8, "right_sw_ft": 9.5}, "geometry": {"type": "LineString", "coordinates": [[-73.84629422622615, 40.88689382685665], [-73.84602642484677, 40.88680968111597]]}}, {"type": "Feature", "properties": {"segment_id": 1624928, "physicalid": "150429", "street_name": "229 DR N", "borough": "bronx", "direction": "TW", "total_row_ft": 80.1, "roadbed_ft": 59.8, "median_ft": 0.0, "left_sw_ft": 10.8, "right_sw_ft": 9.5}, "geometry": {"type": "LineString", "coordinates": [[-73.84626628068807, 40.88694445866858], [-73.84599855315349, 40.88686033611968]]}}, {"type": "Feature", "properties": {"segment_id": 1624929, "physicalid": "150429", "street_name": "229 DR N", "borough": "bronx", "direction": "TW", "total_row_ft": 80.1, "roadbed_ft": 59.8, "median_ft": 0.0, "left_sw_ft": 10.9, "right_sw_ft": 9.5}, "geometry": {"type": "LineString", "coordinates": [[-73.84623833510743, 40.88699509047326], [-73.84597068143557, 40.88691099112178]]}}, {"type": "Feature", "properties": {"segment_id": 1624930, "physicalid": "150429", "street_name": "229 DR N", "borough": "bronx", "direction": "TW", "total_row_ft": 91.3, "roadbed_ft": 59.7, "median_ft": 0.0, "left_sw_ft": 22.1, "right_sw_ft": 9.4}, "geometry": {"type": "LineString", "coordinates": [[-73.8462477289075, 40.88705745461094], [-73.84594280974163, 40.886961646137564]]}}, {"type": "Feature", "properties": {"segment_id": 1624931, "physicalid": "150434", "street_name": "GRENADA PL", "borough": "bronx", "direction": "TW", "total_row_ft": 135.0, "roadbed_ft": 89.9, "median_ft": 0.0, "left_sw_ft": 15.0, "right_sw_ft": 30.1}, "geometry": {"type": "LineString", "coordinates": [[-73.84703884184515, 40.8878413695823], [-73.84695391670311, 40.8875183747345]]}}, {"type": "Feature", "properties": {"segment_id": 1624932, "physicalid": "150434", "street_name": "GRENADA PL", "borough": "bronx", "direction": "TW", "total_row_ft": 117.1, "roadbed_ft": 85.7, "median_ft": 0.0, "left_sw_ft": 15.0, "right_sw_ft": 16.4}, "geometry": {"type": "LineString", "coordinates": [[-73.84696790737365, 40.887852111288815], [-73.84689567093571, 40.88757737433811]]}}, {"type": "Feature", "properties": {"segment_id": 1624933, "physicalid": "150434", "street_name": "GRENADA PL", "borough": "bronx", "direction": "TW", "total_row_ft": 118.2, "roadbed_ft": 85.6, "median_ft": 0.0, "left_sw_ft": 15.0, "right_sw_ft": 17.5}, "geometry": {"type": "LineString", "coordinates": [[-73.84689697287926, 40.88786285295173], [-73.84682395754447, 40.887585152482366]]}}, {"type": "Feature", "properties": {"segment_id": 1624934, "physicalid": "150434", "street_name": "GRENADA PL", "borough": "bronx", "direction": "TW", "total_row_ft": 104.7, "roadbed_ft": 49.6, "median_ft": 0.0, "left_sw_ft": 33.9, "right_sw_ft": 21.2}, "geometry": {"type": "LineString", "coordinates": [[-73.84682460126719, 40.88786812884462], [-73.8467504898108, 40.88758625826848]]}}, {"type": "Feature", "properties": {"segment_id": 1624935, "physicalid": "150434", "street_name": "GRENADA PL", "borough": "bronx", "direction": "TW", "total_row_ft": 86.3, "roadbed_ft": 49.6, "median_ft": 0.0, "left_sw_ft": 15.1, "right_sw_ft": 21.6}, "geometry": {"type": "LineString", "coordinates": [[-73.84675510382174, 40.88788433614666], [-73.84667928262918, 40.88759596172381]]}}, {"type": "Feature", "properties": {"segment_id": 1624936, "physicalid": "150434", "street_name": "GRENADA PL", "borough": "bronx", "direction": "TW", "total_row_ft": 76.7, "roadbed_ft": 49.6, "median_ft": 0.0, "left_sw_ft": 8.0, "right_sw_ft": 19.1}, "geometry": {"type": "LineString", "coordinates": [[-73.84666444221166, 40.8878200487862], [-73.84661019674658, 40.88761373332163]]}}, {"type": "Feature", "properties": {"segment_id": 1624937, "physicalid": "150434", "street_name": "GRENADA PL", "borough": "bronx", "direction": "TW", "total_row_ft": 76.4, "roadbed_ft": 49.5, "median_ft": 0.0, "left_sw_ft": 8.0, "right_sw_ft": 18.9}, "geometry": {"type": "LineString", "coordinates": [[-73.84659349944359, 40.887830758851116], [-73.84653942094164, 40.8876250775763]]}}, {"type": "Feature", "properties": {"segment_id": 1624938, "physicalid": "150434", "street_name": "GRENADA PL", "borough": "bronx", "direction": "TW", "total_row_ft": 76.1, "roadbed_ft": 49.5, "median_ft": 0.0, "left_sw_ft": 7.9, "right_sw_ft": 18.7}, "geometry": {"type": "LineString", "coordinates": [[-73.84652255666022, 40.887841468901186], [-73.84646870161373, 40.88763663668489]]}}, {"type": "Feature", "properties": {"segment_id": 1624939, "physicalid": "150434", "street_name": "GRENADA PL", "borough": "bronx", "direction": "TW", "total_row_ft": 75.8, "roadbed_ft": 49.5, "median_ft": 0.0, "left_sw_ft": 7.9, "right_sw_ft": 18.5}, "geometry": {"type": "LineString", "coordinates": [[-73.84645161384044, 40.887852178856086], [-73.84639798226125, 40.887648195750124]]}}, {"type": "Feature", "properties": {"segment_id": 1624940, "physicalid": "150435", "street_name": "GRENADA PL", "borough": "bronx", "direction": "TW", "total_row_ft": 75.1, "roadbed_ft": 49.4, "median_ft": 0.0, "left_sw_ft": 7.8, "right_sw_ft": 18.0}, "geometry": {"type": "LineString", "coordinates": [[-73.84630236085592, 40.88787475014461], [-73.84624919031748, 40.88767251568537]]}}, {"type": "Feature", "properties": {"segment_id": 1624941, "physicalid": "150435", "street_name": "GRENADA PL", "borough": "bronx", "direction": "TW", "total_row_ft": 74.9, "roadbed_ft": 49.3, "median_ft": 0.0, "left_sw_ft": 7.9, "right_sw_ft": 17.7}, "geometry": {"type": "LineString", "coordinates": [[-73.84623148894254, 40.8878857299268], [-73.84617847090549, 40.88768407469275]]}}, {"type": "Feature", "properties": {"segment_id": 1624942, "physicalid": "150435", "street_name": "GRENADA PL", "borough": "bronx", "direction": "TW", "total_row_ft": 74.7, "roadbed_ft": 49.3, "median_ft": 0.0, "left_sw_ft": 7.9, "right_sw_ft": 17.5}, "geometry": {"type": "LineString", "coordinates": [[-73.84616061696677, 40.88789670951722], [-73.84610775146886, 40.887695633656776]]}}, {"type": "Feature", "properties": {"segment_id": 1624943, "physicalid": "150435", "street_name": "GRENADA PL", "borough": "bronx", "direction": "TW", "total_row_ft": 77.7, "roadbed_ft": 49.2, "median_ft": 0.0, "left_sw_ft": 8.0, "right_sw_ft": 20.5}, "geometry": {"type": "LineString", "coordinates": [[-73.84608974500786, 40.88790768921728], [-73.8460347247277, 40.887698416689496]]}}, {"type": "Feature", "properties": {"segment_id": 1624944, "physicalid": "150435", "street_name": "GRENADA PL", "borough": "bronx", "direction": "TW", "total_row_ft": 81.3, "roadbed_ft": 49.2, "median_ft": 0.0, "left_sw_ft": 8.1, "right_sw_ft": 24.0}, "geometry": {"type": "LineString", "coordinates": [[-73.84601887302554, 40.88791866887378], [-73.8459540915001, 40.887672267797655]]}}, {"type": "Feature", "properties": {"segment_id": 1624945, "physicalid": "150435", "street_name": "GRENADA PL", "borough": "bronx", "direction": "TW", "total_row_ft": 74.5, "roadbed_ft": 49.3, "median_ft": 0.0, "left_sw_ft": 8.2, "right_sw_ft": 17.1}, "geometry": {"type": "LineString", "coordinates": [[-73.84594800105207, 40.887929648609436], [-73.84589525425088, 40.88772902178054]]}}, {"type": "Feature", "properties": {"segment_id": 1624946, "physicalid": "150435", "street_name": "GRENADA PL", "borough": "bronx", "direction": "TW", "total_row_ft": 74.6, "roadbed_ft": 49.3, "median_ft": 0.0, "left_sw_ft": 8.2, "right_sw_ft": 17.1}, "geometry": {"type": "LineString", "coordinates": [[-73.84587712915436, 40.88794062867873], [-73.84582432825815, 40.88773979528117]]}}, {"type": "Feature", "properties": {"segment_id": 1624947, "physicalid": "150437", "street_name": "229 DR N", "borough": "bronx", "direction": "TW", "total_row_ft": 82.4, "roadbed_ft": 60.8, "median_ft": 0.0, "left_sw_ft": 11.9, "right_sw_ft": 9.6}, "geometry": {"type": "LineString", "coordinates": [[-73.8461473670509, 40.88716454905601], [-73.84590112246332, 40.887037409934145]]}}, {"type": "Feature", "properties": {"segment_id": 1624948, "physicalid": "150437", "street_name": "229 DR N", "borough": "bronx", "direction": "TW", "total_row_ft": 75.8, "roadbed_ft": 20.6, "median_ft": 0.0, "left_sw_ft": 24.4, "right_sw_ft": 30.9}, "geometry": {"type": "LineString", "coordinates": [[-73.84609891677897, 40.88720592668242], [-73.84587221135973, 40.88708887584609]]}}, {"type": "Feature", "properties": {"segment_id": 1624949, "physicalid": "150437", "street_name": "229 DR N", "borough": "bronx", "direction": "TW", "total_row_ft": 67.4, "roadbed_ft": 21.6, "median_ft": 0.0, "left_sw_ft": 16.5, "right_sw_ft": 29.3}, "geometry": {"type": "LineString", "coordinates": [[-73.846041707814, 40.887242782110235], [-73.84584024666626, 40.887138765161076]]}}, {"type": "Feature", "properties": {"segment_id": 1624950, "physicalid": "150437", "street_name": "229 DR N", "borough": "bronx", "direction": "TW", "total_row_ft": 64.4, "roadbed_ft": 21.4, "median_ft": 0.0, "left_sw_ft": 12.4, "right_sw_ft": 30.5}, "geometry": {"type": "LineString", "coordinates": [[-73.84598448987424, 40.88727963290842], [-73.8457919009467, 40.88718019672967]]}}, {"type": "Feature", "properties": {"segment_id": 1624951, "physicalid": "150438", "street_name": "229 DR N", "borough": "bronx", "direction": "TW", "total_row_ft": 73.8, "roadbed_ft": 19.7, "median_ft": 0.0, "left_sw_ft": 24.1, "right_sw_ft": 30.0}, "geometry": {"type": "LineString", "coordinates": [[-73.84585494857009, 40.887387326567804], [-73.84573814873107, 40.88720509242838]]}}, {"type": "Feature", "properties": {"segment_id": 1624952, "physicalid": "150438", "street_name": "229 DR N", "borough": "bronx", "direction": "TW", "total_row_ft": 61.7, "roadbed_ft": 19.4, "median_ft": 0.0, "left_sw_ft": 11.6, "right_sw_ft": 30.7}, "geometry": {"type": "LineString", "coordinates": [[-73.8457891673898, 40.887482155573764], [-73.84569644793592, 40.887215805831474]]}}, {"type": "Feature", "properties": {"segment_id": 1624953, "physicalid": "150438", "street_name": "229 DR N", "borough": "bronx", "direction": "TW", "total_row_ft": 60.7, "roadbed_ft": 20.7, "median_ft": 0.0, "left_sw_ft": 10.4, "right_sw_ft": 29.7}, "geometry": {"type": "LineString", "coordinates": [[-73.84567501441843, 40.88738980476054], [-73.84563978245345, 40.88722523763322]]}}, {"type": "Feature", "properties": {"segment_id": 1624954, "physicalid": "150438", "street_name": "229 DR N", "borough": "bronx", "direction": "TW", "total_row_ft": 60.3, "roadbed_ft": 39.5, "median_ft": 0.0, "left_sw_ft": 11.5, "right_sw_ft": 9.2}, "geometry": {"type": "LineString", "coordinates": [[-73.84559607993233, 40.887395111615355], [-73.8455821751275, 40.887230065816304]]}}, {"type": "Feature", "properties": {"segment_id": 1624955, "physicalid": "150446", "street_name": "229 DR N", "borough": "bronx", "direction": "TW", "total_row_ft": 99.7, "roadbed_ft": 39.3, "median_ft": 0.0, "left_sw_ft": 50.5, "right_sw_ft": 9.9}, "geometry": {"type": "LineString", "coordinates": [[-73.8454271007598, 40.88749870224073], [-73.84547585599432, 40.887227475827736]]}}, {"type": "Feature", "properties": {"segment_id": 1624956, "physicalid": "150446", "street_name": "229 DR N", "borough": "bronx", "direction": "TW", "total_row_ft": 59.4, "roadbed_ft": 39.5, "median_ft": 0.0, "left_sw_ft": 10.4, "right_sw_ft": 9.5}, "geometry": {"type": "LineString", "coordinates": [[-73.84537174583932, 40.887385047247], [-73.84540847012968, 40.88722434904196]]}}, {"type": "Feature", "properties": {"segment_id": 1624957, "physicalid": "150446", "street_name": "229 DR N", "borough": "bronx", "direction": "TW", "total_row_ft": 59.0, "roadbed_ft": 40.0, "median_ft": 0.0, "left_sw_ft": 9.9, "right_sw_ft": 9.1}, "geometry": {"type": "LineString", "coordinates": [[-73.84530002923873, 40.88737762792701], [-73.84533650674541, 40.887218010359256]]}}, {"type": "Feature", "properties": {"segment_id": 1624958, "physicalid": "150446", "street_name": "229 DR N", "borough": "bronx", "direction": "TW", "total_row_ft": 59.1, "roadbed_ft": 40.5, "median_ft": 0.0, "left_sw_ft": 9.5, "right_sw_ft": 9.1}, "geometry": {"type": "LineString", "coordinates": [[-73.8452259010016, 40.887367936159556], [-73.84526997961164, 40.88720933299638]]}}, {"type": "Feature", "properties": {"segment_id": 1624959, "physicalid": "150446", "street_name": "229 DR N", "borough": "bronx", "direction": "TW", "total_row_ft": 59.5, "roadbed_ft": 40.9, "median_ft": 0.0, "left_sw_ft": 9.1, "right_sw_ft": 9.5}, "geometry": {"type": "LineString", "coordinates": [[-73.84515506622007, 40.88735682176289], [-73.84519946192492, 40.887197078242544]]}}, {"type": "Feature", "properties": {"segment_id": 1624960, "physicalid": "150446", "street_name": "229 DR N", "borough": "bronx", "direction": "TW", "total_row_ft": 59.5, "roadbed_ft": 41.0, "median_ft": 0.0, "left_sw_ft": 8.8, "right_sw_ft": 9.7}, "geometry": {"type": "LineString", "coordinates": [[-73.84508201011431, 40.887343131159206], [-73.84513404199025, 40.88718453023627]]}}, {"type": "Feature", "properties": {"segment_id": 1624961, "physicalid": "150446", "street_name": "229 DR N", "borough": "bronx", "direction": "TW", "total_row_ft": 59.4, "roadbed_ft": 41.0, "median_ft": 0.0, "left_sw_ft": 8.5, "right_sw_ft": 9.9}, "geometry": {"type": "LineString", "coordinates": [[-73.84500963324263, 40.887327597652366], [-73.84506904440501, 40.88717089163931]]}}, {"type": "Feature", "properties": {"segment_id": 1624962, "physicalid": "150446", "street_name": "229 DR N", "borough": "bronx", "direction": "TW", "total_row_ft": 59.9, "roadbed_ft": 40.9, "median_ft": 0.0, "left_sw_ft": 8.7, "right_sw_ft": 10.3}, "geometry": {"type": "LineString", "coordinates": [[-73.84494038116836, 40.88731173308774], [-73.84500026000595, 40.88715379393853]]}}, {"type": "Feature", "properties": {"segment_id": 1624963, "physicalid": "150446", "street_name": "229 DR N", "borough": "bronx", "direction": "TW", "total_row_ft": 61.6, "roadbed_ft": 29.7, "median_ft": 0.0, "left_sw_ft": 10.1, "right_sw_ft": 21.9}, "geometry": {"type": "LineString", "coordinates": [[-73.84486790837742, 40.887296451107815], [-73.84493724788422, 40.88713566626894]]}}, {"type": "Feature", "properties": {"segment_id": 1624964, "physicalid": "150447", "street_name": "229 DR N", "borough": "bronx", "direction": "TW", "total_row_ft": 92.4, "roadbed_ft": 18.6, "median_ft": 0.0, "left_sw_ft": 33.5, "right_sw_ft": 40.3}, "geometry": {"type": "LineString", "coordinates": [[-73.8447226473403, 40.88732265627149], [-73.84483462664625, 40.887083741443654]]}}, {"type": "Feature", "properties": {"segment_id": 1624965, "physicalid": "150447", "street_name": "229 DR N", "borough": "bronx", "direction": "TW", "total_row_ft": 90.1, "roadbed_ft": 39.1, "median_ft": 0.0, "left_sw_ft": 10.7, "right_sw_ft": 40.3}, "geometry": {"type": "LineString", "coordinates": [[-73.84465189933064, 40.887295150467374], [-73.84477424617592, 40.88706596270805]]}}, {"type": "Feature", "properties": {"segment_id": 1624966, "physicalid": "150447", "street_name": "229 DR N", "borough": "bronx", "direction": "TW", "total_row_ft": 80.3, "roadbed_ft": 38.6, "median_ft": 0.0, "left_sw_ft": 10.3, "right_sw_ft": 31.4}, "geometry": {"type": "LineString", "coordinates": [[-73.84458596492473, 40.88727246843091], [-73.84469500453154, 40.887068209077114]]}}, {"type": "Feature", "properties": {"segment_id": 1624967, "physicalid": "150447", "street_name": "229 DR N", "borough": "bronx", "direction": "TW", "total_row_ft": 79.7, "roadbed_ft": 60.4, "median_ft": 0.0, "left_sw_ft": 10.3, "right_sw_ft": 9.0}, "geometry": {"type": "LineString", "coordinates": [[-73.84451417944568, 40.887248087591914], [-73.84463385284621, 40.88704905713578]]}}, {"type": "Feature", "properties": {"segment_id": 1624968, "physicalid": "150447", "street_name": "229 DR N", "borough": "bronx", "direction": "TW", "total_row_ft": 79.5, "roadbed_ft": 60.3, "median_ft": 0.0, "left_sw_ft": 10.4, "right_sw_ft": 8.8}, "geometry": {"type": "LineString", "coordinates": [[-73.84444850949616, 40.88722507482118], [-73.84456789900295, 40.88702651683867]]}}, {"type": "Feature", "properties": {"segment_id": 1624969, "physicalid": "150447", "street_name": "229 DR N", "borough": "bronx", "direction": "TW", "total_row_ft": 79.5, "roadbed_ft": 60.0, "median_ft": 0.0, "left_sw_ft": 10.5, "right_sw_ft": 9.1}, "geometry": {"type": "LineString", "coordinates": [[-73.84437753907133, 40.88719939859467], [-73.84450813639356, 40.8870048965412]]}}, {"type": "Feature", "properties": {"segment_id": 1624970, "physicalid": "150447", "street_name": "229 DR N", "borough": "bronx", "direction": "TW", "total_row_ft": 79.7, "roadbed_ft": 59.4, "median_ft": 0.0, "left_sw_ft": 10.6, "right_sw_ft": 9.7}, "geometry": {"type": "LineString", "coordinates": [[-73.84431002634939, 40.887174207985595], [-73.84444597614032, 40.88698116157118]]}}, {"type": "Feature", "properties": {"segment_id": 1624971, "physicalid": "150447", "street_name": "229 DR N", "borough": "bronx", "direction": "TW", "total_row_ft": 80.0, "roadbed_ft": 58.9, "median_ft": 0.0, "left_sw_ft": 10.6, "right_sw_ft": 10.4}, "geometry": {"type": "LineString", "coordinates": [[-73.84424570800894, 40.88714907976156], [-73.84438201734702, 40.88695552306233]]}}, {"type": "Feature", "properties": {"segment_id": 1624972, "physicalid": "150447", "street_name": "229 DR N", "borough": "bronx", "direction": "TW", "total_row_ft": 79.4, "roadbed_ft": 60.1, "median_ft": 0.0, "left_sw_ft": 9.6, "right_sw_ft": 9.7}, "geometry": {"type": "LineString", "coordinates": [[-73.84417805728384, 40.88711864832314], [-73.8443240821521, 40.88693098353643]]}}, {"type": "Feature", "properties": {"segment_id": 1624973, "physicalid": "150447", "street_name": "229 DR N", "borough": "bronx", "direction": "TW", "total_row_ft": 79.3, "roadbed_ft": 60.4, "median_ft": 0.0, "left_sw_ft": 9.5, "right_sw_ft": 9.4}, "geometry": {"type": "LineString", "coordinates": [[-73.84411583438497, 40.8870906584331], [-73.84426164986594, 40.88690326296683]]}}, {"type": "Feature", "properties": {"segment_id": 1624974, "physicalid": "150447", "street_name": "229 DR N", "borough": "bronx", "direction": "TW", "total_row_ft": 79.0, "roadbed_ft": 60.3, "median_ft": 0.0, "left_sw_ft": 9.3, "right_sw_ft": 9.5}, "geometry": {"type": "LineString", "coordinates": [[-73.84404935483676, 40.88705886492224], [-73.84420502626553, 40.88687696649282]]}}, {"type": "Feature", "properties": {"segment_id": 1624975, "physicalid": "150447", "street_name": "229 DR N", "borough": "bronx", "direction": "TW", "total_row_ft": 78.9, "roadbed_ft": 60.0, "median_ft": 0.0, "left_sw_ft": 8.8, "right_sw_ft": 10.0}, "geometry": {"type": "LineString", "coordinates": [[-73.84398374109998, 40.887026045649556], [-73.84414916012854, 40.88684968041277]]}}, {"type": "Feature", "properties": {"segment_id": 1624976, "physicalid": "150449", "street_name": "229 DR N", "borough": "bronx", "direction": "TW", "total_row_ft": 83.2, "roadbed_ft": 19.8, "median_ft": 0.0, "left_sw_ft": 30.1, "right_sw_ft": 33.3}, "geometry": {"type": "LineString", "coordinates": [[-73.84383718609544, 40.886947190745424], [-73.84402429489566, 40.88676839900825]]}}, {"type": "Feature", "properties": {"segment_id": 1624977, "physicalid": "150449", "street_name": "229 DR N", "borough": "bronx", "direction": "TW", "total_row_ft": 78.9, "roadbed_ft": 40.1, "median_ft": 0.0, "left_sw_ft": 29.2, "right_sw_ft": 9.6}, "geometry": {"type": "LineString", "coordinates": [[-73.84377964105151, 40.886913914443866], [-73.84395705849514, 40.886744383452495]]}}, {"type": "Feature", "properties": {"segment_id": 1624978, "physicalid": "150449", "street_name": "229 DR N", "borough": "bronx", "direction": "TW", "total_row_ft": 78.9, "roadbed_ft": 59.9, "median_ft": 0.0, "left_sw_ft": 9.0, "right_sw_ft": 10.0}, "geometry": {"type": "LineString", "coordinates": [[-73.84371815405508, 40.88687697859409], [-73.84390442648203, 40.886712826365]]}}, {"type": "Feature", "properties": {"segment_id": 1624979, "physicalid": "150449", "street_name": "229 DR N", "borough": "bronx", "direction": "TW", "total_row_ft": 80.2, "roadbed_ft": 59.5, "median_ft": 0.0, "left_sw_ft": 10.5, "right_sw_ft": 10.2}, "geometry": {"type": "LineString", "coordinates": [[-73.84365928043735, 40.88684473953902], [-73.84384857831337, 40.886677921274256]]}}, {"type": "Feature", "properties": {"segment_id": 1624980, "physicalid": "150449", "street_name": "229 DR N", "borough": "bronx", "direction": "TW", "total_row_ft": 80.3, "roadbed_ft": 59.2, "median_ft": 0.0, "left_sw_ft": 10.8, "right_sw_ft": 10.3}, "geometry": {"type": "LineString", "coordinates": [[-73.84359944567316, 40.886805848487796], [-73.84379751163806, 40.886644720669544]]}}, {"type": "Feature", "properties": {"segment_id": 1624981, "physicalid": "150449", "street_name": "229 DR N", "borough": "bronx", "direction": "TW", "total_row_ft": 78.9, "roadbed_ft": 59.2, "median_ft": 0.0, "left_sw_ft": 9.5, "right_sw_ft": 10.2}, "geometry": {"type": "LineString", "coordinates": [[-73.84354438720793, 40.88676308826919], [-73.84374713749096, 40.88661076132758]]}}, {"type": "Feature", "properties": {"segment_id": 1624982, "physicalid": "150449", "street_name": "229 DR N", "borough": "bronx", "direction": "TW", "total_row_ft": 78.5, "roadbed_ft": 46.0, "median_ft": 0.0, "left_sw_ft": 9.5, "right_sw_ft": 23.0}, "geometry": {"type": "LineString", "coordinates": [[-73.84349207837927, 40.886725145046725], [-73.84369389013484, 40.88657352331976]]}}, {"type": "Feature", "properties": {"segment_id": 1624983, "physicalid": "150449", "street_name": "229 DR N", "borough": "bronx", "direction": "TW", "total_row_ft": 78.2, "roadbed_ft": 57.6, "median_ft": 0.0, "left_sw_ft": 9.3, "right_sw_ft": 11.3}, "geometry": {"type": "LineString", "coordinates": [[-73.84343651669134, 40.886682745270775], [-73.84364516542541, 40.88653798225084]]}}, {"type": "Feature", "properties": {"segment_id": 1624984, "physicalid": "150449", "street_name": "229 DR N", "borough": "bronx", "direction": "TW", "total_row_ft": 78.0, "roadbed_ft": 57.8, "median_ft": 0.0, "left_sw_ft": 9.0, "right_sw_ft": 11.1}, "geometry": {"type": "LineString", "coordinates": [[-73.84338674546677, 40.88664290103357], [-73.84359492459137, 40.8864984639127]]}}, {"type": "Feature", "properties": {"segment_id": 1624985, "physicalid": "150449", "street_name": "229 DR N", "borough": "bronx", "direction": "TW", "total_row_ft": 78.4, "roadbed_ft": 57.8, "median_ft": 0.0, "left_sw_ft": 8.6, "right_sw_ft": 12.1}, "geometry": {"type": "LineString", "coordinates": [[-73.84333409072057, 40.886598366104266], [-73.84355090543144, 40.88645952783834]]}}, {"type": "Feature", "properties": {"segment_id": 1624986, "physicalid": "150449", "street_name": "229 DR N", "borough": "bronx", "direction": "TW", "total_row_ft": 78.9, "roadbed_ft": 59.2, "median_ft": 0.0, "left_sw_ft": 8.8, "right_sw_ft": 10.8}, "geometry": {"type": "LineString", "coordinates": [[-73.84328758912444, 40.88655631981441], [-73.84350559581655, 40.88641671831624]]}}, {"type": "Feature", "properties": {"segment_id": 1624987, "physicalid": "150449", "street_name": "229 DR N", "borough": "bronx", "direction": "TW", "total_row_ft": 78.3, "roadbed_ft": 40.7, "median_ft": 0.0, "left_sw_ft": 8.4, "right_sw_ft": 29.2}, "geometry": {"type": "LineString", "coordinates": [[-73.84324162041132, 40.88650768957381], [-73.84346516589842, 40.88637571551988]]}}, {"type": "Feature", "properties": {"segment_id": 1624988, "physicalid": "150449", "street_name": "229 DR N", "borough": "bronx", "direction": "TW", "total_row_ft": 88.4, "roadbed_ft": 59.8, "median_ft": 0.0, "left_sw_ft": 8.3, "right_sw_ft": 20.3}, "geometry": {"type": "LineString", "coordinates": [[-73.84320057827581, 40.886462372493476], [-73.84345281075278, 40.88631346253655]]}}, {"type": "Feature", "properties": {"segment_id": 1624989, "physicalid": "150449", "street_name": "229 DR N", "borough": "bronx", "direction": "TW", "total_row_ft": 78.7, "roadbed_ft": 60.3, "median_ft": 0.0, "left_sw_ft": 8.5, "right_sw_ft": 9.8}, "geometry": {"type": "LineString", "coordinates": [[-73.84315740188391, 40.88641262803492], [-73.8433887206141, 40.886286933842975]]}}, {"type": "Feature", "properties": {"segment_id": 1624990, "physicalid": "150454", "street_name": "EDSON AVE", "borough": "bronx", "direction": "TW", "total_row_ft": 150.0, "roadbed_ft": 120.0, "median_ft": 0.0, "left_sw_ft": 15.0, "right_sw_ft": 15.0}, "geometry": {"type": "LineString", "coordinates": [[-73.84308242046575, 40.88830292449192], [-73.8426639411665, 40.888390218941126]]}}, {"type": "Feature", "properties": {"segment_id": 1624991, "physicalid": "150454", "street_name": "EDSON AVE", "borough": "bronx", "direction": "TW", "total_row_ft": 117.2, "roadbed_ft": 33.4, "median_ft": 0.0, "left_sw_ft": 42.8, "right_sw_ft": 41.0}, "geometry": {"type": "LineString", "coordinates": [[-73.84310159194094, 40.8883558550062], [-73.84269270371429, 40.88844114878918]]}}, {"type": "Feature", "properties": {"segment_id": 1624992, "physicalid": "150454", "street_name": "EDSON AVE", "borough": "bronx", "direction": "TW", "total_row_ft": 53.7, "roadbed_ft": 33.4, "median_ft": 0.0, "left_sw_ft": 7.2, "right_sw_ft": 13.1}, "geometry": {"type": "LineString", "coordinates": [[-73.84299749576621, 40.88843449924118], [-73.84281011903528, 40.88847358586782]]}}, {"type": "Feature", "properties": {"segment_id": 1624993, "physicalid": "150454", "street_name": "EDSON AVE", "borough": "bronx", "direction": "TW", "total_row_ft": 55.4, "roadbed_ft": 33.5, "median_ft": 0.0, "left_sw_ft": 7.7, "right_sw_ft": 14.2}, "geometry": {"type": "LineString", "coordinates": [[-73.84301935926162, 40.888486868206385], [-73.84282627274685, 40.888527145890826]]}}, {"type": "Feature", "properties": {"segment_id": 1624994, "physicalid": "150454", "street_name": "EDSON AVE", "borough": "bronx", "direction": "TW", "total_row_ft": 61.3, "roadbed_ft": 33.5, "median_ft": 0.0, "left_sw_ft": 8.2, "right_sw_ft": 19.6}, "geometry": {"type": "LineString", "coordinates": [[-73.84304122279146, 40.888539237166974], [-73.84274062601838, 40.88860194125072]]}}, {"type": "Feature", "properties": {"segment_id": 1624995, "physicalid": "150454", "street_name": "EDSON AVE", "borough": "bronx", "direction": "TW", "total_row_ft": 80.0, "roadbed_ft": 33.5, "median_ft": 0.0, "left_sw_ft": 8.7, "right_sw_ft": 37.8}, "geometry": {"type": "LineString", "coordinates": [[-73.84306308615102, 40.88859160616559], [-73.84278413351127, 40.88864979535271]]}}, {"type": "Feature", "properties": {"segment_id": 1624996, "physicalid": "150454", "street_name": "EDSON AVE", "borough": "bronx", "direction": "TW", "total_row_ft": 150.0, "roadbed_ft": 120.0, "median_ft": 0.0, "left_sw_ft": 15.0, "right_sw_ft": 15.0}, "geometry": {"type": "LineString", "coordinates": [[-73.84319744886933, 40.888620504119224], [-73.84277897014117, 40.888707805659365]]}}, {"type": "Feature", "properties": {"segment_id": 1624997, "physicalid": "150454", "street_name": "EDSON AVE", "borough": "bronx", "direction": "TW", "total_row_ft": 110.1, "roadbed_ft": 78.8, "median_ft": 7.3, "left_sw_ft": 9.0, "right_sw_ft": 15.0}, "geometry": {"type": "LineString", "coordinates": [[-73.8431045444812, 40.88869681568907], [-73.84279814295834, 40.88876073591411]]}}, {"type": "Feature", "properties": {"segment_id": 1624998, "physicalid": "150454", "street_name": "EDSON AVE", "borough": "bronx", "direction": "TW", "total_row_ft": 118.7, "roadbed_ft": 83.6, "median_ft": 0.0, "left_sw_ft": 20.1, "right_sw_ft": 15.0}, "geometry": {"type": "LineString", "coordinates": [[-73.84317887169493, 40.88873823975988], [-73.84281731580606, 40.88881366616514]]}}, {"type": "Feature", "properties": {"segment_id": 1624999, "physicalid": "150458", "street_name": "BAYCHESTER AVE", "borough": "bronx", "direction": "TW", "total_row_ft": 107.6, "roadbed_ft": 60.1, "median_ft": 0.0, "left_sw_ft": 19.5, "right_sw_ft": 28.0}, "geometry": {"type": "LineString", "coordinates": [[-73.8416389493285, 40.88714208291979], [-73.84126533066626, 40.88722423422095]]}}, {"type": "Feature", "properties": {"segment_id": 1625000, "physicalid": "150458", "street_name": "BAYCHESTER AVE", "borough": "bronx", "direction": "TW", "total_row_ft": 99.5, "roadbed_ft": 60.1, "median_ft": 0.0, "left_sw_ft": 19.7, "right_sw_ft": 19.6}, "geometry": {"type": "LineString", "coordinates": [[-73.84165984636313, 40.887194639364715], [-73.84131415504588, 40.88727065005494]]}}, {"type": "Feature", "properties": {"segment_id": 1625001, "physicalid": "150458", "street_name": "BAYCHESTER AVE", "borough": "bronx", "direction": "TW", "total_row_ft": 104.6, "roadbed_ft": 60.2, "median_ft": 0.0, "left_sw_ft": 20.0, "right_sw_ft": 24.4}, "geometry": {"type": "LineString", "coordinates": [[-73.84168074416387, 40.88724719564416], [-73.84130558847416, 40.88732968491934]]}}, {"type": "Feature", "properties": {"segment_id": 1625002, "physicalid": "150458", "street_name": "BAYCHESTER AVE", "borough": "bronx", "direction": "TW", "total_row_ft": 99.2, "roadbed_ft": 60.3, "median_ft": 0.0, "left_sw_ft": 20.2, "right_sw_ft": 18.7}, "geometry": {"type": "LineString", "coordinates": [[-73.84170164324836, 40.88729975265138], [-73.84135716885675, 40.8873754937087]]}}, {"type": "Feature", "properties": {"segment_id": 1625003, "physicalid": "150458", "street_name": "BAYCHESTER AVE", "borough": "bronx", "direction": "TW", "total_row_ft": 98.5, "roadbed_ft": 60.3, "median_ft": 0.0, "left_sw_ft": 20.1, "right_sw_ft": 18.1}, "geometry": {"type": "LineString", "coordinates": [[-73.84172141325622, 40.88735255691597], [-73.84137919588458, 40.88742780171968]]}}, {"type": "Feature", "properties": {"segment_id": 1625004, "physicalid": "150458", "street_name": "BAYCHESTER AVE", "borough": "bronx", "direction": "TW", "total_row_ft": 97.9, "roadbed_ft": 60.4, "median_ft": 0.0, "left_sw_ft": 19.9, "right_sw_ft": 17.5}, "geometry": {"type": "LineString", "coordinates": [[-73.84174115765634, 40.887405366408025], [-73.84140122312911, 40.88748011010766]]}}, {"type": "Feature", "properties": {"segment_id": 1625005, "physicalid": "150458", "street_name": "BAYCHESTER AVE", "borough": "bronx", "direction": "TW", "total_row_ft": 87.8, "roadbed_ft": 60.5, "median_ft": 0.0, "left_sw_ft": 19.8, "right_sw_ft": 7.5}, "geometry": {"type": "LineString", "coordinates": [[-73.8417609024402, 40.887458176225486], [-73.84145592216704, 40.88752523435437]]}}, {"type": "Feature", "properties": {"segment_id": 1625006, "physicalid": "150458", "street_name": "BAYCHESTER AVE", "borough": "bronx", "direction": "TW", "total_row_ft": 88.0, "roadbed_ft": 60.5, "median_ft": 0.0, "left_sw_ft": 19.7, "right_sw_ft": 7.8}, "geometry": {"type": "LineString", "coordinates": [[-73.84178064731059, 40.88751098602699], [-73.84147494171117, 40.887578203640274]]}}, {"type": "Feature", "properties": {"segment_id": 1625007, "physicalid": "150458", "street_name": "BAYCHESTER AVE", "borough": "bronx", "direction": "TW", "total_row_ft": 88.2, "roadbed_ft": 60.5, "median_ft": 0.0, "left_sw_ft": 19.6, "right_sw_ft": 8.2}, "geometry": {"type": "LineString", "coordinates": [[-73.84180041526018, 40.88756379066896], [-73.84149396131048, 40.88763117299181]]}}, {"type": "Feature", "properties": {"segment_id": 1625008, "physicalid": "150458", "street_name": "BAYCHESTER AVE", "borough": "bronx", "direction": "TW", "total_row_ft": 88.6, "roadbed_ft": 60.4, "median_ft": 0.0, "left_sw_ft": 19.6, "right_sw_ft": 8.6}, "geometry": {"type": "LineString", "coordinates": [[-73.84182085709635, 40.88761644722871], [-73.84151298091535, 40.88768414227081]]}}, {"type": "Feature", "properties": {"segment_id": 1625009, "physicalid": "150458", "street_name": "BAYCHESTER AVE", "borough": "bronx", "direction": "TW", "total_row_ft": 89.0, "roadbed_ft": 60.4, "median_ft": 0.0, "left_sw_ft": 19.7, "right_sw_ft": 8.9}, "geometry": {"type": "LineString", "coordinates": [[-73.84184129915661, 40.88766910374218], [-73.84153200055054, 40.88773711154613]]}}, {"type": "Feature", "properties": {"segment_id": 1625010, "physicalid": "150458", "street_name": "BAYCHESTER AVE", "borough": "bronx", "direction": "TW", "total_row_ft": 89.4, "roadbed_ft": 60.4, "median_ft": 0.0, "left_sw_ft": 19.8, "right_sw_ft": 9.2}, "geometry": {"type": "LineString", "coordinates": [[-73.84186174131459, 40.887721760237156], [-73.8415512329454, 40.88779003404376]]}}, {"type": "Feature", "properties": {"segment_id": 1625011, "physicalid": "150458", "street_name": "BAYCHESTER AVE", "borough": "bronx", "direction": "TW", "total_row_ft": 89.2, "roadbed_ft": 60.3, "median_ft": 0.0, "left_sw_ft": 19.8, "right_sw_ft": 9.0}, "geometry": {"type": "LineString", "coordinates": [[-73.84188218375851, 40.887774416672215], [-73.8415722469716, 40.88784256480648]]}}, {"type": "Feature", "properties": {"segment_id": 1625012, "physicalid": "150458", "street_name": "BAYCHESTER AVE", "borough": "bronx", "direction": "TW", "total_row_ft": 89.3, "roadbed_ft": 60.3, "median_ft": 0.0, "left_sw_ft": 19.9, "right_sw_ft": 9.1}, "geometry": {"type": "LineString", "coordinates": [[-73.84190257050756, 40.88782708535642], [-73.8415923684369, 40.887895291824904]]}}, {"type": "Feature", "properties": {"segment_id": 1625013, "physicalid": "150458", "street_name": "BAYCHESTER AVE", "borough": "bronx", "direction": "TW", "total_row_ft": 89.2, "roadbed_ft": 60.3, "median_ft": 0.0, "left_sw_ft": 19.8, "right_sw_ft": 9.2}, "geometry": {"type": "LineString", "coordinates": [[-73.84192243259297, 40.887879869865], [-73.84161248989105, 40.88794801845538]]}}, {"type": "Feature", "properties": {"segment_id": 1625014, "physicalid": "150458", "street_name": "BAYCHESTER AVE", "borough": "bronx", "direction": "TW", "total_row_ft": 89.1, "roadbed_ft": 60.3, "median_ft": 0.0, "left_sw_ft": 19.7, "right_sw_ft": 9.2}, "geometry": {"type": "LineString", "coordinates": [[-73.84194229399458, 40.8879326531981], [-73.84163261187199, 40.888000746112894]]}}, {"type": "Feature", "properties": {"segment_id": 1625015, "physicalid": "150458", "street_name": "BAYCHESTER AVE", "borough": "bronx", "direction": "TW", "total_row_ft": 89.1, "roadbed_ft": 60.2, "median_ft": 0.0, "left_sw_ft": 19.5, "right_sw_ft": 9.3}, "geometry": {"type": "LineString", "coordinates": [[-73.84196215560536, 40.88798543735888], [-73.84165273336693, 40.88805347313382]]}}, {"type": "Feature", "properties": {"segment_id": 1625016, "physicalid": "150458", "street_name": "BAYCHESTER AVE", "borough": "bronx", "direction": "TW", "total_row_ft": 89.1, "roadbed_ft": 60.2, "median_ft": 0.0, "left_sw_ft": 19.4, "right_sw_ft": 9.5}, "geometry": {"type": "LineString", "coordinates": [[-73.8419820173343, 40.888038221745916], [-73.8416724021273, 40.888106299488875]]}}, {"type": "Feature", "properties": {"segment_id": 1625017, "physicalid": "150458", "street_name": "BAYCHESTER AVE", "borough": "bronx", "direction": "TW", "total_row_ft": 89.3, "roadbed_ft": 60.2, "median_ft": 0.0, "left_sw_ft": 19.3, "right_sw_ft": 9.8}, "geometry": {"type": "LineString", "coordinates": [[-73.84200187899876, 40.88809100590048], [-73.84169169953364, 40.88815920771391]]}}, {"type": "Feature", "properties": {"segment_id": 1625018, "physicalid": "150458", "street_name": "BAYCHESTER AVE", "borough": "bronx", "direction": "TW", "total_row_ft": 89.5, "roadbed_ft": 60.2, "median_ft": 0.0, "left_sw_ft": 19.3, "right_sw_ft": 10.1}, "geometry": {"type": "LineString", "coordinates": [[-73.84202190713809, 40.88814375358473], [-73.84171099627432, 40.88821211597333]]}}, {"type": "Feature", "properties": {"segment_id": 1625019, "physicalid": "150458", "street_name": "BAYCHESTER AVE", "borough": "bronx", "direction": "TW", "total_row_ft": 89.8, "roadbed_ft": 60.1, "median_ft": 0.0, "left_sw_ft": 19.3, "right_sw_ft": 10.4}, "geometry": {"type": "LineString", "coordinates": [[-73.84204233371729, 40.888196413532015], [-73.84173029326176, 40.8882650242958]]}}, {"type": "Feature", "properties": {"segment_id": 1625020, "physicalid": "150458", "street_name": "BAYCHESTER AVE", "borough": "bronx", "direction": "TW", "total_row_ft": 94.7, "roadbed_ft": 60.1, "median_ft": 0.0, "left_sw_ft": 19.4, "right_sw_ft": 15.2}, "geometry": {"type": "LineString", "coordinates": [[-73.84206276032886, 40.88824907347519], [-73.84173368612244, 40.88832142955904]]}}, {"type": "Feature", "properties": {"segment_id": 1625021, "physicalid": "150458", "street_name": "BAYCHESTER AVE", "borough": "bronx", "direction": "TW", "total_row_ft": 123.0, "roadbed_ft": 88.6, "median_ft": 0.0, "left_sw_ft": 19.4, "right_sw_ft": 15.0}, "geometry": {"type": "LineString", "coordinates": [[-73.84208318721447, 40.888301733361104], [-73.84170816813482, 40.88838419161712]]}}, {"type": "Feature", "properties": {"segment_id": 1625022, "physicalid": "150458", "street_name": "BAYCHESTER AVE", "borough": "bronx", "direction": "TW", "total_row_ft": 135.0, "roadbed_ft": 116.2, "median_ft": 0.0, "left_sw_ft": 3.8, "right_sw_ft": 15.0}, "geometry": {"type": "LineString", "coordinates": [[-73.8421451541402, 40.88834525944168], [-73.84172829748326, 40.888436916932996]]}}, {"type": "Feature", "properties": {"segment_id": 1625023, "physicalid": "150461", "street_name": "229 DR N", "borough": "bronx", "direction": "TW", "total_row_ft": 97.3, "roadbed_ft": 22.0, "median_ft": 0.0, "left_sw_ft": 46.5, "right_sw_ft": 28.8}, "geometry": {"type": "LineString", "coordinates": [[-73.8430017505751, 40.88629741966689], [-73.84332914503602, 40.886199867127694]]}}, {"type": "Feature", "properties": {"segment_id": 1625024, "physicalid": "150461", "street_name": "229 DR N", "borough": "bronx", "direction": "TW", "total_row_ft": 82.9, "roadbed_ft": 22.3, "median_ft": 0.0, "left_sw_ft": 31.4, "right_sw_ft": 29.1}, "geometry": {"type": "LineString", "coordinates": [[-73.84301713694501, 40.88620319920841], [-73.84331422584937, 40.886172843635826]]}}, {"type": "Feature", "properties": {"segment_id": 1625025, "physicalid": "150461", "street_name": "229 DR N", "borough": "bronx", "direction": "TW", "total_row_ft": 95.7, "roadbed_ft": 22.2, "median_ft": 0.0, "left_sw_ft": 45.0, "right_sw_ft": 28.5}, "geometry": {"type": "LineString", "coordinates": [[-73.84295384659725, 40.88613468756422], [-73.84329995207861, 40.88613109401597]]}}, {"type": "Feature", "properties": {"segment_id": 1625026, "physicalid": "150461", "street_name": "229 DR N", "borough": "bronx", "direction": "TW", "total_row_ft": 83.1, "roadbed_ft": 21.8, "median_ft": 0.0, "left_sw_ft": 32.9, "right_sw_ft": 28.4}, "geometry": {"type": "LineString", "coordinates": [[-73.8429989627037, 40.88606379337565], [-73.84329775567564, 40.88608802787585]]}}, {"type": "Feature", "properties": {"segment_id": 1625027, "physicalid": "150461", "street_name": "229 DR N", "borough": "bronx", "direction": "TW", "total_row_ft": 79.5, "roadbed_ft": 21.3, "median_ft": 0.0, "left_sw_ft": 29.5, "right_sw_ft": 28.7}, "geometry": {"type": "LineString", "coordinates": [[-73.8430273862658, 40.885996558967214], [-73.84330755761967, 40.88604558684929]]}}, {"type": "Feature", "properties": {"segment_id": 1625028, "physicalid": "150461", "street_name": "229 DR N", "borough": "bronx", "direction": "TW", "total_row_ft": 79.3, "roadbed_ft": 20.7, "median_ft": 0.0, "left_sw_ft": 29.3, "right_sw_ft": 29.3}, "geometry": {"type": "LineString", "coordinates": [[-73.84305912129733, 40.88593167461677], [-73.84332891749061, 40.88600566678503]]}}, {"type": "Feature", "properties": {"segment_id": 1625029, "physicalid": "150461", "street_name": "229 DR N", "borough": "bronx", "direction": "TW", "total_row_ft": 80.7, "roadbed_ft": 19.9, "median_ft": 0.0, "left_sw_ft": 30.6, "right_sw_ft": 30.2}, "geometry": {"type": "LineString", "coordinates": [[-73.8430998317262, 40.8858701823001], [-73.84336048979593, 40.88596990168102]]}}, {"type": "Feature", "properties": {"segment_id": 1625030, "physicalid": "150461", "street_name": "229 DR N", "borough": "bronx", "direction": "TW", "total_row_ft": 79.6, "roadbed_ft": 19.3, "median_ft": 0.0, "left_sw_ft": 31.2, "right_sw_ft": 29.1}, "geometry": {"type": "LineString", "coordinates": [[-73.8431640442994, 40.885804225946146], [-73.84338301639038, 40.88594626182285]]}}, {"type": "Feature", "properties": {"segment_id": 1625031, "physicalid": "150461", "street_name": "229 DR N", "borough": "bronx", "direction": "TW", "total_row_ft": 80.0, "roadbed_ft": 61.3, "median_ft": 0.0, "left_sw_ft": 9.4, "right_sw_ft": 9.3}, "geometry": {"type": "LineString", "coordinates": [[-73.84321322581863, 40.885760202036316], [-73.84342834586506, 40.8859070501271]]}}, {"type": "Feature", "properties": {"segment_id": 1625032, "physicalid": "150461", "street_name": "229 DR N", "borough": "bronx", "direction": "TW", "total_row_ft": 80.8, "roadbed_ft": 61.0, "median_ft": 0.0, "left_sw_ft": 10.2, "right_sw_ft": 9.6}, "geometry": {"type": "LineString", "coordinates": [[-73.84325927281145, 40.88571780275035], [-73.84347646556438, 40.88586606567335]]}}, {"type": "Feature", "properties": {"segment_id": 1625033, "physicalid": "150461", "street_name": "229 DR N", "borough": "bronx", "direction": "TW", "total_row_ft": 81.5, "roadbed_ft": 60.7, "median_ft": 0.0, "left_sw_ft": 11.0, "right_sw_ft": 9.8}, "geometry": {"type": "LineString", "coordinates": [[-73.84330533688785, 40.88567541514764], [-73.8435245852044, 40.885825081199165]]}}, {"type": "Feature", "properties": {"segment_id": 1625034, "physicalid": "150461", "street_name": "229 DR N", "borough": "bronx", "direction": "TW", "total_row_ft": 86.1, "roadbed_ft": 60.4, "median_ft": 0.0, "left_sw_ft": 15.6, "right_sw_ft": 10.1}, "geometry": {"type": "LineString", "coordinates": [[-73.84334114957375, 40.88562602960888], [-73.84357270478507, 40.88578409670465]]}}, {"type": "Feature", "properties": {"segment_id": 1625035, "physicalid": "150461", "street_name": "229 DR N", "borough": "bronx", "direction": "TW", "total_row_ft": 89.3, "roadbed_ft": 60.1, "median_ft": 0.0, "left_sw_ft": 19.0, "right_sw_ft": 10.3}, "geometry": {"type": "LineString", "coordinates": [[-73.84338046889303, 40.88557903784552], [-73.84362071161522, 40.885743035263424]]}}, {"type": "Feature", "properties": {"segment_id": 1625036, "physicalid": "150461", "street_name": "229 DR N", "borough": "bronx", "direction": "TW", "total_row_ft": 89.5, "roadbed_ft": 44.3, "median_ft": 0.0, "left_sw_ft": 19.3, "right_sw_ft": 26.0}, "geometry": {"type": "LineString", "coordinates": [[-73.84342787193812, 40.88553756433811], [-73.84366863125058, 40.8857019143207]]}}, {"type": "Feature", "properties": {"segment_id": 1625037, "physicalid": "150461", "street_name": "229 DR N", "borough": "bronx", "direction": "TW", "total_row_ft": 89.5, "roadbed_ft": 20.0, "median_ft": 0.0, "left_sw_ft": 40.8, "right_sw_ft": 28.7}, "geometry": {"type": "LineString", "coordinates": [[-73.84347599565551, 40.88549658280697], [-73.8437165506813, 40.8856607932585]]}}, {"type": "Feature", "properties": {"segment_id": 1625038, "physicalid": "150461", "street_name": "229 DR N", "borough": "bronx", "direction": "TW", "total_row_ft": 120.0, "roadbed_ft": 22.0, "median_ft": 0.0, "left_sw_ft": 48.3, "right_sw_ft": 49.6}, "geometry": {"type": "LineString", "coordinates": [[-73.84349993658667, 40.88543909329797], [-73.84382259895344, 40.885659352581634]]}}, {"type": "Feature", "properties": {"segment_id": 1625039, "physicalid": "150462", "street_name": "SCHIEFFELIN AVE", "borough": "bronx", "direction": "TW", "total_row_ft": 150.0, "roadbed_ft": 120.0, "median_ft": 0.0, "left_sw_ft": 15.0, "right_sw_ft": 15.0}, "geometry": {"type": "LineString", "coordinates": [[-73.8432526112711, 40.885180049789106], [-73.84295827081036, 40.884938019973326]]}}, {"type": "Feature", "properties": {"segment_id": 1625040, "physicalid": "150462", "street_name": "SCHIEFFELIN AVE", "borough": "bronx", "direction": "TW", "total_row_ft": 120.0, "roadbed_ft": 50.8, "median_ft": 0.0, "left_sw_ft": 33.8, "right_sw_ft": 35.4}, "geometry": {"type": "LineString", "coordinates": [[-73.84319946013429, 40.885217280795345], [-73.84290511970221, 40.88497525084567]]}}, {"type": "Feature", "properties": {"segment_id": 1625041, "physicalid": "150462", "street_name": "SCHIEFFELIN AVE", "borough": "bronx", "direction": "TW", "total_row_ft": 76.2, "roadbed_ft": 49.6, "median_ft": 0.0, "left_sw_ft": 15.4, "right_sw_ft": 11.2}, "geometry": {"type": "LineString", "coordinates": [[-73.84309899107242, 40.885215603435675], [-73.84291196453962, 40.88506181538393]]}}, {"type": "Feature", "properties": {"segment_id": 1625042, "physicalid": "150462", "street_name": "SCHIEFFELIN AVE", "borough": "bronx", "direction": "TW", "total_row_ft": 76.1, "roadbed_ft": 49.7, "median_ft": 0.0, "left_sw_ft": 15.2, "right_sw_ft": 11.2}, "geometry": {"type": "LineString", "coordinates": [[-73.84304604659755, 40.88525300439846], [-73.84285949295115, 40.885099605094]]}}, {"type": "Feature", "properties": {"segment_id": 1625043, "physicalid": "150462", "street_name": "SCHIEFFELIN AVE", "borough": "bronx", "direction": "TW", "total_row_ft": 75.9, "roadbed_ft": 49.9, "median_ft": 0.0, "left_sw_ft": 14.9, "right_sw_ft": 11.1}, "geometry": {"type": "LineString", "coordinates": [[-73.8429931020631, 40.88529040533665], [-73.84280702130303, 40.88513739477998]]}}, {"type": "Feature", "properties": {"segment_id": 1625044, "physicalid": "150462", "street_name": "SCHIEFFELIN AVE", "borough": "bronx", "direction": "TW", "total_row_ft": 75.7, "roadbed_ft": 50.0, "median_ft": 0.0, "left_sw_ft": 14.7, "right_sw_ft": 11.0}, "geometry": {"type": "LineString", "coordinates": [[-73.84294015746912, 40.8853278062503], [-73.84275454959523, 40.885175184441835]]}}, {"type": "Feature", "properties": {"segment_id": 1625045, "physicalid": "150462", "street_name": "SCHIEFFELIN AVE", "borough": "bronx", "direction": "TW", "total_row_ft": 75.5, "roadbed_ft": 50.1, "median_ft": 0.0, "left_sw_ft": 14.4, "right_sw_ft": 11.0}, "geometry": {"type": "LineString", "coordinates": [[-73.84288721281553, 40.88536520713945], [-73.84270208552697, 40.88521298041044]]}}, {"type": "Feature", "properties": {"segment_id": 1625046, "physicalid": "150462", "street_name": "SCHIEFFELIN AVE", "borough": "bronx", "direction": "TW", "total_row_ft": 75.3, "roadbed_ft": 50.2, "median_ft": 0.0, "left_sw_ft": 14.2, "right_sw_ft": 10.9}, "geometry": {"type": "LineString", "coordinates": [[-73.8428343494215, 40.885402674871045], [-73.84264964305376, 40.88525079416131]]}}, {"type": "Feature", "properties": {"segment_id": 1625047, "physicalid": "150462", "street_name": "SCHIEFFELIN AVE", "borough": "bronx", "direction": "TW", "total_row_ft": 75.2, "roadbed_ft": 50.3, "median_ft": 0.0, "left_sw_ft": 14.1, "right_sw_ft": 10.8}, "geometry": {"type": "LineString", "coordinates": [[-73.84278172022655, 40.88544033520436], [-73.8425972005209, 40.88528860788804]]}}, {"type": "Feature", "properties": {"segment_id": 1625048, "physicalid": "150462", "street_name": "SCHIEFFELIN AVE", "borough": "bronx", "direction": "TW", "total_row_ft": 75.2, "roadbed_ft": 50.3, "median_ft": 0.0, "left_sw_ft": 14.2, "right_sw_ft": 10.7}, "geometry": {"type": "LineString", "coordinates": [[-73.84272909097197, 40.88547799551342], [-73.84254475792838, 40.885326421590754]]}}, {"type": "Feature", "properties": {"segment_id": 1625049, "physicalid": "150462", "street_name": "SCHIEFFELIN AVE", "borough": "bronx", "direction": "TW", "total_row_ft": 75.1, "roadbed_ft": 50.2, "median_ft": 0.0, "left_sw_ft": 14.2, "right_sw_ft": 10.6}, "geometry": {"type": "LineString", "coordinates": [[-73.84267646171827, 40.88551565584792], [-73.84249231539395, 40.88536423536616]]}}, {"type": "Feature", "properties": {"segment_id": 1625050, "physicalid": "150462", "street_name": "SCHIEFFELIN AVE", "borough": "bronx", "direction": "TW", "total_row_ft": 75.0, "roadbed_ft": 50.2, "median_ft": 0.0, "left_sw_ft": 14.2, "right_sw_ft": 10.6}, "geometry": {"type": "LineString", "coordinates": [[-73.84262383247828, 40.8855533162185], [-73.84243987283506, 40.885402049146414]]}}, {"type": "Feature", "properties": {"segment_id": 1625051, "physicalid": "150462", "street_name": "SCHIEFFELIN AVE", "borough": "bronx", "direction": "TW", "total_row_ft": 74.9, "roadbed_ft": 50.1, "median_ft": 0.0, "left_sw_ft": 14.3, "right_sw_ft": 10.5}, "geometry": {"type": "LineString", "coordinates": [[-73.84257120317864, 40.885590976564814], [-73.84238743021652, 40.88543986290257]]}}, {"type": "Feature", "properties": {"segment_id": 1625052, "physicalid": "150462", "street_name": "SCHIEFFELIN AVE", "borough": "bronx", "direction": "TW", "total_row_ft": 74.9, "roadbed_ft": 50.1, "median_ft": 0.0, "left_sw_ft": 14.3, "right_sw_ft": 10.5}, "geometry": {"type": "LineString", "coordinates": [[-73.84251857381939, 40.88562863688688], [-73.84233487053314, 40.88547758042274]]}}, {"type": "Feature", "properties": {"segment_id": 1625053, "physicalid": "150462", "street_name": "SCHIEFFELIN AVE", "borough": "bronx", "direction": "TW", "total_row_ft": 75.0, "roadbed_ft": 50.1, "median_ft": 0.0, "left_sw_ft": 14.4, "right_sw_ft": 10.5}, "geometry": {"type": "LineString", "coordinates": [[-73.84246607988126, 40.885666408588186], [-73.84228220113188, 40.88551520774801]]}}, {"type": "Feature", "properties": {"segment_id": 1625054, "physicalid": "150462", "street_name": "SCHIEFFELIN AVE", "borough": "bronx", "direction": "TW", "total_row_ft": 75.1, "roadbed_ft": 50.0, "median_ft": 0.0, "left_sw_ft": 14.6, "right_sw_ft": 10.5}, "geometry": {"type": "LineString", "coordinates": [[-73.84241372607059, 40.88570429553886], [-73.84222953167101, 40.885552835049005]]}}, {"type": "Feature", "properties": {"segment_id": 1625055, "physicalid": "150462", "street_name": "SCHIEFFELIN AVE", "borough": "bronx", "direction": "TW", "total_row_ft": 75.2, "roadbed_ft": 50.0, "median_ft": 0.0, "left_sw_ft": 14.7, "right_sw_ft": 10.5}, "geometry": {"type": "LineString", "coordinates": [[-73.84236137220023, 40.88574218246553], [-73.84217686215051, 40.885590462325695]]}}, {"type": "Feature", "properties": {"segment_id": 1625056, "physicalid": "150462", "street_name": "SCHIEFFELIN AVE", "borough": "bronx", "direction": "TW", "total_row_ft": 75.4, "roadbed_ft": 49.9, "median_ft": 0.0, "left_sw_ft": 14.9, "right_sw_ft": 10.6}, "geometry": {"type": "LineString", "coordinates": [[-73.8423090182702, 40.88578006936816], [-73.84212419257038, 40.88562808957809]]}}, {"type": "Feature", "properties": {"segment_id": 1625057, "physicalid": "150462", "street_name": "SCHIEFFELIN AVE", "borough": "bronx", "direction": "TW", "total_row_ft": 75.5, "roadbed_ft": 49.8, "median_ft": 0.0, "left_sw_ft": 15.0, "right_sw_ft": 10.6}, "geometry": {"type": "LineString", "coordinates": [[-73.84225666428048, 40.88581795624681], [-73.84207152293065, 40.885665716806194]]}}, {"type": "Feature", "properties": {"segment_id": 1625058, "physicalid": "150462", "street_name": "SCHIEFFELIN AVE", "borough": "bronx", "direction": "TW", "total_row_ft": 75.6, "roadbed_ft": 49.7, "median_ft": 0.0, "left_sw_ft": 15.2, "right_sw_ft": 10.7}, "geometry": {"type": "LineString", "coordinates": [[-73.84220431023778, 40.88585584310692], [-73.8420188359285, 40.88570332978209]]}}, {"type": "Feature", "properties": {"segment_id": 1625059, "physicalid": "150462", "street_name": "SCHIEFFELIN AVE", "borough": "bronx", "direction": "TW", "total_row_ft": 75.8, "roadbed_ft": 49.6, "median_ft": 0.0, "left_sw_ft": 15.3, "right_sw_ft": 10.8}, "geometry": {"type": "LineString", "coordinates": [[-73.84215195613783, 40.88589372994503], [-73.8419661069232, 40.88574090824383]]}}, {"type": "Feature", "properties": {"segment_id": 1625060, "physicalid": "150462", "street_name": "SCHIEFFELIN AVE", "borough": "bronx", "direction": "TW", "total_row_ft": 75.8, "roadbed_ft": 49.6, "median_ft": 0.0, "left_sw_ft": 15.3, "right_sw_ft": 11.0}, "geometry": {"type": "LineString", "coordinates": [[-73.84209924502794, 40.885931323243746], [-73.84191337785829, 40.88577848668126]]}}, {"type": "Feature", "properties": {"segment_id": 1625061, "physicalid": "150462", "street_name": "SCHIEFFELIN AVE", "borough": "bronx", "direction": "TW", "total_row_ft": 90.8, "roadbed_ft": 49.5, "median_ft": 0.0, "left_sw_ft": 30.2, "right_sw_ft": 11.1}, "geometry": {"type": "LineString", "coordinates": [[-73.84208327250909, 40.885999126213086], [-73.84186064870153, 40.88581606506782]]}}, {"type": "Feature", "properties": {"segment_id": 1625062, "physicalid": "150472", "street_name": "229 DR S", "borough": "bronx", "direction": "TW", "total_row_ft": 104.5, "roadbed_ft": 58.4, "median_ft": 0.0, "left_sw_ft": 25.6, "right_sw_ft": 20.5}, "geometry": {"type": "LineString", "coordinates": [[-73.845992707655, 40.88543318554498], [-73.8461682685009, 40.88517905675867]]}}, {"type": "Feature", "properties": {"segment_id": 1625063, "physicalid": "150472", "street_name": "229 DR S", "borough": "bronx", "direction": "TW", "total_row_ft": 75.0, "roadbed_ft": 41.3, "median_ft": 0.0, "left_sw_ft": 13.4, "right_sw_ft": 20.4}, "geometry": {"type": "LineString", "coordinates": [[-73.84597867309841, 40.88533528376138], [-73.84610470084357, 40.88515285542141]]}}, {"type": "Feature", "properties": {"segment_id": 1625064, "physicalid": "150472", "street_name": "229 DR S", "borough": "bronx", "direction": "TW", "total_row_ft": 86.6, "roadbed_ft": 40.3, "median_ft": 0.0, "left_sw_ft": 10.9, "right_sw_ft": 35.3}, "geometry": {"type": "LineString", "coordinates": [[-73.84592069406659, 40.885300992571295], [-73.84606610610761, 40.88509050510144]]}}, {"type": "Feature", "properties": {"segment_id": 1625065, "physicalid": "150472", "street_name": "229 DR S", "borough": "bronx", "direction": "TW", "total_row_ft": 72.8, "roadbed_ft": 40.2, "median_ft": 0.0, "left_sw_ft": 10.8, "right_sw_ft": 21.8}, "geometry": {"type": "LineString", "coordinates": [[-73.8458578251997, 40.88527377955961], [-73.84598005947146, 40.88509684281264]]}}, {"type": "Feature", "properties": {"segment_id": 1625066, "physicalid": "150472", "street_name": "229 DR S", "borough": "bronx", "direction": "TW", "total_row_ft": 72.6, "roadbed_ft": 40.1, "median_ft": 0.0, "left_sw_ft": 10.7, "right_sw_ft": 21.8}, "geometry": {"type": "LineString", "coordinates": [[-73.8457949564883, 40.88524656636294], [-73.84591690261684, 40.885070046945685]]}}, {"type": "Feature", "properties": {"segment_id": 1625067, "physicalid": "150472", "street_name": "229 DR S", "borough": "bronx", "direction": "TW", "total_row_ft": 72.4, "roadbed_ft": 40.1, "median_ft": 0.0, "left_sw_ft": 10.6, "right_sw_ft": 21.8}, "geometry": {"type": "LineString", "coordinates": [[-73.84573208758837, 40.88521935347931], [-73.84585374581312, 40.88504325104407]]}}, {"type": "Feature", "properties": {"segment_id": 1625068, "physicalid": "150472", "street_name": "229 DR S", "borough": "bronx", "direction": "TW", "total_row_ft": 72.3, "roadbed_ft": 40.1, "median_ft": 0.0, "left_sw_ft": 10.4, "right_sw_ft": 21.8}, "geometry": {"type": "LineString", "coordinates": [[-73.84566921879228, 40.88519214048549], [-73.8457905890603, 40.88501645510775]]}}, {"type": "Feature", "properties": {"segment_id": 1625069, "physicalid": "150472", "street_name": "229 DR S", "borough": "bronx", "direction": "TW", "total_row_ft": 72.1, "roadbed_ft": 40.1, "median_ft": 0.0, "left_sw_ft": 10.3, "right_sw_ft": 21.7}, "geometry": {"type": "LineString", "coordinates": [[-73.84560635004765, 40.88516492745731], [-73.84572743235842, 40.88498965913674]]}}, {"type": "Feature", "properties": {"segment_id": 1625070, "physicalid": "150472", "street_name": "229 DR S", "borough": "bronx", "direction": "TW", "total_row_ft": 72.0, "roadbed_ft": 40.0, "median_ft": 0.0, "left_sw_ft": 10.2, "right_sw_ft": 21.8}, "geometry": {"type": "LineString", "coordinates": [[-73.84554348160844, 40.88513771402715], [-73.84566447553777, 40.88496257387339]]}}, {"type": "Feature", "properties": {"segment_id": 1625071, "physicalid": "150472", "street_name": "229 DR S", "borough": "bronx", "direction": "TW", "total_row_ft": 72.0, "roadbed_ft": 40.0, "median_ft": 0.0, "left_sw_ft": 10.1, "right_sw_ft": 21.9}, "geometry": {"type": "LineString", "coordinates": [[-73.845480613194, 40.88511050060123], [-73.84560157557392, 40.88493540634878]]}}, {"type": "Feature", "properties": {"segment_id": 1625072, "physicalid": "150472", "street_name": "229 DR S", "borough": "bronx", "direction": "TW", "total_row_ft": 71.8, "roadbed_ft": 39.7, "median_ft": 0.0, "left_sw_ft": 9.8, "right_sw_ft": 22.3}, "geometry": {"type": "LineString", "coordinates": [[-73.84541805715578, 40.88508283504971], [-73.84553867566147, 40.88490823878978]]}}, {"type": "Feature", "properties": {"segment_id": 1625073, "physicalid": "150472", "street_name": "229 DR S", "borough": "bronx", "direction": "TW", "total_row_ft": 81.7, "roadbed_ft": 43.7, "median_ft": 0.0, "left_sw_ft": 15.0, "right_sw_ft": 23.0}, "geometry": {"type": "LineString", "coordinates": [[-73.84533853951102, 40.885079721485404], [-73.84547577580042, 40.88488107119636]]}}, {"type": "Feature", "properties": {"segment_id": 1625074, "physicalid": "150474", "street_name": "LACONIA AVE", "borough": "bronx", "direction": "TW", "total_row_ft": 98.0, "roadbed_ft": 59.6, "median_ft": 10.5, "left_sw_ft": 7.5, "right_sw_ft": 20.4}, "geometry": {"type": "LineString", "coordinates": [[-73.84795052333237, 40.886446648685244], [-73.84766868844731, 40.88633727125311]]}}, {"type": "Feature", "properties": {"segment_id": 1625075, "physicalid": "150474", "street_name": "LACONIA AVE", "borough": "bronx", "direction": "TW", "total_row_ft": 98.1, "roadbed_ft": 59.6, "median_ft": 10.3, "left_sw_ft": 7.7, "right_sw_ft": 20.4}, "geometry": {"type": "LineString", "coordinates": [[-73.84791824742238, 40.88649577745982], [-73.84763573835701, 40.886386138365765]]}}, {"type": "Feature", "properties": {"segment_id": 1625076, "physicalid": "150474", "street_name": "LACONIA AVE", "borough": "bronx", "direction": "TW", "total_row_ft": 98.1, "roadbed_ft": 59.7, "median_ft": 10.1, "left_sw_ft": 7.9, "right_sw_ft": 20.4}, "geometry": {"type": "LineString", "coordinates": [[-73.84788597122231, 40.886544906130794], [-73.84760278824331, 40.88643500547838]]}}, {"type": "Feature", "properties": {"segment_id": 1625077, "physicalid": "150474", "street_name": "LACONIA AVE", "borough": "bronx", "direction": "TW", "total_row_ft": 98.1, "roadbed_ft": 59.7, "median_ft": 10.0, "left_sw_ft": 8.1, "right_sw_ft": 20.4}, "geometry": {"type": "LineString", "coordinates": [[-73.84785369474716, 40.88659403470407], [-73.84756983808857, 40.88648387258395]]}}, {"type": "Feature", "properties": {"segment_id": 1625078, "physicalid": "150474", "street_name": "LACONIA AVE", "borough": "bronx", "direction": "TW", "total_row_ft": 98.2, "roadbed_ft": 59.7, "median_ft": 9.8, "left_sw_ft": 8.2, "right_sw_ft": 20.5}, "geometry": {"type": "LineString", "coordinates": [[-73.84782141822429, 40.88664316326791], [-73.84753688819279, 40.88653273979897]]}}, {"type": "Feature", "properties": {"segment_id": 1625079, "physicalid": "150474", "street_name": "LACONIA AVE", "borough": "bronx", "direction": "TW", "total_row_ft": 98.2, "roadbed_ft": 59.7, "median_ft": 9.6, "left_sw_ft": 8.4, "right_sw_ft": 20.5}, "geometry": {"type": "LineString", "coordinates": [[-73.84778914194962, 40.886692291937074], [-73.84750393821218, 40.886581606990084]]}}, {"type": "Feature", "properties": {"segment_id": 1625080, "physicalid": "150474", "street_name": "LACONIA AVE", "borough": "bronx", "direction": "TW", "total_row_ft": 97.4, "roadbed_ft": 59.6, "median_ft": 8.6, "left_sw_ft": 8.6, "right_sw_ft": 20.5}, "geometry": {"type": "LineString", "coordinates": [[-73.84775686562833, 40.88674142059719], [-73.8474709879248, 40.88663047407103]]}}, {"type": "Feature", "properties": {"segment_id": 1625081, "physicalid": "150474", "street_name": "LACONIA AVE", "borough": "bronx", "direction": "TW", "total_row_ft": 95.3, "roadbed_ft": 59.6, "median_ft": 6.3, "left_sw_ft": 8.8, "right_sw_ft": 20.5}, "geometry": {"type": "LineString", "coordinates": [[-73.8477245677979, 40.88679054091894], [-73.84743803758897, 40.88667934114215]]}}, {"type": "Feature", "properties": {"segment_id": 1625082, "physicalid": "150474", "street_name": "LACONIA AVE", "borough": "bronx", "direction": "TW", "total_row_ft": 93.1, "roadbed_ft": 59.6, "median_ft": 4.0, "left_sw_ft": 9.0, "right_sw_ft": 20.6}, "geometry": {"type": "LineString", "coordinates": [[-73.84769213341598, 40.886839608255514], [-73.84740508746481, 40.8867282083044]]}}, {"type": "Feature", "properties": {"segment_id": 1625083, "physicalid": "150474", "street_name": "LACONIA AVE", "borough": "bronx", "direction": "TW", "total_row_ft": 91.0, "roadbed_ft": 59.6, "median_ft": 1.7, "left_sw_ft": 9.1, "right_sw_ft": 20.7}, "geometry": {"type": "LineString", "coordinates": [[-73.84765969863031, 40.88688867544445], [-73.84737195672683, 40.886777005380594]]}}, {"type": "Feature", "properties": {"segment_id": 1625084, "physicalid": "150474", "street_name": "LACONIA AVE", "borough": "bronx", "direction": "TW", "total_row_ft": 89.6, "roadbed_ft": 59.6, "median_ft": 0.0, "left_sw_ft": 9.3, "right_sw_ft": 20.7}, "geometry": {"type": "LineString", "coordinates": [[-73.84762726434137, 40.8869377428352], [-73.8473388009382, 40.886825792743736]]}}, {"type": "Feature", "properties": {"segment_id": 1625085, "physicalid": "150474", "street_name": "LACONIA AVE", "borough": "bronx", "direction": "TW", "total_row_ft": 150.0, "roadbed_ft": 120.0, "median_ft": 0.0, "left_sw_ft": 15.0, "right_sw_ft": 15.0}, "geometry": {"type": "LineString", "coordinates": [[-73.84766401940813, 40.88701366092309], [-73.84727761913062, 40.88686370433418]]}}, {"type": "Feature", "properties": {"segment_id": 1625086, "physicalid": "150487", "street_name": "229 DR S", "borough": "bronx", "direction": "TW", "total_row_ft": 82.6, "roadbed_ft": 29.9, "median_ft": 0.0, "left_sw_ft": 23.7, "right_sw_ft": 29.0}, "geometry": {"type": "LineString", "coordinates": [[-73.84541833526, 40.885082953405345], [-73.84517712661852, 40.88494929357113]]}}, {"type": "Feature", "properties": {"segment_id": 1625087, "physicalid": "150487", "street_name": "229 DR S", "borough": "bronx", "direction": "TW", "total_row_ft": 70.7, "roadbed_ft": 22.2, "median_ft": 0.0, "left_sw_ft": 10.0, "right_sw_ft": 38.5}, "geometry": {"type": "LineString", "coordinates": [[-73.84531262434787, 40.885092344871964], [-73.84510602280453, 40.884977861500225]]}}, {"type": "Feature", "properties": {"segment_id": 1625088, "physicalid": "150487", "street_name": "229 DR S", "borough": "bronx", "direction": "TW", "total_row_ft": 70.0, "roadbed_ft": 22.7, "median_ft": 0.0, "left_sw_ft": 9.8, "right_sw_ft": 37.5}, "geometry": {"type": "LineString", "coordinates": [[-73.84526880043383, 40.88513602941125], [-73.84506424764238, 40.8850226812671]]}}, {"type": "Feature", "properties": {"segment_id": 1625089, "physicalid": "150487", "street_name": "229 DR S", "borough": "bronx", "direction": "TW", "total_row_ft": 69.8, "roadbed_ft": 42.5, "median_ft": 0.0, "left_sw_ft": 10.0, "right_sw_ft": 17.3}, "geometry": {"type": "LineString", "coordinates": [[-73.84522647698428, 40.88518054541027], [-73.84502247242389, 40.88506750101857]]}}, {"type": "Feature", "properties": {"segment_id": 1625090, "physicalid": "150487", "street_name": "229 DR S", "borough": "bronx", "direction": "TW", "total_row_ft": 69.7, "roadbed_ft": 42.8, "median_ft": 0.0, "left_sw_ft": 10.3, "right_sw_ft": 16.6}, "geometry": {"type": "LineString", "coordinates": [[-73.84518415347803, 40.88522506139341], [-73.84498069714911, 40.88511232075445]]}}, {"type": "Feature", "properties": {"segment_id": 1625091, "physicalid": "150487", "street_name": "229 DR S", "borough": "bronx", "direction": "TW", "total_row_ft": 69.8, "roadbed_ft": 42.6, "median_ft": 0.0, "left_sw_ft": 10.6, "right_sw_ft": 16.6}, "geometry": {"type": "LineString", "coordinates": [[-73.8451417959151, 40.88526955852041], [-73.84493803758123, 40.88515665049367]]}}, {"type": "Feature", "properties": {"segment_id": 1625092, "physicalid": "150487", "street_name": "229 DR S", "borough": "bronx", "direction": "TW", "total_row_ft": 69.9, "roadbed_ft": 42.4, "median_ft": 0.0, "left_sw_ft": 10.8, "right_sw_ft": 16.8}, "geometry": {"type": "LineString", "coordinates": [[-73.84509919195446, 40.88531391912766], [-73.84489490818898, 40.885200719904894]]}}, {"type": "Feature", "properties": {"segment_id": 1625093, "physicalid": "150487", "street_name": "229 DR S", "borough": "bronx", "direction": "TW", "total_row_ft": 94.3, "roadbed_ft": 42.0, "median_ft": 0.0, "left_sw_ft": 35.1, "right_sw_ft": 17.2}, "geometry": {"type": "LineString", "coordinates": [[-73.84512719467867, 40.88539740468516], [-73.84485177873957, 40.885244789299655]]}}, {"type": "Feature", "properties": {"segment_id": 1625094, "physicalid": "150487", "street_name": "229 DR S", "borough": "bronx", "direction": "TW", "total_row_ft": 70.3, "roadbed_ft": 41.8, "median_ft": 0.0, "left_sw_ft": 11.1, "right_sw_ft": 17.4}, "geometry": {"type": "LineString", "coordinates": [[-73.84501398411129, 40.8854026404317], [-73.84480864923297, 40.88528885867793]]}}, {"type": "Feature", "properties": {"segment_id": 1625095, "physicalid": "150487", "street_name": "229 DR S", "borough": "bronx", "direction": "TW", "total_row_ft": 70.5, "roadbed_ft": 41.6, "median_ft": 0.0, "left_sw_ft": 11.3, "right_sw_ft": 17.7}, "geometry": {"type": "LineString", "coordinates": [[-73.84497138010269, 40.88544700105862], [-73.8447655196692, 40.88533292803973]]}}, {"type": "Feature", "properties": {"segment_id": 1625096, "physicalid": "150487", "street_name": "229 DR S", "borough": "bronx", "direction": "TW", "total_row_ft": 70.7, "roadbed_ft": 41.7, "median_ft": 0.0, "left_sw_ft": 11.2, "right_sw_ft": 17.8}, "geometry": {"type": "LineString", "coordinates": [[-73.84492877603724, 40.88549136166946], [-73.84472229766374, 40.88537694619202]]}}, {"type": "Feature", "properties": {"segment_id": 1625097, "physicalid": "150487", "street_name": "229 DR S", "borough": "bronx", "direction": "TW", "total_row_ft": 71.0, "roadbed_ft": 41.6, "median_ft": 0.0, "left_sw_ft": 11.1, "right_sw_ft": 18.2}, "geometry": {"type": "LineString", "coordinates": [[-73.84488617191491, 40.88553572226419], [-73.84467882073965, 40.88542082310142]]}}, {"type": "Feature", "properties": {"segment_id": 1625098, "physicalid": "150487", "street_name": "229 DR S", "borough": "bronx", "direction": "TW", "total_row_ft": 71.3, "roadbed_ft": 41.5, "median_ft": 0.0, "left_sw_ft": 11.0, "right_sw_ft": 18.7}, "geometry": {"type": "LineString", "coordinates": [[-73.84484356773493, 40.88558008284241], [-73.8446353437582, 40.88546469999404]]}}, {"type": "Feature", "properties": {"segment_id": 1625099, "physicalid": "150487", "street_name": "229 DR S", "borough": "bronx", "direction": "TW", "total_row_ft": 71.6, "roadbed_ft": 41.6, "median_ft": 0.0, "left_sw_ft": 11.0, "right_sw_ft": 19.0}, "geometry": {"type": "LineString", "coordinates": [[-73.84480096349812, 40.88562444340454], [-73.84459186671934, 40.88550857686995]]}}, {"type": "Feature", "properties": {"segment_id": 1625100, "physicalid": "150487", "street_name": "229 DR S", "borough": "bronx", "direction": "TW", "total_row_ft": 76.0, "roadbed_ft": 41.8, "median_ft": 0.0, "left_sw_ft": 15.0, "right_sw_ft": 19.2}, "geometry": {"type": "LineString", "coordinates": [[-73.84477048695888, 40.8856755242661], [-73.8445483896231, 40.88555245372914]]}}, {"type": "Feature", "properties": {"segment_id": 1625101, "physicalid": "150487", "street_name": "229 DR S", "borough": "bronx", "direction": "TW", "total_row_ft": 70.8, "roadbed_ft": 21.8, "median_ft": 0.0, "left_sw_ft": 9.4, "right_sw_ft": 39.6}, "geometry": {"type": "LineString", "coordinates": [[-73.8447117673326, 40.885710954886186], [-73.84450491246946, 40.88559633057157]]}}, {"type": "Feature", "properties": {"segment_id": 1625102, "physicalid": "150487", "street_name": "229 DR S", "borough": "bronx", "direction": "TW", "total_row_ft": 46.1, "roadbed_ft": 21.8, "median_ft": 0.0, "left_sw_ft": 9.4, "right_sw_ft": 15.0}, "geometry": {"type": "LineString", "coordinates": [[-73.84466918390856, 40.88575532702676], [-73.8444436223912, 40.885630336728234]]}}, {"type": "Feature", "properties": {"segment_id": 1625103, "physicalid": "150487", "street_name": "229 DR S", "borough": "bronx", "direction": "TW", "total_row_ft": 46.3, "roadbed_ft": 22.6, "median_ft": 0.0, "left_sw_ft": 8.7, "right_sw_ft": 15.0}, "geometry": {"type": "LineString", "coordinates": [[-73.84462660050481, 40.88579969919395], [-73.84440096984122, 40.88567467053618]]}}, {"type": "Feature", "properties": {"segment_id": 1625104, "physicalid": "150487", "street_name": "229 DR S", "borough": "bronx", "direction": "TW", "total_row_ft": 102.0, "roadbed_ft": 23.4, "median_ft": 0.0, "left_sw_ft": 50.8, "right_sw_ft": 27.8}, "geometry": {"type": "LineString", "coordinates": [[-73.84470881581196, 40.885913225683225], [-73.84435831723434, 40.88571900432802]]}}, {"type": "Feature", "properties": {"segment_id": 1625105, "physicalid": "150487", "street_name": "229 DR S", "borough": "bronx", "direction": "TW", "total_row_ft": 150.0, "roadbed_ft": 120.0, "median_ft": 0.0, "left_sw_ft": 15.0, "right_sw_ft": 15.0}, "geometry": {"type": "LineString", "coordinates": [[-73.84466616325736, 40.88595755958685], [-73.84431566457056, 40.88576333810375]]}}, {"type": "Feature", "properties": {"segment_id": 1625106, "physicalid": "150503", "street_name": "226 DR", "borough": "bronx", "direction": "TF", "total_row_ft": 52.7, "roadbed_ft": 19.4, "median_ft": 0.0, "left_sw_ft": 11.3, "right_sw_ft": 22.1}, "geometry": {"type": "LineString", "coordinates": [[-73.84779708587571, 40.88463419659278], [-73.8478896222176, 40.88450762500753]]}}, {"type": "Feature", "properties": {"segment_id": 1625107, "physicalid": "150503", "street_name": "226 DR", "borough": "bronx", "direction": "TF", "total_row_ft": 49.2, "roadbed_ft": 20.0, "median_ft": 0.0, "left_sw_ft": 10.1, "right_sw_ft": 19.1}, "geometry": {"type": "LineString", "coordinates": [[-73.84773428344793, 40.884606956787344], [-73.84782063109579, 40.88448885029106]]}}, {"type": "Feature", "properties": {"segment_id": 1625108, "physicalid": "150503", "street_name": "226 DR", "borough": "bronx", "direction": "TF", "total_row_ft": 92.2, "roadbed_ft": 20.2, "median_ft": 0.0, "left_sw_ft": 53.2, "right_sw_ft": 18.8}, "geometry": {"type": "LineString", "coordinates": [[-73.84767124173443, 40.88458004431243], [-73.84783304635056, 40.88435872750068]]}}, {"type": "Feature", "properties": {"segment_id": 1625109, "physicalid": "150503", "street_name": "226 DR", "borough": "bronx", "direction": "TF", "total_row_ft": 73.4, "roadbed_ft": 20.1, "median_ft": 0.0, "left_sw_ft": 25.2, "right_sw_ft": 28.1}, "geometry": {"type": "LineString", "coordinates": [[-73.84759184705561, 40.884575499381114], [-73.84776980078792, 40.88433209417194]]}}, {"type": "Feature", "properties": {"segment_id": 1625110, "physicalid": "150503", "street_name": "226 DR", "borough": "bronx", "direction": "TF", "total_row_ft": 64.3, "roadbed_ft": 19.9, "median_ft": 0.0, "left_sw_ft": 25.6, "right_sw_ft": 18.8}, "geometry": {"type": "LineString", "coordinates": [[-73.84754515856426, 40.88452621911707], [-73.84770655527595, 40.88430546080841]]}}, {"type": "Feature", "properties": {"segment_id": 1625111, "physicalid": "150503", "street_name": "226 DR", "borough": "bronx", "direction": "TF", "total_row_ft": 56.7, "roadbed_ft": 19.8, "median_ft": 0.0, "left_sw_ft": 18.1, "right_sw_ft": 18.8}, "geometry": {"type": "LineString", "coordinates": [[-73.84748211715677, 40.88449930632937], [-73.84758157198387, 40.88436327246293]]}}, {"type": "Feature", "properties": {"segment_id": 1625112, "physicalid": "150503", "street_name": "226 DR", "borough": "bronx", "direction": "TF", "total_row_ft": 56.6, "roadbed_ft": 34.8, "median_ft": 0.0, "left_sw_ft": 11.1, "right_sw_ft": 10.7}, "geometry": {"type": "LineString", "coordinates": [[-73.84741907572867, 40.884472393605066], [-73.84751831292256, 40.88433665759171]]}}, {"type": "Feature", "properties": {"segment_id": 1625113, "physicalid": "150503", "street_name": "226 DR", "borough": "bronx", "direction": "TF", "total_row_ft": 56.4, "roadbed_ft": 34.9, "median_ft": 0.0, "left_sw_ft": 10.8, "right_sw_ft": 10.7}, "geometry": {"type": "LineString", "coordinates": [[-73.84735603420874, 40.88444548104164], [-73.84745505391189, 40.88431004268569]]}}, {"type": "Feature", "properties": {"segment_id": 1625114, "physicalid": "150503", "street_name": "226 DR", "borough": "bronx", "direction": "TF", "total_row_ft": 56.2, "roadbed_ft": 35.1, "median_ft": 0.0, "left_sw_ft": 10.6, "right_sw_ft": 10.6}, "geometry": {"type": "LineString", "coordinates": [[-73.84729311572443, 40.884418400226906], [-73.84739179495189, 40.884283427744904]]}}, {"type": "Feature", "properties": {"segment_id": 1625115, "physicalid": "150503", "street_name": "226 DR", "borough": "bronx", "direction": "TF", "total_row_ft": 56.0, "roadbed_ft": 35.2, "median_ft": 0.0, "left_sw_ft": 10.3, "right_sw_ft": 10.4}, "geometry": {"type": "LineString", "coordinates": [[-73.84723035545973, 40.88439110303744], [-73.84732853604253, 40.884256812769266]]}}, {"type": "Feature", "properties": {"segment_id": 1625116, "physicalid": "150503", "street_name": "226 DR", "borough": "bronx", "direction": "TF", "total_row_ft": 55.8, "roadbed_ft": 35.3, "median_ft": 0.0, "left_sw_ft": 10.2, "right_sw_ft": 10.2}, "geometry": {"type": "LineString", "coordinates": [[-73.84716759524657, 40.88436380581366], [-73.84726552634271, 40.88422985696182]]}}, {"type": "Feature", "properties": {"segment_id": 1625117, "physicalid": "150503", "street_name": "226 DR", "borough": "bronx", "direction": "TF", "total_row_ft": 60.6, "roadbed_ft": 35.5, "median_ft": 0.0, "left_sw_ft": 15.0, "right_sw_ft": 10.0}, "geometry": {"type": "LineString", "coordinates": [[-73.84710483508496, 40.88433650855565], [-73.84721112336676, 40.88419112901237]]}}, {"type": "Feature", "properties": {"segment_id": 1625118, "physicalid": "150503", "street_name": "226 DR", "borough": "bronx", "direction": "TF", "total_row_ft": 56.3, "roadbed_ft": 35.6, "median_ft": 0.0, "left_sw_ft": 10.9, "right_sw_ft": 9.9}, "geometry": {"type": "LineString", "coordinates": [[-73.84704207497488, 40.88430921126337], [-73.84714092170809, 40.88417401035657]]}}, {"type": "Feature", "properties": {"segment_id": 1625119, "physicalid": "150503", "street_name": "226 DR", "borough": "bronx", "direction": "TF", "total_row_ft": 55.4, "roadbed_ft": 35.6, "median_ft": 0.0, "left_sw_ft": 10.0, "right_sw_ft": 9.8}, "geometry": {"type": "LineString", "coordinates": [[-73.84697931491634, 40.88428191393683], [-73.84707653822393, 40.884148933698874]]}}, {"type": "Feature", "properties": {"segment_id": 1625120, "physicalid": "150503", "street_name": "226 DR", "borough": "bronx", "direction": "TF", "total_row_ft": 55.3, "roadbed_ft": 35.2, "median_ft": 0.0, "left_sw_ft": 9.9, "right_sw_ft": 10.2}, "geometry": {"type": "LineString", "coordinates": [[-73.84691655490933, 40.884254616576015], [-73.84701354219561, 40.884121959333264]]}}, {"type": "Feature", "properties": {"segment_id": 1625121, "physicalid": "150503", "street_name": "226 DR", "borough": "bronx", "direction": "TF", "total_row_ft": 55.1, "roadbed_ft": 20.5, "median_ft": 0.0, "left_sw_ft": 17.3, "right_sw_ft": 17.4}, "geometry": {"type": "LineString", "coordinates": [[-73.8468537949165, 40.884227319232046], [-73.84695054626275, 40.884094984872526]]}}, {"type": "Feature", "properties": {"segment_id": 1625122, "physicalid": "150503", "street_name": "226 DR", "borough": "bronx", "direction": "TF", "total_row_ft": 55.0, "roadbed_ft": 20.2, "median_ft": 0.0, "left_sw_ft": 17.8, "right_sw_ft": 17.0}, "geometry": {"type": "LineString", "coordinates": [[-73.84679103492957, 40.88420002191626], [-73.846887550381, 40.88406801037726]]}}, {"type": "Feature", "properties": {"segment_id": 1625123, "physicalid": "150503", "street_name": "226 DR", "borough": "bronx", "direction": "TF", "total_row_ft": 54.9, "roadbed_ft": 19.8, "median_ft": 0.0, "left_sw_ft": 18.2, "right_sw_ft": 16.9}, "geometry": {"type": "LineString", "coordinates": [[-73.84672799526686, 40.88417310716918], [-73.84682440368267, 40.88404124220095]]}}, {"type": "Feature", "properties": {"segment_id": 1625124, "physicalid": "150503", "street_name": "226 DR", "borough": "bronx", "direction": "TF", "total_row_ft": 85.9, "roadbed_ft": 19.6, "median_ft": 0.0, "left_sw_ft": 18.6, "right_sw_ft": 47.7}, "geometry": {"type": "LineString", "coordinates": [[-73.84661056409288, 40.88422058741348], [-73.84676122359186, 40.884014519732965]]}}, {"type": "Feature", "properties": {"segment_id": 1625125, "physicalid": "150503", "street_name": "226 DR", "borough": "bronx", "direction": "TF", "total_row_ft": 55.0, "roadbed_ft": 19.9, "median_ft": 0.0, "left_sw_ft": 18.4, "right_sw_ft": 16.7}, "geometry": {"type": "LineString", "coordinates": [[-73.84660154958944, 40.884119778865276], [-73.8466980434352, 40.88398779738978]]}}, {"type": "Feature", "properties": {"segment_id": 1625126, "physicalid": "150503", "street_name": "226 DR", "borough": "bronx", "direction": "TF", "total_row_ft": 55.0, "roadbed_ft": 20.1, "median_ft": 0.0, "left_sw_ft": 18.2, "right_sw_ft": 16.7}, "geometry": {"type": "LineString", "coordinates": [[-73.84653832716447, 40.8840931141993], [-73.84663486352109, 40.883961074749585]]}}, {"type": "Feature", "properties": {"segment_id": 1625127, "physicalid": "150503", "street_name": "226 DR", "borough": "bronx", "direction": "TF", "total_row_ft": 55.0, "roadbed_ft": 20.4, "median_ft": 0.0, "left_sw_ft": 17.9, "right_sw_ft": 16.7}, "geometry": {"type": "LineString", "coordinates": [[-73.8464751047902, 40.88406644949861], [-73.84657168365777, 40.883934352074654]]}}, {"type": "Feature", "properties": {"segment_id": 1625128, "physicalid": "150504", "street_name": "226 DR", "borough": "bronx", "direction": "TF", "total_row_ft": 55.1, "roadbed_ft": 20.8, "median_ft": 0.0, "left_sw_ft": 17.5, "right_sw_ft": 16.7}, "geometry": {"type": "LineString", "coordinates": [[-73.84635612667333, 40.884016269539316], [-73.84645278559405, 40.88388406304808]]}}, {"type": "Feature", "properties": {"segment_id": 1625129, "physicalid": "150504", "street_name": "226 DR", "borough": "bronx", "direction": "TF", "total_row_ft": 55.1, "roadbed_ft": 21.0, "median_ft": 0.0, "left_sw_ft": 17.3, "right_sw_ft": 16.8}, "geometry": {"type": "LineString", "coordinates": [[-73.84629289765657, 40.88398961402369], [-73.84638960059299, 40.883857347500644]]}}, {"type": "Feature", "properties": {"segment_id": 1625130, "physicalid": "150504", "street_name": "226 DR", "borough": "bronx", "direction": "TF", "total_row_ft": 55.1, "roadbed_ft": 21.3, "median_ft": 0.0, "left_sw_ft": 17.1, "right_sw_ft": 16.8}, "geometry": {"type": "LineString", "coordinates": [[-73.84622962337517, 40.88396302045365], [-73.84632636542648, 40.883830700602346]]}}, {"type": "Feature", "properties": {"segment_id": 1625131, "physicalid": "150504", "street_name": "226 DR", "borough": "bronx", "direction": "TF", "total_row_ft": 55.2, "roadbed_ft": 21.5, "median_ft": 0.0, "left_sw_ft": 16.8, "right_sw_ft": 16.8}, "geometry": {"type": "LineString", "coordinates": [[-73.84616634904958, 40.883936426978394], [-73.84626313031066, 40.88380405366927]]}}, {"type": "Feature", "properties": {"segment_id": 1625132, "physicalid": "150504", "street_name": "226 DR", "borough": "bronx", "direction": "TF", "total_row_ft": 55.2, "roadbed_ft": 35.3, "median_ft": 0.0, "left_sw_ft": 10.4, "right_sw_ft": 9.5}, "geometry": {"type": "LineString", "coordinates": [[-73.8461030747271, 40.88390983353341], [-73.84619989535663, 40.88377740654946]]}}, {"type": "Feature", "properties": {"segment_id": 1625133, "physicalid": "150504", "street_name": "226 DR", "borough": "bronx", "direction": "TF", "total_row_ft": 55.2, "roadbed_ft": 35.4, "median_ft": 0.0, "left_sw_ft": 10.3, "right_sw_ft": 9.5}, "geometry": {"type": "LineString", "coordinates": [[-73.84603980045522, 40.88388324005358], [-73.84613666135036, 40.883750758167935]]}}, {"type": "Feature", "properties": {"segment_id": 1625134, "physicalid": "150504", "street_name": "226 DR", "borough": "bronx", "direction": "TF", "total_row_ft": 55.2, "roadbed_ft": 35.4, "median_ft": 0.0, "left_sw_ft": 10.3, "right_sw_ft": 9.5}, "geometry": {"type": "LineString", "coordinates": [[-73.84597652623397, 40.883856646538945], [-73.84607342739476, 40.88372410975161]]}}, {"type": "Feature", "properties": {"segment_id": 1625135, "physicalid": "150504", "street_name": "226 DR", "borough": "bronx", "direction": "TF", "total_row_ft": 55.2, "roadbed_ft": 35.5, "median_ft": 0.0, "left_sw_ft": 10.3, "right_sw_ft": 9.5}, "geometry": {"type": "LineString", "coordinates": [[-73.84591325206331, 40.883830052989495], [-73.84601019348989, 40.88369746130052]]}}, {"type": "Feature", "properties": {"segment_id": 1625136, "physicalid": "150504", "street_name": "226 DR", "borough": "bronx", "direction": "TF", "total_row_ft": 55.3, "roadbed_ft": 35.6, "median_ft": 0.0, "left_sw_ft": 10.2, "right_sw_ft": 9.4}, "geometry": {"type": "LineString", "coordinates": [[-73.84584997794332, 40.8838034594052], [-73.84594695963567, 40.883670812814685]]}}, {"type": "Feature", "properties": {"segment_id": 1625137, "physicalid": "150504", "street_name": "226 DR", "borough": "bronx", "direction": "TF", "total_row_ft": 55.3, "roadbed_ft": 35.7, "median_ft": 0.0, "left_sw_ft": 10.2, "right_sw_ft": 9.4}, "geometry": {"type": "LineString", "coordinates": [[-73.84578670387391, 40.88377686578611], [-73.84588372583215, 40.88364416429402]]}}, {"type": "Feature", "properties": {"segment_id": 1625138, "physicalid": "150504", "street_name": "226 DR", "borough": "bronx", "direction": "TF", "total_row_ft": 55.3, "roadbed_ft": 35.8, "median_ft": 0.0, "left_sw_ft": 10.2, "right_sw_ft": 9.4}, "geometry": {"type": "LineString", "coordinates": [[-73.84572342985514, 40.883750272132175], [-73.84582049207934, 40.883617515738614]]}}, {"type": "Feature", "properties": {"segment_id": 1625139, "physicalid": "150504", "street_name": "226 DR", "borough": "bronx", "direction": "TF", "total_row_ft": 55.3, "roadbed_ft": 35.7, "median_ft": 0.0, "left_sw_ft": 10.1, "right_sw_ft": 9.5}, "geometry": {"type": "LineString", "coordinates": [[-73.84566015588699, 40.88372367844348], [-73.84575725837722, 40.88359086714843]]}}, {"type": "Feature", "properties": {"segment_id": 1625140, "physicalid": "150504", "street_name": "226 DR", "borough": "bronx", "direction": "TF", "total_row_ft": 55.4, "roadbed_ft": 35.7, "median_ft": 0.0, "left_sw_ft": 10.1, "right_sw_ft": 9.6}, "geometry": {"type": "LineString", "coordinates": [[-73.8455968820317, 40.88369708463479], [-73.84569402465607, 40.883564218618794]]}}, {"type": "Feature", "properties": {"segment_id": 1625141, "physicalid": "150504", "street_name": "226 DR", "borough": "bronx", "direction": "TF", "total_row_ft": 55.4, "roadbed_ft": 35.6, "median_ft": 0.0, "left_sw_ft": 10.1, "right_sw_ft": 9.7}, "geometry": {"type": "LineString", "coordinates": [[-73.84553360810246, 40.883670490961684], [-73.84563079081026, 40.88353757029428]]}}, {"type": "Feature", "properties": {"segment_id": 1625142, "physicalid": "150504", "street_name": "226 DR", "borough": "bronx", "direction": "TF", "total_row_ft": 55.5, "roadbed_ft": 21.7, "median_ft": 0.0, "left_sw_ft": 16.9, "right_sw_ft": 16.9}, "geometry": {"type": "LineString", "coordinates": [[-73.84547033422386, 40.88364389725372], [-73.8455677908924, 40.88351060205137]]}}, {"type": "Feature", "properties": {"segment_id": 1625143, "physicalid": "150504", "street_name": "226 DR", "borough": "bronx", "direction": "TF", "total_row_ft": 89.3, "roadbed_ft": 23.7, "median_ft": 0.0, "left_sw_ft": 48.5, "right_sw_ft": 17.1}, "geometry": {"type": "LineString", "coordinates": [[-73.84540706039584, 40.88361730351097], [-73.8455637075803, 40.88340305115805]]}}, {"type": "Feature", "properties": {"segment_id": 1625144, "physicalid": "150504", "street_name": "226 DR", "borough": "bronx", "direction": "TF", "total_row_ft": 114.8, "roadbed_ft": 73.1, "median_ft": 0.0, "left_sw_ft": 15.0, "right_sw_ft": 26.7}, "geometry": {"type": "LineString", "coordinates": [[-73.84532533272278, 40.88361594969502], [-73.84550046384771, 40.88337641656496]]}}, {"type": "Feature", "properties": {"segment_id": 1625145, "physicalid": "150509", "street_name": "E 225 ST", "borough": "bronx", "direction": "TW", "total_row_ft": 74.3, "roadbed_ft": 50.0, "median_ft": 0.0, "left_sw_ft": 14.9, "right_sw_ft": 9.5}, "geometry": {"type": "LineString", "coordinates": [[-73.84691703958946, 40.88338330028243], [-73.84704732844695, 40.88320490836611]]}}, {"type": "Feature", "properties": {"segment_id": 1625146, "physicalid": "150509", "street_name": "E 225 ST", "borough": "bronx", "direction": "TW", "total_row_ft": 74.2, "roadbed_ft": 50.0, "median_ft": 0.0, "left_sw_ft": 14.7, "right_sw_ft": 9.5}, "geometry": {"type": "LineString", "coordinates": [[-73.84685413990702, 40.88335619463098], [-73.8469841897085, 40.88317813026003]]}}, {"type": "Feature", "properties": {"segment_id": 1625147, "physicalid": "150509", "street_name": "E 225 ST", "borough": "bronx", "direction": "TW", "total_row_ft": 74.0, "roadbed_ft": 50.0, "median_ft": 0.0, "left_sw_ft": 14.6, "right_sw_ft": 9.4}, "geometry": {"type": "LineString", "coordinates": [[-73.8467912402759, 40.88332908894514], [-73.846921051371, 40.8831513516399]]}}, {"type": "Feature", "properties": {"segment_id": 1625148, "physicalid": "150509", "street_name": "E 225 ST", "borough": "bronx", "direction": "TW", "total_row_ft": 73.9, "roadbed_ft": 50.1, "median_ft": 0.0, "left_sw_ft": 14.3, "right_sw_ft": 9.5}, "geometry": {"type": "LineString", "coordinates": [[-73.84672834129483, 40.88330198348288], [-73.84685798015195, 40.88312448019488]]}}, {"type": "Feature", "properties": {"segment_id": 1625149, "physicalid": "150509", "street_name": "E 225 ST", "borough": "bronx", "direction": "TW", "total_row_ft": 73.8, "roadbed_ft": 50.2, "median_ft": 0.0, "left_sw_ft": 14.1, "right_sw_ft": 9.6}, "geometry": {"type": "LineString", "coordinates": [[-73.84666544108399, 40.883274877434175], [-73.84679491012996, 40.88309760920354]]}}, {"type": "Feature", "properties": {"segment_id": 1625150, "physicalid": "150509", "street_name": "E 225 ST", "borough": "bronx", "direction": "TW", "total_row_ft": 73.7, "roadbed_ft": 50.2, "median_ft": 0.0, "left_sw_ft": 13.9, "right_sw_ft": 9.6}, "geometry": {"type": "LineString", "coordinates": [[-73.84660254160717, 40.88324777164526], [-73.84673183954848, 40.883070737917535]]}}, {"type": "Feature", "properties": {"segment_id": 1625151, "physicalid": "150509", "street_name": "E 225 ST", "borough": "bronx", "direction": "TW", "total_row_ft": 73.6, "roadbed_ft": 50.2, "median_ft": 0.0, "left_sw_ft": 13.7, "right_sw_ft": 9.7}, "geometry": {"type": "LineString", "coordinates": [[-73.84653964194337, 40.88322066571924], [-73.84666876923646, 40.88304386668997]]}}, {"type": "Feature", "properties": {"segment_id": 1625152, "physicalid": "150509", "street_name": "E 225 ST", "borough": "bronx", "direction": "TW", "total_row_ft": 73.8, "roadbed_ft": 50.3, "median_ft": 0.0, "left_sw_ft": 13.7, "right_sw_ft": 9.8}, "geometry": {"type": "LineString", "coordinates": [[-73.84647639439444, 40.883194036867515], [-73.84660569860914, 40.88301699527179]]}}, {"type": "Feature", "properties": {"segment_id": 1625153, "physicalid": "150509", "street_name": "E 225 ST", "borough": "bronx", "direction": "TW", "total_row_ft": 74.0, "roadbed_ft": 50.3, "median_ft": 0.0, "left_sw_ft": 13.8, "right_sw_ft": 9.9}, "geometry": {"type": "LineString", "coordinates": [[-73.84641279949408, 40.88316788334661], [-73.84654262818083, 40.882990123882074]]}}, {"type": "Feature", "properties": {"segment_id": 1625154, "physicalid": "150509", "street_name": "E 225 ST", "borough": "bronx", "direction": "TW", "total_row_ft": 74.3, "roadbed_ft": 50.4, "median_ft": 0.0, "left_sw_ft": 14.0, "right_sw_ft": 10.0}, "geometry": {"type": "LineString", "coordinates": [[-73.84634920464374, 40.88314172979049], [-73.84647955780352, 40.88296325245774]]}}, {"type": "Feature", "properties": {"segment_id": 1625155, "physicalid": "150509", "street_name": "E 225 ST", "borough": "bronx", "direction": "TW", "total_row_ft": 74.6, "roadbed_ft": 50.4, "median_ft": 0.0, "left_sw_ft": 14.2, "right_sw_ft": 10.0}, "geometry": {"type": "LineString", "coordinates": [[-73.84628560984343, 40.88311557619921], [-73.84641648747719, 40.88293638099885]]}}, {"type": "Feature", "properties": {"segment_id": 1625156, "physicalid": "150509", "street_name": "E 225 ST", "borough": "bronx", "direction": "TW", "total_row_ft": 74.9, "roadbed_ft": 50.5, "median_ft": 0.0, "left_sw_ft": 14.4, "right_sw_ft": 10.1}, "geometry": {"type": "LineString", "coordinates": [[-73.846222015222, 40.883089422625744], [-73.84635341708554, 40.88290950945577]]}}, {"type": "Feature", "properties": {"segment_id": 1625157, "physicalid": "150509", "street_name": "E 225 ST", "borough": "bronx", "direction": "TW", "total_row_ft": 75.2, "roadbed_ft": 50.5, "median_ft": 0.0, "left_sw_ft": 14.6, "right_sw_ft": 10.2}, "geometry": {"type": "LineString", "coordinates": [[-73.84615841965656, 40.88306326860834], [-73.84629034764109, 40.88288263825996]]}}, {"type": "Feature", "properties": {"segment_id": 1625158, "physicalid": "150509", "street_name": "E 225 ST", "borough": "bronx", "direction": "TW", "total_row_ft": 120.0, "roadbed_ft": 52.4, "median_ft": 0.0, "left_sw_ft": 33.3, "right_sw_ft": 34.3}, "geometry": {"type": "LineString", "coordinates": [[-73.8460590834868, 40.883086050457585], [-73.84626947918638, 40.88279798568452]]}}, {"type": "Feature", "properties": {"segment_id": 1659934, "physicalid": "166625", "street_name": "NEEDHAM AVE", "borough": "bronx", "direction": "TW", "total_row_ft": 59.2, "roadbed_ft": 33.2, "median_ft": 0.0, "left_sw_ft": 9.7, "right_sw_ft": 16.3}, "geometry": {"type": "LineString", "coordinates": [[-73.84462961659972, 40.88005513140626], [-73.84444008280624, 40.87997956938073]]}}, {"type": "Feature", "properties": {"segment_id": 1659935, "physicalid": "166625", "street_name": "NEEDHAM AVE", "borough": "bronx", "direction": "TW", "total_row_ft": 59.0, "roadbed_ft": 33.1, "median_ft": 0.0, "left_sw_ft": 9.6, "right_sw_ft": 16.3}, "geometry": {"type": "LineString", "coordinates": [[-73.84459391828818, 40.88010290522274], [-73.84440494867236, 40.880027568100594]]}}, {"type": "Feature", "properties": {"segment_id": 1659936, "physicalid": "166625", "street_name": "NEEDHAM AVE", "borough": "bronx", "direction": "TW", "total_row_ft": 58.8, "roadbed_ft": 33.0, "median_ft": 0.0, "left_sw_ft": 9.4, "right_sw_ft": 16.4}, "geometry": {"type": "LineString", "coordinates": [[-73.84455769512205, 40.88015138135212], [-73.8443704368675, 40.88007471654343]]}}, {"type": "Feature", "properties": {"segment_id": 1659937, "physicalid": "166625", "street_name": "NEEDHAM AVE", "borough": "bronx", "direction": "TW", "total_row_ft": 58.7, "roadbed_ft": 32.9, "median_ft": 0.0, "left_sw_ft": 9.3, "right_sw_ft": 16.5}, "geometry": {"type": "LineString", "coordinates": [[-73.8445220072307, 40.88019914106228], [-73.84433530958015, 40.88012270575046]]}}, {"type": "Feature", "properties": {"segment_id": 1659938, "physicalid": "166625", "street_name": "NEEDHAM AVE", "borough": "bronx", "direction": "TW", "total_row_ft": 58.5, "roadbed_ft": 32.7, "median_ft": 0.0, "left_sw_ft": 9.2, "right_sw_ft": 16.6}, "geometry": {"type": "LineString", "coordinates": [[-73.84448631952849, 40.880246900859426], [-73.84430018224208, 40.88017069494639]]}}, {"type": "Feature", "properties": {"segment_id": 1659939, "physicalid": "166625", "street_name": "NEEDHAM AVE", "borough": "bronx", "direction": "TW", "total_row_ft": 58.3, "roadbed_ft": 32.4, "median_ft": 0.0, "left_sw_ft": 9.2, "right_sw_ft": 16.7}, "geometry": {"type": "LineString", "coordinates": [[-73.84445056716244, 40.88029463419235], [-73.84426505490107, 40.880218684150776]]}}, {"type": "Feature", "properties": {"segment_id": 1659940, "physicalid": "166625", "street_name": "NEEDHAM AVE", "borough": "bronx", "direction": "TW", "total_row_ft": 57.9, "roadbed_ft": 32.1, "median_ft": 0.0, "left_sw_ft": 9.0, "right_sw_ft": 16.8}, "geometry": {"type": "LineString", "coordinates": [[-73.84441420587076, 40.88034211823703], [-73.84422992769949, 40.88026667342187]]}}, {"type": "Feature", "properties": {"segment_id": 1659941, "physicalid": "166625", "street_name": "NEEDHAM AVE", "borough": "bronx", "direction": "TW", "total_row_ft": 86.8, "roadbed_ft": 34.2, "median_ft": 0.0, "left_sw_ft": 10.3, "right_sw_ft": 42.2}, "geometry": {"type": "LineString", "coordinates": [[-73.84438621661359, 40.88039302985241], [-73.84411003001043, 40.88027995688776]]}}, {"type": "Feature", "properties": {"segment_id": 1680056, "physicalid": "170716", "street_name": "BAYCHESTER AVE", "borough": "bronx", "direction": "TW", "total_row_ft": 96.0, "roadbed_ft": 59.2, "median_ft": 0.0, "left_sw_ft": 13.7, "right_sw_ft": 23.2}, "geometry": {"type": "LineString", "coordinates": [[-73.84060760206324, 40.88473457999375], [-73.84027853098694, 40.88481868255713]]}}, {"type": "Feature", "properties": {"segment_id": 1680057, "physicalid": "170716", "street_name": "BAYCHESTER AVE", "borough": "bronx", "direction": "TW", "total_row_ft": 103.7, "roadbed_ft": 56.1, "median_ft": 0.0, "left_sw_ft": 13.6, "right_sw_ft": 33.9}, "geometry": {"type": "LineString", "coordinates": [[-73.84062998334318, 40.8847867826117], [-73.840274658787, 40.884877594880926]]}}, {"type": "Feature", "properties": {"segment_id": 1680058, "physicalid": "170716", "street_name": "BAYCHESTER AVE", "borough": "bronx", "direction": "TW", "total_row_ft": 93.4, "roadbed_ft": 60.6, "median_ft": 0.0, "left_sw_ft": 13.6, "right_sw_ft": 19.2}, "geometry": {"type": "LineString", "coordinates": [[-73.84065236465825, 40.88483898522479], [-73.84033231600738, 40.884920781899275]]}}, {"type": "Feature", "properties": {"segment_id": 1680059, "physicalid": "170716", "street_name": "BAYCHESTER AVE", "borough": "bronx", "direction": "TW", "total_row_ft": 93.7, "roadbed_ft": 60.6, "median_ft": 0.0, "left_sw_ft": 13.5, "right_sw_ft": 19.6}, "geometry": {"type": "LineString", "coordinates": [[-73.84067474600849, 40.8848911878331], [-73.84035370456785, 40.884973238242914]]}}, {"type": "Feature", "properties": {"segment_id": 1680060, "physicalid": "170716", "street_name": "BAYCHESTER AVE", "borough": "bronx", "direction": "TW", "total_row_ft": 94.0, "roadbed_ft": 60.5, "median_ft": 0.0, "left_sw_ft": 13.5, "right_sw_ft": 20.0}, "geometry": {"type": "LineString", "coordinates": [[-73.8406972354491, 40.88494336282003], [-73.84037509256099, 40.885025694735724]]}}, {"type": "Feature", "properties": {"segment_id": 1680061, "physicalid": "170716", "street_name": "BAYCHESTER AVE", "borough": "bronx", "direction": "TW", "total_row_ft": 94.3, "roadbed_ft": 60.5, "median_ft": 0.0, "left_sw_ft": 13.5, "right_sw_ft": 20.4}, "geometry": {"type": "LineString", "coordinates": [[-73.84071976692638, 40.884995527067474], [-73.8403964805879, 40.88507815122409]]}}, {"type": "Feature", "properties": {"segment_id": 1680062, "physicalid": "170716", "street_name": "BAYCHESTER AVE", "borough": "bronx", "direction": "TW", "total_row_ft": 94.7, "roadbed_ft": 60.5, "median_ft": 0.0, "left_sw_ft": 13.4, "right_sw_ft": 20.7}, "geometry": {"type": "LineString", "coordinates": [[-73.84074229843903, 40.88504769131006], [-73.84041786864853, 40.88513060770793]]}}, {"type": "Feature", "properties": {"segment_id": 1680063, "physicalid": "170716", "street_name": "BAYCHESTER AVE", "borough": "bronx", "direction": "TW", "total_row_ft": 94.9, "roadbed_ft": 60.4, "median_ft": 0.0, "left_sw_ft": 13.4, "right_sw_ft": 21.1}, "geometry": {"type": "LineString", "coordinates": [[-73.84076482998702, 40.88509985554771], [-73.84043943582843, 40.88518301841773]]}}, {"type": "Feature", "properties": {"segment_id": 1680064, "physicalid": "170716", "street_name": "BAYCHESTER AVE", "borough": "bronx", "direction": "TW", "total_row_ft": 95.2, "roadbed_ft": 60.4, "median_ft": 0.0, "left_sw_ft": 13.4, "right_sw_ft": 21.3}, "geometry": {"type": "LineString", "coordinates": [[-73.84078736168308, 40.885152019751644], [-73.84046124546788, 40.88523536716533]]}}, {"type": "Feature", "properties": {"segment_id": 1680065, "physicalid": "170716", "street_name": "BAYCHESTER AVE", "borough": "bronx", "direction": "TW", "total_row_ft": 95.4, "roadbed_ft": 60.4, "median_ft": 0.0, "left_sw_ft": 13.4, "right_sw_ft": 21.6}, "geometry": {"type": "LineString", "coordinates": [[-73.84080989358355, 40.8852041839075], [-73.84048305514163, 40.885287715908255]]}}, {"type": "Feature", "properties": {"segment_id": 1680066, "physicalid": "170716", "street_name": "BAYCHESTER AVE", "borough": "bronx", "direction": "TW", "total_row_ft": 95.6, "roadbed_ft": 60.4, "median_ft": 0.0, "left_sw_ft": 13.4, "right_sw_ft": 21.8}, "geometry": {"type": "LineString", "coordinates": [[-73.84083242551935, 40.88525634805847], [-73.84050486484976, 40.88534006464657]]}}, {"type": "Feature", "properties": {"segment_id": 1680067, "physicalid": "170716", "street_name": "BAYCHESTER AVE", "borough": "bronx", "direction": "TW", "total_row_ft": 95.8, "roadbed_ft": 60.3, "median_ft": 0.0, "left_sw_ft": 13.4, "right_sw_ft": 22.1}, "geometry": {"type": "LineString", "coordinates": [[-73.84085508276735, 40.88530848018653], [-73.84052667459224, 40.88539241338029]]}}, {"type": "Feature", "properties": {"segment_id": 1680068, "physicalid": "170716", "street_name": "BAYCHESTER AVE", "borough": "bronx", "direction": "TW", "total_row_ft": 102.0, "roadbed_ft": 60.3, "median_ft": 0.0, "left_sw_ft": 13.5, "right_sw_ft": 28.2}, "geometry": {"type": "LineString", "coordinates": [[-73.84087811032681, 40.88536051767549], [-73.84052857836063, 40.88544984956729]]}}, {"type": "Feature", "properties": {"segment_id": 1680069, "physicalid": "170716", "street_name": "BAYCHESTER AVE", "borough": "bronx", "direction": "TW", "total_row_ft": 95.7, "roadbed_ft": 60.3, "median_ft": 0.0, "left_sw_ft": 13.6, "right_sw_ft": 21.8}, "geometry": {"type": "LineString", "coordinates": [[-73.84090113792232, 40.88541255515928], [-73.84057314153156, 40.88549638312449]]}}, {"type": "Feature", "properties": {"segment_id": 1680070, "physicalid": "170716", "street_name": "BAYCHESTER AVE", "borough": "bronx", "direction": "TW", "total_row_ft": 95.5, "roadbed_ft": 60.3, "median_ft": 0.0, "left_sw_ft": 13.8, "right_sw_ft": 21.4}, "geometry": {"type": "LineString", "coordinates": [[-73.84092416555387, 40.88546459263801], [-73.84059699278447, 40.885548210113335]]}}, {"type": "Feature", "properties": {"segment_id": 1680071, "physicalid": "170716", "street_name": "BAYCHESTER AVE", "borough": "bronx", "direction": "TW", "total_row_ft": 95.2, "roadbed_ft": 60.3, "median_ft": 0.0, "left_sw_ft": 13.9, "right_sw_ft": 21.1}, "geometry": {"type": "LineString", "coordinates": [[-73.84094719322148, 40.885516630111674], [-73.8406208440645, 40.8856000370993]]}}, {"type": "Feature", "properties": {"segment_id": 1680072, "physicalid": "170716", "street_name": "BAYCHESTER AVE", "borough": "bronx", "direction": "TW", "total_row_ft": 95.0, "roadbed_ft": 60.3, "median_ft": 0.0, "left_sw_ft": 14.0, "right_sw_ft": 20.7}, "geometry": {"type": "LineString", "coordinates": [[-73.84097022092514, 40.885568667580166], [-73.84064469538174, 40.88565186407989]]}}, {"type": "Feature", "properties": {"segment_id": 1680073, "physicalid": "170716", "street_name": "BAYCHESTER AVE", "borough": "bronx", "direction": "TW", "total_row_ft": 94.7, "roadbed_ft": 60.3, "median_ft": 0.0, "left_sw_ft": 14.1, "right_sw_ft": 20.4}, "geometry": {"type": "LineString", "coordinates": [[-73.8409932394612, 40.88562070739589], [-73.84066852240571, 40.885703697273236]]}}, {"type": "Feature", "properties": {"segment_id": 1680074, "physicalid": "170716", "street_name": "BAYCHESTER AVE", "borough": "bronx", "direction": "TW", "total_row_ft": 94.9, "roadbed_ft": 60.3, "median_ft": 0.0, "left_sw_ft": 14.1, "right_sw_ft": 20.5}, "geometry": {"type": "LineString", "coordinates": [[-73.84101587242765, 40.885672845758734], [-73.84069060535985, 40.88575597621002]]}}, {"type": "Feature", "properties": {"segment_id": 1680075, "physicalid": "170716", "street_name": "BAYCHESTER AVE", "borough": "bronx", "direction": "TW", "total_row_ft": 95.1, "roadbed_ft": 60.3, "median_ft": 0.0, "left_sw_ft": 14.1, "right_sw_ft": 20.7}, "geometry": {"type": "LineString", "coordinates": [[-73.84103850542957, 40.88572498411656], [-73.84071268834876, 40.88580825514213]]}}, {"type": "Feature", "properties": {"segment_id": 1680076, "physicalid": "170716", "street_name": "BAYCHESTER AVE", "borough": "bronx", "direction": "TW", "total_row_ft": 95.2, "roadbed_ft": 60.3, "median_ft": 0.0, "left_sw_ft": 14.1, "right_sw_ft": 20.8}, "geometry": {"type": "LineString", "coordinates": [[-73.84106113846703, 40.88577712246954], [-73.84073477145925, 40.88586053404724]]}}, {"type": "Feature", "properties": {"segment_id": 1680077, "physicalid": "170716", "street_name": "BAYCHESTER AVE", "borough": "bronx", "direction": "TW", "total_row_ft": 95.4, "roadbed_ft": 60.3, "median_ft": 0.0, "left_sw_ft": 14.1, "right_sw_ft": 21.0}, "geometry": {"type": "LineString", "coordinates": [[-73.84108377153997, 40.88582926081753], [-73.84075685466439, 40.88591281293235]]}}, {"type": "Feature", "properties": {"segment_id": 1680078, "physicalid": "170716", "street_name": "BAYCHESTER AVE", "borough": "bronx", "direction": "TW", "total_row_ft": 95.5, "roadbed_ft": 60.3, "median_ft": 0.0, "left_sw_ft": 14.0, "right_sw_ft": 21.1}, "geometry": {"type": "LineString", "coordinates": [[-73.84110627862717, 40.88588143136878], [-73.84077893790429, 40.885965091812714]]}}, {"type": "Feature", "properties": {"segment_id": 1680079, "physicalid": "170716", "street_name": "BAYCHESTER AVE", "borough": "bronx", "direction": "TW", "total_row_ft": 95.4, "roadbed_ft": 60.4, "median_ft": 0.0, "left_sw_ft": 13.9, "right_sw_ft": 21.2}, "geometry": {"type": "LineString", "coordinates": [[-73.8411283119586, 40.88593372300569], [-73.84080122662174, 40.886017318182446]]}}, {"type": "Feature", "properties": {"segment_id": 1680080, "physicalid": "170716", "street_name": "BAYCHESTER AVE", "borough": "bronx", "direction": "TW", "total_row_ft": 95.2, "roadbed_ft": 60.4, "median_ft": 0.0, "left_sw_ft": 13.7, "right_sw_ft": 21.1}, "geometry": {"type": "LineString", "coordinates": [[-73.84115034532468, 40.88598601463786], [-73.84082400904259, 40.886069418378376]]}}, {"type": "Feature", "properties": {"segment_id": 1680081, "physicalid": "170716", "street_name": "BAYCHESTER AVE", "borough": "bronx", "direction": "TW", "total_row_ft": 95.0, "roadbed_ft": 60.6, "median_ft": 0.0, "left_sw_ft": 13.4, "right_sw_ft": 21.0}, "geometry": {"type": "LineString", "coordinates": [[-73.8411723787252, 40.88603830626534], [-73.84084679149915, 40.886121518569375]]}}, {"type": "Feature", "properties": {"segment_id": 1680082, "physicalid": "170717", "street_name": "SCHIEFFELIN AVE", "borough": "bronx", "direction": "TW", "total_row_ft": 75.3, "roadbed_ft": 49.4, "median_ft": 0.0, "left_sw_ft": 14.6, "right_sw_ft": 11.3}, "geometry": {"type": "LineString", "coordinates": [[-73.84193231996582, 40.88604857352055], [-73.84174716002514, 40.88589694398705]]}}, {"type": "Feature", "properties": {"segment_id": 1680083, "physicalid": "170717", "street_name": "SCHIEFFELIN AVE", "borough": "bronx", "direction": "TW", "total_row_ft": 75.2, "roadbed_ft": 49.4, "median_ft": 0.0, "left_sw_ft": 14.4, "right_sw_ft": 11.4}, "geometry": {"type": "LineString", "coordinates": [[-73.84187936091469, 40.886085962557814], [-73.84169443131805, 40.88593452155887]]}}, {"type": "Feature", "properties": {"segment_id": 1680084, "physicalid": "170717", "street_name": "SCHIEFFELIN AVE", "borough": "bronx", "direction": "TW", "total_row_ft": 75.2, "roadbed_ft": 49.3, "median_ft": 0.0, "left_sw_ft": 14.4, "right_sw_ft": 11.5}, "geometry": {"type": "LineString", "coordinates": [[-73.84182672558882, 40.88612361672103], [-73.84164185640533, 40.8859722250996]]}}, {"type": "Feature", "properties": {"segment_id": 1680085, "physicalid": "170717", "street_name": "SCHIEFFELIN AVE", "borough": "bronx", "direction": "TW", "total_row_ft": 75.1, "roadbed_ft": 49.4, "median_ft": 0.0, "left_sw_ft": 14.4, "right_sw_ft": 11.3}, "geometry": {"type": "LineString", "coordinates": [[-73.84177409020332, 40.88616127085998], [-73.84158941699134, 40.88601003962695]]}}, {"type": "Feature", "properties": {"segment_id": 1680086, "physicalid": "170717", "street_name": "SCHIEFFELIN AVE", "borough": "bronx", "direction": "TW", "total_row_ft": 75.0, "roadbed_ft": 49.6, "median_ft": 0.0, "left_sw_ft": 14.4, "right_sw_ft": 11.1}, "geometry": {"type": "LineString", "coordinates": [[-73.84172145475821, 40.88619892497467], [-73.84153697751769, 40.88604785413023]]}}, {"type": "Feature", "properties": {"segment_id": 1680087, "physicalid": "170717", "street_name": "SCHIEFFELIN AVE", "borough": "bronx", "direction": "TW", "total_row_ft": 75.0, "roadbed_ft": 49.7, "median_ft": 0.0, "left_sw_ft": 14.3, "right_sw_ft": 10.9}, "geometry": {"type": "LineString", "coordinates": [[-73.84166881946636, 40.886236579239444], [-73.8414845379844, 40.886085668609425]]}}, {"type": "Feature", "properties": {"segment_id": 1680088, "physicalid": "170718", "street_name": "SCHIEFFELIN AVE", "borough": "bronx", "direction": "FT", "total_row_ft": 86.7, "roadbed_ft": 64.1, "median_ft": 0.0, "left_sw_ft": 10.8, "right_sw_ft": 11.9}, "geometry": {"type": "LineString", "coordinates": [[-73.84146931248694, 40.88635885519813], [-73.84142496047264, 40.88612315180715]]}}, {"type": "Feature", "properties": {"segment_id": 1680089, "physicalid": "170718", "street_name": "SCHIEFFELIN AVE", "borough": "bronx", "direction": "FT", "total_row_ft": 97.1, "roadbed_ft": 70.2, "median_ft": 0.0, "left_sw_ft": 15.0, "right_sw_ft": 11.8}, "geometry": {"type": "LineString", "coordinates": [[-73.84137560061846, 40.88636398307888], [-73.84136319052052, 40.88613890526495]]}}, {"type": "Feature", "properties": {"segment_id": 1680090, "physicalid": "170718", "street_name": "SCHIEFFELIN AVE", "borough": "bronx", "direction": "FT", "total_row_ft": 96.6, "roadbed_ft": 53.8, "median_ft": 16.1, "left_sw_ft": 15.0, "right_sw_ft": 11.7}, "geometry": {"type": "LineString", "coordinates": [[-73.84128168290307, 40.88636193968408], [-73.84129885865484, 40.886138245465816]]}}, {"type": "Feature", "properties": {"segment_id": 1680091, "physicalid": "170718", "street_name": "SCHIEFFELIN AVE", "borough": "bronx", "direction": "FT", "total_row_ft": 61.8, "roadbed_ft": 19.7, "median_ft": 15.3, "left_sw_ft": 15.3, "right_sw_ft": 11.6}, "geometry": {"type": "LineString", "coordinates": [[-73.84121066380233, 40.88624737642791], [-73.84123719636217, 40.88612118489135]]}}, {"type": "Feature", "properties": {"segment_id": 1680092, "physicalid": "170718", "street_name": "SCHIEFFELIN AVE", "borough": "bronx", "direction": "FT", "total_row_ft": 113.4, "roadbed_ft": 82.6, "median_ft": 0.0, "left_sw_ft": 15.0, "right_sw_ft": 15.8}, "geometry": {"type": "LineString", "coordinates": [[-73.84109702360665, 40.88633649311688], [-73.84118795052046, 40.88607526258459]]}}, {"type": "Feature", "properties": {"segment_id": 1680093, "physicalid": "170719", "street_name": "SCHIEFFELIN AVE", "borough": "bronx", "direction": "TW", "total_row_ft": 85.3, "roadbed_ft": 56.9, "median_ft": 0.0, "left_sw_ft": 14.7, "right_sw_ft": 13.7}, "geometry": {"type": "LineString", "coordinates": [[-73.84156660557909, 40.88631139383125], [-73.84135684821922, 40.88613962044789]]}}, {"type": "Feature", "properties": {"segment_id": 1680094, "physicalid": "170719", "street_name": "SCHIEFFELIN AVE", "borough": "bronx", "direction": "TW", "total_row_ft": 107.0, "roadbed_ft": 74.1, "median_ft": 0.0, "left_sw_ft": 15.2, "right_sw_ft": 17.8}, "geometry": {"type": "LineString", "coordinates": [[-73.8415150752651, 40.88634995304901], [-73.84125200147066, 40.8861345177233]]}}, {"type": "Feature", "properties": {"segment_id": 1680095, "physicalid": "170719", "street_name": "SCHIEFFELIN AVE", "borough": "bronx", "direction": "TW", "total_row_ft": 122.6, "roadbed_ft": 71.3, "median_ft": 20.8, "left_sw_ft": 15.6, "right_sw_ft": 15.0}, "geometry": {"type": "LineString", "coordinates": [[-73.84146354476168, 40.88638851213734], [-73.84119894928745, 40.88617183054945]]}}, {"type": "Feature", "properties": {"segment_id": 1680096, "physicalid": "170719", "street_name": "SCHIEFFELIN AVE", "borough": "bronx", "direction": "TW", "total_row_ft": 93.6, "roadbed_ft": 51.9, "median_ft": 11.5, "left_sw_ft": 18.7, "right_sw_ft": 11.5}, "geometry": {"type": "LineString", "coordinates": [[-73.84142355429472, 40.88643652153651], [-73.84122177775447, 40.88627128356043]]}}, {"type": "Feature", "properties": {"segment_id": 1680097, "physicalid": "170719", "street_name": "SCHIEFFELIN AVE", "borough": "bronx", "direction": "TW", "total_row_ft": 135.0, "roadbed_ft": 102.9, "median_ft": 0.0, "left_sw_ft": 17.1, "right_sw_ft": 15.0}, "geometry": {"type": "LineString", "coordinates": [[-73.84138783840523, 40.88648803147516], [-73.84109284474235, 40.886246456127886]]}}, {"type": "Feature", "properties": {"segment_id": 1680098, "physicalid": "170720", "street_name": "BAYCHESTER AVE", "borough": "bronx", "direction": "TW", "total_row_ft": 114.9, "roadbed_ft": 78.1, "median_ft": 0.0, "left_sw_ft": 16.0, "right_sw_ft": 20.8}, "geometry": {"type": "LineString", "coordinates": [[-73.84129349977484, 40.886141688227006], [-73.8408996196996, 40.88624235506096]]}}, {"type": "Feature", "properties": {"segment_id": 1680099, "physicalid": "170720", "street_name": "BAYCHESTER AVE", "borough": "bronx", "direction": "TW", "total_row_ft": 105.9, "roadbed_ft": 60.1, "median_ft": 12.5, "left_sw_ft": 12.5, "right_sw_ft": 20.8}, "geometry": {"type": "LineString", "coordinates": [[-73.8412423837369, 40.88621267533519], [-73.84092220968395, 40.886294504457055]]}}, {"type": "Feature", "properties": {"segment_id": 1680100, "physicalid": "170720", "street_name": "BAYCHESTER AVE", "borough": "bronx", "direction": "TW", "total_row_ft": 107.0, "roadbed_ft": 60.6, "median_ft": 12.8, "left_sw_ft": 12.8, "right_sw_ft": 20.8}, "geometry": {"type": "LineString", "coordinates": [[-73.84126760431322, 40.88626415240728], [-73.84094479970372, 40.88634665384818]]}}, {"type": "Feature", "properties": {"segment_id": 1680101, "physicalid": "170720", "street_name": "BAYCHESTER AVE", "borough": "bronx", "direction": "TW", "total_row_ft": 130.4, "roadbed_ft": 94.6, "median_ft": 0.0, "left_sw_ft": 15.0, "right_sw_ft": 20.8}, "geometry": {"type": "LineString", "coordinates": [[-73.84136275406102, 40.886297757044765], [-73.84096738975894, 40.8863988032344]]}}, {"type": "Feature", "properties": {"segment_id": 1747388, "physicalid": "189724", "street_name": "E 229 ST", "borough": "bronx", "direction": "TW", "total_row_ft": 116.1, "roadbed_ft": 86.2, "median_ft": 0.0, "left_sw_ft": 15.0, "right_sw_ft": 15.0}, "geometry": {"type": "LineString", "coordinates": [[-73.84541697478281, 40.88644443256676], [-73.84559709570264, 40.88620281482332]]}}, {"type": "Feature", "properties": {"segment_id": 1747389, "physicalid": "189724", "street_name": "E 229 ST", "borough": "bronx", "direction": "TW", "total_row_ft": 81.9, "roadbed_ft": 49.1, "median_ft": 0.0, "left_sw_ft": 15.2, "right_sw_ft": 17.6}, "geometry": {"type": "LineString", "coordinates": [[-73.84535129113358, 40.886421063229996], [-73.84549705685458, 40.88622553065645]]}}, {"type": "Feature", "properties": {"segment_id": 1747390, "physicalid": "189724", "street_name": "E 229 ST", "borough": "bronx", "direction": "TW", "total_row_ft": 80.3, "roadbed_ft": 49.1, "median_ft": 0.0, "left_sw_ft": 15.5, "right_sw_ft": 15.8}, "geometry": {"type": "LineString", "coordinates": [[-73.84528560753061, 40.88639769385578], [-73.84542868753417, 40.886205764228]]}}, {"type": "Feature", "properties": {"segment_id": 1747391, "physicalid": "189724", "street_name": "E 229 ST", "borough": "bronx", "direction": "TW", "total_row_ft": 80.8, "roadbed_ft": 49.0, "median_ft": 0.0, "left_sw_ft": 15.9, "right_sw_ft": 15.9}, "geometry": {"type": "LineString", "coordinates": [[-73.84521992397376, 40.88637432444405], [-73.84536379993818, 40.886181327368035]]}}, {"type": "Feature", "properties": {"segment_id": 1747392, "physicalid": "189724", "street_name": "E 229 ST", "borough": "bronx", "direction": "TW", "total_row_ft": 80.7, "roadbed_ft": 49.0, "median_ft": 0.0, "left_sw_ft": 16.1, "right_sw_ft": 15.7}, "geometry": {"type": "LineString", "coordinates": [[-73.84515515293944, 40.88634973099318], [-73.84529891238991, 40.886156890471476]]}}, {"type": "Feature", "properties": {"segment_id": 1747393, "physicalid": "189724", "street_name": "E 229 ST", "borough": "bronx", "direction": "TW", "total_row_ft": 84.9, "roadbed_ft": 48.9, "median_ft": 0.0, "left_sw_ft": 20.7, "right_sw_ft": 15.2}, "geometry": {"type": "LineString", "coordinates": [[-73.84506862272099, 40.88635432542793], [-73.84523410383494, 40.88613234763961]]}}, {"type": "Feature", "properties": {"segment_id": 1747394, "physicalid": "189724", "street_name": "E 229 ST", "borough": "bronx", "direction": "TW", "total_row_ft": 80.1, "roadbed_ft": 48.9, "median_ft": 0.0, "left_sw_ft": 15.6, "right_sw_ft": 15.7}, "geometry": {"type": "LineString", "coordinates": [[-73.84502807098596, 40.88629724416894], [-73.84517077211184, 40.88610582379534]]}}, {"type": "Feature", "properties": {"segment_id": 1747395, "physicalid": "189724", "street_name": "E 229 ST", "borough": "bronx", "direction": "TW", "total_row_ft": 80.2, "roadbed_ft": 48.8, "median_ft": 0.0, "left_sw_ft": 15.6, "right_sw_ft": 15.8}, "geometry": {"type": "LineString", "coordinates": [[-73.84496453008445, 40.88627100070415], [-73.8451074404393, 40.8860792999162]]}}, {"type": "Feature", "properties": {"segment_id": 1747396, "physicalid": "189724", "street_name": "E 229 ST", "borough": "bronx", "direction": "TW", "total_row_ft": 80.4, "roadbed_ft": 48.7, "median_ft": 0.0, "left_sw_ft": 16.0, "right_sw_ft": 15.6}, "geometry": {"type": "LineString", "coordinates": [[-73.84490098923315, 40.88624475720428], [-73.84504410878883, 40.88605277604034]]}}, {"type": "Feature", "properties": {"segment_id": 1747397, "physicalid": "189724", "street_name": "E 229 ST", "borough": "bronx", "direction": "TW", "total_row_ft": 92.1, "roadbed_ft": 48.7, "median_ft": 0.0, "left_sw_ft": 28.0, "right_sw_ft": 15.4}, "geometry": {"type": "LineString", "coordinates": [[-73.84481680689946, 40.886246202163974], [-73.8449807773153, 40.88602625196001]]}}, {"type": "Feature", "properties": {"segment_id": 1747398, "physicalid": "189724", "street_name": "E 229 ST", "borough": "bronx", "direction": "TW", "total_row_ft": 80.2, "roadbed_ft": 48.6, "median_ft": 0.0, "left_sw_ft": 16.3, "right_sw_ft": 15.4}, "geometry": {"type": "LineString", "coordinates": [[-73.84477501134756, 40.88619078964508], [-73.84491792167452, 40.88599908962811]]}}, {"type": "Feature", "properties": {"segment_id": 1747399, "physicalid": "189724", "street_name": "E 229 ST", "borough": "bronx", "direction": "TW", "total_row_ft": 80.6, "roadbed_ft": 48.9, "median_ft": 0.0, "left_sw_ft": 16.0, "right_sw_ft": 15.6}, "geometry": {"type": "LineString", "coordinates": [[-73.84471319120382, 40.886162238095956], [-73.84485664291084, 40.88596981210208]]}}, {"type": "Feature", "properties": {"segment_id": 1747400, "physicalid": "189724", "street_name": "E 229 ST", "borough": "bronx", "direction": "TW", "total_row_ft": 80.9, "roadbed_ft": 49.1, "median_ft": 0.0, "left_sw_ft": 15.8, "right_sw_ft": 15.9}, "geometry": {"type": "LineString", "coordinates": [[-73.84465137111314, 40.886133686513574], [-73.84479536420116, 40.88594053454336]]}}, {"type": "Feature", "properties": {"segment_id": 1747401, "physicalid": "189724", "street_name": "E 229 ST", "borough": "bronx", "direction": "TW", "total_row_ft": 81.2, "roadbed_ft": 49.5, "median_ft": 0.0, "left_sw_ft": 15.5, "right_sw_ft": 16.2}, "geometry": {"type": "LineString", "coordinates": [[-73.84458955076266, 40.88610513441681], [-73.84473408592, 40.885911257130886]]}}, {"type": "Feature", "properties": {"segment_id": 1747402, "physicalid": "189724", "street_name": "E 229 ST", "borough": "bronx", "direction": "TW", "total_row_ft": 80.9, "roadbed_ft": 49.9, "median_ft": 0.0, "left_sw_ft": 15.2, "right_sw_ft": 15.8}, "geometry": {"type": "LineString", "coordinates": [[-73.84452880266076, 40.88607514497975], [-73.84467280703403, 40.88588197990635]]}}, {"type": "Feature", "properties": {"segment_id": 1747403, "physicalid": "189724", "street_name": "E 229 ST", "borough": "bronx", "direction": "TW", "total_row_ft": 80.7, "roadbed_ft": 49.0, "median_ft": 0.0, "left_sw_ft": 16.3, "right_sw_ft": 15.5}, "geometry": {"type": "LineString", "coordinates": [[-73.84446775469983, 40.88604555780819], [-73.84461152813792, 40.88585270273515]]}}, {"type": "Feature", "properties": {"segment_id": 1754341, "physicalid": "190315", "street_name": "EASTCHESTER RD", "borough": "bronx", "direction": "TW", "total_row_ft": 99.9, "roadbed_ft": 82.5, "median_ft": 0.0, "left_sw_ft": 6.9, "right_sw_ft": 10.5}, "geometry": {"type": "LineString", "coordinates": [[-73.84897101135044, 40.881425359820334], [-73.84862913797241, 40.881513677155716]]}}, {"type": "Feature", "properties": {"segment_id": 1754342, "physicalid": "190315", "street_name": "EASTCHESTER RD", "borough": "bronx", "direction": "TW", "total_row_ft": 113.0, "roadbed_ft": 89.2, "median_ft": 0.0, "left_sw_ft": 15.0, "right_sw_ft": 8.9}, "geometry": {"type": "LineString", "coordinates": [[-73.84899431611483, 40.881477325846724], [-73.84865868536075, 40.88156403052165]]}}, {"type": "Feature", "properties": {"segment_id": 1754343, "physicalid": "190315", "street_name": "EASTCHESTER RD", "borough": "bronx", "direction": "TW", "total_row_ft": 113.1, "roadbed_ft": 89.4, "median_ft": 0.0, "left_sw_ft": 15.0, "right_sw_ft": 8.7}, "geometry": {"type": "LineString", "coordinates": [[-73.84901762091562, 40.881529291867906], [-73.84868180372372, 40.88161604471271]]}}, {"type": "Feature", "properties": {"segment_id": 1754344, "physicalid": "190315", "street_name": "EASTCHESTER RD", "borough": "bronx", "direction": "TW", "total_row_ft": 113.1, "roadbed_ft": 89.7, "median_ft": 0.0, "left_sw_ft": 15.0, "right_sw_ft": 8.5}, "geometry": {"type": "LineString", "coordinates": [[-73.84904092575287, 40.881581257883944], [-73.84870492220018, 40.88166805887861]]}}, {"type": "Feature", "properties": {"segment_id": 1754345, "physicalid": "190315", "street_name": "EASTCHESTER RD", "borough": "bronx", "direction": "TW", "total_row_ft": 113.2, "roadbed_ft": 89.9, "median_ft": 0.0, "left_sw_ft": 15.0, "right_sw_ft": 8.3}, "geometry": {"type": "LineString", "coordinates": [[-73.84906423062654, 40.88163322389474], [-73.84872804075862, 40.881720073027594]]}}, {"type": "Feature", "properties": {"segment_id": 1754346, "physicalid": "190315", "street_name": "EASTCHESTER RD", "borough": "bronx", "direction": "TW", "total_row_ft": 98.3, "roadbed_ft": 64.4, "median_ft": 0.0, "left_sw_ft": 25.8, "right_sw_ft": 8.1}, "geometry": {"type": "LineString", "coordinates": [[-73.84908753553665, 40.881685189900345], [-73.84875115935323, 40.88177208717146]]}}, {"type": "Feature", "properties": {"segment_id": 1754347, "physicalid": "190315", "street_name": "EASTCHESTER RD", "borough": "bronx", "direction": "TW", "total_row_ft": 98.3, "roadbed_ft": 60.0, "median_ft": 0.0, "left_sw_ft": 30.4, "right_sw_ft": 7.9}, "geometry": {"type": "LineString", "coordinates": [[-73.84911084048318, 40.88173715590073], [-73.84877427798402, 40.88182410131018]]}}, {"type": "Feature", "properties": {"segment_id": 1754348, "physicalid": "190315", "street_name": "EASTCHESTER RD", "borough": "bronx", "direction": "TW", "total_row_ft": 87.9, "roadbed_ft": 60.0, "median_ft": 0.0, "left_sw_ft": 20.2, "right_sw_ft": 7.7}, "geometry": {"type": "LineString", "coordinates": [[-73.84909835683602, 40.88179836736063], [-73.84879739670966, 40.881876115428625]]}}, {"type": "Feature", "properties": {"segment_id": 1754349, "physicalid": "190315", "street_name": "EASTCHESTER RD", "borough": "bronx", "direction": "TW", "total_row_ft": 87.8, "roadbed_ft": 60.1, "median_ft": 0.0, "left_sw_ft": 20.2, "right_sw_ft": 7.5}, "geometry": {"type": "LineString", "coordinates": [[-73.84912101014434, 40.88185050171117], [-73.84882051547162, 40.88192812954192]]}}, {"type": "Feature", "properties": {"segment_id": 1754350, "physicalid": "190315", "street_name": "EASTCHESTER RD", "borough": "bronx", "direction": "TW", "total_row_ft": 87.6, "roadbed_ft": 60.2, "median_ft": 0.0, "left_sw_ft": 20.2, "right_sw_ft": 7.3}, "geometry": {"type": "LineString", "coordinates": [[-73.84914366388352, 40.88190263595472], [-73.84884363470319, 40.88198014353807]]}}, {"type": "Feature", "properties": {"segment_id": 1754351, "physicalid": "190315", "street_name": "EASTCHESTER RD", "borough": "bronx", "direction": "TW", "total_row_ft": 87.7, "roadbed_ft": 60.3, "median_ft": 0.0, "left_sw_ft": 20.2, "right_sw_ft": 7.3}, "geometry": {"type": "LineString", "coordinates": [[-73.84916631750681, 40.88195477023237], [-73.84886596182417, 40.88203236216588]]}}, {"type": "Feature", "properties": {"segment_id": 1754352, "physicalid": "190315", "street_name": "EASTCHESTER RD", "borough": "bronx", "direction": "TW", "total_row_ft": 87.9, "roadbed_ft": 60.4, "median_ft": 0.0, "left_sw_ft": 20.2, "right_sw_ft": 7.4}, "geometry": {"type": "LineString", "coordinates": [[-73.84918897044496, 40.88200690469128], [-73.84888788991225, 40.882084683880876]]}}, {"type": "Feature", "properties": {"segment_id": 1754353, "physicalid": "190315", "street_name": "EASTCHESTER RD", "borough": "bronx", "direction": "TW", "total_row_ft": 77.9, "roadbed_ft": 60.5, "median_ft": 0.0, "left_sw_ft": 9.9, "right_sw_ft": 7.5}, "geometry": {"type": "LineString", "coordinates": [[-73.84917655645611, 40.88206809800241], [-73.84890981809902, 40.882137005744326]]}}, {"type": "Feature", "properties": {"segment_id": 1754354, "physicalid": "190315", "street_name": "EASTCHESTER RD", "borough": "bronx", "direction": "TW", "total_row_ft": 78.1, "roadbed_ft": 60.7, "median_ft": 0.0, "left_sw_ft": 9.8, "right_sw_ft": 7.6}, "geometry": {"type": "LineString", "coordinates": [[-73.84919921015276, 40.88212023227514], [-73.84893174625677, 40.88218932745154]]}}, {"type": "Feature", "properties": {"segment_id": 1754355, "physicalid": "190315", "street_name": "EASTCHESTER RD", "borough": "bronx", "direction": "TW", "total_row_ft": 78.3, "roadbed_ft": 60.9, "median_ft": 0.0, "left_sw_ft": 9.7, "right_sw_ft": 7.7}, "geometry": {"type": "LineString", "coordinates": [[-73.84922183377475, 40.88217237432148], [-73.84895367444905, 40.882241649154096]]}}, {"type": "Feature", "properties": {"segment_id": 1754356, "physicalid": "190315", "street_name": "EASTCHESTER RD", "borough": "bronx", "direction": "TW", "total_row_ft": 79.5, "roadbed_ft": 61.1, "median_ft": 0.0, "left_sw_ft": 9.6, "right_sw_ft": 8.8}, "geometry": {"type": "LineString", "coordinates": [[-73.84924441222992, 40.88222452804025], [-73.84890977184516, 40.88231097711633]]}}, {"type": "Feature", "properties": {"segment_id": 1754357, "physicalid": "190315", "street_name": "EASTCHESTER RD", "borough": "bronx", "direction": "TW", "total_row_ft": 90.1, "roadbed_ft": 61.9, "median_ft": 0.0, "left_sw_ft": 9.5, "right_sw_ft": 18.7}, "geometry": {"type": "LineString", "coordinates": [[-73.84926699072054, 40.88227668175409], [-73.84895866542374, 40.88235633278883]]}}, {"type": "Feature", "properties": {"segment_id": 1754358, "physicalid": "190315", "street_name": "EASTCHESTER RD", "borough": "bronx", "direction": "TW", "total_row_ft": 112.3, "roadbed_ft": 87.9, "median_ft": 0.0, "left_sw_ft": 9.4, "right_sw_ft": 15.0}, "geometry": {"type": "LineString", "coordinates": [[-73.84928956924658, 40.88232883546304], [-73.8489563821381, 40.88241490911945]]}}, {"type": "Feature", "properties": {"segment_id": 1754359, "physicalid": "190315", "street_name": "EASTCHESTER RD", "borough": "bronx", "direction": "TW", "total_row_ft": 112.1, "roadbed_ft": 87.8, "median_ft": 0.0, "left_sw_ft": 9.3, "right_sw_ft": 15.0}, "geometry": {"type": "LineString", "coordinates": [[-73.84931214780804, 40.88238098916705], [-73.8489796873392, 40.882466875113195]]}}, {"type": "Feature", "properties": {"segment_id": 1754360, "physicalid": "190315", "street_name": "EASTCHESTER RD", "borough": "bronx", "direction": "TW", "total_row_ft": 91.0, "roadbed_ft": 72.5, "median_ft": 0.0, "left_sw_ft": 9.2, "right_sw_ft": 9.3}, "geometry": {"type": "LineString", "coordinates": [[-73.8493347264049, 40.88243314286618], [-73.84902332519492, 40.88251358852232]]}}]}