{"type": "FeatureCollection", "features": [{"type": "Feature", "properties": {"segment_id": 514299, "physicalid": "37270", "street_name": "PELHAM PKWY", "borough": "bronx", "direction": "TF", "total_row_ft": 150.0, "roadbed_ft": 120.0, "median_ft": 0.0, "left_sw_ft": 15.0, "right_sw_ft": 15.0}, "geometry": {"type": "LineString", "coordinates": [[-73.84344338130752, 40.85788315282157], [-73.84353109484546, 40.85756059188769]]}}, {"type": "Feature", "properties": {"segment_id": 514300, "physicalid": "37270", "street_name": "PELHAM PKWY", "borough": "bronx", "direction": "TF", "total_row_ft": 93.3, "roadbed_ft": 57.9, "median_ft": 0.0, "left_sw_ft": 12.4, "right_sw_ft": 23.0}, "geometry": {"type": "LineString", "coordinates": [[-73.84338133996427, 40.85783981896101], [-73.84344951195362, 40.85758912183375]]}}, {"type": "Feature", "properties": {"segment_id": 514301, "physicalid": "37270", "street_name": "PELHAM PKWY", "borough": "bronx", "direction": "TF", "total_row_ft": 78.3, "roadbed_ft": 53.0, "median_ft": 0.0, "left_sw_ft": 15.0, "right_sw_ft": 10.3}, "geometry": {"type": "LineString", "coordinates": [[-73.84331113636978, 40.85782650118314], [-73.84338948180442, 40.85753839295238]]}}, {"type": "Feature", "properties": {"segment_id": 514302, "physicalid": "37270", "street_name": "PELHAM PKWY", "borough": "bronx", "direction": "TF", "total_row_ft": 77.6, "roadbed_ft": 53.0, "median_ft": 0.0, "left_sw_ft": 15.0, "right_sw_ft": 9.6}, "geometry": {"type": "LineString", "coordinates": [[-73.84324043105741, 40.85781502847262], [-73.84331867531934, 40.85752729341953]]}}, {"type": "Feature", "properties": {"segment_id": 514303, "physicalid": "37270", "street_name": "PELHAM PKWY", "borough": "bronx", "direction": "TF", "total_row_ft": 77.3, "roadbed_ft": 53.1, "median_ft": 0.0, "left_sw_ft": 15.0, "right_sw_ft": 9.2}, "geometry": {"type": "LineString", "coordinates": [[-73.84316972576941, 40.85780355571872], [-73.84324786885792, 40.857516193843196]]}}, {"type": "Feature", "properties": {"segment_id": 514304, "physicalid": "37270", "street_name": "PELHAM PKWY", "borough": "bronx", "direction": "TF", "total_row_ft": 77.8, "roadbed_ft": 53.9, "median_ft": 0.0, "left_sw_ft": 15.0, "right_sw_ft": 8.9}, "geometry": {"type": "LineString", "coordinates": [[-73.8430990205058, 40.8577920829215], [-73.84317706242011, 40.85750509422338]]}}, {"type": "Feature", "properties": {"segment_id": 514305, "physicalid": "37270", "street_name": "PELHAM PKWY", "borough": "bronx", "direction": "TF", "total_row_ft": 78.4, "roadbed_ft": 54.3, "median_ft": 0.0, "left_sw_ft": 15.0, "right_sw_ft": 9.0}, "geometry": {"type": "LineString", "coordinates": [[-73.84302799667144, 40.85778178166226], [-73.84310625600592, 40.85749399456008]]}}, {"type": "Feature", "properties": {"segment_id": 514306, "physicalid": "37270", "street_name": "PELHAM PKWY", "borough": "bronx", "direction": "TF", "total_row_ft": 78.0, "roadbed_ft": 54.1, "median_ft": 0.0, "left_sw_ft": 15.0, "right_sw_ft": 8.9}, "geometry": {"type": "LineString", "coordinates": [[-73.84295689239912, 40.85777177623628], [-73.8430354496154, 40.85748289485331]]}}, {"type": "Feature", "properties": {"segment_id": 514307, "physicalid": "37270", "street_name": "PELHAM PKWY", "borough": "bronx", "direction": "TF", "total_row_ft": 77.5, "roadbed_ft": 53.8, "median_ft": 0.0, "left_sw_ft": 15.0, "right_sw_ft": 8.8}, "geometry": {"type": "LineString", "coordinates": [[-73.8428857881482, 40.85776177076643], [-73.84296464324848, 40.85747179510307]]}}, {"type": "Feature", "properties": {"segment_id": 514308, "physicalid": "37270", "street_name": "PELHAM PKWY", "borough": "bronx", "direction": "TF", "total_row_ft": 76.9, "roadbed_ft": 53.3, "median_ft": 0.0, "left_sw_ft": 15.0, "right_sw_ft": 8.6}, "geometry": {"type": "LineString", "coordinates": [[-73.84281468903606, 40.85775174643463], [-73.84289383690522, 40.85746069530935]]}}, {"type": "Feature", "properties": {"segment_id": 514309, "physicalid": "37270", "street_name": "PELHAM PKWY", "borough": "bronx", "direction": "TF", "total_row_ft": 74.4, "roadbed_ft": 50.9, "median_ft": 0.0, "left_sw_ft": 15.0, "right_sw_ft": 8.5}, "geometry": {"type": "LineString", "coordinates": [[-73.84274359372391, 40.857741708164234], [-73.84282303058559, 40.85744959547216]]}}, {"type": "Feature", "properties": {"segment_id": 514310, "physicalid": "37270", "street_name": "PELHAM PKWY", "borough": "bronx", "direction": "TF", "total_row_ft": 71.9, "roadbed_ft": 48.4, "median_ft": 0.0, "left_sw_ft": 15.0, "right_sw_ft": 8.6}, "geometry": {"type": "LineString", "coordinates": [[-73.84267249843325, 40.85773166984994], [-73.84275222428958, 40.85743849559147]]}}, {"type": "Feature", "properties": {"segment_id": 514311, "physicalid": "37270", "street_name": "PELHAM PKWY", "borough": "bronx", "direction": "TF", "total_row_ft": 69.5, "roadbed_ft": 46.0, "median_ft": 0.0, "left_sw_ft": 15.0, "right_sw_ft": 8.6}, "geometry": {"type": "LineString", "coordinates": [[-73.842601403164, 40.85772163149186], [-73.84268141801721, 40.85742739566732]]}}, {"type": "Feature", "properties": {"segment_id": 514312, "physicalid": "37270", "street_name": "PELHAM PKWY", "borough": "bronx", "direction": "TF", "total_row_ft": 66.8, "roadbed_ft": 43.8, "median_ft": 0.0, "left_sw_ft": 15.0, "right_sw_ft": 8.0}, "geometry": {"type": "LineString", "coordinates": [[-73.84252999513556, 40.8577127432576], [-73.84261061176849, 40.8574162956997]]}}, {"type": "Feature", "properties": {"segment_id": 514313, "physicalid": "37270", "street_name": "PELHAM PKWY", "borough": "bronx", "direction": "TF", "total_row_ft": 65.1, "roadbed_ft": 42.2, "median_ft": 0.0, "left_sw_ft": 15.0, "right_sw_ft": 7.9}, "geometry": {"type": "LineString", "coordinates": [[-73.84245808579574, 40.857705698481084], [-73.84253980554337, 40.857405195688585]]}}, {"type": "Feature", "properties": {"segment_id": 514314, "physicalid": "37270", "street_name": "PELHAM PKWY", "borough": "bronx", "direction": "TF", "total_row_ft": 64.4, "roadbed_ft": 41.7, "median_ft": 0.0, "left_sw_ft": 15.0, "right_sw_ft": 7.7}, "geometry": {"type": "LineString", "coordinates": [[-73.84238617326251, 40.85769866545851], [-73.84246899934192, 40.85739409563401]]}}, {"type": "Feature", "properties": {"segment_id": 514315, "physicalid": "37270", "street_name": "PELHAM PKWY", "borough": "bronx", "direction": "TF", "total_row_ft": 64.0, "roadbed_ft": 41.3, "median_ft": 0.0, "left_sw_ft": 15.0, "right_sw_ft": 7.7}, "geometry": {"type": "LineString", "coordinates": [[-73.84231424307018, 40.85769169738292], [-73.8423981931641, 40.857382995535936]]}}, {"type": "Feature", "properties": {"segment_id": 514316, "physicalid": "37270", "street_name": "PELHAM PKWY", "borough": "bronx", "direction": "TF", "total_row_ft": 63.8, "roadbed_ft": 41.0, "median_ft": 0.0, "left_sw_ft": 15.0, "right_sw_ft": 7.8}, "geometry": {"type": "LineString", "coordinates": [[-73.84224231289294, 40.85768472926246], [-73.8423273870099, 40.8573718953944]]}}, {"type": "Feature", "properties": {"segment_id": 514317, "physicalid": "37270", "street_name": "PELHAM PKWY", "borough": "bronx", "direction": "TF", "total_row_ft": 64.3, "roadbed_ft": 41.0, "median_ft": 0.0, "left_sw_ft": 15.0, "right_sw_ft": 8.3}, "geometry": {"type": "LineString", "coordinates": [[-73.84217038273074, 40.85767776109718], [-73.84225658087934, 40.857360795209395]]}}, {"type": "Feature", "properties": {"segment_id": 514318, "physicalid": "37270", "street_name": "PELHAM PKWY", "borough": "bronx", "direction": "TF", "total_row_ft": 65.4, "roadbed_ft": 41.1, "median_ft": 0.0, "left_sw_ft": 15.0, "right_sw_ft": 9.3}, "geometry": {"type": "LineString", "coordinates": [[-73.84209899761163, 40.85766878874025], [-73.8421857747724, 40.85734969498091]]}}, {"type": "Feature", "properties": {"segment_id": 514319, "physicalid": "37270", "street_name": "PELHAM PKWY", "borough": "bronx", "direction": "TF", "total_row_ft": 65.5, "roadbed_ft": 41.1, "median_ft": 0.0, "left_sw_ft": 15.0, "right_sw_ft": 9.4}, "geometry": {"type": "LineString", "coordinates": [[-73.84202827976708, 40.857657362754296], [-73.84211496868912, 40.857338594708956]]}}, {"type": "Feature", "properties": {"segment_id": 514320, "physicalid": "37270", "street_name": "PELHAM PKWY", "borough": "bronx", "direction": "TF", "total_row_ft": 65.6, "roadbed_ft": 41.1, "median_ft": 0.0, "left_sw_ft": 15.0, "right_sw_ft": 9.5}, "geometry": {"type": "LineString", "coordinates": [[-73.84195756194684, 40.857645936725], [-73.84204416262946, 40.857327494393495]]}}, {"type": "Feature", "properties": {"segment_id": 514321, "physicalid": "37270", "street_name": "PELHAM PKWY", "borough": "bronx", "direction": "TF", "total_row_ft": 65.0, "roadbed_ft": 41.1, "median_ft": 0.0, "left_sw_ft": 15.0, "right_sw_ft": 9.0}, "geometry": {"type": "LineString", "coordinates": [[-73.84188726960737, 40.85763294620561], [-73.84197335659344, 40.857316394034555]]}}, {"type": "Feature", "properties": {"segment_id": 514322, "physicalid": "37270", "street_name": "PELHAM PKWY", "borough": "bronx", "direction": "TF", "total_row_ft": 65.1, "roadbed_ft": 41.0, "median_ft": 0.0, "left_sw_ft": 15.0, "right_sw_ft": 9.1}, "geometry": {"type": "LineString", "coordinates": [[-73.84181722054223, 40.85761906120321], [-73.84190255058107, 40.857305293632194]]}}, {"type": "Feature", "properties": {"segment_id": 514323, "physicalid": "37270", "street_name": "PELHAM PKWY", "borough": "bronx", "direction": "TF", "total_row_ft": 65.1, "roadbed_ft": 41.0, "median_ft": 0.0, "left_sw_ft": 15.0, "right_sw_ft": 9.2}, "geometry": {"type": "LineString", "coordinates": [[-73.84174717150634, 40.85760517615821], [-73.84183174459231, 40.85729419318631]]}}, {"type": "Feature", "properties": {"segment_id": 514324, "physicalid": "37270", "street_name": "PELHAM PKWY", "borough": "bronx", "direction": "TF", "total_row_ft": 65.2, "roadbed_ft": 40.9, "median_ft": 0.0, "left_sw_ft": 15.0, "right_sw_ft": 9.3}, "geometry": {"type": "LineString", "coordinates": [[-73.8416771224997, 40.85759129107067], [-73.84176093862719, 40.85728309269697]]}}, {"type": "Feature", "properties": {"segment_id": 514325, "physicalid": "37270", "street_name": "PELHAM PKWY", "borough": "bronx", "direction": "TF", "total_row_ft": 64.8, "roadbed_ft": 40.9, "median_ft": 0.0, "left_sw_ft": 15.0, "right_sw_ft": 8.9}, "geometry": {"type": "LineString", "coordinates": [[-73.84160707352231, 40.85757740594056], [-73.84169013268573, 40.85727199216412]]}}, {"type": "Feature", "properties": {"segment_id": 514326, "physicalid": "37270", "street_name": "PELHAM PKWY", "borough": "bronx", "direction": "TF", "total_row_ft": 64.6, "roadbed_ft": 40.9, "median_ft": 0.0, "left_sw_ft": 15.0, "right_sw_ft": 8.7}, "geometry": {"type": "LineString", "coordinates": [[-73.84153684201385, 40.85756419204798], [-73.84161932676786, 40.857260891587806]]}}, {"type": "Feature", "properties": {"segment_id": 514327, "physicalid": "37270", "street_name": "PELHAM PKWY", "borough": "bronx", "direction": "TF", "total_row_ft": 64.6, "roadbed_ft": 40.9, "median_ft": 0.0, "left_sw_ft": 15.0, "right_sw_ft": 8.7}, "geometry": {"type": "LineString", "coordinates": [[-73.84146648033494, 40.85755145685417], [-73.84154852087366, 40.85724979096804]]}}, {"type": "Feature", "properties": {"segment_id": 514328, "physicalid": "37270", "street_name": "PELHAM PKWY", "borough": "bronx", "direction": "TF", "total_row_ft": 64.6, "roadbed_ft": 41.0, "median_ft": 0.0, "left_sw_ft": 15.0, "right_sw_ft": 8.7}, "geometry": {"type": "LineString", "coordinates": [[-73.841396118683, 40.8575387216174], [-73.8414777150031, 40.85723869030479]]}}, {"type": "Feature", "properties": {"segment_id": 514329, "physicalid": "37270", "street_name": "PELHAM PKWY", "borough": "bronx", "direction": "TF", "total_row_ft": 64.6, "roadbed_ft": 41.0, "median_ft": 0.0, "left_sw_ft": 15.0, "right_sw_ft": 8.6}, "geometry": {"type": "LineString", "coordinates": [[-73.84132575705799, 40.85752598633771], [-73.84140690915615, 40.85722758959806]]}}, {"type": "Feature", "properties": {"segment_id": 514330, "physicalid": "37270", "street_name": "PELHAM PKWY", "borough": "bronx", "direction": "TF", "total_row_ft": 64.7, "roadbed_ft": 41.0, "median_ft": 0.0, "left_sw_ft": 15.0, "right_sw_ft": 8.6}, "geometry": {"type": "LineString", "coordinates": [[-73.84125531746123, 40.85751353781429], [-73.84133610333285, 40.857216488847854]]}}, {"type": "Feature", "properties": {"segment_id": 514331, "physicalid": "37270", "street_name": "PELHAM PKWY", "borough": "bronx", "direction": "TF", "total_row_ft": 64.9, "roadbed_ft": 41.1, "median_ft": 0.0, "left_sw_ft": 15.0, "right_sw_ft": 8.8}, "geometry": {"type": "LineString", "coordinates": [[-73.84118477112663, 40.85750148181561], [-73.8412652975332, 40.85720538805415]]}}, {"type": "Feature", "properties": {"segment_id": 514332, "physicalid": "37270", "street_name": "PELHAM PKWY", "borough": "bronx", "direction": "TF", "total_row_ft": 65.1, "roadbed_ft": 41.1, "median_ft": 0.0, "left_sw_ft": 15.0, "right_sw_ft": 9.0}, "geometry": {"type": "LineString", "coordinates": [[-73.8411142204067, 40.857489441992485], [-73.84119449175716, 40.857194287217]]}}, {"type": "Feature", "properties": {"segment_id": 514333, "physicalid": "37270", "street_name": "PELHAM PKWY", "borough": "bronx", "direction": "TF", "total_row_ft": 65.2, "roadbed_ft": 41.1, "median_ft": 0.0, "left_sw_ft": 15.0, "right_sw_ft": 9.1}, "geometry": {"type": "LineString", "coordinates": [[-73.84104353765522, 40.85747788769103], [-73.84112368600476, 40.85718318633636]]}}, {"type": "Feature", "properties": {"segment_id": 514334, "physicalid": "37270", "street_name": "PELHAM PKWY", "borough": "bronx", "direction": "TF", "total_row_ft": 65.2, "roadbed_ft": 41.1, "median_ft": 0.0, "left_sw_ft": 15.0, "right_sw_ft": 9.1}, "geometry": {"type": "LineString", "coordinates": [[-73.84097285492832, 40.857466333346274], [-73.841052880276, 40.857172085412245]]}}, {"type": "Feature", "properties": {"segment_id": 514335, "physicalid": "37270", "street_name": "PELHAM PKWY", "borough": "bronx", "direction": "TF", "total_row_ft": 65.0, "roadbed_ft": 41.1, "median_ft": 0.0, "left_sw_ft": 15.0, "right_sw_ft": 8.9}, "geometry": {"type": "LineString", "coordinates": [[-73.84090217222595, 40.85745477895817], [-73.84098207457089, 40.857160984444654]]}}, {"type": "Feature", "properties": {"segment_id": 514336, "physicalid": "37270", "street_name": "PELHAM PKWY", "borough": "bronx", "direction": "TF", "total_row_ft": 64.9, "roadbed_ft": 41.3, "median_ft": 0.0, "left_sw_ft": 15.0, "right_sw_ft": 8.7}, "geometry": {"type": "LineString", "coordinates": [[-73.84083140784034, 40.85744352495735], [-73.84091126888941, 40.85714988343357]]}}, {"type": "Feature", "properties": {"segment_id": 514337, "physicalid": "37270", "street_name": "PELHAM PKWY", "borough": "bronx", "direction": "TF", "total_row_ft": 64.9, "roadbed_ft": 41.4, "median_ft": 0.0, "left_sw_ft": 15.0, "right_sw_ft": 8.5}, "geometry": {"type": "LineString", "coordinates": [[-73.84076054486673, 40.85743263349685], [-73.84084046323154, 40.857138782379046]]}}, {"type": "Feature", "properties": {"segment_id": 514338, "physicalid": "37270", "street_name": "PELHAM PKWY", "borough": "bronx", "direction": "TF", "total_row_ft": 64.8, "roadbed_ft": 41.6, "median_ft": 0.0, "left_sw_ft": 15.0, "right_sw_ft": 8.2}, "geometry": {"type": "LineString", "coordinates": [[-73.8406896819163, 40.857421741992795], [-73.84076965759735, 40.85712768128103]]}}, {"type": "Feature", "properties": {"segment_id": 514339, "physicalid": "37270", "street_name": "PELHAM PKWY", "borough": "bronx", "direction": "TF", "total_row_ft": 64.7, "roadbed_ft": 41.7, "median_ft": 0.0, "left_sw_ft": 15.0, "right_sw_ft": 7.9}, "geometry": {"type": "LineString", "coordinates": [[-73.84061875395511, 40.857411089565126], [-73.84069885198677, 40.85711658013952]]}}, {"type": "Feature", "properties": {"segment_id": 514340, "physicalid": "37270", "street_name": "PELHAM PKWY", "borough": "bronx", "direction": "TF", "total_row_ft": 64.5, "roadbed_ft": 41.9, "median_ft": 0.0, "left_sw_ft": 15.0, "right_sw_ft": 7.6}, "geometry": {"type": "LineString", "coordinates": [[-73.84054780553554, 40.857400512399394], [-73.84062804639984, 40.85710547895455]]}}, {"type": "Feature", "properties": {"segment_id": 514341, "physicalid": "37270", "street_name": "PELHAM PKWY", "borough": "bronx", "direction": "TF", "total_row_ft": 65.0, "roadbed_ft": 42.0, "median_ft": 0.0, "left_sw_ft": 15.0, "right_sw_ft": 8.0}, "geometry": {"type": "LineString", "coordinates": [[-73.84047685713853, 40.85738993519001], [-73.84055724083653, 40.857094377726106]]}}, {"type": "Feature", "properties": {"segment_id": 514342, "physicalid": "37270", "street_name": "PELHAM PKWY", "borough": "bronx", "direction": "TF", "total_row_ft": 65.6, "roadbed_ft": 42.2, "median_ft": 0.0, "left_sw_ft": 15.0, "right_sw_ft": 8.4}, "geometry": {"type": "LineString", "coordinates": [[-73.84040590876408, 40.85737935793697], [-73.84048643529685, 40.857083276454176]]}}, {"type": "Feature", "properties": {"segment_id": 514343, "physicalid": "37270", "street_name": "PELHAM PKWY", "borough": "bronx", "direction": "TF", "total_row_ft": 66.0, "roadbed_ft": 42.4, "median_ft": 0.0, "left_sw_ft": 15.0, "right_sw_ft": 8.6}, "geometry": {"type": "LineString", "coordinates": [[-73.84033501480826, 40.8573685806375], [-73.84041562978085, 40.85707217513878]]}}, {"type": "Feature", "properties": {"segment_id": 514344, "physicalid": "37270", "street_name": "PELHAM PKWY", "borough": "bronx", "direction": "TF", "total_row_ft": 66.2, "roadbed_ft": 42.5, "median_ft": 0.0, "left_sw_ft": 15.0, "right_sw_ft": 8.6}, "geometry": {"type": "LineString", "coordinates": [[-73.84026423476824, 40.85735738453642], [-73.84034482428845, 40.85706107377991]]}}, {"type": "Feature", "properties": {"segment_id": 514345, "physicalid": "37270", "street_name": "PELHAM PKWY", "borough": "bronx", "direction": "TF", "total_row_ft": 66.2, "roadbed_ft": 42.6, "median_ft": 0.0, "left_sw_ft": 15.0, "right_sw_ft": 8.6}, "geometry": {"type": "LineString", "coordinates": [[-73.84019345475205, 40.85734618839189], [-73.84027401881968, 40.857049972377546]]}}, {"type": "Feature", "properties": {"segment_id": 514346, "physicalid": "37270", "street_name": "PELHAM PKWY", "borough": "bronx", "direction": "TF", "total_row_ft": 66.1, "roadbed_ft": 42.7, "median_ft": 0.0, "left_sw_ft": 15.0, "right_sw_ft": 8.4}, "geometry": {"type": "LineString", "coordinates": [[-73.84012267475967, 40.85733499220391], [-73.84020321337458, 40.85703887093172]]}}, {"type": "Feature", "properties": {"segment_id": 514347, "physicalid": "37270", "street_name": "PELHAM PKWY", "borough": "bronx", "direction": "TF", "total_row_ft": 66.1, "roadbed_ft": 42.7, "median_ft": 0.0, "left_sw_ft": 15.0, "right_sw_ft": 8.3}, "geometry": {"type": "LineString", "coordinates": [[-73.84005189479113, 40.85732379597249], [-73.8401324079531, 40.857027769442425]]}}, {"type": "Feature", "properties": {"segment_id": 514348, "physicalid": "37270", "street_name": "PELHAM PKWY", "borough": "bronx", "direction": "TF", "total_row_ft": 66.1, "roadbed_ft": 42.7, "median_ft": 0.0, "left_sw_ft": 15.0, "right_sw_ft": 8.4}, "geometry": {"type": "LineString", "coordinates": [[-73.83998113097037, 40.85731254041451], [-73.84006160255524, 40.85701666790963]]}}, {"type": "Feature", "properties": {"segment_id": 514409, "physicalid": "37272", "street_name": "PELHAM PKWY", "borough": "bronx", "direction": "FT", "total_row_ft": 150.0, "roadbed_ft": 120.0, "median_ft": 0.0, "left_sw_ft": 15.0, "right_sw_ft": 15.0}, "geometry": {"type": "LineString", "coordinates": [[-73.84363982993916, 40.8574264768307], [-73.84372489419135, 40.857103507196065]]}}, {"type": "Feature", "properties": {"segment_id": 514410, "physicalid": "37272", "street_name": "PELHAM PKWY", "borough": "bronx", "direction": "FT", "total_row_ft": 118.4, "roadbed_ft": 33.0, "median_ft": 21.1, "left_sw_ft": 43.1, "right_sw_ft": 21.1}, "geometry": {"type": "LineString", "coordinates": [[-73.84356893385394, 40.85741571250354], [-73.84363786450442, 40.857153999794285]]}}, {"type": "Feature", "properties": {"segment_id": 514411, "physicalid": "37272", "street_name": "PELHAM PKWY", "borough": "bronx", "direction": "FT", "total_row_ft": 84.4, "roadbed_ft": 31.0, "median_ft": 22.5, "left_sw_ft": 15.0, "right_sw_ft": 15.8}, "geometry": {"type": "LineString", "coordinates": [[-73.84349803779169, 40.857404948132796], [-73.8435670708194, 40.85714284778098]]}}, {"type": "Feature", "properties": {"segment_id": 514412, "physicalid": "37272", "street_name": "PELHAM PKWY", "borough": "bronx", "direction": "FT", "total_row_ft": 84.8, "roadbed_ft": 30.6, "median_ft": 23.0, "left_sw_ft": 15.0, "right_sw_ft": 16.2}, "geometry": {"type": "LineString", "coordinates": [[-73.84342714175236, 40.85739418371848], [-73.8434962771048, 40.85713169592675]]}}, {"type": "Feature", "properties": {"segment_id": 514413, "physicalid": "37272", "street_name": "PELHAM PKWY", "borough": "bronx", "direction": "FT", "total_row_ft": 84.9, "roadbed_ft": 30.5, "median_ft": 23.2, "left_sw_ft": 15.0, "right_sw_ft": 16.2}, "geometry": {"type": "LineString", "coordinates": [[-73.84335624573599, 40.85738341926057], [-73.84342548341392, 40.85712054402908]]}}, {"type": "Feature", "properties": {"segment_id": 514414, "physicalid": "37272", "street_name": "PELHAM PKWY", "borough": "bronx", "direction": "FT", "total_row_ft": 85.0, "roadbed_ft": 30.4, "median_ft": 23.4, "left_sw_ft": 15.0, "right_sw_ft": 16.2}, "geometry": {"type": "LineString", "coordinates": [[-73.84328534974256, 40.85737265475907], [-73.84335468968706, 40.857109392314754]]}}, {"type": "Feature", "properties": {"segment_id": 514415, "physicalid": "37272", "street_name": "PELHAM PKWY", "borough": "bronx", "direction": "FT", "total_row_ft": 85.0, "roadbed_ft": 30.3, "median_ft": 23.6, "left_sw_ft": 15.0, "right_sw_ft": 16.1}, "geometry": {"type": "LineString", "coordinates": [[-73.8432144537721, 40.85736189021398], [-73.84328389605811, 40.857098240275356]]}}, {"type": "Feature", "properties": {"segment_id": 514416, "physicalid": "37272", "street_name": "PELHAM PKWY", "borough": "bronx", "direction": "FT", "total_row_ft": 85.0, "roadbed_ft": 30.2, "median_ft": 23.6, "left_sw_ft": 15.0, "right_sw_ft": 16.1}, "geometry": {"type": "LineString", "coordinates": [[-73.84314355782458, 40.857351125625314], [-73.84321298204028, 40.857087545360365]]}}, {"type": "Feature", "properties": {"segment_id": 514417, "physicalid": "37272", "street_name": "PELHAM PKWY", "borough": "bronx", "direction": "FT", "total_row_ft": 74.2, "roadbed_ft": 30.2, "median_ft": 23.5, "left_sw_ft": 15.0, "right_sw_ft": 5.5}, "geometry": {"type": "LineString", "coordinates": [[-73.84307266190001, 40.857340360993064], [-73.84314200911787, 40.85707707412905]]}}, {"type": "Feature", "properties": {"segment_id": 514418, "physicalid": "37272", "street_name": "PELHAM PKWY", "borough": "bronx", "direction": "FT", "total_row_ft": 74.1, "roadbed_ft": 30.1, "median_ft": 23.4, "left_sw_ft": 15.0, "right_sw_ft": 5.6}, "geometry": {"type": "LineString", "coordinates": [[-73.84300176599838, 40.857329596317214], [-73.84307103621782, 40.85706660285405]]}}, {"type": "Feature", "properties": {"segment_id": 514419, "physicalid": "37272", "street_name": "PELHAM PKWY", "borough": "bronx", "direction": "FT", "total_row_ft": 73.9, "roadbed_ft": 30.0, "median_ft": 23.4, "left_sw_ft": 15.0, "right_sw_ft": 5.6}, "geometry": {"type": "LineString", "coordinates": [[-73.8429308701197, 40.857318831597794], [-73.84300006334011, 40.8570561315354]]}}, {"type": "Feature", "properties": {"segment_id": 514420, "physicalid": "37272", "street_name": "PELHAM PKWY", "borough": "bronx", "direction": "FT", "total_row_ft": 73.8, "roadbed_ft": 29.9, "median_ft": 23.3, "left_sw_ft": 15.0, "right_sw_ft": 5.6}, "geometry": {"type": "LineString", "coordinates": [[-73.84285997426397, 40.85730806683478], [-73.84292909048476, 40.857045660173036]]}}, {"type": "Feature", "properties": {"segment_id": 514421, "physicalid": "37272", "street_name": "PELHAM PKWY", "borough": "bronx", "direction": "FT", "total_row_ft": 73.6, "roadbed_ft": 29.8, "median_ft": 23.2, "left_sw_ft": 15.0, "right_sw_ft": 5.6}, "geometry": {"type": "LineString", "coordinates": [[-73.84278907843121, 40.857297302028186], [-73.84285811765174, 40.857035188767]]}}, {"type": "Feature", "properties": {"segment_id": 514422, "physicalid": "37272", "street_name": "PELHAM PKWY", "borough": "bronx", "direction": "FT", "total_row_ft": 73.4, "roadbed_ft": 29.8, "median_ft": 23.2, "left_sw_ft": 15.0, "right_sw_ft": 5.5}, "geometry": {"type": "LineString", "coordinates": [[-73.8427181826214, 40.857286537178], [-73.8427871772114, 40.857024594420686]]}}, {"type": "Feature", "properties": {"segment_id": 514423, "physicalid": "37272", "street_name": "PELHAM PKWY", "borough": "bronx", "direction": "FT", "total_row_ft": 73.3, "roadbed_ft": 29.7, "median_ft": 23.2, "left_sw_ft": 15.0, "right_sw_ft": 5.5}, "geometry": {"type": "LineString", "coordinates": [[-73.84264728683452, 40.85727577228422], [-73.84271625808564, 40.857013919194216]]}}, {"type": "Feature", "properties": {"segment_id": 514424, "physicalid": "37272", "street_name": "PELHAM PKWY", "borough": "bronx", "direction": "FT", "total_row_ft": 73.2, "roadbed_ft": 29.6, "median_ft": 23.2, "left_sw_ft": 15.0, "right_sw_ft": 5.4}, "geometry": {"type": "LineString", "coordinates": [[-73.8425763910706, 40.857265007346875], [-73.84264533898265, 40.85700324392408]]}}, {"type": "Feature", "properties": {"segment_id": 514425, "physicalid": "37272", "street_name": "PELHAM PKWY", "borough": "bronx", "direction": "FT", "total_row_ft": 73.1, "roadbed_ft": 29.4, "median_ft": 23.3, "left_sw_ft": 15.0, "right_sw_ft": 5.4}, "geometry": {"type": "LineString", "coordinates": [[-73.8425054953296, 40.85725424236594], [-73.84257441990242, 40.85699256861035]]}}, {"type": "Feature", "properties": {"segment_id": 514426, "physicalid": "37272", "street_name": "PELHAM PKWY", "borough": "bronx", "direction": "FT", "total_row_ft": 72.9, "roadbed_ft": 29.2, "median_ft": 23.4, "left_sw_ft": 15.0, "right_sw_ft": 5.3}, "geometry": {"type": "LineString", "coordinates": [[-73.84243459961158, 40.85724347734142], [-73.84250350084496, 40.85698189325303]]}}, {"type": "Feature", "properties": {"segment_id": 514427, "physicalid": "37272", "street_name": "PELHAM PKWY", "borough": "bronx", "direction": "FT", "total_row_ft": 72.8, "roadbed_ft": 29.1, "median_ft": 23.4, "left_sw_ft": 15.0, "right_sw_ft": 5.3}, "geometry": {"type": "LineString", "coordinates": [[-73.84236370391652, 40.857232712273316], [-73.84243258181027, 40.85697121785208]]}}, {"type": "Feature", "properties": {"segment_id": 514428, "physicalid": "37272", "street_name": "PELHAM PKWY", "borough": "bronx", "direction": "FT", "total_row_ft": 72.7, "roadbed_ft": 28.9, "median_ft": 23.5, "left_sw_ft": 15.0, "right_sw_ft": 5.2}, "geometry": {"type": "LineString", "coordinates": [[-73.8422928082444, 40.85722194716161], [-73.84236166279834, 40.85696054240753]]}}, {"type": "Feature", "properties": {"segment_id": 514429, "physicalid": "37272", "street_name": "PELHAM PKWY", "borough": "bronx", "direction": "FT", "total_row_ft": 72.5, "roadbed_ft": 28.7, "median_ft": 23.6, "left_sw_ft": 15.0, "right_sw_ft": 5.2}, "geometry": {"type": "LineString", "coordinates": [[-73.8422219125952, 40.857211182006324], [-73.84229074380919, 40.85694986691934]]}}, {"type": "Feature", "properties": {"segment_id": 514430, "physicalid": "37272", "street_name": "PELHAM PKWY", "borough": "bronx", "direction": "FT", "total_row_ft": 72.4, "roadbed_ft": 28.6, "median_ft": 23.7, "left_sw_ft": 15.0, "right_sw_ft": 5.1}, "geometry": {"type": "LineString", "coordinates": [[-73.842151016969, 40.85720041680745], [-73.8422198247863, 40.85693919160198]]}}, {"type": "Feature", "properties": {"segment_id": 514431, "physicalid": "37272", "street_name": "PELHAM PKWY", "borough": "bronx", "direction": "FT", "total_row_ft": 72.3, "roadbed_ft": 28.4, "median_ft": 23.8, "left_sw_ft": 15.0, "right_sw_ft": 5.1}, "geometry": {"type": "LineString", "coordinates": [[-73.84208012136574, 40.857189651565], [-73.842148916249, 40.85692847651951]]}}, {"type": "Feature", "properties": {"segment_id": 514432, "physicalid": "37272", "street_name": "PELHAM PKWY", "borough": "bronx", "direction": "FT", "total_row_ft": 72.2, "roadbed_ft": 28.2, "median_ft": 23.9, "left_sw_ft": 15.0, "right_sw_ft": 5.1}, "geometry": {"type": "LineString", "coordinates": [[-73.8420092257854, 40.857178886278966], [-73.84207801259004, 40.85691774295995]]}}, {"type": "Feature", "properties": {"segment_id": 514433, "physicalid": "37272", "street_name": "PELHAM PKWY", "borough": "bronx", "direction": "FT", "total_row_ft": 72.1, "roadbed_ft": 28.1, "median_ft": 24.0, "left_sw_ft": 15.0, "right_sw_ft": 5.0}, "geometry": {"type": "LineString", "coordinates": [[-73.84193833022805, 40.857168120949346], [-73.84200710896366, 40.85690700931985]]}}, {"type": "Feature", "properties": {"segment_id": 514434, "physicalid": "37272", "street_name": "PELHAM PKWY", "borough": "bronx", "direction": "FT", "total_row_ft": 72.0, "roadbed_ft": 27.9, "median_ft": 24.1, "left_sw_ft": 15.0, "right_sw_ft": 5.0}, "geometry": {"type": "LineString", "coordinates": [[-73.84186743469361, 40.85715735557612], [-73.84193620536021, 40.85689627563614]]}}, {"type": "Feature", "properties": {"segment_id": 514435, "physicalid": "37272", "street_name": "PELHAM PKWY", "borough": "bronx", "direction": "FT", "total_row_ft": 71.9, "roadbed_ft": 27.7, "median_ft": 24.2, "left_sw_ft": 15.0, "right_sw_ft": 5.0}, "geometry": {"type": "LineString", "coordinates": [[-73.84179653918214, 40.85714659015933], [-73.84186530177962, 40.856885541908824]]}}, {"type": "Feature", "properties": {"segment_id": 514436, "physicalid": "37272", "street_name": "PELHAM PKWY", "borough": "bronx", "direction": "FT", "total_row_ft": 71.8, "roadbed_ft": 27.6, "median_ft": 24.3, "left_sw_ft": 15.0, "right_sw_ft": 4.9}, "geometry": {"type": "LineString", "coordinates": [[-73.84172564369364, 40.85713582469895], [-73.84179439822192, 40.85687480813793]]}}, {"type": "Feature", "properties": {"segment_id": 514437, "physicalid": "37272", "street_name": "PELHAM PKWY", "borough": "bronx", "direction": "FT", "total_row_ft": 71.8, "roadbed_ft": 27.4, "median_ft": 24.4, "left_sw_ft": 15.0, "right_sw_ft": 5.0}, "geometry": {"type": "LineString", "coordinates": [[-73.8416547478847, 40.857125059130745], [-73.84172353877477, 40.85686390779521]]}}, {"type": "Feature", "properties": {"segment_id": 514438, "physicalid": "37272", "street_name": "PELHAM PKWY", "borough": "bronx", "direction": "FT", "total_row_ft": 71.9, "roadbed_ft": 27.4, "median_ft": 24.5, "left_sw_ft": 15.0, "right_sw_ft": 5.0}, "geometry": {"type": "LineString", "coordinates": [[-73.84158385246518, 40.857114293495506], [-73.84165268449034, 40.85685298705488]]}}, {"type": "Feature", "properties": {"segment_id": 514439, "physicalid": "37272", "street_name": "PELHAM PKWY", "borough": "bronx", "direction": "FT", "total_row_ft": 72.1, "roadbed_ft": 27.4, "median_ft": 24.6, "left_sw_ft": 15.0, "right_sw_ft": 5.1}, "geometry": {"type": "LineString", "coordinates": [[-73.84151295706862, 40.857103527816705], [-73.84158183022916, 40.856842066270985]]}}, {"type": "Feature", "properties": {"segment_id": 514440, "physicalid": "37272", "street_name": "PELHAM PKWY", "borough": "bronx", "direction": "FT", "total_row_ft": 72.3, "roadbed_ft": 27.4, "median_ft": 24.6, "left_sw_ft": 15.0, "right_sw_ft": 5.2}, "geometry": {"type": "LineString", "coordinates": [[-73.841442061695, 40.85709276209431], [-73.84151097599127, 40.85683114544358]]}}, {"type": "Feature", "properties": {"segment_id": 514441, "physicalid": "37272", "street_name": "PELHAM PKWY", "borough": "bronx", "direction": "FT", "total_row_ft": 72.5, "roadbed_ft": 27.5, "median_ft": 24.7, "left_sw_ft": 15.0, "right_sw_ft": 5.3}, "geometry": {"type": "LineString", "coordinates": [[-73.84137116634433, 40.85708199632834], [-73.84144012177664, 40.856820224572616]]}}, {"type": "Feature", "properties": {"segment_id": 514442, "physicalid": "37272", "street_name": "PELHAM PKWY", "borough": "bronx", "direction": "FT", "total_row_ft": 72.6, "roadbed_ft": 27.5, "median_ft": 24.7, "left_sw_ft": 15.0, "right_sw_ft": 5.4}, "geometry": {"type": "LineString", "coordinates": [[-73.84130027101662, 40.85707123051876], [-73.8413692588717, 40.856809336737065]]}}, {"type": "Feature", "properties": {"segment_id": 514443, "physicalid": "37272", "street_name": "PELHAM PKWY", "borough": "bronx", "direction": "FT", "total_row_ft": 72.7, "roadbed_ft": 27.6, "median_ft": 24.7, "left_sw_ft": 15.0, "right_sw_ft": 5.4}, "geometry": {"type": "LineString", "coordinates": [[-73.84122937571185, 40.857060464665615], [-73.84129836496112, 40.856798566650525]]}}, {"type": "Feature", "properties": {"segment_id": 514444, "physicalid": "37272", "street_name": "PELHAM PKWY", "borough": "bronx", "direction": "FT", "total_row_ft": 72.8, "roadbed_ft": 27.6, "median_ft": 24.7, "left_sw_ft": 15.0, "right_sw_ft": 5.5}, "geometry": {"type": "LineString", "coordinates": [[-73.84115848043004, 40.8570496987689], [-73.8412274710735, 40.85678779652041]]}}, {"type": "Feature", "properties": {"segment_id": 514445, "physicalid": "37272", "street_name": "PELHAM PKWY", "borough": "bronx", "direction": "FT", "total_row_ft": 72.9, "roadbed_ft": 27.6, "median_ft": 24.7, "left_sw_ft": 15.0, "right_sw_ft": 5.5}, "geometry": {"type": "LineString", "coordinates": [[-73.84108758517117, 40.85703893282856], [-73.84115657720885, 40.856777026346705]]}}, {"type": "Feature", "properties": {"segment_id": 514446, "physicalid": "37272", "street_name": "PELHAM PKWY", "borough": "bronx", "direction": "FT", "total_row_ft": 72.9, "roadbed_ft": 27.7, "median_ft": 24.7, "left_sw_ft": 15.0, "right_sw_ft": 5.5}, "geometry": {"type": "LineString", "coordinates": [[-73.84101668993527, 40.85702816684466], [-73.84108568336715, 40.85676625612941]]}}, {"type": "Feature", "properties": {"segment_id": 514447, "physicalid": "37272", "street_name": "PELHAM PKWY", "borough": "bronx", "direction": "FT", "total_row_ft": 72.7, "roadbed_ft": 27.7, "median_ft": 24.7, "left_sw_ft": 15.0, "right_sw_ft": 5.3}, "geometry": {"type": "LineString", "coordinates": [[-73.84094579446193, 40.85701740072983], [-73.84101478971787, 40.85675548589429]]}}, {"type": "Feature", "properties": {"segment_id": 514448, "physicalid": "37272", "street_name": "PELHAM PKWY", "borough": "bronx", "direction": "FT", "total_row_ft": 72.7, "roadbed_ft": 27.7, "median_ft": 24.7, "left_sw_ft": 15.0, "right_sw_ft": 5.2}, "geometry": {"type": "LineString", "coordinates": [[-73.84087489929011, 40.85700663458981], [-73.84094393112598, 40.85674458195136]]}}, {"type": "Feature", "properties": {"segment_id": 514449, "physicalid": "37272", "street_name": "PELHAM PKWY", "borough": "bronx", "direction": "FT", "total_row_ft": 72.8, "roadbed_ft": 27.9, "median_ft": 24.8, "left_sw_ft": 15.0, "right_sw_ft": 5.2}, "geometry": {"type": "LineString", "coordinates": [[-73.8408040041412, 40.85699586840618], [-73.84087317000943, 40.856733308025845]]}}, {"type": "Feature", "properties": {"segment_id": 514450, "physicalid": "37272", "street_name": "PELHAM PKWY", "borough": "bronx", "direction": "FT", "total_row_ft": 73.0, "roadbed_ft": 28.0, "median_ft": 24.9, "left_sw_ft": 15.0, "right_sw_ft": 5.2}, "geometry": {"type": "LineString", "coordinates": [[-73.84073310901528, 40.85698510217898], [-73.84080240891683, 40.85672203405691]]}}, {"type": "Feature", "properties": {"segment_id": 514451, "physicalid": "37272", "street_name": "PELHAM PKWY", "borough": "bronx", "direction": "FT", "total_row_ft": 73.2, "roadbed_ft": 28.1, "median_ft": 24.9, "left_sw_ft": 15.0, "right_sw_ft": 5.2}, "geometry": {"type": "LineString", "coordinates": [[-73.84066221391228, 40.856974335908184], [-73.84073164784824, 40.85671076004454]]}}, {"type": "Feature", "properties": {"segment_id": 514452, "physicalid": "37272", "street_name": "PELHAM PKWY", "borough": "bronx", "direction": "FT", "total_row_ft": 73.5, "roadbed_ft": 28.2, "median_ft": 25.0, "left_sw_ft": 15.0, "right_sw_ft": 5.2}, "geometry": {"type": "LineString", "coordinates": [[-73.84059131883227, 40.85696356959381], [-73.84066088697354, 40.856699485343746]]}}, {"type": "Feature", "properties": {"segment_id": 514453, "physicalid": "37272", "street_name": "PELHAM PKWY", "borough": "bronx", "direction": "FT", "total_row_ft": 73.8, "roadbed_ft": 28.4, "median_ft": 25.1, "left_sw_ft": 15.0, "right_sw_ft": 5.4}, "geometry": {"type": "LineString", "coordinates": [[-73.84052042377517, 40.85695280323584], [-73.8405901259339, 40.85668821131679]]}}, {"type": "Feature", "properties": {"segment_id": 514454, "physicalid": "37272", "street_name": "PELHAM PKWY", "borough": "bronx", "direction": "FT", "total_row_ft": 74.3, "roadbed_ft": 28.5, "median_ft": 25.2, "left_sw_ft": 15.0, "right_sw_ft": 5.6}, "geometry": {"type": "LineString", "coordinates": [[-73.84044952874106, 40.85694203683432], [-73.84051941829347, 40.8566767346321]]}}, {"type": "Feature", "properties": {"segment_id": 514455, "physicalid": "37272", "street_name": "PELHAM PKWY", "borough": "bronx", "direction": "FT", "total_row_ft": 74.9, "roadbed_ft": 28.6, "median_ft": 25.5, "left_sw_ft": 15.0, "right_sw_ft": 5.9}, "geometry": {"type": "LineString", "coordinates": [[-73.84037863372988, 40.85693127038917], [-73.84044878075863, 40.856664991874354]]}}, {"type": "Feature", "properties": {"segment_id": 514456, "physicalid": "37272", "street_name": "PELHAM PKWY", "borough": "bronx", "direction": "FT", "total_row_ft": 75.6, "roadbed_ft": 28.7, "median_ft": 25.7, "left_sw_ft": 15.0, "right_sw_ft": 6.2}, "geometry": {"type": "LineString", "coordinates": [[-73.84030773874167, 40.85692050390048], [-73.84037814324283, 40.85665324909574]]}}, {"type": "Feature", "properties": {"segment_id": 514457, "physicalid": "37272", "street_name": "PELHAM PKWY", "borough": "bronx", "direction": "FT", "total_row_ft": 76.3, "roadbed_ft": 28.8, "median_ft": 26.0, "left_sw_ft": 15.0, "right_sw_ft": 6.5}, "geometry": {"type": "LineString", "coordinates": [[-73.84023684377641, 40.85690973736817], [-73.84030750575198, 40.85664150627388]]}}, {"type": "Feature", "properties": {"segment_id": 514458, "physicalid": "37272", "street_name": "PELHAM PKWY", "borough": "bronx", "direction": "FT", "total_row_ft": 77.0, "roadbed_ft": 29.0, "median_ft": 26.2, "left_sw_ft": 15.0, "right_sw_ft": 6.8}, "geometry": {"type": "LineString", "coordinates": [[-73.84016594883411, 40.8568989707923], [-73.84023686828607, 40.8566297634087]]}}, {"type": "Feature", "properties": {"segment_id": 514459, "physicalid": "37272", "street_name": "PELHAM PKWY", "borough": "bronx", "direction": "FT", "total_row_ft": 77.6, "roadbed_ft": 29.1, "median_ft": 26.4, "left_sw_ft": 15.0, "right_sw_ft": 7.1}, "geometry": {"type": "LineString", "coordinates": [[-73.84009505391474, 40.85688820417282], [-73.8401662308451, 40.85661802050027]]}}, {"type": "Feature", "properties": {"segment_id": 514460, "physicalid": "37272", "street_name": "PELHAM PKWY", "borough": "bronx", "direction": "FT", "total_row_ft": 77.9, "roadbed_ft": 29.2, "median_ft": 26.5, "left_sw_ft": 15.0, "right_sw_ft": 7.2}, "geometry": {"type": "LineString", "coordinates": [[-73.84002416102048, 40.85687743786178], [-73.8400954916659, 40.85660665845391]]}}, {"type": "Feature", "properties": {"segment_id": 514486, "physicalid": "37273", "street_name": "PELHAM PKWY", "borough": "bronx", "direction": "FT", "total_row_ft": 73.5, "roadbed_ft": 29.2, "median_ft": 23.9, "left_sw_ft": 15.0, "right_sw_ft": 5.4}, "geometry": {"type": "LineString", "coordinates": [[-73.84483506994748, 40.85756087439993], [-73.84488438615725, 40.85730336453]]}}, {"type": "Feature", "properties": {"segment_id": 514487, "physicalid": "37273", "street_name": "PELHAM PKWY", "borough": "bronx", "direction": "FT", "total_row_ft": 73.6, "roadbed_ft": 28.8, "median_ft": 24.4, "left_sw_ft": 15.0, "right_sw_ft": 5.4}, "geometry": {"type": "LineString", "coordinates": [[-73.84476352245485, 40.85755297548276], [-73.8448126922553, 40.85729623154963]]}}, {"type": "Feature", "properties": {"segment_id": 514488, "physicalid": "37273", "street_name": "PELHAM PKWY", "borough": "bronx", "direction": "FT", "total_row_ft": 73.7, "roadbed_ft": 28.8, "median_ft": 24.5, "left_sw_ft": 15.0, "right_sw_ft": 5.5}, "geometry": {"type": "LineString", "coordinates": [[-73.84469197497921, 40.85754507652121], [-73.84474100661869, 40.85728905544696]]}}, {"type": "Feature", "properties": {"segment_id": 514489, "physicalid": "37273", "street_name": "PELHAM PKWY", "borough": "bronx", "direction": "FT", "total_row_ft": 73.8, "roadbed_ft": 28.7, "median_ft": 24.6, "left_sw_ft": 15.0, "right_sw_ft": 5.4}, "geometry": {"type": "LineString", "coordinates": [[-73.8446204275206, 40.857537177515255], [-73.84466933225478, 40.857281820519596]]}}, {"type": "Feature", "properties": {"segment_id": 514490, "physicalid": "37273", "street_name": "PELHAM PKWY", "borough": "bronx", "direction": "FT", "total_row_ft": 73.8, "roadbed_ft": 28.7, "median_ft": 24.7, "left_sw_ft": 15.0, "right_sw_ft": 5.3}, "geometry": {"type": "LineString", "coordinates": [[-73.84454888007895, 40.85752927846495], [-73.84459766527195, 40.85727454708886]]}}, {"type": "Feature", "properties": {"segment_id": 514491, "physicalid": "37273", "street_name": "PELHAM PKWY", "borough": "bronx", "direction": "FT", "total_row_ft": 73.3, "roadbed_ft": 28.7, "median_ft": 24.6, "left_sw_ft": 15.0, "right_sw_ft": 5.0}, "geometry": {"type": "LineString", "coordinates": [[-73.84447733265431, 40.857521379370276], [-73.84452592054004, 40.857267679660694]]}}, {"type": "Feature", "properties": {"segment_id": 514492, "physicalid": "37273", "street_name": "PELHAM PKWY", "borough": "bronx", "direction": "FT", "total_row_ft": 72.8, "roadbed_ft": 28.6, "median_ft": 24.4, "left_sw_ft": 15.0, "right_sw_ft": 4.8}, "geometry": {"type": "LineString", "coordinates": [[-73.84440578524666, 40.85751348023118], [-73.84445417540735, 40.857260814357836]]}}, {"type": "Feature", "properties": {"segment_id": 514493, "physicalid": "37273", "street_name": "PELHAM PKWY", "borough": "bronx", "direction": "FT", "total_row_ft": 84.0, "roadbed_ft": 28.6, "median_ft": 24.4, "left_sw_ft": 15.0, "right_sw_ft": 16.0}, "geometry": {"type": "LineString", "coordinates": [[-73.84433423785602, 40.85750558104775], [-73.84438250690211, 40.857253548983564]]}}, {"type": "Feature", "properties": {"segment_id": 514494, "physicalid": "37273", "street_name": "PELHAM PKWY", "borough": "bronx", "direction": "FT", "total_row_ft": 84.2, "roadbed_ft": 28.6, "median_ft": 24.4, "left_sw_ft": 15.0, "right_sw_ft": 16.2}, "geometry": {"type": "LineString", "coordinates": [[-73.84426269048235, 40.85749768181988], [-73.8443109169566, 40.85724587345533]]}}, {"type": "Feature", "properties": {"segment_id": 514495, "physicalid": "37273", "street_name": "PELHAM PKWY", "borough": "bronx", "direction": "FT", "total_row_ft": 84.7, "roadbed_ft": 28.8, "median_ft": 24.5, "left_sw_ft": 15.0, "right_sw_ft": 16.4}, "geometry": {"type": "LineString", "coordinates": [[-73.8441911431257, 40.857489782547674], [-73.84423942362474, 40.857237693514115]]}}, {"type": "Feature", "properties": {"segment_id": 514496, "physicalid": "37273", "street_name": "PELHAM PKWY", "borough": "bronx", "direction": "FT", "total_row_ft": 84.0, "roadbed_ft": 29.1, "median_ft": 24.1, "left_sw_ft": 15.0, "right_sw_ft": 15.8}, "geometry": {"type": "LineString", "coordinates": [[-73.84411959578603, 40.85748188323108], [-73.84416800689867, 40.857229113635995]]}}, {"type": "Feature", "properties": {"segment_id": 514497, "physicalid": "37273", "street_name": "PELHAM PKWY", "borough": "bronx", "direction": "FT", "total_row_ft": 90.4, "roadbed_ft": 29.7, "median_ft": 23.7, "left_sw_ft": 15.0, "right_sw_ft": 21.9}, "geometry": {"type": "LineString", "coordinates": [[-73.84404804846335, 40.8574739838701], [-73.84409677649036, 40.857219560987964]]}}, {"type": "Feature", "properties": {"segment_id": 514498, "physicalid": "37273", "street_name": "PELHAM PKWY", "borough": "bronx", "direction": "FT", "total_row_ft": 90.6, "roadbed_ft": 30.7, "median_ft": 23.2, "left_sw_ft": 15.0, "right_sw_ft": 21.7}, "geometry": {"type": "LineString", "coordinates": [[-73.84397650115767, 40.85746608446475], [-73.84402562390544, 40.85720960206556]]}}, {"type": "Feature", "properties": {"segment_id": 514499, "physicalid": "37273", "street_name": "PELHAM PKWY", "borough": "bronx", "direction": "FT", "total_row_ft": 85.5, "roadbed_ft": 32.7, "median_ft": 21.4, "left_sw_ft": 10.0, "right_sw_ft": 21.4}, "geometry": {"type": "LineString", "coordinates": [[-73.84392102325168, 40.8573742833605], [-73.84395435647781, 40.85720024283254]]}}, {"type": "Feature", "properties": {"segment_id": 514500, "physicalid": "37273", "street_name": "PELHAM PKWY", "borough": "bronx", "direction": "FT", "total_row_ft": 123.3, "roadbed_ft": 79.4, "median_ft": 0.0, "left_sw_ft": 28.9, "right_sw_ft": 15.0}, "geometry": {"type": "LineString", "coordinates": [[-73.8438394933518, 40.85741850548878], [-73.84389583205238, 40.85712434960733]]}}, {"type": "Feature", "properties": {"segment_id": 514501, "physicalid": "37273", "street_name": "PELHAM PKWY", "borough": "bronx", "direction": "FT", "total_row_ft": 150.0, "roadbed_ft": 120.0, "median_ft": 0.0, "left_sw_ft": 15.0, "right_sw_ft": 15.0}, "geometry": {"type": "LineString", "coordinates": [[-73.84376185934262, 40.85744238598241], [-73.84382428514093, 40.85711645010709]]}}, {"type": "Feature", "properties": {"segment_id": 514502, "physicalid": "37274", "street_name": "CONNECTOR", "borough": "bronx", "direction": "TF", "total_row_ft": 73.9, "roadbed_ft": 31.8, "median_ft": 21.5, "left_sw_ft": 15.0, "right_sw_ft": 5.5}, "geometry": {"type": "LineString", "coordinates": [[-73.84497606809148, 40.8573124156868], [-73.84497074425333, 40.85756914011478]]}}, {"type": "Feature", "properties": {"segment_id": 514503, "physicalid": "37274", "street_name": "CONNECTOR", "borough": "bronx", "direction": "TF", "total_row_ft": 74.5, "roadbed_ft": 34.1, "median_ft": 19.5, "left_sw_ft": 15.0, "right_sw_ft": 5.8}, "geometry": {"type": "LineString", "coordinates": [[-73.84504824823857, 40.857318610480974], [-73.84504303521707, 40.85757000429874]]}}, {"type": "Feature", "properties": {"segment_id": 514504, "physicalid": "37274", "street_name": "CONNECTOR", "borough": "bronx", "direction": "TF", "total_row_ft": 105.4, "roadbed_ft": 65.5, "median_ft": 17.8, "left_sw_ft": 15.0, "right_sw_ft": 7.2}, "geometry": {"type": "LineString", "coordinates": [[-73.84512215482005, 40.857241545179384], [-73.84511532618272, 40.85757086843739]]}}, {"type": "Feature", "properties": {"segment_id": 514505, "physicalid": "37274", "street_name": "CONNECTOR", "borough": "bronx", "direction": "TF", "total_row_ft": 107.7, "roadbed_ft": 67.2, "median_ft": 15.9, "left_sw_ft": 15.0, "right_sw_ft": 9.5}, "geometry": {"type": "LineString", "coordinates": [[-73.8451944454297, 40.85724240926853], [-73.84518761715024, 40.85757173253077]]}}, {"type": "Feature", "properties": {"segment_id": 514506, "physicalid": "37274", "street_name": "CONNECTOR", "borough": "bronx", "direction": "TF", "total_row_ft": 109.6, "roadbed_ft": 69.3, "median_ft": 13.8, "left_sw_ft": 15.0, "right_sw_ft": 11.6}, "geometry": {"type": "LineString", "coordinates": [[-73.84526673604122, 40.857243273312385], [-73.84525990811964, 40.85757259657883]]}}, {"type": "Feature", "properties": {"segment_id": 514507, "physicalid": "37274", "street_name": "CONNECTOR", "borough": "bronx", "direction": "TF", "total_row_ft": 111.3, "roadbed_ft": 71.5, "median_ft": 11.3, "left_sw_ft": 15.0, "right_sw_ft": 13.5}, "geometry": {"type": "LineString", "coordinates": [[-73.84533902665464, 40.85724413731091], [-73.84533219909092, 40.85757346058162]]}}, {"type": "Feature", "properties": {"segment_id": 514508, "physicalid": "37274", "street_name": "CONNECTOR", "borough": "bronx", "direction": "TF", "total_row_ft": 111.7, "roadbed_ft": 74.0, "median_ft": 8.9, "left_sw_ft": 15.0, "right_sw_ft": 13.7}, "geometry": {"type": "LineString", "coordinates": [[-73.84541123566413, 40.857248937694834], [-73.84540449006407, 40.8575743245391]]}}, {"type": "Feature", "properties": {"segment_id": 514509, "physicalid": "37274", "street_name": "CONNECTOR", "borough": "bronx", "direction": "TF", "total_row_ft": 115.6, "roadbed_ft": 75.9, "median_ft": 8.9, "left_sw_ft": 15.0, "right_sw_ft": 15.7}, "geometry": {"type": "LineString", "coordinates": [[-73.84548339544958, 40.85725611308719], [-73.8454767810391, 40.85757518845129]]}}, {"type": "Feature", "properties": {"segment_id": 514510, "physicalid": "37274", "street_name": "CONNECTOR", "borough": "bronx", "direction": "TF", "total_row_ft": 123.0, "roadbed_ft": 77.3, "median_ft": 16.3, "left_sw_ft": 15.0, "right_sw_ft": 14.4}, "geometry": {"type": "LineString", "coordinates": [[-73.84555555887574, 40.85726311354861], [-73.845549072016, 40.85757605231818]]}}, {"type": "Feature", "properties": {"segment_id": 514511, "physicalid": "37274", "street_name": "CONNECTOR", "borough": "bronx", "direction": "TF", "total_row_ft": 113.4, "roadbed_ft": 76.4, "median_ft": 12.6, "left_sw_ft": 15.0, "right_sw_ft": 9.4}, "geometry": {"type": "LineString", "coordinates": [[-73.84562772231712, 40.857270113964915], [-73.84562136299479, 40.85757691613977]]}}, {"type": "Feature", "properties": {"segment_id": 514512, "physicalid": "37274", "street_name": "CONNECTOR", "borough": "bronx", "direction": "TF", "total_row_ft": 107.9, "roadbed_ft": 74.5, "median_ft": 8.8, "left_sw_ft": 15.0, "right_sw_ft": 9.5}, "geometry": {"type": "LineString", "coordinates": [[-73.8456998857737, 40.85727711433606], [-73.84569365397545, 40.85757777991607]]}}, {"type": "Feature", "properties": {"segment_id": 514513, "physicalid": "37274", "street_name": "CONNECTOR", "borough": "bronx", "direction": "TF", "total_row_ft": 107.1, "roadbed_ft": 72.6, "median_ft": 9.9, "left_sw_ft": 15.0, "right_sw_ft": 9.6}, "geometry": {"type": "LineString", "coordinates": [[-73.84577204924544, 40.857284114662086], [-73.84576594495799, 40.85757864364706]]}}, {"type": "Feature", "properties": {"segment_id": 514514, "physicalid": "37274", "street_name": "CONNECTOR", "borough": "bronx", "direction": "TF", "total_row_ft": 107.2, "roadbed_ft": 77.9, "median_ft": 11.7, "left_sw_ft": 15.0, "right_sw_ft": 2.6}, "geometry": {"type": "LineString", "coordinates": [[-73.84584421273239, 40.85729111494293], [-73.84583823594242, 40.85757950733275]]}}, {"type": "Feature", "properties": {"segment_id": 514515, "physicalid": "37274", "street_name": "CONNECTOR", "borough": "bronx", "direction": "TF", "total_row_ft": 139.5, "roadbed_ft": 96.0, "median_ft": 13.6, "left_sw_ft": 15.0, "right_sw_ft": 15.0}, "geometry": {"type": "LineString", "coordinates": [[-73.84591735162952, 40.85725104766865], [-73.84591052692872, 40.85758037097315]]}}, {"type": "Feature", "properties": {"segment_id": 514516, "physicalid": "37274", "street_name": "CONNECTOR", "borough": "bronx", "direction": "TF", "total_row_ft": 126.9, "roadbed_ft": 69.6, "median_ft": 15.6, "left_sw_ft": 15.0, "right_sw_ft": 26.6}, "geometry": {"type": "LineString", "coordinates": [[-73.84598964225982, 40.85725191125952], [-73.84598281791688, 40.85758123456826]]}}, {"type": "Feature", "properties": {"segment_id": 514517, "physicalid": "37274", "street_name": "CONNECTOR", "borough": "bronx", "direction": "TF", "total_row_ft": 113.0, "roadbed_ft": 66.9, "median_ft": 17.3, "left_sw_ft": 15.0, "right_sw_ft": 13.8}, "geometry": {"type": "LineString", "coordinates": [[-73.84606100833241, 40.85729739394489], [-73.84605510890692, 40.857582098118066]]}}, {"type": "Feature", "properties": {"segment_id": 514518, "physicalid": "37274", "street_name": "CONNECTOR", "borough": "bronx", "direction": "TF", "total_row_ft": 112.9, "roadbed_ft": 65.5, "median_ft": 18.4, "left_sw_ft": 15.0, "right_sw_ft": 13.9}, "geometry": {"type": "LineString", "coordinates": [[-73.8461331598603, 40.857304973380224], [-73.84612739989886, 40.85758296162259]]}}, {"type": "Feature", "properties": {"segment_id": 514519, "physicalid": "37274", "street_name": "CONNECTOR", "borough": "bronx", "direction": "TF", "total_row_ft": 112.7, "roadbed_ft": 64.6, "median_ft": 19.1, "left_sw_ft": 15.0, "right_sw_ft": 13.9}, "geometry": {"type": "LineString", "coordinates": [[-73.84620530470899, 40.857312875935506], [-73.84619969089266, 40.857583825081804]]}}, {"type": "Feature", "properties": {"segment_id": 514520, "physicalid": "37274", "street_name": "CONNECTOR", "borough": "bronx", "direction": "TF", "total_row_ft": 111.2, "roadbed_ft": 63.1, "median_ft": 19.3, "left_sw_ft": 15.0, "right_sw_ft": 13.8}, "geometry": {"type": "LineString", "coordinates": [[-73.84627744957258, 40.857320778553714], [-73.84627198188835, 40.85758468849572]]}}, {"type": "Feature", "properties": {"segment_id": 514521, "physicalid": "37274", "street_name": "CONNECTOR", "borough": "bronx", "direction": "TF", "total_row_ft": 108.6, "roadbed_ft": 60.7, "median_ft": 19.6, "left_sw_ft": 15.0, "right_sw_ft": 13.3}, "geometry": {"type": "LineString", "coordinates": [[-73.84634959445262, 40.85732868116044], [-73.84634427288591, 40.85758555186434]]}}, {"type": "Feature", "properties": {"segment_id": 514522, "physicalid": "37274", "street_name": "CONNECTOR", "borough": "bronx", "direction": "TF", "total_row_ft": 107.1, "roadbed_ft": 58.4, "median_ft": 20.1, "left_sw_ft": 15.0, "right_sw_ft": 13.6}, "geometry": {"type": "LineString", "coordinates": [[-73.84642180085838, 40.857333614551635], [-73.84641656388534, 40.85758641518769]]}}, {"type": "Feature", "properties": {"segment_id": 514523, "physicalid": "37275", "street_name": "PELHAM PKWY S", "borough": "bronx", "direction": "FT", "total_row_ft": 100.5, "roadbed_ft": 49.7, "median_ft": 13.2, "left_sw_ft": 4.5, "right_sw_ft": 33.1}, "geometry": {"type": "LineString", "coordinates": [[-73.8484803355574, 40.857541480512076], [-73.84848959808058, 40.857301826329255]]}}, {"type": "Feature", "properties": {"segment_id": 514524, "physicalid": "37275", "street_name": "PELHAM PKWY S", "borough": "bronx", "direction": "FT", "total_row_ft": 71.5, "roadbed_ft": 42.3, "median_ft": 11.5, "left_sw_ft": 4.3, "right_sw_ft": 13.5}, "geometry": {"type": "LineString", "coordinates": [[-73.84840815321446, 40.857537633915705], [-73.8484145227821, 40.85737283551802]]}}, {"type": "Feature", "properties": {"segment_id": 514525, "physicalid": "37275", "street_name": "PELHAM PKWY S", "borough": "bronx", "direction": "FT", "total_row_ft": 70.0, "roadbed_ft": 41.4, "median_ft": 10.6, "left_sw_ft": 4.4, "right_sw_ft": 13.7}, "geometry": {"type": "LineString", "coordinates": [[-73.84833593153184, 40.85753480528605], [-73.84834224053022, 40.85737157856973]]}}, {"type": "Feature", "properties": {"segment_id": 514526, "physicalid": "37275", "street_name": "PELHAM PKWY S", "borough": "bronx", "direction": "FT", "total_row_ft": 71.4, "roadbed_ft": 40.7, "median_ft": 10.0, "left_sw_ft": 4.8, "right_sw_ft": 16.0}, "geometry": {"type": "LineString", "coordinates": [[-73.84826367054656, 40.857532993579845], [-73.84827018643415, 40.857364418939824]]}}, {"type": "Feature", "properties": {"segment_id": 514527, "physicalid": "37275", "street_name": "PELHAM PKWY S", "borough": "bronx", "direction": "FT", "total_row_ft": 84.5, "roadbed_ft": 40.2, "median_ft": 10.8, "left_sw_ft": 5.3, "right_sw_ft": 28.2}, "geometry": {"type": "LineString", "coordinates": [[-73.84819137022707, 40.85753219952683], [-73.84819918727979, 40.85732996760867]]}}, {"type": "Feature", "properties": {"segment_id": 514528, "physicalid": "37275", "street_name": "PELHAM PKWY S", "borough": "bronx", "direction": "FT", "total_row_ft": 100.1, "roadbed_ft": 39.9, "median_ft": 13.2, "left_sw_ft": 5.9, "right_sw_ft": 41.1}, "geometry": {"type": "LineString", "coordinates": [[-73.84811903836625, 40.85753222144101], [-73.84812825550797, 40.857293774951565]]}}, {"type": "Feature", "properties": {"segment_id": 514529, "physicalid": "37275", "street_name": "PELHAM PKWY S", "borough": "bronx", "direction": "FT", "total_row_ft": 101.8, "roadbed_ft": 39.7, "median_ft": 14.6, "left_sw_ft": 6.0, "right_sw_ft": 41.4}, "geometry": {"type": "LineString", "coordinates": [[-73.84804674630176, 40.857531213814674], [-73.84805598700396, 40.8572921645402]]}}, {"type": "Feature", "properties": {"segment_id": 514530, "physicalid": "37275", "street_name": "PELHAM PKWY S", "borough": "bronx", "direction": "FT", "total_row_ft": 75.5, "roadbed_ft": 39.8, "median_ft": 15.4, "left_sw_ft": 5.9, "right_sw_ft": 14.4}, "geometry": {"type": "LineString", "coordinates": [[-73.84797445423946, 40.85753020614304], [-73.84798082495855, 40.85736540576277]]}}, {"type": "Feature", "properties": {"segment_id": 514531, "physicalid": "37275", "street_name": "PELHAM PKWY S", "borough": "bronx", "direction": "FT", "total_row_ft": 65.9, "roadbed_ft": 39.9, "median_ft": 5.7, "left_sw_ft": 5.7, "right_sw_ft": 14.6}, "geometry": {"type": "LineString", "coordinates": [[-73.84790216217934, 40.857529198426114], [-73.84790854437918, 40.85736410570029]]}}, {"type": "Feature", "properties": {"segment_id": 514532, "physicalid": "37275", "street_name": "PELHAM PKWY S", "borough": "bronx", "direction": "FT", "total_row_ft": 66.3, "roadbed_ft": 39.6, "median_ft": 6.0, "left_sw_ft": 6.0, "right_sw_ft": 14.7}, "geometry": {"type": "LineString", "coordinates": [[-73.84782987012142, 40.85752819066388], [-73.8478362638754, 40.85736280371031]]}}, {"type": "Feature", "properties": {"segment_id": 514533, "physicalid": "37275", "street_name": "PELHAM PKWY S", "borough": "bronx", "direction": "FT", "total_row_ft": 66.5, "roadbed_ft": 39.4, "median_ft": 6.2, "left_sw_ft": 6.2, "right_sw_ft": 14.8}, "geometry": {"type": "LineString", "coordinates": [[-73.84775757759554, 40.85752719501712], [-73.84776397824292, 40.85736163440842]]}}, {"type": "Feature", "properties": {"segment_id": 514534, "physicalid": "37275", "street_name": "PELHAM PKWY S", "borough": "bronx", "direction": "FT", "total_row_ft": 66.8, "roadbed_ft": 39.3, "median_ft": 6.4, "left_sw_ft": 6.4, "right_sw_ft": 14.9}, "geometry": {"type": "LineString", "coordinates": [[-73.84768527961434, 40.857526340485734], [-73.84769169260589, 40.85736046524422]]}}, {"type": "Feature", "properties": {"segment_id": 514535, "physicalid": "37275", "street_name": "PELHAM PKWY S", "borough": "bronx", "direction": "FT", "total_row_ft": 67.0, "roadbed_ft": 39.2, "median_ft": 6.4, "left_sw_ft": 6.4, "right_sw_ft": 14.9}, "geometry": {"type": "LineString", "coordinates": [[-73.84761298163498, 40.85752548590902], [-73.84761940697116, 40.85735929604192]]}}, {"type": "Feature", "properties": {"segment_id": 514536, "physicalid": "37275", "street_name": "PELHAM PKWY S", "borough": "bronx", "direction": "FT", "total_row_ft": 67.1, "roadbed_ft": 39.3, "median_ft": 6.4, "left_sw_ft": 6.4, "right_sw_ft": 15.0}, "geometry": {"type": "LineString", "coordinates": [[-73.84754068365682, 40.857524631304024], [-73.84754712133497, 40.857358126897225]]}}, {"type": "Feature", "properties": {"segment_id": 514537, "physicalid": "37275", "street_name": "PELHAM PKWY S", "borough": "bronx", "direction": "FT", "total_row_ft": 67.1, "roadbed_ft": 39.4, "median_ft": 6.3, "left_sw_ft": 6.3, "right_sw_ft": 15.1}, "geometry": {"type": "LineString", "coordinates": [[-73.84746838567885, 40.857523776697015], [-73.84747483567642, 40.857356958351225]]}}, {"type": "Feature", "properties": {"segment_id": 514538, "physicalid": "37275", "street_name": "PELHAM PKWY S", "borough": "bronx", "direction": "FT", "total_row_ft": 67.7, "roadbed_ft": 39.6, "median_ft": 6.1, "left_sw_ft": 6.1, "right_sw_ft": 15.8}, "geometry": {"type": "LineString", "coordinates": [[-73.84739608770005, 40.85752292211443], [-73.84740262072165, 40.857353961238374]]}}, {"type": "Feature", "properties": {"segment_id": 514539, "physicalid": "37275", "street_name": "PELHAM PKWY S", "borough": "bronx", "direction": "FT", "total_row_ft": 67.8, "roadbed_ft": 39.9, "median_ft": 5.9, "left_sw_ft": 5.9, "right_sw_ft": 16.1}, "geometry": {"type": "LineString", "coordinates": [[-73.84732378974843, 40.857522066831734], [-73.84733035329408, 40.85735232129636]]}}, {"type": "Feature", "properties": {"segment_id": 514540, "physicalid": "37275", "street_name": "PELHAM PKWY S", "borough": "bronx", "direction": "FT", "total_row_ft": 67.5, "roadbed_ft": 40.0, "median_ft": 5.8, "left_sw_ft": 5.8, "right_sw_ft": 15.9}, "geometry": {"type": "LineString", "coordinates": [[-73.84725149658792, 40.85752108764849], [-73.84725804227072, 40.85735180884106]]}}, {"type": "Feature", "properties": {"segment_id": 514541, "physicalid": "37275", "street_name": "PELHAM PKWY S", "borough": "bronx", "direction": "FT", "total_row_ft": 67.2, "roadbed_ft": 40.1, "median_ft": 5.7, "left_sw_ft": 5.7, "right_sw_ft": 15.7}, "geometry": {"type": "LineString", "coordinates": [[-73.84717920342952, 40.85752010841994], [-73.84718573124728, 40.85735129637127]]}}, {"type": "Feature", "properties": {"segment_id": 514542, "physicalid": "37275", "street_name": "PELHAM PKWY S", "borough": "bronx", "direction": "FT", "total_row_ft": 67.0, "roadbed_ft": 40.1, "median_ft": 5.7, "left_sw_ft": 5.7, "right_sw_ft": 15.6}, "geometry": {"type": "LineString", "coordinates": [[-73.84710691027325, 40.857519129146105], [-73.84711342022493, 40.85735078385686]]}}, {"type": "Feature", "properties": {"segment_id": 514543, "physicalid": "37275", "street_name": "PELHAM PKWY S", "borough": "bronx", "direction": "FT", "total_row_ft": 67.2, "roadbed_ft": 40.1, "median_ft": 5.7, "left_sw_ft": 5.7, "right_sw_ft": 15.7}, "geometry": {"type": "LineString", "coordinates": [[-73.84703461711914, 40.85751814982695], [-73.84704114418476, 40.857349366720904]]}}, {"type": "Feature", "properties": {"segment_id": 514544, "physicalid": "37275", "street_name": "PELHAM PKWY S", "borough": "bronx", "direction": "FT", "total_row_ft": 112.0, "roadbed_ft": 40.1, "median_ft": 13.5, "left_sw_ft": 13.5, "right_sw_ft": 44.9}, "geometry": {"type": "LineString", "coordinates": [[-73.84696150897857, 40.8575382445634], [-73.84697195986361, 40.857268002937666]]}}, {"type": "Feature", "properties": {"segment_id": 514545, "physicalid": "37275", "street_name": "PELHAM PKWY S", "borough": "bronx", "direction": "FT", "total_row_ft": 81.2, "roadbed_ft": 39.9, "median_ft": 13.2, "left_sw_ft": 13.2, "right_sw_ft": 14.9}, "geometry": {"type": "LineString", "coordinates": [[-73.84688926986168, 40.857535867407236], [-73.84689648716476, 40.8573492460368]]}}, {"type": "Feature", "properties": {"segment_id": 514546, "physicalid": "37275", "street_name": "PELHAM PKWY S", "borough": "bronx", "direction": "FT", "total_row_ft": 96.0, "roadbed_ft": 39.7, "median_ft": 22.9, "left_sw_ft": 18.7, "right_sw_ft": 14.6}, "geometry": {"type": "LineString", "coordinates": [[-73.84681597233845, 40.85756085721851], [-73.84682417615008, 40.8573487332575]]}}, {"type": "Feature", "properties": {"segment_id": 514547, "physicalid": "37275", "street_name": "PELHAM PKWY S", "borough": "bronx", "direction": "FT", "total_row_ft": 104.3, "roadbed_ft": 53.5, "median_ft": 21.2, "left_sw_ft": 15.0, "right_sw_ft": 14.5}, "geometry": {"type": "LineString", "coordinates": [[-73.84674242164341, 40.85759239155014], [-73.84675189243923, 40.857347514490954]]}}, {"type": "Feature", "properties": {"segment_id": 514548, "physicalid": "37275", "street_name": "PELHAM PKWY S", "borough": "bronx", "direction": "FT", "total_row_ft": 104.8, "roadbed_ft": 54.4, "median_ft": 20.6, "left_sw_ft": 15.0, "right_sw_ft": 14.8}, "geometry": {"type": "LineString", "coordinates": [[-73.84667015284846, 40.85759078027081], [-73.84667967919835, 40.85734447372009]]}}, {"type": "Feature", "properties": {"segment_id": 514549, "physicalid": "37275", "street_name": "PELHAM PKWY S", "borough": "bronx", "direction": "FT", "total_row_ft": 105.3, "roadbed_ft": 54.7, "median_ft": 20.6, "left_sw_ft": 15.0, "right_sw_ft": 14.9}, "geometry": {"type": "LineString", "coordinates": [[-73.84659788405702, 40.857589168946184], [-73.84660746596406, 40.85734143290401]]}}, {"type": "Feature", "properties": {"segment_id": 514550, "physicalid": "37276", "street_name": "PELHAM PKWY S", "borough": "bronx", "direction": "FT", "total_row_ft": 95.3, "roadbed_ft": 71.8, "median_ft": 4.3, "left_sw_ft": 4.3, "right_sw_ft": 15.0}, "geometry": {"type": "LineString", "coordinates": [[-73.84930113063338, 40.85753916835963], [-73.84931414117797, 40.85733072850984]]}}, {"type": "Feature", "properties": {"segment_id": 514551, "physicalid": "37276", "street_name": "PELHAM PKWY S", "borough": "bronx", "direction": "FT", "total_row_ft": 77.0, "roadbed_ft": 38.6, "median_ft": 10.3, "left_sw_ft": 4.2, "right_sw_ft": 23.9}, "geometry": {"type": "LineString", "coordinates": [[-73.84922891452334, 40.85753652612008], [-73.84924032661195, 40.857353698128584]]}}, {"type": "Feature", "properties": {"segment_id": 514552, "physicalid": "37276", "street_name": "PELHAM PKWY S", "borough": "bronx", "direction": "FT", "total_row_ft": 68.6, "roadbed_ft": 37.7, "median_ft": 12.6, "left_sw_ft": 4.4, "right_sw_ft": 13.8}, "geometry": {"type": "LineString", "coordinates": [[-73.84915669841902, 40.85753388383528], [-73.84916626516804, 40.85738062194267]]}}, {"type": "Feature", "properties": {"segment_id": 514553, "physicalid": "37276", "street_name": "PELHAM PKWY S", "borough": "bronx", "direction": "FT", "total_row_ft": 68.4, "roadbed_ft": 36.8, "median_ft": 13.2, "left_sw_ft": 4.6, "right_sw_ft": 13.9}, "geometry": {"type": "LineString", "coordinates": [[-73.84908448232048, 40.8575312415053], [-73.84909393753865, 40.85737976900533]]}}, {"type": "Feature", "properties": {"segment_id": 514554, "physicalid": "37276", "street_name": "PELHAM PKWY S", "borough": "bronx", "direction": "FT", "total_row_ft": 75.9, "roadbed_ft": 36.0, "median_ft": 17.5, "left_sw_ft": 8.5, "right_sw_ft": 13.9}, "geometry": {"type": "LineString", "coordinates": [[-73.84901161938565, 40.857538961326625], [-73.84902160991112, 40.85737891602261]]}}, {"type": "Feature", "properties": {"segment_id": 514555, "physicalid": "37276", "street_name": "PELHAM PKWY S", "borough": "bronx", "direction": "FT", "total_row_ft": 72.8, "roadbed_ft": 35.3, "median_ft": 16.6, "left_sw_ft": 7.1, "right_sw_ft": 13.8}, "geometry": {"type": "LineString", "coordinates": [[-73.84893964670503, 40.85753241950258], [-73.84894926138836, 40.85737839775466]]}}, {"type": "Feature", "properties": {"segment_id": 514556, "physicalid": "37276", "street_name": "PELHAM PKWY S", "borough": "bronx", "direction": "FT", "total_row_ft": 69.6, "roadbed_ft": 34.6, "median_ft": 15.7, "left_sw_ft": 5.6, "right_sw_ft": 13.7}, "geometry": {"type": "LineString", "coordinates": [[-73.84886767403856, 40.85752587763363], [-73.8488769010574, 40.857378068617415]]}}, {"type": "Feature", "properties": {"segment_id": 514557, "physicalid": "37276", "street_name": "PELHAM PKWY S", "borough": "bronx", "direction": "FT", "total_row_ft": 125.8, "roadbed_ft": 69.0, "median_ft": 28.3, "left_sw_ft": 15.0, "right_sw_ft": 13.5}, "geometry": {"type": "LineString", "coordinates": [[-73.84878807309241, 40.85764153190709], [-73.84880454072713, 40.85737773943479]]}}, {"type": "Feature", "properties": {"segment_id": 514558, "physicalid": "37276", "street_name": "PELHAM PKWY S", "borough": "bronx", "direction": "FT", "total_row_ft": 84.2, "roadbed_ft": 49.5, "median_ft": 17.1, "left_sw_ft": 4.3, "right_sw_ft": 13.3}, "geometry": {"type": "LineString", "coordinates": [[-73.8487207292872, 40.85756084077836], [-73.8487322023905, 40.857377057910725]]}}, {"type": "Feature", "properties": {"segment_id": 514559, "physicalid": "37276", "street_name": "PELHAM PKWY S", "borough": "bronx", "direction": "FT", "total_row_ft": 72.7, "roadbed_ft": 47.4, "median_ft": 7.5, "left_sw_ft": 4.4, "right_sw_ft": 13.4}, "geometry": {"type": "LineString", "coordinates": [[-73.84864876153036, 40.85755421998143], [-73.84865992486803, 40.857375402222424]]}}, {"type": "Feature", "properties": {"segment_id": 514560, "physicalid": "37277", "street_name": "CONNECTOR", "borough": "bronx", "direction": "FT", "total_row_ft": 76.4, "roadbed_ft": 42.1, "median_ft": 14.9, "left_sw_ft": 15.0, "right_sw_ft": 4.4}, "geometry": {"type": "LineString", "coordinates": [[-73.84924987427333, 40.85778610162879], [-73.84934241111263, 40.85752886228504]]}}, {"type": "Feature", "properties": {"segment_id": 514561, "physicalid": "37277", "street_name": "CONNECTOR", "borough": "bronx", "direction": "FT", "total_row_ft": 76.9, "roadbed_ft": 44.3, "median_ft": 13.3, "left_sw_ft": 15.0, "right_sw_ft": 4.3}, "geometry": {"type": "LineString", "coordinates": [[-73.84918012879356, 40.85777163833565], [-73.84926834908643, 40.85752639914177]]}}, {"type": "Feature", "properties": {"segment_id": 514562, "physicalid": "37277", "street_name": "CONNECTOR", "borough": "bronx", "direction": "FT", "total_row_ft": 79.9, "roadbed_ft": 46.6, "median_ft": 14.0, "left_sw_ft": 15.0, "right_sw_ft": 4.3}, "geometry": {"type": "LineString", "coordinates": [[-73.84911038334411, 40.857757175000344], [-73.84919439414585, 40.85752363828408]]}}, {"type": "Feature", "properties": {"segment_id": 514563, "physicalid": "37277", "street_name": "CONNECTOR", "borough": "bronx", "direction": "FT", "total_row_ft": 83.9, "roadbed_ft": 48.7, "median_ft": 15.5, "left_sw_ft": 15.0, "right_sw_ft": 4.6}, "geometry": {"type": "LineString", "coordinates": [[-73.84904063792501, 40.85774271162281], [-73.84912069951424, 40.85752015377807]]}}, {"type": "Feature", "properties": {"segment_id": 514564, "physicalid": "37277", "street_name": "CONNECTOR", "borough": "bronx", "direction": "FT", "total_row_ft": 133.5, "roadbed_ft": 80.3, "median_ft": 26.3, "left_sw_ft": 15.0, "right_sw_ft": 11.9}, "geometry": {"type": "LineString", "coordinates": [[-73.84897089253626, 40.8577282482031], [-73.84908518950952, 40.857410522160414]]}}, {"type": "Feature", "properties": {"segment_id": 514565, "physicalid": "37277", "street_name": "CONNECTOR", "borough": "bronx", "direction": "FT", "total_row_ft": 137.7, "roadbed_ft": 79.7, "median_ft": 27.3, "left_sw_ft": 15.0, "right_sw_ft": 15.7}, "geometry": {"type": "LineString", "coordinates": [[-73.84890114717781, 40.85771378474118], [-73.84901544445944, 40.85739605876679]]}}, {"type": "Feature", "properties": {"segment_id": 514566, "physicalid": "37277", "street_name": "CONNECTOR", "borough": "bronx", "direction": "FT", "total_row_ft": 141.9, "roadbed_ft": 79.3, "median_ft": 28.3, "left_sw_ft": 15.0, "right_sw_ft": 19.4}, "geometry": {"type": "LineString", "coordinates": [[-73.84883140184972, 40.857699321237064], [-73.84894569943967, 40.85738159533095]]}}, {"type": "Feature", "properties": {"segment_id": 514567, "physicalid": "37277", "street_name": "CONNECTOR", "borough": "bronx", "direction": "FT", "total_row_ft": 142.0, "roadbed_ft": 79.0, "median_ft": 29.2, "left_sw_ft": 15.0, "right_sw_ft": 18.8}, "geometry": {"type": "LineString", "coordinates": [[-73.84876165655197, 40.85768485769075], [-73.84887202807906, 40.85737804645061]]}}, {"type": "Feature", "properties": {"segment_id": 514568, "physicalid": "37277", "street_name": "CONNECTOR", "borough": "bronx", "direction": "FT", "total_row_ft": 87.7, "roadbed_ft": 51.4, "median_ft": 18.2, "left_sw_ft": 4.3, "right_sw_ft": 13.9}, "geometry": {"type": "LineString", "coordinates": [[-73.84873096058548, 40.85756184534319], [-73.84879720250076, 40.85737770604909]]}}, {"type": "Feature", "properties": {"segment_id": 514569, "physicalid": "37277", "street_name": "CONNECTOR", "borough": "bronx", "direction": "FT", "total_row_ft": 80.0, "roadbed_ft": 49.2, "median_ft": 12.6, "left_sw_ft": 4.4, "right_sw_ft": 13.7}, "geometry": {"type": "LineString", "coordinates": [[-73.84865844779623, 40.85755507522534], [-73.84872256701145, 40.8573768371921]]}}, {"type": "Feature", "properties": {"segment_id": 514570, "physicalid": "37277", "street_name": "CONNECTOR", "borough": "bronx", "direction": "FT", "total_row_ft": 70.5, "roadbed_ft": 48.5, "median_ft": 4.8, "left_sw_ft": 4.8, "right_sw_ft": 12.4}, "geometry": {"type": "LineString", "coordinates": [[-73.8485856860319, 40.85754899719753], [-73.84864823150915, 40.857375134391376]]}}, {"type": "Feature", "properties": {"segment_id": 514571, "physicalid": "37278", "street_name": "PELHAM PKWY", "borough": "bronx", "direction": "FT", "total_row_ft": 74.7, "roadbed_ft": 41.3, "median_ft": 14.1, "left_sw_ft": 15.0, "right_sw_ft": 4.3}, "geometry": {"type": "LineString", "coordinates": [[-73.84929381569151, 40.857800384475745], [-73.84931264822612, 40.857527872441366]]}}, {"type": "Feature", "properties": {"segment_id": 514572, "physicalid": "37278", "street_name": "PELHAM PKWY", "borough": "bronx", "direction": "FT", "total_row_ft": 75.2, "roadbed_ft": 43.5, "median_ft": 12.5, "left_sw_ft": 15.0, "right_sw_ft": 4.2}, "geometry": {"type": "LineString", "coordinates": [[-73.84922161483973, 40.85779750812519], [-73.8492404149124, 40.85752547009901]]}}, {"type": "Feature", "properties": {"segment_id": 514573, "physicalid": "37278", "street_name": "PELHAM PKWY", "borough": "bronx", "direction": "FT", "total_row_ft": 78.6, "roadbed_ft": 45.6, "median_ft": 13.7, "left_sw_ft": 15.0, "right_sw_ft": 4.3}, "geometry": {"type": "LineString", "coordinates": [[-73.84914941399417, 40.857794631729426], [-73.84916822767562, 40.85752240105933]]}}, {"type": "Feature", "properties": {"segment_id": 514574, "physicalid": "37278", "street_name": "PELHAM PKWY", "borough": "bronx", "direction": "FT", "total_row_ft": 82.3, "roadbed_ft": 47.7, "median_ft": 15.0, "left_sw_ft": 15.0, "right_sw_ft": 4.6}, "geometry": {"type": "LineString", "coordinates": [[-73.84907721315486, 40.857791755288495], [-73.84909605703875, 40.85751909187564]]}}, {"type": "Feature", "properties": {"segment_id": 514575, "physicalid": "37278", "street_name": "PELHAM PKWY", "borough": "bronx", "direction": "FT", "total_row_ft": 82.2, "roadbed_ft": 41.7, "median_ft": 16.8, "left_sw_ft": 15.0, "right_sw_ft": 8.7}, "geometry": {"type": "LineString", "coordinates": [[-73.84900501232181, 40.857788878802374], [-73.84902386766107, 40.85751605391946]]}}, {"type": "Feature", "properties": {"segment_id": 514576, "physicalid": "37278", "street_name": "PELHAM PKWY", "borough": "bronx", "direction": "FT", "total_row_ft": 81.5, "roadbed_ft": 42.0, "median_ft": 17.2, "left_sw_ft": 15.0, "right_sw_ft": 7.3}, "geometry": {"type": "LineString", "coordinates": [[-73.848932811495, 40.857786002271055], [-73.84895165530217, 40.85751334853375]]}}, {"type": "Feature", "properties": {"segment_id": 514577, "physicalid": "37278", "street_name": "PELHAM PKWY", "borough": "bronx", "direction": "FT", "total_row_ft": 80.6, "roadbed_ft": 42.2, "median_ft": 17.5, "left_sw_ft": 15.0, "right_sw_ft": 5.8}, "geometry": {"type": "LineString", "coordinates": [[-73.84886061067445, 40.857783125694574], [-73.84887942708102, 40.8575108726982]]}}, {"type": "Feature", "properties": {"segment_id": 514578, "physicalid": "37278", "street_name": "PELHAM PKWY", "borough": "bronx", "direction": "FT", "total_row_ft": 77.8, "roadbed_ft": 43.3, "median_ft": 16.8, "left_sw_ft": 15.0, "right_sw_ft": 2.8}, "geometry": {"type": "LineString", "coordinates": [[-73.84878840986012, 40.8577802490729], [-73.84880704104127, 40.85751068033259]]}}, {"type": "Feature", "properties": {"segment_id": 514579, "physicalid": "37278", "street_name": "PELHAM PKWY", "borough": "bronx", "direction": "FT", "total_row_ft": 64.0, "roadbed_ft": 29.2, "median_ft": 15.5, "left_sw_ft": 15.0, "right_sw_ft": 4.2}, "geometry": {"type": "LineString", "coordinates": [[-73.84871620905204, 40.85777737240604], [-73.84873190907271, 40.857550217425]]}}, {"type": "Feature", "properties": {"segment_id": 514580, "physicalid": "37278", "street_name": "PELHAM PKWY", "borough": "bronx", "direction": "FT", "total_row_ft": 66.4, "roadbed_ft": 29.3, "median_ft": 17.8, "left_sw_ft": 15.0, "right_sw_ft": 4.4}, "geometry": {"type": "LineString", "coordinates": [[-73.84864400825022, 40.857774495694], [-73.84866000125604, 40.85754310529111]]}}, {"type": "Feature", "properties": {"segment_id": 514581, "physicalid": "37278", "street_name": "PELHAM PKWY", "borough": "bronx", "direction": "FT", "total_row_ft": 69.2, "roadbed_ft": 29.3, "median_ft": 20.1, "left_sw_ft": 15.0, "right_sw_ft": 4.8}, "geometry": {"type": "LineString", "coordinates": [[-73.84857180745465, 40.85777161893675], [-73.84858809344249, 40.857535993289474]]}}, {"type": "Feature", "properties": {"segment_id": 514582, "physicalid": "37278", "street_name": "PELHAM PKWY", "borough": "bronx", "direction": "FT", "total_row_ft": 70.9, "roadbed_ft": 29.4, "median_ft": 21.7, "left_sw_ft": 15.0, "right_sw_ft": 4.8}, "geometry": {"type": "LineString", "coordinates": [[-73.84850620599309, 40.85776940146172], [-73.84851309260934, 40.857530428100375]]}}, {"type": "Feature", "properties": {"segment_id": 514583, "physicalid": "37278", "street_name": "PELHAM PKWY", "borough": "bronx", "direction": "FT", "total_row_ft": 71.4, "roadbed_ft": 29.5, "median_ft": 22.6, "left_sw_ft": 15.0, "right_sw_ft": 4.4}, "geometry": {"type": "LineString", "coordinates": [[-73.84843392315341, 40.85776820065541], [-73.84844086695496, 40.857527251979654]]}}, {"type": "Feature", "properties": {"segment_id": 514584, "physicalid": "37278", "street_name": "PELHAM PKWY", "borough": "bronx", "direction": "FT", "total_row_ft": 72.2, "roadbed_ft": 29.5, "median_ft": 23.4, "left_sw_ft": 15.0, "right_sw_ft": 4.3}, "geometry": {"type": "LineString", "coordinates": [[-73.84836164031636, 40.857766999803815], [-73.84836864131472, 40.857524075562516]]}}, {"type": "Feature", "properties": {"segment_id": 514585, "physicalid": "37278", "street_name": "PELHAM PKWY", "borough": "bronx", "direction": "FT", "total_row_ft": 73.3, "roadbed_ft": 29.6, "median_ft": 24.1, "left_sw_ft": 15.0, "right_sw_ft": 4.6}, "geometry": {"type": "LineString", "coordinates": [[-73.84828935748189, 40.85776579890694], [-73.84829640902149, 40.85752113018031]]}}, {"type": "Feature", "properties": {"segment_id": 514586, "physicalid": "37278", "street_name": "PELHAM PKWY", "borough": "bronx", "direction": "FT", "total_row_ft": 74.4, "roadbed_ft": 29.7, "median_ft": 24.7, "left_sw_ft": 15.0, "right_sw_ft": 5.1}, "geometry": {"type": "LineString", "coordinates": [[-73.84821707465005, 40.85776459796478], [-73.84822416460052, 40.85751860575914]]}}, {"type": "Feature", "properties": {"segment_id": 514587, "physicalid": "37278", "street_name": "PELHAM PKWY", "borough": "bronx", "direction": "FT", "total_row_ft": 75.6, "roadbed_ft": 29.8, "median_ft": 25.1, "left_sw_ft": 15.0, "right_sw_ft": 5.7}, "geometry": {"type": "LineString", "coordinates": [[-73.8481447918208, 40.85776339697733], [-73.84815190510074, 40.85751660463878]]}}, {"type": "Feature", "properties": {"segment_id": 514588, "physicalid": "37278", "street_name": "PELHAM PKWY", "borough": "bronx", "direction": "FT", "total_row_ft": 76.2, "roadbed_ft": 29.8, "median_ft": 25.3, "left_sw_ft": 15.0, "right_sw_ft": 6.0}, "geometry": {"type": "LineString", "coordinates": [[-73.84807250899419, 40.85776219594459], [-73.84807963054553, 40.857515125947806]]}}, {"type": "Feature", "properties": {"segment_id": 514589, "physicalid": "37278", "street_name": "PELHAM PKWY", "borough": "bronx", "direction": "FT", "total_row_ft": 76.2, "roadbed_ft": 29.9, "median_ft": 25.3, "left_sw_ft": 15.0, "right_sw_ft": 6.0}, "geometry": {"type": "LineString", "coordinates": [[-73.84800022617017, 40.85776099486657], [-73.84800733859502, 40.857514250802275]]}}, {"type": "Feature", "properties": {"segment_id": 514590, "physicalid": "37278", "street_name": "PELHAM PKWY", "borough": "bronx", "direction": "FT", "total_row_ft": 75.8, "roadbed_ft": 29.9, "median_ft": 25.2, "left_sw_ft": 15.0, "right_sw_ft": 5.7}, "geometry": {"type": "LineString", "coordinates": [[-73.84792794334878, 40.857759793743284], [-73.84793503045285, 40.85751393737986]]}}, {"type": "Feature", "properties": {"segment_id": 514591, "physicalid": "37278", "street_name": "PELHAM PKWY", "borough": "bronx", "direction": "FT", "total_row_ft": 76.1, "roadbed_ft": 29.9, "median_ft": 25.4, "left_sw_ft": 15.0, "right_sw_ft": 5.8}, "geometry": {"type": "LineString", "coordinates": [[-73.84785566052997, 40.85775859257469], [-73.84786275155442, 40.85751260948472]]}}, {"type": "Feature", "properties": {"segment_id": 514592, "physicalid": "37278", "street_name": "PELHAM PKWY", "borough": "bronx", "direction": "FT", "total_row_ft": 76.7, "roadbed_ft": 29.9, "median_ft": 25.7, "left_sw_ft": 15.0, "right_sw_ft": 6.1}, "geometry": {"type": "LineString", "coordinates": [[-73.8477833777138, 40.8577573913608], [-73.84779048357133, 40.8575109030112]]}}, {"type": "Feature", "properties": {"segment_id": 514593, "physicalid": "37278", "street_name": "PELHAM PKWY", "borough": "bronx", "direction": "FT", "total_row_ft": 77.4, "roadbed_ft": 30.1, "median_ft": 26.0, "left_sw_ft": 15.0, "right_sw_ft": 6.3}, "geometry": {"type": "LineString", "coordinates": [[-73.84771109490023, 40.85775619010165], [-73.84771820906673, 40.85750942283224]]}}, {"type": "Feature", "properties": {"segment_id": 514594, "physicalid": "37278", "street_name": "PELHAM PKWY", "borough": "bronx", "direction": "FT", "total_row_ft": 77.6, "roadbed_ft": 30.1, "median_ft": 26.1, "left_sw_ft": 15.0, "right_sw_ft": 6.4}, "geometry": {"type": "LineString", "coordinates": [[-73.84763881208927, 40.85775498879718], [-73.84764592468352, 40.85750828536447]]}}, {"type": "Feature", "properties": {"segment_id": 514595, "physicalid": "37278", "street_name": "PELHAM PKWY", "borough": "bronx", "direction": "FT", "total_row_ft": 77.6, "roadbed_ft": 30.0, "median_ft": 26.2, "left_sw_ft": 15.0, "right_sw_ft": 6.4}, "geometry": {"type": "LineString", "coordinates": [[-73.84756652928093, 40.85775378744746], [-73.84757363382369, 40.8575073725745]]}}, {"type": "Feature", "properties": {"segment_id": 514596, "physicalid": "37278", "street_name": "PELHAM PKWY", "borough": "bronx", "direction": "FT", "total_row_ft": 77.5, "roadbed_ft": 30.0, "median_ft": 26.2, "left_sw_ft": 15.0, "right_sw_ft": 6.4}, "geometry": {"type": "LineString", "coordinates": [[-73.84749424647518, 40.857752586052435], [-73.8475013364726, 40.857506684943104]]}}, {"type": "Feature", "properties": {"segment_id": 514597, "physicalid": "37278", "street_name": "PELHAM PKWY", "borough": "bronx", "direction": "FT", "total_row_ft": 77.2, "roadbed_ft": 29.9, "median_ft": 26.1, "left_sw_ft": 15.0, "right_sw_ft": 6.2}, "geometry": {"type": "LineString", "coordinates": [[-73.84742196367206, 40.857751384612115], [-73.84742903219033, 40.857506237703596]]}}, {"type": "Feature", "properties": {"segment_id": 514598, "physicalid": "37278", "street_name": "PELHAM PKWY", "borough": "bronx", "direction": "FT", "total_row_ft": 76.6, "roadbed_ft": 29.7, "median_ft": 25.9, "left_sw_ft": 15.0, "right_sw_ft": 6.0}, "geometry": {"type": "LineString", "coordinates": [[-73.84734968087155, 40.85775018312654], [-73.84735672427885, 40.85750591631416]]}}, {"type": "Feature", "properties": {"segment_id": 514599, "physicalid": "37278", "street_name": "PELHAM PKWY", "borough": "bronx", "direction": "FT", "total_row_ft": 75.6, "roadbed_ft": 29.0, "median_ft": 25.8, "left_sw_ft": 15.0, "right_sw_ft": 5.8}, "geometry": {"type": "LineString", "coordinates": [[-73.84727739807366, 40.85774898159565], [-73.84728441923166, 40.85750549557317]]}}, {"type": "Feature", "properties": {"segment_id": 514600, "physicalid": "37278", "street_name": "PELHAM PKWY", "borough": "bronx", "direction": "FT", "total_row_ft": 74.8, "roadbed_ft": 28.3, "median_ft": 25.7, "left_sw_ft": 15.0, "right_sw_ft": 5.7}, "geometry": {"type": "LineString", "coordinates": [[-73.84720511527836, 40.85774778001946], [-73.84721212040762, 40.85750485901411]]}}, {"type": "Feature", "properties": {"segment_id": 514601, "physicalid": "37278", "street_name": "PELHAM PKWY", "borough": "bronx", "direction": "FT", "total_row_ft": 74.1, "roadbed_ft": 27.7, "median_ft": 25.8, "left_sw_ft": 15.0, "right_sw_ft": 5.7}, "geometry": {"type": "LineString", "coordinates": [[-73.84713283248568, 40.85774657839802], [-73.8471398281375, 40.857503995191244]]}}, {"type": "Feature", "properties": {"segment_id": 514602, "physicalid": "37278", "street_name": "PELHAM PKWY", "borough": "bronx", "direction": "FT", "total_row_ft": 73.5, "roadbed_ft": 27.1, "median_ft": 25.7, "left_sw_ft": 15.0, "right_sw_ft": 5.7}, "geometry": {"type": "LineString", "coordinates": [[-73.84706054969561, 40.857745376731266], [-73.84706753934267, 40.85750301088201]]}}, {"type": "Feature", "properties": {"segment_id": 514603, "physicalid": "37278", "street_name": "PELHAM PKWY", "borough": "bronx", "direction": "FT", "total_row_ft": 72.8, "roadbed_ft": 26.6, "median_ft": 25.4, "left_sw_ft": 15.0, "right_sw_ft": 5.8}, "geometry": {"type": "LineString", "coordinates": [[-73.84698826690817, 40.85774417501924], [-73.84699525908766, 40.85750173049399]]}}, {"type": "Feature", "properties": {"segment_id": 514604, "physicalid": "37278", "street_name": "PELHAM PKWY", "borough": "bronx", "direction": "FT", "total_row_ft": 79.3, "roadbed_ft": 26.2, "median_ft": 24.7, "left_sw_ft": 15.0, "right_sw_ft": 13.4}, "geometry": {"type": "LineString", "coordinates": [[-73.84691598412331, 40.85774297326192], [-73.84692298305065, 40.85750030390908]]}}, {"type": "Feature", "properties": {"segment_id": 514605, "physicalid": "37278", "street_name": "PELHAM PKWY", "borough": "bronx", "direction": "FT", "total_row_ft": 78.0, "roadbed_ft": 26.4, "median_ft": 23.5, "left_sw_ft": 15.0, "right_sw_ft": 13.1}, "geometry": {"type": "LineString", "coordinates": [[-73.8468437013411, 40.85774177145933], [-73.84685071209032, 40.85749870137099]]}}, {"type": "Feature", "properties": {"segment_id": 514606, "physicalid": "37278", "street_name": "PELHAM PKWY", "borough": "bronx", "direction": "FT", "total_row_ft": 53.6, "roadbed_ft": 27.0, "median_ft": 2.4, "left_sw_ft": 21.8, "right_sw_ft": 2.4}, "geometry": {"type": "LineString", "coordinates": [[-73.84677284135056, 40.85769124201257], [-73.84677689527952, 40.8575506933138]]}}, {"type": "Feature", "properties": {"segment_id": 514607, "physicalid": "37278", "street_name": "PELHAM PKWY", "borough": "bronx", "direction": "FT", "total_row_ft": 105.6, "roadbed_ft": 58.4, "median_ft": 20.6, "left_sw_ft": 11.5, "right_sw_ft": 15.0}, "geometry": {"type": "LineString", "coordinates": [[-73.84669942688481, 40.85772927575777], [-73.8467086338936, 40.85741008261784]]}}, {"type": "Feature", "properties": {"segment_id": 514608, "physicalid": "37278", "street_name": "PELHAM PKWY", "borough": "bronx", "direction": "FT", "total_row_ft": 107.5, "roadbed_ft": 56.9, "median_ft": 20.6, "left_sw_ft": 15.0, "right_sw_ft": 15.0}, "geometry": {"type": "LineString", "coordinates": [[-73.84662685301008, 40.8577381657798], [-73.84663635147692, 40.85740888068525]]}}, {"type": "Feature", "properties": {"segment_id": 514609, "physicalid": "37278", "street_name": "PELHAM PKWY", "borough": "bronx", "direction": "FT", "total_row_ft": 105.5, "roadbed_ft": 54.9, "median_ft": 20.7, "left_sw_ft": 15.0, "right_sw_ft": 15.0}, "geometry": {"type": "LineString", "coordinates": [[-73.8465545702383, 40.85773696379605], [-73.84656406906285, 40.85740767870738]]}}, {"type": "Feature", "properties": {"segment_id": 514610, "physicalid": "37278", "street_name": "PELHAM PKWY", "borough": "bronx", "direction": "FT", "total_row_ft": 104.8, "roadbed_ft": 54.2, "median_ft": 20.6, "left_sw_ft": 15.0, "right_sw_ft": 15.0}, "geometry": {"type": "LineString", "coordinates": [[-73.84645780217059, 40.85773087145115], [-73.84651698214931, 40.857404586696795]]}}, {"type": "Feature", "properties": {"segment_id": 514611, "physicalid": "37278", "street_name": "PELHAM PKWY", "borough": "bronx", "direction": "FT", "total_row_ft": 105.1, "roadbed_ft": 55.0, "median_ft": 20.1, "left_sw_ft": 15.0, "right_sw_ft": 15.0}, "geometry": {"type": "LineString", "coordinates": [[-73.8463861780342, 40.85772338263747], [-73.84644535835763, 40.85739709791941]]}}, {"type": "Feature", "properties": {"segment_id": 514612, "physicalid": "37278", "street_name": "PELHAM PKWY", "borough": "bronx", "direction": "FT", "total_row_ft": 105.5, "roadbed_ft": 55.9, "median_ft": 19.5, "left_sw_ft": 15.0, "right_sw_ft": 15.0}, "geometry": {"type": "LineString", "coordinates": [[-73.84631455391393, 40.85771589377929], [-73.84637373458207, 40.857389609097574]]}}, {"type": "Feature", "properties": {"segment_id": 514613, "physicalid": "37278", "street_name": "PELHAM PKWY", "borough": "bronx", "direction": "FT", "total_row_ft": 105.6, "roadbed_ft": 56.4, "median_ft": 19.2, "left_sw_ft": 15.0, "right_sw_ft": 15.0}, "geometry": {"type": "LineString", "coordinates": [[-73.84624292980979, 40.857708404876675], [-73.84630211082268, 40.857382120231264]]}}, {"type": "Feature", "properties": {"segment_id": 514614, "physicalid": "37278", "street_name": "PELHAM PKWY", "borough": "bronx", "direction": "FT", "total_row_ft": 105.6, "roadbed_ft": 56.5, "median_ft": 19.1, "left_sw_ft": 15.0, "right_sw_ft": 15.0}, "geometry": {"type": "LineString", "coordinates": [[-73.8461713057218, 40.857700915929556], [-73.84623048707937, 40.857374631320454]]}}, {"type": "Feature", "properties": {"segment_id": 514615, "physicalid": "37278", "street_name": "PELHAM PKWY", "borough": "bronx", "direction": "FT", "total_row_ft": 105.7, "roadbed_ft": 57.2, "median_ft": 18.5, "left_sw_ft": 15.0, "right_sw_ft": 15.0}, "geometry": {"type": "LineString", "coordinates": [[-73.84609968164993, 40.857693426937985], [-73.8461588633522, 40.857367142365185]]}}, {"type": "Feature", "properties": {"segment_id": 514616, "physicalid": "37278", "street_name": "PELHAM PKWY", "borough": "bronx", "direction": "FT", "total_row_ft": 105.8, "roadbed_ft": 58.4, "median_ft": 17.4, "left_sw_ft": 15.0, "right_sw_ft": 15.0}, "geometry": {"type": "LineString", "coordinates": [[-73.84602805759418, 40.85768593790194], [-73.84608723964118, 40.85735965336543]]}}, {"type": "Feature", "properties": {"segment_id": 514617, "physicalid": "37278", "street_name": "PELHAM PKWY", "borough": "bronx", "direction": "FT", "total_row_ft": 105.9, "roadbed_ft": 59.9, "median_ft": 15.9, "left_sw_ft": 15.0, "right_sw_ft": 15.0}, "geometry": {"type": "LineString", "coordinates": [[-73.84595643355458, 40.85767844882139], [-73.84601561594626, 40.85735216432122]]}}, {"type": "Feature", "properties": {"segment_id": 514618, "physicalid": "37278", "street_name": "PELHAM PKWY", "borough": "bronx", "direction": "FT", "total_row_ft": 105.9, "roadbed_ft": 62.0, "median_ft": 13.9, "left_sw_ft": 15.0, "right_sw_ft": 15.0}, "geometry": {"type": "LineString", "coordinates": [[-73.84588480953107, 40.85767095969639], [-73.84594399226752, 40.85734467523252]]}}, {"type": "Feature", "properties": {"segment_id": 514619, "physicalid": "37278", "street_name": "PELHAM PKWY", "borough": "bronx", "direction": "FT", "total_row_ft": 106.0, "roadbed_ft": 64.0, "median_ft": 12.0, "left_sw_ft": 15.0, "right_sw_ft": 15.0}, "geometry": {"type": "LineString", "coordinates": [[-73.84581318552372, 40.85766347052692], [-73.84587236860487, 40.85733718609936]]}}, {"type": "Feature", "properties": {"segment_id": 514620, "physicalid": "37278", "street_name": "PELHAM PKWY", "borough": "bronx", "direction": "FT", "total_row_ft": 106.1, "roadbed_ft": 65.9, "median_ft": 10.2, "left_sw_ft": 15.0, "right_sw_ft": 15.0}, "geometry": {"type": "LineString", "coordinates": [[-73.8457415615325, 40.85765598131296], [-73.84580074495837, 40.85732969692171]]}}, {"type": "Feature", "properties": {"segment_id": 514621, "physicalid": "37278", "street_name": "PELHAM PKWY", "borough": "bronx", "direction": "FT", "total_row_ft": 106.2, "roadbed_ft": 67.9, "median_ft": 8.2, "left_sw_ft": 15.0, "right_sw_ft": 15.0}, "geometry": {"type": "LineString", "coordinates": [[-73.84566993755739, 40.85764849205454], [-73.84572912132799, 40.85732220769959]]}}, {"type": "Feature", "properties": {"segment_id": 514622, "physicalid": "37278", "street_name": "PELHAM PKWY", "borough": "bronx", "direction": "FT", "total_row_ft": 111.1, "roadbed_ft": 69.8, "median_ft": 11.2, "left_sw_ft": 15.0, "right_sw_ft": 15.0}, "geometry": {"type": "LineString", "coordinates": [[-73.84559831359844, 40.85764100275164], [-73.84565749771373, 40.85731471843301]]}}, {"type": "Feature", "properties": {"segment_id": 514623, "physicalid": "37278", "street_name": "PELHAM PKWY", "borough": "bronx", "direction": "FT", "total_row_ft": 73.6, "roadbed_ft": 44.4, "median_ft": 9.4, "left_sw_ft": 15.0, "right_sw_ft": 4.8}, "geometry": {"type": "LineString", "coordinates": [[-73.8455266896556, 40.85763351340426], [-73.84557434196346, 40.857370806200834]]}}, {"type": "Feature", "properties": {"segment_id": 514624, "physicalid": "37278", "street_name": "PELHAM PKWY", "borough": "bronx", "direction": "FT", "total_row_ft": 76.6, "roadbed_ft": 46.5, "median_ft": 8.8, "left_sw_ft": 15.0, "right_sw_ft": 6.2}, "geometry": {"type": "LineString", "coordinates": [[-73.84545506572893, 40.8576260240124], [-73.84550256679081, 40.85736415218568]]}}, {"type": "Feature", "properties": {"segment_id": 514625, "physicalid": "37278", "street_name": "PELHAM PKWY", "borough": "bronx", "direction": "FT", "total_row_ft": 72.7, "roadbed_ft": 44.6, "median_ft": 8.6, "left_sw_ft": 15.0, "right_sw_ft": 4.5}, "geometry": {"type": "LineString", "coordinates": [[-73.84538344181836, 40.85761853457609], [-73.84543079156798, 40.85735749848167]]}}, {"type": "Feature", "properties": {"segment_id": 514626, "physicalid": "37278", "street_name": "PELHAM PKWY", "borough": "bronx", "direction": "FT", "total_row_ft": 73.2, "roadbed_ft": 42.5, "median_ft": 10.6, "left_sw_ft": 15.0, "right_sw_ft": 5.1}, "geometry": {"type": "LineString", "coordinates": [[-73.8453118179239, 40.85761104509528], [-73.84535928223333, 40.85734937899089]]}}, {"type": "Feature", "properties": {"segment_id": 514627, "physicalid": "37278", "street_name": "PELHAM PKWY", "borough": "bronx", "direction": "FT", "total_row_ft": 74.1, "roadbed_ft": 40.4, "median_ft": 13.1, "left_sw_ft": 15.0, "right_sw_ft": 5.7}, "geometry": {"type": "LineString", "coordinates": [[-73.8452401940456, 40.857603555570016], [-73.84528773689357, 40.85734145804427]]}}, {"type": "Feature", "properties": {"segment_id": 514628, "physicalid": "37278", "street_name": "PELHAM PKWY", "borough": "bronx", "direction": "FT", "total_row_ft": 74.7, "roadbed_ft": 38.3, "median_ft": 15.3, "left_sw_ft": 15.0, "right_sw_ft": 6.0}, "geometry": {"type": "LineString", "coordinates": [[-73.8451685701834, 40.85759606600026], [-73.84521610196761, 40.85733403102335]]}}, {"type": "Feature", "properties": {"segment_id": 514629, "physicalid": "37278", "street_name": "PELHAM PKWY", "borough": "bronx", "direction": "FT", "total_row_ft": 74.8, "roadbed_ft": 36.3, "median_ft": 17.3, "left_sw_ft": 15.0, "right_sw_ft": 6.2}, "geometry": {"type": "LineString", "coordinates": [[-73.84509694633736, 40.857588576386036], [-73.84514437749611, 40.857327097695006]]}}, {"type": "Feature", "properties": {"segment_id": 514630, "physicalid": "37278", "street_name": "PELHAM PKWY", "borough": "bronx", "direction": "FT", "total_row_ft": 74.4, "roadbed_ft": 34.4, "median_ft": 19.1, "left_sw_ft": 15.0, "right_sw_ft": 5.9}, "geometry": {"type": "LineString", "coordinates": [[-73.84502532250745, 40.85758108672734], [-73.84507256345928, 40.857320658159715]]}}, {"type": "Feature", "properties": {"segment_id": 514631, "physicalid": "37278", "street_name": "PELHAM PKWY", "borough": "bronx", "direction": "FT", "total_row_ft": 73.6, "roadbed_ft": 32.2, "median_ft": 20.9, "left_sw_ft": 15.0, "right_sw_ft": 5.5}, "geometry": {"type": "LineString", "coordinates": [[-73.84495369869367, 40.85757359702418], [-73.84500065977173, 40.857314712879365]]}}, {"type": "Feature", "properties": {"segment_id": 514717, "physicalid": "37279", "street_name": "PELHAM PKWY", "borough": "bronx", "direction": "FT", "total_row_ft": 106.3, "roadbed_ft": 55.5, "median_ft": 25.0, "left_sw_ft": 15.0, "right_sw_ft": 10.8}, "geometry": {"type": "LineString", "coordinates": [[-73.85001773214891, 40.85774892123534], [-73.84997042977317, 40.8574215211281]]}}, {"type": "Feature", "properties": {"segment_id": 514718, "physicalid": "37279", "street_name": "PELHAM PKWY", "borough": "bronx", "direction": "FT", "total_row_ft": 106.5, "roadbed_ft": 55.3, "median_ft": 24.9, "left_sw_ft": 15.0, "right_sw_ft": 11.3}, "geometry": {"type": "LineString", "coordinates": [[-73.84994586314122, 40.85775490697947], [-73.84989856111501, 40.85742750684312]]}}, {"type": "Feature", "properties": {"segment_id": 514719, "physicalid": "37279", "street_name": "PELHAM PKWY", "borough": "bronx", "direction": "FT", "total_row_ft": 106.6, "roadbed_ft": 55.5, "median_ft": 24.5, "left_sw_ft": 15.0, "right_sw_ft": 11.6}, "geometry": {"type": "LineString", "coordinates": [[-73.8498739941206, 40.85776089267884], [-73.84982669244391, 40.85743349251337]]}}, {"type": "Feature", "properties": {"segment_id": 514720, "physicalid": "37279", "street_name": "PELHAM PKWY", "borough": "bronx", "direction": "FT", "total_row_ft": 106.1, "roadbed_ft": 56.1, "median_ft": 23.4, "left_sw_ft": 15.0, "right_sw_ft": 11.5}, "geometry": {"type": "LineString", "coordinates": [[-73.84980212508704, 40.85776687833342], [-73.8497548237599, 40.85743947813884]]}}, {"type": "Feature", "properties": {"segment_id": 514721, "physicalid": "37279", "street_name": "PELHAM PKWY", "borough": "bronx", "direction": "FT", "total_row_ft": 104.8, "roadbed_ft": 57.1, "median_ft": 21.7, "left_sw_ft": 15.0, "right_sw_ft": 11.0}, "geometry": {"type": "LineString", "coordinates": [[-73.84973025604054, 40.85777286394324], [-73.84968295506292, 40.85744546371954]]}}, {"type": "Feature", "properties": {"segment_id": 514722, "physicalid": "37279", "street_name": "PELHAM PKWY", "borough": "bronx", "direction": "FT", "total_row_ft": 103.4, "roadbed_ft": 58.5, "median_ft": 20.4, "left_sw_ft": 15.0, "right_sw_ft": 9.5}, "geometry": {"type": "LineString", "coordinates": [[-73.8496583869811, 40.85777884950828], [-73.84961108635301, 40.857451449255464]]}}, {"type": "Feature", "properties": {"segment_id": 514723, "physicalid": "37279", "street_name": "PELHAM PKWY", "borough": "bronx", "direction": "FT", "total_row_ft": 102.0, "roadbed_ft": 60.4, "median_ft": 19.4, "left_sw_ft": 15.0, "right_sw_ft": 7.1}, "geometry": {"type": "LineString", "coordinates": [[-73.84958651790875, 40.857784835028546], [-73.84953921763018, 40.85745743474661]]}}, {"type": "Feature", "properties": {"segment_id": 514724, "physicalid": "37279", "street_name": "PELHAM PKWY", "borough": "bronx", "direction": "FT", "total_row_ft": 74.5, "roadbed_ft": 35.9, "median_ft": 18.4, "left_sw_ft": 15.0, "right_sw_ft": 5.2}, "geometry": {"type": "LineString", "coordinates": [[-73.84951464882343, 40.85779082050403], [-73.84947745223063, 40.85753335366748]]}}, {"type": "Feature", "properties": {"segment_id": 514725, "physicalid": "37279", "street_name": "PELHAM PKWY", "borough": "bronx", "direction": "FT", "total_row_ft": 74.5, "roadbed_ft": 38.4, "median_ft": 16.6, "left_sw_ft": 15.0, "right_sw_ft": 4.5}, "geometry": {"type": "LineString", "coordinates": [[-73.8494427797252, 40.85779680593474], [-73.84940436750801, 40.857530922784484]]}}, {"type": "Feature", "properties": {"segment_id": 515065, "physicalid": "37306", "street_name": "PELHAM PKWY S", "borough": "bronx", "direction": "FT", "total_row_ft": 47.7, "roadbed_ft": 26.1, "median_ft": 5.5, "left_sw_ft": 5.5, "right_sw_ft": 10.6}, "geometry": {"type": "LineString", "coordinates": [[-73.85000155761294, 40.85752048875073], [-73.84998804930548, 40.8574051462916]]}}, {"type": "Feature", "properties": {"segment_id": 515066, "physicalid": "37306", "street_name": "PELHAM PKWY S", "borough": "bronx", "direction": "FT", "total_row_ft": 47.7, "roadbed_ft": 25.7, "median_ft": 5.4, "left_sw_ft": 5.4, "right_sw_ft": 11.2}, "geometry": {"type": "LineString", "coordinates": [[-73.84992969716819, 40.857526676655695], [-73.84991616092339, 40.85741109458562]]}}, {"type": "Feature", "properties": {"segment_id": 515067, "physicalid": "37306", "street_name": "PELHAM PKWY S", "borough": "bronx", "direction": "FT", "total_row_ft": 47.8, "roadbed_ft": 25.3, "median_ft": 5.4, "left_sw_ft": 5.4, "right_sw_ft": 11.8}, "geometry": {"type": "LineString", "coordinates": [[-73.8498578495567, 40.857532974210386], [-73.8498442609419, 40.85741694389962]]}}, {"type": "Feature", "properties": {"segment_id": 515068, "physicalid": "37306", "street_name": "PELHAM PKWY S", "borough": "bronx", "direction": "FT", "total_row_ft": 48.1, "roadbed_ft": 25.6, "median_ft": 5.2, "left_sw_ft": 5.2, "right_sw_ft": 12.1}, "geometry": {"type": "LineString", "coordinates": [[-73.84978600446021, 40.85753929331176], [-73.84977227474664, 40.85742205710773]]}}, {"type": "Feature", "properties": {"segment_id": 515069, "physicalid": "37306", "street_name": "PELHAM PKWY S", "borough": "bronx", "direction": "FT", "total_row_ft": 47.2, "roadbed_ft": 25.9, "median_ft": 4.8, "left_sw_ft": 4.8, "right_sw_ft": 11.6}, "geometry": {"type": "LineString", "coordinates": [[-73.84971408845445, 40.857545006995515], [-73.8497005216256, 40.85742916057701]]}}, {"type": "Feature", "properties": {"segment_id": 515070, "physicalid": "37306", "street_name": "PELHAM PKWY S", "borough": "bronx", "direction": "FT", "total_row_ft": 47.1, "roadbed_ft": 26.0, "median_ft": 4.6, "left_sw_ft": 4.6, "right_sw_ft": 11.9}, "geometry": {"type": "LineString", "coordinates": [[-73.84964189808458, 40.85754837794216], [-73.84962829359706, 40.857432208878514]]}}, {"type": "Feature", "properties": {"segment_id": 515071, "physicalid": "37306", "street_name": "PELHAM PKWY S", "borough": "bronx", "direction": "FT", "total_row_ft": 47.1, "roadbed_ft": 26.4, "median_ft": 4.8, "left_sw_ft": 4.8, "right_sw_ft": 11.0}, "geometry": {"type": "LineString", "coordinates": [[-73.84956943205678, 40.85754939503823], [-73.84955590668709, 40.857433900483535]]}}, {"type": "Feature", "properties": {"segment_id": 515072, "physicalid": "37306", "street_name": "PELHAM PKWY S", "borough": "bronx", "direction": "FT", "total_row_ft": 63.0, "roadbed_ft": 26.3, "median_ft": 5.2, "left_sw_ft": 5.2, "right_sw_ft": 26.4}, "geometry": {"type": "LineString", "coordinates": [[-73.84949668809304, 40.857548038765415], [-73.84947048113546, 40.857324252318364]]}}, {"type": "Feature", "properties": {"segment_id": 515073, "physicalid": "37306", "street_name": "PELHAM PKWY S", "borough": "bronx", "direction": "FT", "total_row_ft": 98.4, "roadbed_ft": 74.0, "median_ft": 4.7, "left_sw_ft": 4.7, "right_sw_ft": 15.0}, "geometry": {"type": "LineString", "coordinates": [[-73.84942366191041, 40.8575442724832], [-73.8493984655795, 40.85732911396179]]}}, {"type": "Feature", "properties": {"segment_id": 515152, "physicalid": "37313", "street_name": "PELHAM PKWY S", "borough": "bronx", "direction": "FT", "total_row_ft": 104.3, "roadbed_ft": 54.4, "median_ft": 20.5, "left_sw_ft": 15.0, "right_sw_ft": 14.5}, "geometry": {"type": "LineString", "coordinates": [[-73.84645749702509, 40.85757916140308], [-73.84650946780742, 40.85733730624186]]}}, {"type": "Feature", "properties": {"segment_id": 515153, "physicalid": "37313", "street_name": "PELHAM PKWY S", "borough": "bronx", "direction": "FT", "total_row_ft": 102.1, "roadbed_ft": 53.4, "median_ft": 19.9, "left_sw_ft": 15.0, "right_sw_ft": 13.8}, "geometry": {"type": "LineString", "coordinates": [[-73.84638614056783, 40.85757032218125], [-73.84643686913456, 40.85733424908753]]}}, {"type": "Feature", "properties": {"segment_id": 515154, "physicalid": "37313", "street_name": "PELHAM PKWY S", "borough": "bronx", "direction": "FT", "total_row_ft": 100.3, "roadbed_ft": 52.9, "median_ft": 19.4, "left_sw_ft": 15.0, "right_sw_ft": 13.1}, "geometry": {"type": "LineString", "coordinates": [[-73.8463147841295, 40.85756148291524], [-73.84636446009372, 40.85733030943868]]}}, {"type": "Feature", "properties": {"segment_id": 515155, "physicalid": "37313", "street_name": "PELHAM PKWY S", "borough": "bronx", "direction": "FT", "total_row_ft": 100.0, "roadbed_ft": 52.1, "median_ft": 19.2, "left_sw_ft": 15.0, "right_sw_ft": 13.6}, "geometry": {"type": "LineString", "coordinates": [[-73.84624342771018, 40.85755264360512], [-73.84629288911208, 40.85732246977413]]}}, {"type": "Feature", "properties": {"segment_id": 515156, "physicalid": "37313", "street_name": "PELHAM PKWY S", "borough": "bronx", "direction": "FT", "total_row_ft": 99.6, "roadbed_ft": 51.9, "median_ft": 18.9, "left_sw_ft": 15.0, "right_sw_ft": 13.8}, "geometry": {"type": "LineString", "coordinates": [[-73.84617207130981, 40.85754380425083], [-73.84622131816128, 40.8573146300002]]}}, {"type": "Feature", "properties": {"segment_id": 515157, "physicalid": "37313", "street_name": "PELHAM PKWY S", "borough": "bronx", "direction": "FT", "total_row_ft": 99.2, "roadbed_ft": 52.2, "median_ft": 18.2, "left_sw_ft": 15.0, "right_sw_ft": 13.8}, "geometry": {"type": "LineString", "coordinates": [[-73.84610071492841, 40.85753496485239], [-73.84614974719824, 40.85730679031737]]}}, {"type": "Feature", "properties": {"segment_id": 515158, "physicalid": "37313", "street_name": "PELHAM PKWY S", "borough": "bronx", "direction": "FT", "total_row_ft": 98.8, "roadbed_ft": 53.1, "median_ft": 17.0, "left_sw_ft": 15.0, "right_sw_ft": 13.7}, "geometry": {"type": "LineString", "coordinates": [[-73.84602935856596, 40.85752612540982], [-73.84607814490037, 40.857299096486834]]}}, {"type": "Feature", "properties": {"segment_id": 515159, "physicalid": "37313", "street_name": "PELHAM PKWY S", "borough": "bronx", "direction": "FT", "total_row_ft": 98.2, "roadbed_ft": 54.3, "median_ft": 15.3, "left_sw_ft": 15.0, "right_sw_ft": 13.6}, "geometry": {"type": "LineString", "coordinates": [[-73.8459580022225, 40.857517285923116], [-73.84600642057286, 40.857291970557334]]}}, {"type": "Feature", "properties": {"segment_id": 515160, "physicalid": "37314", "street_name": "PELHAM PKWY S", "borough": "bronx", "direction": "FT", "total_row_ft": 91.7, "roadbed_ft": 58.1, "median_ft": 10.9, "left_sw_ft": 15.0, "right_sw_ft": 7.7}, "geometry": {"type": "LineString", "coordinates": [[-73.8458006390169, 40.85749910690365], [-73.84583600821314, 40.85729031905885]]}}, {"type": "Feature", "properties": {"segment_id": 515161, "physicalid": "37314", "street_name": "PELHAM PKWY S", "borough": "bronx", "direction": "FT", "total_row_ft": 91.7, "roadbed_ft": 58.1, "median_ft": 9.0, "left_sw_ft": 15.0, "right_sw_ft": 9.6}, "geometry": {"type": "LineString", "coordinates": [[-73.84572892989151, 40.857492104093055], [-73.84576429154257, 40.85728336211667]]}}, {"type": "Feature", "properties": {"segment_id": 515162, "physicalid": "37314", "street_name": "PELHAM PKWY S", "borough": "bronx", "direction": "FT", "total_row_ft": 94.3, "roadbed_ft": 60.1, "median_ft": 9.8, "left_sw_ft": 15.0, "right_sw_ft": 9.4}, "geometry": {"type": "LineString", "coordinates": [[-73.84565722078123, 40.85748510123788], [-73.84569257488698, 40.8572764051299]]}}, {"type": "Feature", "properties": {"segment_id": 515163, "physicalid": "37314", "street_name": "PELHAM PKWY S", "borough": "bronx", "direction": "FT", "total_row_ft": 50.6, "roadbed_ft": 29.0, "median_ft": 8.2, "left_sw_ft": 4.1, "right_sw_ft": 9.3}, "geometry": {"type": "LineString", "coordinates": [[-73.84560130687197, 40.85738485974586], [-73.8456208582464, 40.85726944809854]]}}, {"type": "Feature", "properties": {"segment_id": 515164, "physicalid": "37314", "street_name": "PELHAM PKWY S", "borough": "bronx", "direction": "FT", "total_row_ft": 49.6, "roadbed_ft": 29.2, "median_ft": 5.7, "left_sw_ft": 5.7, "right_sw_ft": 9.2}, "geometry": {"type": "LineString", "coordinates": [[-73.8455288598101, 40.857382213661204], [-73.84554914162085, 40.8572624910226]]}}, {"type": "Feature", "properties": {"segment_id": 515165, "physicalid": "37314", "street_name": "PELHAM PKWY S", "borough": "bronx", "direction": "FT", "total_row_ft": 52.9, "roadbed_ft": 29.4, "median_ft": 7.2, "left_sw_ft": 7.2, "right_sw_ft": 9.0}, "geometry": {"type": "LineString", "coordinates": [[-73.84545636733948, 40.85737983560872], [-73.84547742504064, 40.857255533722864]]}}, {"type": "Feature", "properties": {"segment_id": 515166, "physicalid": "37314", "street_name": "PELHAM PKWY S", "borough": "bronx", "direction": "FT", "total_row_ft": 48.0, "roadbed_ft": 29.4, "median_ft": 4.9, "left_sw_ft": 4.9, "right_sw_ft": 9.0}, "geometry": {"type": "LineString", "coordinates": [[-73.84538582183124, 40.857365964876216], [-73.84540574004392, 40.85724839003322]]}}, {"type": "Feature", "properties": {"segment_id": 515167, "physicalid": "37314", "street_name": "PELHAM PKWY S", "borough": "bronx", "direction": "FT", "total_row_ft": 48.9, "roadbed_ft": 29.1, "median_ft": 5.5, "left_sw_ft": 5.5, "right_sw_ft": 8.9}, "geometry": {"type": "LineString", "coordinates": [[-73.84531401861878, 40.85735951829313], [-73.84533405506258, 40.85724124629903]]}}, {"type": "Feature", "properties": {"segment_id": 515168, "physicalid": "37314", "street_name": "PELHAM PKWY S", "borough": "bronx", "direction": "FT", "total_row_ft": 49.6, "roadbed_ft": 29.0, "median_ft": 5.9, "left_sw_ft": 5.9, "right_sw_ft": 8.8}, "geometry": {"type": "LineString", "coordinates": [[-73.84524221542021, 40.85735307166533], [-73.84526237009666, 40.85723410252028]]}}, {"type": "Feature", "properties": {"segment_id": 515169, "physicalid": "37314", "street_name": "PELHAM PKWY S", "borough": "bronx", "direction": "FT", "total_row_ft": 50.1, "roadbed_ft": 29.0, "median_ft": 6.2, "left_sw_ft": 6.2, "right_sw_ft": 8.8}, "geometry": {"type": "LineString", "coordinates": [[-73.84517041223559, 40.85734662499283], [-73.84519068514615, 40.85722695869699]]}}, {"type": "Feature", "properties": {"segment_id": 515170, "physicalid": "37314", "street_name": "PELHAM PKWY S", "borough": "bronx", "direction": "FT", "total_row_ft": 50.1, "roadbed_ft": 29.2, "median_ft": 6.0, "left_sw_ft": 6.0, "right_sw_ft": 8.7}, "geometry": {"type": "LineString", "coordinates": [[-73.84509869222302, 40.85733968741643], [-73.84511900021103, 40.857219814829136]]}}, {"type": "Feature", "properties": {"segment_id": 515171, "physicalid": "37314", "street_name": "PELHAM PKWY S", "borough": "bronx", "direction": "FT", "total_row_ft": 49.7, "roadbed_ft": 29.7, "median_ft": 5.7, "left_sw_ft": 5.7, "right_sw_ft": 8.7}, "geometry": {"type": "LineString", "coordinates": [[-73.84502700293271, 40.857332568540016], [-73.8450473152913, 40.85721267091675]]}}, {"type": "Feature", "properties": {"segment_id": 515172, "physicalid": "37314", "street_name": "PELHAM PKWY S", "borough": "bronx", "direction": "FT", "total_row_ft": 49.5, "roadbed_ft": 30.0, "median_ft": 5.4, "left_sw_ft": 5.4, "right_sw_ft": 8.6}, "geometry": {"type": "LineString", "coordinates": [[-73.84495531365772, 40.85732544961906], [-73.84497563038697, 40.85720552695982]]}}, {"type": "Feature", "properties": {"segment_id": 515173, "physicalid": "37314", "street_name": "PELHAM PKWY S", "borough": "bronx", "direction": "FT", "total_row_ft": 49.5, "roadbed_ft": 30.0, "median_ft": 5.4, "left_sw_ft": 5.4, "right_sw_ft": 8.6}, "geometry": {"type": "LineString", "coordinates": [[-73.84488362445585, 40.857318330312765], [-73.84490394549805, 40.857198382958316]]}}, {"type": "Feature", "properties": {"segment_id": 515174, "physicalid": "37314", "street_name": "PELHAM PKWY S", "borough": "bronx", "direction": "FT", "total_row_ft": 49.5, "roadbed_ft": 30.1, "median_ft": 5.4, "left_sw_ft": 5.4, "right_sw_ft": 8.6}, "geometry": {"type": "LineString", "coordinates": [[-73.84481193520378, 40.857311211348694], [-73.84483226448305, 40.857191216137046]]}}, {"type": "Feature", "properties": {"segment_id": 515175, "physicalid": "37314", "street_name": "PELHAM PKWY S", "borough": "bronx", "direction": "FT", "total_row_ft": 49.6, "roadbed_ft": 30.1, "median_ft": 5.5, "left_sw_ft": 5.5, "right_sw_ft": 8.5}, "geometry": {"type": "LineString", "coordinates": [[-73.84474024596706, 40.85730409234006], [-73.84476058420772, 40.85718404499631]]}}, {"type": "Feature", "properties": {"segment_id": 515176, "physicalid": "37314", "street_name": "PELHAM PKWY S", "borough": "bronx", "direction": "FT", "total_row_ft": 49.5, "roadbed_ft": 30.1, "median_ft": 5.4, "left_sw_ft": 5.4, "right_sw_ft": 8.5}, "geometry": {"type": "LineString", "coordinates": [[-73.84466858185338, 40.85729682508882], [-73.84468890394787, 40.85717687381101]]}}, {"type": "Feature", "properties": {"segment_id": 515177, "physicalid": "37314", "street_name": "PELHAM PKWY S", "borough": "bronx", "direction": "FT", "total_row_ft": 49.2, "roadbed_ft": 30.0, "median_ft": 5.3, "left_sw_ft": 5.3, "right_sw_ft": 8.6}, "geometry": {"type": "LineString", "coordinates": [[-73.84459697791013, 40.85728920273209], [-73.8446172236826, 40.85716970270436]]}}, {"type": "Feature", "properties": {"segment_id": 515178, "physicalid": "37314", "street_name": "PELHAM PKWY S", "borough": "bronx", "direction": "FT", "total_row_ft": 48.8, "roadbed_ft": 30.0, "median_ft": 5.0, "left_sw_ft": 5.0, "right_sw_ft": 8.7}, "geometry": {"type": "LineString", "coordinates": [[-73.8445253739833, 40.85728158033092], [-73.84454554341973, 40.857162531630365]]}}, {"type": "Feature", "properties": {"segment_id": 515179, "physicalid": "37314", "street_name": "PELHAM PKWY S", "borough": "bronx", "direction": "FT", "total_row_ft": 48.3, "roadbed_ft": 30.0, "median_ft": 4.8, "left_sw_ft": 4.8, "right_sw_ft": 8.8}, "geometry": {"type": "LineString", "coordinates": [[-73.84445377007289, 40.857273957885305], [-73.84447386317228, 40.85715536051181]]}}, {"type": "Feature", "properties": {"segment_id": 515180, "physicalid": "37314", "street_name": "PELHAM PKWY S", "borough": "bronx", "direction": "FT", "total_row_ft": 79.1, "roadbed_ft": 29.9, "median_ft": 24.4, "left_sw_ft": 16.0, "right_sw_ft": 8.9}, "geometry": {"type": "LineString", "coordinates": [[-73.84437304818518, 40.857320152896406], [-73.84440218294031, 40.857148189348706]]}}, {"type": "Feature", "properties": {"segment_id": 515181, "physicalid": "37314", "street_name": "PELHAM PKWY S", "borough": "bronx", "direction": "FT", "total_row_ft": 79.2, "roadbed_ft": 29.6, "median_ft": 24.4, "left_sw_ft": 16.2, "right_sw_ft": 9.0}, "geometry": {"type": "LineString", "coordinates": [[-73.84430144698187, 40.85731251423599], [-73.8443305027238, 40.857141018141064]]}}, {"type": "Feature", "properties": {"segment_id": 515182, "physicalid": "37314", "street_name": "PELHAM PKWY S", "borough": "bronx", "direction": "FT", "total_row_ft": 79.3, "roadbed_ft": 29.2, "median_ft": 24.5, "left_sw_ft": 16.4, "right_sw_ft": 9.2}, "geometry": {"type": "LineString", "coordinates": [[-73.84422990098996, 40.85730454975615], [-73.84425888512541, 40.85713347738973]]}}, {"type": "Feature", "properties": {"segment_id": 515183, "physicalid": "37314", "street_name": "PELHAM PKWY S", "borough": "bronx", "direction": "FT", "total_row_ft": 78.3, "roadbed_ft": 28.3, "median_ft": 24.1, "left_sw_ft": 15.8, "right_sw_ft": 10.1}, "geometry": {"type": "LineString", "coordinates": [[-73.84415862733165, 40.8572949779595], [-73.84418745300972, 40.8571248419237]]}}, {"type": "Feature", "properties": {"segment_id": 515184, "physicalid": "37314", "street_name": "PELHAM PKWY S", "borough": "bronx", "direction": "FT", "total_row_ft": 83.8, "roadbed_ft": 28.8, "median_ft": 23.8, "left_sw_ft": 21.9, "right_sw_ft": 9.3}, "geometry": {"type": "LineString", "coordinates": [[-73.84408750096914, 40.85728453687248], [-73.8441160209548, 40.85711620616438]]}}, {"type": "Feature", "properties": {"segment_id": 515185, "physicalid": "37314", "street_name": "PELHAM PKWY S", "borough": "bronx", "direction": "FT", "total_row_ft": 83.4, "roadbed_ft": 29.2, "median_ft": 23.3, "left_sw_ft": 21.7, "right_sw_ft": 9.2}, "geometry": {"type": "LineString", "coordinates": [[-73.84401653479236, 40.857273150433244], [-73.8440449948773, 40.85710517431843]]}}, {"type": "Feature", "properties": {"segment_id": 515186, "physicalid": "37314", "street_name": "PELHAM PKWY S", "borough": "bronx", "direction": "FT", "total_row_ft": 82.2, "roadbed_ft": 29.8, "median_ft": 21.5, "left_sw_ft": 21.5, "right_sw_ft": 9.4}, "geometry": {"type": "LineString", "coordinates": [[-73.84394604514883, 40.85725895154049], [-73.84397403085023, 40.85709377633729]]}}, {"type": "Feature", "properties": {"segment_id": 515187, "physicalid": "37314", "street_name": "PELHAM PKWY S", "borough": "bronx", "direction": "FT", "total_row_ft": 150.0, "roadbed_ft": 120.0, "median_ft": 0.0, "left_sw_ft": 15.0, "right_sw_ft": 15.0}, "geometry": {"type": "LineString", "coordinates": [[-73.84386449793188, 40.85731001537025], [-73.8439198464405, 40.85698334321782]]}}, {"type": "Feature", "properties": {"segment_id": 515188, "physicalid": "37315", "street_name": "PELHAM PKWY S", "borough": "bronx", "direction": "FT", "total_row_ft": 150.0, "roadbed_ft": 120.0, "median_ft": 0.0, "left_sw_ft": 15.0, "right_sw_ft": 15.0}, "geometry": {"type": "LineString", "coordinates": [[-73.84369720179461, 40.857290208993234], [-73.8437837541195, 40.856967467372165]]}}, {"type": "Feature", "properties": {"segment_id": 515189, "physicalid": "37315", "street_name": "PELHAM PKWY S", "borough": "bronx", "direction": "FT", "total_row_ft": 101.1, "roadbed_ft": 38.2, "median_ft": 10.6, "left_sw_ft": 10.6, "right_sw_ft": 41.6}, "geometry": {"type": "LineString", "coordinates": [[-73.84364768162555, 40.85719973631019], [-73.8437129085631, 40.85695651476939]]}}, {"type": "Feature", "properties": {"segment_id": 515190, "physicalid": "37315", "street_name": "PELHAM PKWY S", "borough": "bronx", "direction": "FT", "total_row_ft": 75.0, "roadbed_ft": 26.4, "median_ft": 22.3, "left_sw_ft": 15.6, "right_sw_ft": 10.8}, "geometry": {"type": "LineString", "coordinates": [[-73.8435722099529, 40.85720603274643], [-73.8436150529456, 40.85704627852909]]}}, {"type": "Feature", "properties": {"segment_id": 515191, "physicalid": "37315", "street_name": "PELHAM PKWY S", "borough": "bronx", "direction": "FT", "total_row_ft": 74.7, "roadbed_ft": 26.2, "median_ft": 23.0, "left_sw_ft": 16.2, "right_sw_ft": 9.4}, "geometry": {"type": "LineString", "coordinates": [[-73.84350089150665, 40.85719684251074], [-73.84354309538689, 40.85703947207393]]}}, {"type": "Feature", "properties": {"segment_id": 515192, "physicalid": "37315", "street_name": "PELHAM PKWY S", "borough": "bronx", "direction": "FT", "total_row_ft": 74.7, "roadbed_ft": 25.9, "median_ft": 23.2, "left_sw_ft": 16.2, "right_sw_ft": 9.4}, "geometry": {"type": "LineString", "coordinates": [[-73.84342997001374, 40.85718617214864], [-73.84347216674918, 40.857028828979594]]}}, {"type": "Feature", "properties": {"segment_id": 515193, "physicalid": "37315", "street_name": "PELHAM PKWY S", "borough": "bronx", "direction": "FT", "total_row_ft": 74.7, "roadbed_ft": 25.8, "median_ft": 23.3, "left_sw_ft": 16.2, "right_sw_ft": 9.3}, "geometry": {"type": "LineString", "coordinates": [[-73.84335904868836, 40.85717550120309], [-73.84340123817015, 40.857018185707496]]}}, {"type": "Feature", "properties": {"segment_id": 515194, "physicalid": "37315", "street_name": "PELHAM PKWY S", "borough": "bronx", "direction": "FT", "total_row_ft": 74.6, "roadbed_ft": 25.7, "median_ft": 23.5, "left_sw_ft": 16.1, "right_sw_ft": 9.2}, "geometry": {"type": "LineString", "coordinates": [[-73.84328812752504, 40.85716482969457], [-73.84333030963539, 40.8570075423113]]}}, {"type": "Feature", "properties": {"segment_id": 515195, "physicalid": "37315", "street_name": "PELHAM PKWY S", "borough": "bronx", "direction": "FT", "total_row_ft": 74.6, "roadbed_ft": 25.7, "median_ft": 23.6, "left_sw_ft": 16.1, "right_sw_ft": 9.2}, "geometry": {"type": "LineString", "coordinates": [[-73.84321720743606, 40.8571541542214], [-73.84325938112333, 40.856996898871465]]}}, {"type": "Feature", "properties": {"segment_id": 515196, "physicalid": "37315", "street_name": "PELHAM PKWY S", "borough": "bronx", "direction": "FT", "total_row_ft": 46.0, "roadbed_ft": 25.9, "median_ft": 5.5, "left_sw_ft": 5.5, "right_sw_ft": 9.1}, "geometry": {"type": "LineString", "coordinates": [[-73.84315927806577, 40.857095039855366], [-73.84318845264188, 40.85698625535854]]}}, {"type": "Feature", "properties": {"segment_id": 515197, "physicalid": "37315", "street_name": "PELHAM PKWY S", "borough": "bronx", "direction": "FT", "total_row_ft": 46.1, "roadbed_ft": 26.0, "median_ft": 5.5, "left_sw_ft": 5.5, "right_sw_ft": 9.0}, "geometry": {"type": "LineString", "coordinates": [[-73.84308828177079, 40.85708464880831], [-73.84311752419981, 40.85697561173984]]}}, {"type": "Feature", "properties": {"segment_id": 515198, "physicalid": "37315", "street_name": "PELHAM PKWY S", "borough": "bronx", "direction": "FT", "total_row_ft": 46.2, "roadbed_ft": 26.2, "median_ft": 5.6, "left_sw_ft": 5.6, "right_sw_ft": 8.9}, "geometry": {"type": "LineString", "coordinates": [[-73.84301728549802, 40.857074257717535], [-73.84304659578044, 40.85696496807752]]}}, {"type": "Feature", "properties": {"segment_id": 515199, "physicalid": "37315", "street_name": "PELHAM PKWY S", "borough": "bronx", "direction": "FT", "total_row_ft": 46.3, "roadbed_ft": 26.1, "median_ft": 5.6, "left_sw_ft": 5.6, "right_sw_ft": 9.0}, "geometry": {"type": "LineString", "coordinates": [[-73.84294628924742, 40.85706386658306], [-73.84297566738327, 40.85695432437336]]}}, {"type": "Feature", "properties": {"segment_id": 515200, "physicalid": "37315", "street_name": "PELHAM PKWY S", "borough": "bronx", "direction": "FT", "total_row_ft": 46.4, "roadbed_ft": 26.1, "median_ft": 5.6, "left_sw_ft": 5.6, "right_sw_ft": 9.1}, "geometry": {"type": "LineString", "coordinates": [[-73.84287531382674, 40.85705339781957], [-73.84290473898352, 40.856943680719915]]}}, {"type": "Feature", "properties": {"segment_id": 515201, "physicalid": "37315", "street_name": "PELHAM PKWY S", "borough": "bronx", "direction": "FT", "total_row_ft": 46.3, "roadbed_ft": 26.0, "median_ft": 5.5, "left_sw_ft": 5.5, "right_sw_ft": 9.2}, "geometry": {"type": "LineString", "coordinates": [[-73.84280442451978, 40.85704260800666], [-73.84283381060646, 40.856933037022856]]}}, {"type": "Feature", "properties": {"segment_id": 515202, "physicalid": "37315", "street_name": "PELHAM PKWY S", "borough": "bronx", "direction": "FT", "total_row_ft": 46.2, "roadbed_ft": 25.9, "median_ft": 5.5, "left_sw_ft": 5.5, "right_sw_ft": 9.3}, "geometry": {"type": "LineString", "coordinates": [[-73.84273353523584, 40.85703181815019], [-73.84276290533032, 40.85692230723134]]}}, {"type": "Feature", "properties": {"segment_id": 515203, "physicalid": "37315", "street_name": "PELHAM PKWY S", "borough": "bronx", "direction": "FT", "total_row_ft": 46.2, "roadbed_ft": 25.8, "median_ft": 5.4, "left_sw_ft": 5.4, "right_sw_ft": 9.6}, "geometry": {"type": "LineString", "coordinates": [[-73.84266264597488, 40.85702102825016], [-73.84269208767041, 40.85691125079161]]}}, {"type": "Feature", "properties": {"segment_id": 515204, "physicalid": "37315", "street_name": "PELHAM PKWY S", "borough": "bronx", "direction": "FT", "total_row_ft": 46.3, "roadbed_ft": 25.8, "median_ft": 5.4, "left_sw_ft": 5.4, "right_sw_ft": 9.7}, "geometry": {"type": "LineString", "coordinates": [[-73.84259175673692, 40.85701023830653], [-73.84262127008412, 40.856900194121785]]}}, {"type": "Feature", "properties": {"segment_id": 515205, "physicalid": "37315", "street_name": "PELHAM PKWY S", "borough": "bronx", "direction": "FT", "total_row_ft": 46.4, "roadbed_ft": 26.0, "median_ft": 5.3, "left_sw_ft": 5.3, "right_sw_ft": 9.7}, "geometry": {"type": "LineString", "coordinates": [[-73.84252086752198, 40.85699944831933], [-73.84255045252138, 40.856889137408494]]}}, {"type": "Feature", "properties": {"segment_id": 515206, "physicalid": "37315", "street_name": "PELHAM PKWY S", "borough": "bronx", "direction": "FT", "total_row_ft": 46.4, "roadbed_ft": 26.1, "median_ft": 5.3, "left_sw_ft": 5.3, "right_sw_ft": 9.7}, "geometry": {"type": "LineString", "coordinates": [[-73.84244997833004, 40.856988658288536], [-73.84247963499651, 40.8568780805982]]}}, {"type": "Feature", "properties": {"segment_id": 515207, "physicalid": "37315", "street_name": "PELHAM PKWY S", "borough": "bronx", "direction": "FT", "total_row_ft": 46.5, "roadbed_ft": 26.2, "median_ft": 5.2, "left_sw_ft": 5.2, "right_sw_ft": 9.7}, "geometry": {"type": "LineString", "coordinates": [[-73.84237909492259, 40.85697784673197], [-73.84240881750631, 40.85686702370294]]}}, {"type": "Feature", "properties": {"segment_id": 515208, "physicalid": "37315", "street_name": "PELHAM PKWY S", "borough": "bronx", "direction": "FT", "total_row_ft": 46.5, "roadbed_ft": 26.4, "median_ft": 5.2, "left_sw_ft": 5.2, "right_sw_ft": 9.7}, "geometry": {"type": "LineString", "coordinates": [[-73.84230821275044, 40.8569670306119], [-73.84233800003966, 40.8568559667642]]}}, {"type": "Feature", "properties": {"segment_id": 515209, "physicalid": "37315", "street_name": "PELHAM PKWY S", "borough": "bronx", "direction": "FT", "total_row_ft": 46.5, "roadbed_ft": 26.4, "median_ft": 5.1, "left_sw_ft": 5.1, "right_sw_ft": 9.8}, "geometry": {"type": "LineString", "coordinates": [[-73.84223733060135, 40.85695621444828], [-73.84226718259656, 40.856844909781984]]}}, {"type": "Feature", "properties": {"segment_id": 515210, "physicalid": "37315", "street_name": "PELHAM PKWY S", "borough": "bronx", "direction": "FT", "total_row_ft": 46.6, "roadbed_ft": 26.3, "median_ft": 5.1, "left_sw_ft": 5.1, "right_sw_ft": 10.1}, "geometry": {"type": "LineString", "coordinates": [[-73.84216644847531, 40.85694539824106], [-73.84219636518213, 40.856833852737104]]}}, {"type": "Feature", "properties": {"segment_id": 515211, "physicalid": "37315", "street_name": "PELHAM PKWY S", "borough": "bronx", "direction": "FT", "total_row_ft": 46.6, "roadbed_ft": 26.2, "median_ft": 5.1, "left_sw_ft": 5.1, "right_sw_ft": 10.3}, "geometry": {"type": "LineString", "coordinates": [[-73.84209556638046, 40.856934581959926], [-73.84212554779184, 40.8568227956466]]}}, {"type": "Feature", "properties": {"segment_id": 515212, "physicalid": "37315", "street_name": "PELHAM PKWY S", "borough": "bronx", "direction": "FT", "total_row_ft": 46.7, "roadbed_ft": 26.0, "median_ft": 5.0, "left_sw_ft": 5.0, "right_sw_ft": 10.5}, "geometry": {"type": "LineString", "coordinates": [[-73.84202468387646, 40.8569237672468], [-73.84205471289101, 40.85681180388864]]}}, {"type": "Feature", "properties": {"segment_id": 515213, "physicalid": "37315", "street_name": "PELHAM PKWY S", "borough": "bronx", "direction": "FT", "total_row_ft": 46.7, "roadbed_ft": 26.0, "median_ft": 5.0, "left_sw_ft": 5.0, "right_sw_ft": 10.6}, "geometry": {"type": "LineString", "coordinates": [[-73.84195380009139, 40.8569129573524], [-73.84198383927901, 40.856800956508955]]}}, {"type": "Feature", "properties": {"segment_id": 515214, "physicalid": "37315", "street_name": "PELHAM PKWY S", "borough": "bronx", "direction": "FT", "total_row_ft": 46.6, "roadbed_ft": 26.0, "median_ft": 5.0, "left_sw_ft": 5.0, "right_sw_ft": 10.6}, "geometry": {"type": "LineString", "coordinates": [[-73.84188291632937, 40.85690214741443], [-73.84191296565461, 40.856790109218096]]}}, {"type": "Feature", "properties": {"segment_id": 515215, "physicalid": "37315", "street_name": "PELHAM PKWY S", "borough": "bronx", "direction": "FT", "total_row_ft": 46.6, "roadbed_ft": 26.1, "median_ft": 5.0, "left_sw_ft": 5.0, "right_sw_ft": 10.6}, "geometry": {"type": "LineString", "coordinates": [[-73.8418120325904, 40.85689133743289], [-73.84184209203931, 40.85677926193598]]}}, {"type": "Feature", "properties": {"segment_id": 515216, "physicalid": "37315", "street_name": "PELHAM PKWY S", "borough": "bronx", "direction": "FT", "total_row_ft": 46.7, "roadbed_ft": 26.1, "median_ft": 5.0, "left_sw_ft": 5.0, "right_sw_ft": 10.7}, "geometry": {"type": "LineString", "coordinates": [[-73.84174114887445, 40.85688052740781], [-73.84177121844714, 40.85676841461035]]}}, {"type": "Feature", "properties": {"segment_id": 515217, "physicalid": "37315", "street_name": "PELHAM PKWY S", "borough": "bronx", "direction": "FT", "total_row_ft": 46.7, "roadbed_ft": 26.0, "median_ft": 5.0, "left_sw_ft": 5.0, "right_sw_ft": 10.7}, "geometry": {"type": "LineString", "coordinates": [[-73.84167026518156, 40.85686971733913], [-73.84170034487806, 40.856757567241125]]}}, {"type": "Feature", "properties": {"segment_id": 515218, "physicalid": "37315", "street_name": "PELHAM PKWY S", "borough": "bronx", "direction": "FT", "total_row_ft": 46.8, "roadbed_ft": 26.0, "median_ft": 5.1, "left_sw_ft": 5.1, "right_sw_ft": 10.7}, "geometry": {"type": "LineString", "coordinates": [[-73.84159937132438, 40.85685894520939], [-73.84162947133213, 40.85674671982836]]}}, {"type": "Feature", "properties": {"segment_id": 515219, "physicalid": "37315", "street_name": "PELHAM PKWY S", "borough": "bronx", "direction": "FT", "total_row_ft": 47.0, "roadbed_ft": 25.9, "median_ft": 5.2, "left_sw_ft": 5.2, "right_sw_ft": 10.7}, "geometry": {"type": "LineString", "coordinates": [[-73.84152844165631, 40.856848306638895], [-73.84155859780928, 40.85673587237203]]}}, {"type": "Feature", "properties": {"segment_id": 515220, "physicalid": "37315", "street_name": "PELHAM PKWY S", "borough": "bronx", "direction": "FT", "total_row_ft": 47.2, "roadbed_ft": 25.9, "median_ft": 5.3, "left_sw_ft": 5.3, "right_sw_ft": 10.7}, "geometry": {"type": "LineString", "coordinates": [[-73.84145751201093, 40.85683766802475], [-73.84148772430957, 40.85672502487214]]}}, {"type": "Feature", "properties": {"segment_id": 515221, "physicalid": "37315", "street_name": "PELHAM PKWY S", "borough": "bronx", "direction": "FT", "total_row_ft": 47.3, "roadbed_ft": 25.9, "median_ft": 5.4, "left_sw_ft": 5.4, "right_sw_ft": 10.6}, "geometry": {"type": "LineString", "coordinates": [[-73.84138658238824, 40.85682702936702], [-73.841416850833, 40.85671417732868]]}}, {"type": "Feature", "properties": {"segment_id": 515222, "physicalid": "37315", "street_name": "PELHAM PKWY S", "borough": "bronx", "direction": "FT", "total_row_ft": 47.5, "roadbed_ft": 26.1, "median_ft": 5.4, "left_sw_ft": 5.4, "right_sw_ft": 10.5}, "geometry": {"type": "LineString", "coordinates": [[-73.84131565278824, 40.85681639066563], [-73.84134597737952, 40.85670332974168]]}}, {"type": "Feature", "properties": {"segment_id": 515223, "physicalid": "37315", "street_name": "PELHAM PKWY S", "borough": "bronx", "direction": "FT", "total_row_ft": 47.6, "roadbed_ft": 26.3, "median_ft": 5.5, "left_sw_ft": 5.5, "right_sw_ft": 10.3}, "geometry": {"type": "LineString", "coordinates": [[-73.84124472321093, 40.856805751920625], [-73.84127510394097, 40.85669248214161]]}}, {"type": "Feature", "properties": {"segment_id": 515224, "physicalid": "37315", "street_name": "PELHAM PKWY S", "borough": "bronx", "direction": "FT", "total_row_ft": 47.7, "roadbed_ft": 26.5, "median_ft": 5.5, "left_sw_ft": 5.5, "right_sw_ft": 10.2}, "geometry": {"type": "LineString", "coordinates": [[-73.84117379365632, 40.85679511313201], [-73.84120423048297, 40.8566816346568]]}}, {"type": "Feature", "properties": {"segment_id": 515225, "physicalid": "37315", "street_name": "PELHAM PKWY S", "borough": "bronx", "direction": "FT", "total_row_ft": 47.9, "roadbed_ft": 26.7, "median_ft": 5.6, "left_sw_ft": 5.6, "right_sw_ft": 10.1}, "geometry": {"type": "LineString", "coordinates": [[-73.8411028641244, 40.856784474299744], [-73.84113342066144, 40.856670549957464]]}}, {"type": "Feature", "properties": {"segment_id": 515226, "physicalid": "37315", "street_name": "PELHAM PKWY S", "borough": "bronx", "direction": "FT", "total_row_ft": 47.7, "roadbed_ft": 26.9, "median_ft": 5.4, "left_sw_ft": 5.4, "right_sw_ft": 10.1}, "geometry": {"type": "LineString", "coordinates": [[-73.84103210613007, 40.8567731959662], [-73.84106265251917, 40.85665930990963]]}}, {"type": "Feature", "properties": {"segment_id": 515227, "physicalid": "37315", "street_name": "PELHAM PKWY S", "borough": "bronx", "direction": "FT", "total_row_ft": 47.5, "roadbed_ft": 27.1, "median_ft": 5.2, "left_sw_ft": 5.2, "right_sw_ft": 10.1}, "geometry": {"type": "LineString", "coordinates": [[-73.84096134939492, 40.85676191298425], [-73.84099188440082, 40.85664806981836]]}}, {"type": "Feature", "properties": {"segment_id": 515228, "physicalid": "37315", "street_name": "PELHAM PKWY S", "borough": "bronx", "direction": "FT", "total_row_ft": 47.5, "roadbed_ft": 27.1, "median_ft": 5.2, "left_sw_ft": 5.2, "right_sw_ft": 10.0}, "geometry": {"type": "LineString", "coordinates": [[-73.84089059268375, 40.85675062995886], [-73.8409211163064, 40.85663682968369]]}}, {"type": "Feature", "properties": {"segment_id": 515229, "physicalid": "37315", "street_name": "PELHAM PKWY S", "borough": "bronx", "direction": "FT", "total_row_ft": 47.5, "roadbed_ft": 27.1, "median_ft": 5.2, "left_sw_ft": 5.2, "right_sw_ft": 10.0}, "geometry": {"type": "LineString", "coordinates": [[-73.8408198359966, 40.85673934689006], [-73.84085034823589, 40.85662558950556]]}}, {"type": "Feature", "properties": {"segment_id": 515230, "physicalid": "37315", "street_name": "PELHAM PKWY S", "borough": "bronx", "direction": "FT", "total_row_ft": 47.5, "roadbed_ft": 27.1, "median_ft": 5.2, "left_sw_ft": 5.2, "right_sw_ft": 10.0}, "geometry": {"type": "LineString", "coordinates": [[-73.84074907933345, 40.85672806377787], [-73.8407795801893, 40.856614349284]]}}, {"type": "Feature", "properties": {"segment_id": 515231, "physicalid": "37315", "street_name": "PELHAM PKWY S", "borough": "bronx", "direction": "FT", "total_row_ft": 47.5, "roadbed_ft": 27.1, "median_ft": 5.2, "left_sw_ft": 5.2, "right_sw_ft": 10.0}, "geometry": {"type": "LineString", "coordinates": [[-73.8406783035815, 40.85671685187901], [-73.84070881216662, 40.85660310901903]]}}, {"type": "Feature", "properties": {"segment_id": 515232, "physicalid": "37315", "street_name": "PELHAM PKWY S", "borough": "bronx", "direction": "FT", "total_row_ft": 47.7, "roadbed_ft": 27.1, "median_ft": 5.3, "left_sw_ft": 5.3, "right_sw_ft": 10.0}, "geometry": {"type": "LineString", "coordinates": [[-73.8406074487087, 40.85670593500422], [-73.84063804416789, 40.85659186871063]]}}, {"type": "Feature", "properties": {"segment_id": 515233, "physicalid": "37315", "street_name": "PELHAM PKWY S", "borough": "bronx", "direction": "FT", "total_row_ft": 48.0, "roadbed_ft": 27.1, "median_ft": 5.5, "left_sw_ft": 5.5, "right_sw_ft": 9.9}, "geometry": {"type": "LineString", "coordinates": [[-73.84053659385914, 40.856695018085915], [-73.84056727619306, 40.85658062835876]]}}, {"type": "Feature", "properties": {"segment_id": 515234, "physicalid": "37315", "street_name": "PELHAM PKWY S", "borough": "bronx", "direction": "FT", "total_row_ft": 48.4, "roadbed_ft": 26.9, "median_ft": 5.8, "left_sw_ft": 5.8, "right_sw_ft": 9.9}, "geometry": {"type": "LineString", "coordinates": [[-73.84046573903288, 40.85668410112409], [-73.84049645495156, 40.85656958664076]]}}, {"type": "Feature", "properties": {"segment_id": 515235, "physicalid": "37315", "street_name": "PELHAM PKWY S", "borough": "bronx", "direction": "FT", "total_row_ft": 48.7, "roadbed_ft": 26.8, "median_ft": 6.1, "left_sw_ft": 6.1, "right_sw_ft": 9.8}, "geometry": {"type": "LineString", "coordinates": [[-73.84039488422987, 40.856673184118726], [-73.84042562968578, 40.85655855997013]]}}, {"type": "Feature", "properties": {"segment_id": 515236, "physicalid": "37315", "street_name": "PELHAM PKWY S", "borough": "bronx", "direction": "FT", "total_row_ft": 49.1, "roadbed_ft": 26.6, "median_ft": 6.4, "left_sw_ft": 6.4, "right_sw_ft": 9.7}, "geometry": {"type": "LineString", "coordinates": [[-73.8403240294501, 40.85666226706981], [-73.84035480444349, 40.85654753325599]]}}, {"type": "Feature", "properties": {"segment_id": 515237, "physicalid": "37315", "street_name": "PELHAM PKWY S", "borough": "bronx", "direction": "FT", "total_row_ft": 49.4, "roadbed_ft": 26.3, "median_ft": 6.7, "left_sw_ft": 6.7, "right_sw_ft": 9.6}, "geometry": {"type": "LineString", "coordinates": [[-73.8402531746936, 40.856651349977355], [-73.8402839792247, 40.85653650649836]]}}, {"type": "Feature", "properties": {"segment_id": 515238, "physicalid": "37315", "street_name": "PELHAM PKWY S", "borough": "bronx", "direction": "FT", "total_row_ft": 49.8, "roadbed_ft": 26.1, "median_ft": 7.0, "left_sw_ft": 7.0, "right_sw_ft": 9.6}, "geometry": {"type": "LineString", "coordinates": [[-73.84018232000662, 40.856640432668954], [-73.84021315402939, 40.85652547969721]]}}, {"type": "Feature", "properties": {"segment_id": 515239, "physicalid": "37315", "street_name": "PELHAM PKWY S", "borough": "bronx", "direction": "FT", "total_row_ft": 49.9, "roadbed_ft": 25.9, "median_ft": 7.2, "left_sw_ft": 7.2, "right_sw_ft": 9.6}, "geometry": {"type": "LineString", "coordinates": [[-73.8401115258011, 40.856629289922765], [-73.84014232885755, 40.85651445285258]]}}, {"type": "Feature", "properties": {"segment_id": 515240, "physicalid": "37315", "street_name": "PELHAM PKWY S", "borough": "bronx", "direction": "FT", "total_row_ft": 49.8, "roadbed_ft": 26.0, "median_ft": 7.1, "left_sw_ft": 7.1, "right_sw_ft": 9.5}, "geometry": {"type": "LineString", "coordinates": [[-73.8400407368781, 40.85661812752795], [-73.8400715037092, 40.856503425964455]]}}, {"type": "Feature", "properties": {"segment_id": 515254, "physicalid": "37316", "street_name": "PELHAM PKWY", "borough": "bronx", "direction": "TF", "total_row_ft": 106.4, "roadbed_ft": 79.5, "median_ft": 0.0, "left_sw_ft": 11.9, "right_sw_ft": 15.0}, "geometry": {"type": "LineString", "coordinates": [[-73.84641783372626, 40.858194991990956], [-73.8464626225768, 40.857946545691235]]}}, {"type": "Feature", "properties": {"segment_id": 515255, "physicalid": "37316", "street_name": "PELHAM PKWY", "borough": "bronx", "direction": "TF", "total_row_ft": 84.0, "roadbed_ft": 41.1, "median_ft": 0.0, "left_sw_ft": 12.1, "right_sw_ft": 30.9}, "geometry": {"type": "LineString", "coordinates": [[-73.84634969839874, 40.85816814783125], [-73.84639090212107, 40.85793958974056]]}}, {"type": "Feature", "properties": {"segment_id": 515256, "physicalid": "37316", "street_name": "PELHAM PKWY", "borough": "bronx", "direction": "TF", "total_row_ft": 66.2, "roadbed_ft": 40.9, "median_ft": 0.0, "left_sw_ft": 15.0, "right_sw_ft": 10.3}, "geometry": {"type": "LineString", "coordinates": [[-73.8462775404374, 40.85816361738234], [-73.84633339681288, 40.857853782147785]]}}, {"type": "Feature", "properties": {"segment_id": 515257, "physicalid": "37316", "street_name": "PELHAM PKWY", "borough": "bronx", "direction": "TF", "total_row_ft": 65.8, "roadbed_ft": 41.0, "median_ft": 0.0, "left_sw_ft": 15.0, "right_sw_ft": 9.9}, "geometry": {"type": "LineString", "coordinates": [[-73.84620608204936, 40.85815520645239], [-73.84626176448526, 40.85784633790067]]}}, {"type": "Feature", "properties": {"segment_id": 515258, "physicalid": "37316", "street_name": "PELHAM PKWY", "borough": "bronx", "direction": "TF", "total_row_ft": 65.4, "roadbed_ft": 41.0, "median_ft": 0.0, "left_sw_ft": 15.0, "right_sw_ft": 9.4}, "geometry": {"type": "LineString", "coordinates": [[-73.8461346699103, 40.85814653903962], [-73.84619013217372, 40.857838893609085]]}}, {"type": "Feature", "properties": {"segment_id": 515259, "physicalid": "37316", "street_name": "PELHAM PKWY", "borough": "bronx", "direction": "TF", "total_row_ft": 65.0, "roadbed_ft": 41.1, "median_ft": 0.0, "left_sw_ft": 15.0, "right_sw_ft": 8.9}, "geometry": {"type": "LineString", "coordinates": [[-73.84606325778988, 40.85813787158263], [-73.84611849987817, 40.85783144927302]]}}, {"type": "Feature", "properties": {"segment_id": 515260, "physicalid": "37316", "street_name": "PELHAM PKWY", "borough": "bronx", "direction": "TF", "total_row_ft": 64.6, "roadbed_ft": 41.2, "median_ft": 0.0, "left_sw_ft": 15.0, "right_sw_ft": 8.4}, "geometry": {"type": "LineString", "coordinates": [[-73.84599184568806, 40.85812920408142], [-73.84604686759866, 40.85782400489245]]}}, {"type": "Feature", "properties": {"segment_id": 515261, "physicalid": "37316", "street_name": "PELHAM PKWY", "borough": "bronx", "direction": "TF", "total_row_ft": 64.5, "roadbed_ft": 41.3, "median_ft": 0.0, "left_sw_ft": 15.0, "right_sw_ft": 8.2}, "geometry": {"type": "LineString", "coordinates": [[-73.84592043360485, 40.858120536535985], [-73.8459752353352, 40.85781656046741]]}}, {"type": "Feature", "properties": {"segment_id": 515262, "physicalid": "37316", "street_name": "PELHAM PKWY", "borough": "bronx", "direction": "TF", "total_row_ft": 64.6, "roadbed_ft": 41.3, "median_ft": 0.0, "left_sw_ft": 15.0, "right_sw_ft": 8.2}, "geometry": {"type": "LineString", "coordinates": [[-73.84584902154025, 40.858111868946345], [-73.84590360308779, 40.857809115997895]]}}, {"type": "Feature", "properties": {"segment_id": 515263, "physicalid": "37316", "street_name": "PELHAM PKWY", "borough": "bronx", "direction": "TF", "total_row_ft": 64.6, "roadbed_ft": 41.4, "median_ft": 0.0, "left_sw_ft": 15.0, "right_sw_ft": 8.2}, "geometry": {"type": "LineString", "coordinates": [[-73.84577735304626, 40.858104623763374], [-73.84583197085641, 40.857801671483884]]}}, {"type": "Feature", "properties": {"segment_id": 515264, "physicalid": "37316", "street_name": "PELHAM PKWY", "borough": "bronx", "direction": "TF", "total_row_ft": 64.7, "roadbed_ft": 41.5, "median_ft": 0.0, "left_sw_ft": 15.0, "right_sw_ft": 8.2}, "geometry": {"type": "LineString", "coordinates": [[-73.84570564593459, 40.85809759282346], [-73.84576033864106, 40.857794226925385]]}}, {"type": "Feature", "properties": {"segment_id": 515265, "physicalid": "37316", "street_name": "PELHAM PKWY", "borough": "bronx", "direction": "TF", "total_row_ft": 64.7, "roadbed_ft": 41.5, "median_ft": 0.0, "left_sw_ft": 15.0, "right_sw_ft": 8.2}, "geometry": {"type": "LineString", "coordinates": [[-73.84563393883806, 40.858090561838985], [-73.84568870644175, 40.857786782322414]]}}, {"type": "Feature", "properties": {"segment_id": 515266, "physicalid": "37316", "street_name": "PELHAM PKWY", "borough": "bronx", "direction": "TF", "total_row_ft": 64.8, "roadbed_ft": 41.6, "median_ft": 0.0, "left_sw_ft": 15.0, "right_sw_ft": 8.2}, "geometry": {"type": "LineString", "coordinates": [[-73.84556223175672, 40.85808353080993], [-73.84561707425846, 40.85777933767494]]}}, {"type": "Feature", "properties": {"segment_id": 515267, "physicalid": "37316", "street_name": "PELHAM PKWY", "borough": "bronx", "direction": "TF", "total_row_ft": 64.9, "roadbed_ft": 41.7, "median_ft": 0.0, "left_sw_ft": 15.0, "right_sw_ft": 8.2}, "geometry": {"type": "LineString", "coordinates": [[-73.84549052469052, 40.858076499736285], [-73.84554544209122, 40.85777189298298]]}}, {"type": "Feature", "properties": {"segment_id": 515268, "physicalid": "37316", "street_name": "PELHAM PKWY", "borough": "bronx", "direction": "TF", "total_row_ft": 65.0, "roadbed_ft": 41.8, "median_ft": 0.0, "left_sw_ft": 15.0, "right_sw_ft": 8.2}, "geometry": {"type": "LineString", "coordinates": [[-73.8454188025446, 40.85806955234314], [-73.84547380994, 40.857764448246556]]}}, {"type": "Feature", "properties": {"segment_id": 515269, "physicalid": "37316", "street_name": "PELHAM PKWY", "borough": "bronx", "direction": "TF", "total_row_ft": 65.1, "roadbed_ft": 41.9, "median_ft": 0.0, "left_sw_ft": 15.0, "right_sw_ft": 8.2}, "geometry": {"type": "LineString", "coordinates": [[-73.84534706813066, 40.85806267303349], [-73.84540217780484, 40.85775700346565]]}}, {"type": "Feature", "properties": {"segment_id": 515270, "physicalid": "37316", "street_name": "PELHAM PKWY", "borough": "bronx", "direction": "TF", "total_row_ft": 65.1, "roadbed_ft": 41.9, "median_ft": 0.0, "left_sw_ft": 15.0, "right_sw_ft": 8.2}, "geometry": {"type": "LineString", "coordinates": [[-73.84527533373158, 40.85805579367921], [-73.84533054568571, 40.85774955864026]]}}, {"type": "Feature", "properties": {"segment_id": 515271, "physicalid": "37316", "street_name": "PELHAM PKWY", "borough": "bronx", "direction": "TF", "total_row_ft": 64.9, "roadbed_ft": 41.7, "median_ft": 0.0, "left_sw_ft": 15.0, "right_sw_ft": 8.2}, "geometry": {"type": "LineString", "coordinates": [[-73.8452035993473, 40.85804891428036], [-73.84525891358261, 40.85774211377037]]}}, {"type": "Feature", "properties": {"segment_id": 515272, "physicalid": "37316", "street_name": "PELHAM PKWY", "borough": "bronx", "direction": "TF", "total_row_ft": 64.8, "roadbed_ft": 41.5, "median_ft": 0.0, "left_sw_ft": 15.0, "right_sw_ft": 8.2}, "geometry": {"type": "LineString", "coordinates": [[-73.84513193594081, 40.85804164124509], [-73.84518728149555, 40.85773466885599]]}}, {"type": "Feature", "properties": {"segment_id": 515273, "physicalid": "37316", "street_name": "PELHAM PKWY", "borough": "bronx", "direction": "TF", "total_row_ft": 64.6, "roadbed_ft": 41.4, "median_ft": 0.0, "left_sw_ft": 15.0, "right_sw_ft": 8.2}, "geometry": {"type": "LineString", "coordinates": [[-73.84506027844263, 40.858034335482294], [-73.84511564942454, 40.857727223897136]]}}, {"type": "Feature", "properties": {"segment_id": 515274, "physicalid": "37316", "street_name": "PELHAM PKWY", "borough": "bronx", "direction": "TF", "total_row_ft": 64.5, "roadbed_ft": 41.3, "median_ft": 0.0, "left_sw_ft": 15.0, "right_sw_ft": 8.2}, "geometry": {"type": "LineString", "coordinates": [[-73.84498862096021, 40.85802702967495], [-73.84504401736955, 40.85771977889382]]}}, {"type": "Feature", "properties": {"segment_id": 515275, "physicalid": "37316", "street_name": "PELHAM PKWY", "borough": "bronx", "direction": "TF", "total_row_ft": 64.5, "roadbed_ft": 41.2, "median_ft": 0.0, "left_sw_ft": 15.0, "right_sw_ft": 8.2}, "geometry": {"type": "LineString", "coordinates": [[-73.84491696349352, 40.85801972382312], [-73.84497238533062, 40.85771233384599]]}}, {"type": "Feature", "properties": {"segment_id": 515276, "physicalid": "37316", "street_name": "PELHAM PKWY", "borough": "bronx", "direction": "TF", "total_row_ft": 64.4, "roadbed_ft": 41.2, "median_ft": 0.0, "left_sw_ft": 15.0, "right_sw_ft": 8.2}, "geometry": {"type": "LineString", "coordinates": [[-73.84484530604257, 40.85801241792676], [-73.84490075330768, 40.85770488875367]]}}, {"type": "Feature", "properties": {"segment_id": 515277, "physicalid": "37316", "street_name": "PELHAM PKWY", "borough": "bronx", "direction": "TF", "total_row_ft": 64.3, "roadbed_ft": 41.1, "median_ft": 0.0, "left_sw_ft": 15.0, "right_sw_ft": 8.2}, "geometry": {"type": "LineString", "coordinates": [[-73.84477374367444, 40.858005121678616], [-73.84482901277234, 40.857697439277466]]}}, {"type": "Feature", "properties": {"segment_id": 515278, "physicalid": "37316", "street_name": "PELHAM PKWY", "borough": "bronx", "direction": "TF", "total_row_ft": 64.2, "roadbed_ft": 41.0, "median_ft": 0.0, "left_sw_ft": 15.0, "right_sw_ft": 8.2}, "geometry": {"type": "LineString", "coordinates": [[-73.84470208732031, 40.85799781023117], [-73.84475737589413, 40.85769002125357]]}}, {"type": "Feature", "properties": {"segment_id": 515279, "physicalid": "37316", "street_name": "PELHAM PKWY", "borough": "bronx", "direction": "TF", "total_row_ft": 64.8, "roadbed_ft": 41.6, "median_ft": 0.0, "left_sw_ft": 15.0, "right_sw_ft": 8.2}, "geometry": {"type": "LineString", "coordinates": [[-73.84463044775133, 40.85799040538575], [-73.84468573903187, 40.857682603185204]]}}, {"type": "Feature", "properties": {"segment_id": 515280, "physicalid": "37316", "street_name": "PELHAM PKWY", "borough": "bronx", "direction": "TF", "total_row_ft": 66.0, "roadbed_ft": 42.2, "median_ft": 0.0, "left_sw_ft": 15.0, "right_sw_ft": 8.8}, "geometry": {"type": "LineString", "coordinates": [[-73.8445588081983, 40.85798300049585], [-73.8446141021856, 40.8576751850723]]}}, {"type": "Feature", "properties": {"segment_id": 515281, "physicalid": "37316", "street_name": "PELHAM PKWY", "borough": "bronx", "direction": "TF", "total_row_ft": 67.3, "roadbed_ft": 43.0, "median_ft": 0.0, "left_sw_ft": 15.0, "right_sw_ft": 9.3}, "geometry": {"type": "LineString", "coordinates": [[-73.84448716866122, 40.857975595561456], [-73.84454246535533, 40.85766776691496]]}}, {"type": "Feature", "properties": {"segment_id": 515282, "physicalid": "37316", "street_name": "PELHAM PKWY", "borough": "bronx", "direction": "TF", "total_row_ft": 83.6, "roadbed_ft": 43.7, "median_ft": 0.0, "left_sw_ft": 15.0, "right_sw_ft": 24.8}, "geometry": {"type": "LineString", "coordinates": [[-73.8444155291401, 40.857968190582575], [-73.84447082854102, 40.85766034871311]]}}, {"type": "Feature", "properties": {"segment_id": 515283, "physicalid": "37316", "street_name": "PELHAM PKWY", "borough": "bronx", "direction": "TF", "total_row_ft": 83.7, "roadbed_ft": 44.5, "median_ft": 0.0, "left_sw_ft": 15.0, "right_sw_ft": 24.2}, "geometry": {"type": "LineString", "coordinates": [[-73.84434388963491, 40.857960785559186], [-73.8443991917427, 40.85765293046677]]}}, {"type": "Feature", "properties": {"segment_id": 515284, "physicalid": "37316", "street_name": "PELHAM PKWY", "borough": "bronx", "direction": "TF", "total_row_ft": 83.7, "roadbed_ft": 45.2, "median_ft": 0.0, "left_sw_ft": 15.0, "right_sw_ft": 23.5}, "geometry": {"type": "LineString", "coordinates": [[-73.84427228294702, 40.85795319789533], [-73.84432755496037, 40.857645512175935]]}}, {"type": "Feature", "properties": {"segment_id": 515285, "physicalid": "37316", "street_name": "PELHAM PKWY", "borough": "bronx", "direction": "TF", "total_row_ft": 83.7, "roadbed_ft": 45.7, "median_ft": 0.0, "left_sw_ft": 15.0, "right_sw_ft": 23.0}, "geometry": {"type": "LineString", "coordinates": [[-73.84420069038211, 40.857945531659574], [-73.844255918194, 40.857638093840606]]}}, {"type": "Feature", "properties": {"segment_id": 515286, "physicalid": "37316", "street_name": "PELHAM PKWY", "borough": "bronx", "direction": "TF", "total_row_ft": 83.9, "roadbed_ft": 46.1, "median_ft": 0.0, "left_sw_ft": 15.0, "right_sw_ft": 22.7}, "geometry": {"type": "LineString", "coordinates": [[-73.84412902827691, 40.8579382525784], [-73.84418428144362, 40.85763067546079]]}}, {"type": "Feature", "properties": {"segment_id": 515287, "physicalid": "37316", "street_name": "PELHAM PKWY", "borough": "bronx", "direction": "TF", "total_row_ft": 84.4, "roadbed_ft": 46.2, "median_ft": 0.0, "left_sw_ft": 15.0, "right_sw_ft": 23.2}, "geometry": {"type": "LineString", "coordinates": [[-73.84405718088473, 40.8579320049638], [-73.84411264470923, 40.85762325703651]]}}, {"type": "Feature", "properties": {"segment_id": 515288, "physicalid": "37316", "street_name": "PELHAM PKWY", "borough": "bronx", "direction": "TF", "total_row_ft": 84.9, "roadbed_ft": 46.1, "median_ft": 0.0, "left_sw_ft": 15.0, "right_sw_ft": 23.9}, "geometry": {"type": "LineString", "coordinates": [[-73.84398533350605, 40.857925757304464], [-73.8440410079908, 40.8576158385677]]}}, {"type": "Feature", "properties": {"segment_id": 515289, "physicalid": "37316", "street_name": "PELHAM PKWY", "borough": "bronx", "direction": "TF", "total_row_ft": 85.5, "roadbed_ft": 45.6, "median_ft": 0.0, "left_sw_ft": 15.0, "right_sw_ft": 24.9}, "geometry": {"type": "LineString", "coordinates": [[-73.84391348614086, 40.85791950960038], [-73.84396937128837, 40.85760842005442]]}}, {"type": "Feature", "properties": {"segment_id": 515290, "physicalid": "37316", "street_name": "PELHAM PKWY", "borough": "bronx", "direction": "TF", "total_row_ft": 86.4, "roadbed_ft": 45.3, "median_ft": 0.0, "left_sw_ft": 15.0, "right_sw_ft": 26.0}, "geometry": {"type": "LineString", "coordinates": [[-73.84384163878917, 40.85791326185152], [-73.8438977346019, 40.85760100149666]]}}, {"type": "Feature", "properties": {"segment_id": 515291, "physicalid": "37316", "street_name": "PELHAM PKWY", "borough": "bronx", "direction": "TF", "total_row_ft": 87.6, "roadbed_ft": 45.1, "median_ft": 0.0, "left_sw_ft": 15.0, "right_sw_ft": 27.5}, "geometry": {"type": "LineString", "coordinates": [[-73.843769791451, 40.85790701405794], [-73.84382609793143, 40.85759358289438]]}}, {"type": "Feature", "properties": {"segment_id": 515292, "physicalid": "37316", "street_name": "PELHAM PKWY", "borough": "bronx", "direction": "TF", "total_row_ft": 92.3, "roadbed_ft": 44.6, "median_ft": 0.0, "left_sw_ft": 18.5, "right_sw_ft": 29.2}, "geometry": {"type": "LineString", "coordinates": [[-73.8436979441263, 40.85790076621959], [-73.84375446127693, 40.85758616424765]]}}, {"type": "Feature", "properties": {"segment_id": 515293, "physicalid": "37316", "street_name": "PELHAM PKWY", "borough": "bronx", "direction": "TF", "total_row_ft": 131.1, "roadbed_ft": 86.7, "median_ft": 0.0, "left_sw_ft": 15.0, "right_sw_ft": 29.4}, "geometry": {"type": "LineString", "coordinates": [[-73.84362609681511, 40.8578945183365], [-73.84368282463842, 40.857578745556395]]}}, {"type": "Feature", "properties": {"segment_id": 515382, "physicalid": "37317", "street_name": "PELHAM PKWY", "borough": "bronx", "direction": "TF", "total_row_ft": 63.8, "roadbed_ft": 40.6, "median_ft": 0.0, "left_sw_ft": 15.0, "right_sw_ft": 8.1}, "geometry": {"type": "LineString", "coordinates": [[-73.85001166817655, 40.85820956824535], [-73.84996708729169, 40.85789130832899]]}}, {"type": "Feature", "properties": {"segment_id": 515383, "physicalid": "37317", "street_name": "PELHAM PKWY", "borough": "bronx", "direction": "TF", "total_row_ft": 63.6, "roadbed_ft": 40.5, "median_ft": 0.0, "left_sw_ft": 15.0, "right_sw_ft": 8.1}, "geometry": {"type": "LineString", "coordinates": [[-73.84993964620101, 40.85821446834603], [-73.84989519246834, 40.85789711370734]]}}, {"type": "Feature", "properties": {"segment_id": 515384, "physicalid": "37317", "street_name": "PELHAM PKWY", "borough": "bronx", "direction": "TF", "total_row_ft": 63.1, "roadbed_ft": 39.9, "median_ft": 0.0, "left_sw_ft": 15.0, "right_sw_ft": 8.1}, "geometry": {"type": "LineString", "coordinates": [[-73.84986749161175, 40.858218421746976], [-73.84982329763243, 40.85790291904084]]}}, {"type": "Feature", "properties": {"segment_id": 515385, "physicalid": "37317", "street_name": "PELHAM PKWY", "borough": "bronx", "direction": "TF", "total_row_ft": 63.2, "roadbed_ft": 40.1, "median_ft": 0.0, "left_sw_ft": 15.0, "right_sw_ft": 8.1}, "geometry": {"type": "LineString", "coordinates": [[-73.84979533701387, 40.858222375102805], [-73.84975140278397, 40.85790872432957]]}}, {"type": "Feature", "properties": {"segment_id": 515386, "physicalid": "37317", "street_name": "PELHAM PKWY", "borough": "bronx", "direction": "TF", "total_row_ft": 62.9, "roadbed_ft": 39.8, "median_ft": 0.0, "left_sw_ft": 15.0, "right_sw_ft": 8.1}, "geometry": {"type": "LineString", "coordinates": [[-73.84972320473278, 40.85822648779658], [-73.84967950792294, 40.85791452957349]]}}, {"type": "Feature", "properties": {"segment_id": 515387, "physicalid": "37317", "street_name": "PELHAM PKWY", "borough": "bronx", "direction": "TF", "total_row_ft": 63.2, "roadbed_ft": 40.1, "median_ft": 0.0, "left_sw_ft": 15.0, "right_sw_ft": 8.1}, "geometry": {"type": "LineString", "coordinates": [[-73.84965108349752, 40.858230679367246], [-73.84960761304939, 40.85792033477258]]}}, {"type": "Feature", "properties": {"segment_id": 515388, "physicalid": "37317", "street_name": "PELHAM PKWY", "borough": "bronx", "direction": "TF", "total_row_ft": 63.3, "roadbed_ft": 40.2, "median_ft": 0.0, "left_sw_ft": 15.0, "right_sw_ft": 8.2}, "geometry": {"type": "LineString", "coordinates": [[-73.84957871101622, 40.85823307725433], [-73.84953571816327, 40.85792613992688]]}}, {"type": "Feature", "properties": {"segment_id": 515389, "physicalid": "37317", "street_name": "PELHAM PKWY", "borough": "bronx", "direction": "TF", "total_row_ft": 63.7, "roadbed_ft": 40.6, "median_ft": 0.0, "left_sw_ft": 15.0, "right_sw_ft": 8.2}, "geometry": {"type": "LineString", "coordinates": [[-73.84950622391862, 40.8582346568547], [-73.84946382326461, 40.85793194503635]]}}, {"type": "Feature", "properties": {"segment_id": 515390, "physicalid": "37317", "street_name": "PELHAM PKWY", "borough": "bronx", "direction": "TF", "total_row_ft": 64.0, "roadbed_ft": 40.9, "median_ft": 0.0, "left_sw_ft": 15.0, "right_sw_ft": 8.2}, "geometry": {"type": "LineString", "coordinates": [[-73.84943373681762, 40.85823623640952], [-73.84939192835337, 40.85793775010106]]}}, {"type": "Feature", "properties": {"segment_id": 515391, "physicalid": "37317", "street_name": "PELHAM PKWY", "borough": "bronx", "direction": "TF", "total_row_ft": 64.4, "roadbed_ft": 41.2, "median_ft": 0.0, "left_sw_ft": 15.0, "right_sw_ft": 8.2}, "geometry": {"type": "LineString", "coordinates": [[-73.84936115509656, 40.8582371404135], [-73.84932003342962, 40.857943555120926]]}}, {"type": "Feature", "properties": {"segment_id": 515392, "physicalid": "37317", "street_name": "PELHAM PKWY", "borough": "bronx", "direction": "TF", "total_row_ft": 64.2, "roadbed_ft": 41.1, "median_ft": 0.0, "left_sw_ft": 15.0, "right_sw_ft": 8.1}, "geometry": {"type": "LineString", "coordinates": [[-73.8492652026471, 40.85823481426419], [-73.84927782794544, 40.857941594516745]]}}, {"type": "Feature", "properties": {"segment_id": 515393, "physicalid": "37317", "street_name": "PELHAM PKWY", "borough": "bronx", "direction": "TF", "total_row_ft": 64.2, "roadbed_ft": 41.1, "median_ft": 0.0, "left_sw_ft": 15.0, "right_sw_ft": 8.1}, "geometry": {"type": "LineString", "coordinates": [[-73.84919293881067, 40.858233062338755], [-73.84920556622276, 40.8579398009001]]}}, {"type": "Feature", "properties": {"segment_id": 515394, "physicalid": "37317", "street_name": "PELHAM PKWY", "borough": "bronx", "direction": "TF", "total_row_ft": 64.2, "roadbed_ft": 41.1, "median_ft": 0.0, "left_sw_ft": 15.0, "right_sw_ft": 8.1}, "geometry": {"type": "LineString", "coordinates": [[-73.8491206654061, 40.858231532661655], [-73.84913330450397, 40.8579380072382]]}}, {"type": "Feature", "properties": {"segment_id": 515395, "physicalid": "37317", "street_name": "PELHAM PKWY", "borough": "bronx", "direction": "TF", "total_row_ft": 64.2, "roadbed_ft": 41.0, "median_ft": 0.0, "left_sw_ft": 15.0, "right_sw_ft": 8.1}, "geometry": {"type": "LineString", "coordinates": [[-73.84904836777575, 40.85823056560999], [-73.84906104278907, 40.857936213531]]}}, {"type": "Feature", "properties": {"segment_id": 515396, "physicalid": "37317", "street_name": "PELHAM PKWY", "borough": "bronx", "direction": "TF", "total_row_ft": 64.2, "roadbed_ft": 41.0, "median_ft": 0.0, "left_sw_ft": 15.0, "right_sw_ft": 8.1}, "geometry": {"type": "LineString", "coordinates": [[-73.84897607014751, 40.858229598513056], [-73.84898878107808, 40.85793441977858]]}}, {"type": "Feature", "properties": {"segment_id": 515397, "physicalid": "37317", "street_name": "PELHAM PKWY", "borough": "bronx", "direction": "TF", "total_row_ft": 64.1, "roadbed_ft": 41.0, "median_ft": 0.0, "left_sw_ft": 15.0, "right_sw_ft": 8.1}, "geometry": {"type": "LineString", "coordinates": [[-73.84890377252137, 40.8582286313708], [-73.84891651937099, 40.857932625980894]]}}, {"type": "Feature", "properties": {"segment_id": 515398, "physicalid": "37317", "street_name": "PELHAM PKWY", "borough": "bronx", "direction": "TF", "total_row_ft": 64.1, "roadbed_ft": 41.0, "median_ft": 0.0, "left_sw_ft": 15.0, "right_sw_ft": 8.1}, "geometry": {"type": "LineString", "coordinates": [[-73.84883143053163, 40.858228694405604], [-73.84884425766779, 40.857930832137924]]}}, {"type": "Feature", "properties": {"segment_id": 515399, "physicalid": "37317", "street_name": "PELHAM PKWY", "borough": "bronx", "direction": "TF", "total_row_ft": 64.0, "roadbed_ft": 40.9, "median_ft": 0.0, "left_sw_ft": 15.0, "right_sw_ft": 8.1}, "geometry": {"type": "LineString", "coordinates": [[-73.84875902779672, 40.85823016792975], [-73.84877199596849, 40.857929038249715]]}}, {"type": "Feature", "properties": {"segment_id": 515400, "physicalid": "37317", "street_name": "PELHAM PKWY", "borough": "bronx", "direction": "TF", "total_row_ft": 63.8, "roadbed_ft": 40.7, "median_ft": 0.0, "left_sw_ft": 15.0, "right_sw_ft": 8.1}, "geometry": {"type": "LineString", "coordinates": [[-73.84868662505859, 40.85823164140843], [-73.8486997342731, 40.85792724431624]]}}, {"type": "Feature", "properties": {"segment_id": 515401, "physicalid": "37317", "street_name": "PELHAM PKWY", "borough": "bronx", "direction": "TF", "total_row_ft": 63.7, "roadbed_ft": 40.5, "median_ft": 0.0, "left_sw_ft": 15.0, "right_sw_ft": 8.1}, "geometry": {"type": "LineString", "coordinates": [[-73.84861422231727, 40.85823311484169], [-73.8486274725816, 40.85792545033749]]}}, {"type": "Feature", "properties": {"segment_id": 515402, "physicalid": "37317", "street_name": "PELHAM PKWY", "borough": "bronx", "direction": "TF", "total_row_ft": 63.5, "roadbed_ft": 40.4, "median_ft": 0.0, "left_sw_ft": 15.0, "right_sw_ft": 8.1}, "geometry": {"type": "LineString", "coordinates": [[-73.84854181957273, 40.8582345882295], [-73.84855521089399, 40.8579236563135]]}}, {"type": "Feature", "properties": {"segment_id": 515403, "physicalid": "37317", "street_name": "PELHAM PKWY", "borough": "bronx", "direction": "TF", "total_row_ft": 63.4, "roadbed_ft": 40.3, "median_ft": 0.0, "left_sw_ft": 15.0, "right_sw_ft": 8.2}, "geometry": {"type": "LineString", "coordinates": [[-73.84846934770069, 40.85823768759708], [-73.84848294821782, 40.85792186234255]]}}, {"type": "Feature", "properties": {"segment_id": 515404, "physicalid": "37317", "street_name": "PELHAM PKWY", "borough": "bronx", "direction": "TF", "total_row_ft": 63.3, "roadbed_ft": 40.2, "median_ft": 0.0, "left_sw_ft": 15.0, "right_sw_ft": 8.2}, "geometry": {"type": "LineString", "coordinates": [[-73.84839686747024, 40.85824096044899], [-73.84841068652725, 40.85792006847786]]}}, {"type": "Feature", "properties": {"segment_id": 515405, "physicalid": "37317", "street_name": "PELHAM PKWY", "borough": "bronx", "direction": "TF", "total_row_ft": 63.3, "roadbed_ft": 40.1, "median_ft": 0.0, "left_sw_ft": 15.0, "right_sw_ft": 8.2}, "geometry": {"type": "LineString", "coordinates": [[-73.84832438723267, 40.85824423325539], [-73.84833842484058, 40.85791827456792]]}}, {"type": "Feature", "properties": {"segment_id": 515406, "physicalid": "37317", "street_name": "PELHAM PKWY", "borough": "bronx", "direction": "TF", "total_row_ft": 62.7, "roadbed_ft": 40.0, "median_ft": 0.0, "left_sw_ft": 15.0, "right_sw_ft": 7.7}, "geometry": {"type": "LineString", "coordinates": [[-73.84825198611514, 40.858245668707895], [-73.8482661631578, 40.857916480612744]]}}, {"type": "Feature", "properties": {"segment_id": 515407, "physicalid": "37317", "street_name": "PELHAM PKWY", "borough": "bronx", "direction": "TF", "total_row_ft": 61.4, "roadbed_ft": 39.9, "median_ft": 0.0, "left_sw_ft": 15.0, "right_sw_ft": 6.5}, "geometry": {"type": "LineString", "coordinates": [[-73.84817972407897, 40.85824387469866], [-73.84819390147894, 40.85791468661227]]}}, {"type": "Feature", "properties": {"segment_id": 515408, "physicalid": "37317", "street_name": "PELHAM PKWY", "borough": "bronx", "direction": "TF", "total_row_ft": 60.1, "roadbed_ft": 39.8, "median_ft": 0.0, "left_sw_ft": 15.0, "right_sw_ft": 5.3}, "geometry": {"type": "LineString", "coordinates": [[-73.84810746204673, 40.85824208064419], [-73.84812163980394, 40.857912892566546]]}}, {"type": "Feature", "properties": {"segment_id": 515409, "physicalid": "37317", "street_name": "PELHAM PKWY", "borough": "bronx", "direction": "TF", "total_row_ft": 59.7, "roadbed_ft": 39.8, "median_ft": 0.0, "left_sw_ft": 15.0, "right_sw_ft": 5.0}, "geometry": {"type": "LineString", "coordinates": [[-73.84803520001836, 40.85824028654442], [-73.84804937813288, 40.85791109847557]]}}, {"type": "Feature", "properties": {"segment_id": 515410, "physicalid": "37317", "street_name": "PELHAM PKWY", "borough": "bronx", "direction": "TF", "total_row_ft": 61.5, "roadbed_ft": 39.7, "median_ft": 0.0, "left_sw_ft": 15.0, "right_sw_ft": 6.9}, "geometry": {"type": "LineString", "coordinates": [[-73.84796293799388, 40.85823849239941], [-73.8479771164657, 40.85790930433934]]}}, {"type": "Feature", "properties": {"segment_id": 515411, "physicalid": "37317", "street_name": "PELHAM PKWY", "borough": "bronx", "direction": "TF", "total_row_ft": 62.8, "roadbed_ft": 39.7, "median_ft": 0.0, "left_sw_ft": 15.0, "right_sw_ft": 8.1}, "geometry": {"type": "LineString", "coordinates": [[-73.84789068988123, 40.85823637531301], [-73.84790485480241, 40.85790751015782]]}}, {"type": "Feature", "properties": {"segment_id": 515412, "physicalid": "37317", "street_name": "PELHAM PKWY", "borough": "bronx", "direction": "TF", "total_row_ft": 62.8, "roadbed_ft": 39.7, "median_ft": 0.0, "left_sw_ft": 15.0, "right_sw_ft": 8.1}, "geometry": {"type": "LineString", "coordinates": [[-73.84781854429117, 40.85823187810553], [-73.84783259314304, 40.85790571593107]]}}, {"type": "Feature", "properties": {"segment_id": 515413, "physicalid": "37317", "street_name": "PELHAM PKWY", "borough": "bronx", "direction": "TF", "total_row_ft": 62.8, "roadbed_ft": 39.7, "median_ft": 0.0, "left_sw_ft": 15.0, "right_sw_ft": 8.1}, "geometry": {"type": "LineString", "coordinates": [[-73.8477463206699, 40.85822919262025], [-73.84776033148756, 40.857903921659044]]}}, {"type": "Feature", "properties": {"segment_id": 515414, "physicalid": "37317", "street_name": "PELHAM PKWY", "borough": "bronx", "direction": "TF", "total_row_ft": 62.8, "roadbed_ft": 39.7, "median_ft": 0.0, "left_sw_ft": 15.0, "right_sw_ft": 8.1}, "geometry": {"type": "LineString", "coordinates": [[-73.84767409705444, 40.85822650708976], [-73.84768806983598, 40.85790212734179]]}}, {"type": "Feature", "properties": {"segment_id": 515415, "physicalid": "37317", "street_name": "PELHAM PKWY", "borough": "bronx", "direction": "TF", "total_row_ft": 62.8, "roadbed_ft": 39.7, "median_ft": 0.0, "left_sw_ft": 15.0, "right_sw_ft": 8.1}, "geometry": {"type": "LineString", "coordinates": [[-73.84760187344482, 40.85822382151407], [-73.84761580818831, 40.85790033297925]]}}, {"type": "Feature", "properties": {"segment_id": 515416, "physicalid": "37317", "street_name": "PELHAM PKWY", "borough": "bronx", "direction": "TF", "total_row_ft": 62.8, "roadbed_ft": 39.6, "median_ft": 0.0, "left_sw_ft": 15.0, "right_sw_ft": 8.1}, "geometry": {"type": "LineString", "coordinates": [[-73.84752964984104, 40.85822113589316], [-73.84754354654451, 40.857898538571426]]}}, {"type": "Feature", "properties": {"segment_id": 515417, "physicalid": "37317", "street_name": "PELHAM PKWY", "borough": "bronx", "direction": "TF", "total_row_ft": 62.7, "roadbed_ft": 39.5, "median_ft": 0.0, "left_sw_ft": 15.0, "right_sw_ft": 8.1}, "geometry": {"type": "LineString", "coordinates": [[-73.84745742624307, 40.85821845022702], [-73.84747128490463, 40.85789674411836]]}}, {"type": "Feature", "properties": {"segment_id": 515418, "physicalid": "37317", "street_name": "PELHAM PKWY", "borough": "bronx", "direction": "TF", "total_row_ft": 62.6, "roadbed_ft": 39.4, "median_ft": 0.0, "left_sw_ft": 15.0, "right_sw_ft": 8.1}, "geometry": {"type": "LineString", "coordinates": [[-73.847385160484, 40.858216743323425], [-73.84739902326864, 40.85789494962006]]}}, {"type": "Feature", "properties": {"segment_id": 515419, "physicalid": "37317", "street_name": "PELHAM PKWY", "borough": "bronx", "direction": "TF", "total_row_ft": 62.5, "roadbed_ft": 39.3, "median_ft": 0.0, "left_sw_ft": 15.0, "right_sw_ft": 8.1}, "geometry": {"type": "LineString", "coordinates": [[-73.84731288961153, 40.85821515515236], [-73.84732676163657, 40.857893155076475]]}}, {"type": "Feature", "properties": {"segment_id": 515420, "physicalid": "37317", "street_name": "PELHAM PKWY", "borough": "bronx", "direction": "TF", "total_row_ft": 62.4, "roadbed_ft": 39.2, "median_ft": 0.0, "left_sw_ft": 15.0, "right_sw_ft": 8.1}, "geometry": {"type": "LineString", "coordinates": [[-73.84724061874255, 40.858213566935994], [-73.84725450000836, 40.85789136048763]]}}, {"type": "Feature", "properties": {"segment_id": 515421, "physicalid": "37317", "street_name": "PELHAM PKWY", "borough": "bronx", "direction": "TF", "total_row_ft": 62.2, "roadbed_ft": 39.1, "median_ft": 0.0, "left_sw_ft": 15.0, "right_sw_ft": 8.1}, "geometry": {"type": "LineString", "coordinates": [[-73.84716838289633, 40.85821116584364], [-73.8471822383841, 40.857889565853526]]}}, {"type": "Feature", "properties": {"segment_id": 515422, "physicalid": "37317", "street_name": "PELHAM PKWY", "borough": "bronx", "direction": "TF", "total_row_ft": 62.3, "roadbed_ft": 39.2, "median_ft": 0.0, "left_sw_ft": 15.0, "right_sw_ft": 8.1}, "geometry": {"type": "LineString", "coordinates": [[-73.84709615441757, 40.85820859382639], [-73.8471099767637, 40.85788777117418]]}}, {"type": "Feature", "properties": {"segment_id": 515423, "physicalid": "37317", "street_name": "PELHAM PKWY", "borough": "bronx", "direction": "TF", "total_row_ft": 62.6, "roadbed_ft": 39.5, "median_ft": 0.0, "left_sw_ft": 15.0, "right_sw_ft": 8.1}, "geometry": {"type": "LineString", "coordinates": [[-73.84702392594441, 40.858206021763905], [-73.84703771514721, 40.85788597644955]]}}, {"type": "Feature", "properties": {"segment_id": 515424, "physicalid": "37317", "street_name": "PELHAM PKWY", "borough": "bronx", "direction": "TF", "total_row_ft": 63.3, "roadbed_ft": 40.2, "median_ft": 0.0, "left_sw_ft": 15.0, "right_sw_ft": 8.1}, "geometry": {"type": "LineString", "coordinates": [[-73.84695173083928, 40.858202675341616], [-73.84696545353464, 40.85788418167968]]}}, {"type": "Feature", "properties": {"segment_id": 515425, "physicalid": "37317", "street_name": "PELHAM PKWY", "borough": "bronx", "direction": "TF", "total_row_ft": 63.8, "roadbed_ft": 40.7, "median_ft": 0.0, "left_sw_ft": 15.0, "right_sw_ft": 8.1}, "geometry": {"type": "LineString", "coordinates": [[-73.84687958795212, 40.85819811713909], [-73.84689319192593, 40.85788238686452]]}}, {"type": "Feature", "properties": {"segment_id": 515426, "physicalid": "37317", "street_name": "PELHAM PKWY", "borough": "bronx", "direction": "TF", "total_row_ft": 81.6, "roadbed_ft": 40.9, "median_ft": 0.0, "left_sw_ft": 15.0, "right_sw_ft": 25.6}, "geometry": {"type": "LineString", "coordinates": [[-73.84680744507482, 40.85819355889143], [-73.84682093032116, 40.85788059200412]]}}, {"type": "Feature", "properties": {"segment_id": 515427, "physicalid": "37317", "street_name": "PELHAM PKWY", "borough": "bronx", "direction": "TF", "total_row_ft": 82.3, "roadbed_ft": 41.2, "median_ft": 0.0, "left_sw_ft": 15.0, "right_sw_ft": 26.2}, "geometry": {"type": "LineString", "coordinates": [[-73.84673529409305, 40.85818918891176], [-73.84674866872028, 40.85787879709846]]}}, {"type": "Feature", "properties": {"segment_id": 515428, "physicalid": "37317", "street_name": "PELHAM PKWY", "borough": "bronx", "direction": "TF", "total_row_ft": 83.2, "roadbed_ft": 41.4, "median_ft": 0.0, "left_sw_ft": 15.0, "right_sw_ft": 26.7}, "geometry": {"type": "LineString", "coordinates": [[-73.84666313834924, 40.85818492961961], [-73.84667640712327, 40.85787700214754]]}}, {"type": "Feature", "properties": {"segment_id": 515429, "physicalid": "37317", "street_name": "PELHAM PKWY", "borough": "bronx", "direction": "TF", "total_row_ft": 80.4, "roadbed_ft": 41.7, "median_ft": 0.0, "left_sw_ft": 11.5, "right_sw_ft": 27.2}, "geometry": {"type": "LineString", "coordinates": [[-73.84659099155267, 40.85818046286458], [-73.84660049525252, 40.8579599170296]]}}, {"type": "Feature", "properties": {"segment_id": 566018, "physicalid": "40596", "street_name": "VAN NEST AVE", "borough": "bronx", "direction": "TF", "total_row_ft": 59.9, "roadbed_ft": 38.2, "median_ft": 0.0, "left_sw_ft": 10.3, "right_sw_ft": 11.4}, "geometry": {"type": "LineString", "coordinates": [[-73.84766822920207, 40.850074718075994], [-73.84756827953689, 40.84992893301962]]}}, {"type": "Feature", "properties": {"segment_id": 566019, "physicalid": "40596", "street_name": "VAN NEST AVE", "borough": "bronx", "direction": "TF", "total_row_ft": 59.7, "roadbed_ft": 37.7, "median_ft": 0.0, "left_sw_ft": 10.4, "right_sw_ft": 11.7}, "geometry": {"type": "LineString", "coordinates": [[-73.84760301446916, 40.850098473836276], [-73.84750330560274, 40.849953039794364]]}}, {"type": "Feature", "properties": {"segment_id": 566020, "physicalid": "40596", "street_name": "VAN NEST AVE", "borough": "bronx", "direction": "TF", "total_row_ft": 59.6, "roadbed_ft": 37.1, "median_ft": 0.0, "left_sw_ft": 10.6, "right_sw_ft": 11.9}, "geometry": {"type": "LineString", "coordinates": [[-73.84753779968968, 40.85012222955959], [-73.84743833162149, 40.84997714653242]]}}, {"type": "Feature", "properties": {"segment_id": 566021, "physicalid": "40596", "street_name": "VAN NEST AVE", "borough": "bronx", "direction": "TF", "total_row_ft": 59.4, "roadbed_ft": 36.6, "median_ft": 0.0, "left_sw_ft": 10.7, "right_sw_ft": 12.1}, "geometry": {"type": "LineString", "coordinates": [[-73.84747258466341, 40.85014598495392], [-73.84737335759317, 40.85000125323376]]}}, {"type": "Feature", "properties": {"segment_id": 566022, "physicalid": "40596", "street_name": "VAN NEST AVE", "borough": "bronx", "direction": "TF", "total_row_ft": 59.3, "roadbed_ft": 36.2, "median_ft": 0.0, "left_sw_ft": 10.9, "right_sw_ft": 12.3}, "geometry": {"type": "LineString", "coordinates": [[-73.84740736968484, 40.85016974044882], [-73.84730838351774, 40.85002535989841]]}}, {"type": "Feature", "properties": {"segment_id": 566023, "physicalid": "40596", "street_name": "VAN NEST AVE", "borough": "bronx", "direction": "TF", "total_row_ft": 58.7, "roadbed_ft": 36.4, "median_ft": 0.0, "left_sw_ft": 10.7, "right_sw_ft": 11.6}, "geometry": {"type": "LineString", "coordinates": [[-73.84734143404377, 40.85019244482229], [-73.8472434093952, 40.85004946652636]]}}, {"type": "Feature", "properties": {"segment_id": 566024, "physicalid": "40596", "street_name": "VAN NEST AVE", "borough": "bronx", "direction": "TF", "total_row_ft": 57.9, "roadbed_ft": 36.6, "median_ft": 0.0, "left_sw_ft": 10.6, "right_sw_ft": 10.8}, "geometry": {"type": "LineString", "coordinates": [[-73.84727508632979, 40.8502145481766], [-73.84717843522557, 40.850073573117626]]}}, {"type": "Feature", "properties": {"segment_id": 566025, "physicalid": "40596", "street_name": "VAN NEST AVE", "borough": "bronx", "direction": "TF", "total_row_ft": 57.1, "roadbed_ft": 36.8, "median_ft": 0.0, "left_sw_ft": 10.4, "right_sw_ft": 9.9}, "geometry": {"type": "LineString", "coordinates": [[-73.8472087385717, 40.85023665149267], [-73.84711346100886, 40.85009767967219]]}}, {"type": "Feature", "properties": {"segment_id": 566026, "physicalid": "40596", "street_name": "VAN NEST AVE", "borough": "bronx", "direction": "TF", "total_row_ft": 58.6, "roadbed_ft": 37.0, "median_ft": 0.0, "left_sw_ft": 10.2, "right_sw_ft": 11.3}, "geometry": {"type": "LineString", "coordinates": [[-73.84714622313861, 40.85026434465729], [-73.84704847344857, 40.85012176679572]]}}, {"type": "Feature", "properties": {"segment_id": 566027, "physicalid": "40596", "street_name": "VAN NEST AVE", "borough": "bronx", "direction": "TF", "total_row_ft": 59.7, "roadbed_ft": 37.3, "median_ft": 0.0, "left_sw_ft": 10.2, "right_sw_ft": 12.1}, "geometry": {"type": "LineString", "coordinates": [[-73.84708280575772, 40.85029072228275], [-73.8469832214383, 40.85014546822258]]}}, {"type": "Feature", "properties": {"segment_id": 585468, "physicalid": "42104", "street_name": "NEILL AVE", "borough": "bronx", "direction": "TW", "total_row_ft": 61.5, "roadbed_ft": 46.6, "median_ft": 0.0, "left_sw_ft": 7.1, "right_sw_ft": 7.9}, "geometry": {"type": "LineString", "coordinates": [[-73.8500352739422, 40.85651778649558], [-73.8498824493432, 40.85639506922256]]}}, {"type": "Feature", "properties": {"segment_id": 585469, "physicalid": "42104", "street_name": "NEILL AVE", "borough": "bronx", "direction": "TW", "total_row_ft": 59.9, "roadbed_ft": 45.3, "median_ft": 0.0, "left_sw_ft": 7.0, "right_sw_ft": 7.6}, "geometry": {"type": "LineString", "coordinates": [[-73.84998027445633, 40.8565535208954], [-73.84983139986957, 40.8564339753824]]}}, {"type": "Feature", "properties": {"segment_id": 585470, "physicalid": "42104", "street_name": "NEILL AVE", "borough": "bronx", "direction": "TW", "total_row_ft": 58.4, "roadbed_ft": 44.0, "median_ft": 0.0, "left_sw_ft": 7.0, "right_sw_ft": 7.4}, "geometry": {"type": "LineString", "coordinates": [[-73.84992527479334, 40.85658925517402], [-73.84978026125015, 40.856472809983494]]}}, {"type": "Feature", "properties": {"segment_id": 585471, "physicalid": "42104", "street_name": "NEILL AVE", "borough": "bronx", "direction": "TW", "total_row_ft": 58.6, "roadbed_ft": 43.0, "median_ft": 0.0, "left_sw_ft": 6.9, "right_sw_ft": 8.8}, "geometry": {"type": "LineString", "coordinates": [[-73.84987027503247, 40.85662498939508], [-73.84972464687021, 40.85650805058355]]}}, {"type": "Feature", "properties": {"segment_id": 585472, "physicalid": "42104", "street_name": "NEILL AVE", "borough": "bronx", "direction": "TW", "total_row_ft": 58.9, "roadbed_ft": 42.7, "median_ft": 0.0, "left_sw_ft": 6.9, "right_sw_ft": 9.3}, "geometry": {"type": "LineString", "coordinates": [[-73.84981527515428, 40.856660723542895], [-73.84966903209138, 40.85654329088359]]}}, {"type": "Feature", "properties": {"segment_id": 585473, "physicalid": "42104", "street_name": "NEILL AVE", "borough": "bronx", "direction": "TW", "total_row_ft": 59.1, "roadbed_ft": 42.1, "median_ft": 0.0, "left_sw_ft": 7.2, "right_sw_ft": 9.8}, "geometry": {"type": "LineString", "coordinates": [[-73.84976019233912, 40.85669639111379], [-73.84961341741037, 40.856578531282445]]}}, {"type": "Feature", "properties": {"segment_id": 585474, "physicalid": "42104", "street_name": "NEILL AVE", "borough": "bronx", "direction": "TW", "total_row_ft": 59.1, "roadbed_ft": 41.5, "median_ft": 0.0, "left_sw_ft": 7.4, "right_sw_ft": 10.2}, "geometry": {"type": "LineString", "coordinates": [[-73.84970494590287, 40.85673192731858], [-73.84955814809821, 40.856614049032714]]}}, {"type": "Feature", "properties": {"segment_id": 585475, "physicalid": "42104", "street_name": "NEILL AVE", "borough": "bronx", "direction": "TW", "total_row_ft": 59.1, "roadbed_ft": 40.9, "median_ft": 0.0, "left_sw_ft": 7.6, "right_sw_ft": 10.5}, "geometry": {"type": "LineString", "coordinates": [[-73.84964969937153, 40.85676746346773], [-73.84950296544095, 40.85664963638758]]}}, {"type": "Feature", "properties": {"segment_id": 585476, "physicalid": "42104", "street_name": "NEILL AVE", "borough": "bronx", "direction": "TW", "total_row_ft": 59.1, "roadbed_ft": 40.4, "median_ft": 0.0, "left_sw_ft": 7.9, "right_sw_ft": 10.8}, "geometry": {"type": "LineString", "coordinates": [[-73.84959445252248, 40.85680299938251], [-73.84944778277347, 40.85668522375503]]}}, {"type": "Feature", "properties": {"segment_id": 585477, "physicalid": "42104", "street_name": "NEILL AVE", "borough": "bronx", "direction": "TW", "total_row_ft": 59.0, "roadbed_ft": 39.8, "median_ft": 0.0, "left_sw_ft": 8.0, "right_sw_ft": 11.2}, "geometry": {"type": "LineString", "coordinates": [[-73.84953920579893, 40.85683853541881], [-73.84939260002388, 40.856720811077366]]}}, {"type": "Feature", "properties": {"segment_id": 585478, "physicalid": "42104", "street_name": "NEILL AVE", "borough": "bronx", "direction": "TW", "total_row_ft": 61.2, "roadbed_ft": 42.1, "median_ft": 0.0, "left_sw_ft": 7.6, "right_sw_ft": 11.5}, "geometry": {"type": "LineString", "coordinates": [[-73.84948933938954, 40.856878391856185], [-73.84933741719834, 40.856756398359494]]}}, {"type": "Feature", "properties": {"segment_id": 709648, "physicalid": "50335", "street_name": "RHINELANDER AVE", "borough": "bronx", "direction": "TW", "total_row_ft": 60.3, "roadbed_ft": 39.5, "median_ft": 0.0, "left_sw_ft": 9.4, "right_sw_ft": 11.4}, "geometry": {"type": "LineString", "coordinates": [[-73.85004052123303, 40.85371156206294], [-73.84990182236045, 40.853584020288395]]}}, {"type": "Feature", "properties": {"segment_id": 709649, "physicalid": "50335", "street_name": "RHINELANDER AVE", "borough": "bronx", "direction": "TW", "total_row_ft": 60.5, "roadbed_ft": 39.3, "median_ft": 0.0, "left_sw_ft": 9.5, "right_sw_ft": 11.6}, "geometry": {"type": "LineString", "coordinates": [[-73.84998532732331, 40.85374702270393], [-73.84984618994594, 40.85361907760217]]}}, {"type": "Feature", "properties": {"segment_id": 709650, "physicalid": "50335", "street_name": "RHINELANDER AVE", "borough": "bronx", "direction": "TW", "total_row_ft": 60.3, "roadbed_ft": 39.2, "median_ft": 0.0, "left_sw_ft": 9.6, "right_sw_ft": 11.5}, "geometry": {"type": "LineString", "coordinates": [[-73.84993013335475, 40.85378248331829], [-73.84979126814284, 40.85365478839452]]}}, {"type": "Feature", "properties": {"segment_id": 709651, "physicalid": "50335", "street_name": "RHINELANDER AVE", "borough": "bronx", "direction": "TW", "total_row_ft": 59.5, "roadbed_ft": 39.0, "median_ft": 0.0, "left_sw_ft": 9.8, "right_sw_ft": 10.7}, "geometry": {"type": "LineString", "coordinates": [[-73.84987493956275, 40.85381794412252], [-73.84973798789946, 40.853692008732715]]}}, {"type": "Feature", "properties": {"segment_id": 709652, "physicalid": "50335", "street_name": "RHINELANDER AVE", "borough": "bronx", "direction": "TW", "total_row_ft": 88.7, "roadbed_ft": 39.8, "median_ft": 0.0, "left_sw_ft": 9.9, "right_sw_ft": 39.0}, "geometry": {"type": "LineString", "coordinates": [[-73.8498197457412, 40.853853404927044], [-73.8496156151056, 40.85366569400901]]}}, {"type": "Feature", "properties": {"segment_id": 709653, "physicalid": "50336", "street_name": "RHINELANDER AVE", "borough": "bronx", "direction": "TW", "total_row_ft": 135.0, "roadbed_ft": 82.8, "median_ft": 0.0, "left_sw_ft": 15.0, "right_sw_ft": 37.2}, "geometry": {"type": "LineString", "coordinates": [[-73.84977413801549, 40.85399401829285], [-73.84949426232743, 40.853742381907125]]}}, {"type": "Feature", "properties": {"segment_id": 709654, "physicalid": "50336", "street_name": "RHINELANDER AVE", "borough": "bronx", "direction": "TW", "total_row_ft": 69.4, "roadbed_ft": 40.2, "median_ft": 0.0, "left_sw_ft": 17.3, "right_sw_ft": 11.9}, "geometry": {"type": "LineString", "coordinates": [[-73.84971890343154, 40.854029436464685], [-73.84950499988845, 40.85383711576219]]}}, {"type": "Feature", "properties": {"segment_id": 709655, "physicalid": "50336", "street_name": "RHINELANDER AVE", "borough": "bronx", "direction": "TW", "total_row_ft": 60.8, "roadbed_ft": 40.2, "median_ft": 0.0, "left_sw_ft": 9.7, "right_sw_ft": 10.9}, "geometry": {"type": "LineString", "coordinates": [[-73.8495934307642, 40.854001703713436], [-73.84945172534927, 40.85387429610253]]}}, {"type": "Feature", "properties": {"segment_id": 709656, "physicalid": "50336", "street_name": "RHINELANDER AVE", "borough": "bronx", "direction": "TW", "total_row_ft": 59.8, "roadbed_ft": 40.2, "median_ft": 0.0, "left_sw_ft": 9.7, "right_sw_ft": 10.0}, "geometry": {"type": "LineString", "coordinates": [[-73.84953802488177, 40.85403696787647], [-73.84939845075054, 40.853911476418]]}}, {"type": "Feature", "properties": {"segment_id": 709657, "physicalid": "50336", "street_name": "RHINELANDER AVE", "borough": "bronx", "direction": "TW", "total_row_ft": 58.9, "roadbed_ft": 40.1, "median_ft": 0.0, "left_sw_ft": 9.7, "right_sw_ft": 9.1}, "geometry": {"type": "LineString", "coordinates": [[-73.8494826189406, 40.854072232012655], [-73.84934517609224, 40.85394865670866]]}}, {"type": "Feature", "properties": {"segment_id": 709658, "physicalid": "50336", "street_name": "RHINELANDER AVE", "borough": "bronx", "direction": "TW", "total_row_ft": 104.7, "roadbed_ft": 79.9, "median_ft": 0.0, "left_sw_ft": 9.8, "right_sw_ft": 15.0}, "geometry": {"type": "LineString", "coordinates": [[-73.84942721425347, 40.854107495286485], [-73.84921808652065, 40.8539194735785]]}}, {"type": "Feature", "properties": {"segment_id": 709659, "physicalid": "50336", "street_name": "RHINELANDER AVE", "borough": "bronx", "direction": "TW", "total_row_ft": 61.9, "roadbed_ft": 39.8, "median_ft": 0.0, "left_sw_ft": 9.8, "right_sw_ft": 12.3}, "geometry": {"type": "LineString", "coordinates": [[-73.84937180819155, 40.85414275937109], [-73.84922746913038, 40.85401298765538]]}}, {"type": "Feature", "properties": {"segment_id": 709660, "physicalid": "50336", "street_name": "RHINELANDER AVE", "borough": "bronx", "direction": "TW", "total_row_ft": 61.5, "roadbed_ft": 39.7, "median_ft": 0.0, "left_sw_ft": 9.7, "right_sw_ft": 12.1}, "geometry": {"type": "LineString", "coordinates": [[-73.84931605562828, 40.85417771089864], [-73.84917268035684, 40.85404880781072]]}}, {"type": "Feature", "properties": {"segment_id": 709661, "physicalid": "50336", "street_name": "RHINELANDER AVE", "borough": "bronx", "direction": "TW", "total_row_ft": 61.3, "roadbed_ft": 39.6, "median_ft": 0.0, "left_sw_ft": 9.7, "right_sw_ft": 12.0}, "geometry": {"type": "LineString", "coordinates": [[-73.84926080139392, 40.85421311153962], [-73.84911789226985, 40.85408462745239]]}}, {"type": "Feature", "properties": {"segment_id": 709662, "physicalid": "50336", "street_name": "RHINELANDER AVE", "borough": "bronx", "direction": "TW", "total_row_ft": 61.1, "roadbed_ft": 39.5, "median_ft": 0.0, "left_sw_ft": 9.7, "right_sw_ft": 11.8}, "geometry": {"type": "LineString", "coordinates": [[-73.84920554710077, 40.854248512153916], [-73.84906310412383, 40.854120447067814]]}}, {"type": "Feature", "properties": {"segment_id": 709663, "physicalid": "50336", "street_name": "RHINELANDER AVE", "borough": "bronx", "direction": "TW", "total_row_ft": 60.9, "roadbed_ft": 39.4, "median_ft": 0.0, "left_sw_ft": 9.8, "right_sw_ft": 11.7}, "geometry": {"type": "LineString", "coordinates": [[-73.8491502927488, 40.85428391274153], [-73.8490083159188, 40.854156266656965]]}}, {"type": "Feature", "properties": {"segment_id": 709664, "physicalid": "50336", "street_name": "RHINELANDER AVE", "borough": "bronx", "direction": "TW", "total_row_ft": 60.7, "roadbed_ft": 39.3, "median_ft": 0.0, "left_sw_ft": 9.8, "right_sw_ft": 11.5}, "geometry": {"type": "LineString", "coordinates": [[-73.84909503837915, 40.854319313339474], [-73.84895352761927, 40.85419208618803]]}}, {"type": "Feature", "properties": {"segment_id": 709665, "physicalid": "50336", "street_name": "RHINELANDER AVE", "borough": "bronx", "direction": "TW", "total_row_ft": 60.5, "roadbed_ft": 39.3, "median_ft": 0.0, "left_sw_ft": 9.8, "right_sw_ft": 11.4}, "geometry": {"type": "LineString", "coordinates": [[-73.84903978396295, 40.85435471392175], [-73.84889873923501, 40.85422790566967]]}}, {"type": "Feature", "properties": {"segment_id": 709666, "physicalid": "50336", "street_name": "RHINELANDER AVE", "borough": "bronx", "direction": "TW", "total_row_ft": 60.7, "roadbed_ft": 39.2, "median_ft": 0.0, "left_sw_ft": 9.9, "right_sw_ft": 11.7}, "geometry": {"type": "LineString", "coordinates": [[-73.84898452948795, 40.854390114477354], [-73.84884290635041, 40.85426278610226]]}}, {"type": "Feature", "properties": {"segment_id": 709667, "physicalid": "50336", "street_name": "RHINELANDER AVE", "borough": "bronx", "direction": "TW", "total_row_ft": 61.0, "roadbed_ft": 39.2, "median_ft": 0.0, "left_sw_ft": 9.8, "right_sw_ft": 12.0}, "geometry": {"type": "LineString", "coordinates": [[-73.84892927495413, 40.85442551500627], [-73.8487869724339, 40.85429757572569]]}}, {"type": "Feature", "properties": {"segment_id": 709668, "physicalid": "50336", "street_name": "RHINELANDER AVE", "borough": "bronx", "direction": "TW", "total_row_ft": 61.3, "roadbed_ft": 39.4, "median_ft": 0.0, "left_sw_ft": 9.6, "right_sw_ft": 12.3}, "geometry": {"type": "LineString", "coordinates": [[-73.84887402036148, 40.85446091550851], [-73.84873103845888, 40.85433236532179]]}}, {"type": "Feature", "properties": {"segment_id": 709669, "physicalid": "50336", "street_name": "RHINELANDER AVE", "borough": "bronx", "direction": "TW", "total_row_ft": 61.6, "roadbed_ft": 39.5, "median_ft": 0.0, "left_sw_ft": 9.5, "right_sw_ft": 12.6}, "geometry": {"type": "LineString", "coordinates": [[-73.84881876571002, 40.854496315984065], [-73.84867510442534, 40.854367154890575]]}}, {"type": "Feature", "properties": {"segment_id": 709670, "physicalid": "50336", "street_name": "RHINELANDER AVE", "borough": "bronx", "direction": "TW", "total_row_ft": 62.0, "roadbed_ft": 39.7, "median_ft": 0.0, "left_sw_ft": 9.5, "right_sw_ft": 12.9}, "geometry": {"type": "LineString", "coordinates": [[-73.84876387161884, 40.85453204065299], [-73.84861917031782, 40.85440194441812]]}}, {"type": "Feature", "properties": {"segment_id": 709671, "physicalid": "50336", "street_name": "RHINELANDER AVE", "borough": "bronx", "direction": "TW", "total_row_ft": 62.6, "roadbed_ft": 39.8, "median_ft": 0.0, "left_sw_ft": 9.6, "right_sw_ft": 13.2}, "geometry": {"type": "LineString", "coordinates": [[-73.84870914676749, 40.854567917506294], [-73.84856323615156, 40.854436733918156]]}}, {"type": "Feature", "properties": {"segment_id": 709672, "physicalid": "50336", "street_name": "RHINELANDER AVE", "borough": "bronx", "direction": "TW", "total_row_ft": 63.1, "roadbed_ft": 39.9, "median_ft": 0.0, "left_sw_ft": 9.6, "right_sw_ft": 13.5}, "geometry": {"type": "LineString", "coordinates": [[-73.84865442186648, 40.854603794341834], [-73.8485073019268, 40.85447152339087]]}}, {"type": "Feature", "properties": {"segment_id": 709673, "physicalid": "50336", "street_name": "RHINELANDER AVE", "borough": "bronx", "direction": "TW", "total_row_ft": 63.5, "roadbed_ft": 40.1, "median_ft": 0.0, "left_sw_ft": 9.7, "right_sw_ft": 13.8}, "geometry": {"type": "LineString", "coordinates": [[-73.84859969705404, 40.85463967128394], [-73.84845149967013, 40.85450643153764]]}}, {"type": "Feature", "properties": {"segment_id": 709674, "physicalid": "50336", "street_name": "RHINELANDER AVE", "borough": "bronx", "direction": "TW", "total_row_ft": 62.2, "roadbed_ft": 40.5, "median_ft": 0.0, "left_sw_ft": 9.8, "right_sw_ft": 11.9}, "geometry": {"type": "LineString", "coordinates": [[-73.84854497218255, 40.85467554819982], [-73.84839980643159, 40.854545034015324]]}}, {"type": "Feature", "properties": {"segment_id": 709675, "physicalid": "50336", "street_name": "RHINELANDER AVE", "borough": "bronx", "direction": "TW", "total_row_ft": 60.9, "roadbed_ft": 41.1, "median_ft": 0.0, "left_sw_ft": 9.9, "right_sw_ft": 10.0}, "geometry": {"type": "LineString", "coordinates": [[-73.84849024725202, 40.85471142508953], [-73.84834811313304, 40.85458363646959]]}}, {"type": "Feature", "properties": {"segment_id": 709676, "physicalid": "50336", "street_name": "RHINELANDER AVE", "borough": "bronx", "direction": "TW", "total_row_ft": 120.0, "roadbed_ft": 45.4, "median_ft": 0.0, "left_sw_ft": 38.3, "right_sw_ft": 36.3}, "geometry": {"type": "LineString", "coordinates": [[-73.84850375175905, 40.85480864490007], [-73.84822386936243, 40.8545570106539]]}}, {"type": "Feature", "properties": {"segment_id": 774125, "physicalid": "54438", "street_name": "EASTCHESTER RD", "borough": "bronx", "direction": "TW", "total_row_ft": 135.0, "roadbed_ft": 96.2, "median_ft": 0.0, "left_sw_ft": 15.0, "right_sw_ft": 23.8}, "geometry": {"type": "LineString", "coordinates": [[-73.8432243983585, 40.85952547815663], [-73.84279302217803, 40.85956033506037]]}}, {"type": "Feature", "properties": {"segment_id": 774126, "physicalid": "54438", "street_name": "EASTCHESTER RD", "borough": "bronx", "direction": "TW", "total_row_ft": 97.5, "roadbed_ft": 64.1, "median_ft": 0.0, "left_sw_ft": 22.7, "right_sw_ft": 10.7}, "geometry": {"type": "LineString", "coordinates": [[-73.8432190377734, 40.859581115346124], [-73.84286843555984, 40.8596094454786]]}}, {"type": "Feature", "properties": {"segment_id": 774127, "physicalid": "54438", "street_name": "EASTCHESTER RD", "borough": "bronx", "direction": "TW", "total_row_ft": 78.9, "roadbed_ft": 61.0, "median_ft": 0.0, "left_sw_ft": 7.5, "right_sw_ft": 10.4}, "geometry": {"type": "LineString", "coordinates": [[-73.84316085678935, 40.85964102070801], [-73.84287727115805, 40.85966393553768]]}}, {"type": "Feature", "properties": {"segment_id": 774128, "physicalid": "54438", "street_name": "EASTCHESTER RD", "borough": "bronx", "direction": "TW", "total_row_ft": 78.8, "roadbed_ft": 60.9, "median_ft": 0.0, "left_sw_ft": 7.5, "right_sw_ft": 10.4}, "geometry": {"type": "LineString", "coordinates": [[-73.84316844871033, 40.85969561125965], [-73.8428851326073, 40.85971850431056]]}}, {"type": "Feature", "properties": {"segment_id": 774129, "physicalid": "54438", "street_name": "EASTCHESTER RD", "borough": "bronx", "direction": "TW", "total_row_ft": 78.7, "roadbed_ft": 60.9, "median_ft": 0.0, "left_sw_ft": 7.4, "right_sw_ft": 10.5}, "geometry": {"type": "LineString", "coordinates": [[-73.84317604064735, 40.85975020180999], [-73.84289299406944, 40.85977307308241]]}}, {"type": "Feature", "properties": {"segment_id": 774130, "physicalid": "54438", "street_name": "EASTCHESTER RD", "borough": "bronx", "direction": "TW", "total_row_ft": 78.6, "roadbed_ft": 60.8, "median_ft": 0.0, "left_sw_ft": 7.4, "right_sw_ft": 10.4}, "geometry": {"type": "LineString", "coordinates": [[-73.84318364172927, 40.85980479162138], [-73.84290093480762, 40.859827635448454]]}}, {"type": "Feature", "properties": {"segment_id": 774131, "physicalid": "54438", "street_name": "EASTCHESTER RD", "borough": "bronx", "direction": "TW", "total_row_ft": 78.5, "roadbed_ft": 60.8, "median_ft": 0.0, "left_sw_ft": 7.4, "right_sw_ft": 10.4}, "geometry": {"type": "LineString", "coordinates": [[-73.84319126332211, 40.85985937977529], [-73.84290902084449, 40.85988218607404]]}}, {"type": "Feature", "properties": {"segment_id": 774132, "physicalid": "54438", "street_name": "EASTCHESTER RD", "borough": "bronx", "direction": "TW", "total_row_ft": 78.4, "roadbed_ft": 60.7, "median_ft": 0.0, "left_sw_ft": 7.3, "right_sw_ft": 10.3}, "geometry": {"type": "LineString", "coordinates": [[-73.84319888492882, 40.859913967928115], [-73.84291710689462, 40.85993673669849]]}}, {"type": "Feature", "properties": {"segment_id": 774133, "physicalid": "54438", "street_name": "EASTCHESTER RD", "borough": "bronx", "direction": "TW", "total_row_ft": 78.3, "roadbed_ft": 60.7, "median_ft": 0.0, "left_sw_ft": 7.3, "right_sw_ft": 10.3}, "geometry": {"type": "LineString", "coordinates": [[-73.84320650658323, 40.85996855607704], [-73.84292519278617, 40.85999128733576]]}}, {"type": "Feature", "properties": {"segment_id": 774150, "physicalid": "54439", "street_name": "EASTCHESTER RD", "borough": "bronx", "direction": "TW", "total_row_ft": 135.0, "roadbed_ft": 91.1, "median_ft": 0.0, "left_sw_ft": 28.9, "right_sw_ft": 15.0}, "geometry": {"type": "LineString", "coordinates": [[-73.8434838738679, 40.85838184627972], [-73.84307265405216, 40.85827695879163]]}}, {"type": "Feature", "properties": {"segment_id": 774151, "physicalid": "54439", "street_name": "EASTCHESTER RD", "borough": "bronx", "direction": "TW", "total_row_ft": 78.5, "roadbed_ft": 60.7, "median_ft": 0.0, "left_sw_ft": 9.5, "right_sw_ft": 8.4}, "geometry": {"type": "LineString", "coordinates": [[-73.84338918380386, 40.858415603206744], [-73.84312001568014, 40.85834694802458]]}}, {"type": "Feature", "properties": {"segment_id": 774152, "physicalid": "54439", "street_name": "EASTCHESTER RD", "borough": "bronx", "direction": "TW", "total_row_ft": 78.4, "roadbed_ft": 60.8, "median_ft": 0.0, "left_sw_ft": 9.3, "right_sw_ft": 8.3}, "geometry": {"type": "LineString", "coordinates": [[-73.84336568073559, 40.85846751726929], [-73.84309688739869, 40.85839895767562]]}}, {"type": "Feature", "properties": {"segment_id": 774153, "physicalid": "54439", "street_name": "EASTCHESTER RD", "borough": "bronx", "direction": "TW", "total_row_ft": 78.3, "roadbed_ft": 60.9, "median_ft": 0.0, "left_sw_ft": 9.2, "right_sw_ft": 8.2}, "geometry": {"type": "LineString", "coordinates": [[-73.84334217763065, 40.85851943132657], [-73.84307375844833, 40.85845096716013]]}}, {"type": "Feature", "properties": {"segment_id": 774154, "physicalid": "54439", "street_name": "EASTCHESTER RD", "borough": "bronx", "direction": "TW", "total_row_ft": 78.8, "roadbed_ft": 61.0, "median_ft": 0.0, "left_sw_ft": 9.0, "right_sw_ft": 8.7}, "geometry": {"type": "LineString", "coordinates": [[-73.843318674489, 40.85857134537859], [-73.84304875559239, 40.85850249867953]]}}, {"type": "Feature", "properties": {"segment_id": 774155, "physicalid": "54439", "street_name": "EASTCHESTER RD", "borough": "bronx", "direction": "TW", "total_row_ft": 79.3, "roadbed_ft": 61.1, "median_ft": 0.0, "left_sw_ft": 8.9, "right_sw_ft": 9.3}, "geometry": {"type": "LineString", "coordinates": [[-73.84329517131066, 40.85862325942536], [-73.84302342948371, 40.858553947752156]]}}, {"type": "Feature", "properties": {"segment_id": 774156, "physicalid": "54439", "street_name": "EASTCHESTER RD", "borough": "bronx", "direction": "TW", "total_row_ft": 79.8, "roadbed_ft": 61.2, "median_ft": 0.0, "left_sw_ft": 8.7, "right_sw_ft": 9.9}, "geometry": {"type": "LineString", "coordinates": [[-73.84327166809564, 40.85867517346686], [-73.84299810333583, 40.85860539681877]]}}, {"type": "Feature", "properties": {"segment_id": 774157, "physicalid": "54439", "street_name": "EASTCHESTER RD", "borough": "bronx", "direction": "TW", "total_row_ft": 80.4, "roadbed_ft": 61.4, "median_ft": 0.0, "left_sw_ft": 8.5, "right_sw_ft": 10.5}, "geometry": {"type": "LineString", "coordinates": [[-73.8432481648439, 40.85872708750309], [-73.84297277725632, 40.85865684590677]]}}, {"type": "Feature", "properties": {"segment_id": 774158, "physicalid": "54439", "street_name": "EASTCHESTER RD", "borough": "bronx", "direction": "TW", "total_row_ft": 80.7, "roadbed_ft": 61.5, "median_ft": 0.0, "left_sw_ft": 8.4, "right_sw_ft": 10.9}, "geometry": {"type": "LineString", "coordinates": [[-73.84322466148784, 40.8587790015168], [-73.84294808525193, 40.858708456729765]]}}, {"type": "Feature", "properties": {"segment_id": 774159, "physicalid": "54439", "street_name": "EASTCHESTER RD", "borough": "bronx", "direction": "TW", "total_row_ft": 80.1, "roadbed_ft": 61.6, "median_ft": 0.0, "left_sw_ft": 7.9, "right_sw_ft": 10.7}, "geometry": {"type": "LineString", "coordinates": [[-73.84320014078773, 40.858830656047715], [-73.84292547944995, 40.85876059967611]]}}, {"type": "Feature", "properties": {"segment_id": 774160, "physicalid": "54439", "street_name": "EASTCHESTER RD", "borough": "bronx", "direction": "TW", "total_row_ft": 79.4, "roadbed_ft": 61.6, "median_ft": 0.0, "left_sw_ft": 7.2, "right_sw_ft": 10.6}, "geometry": {"type": "LineString", "coordinates": [[-73.84317480589146, 40.85888210291118], [-73.84290287361249, 40.858812742617566]]}}, {"type": "Feature", "properties": {"segment_id": 774161, "physicalid": "54439", "street_name": "EASTCHESTER RD", "borough": "bronx", "direction": "TW", "total_row_ft": 78.5, "roadbed_ft": 61.5, "median_ft": 0.0, "left_sw_ft": 6.5, "right_sw_ft": 10.4}, "geometry": {"type": "LineString", "coordinates": [[-73.84314947115647, 40.85893354981979], [-73.84288051957168, 40.85886494978793]]}}, {"type": "Feature", "properties": {"segment_id": 774162, "physicalid": "54439", "street_name": "EASTCHESTER RD", "borough": "bronx", "direction": "TW", "total_row_ft": 77.5, "roadbed_ft": 61.4, "median_ft": 0.0, "left_sw_ft": 5.8, "right_sw_ft": 10.2}, "geometry": {"type": "LineString", "coordinates": [[-73.8431241364803, 40.85898499674736], [-73.8428586094186, 40.858917270183106]]}}, {"type": "Feature", "properties": {"segment_id": 774163, "physicalid": "54439", "street_name": "EASTCHESTER RD", "borough": "bronx", "direction": "TW", "total_row_ft": 77.2, "roadbed_ft": 61.3, "median_ft": 0.0, "left_sw_ft": 5.8, "right_sw_ft": 10.0}, "geometry": {"type": "LineString", "coordinates": [[-73.84310110035854, 40.85903702995569], [-73.8428366992444, 40.858969590577075]]}}, {"type": "Feature", "properties": {"segment_id": 774164, "physicalid": "54439", "street_name": "EASTCHESTER RD", "borough": "bronx", "direction": "TW", "total_row_ft": 81.1, "roadbed_ft": 62.7, "median_ft": 0.0, "left_sw_ft": 7.6, "right_sw_ft": 10.8}, "geometry": {"type": "LineString", "coordinates": [[-73.84309231376707, 40.859092697698834], [-73.84281424271396, 40.859021771618195]]}}, {"type": "Feature", "properties": {"segment_id": 774165, "physicalid": "54439", "street_name": "EASTCHESTER RD", "borough": "bronx", "direction": "TW", "total_row_ft": 79.4, "roadbed_ft": 61.0, "median_ft": 0.0, "left_sw_ft": 7.9, "right_sw_ft": 10.5}, "geometry": {"type": "LineString", "coordinates": [[-73.84309261136225, 40.85910377301589], [-73.84280676821422, 40.85912220444945]]}}, {"type": "Feature", "properties": {"segment_id": 774166, "physicalid": "54439", "street_name": "EASTCHESTER RD", "borough": "bronx", "direction": "TW", "total_row_ft": 76.9, "roadbed_ft": 59.7, "median_ft": 0.0, "left_sw_ft": 7.7, "right_sw_ft": 9.5}, "geometry": {"type": "LineString", "coordinates": [[-73.84309408912208, 40.85915876934524], [-73.84281722565551, 40.85917662176012]]}}, {"type": "Feature", "properties": {"segment_id": 774167, "physicalid": "54439", "street_name": "EASTCHESTER RD", "borough": "bronx", "direction": "TW", "total_row_ft": 75.3, "roadbed_ft": 60.0, "median_ft": 0.0, "left_sw_ft": 6.9, "right_sw_ft": 8.4}, "geometry": {"type": "LineString", "coordinates": [[-73.84309887769192, 40.859213552186155], [-73.84282768311391, 40.859231039069314]]}}, {"type": "Feature", "properties": {"segment_id": 774168, "physicalid": "54439", "street_name": "EASTCHESTER RD", "borough": "bronx", "direction": "TW", "total_row_ft": 74.6, "roadbed_ft": 60.2, "median_ft": 0.0, "left_sw_ft": 7.0, "right_sw_ft": 7.4}, "geometry": {"type": "LineString", "coordinates": [[-73.84310701677703, 40.859268118978434], [-73.84283814058942, 40.859285456377044]]}}, {"type": "Feature", "properties": {"segment_id": 774169, "physicalid": "54439", "street_name": "EASTCHESTER RD", "borough": "bronx", "direction": "TW", "total_row_ft": 75.3, "roadbed_ft": 60.4, "median_ft": 0.0, "left_sw_ft": 7.1, "right_sw_ft": 7.7}, "geometry": {"type": "LineString", "coordinates": [[-73.8431151558755, 40.85932268576963], [-73.84284396812328, 40.85934017222216]]}}, {"type": "Feature", "properties": {"segment_id": 774170, "physicalid": "54439", "street_name": "EASTCHESTER RD", "borough": "bronx", "direction": "TW", "total_row_ft": 76.0, "roadbed_ft": 60.7, "median_ft": 0.0, "left_sw_ft": 7.3, "right_sw_ft": 8.1}, "geometry": {"type": "LineString", "coordinates": [[-73.84312329498732, 40.85937725255971], [-73.84284945507632, 40.859394910027646]]}}, {"type": "Feature", "properties": {"segment_id": 774171, "physicalid": "54439", "street_name": "EASTCHESTER RD", "borough": "bronx", "direction": "TW", "total_row_ft": 124.1, "roadbed_ft": 90.8, "median_ft": 0.0, "left_sw_ft": 18.4, "right_sw_ft": 15.0}, "geometry": {"type": "LineString", "coordinates": [[-73.8431731253794, 40.85942913099605], [-73.84277997287067, 40.85945448180293]]}}, {"type": "Feature", "properties": {"segment_id": 774172, "physicalid": "54441", "street_name": "EASTCHESTER RD", "borough": "bronx", "direction": "TW", "total_row_ft": 134.9, "roadbed_ft": 96.7, "median_ft": 0.0, "left_sw_ft": 23.2, "right_sw_ft": 15.0}, "geometry": {"type": "LineString", "coordinates": [[-73.8439248635192, 40.85736295086158], [-73.84351248495841, 40.857261439145674]]}}, {"type": "Feature", "properties": {"segment_id": 774173, "physicalid": "54441", "street_name": "EASTCHESTER RD", "borough": "bronx", "direction": "TW", "total_row_ft": 80.3, "roadbed_ft": 60.2, "median_ft": 0.0, "left_sw_ft": 9.1, "right_sw_ft": 10.9}, "geometry": {"type": "LineString", "coordinates": [[-73.8438472191805, 40.857401544939705], [-73.8435711485669, 40.85733358702164]]}}, {"type": "Feature", "properties": {"segment_id": 774174, "physicalid": "54441", "street_name": "EASTCHESTER RD", "borough": "bronx", "direction": "TW", "total_row_ft": 80.1, "roadbed_ft": 60.5, "median_ft": 0.0, "left_sw_ft": 9.0, "right_sw_ft": 10.6}, "geometry": {"type": "LineString", "coordinates": [[-73.84382358295244, 40.85745343363632], [-73.84354811679951, 40.8573856245051]]}}, {"type": "Feature", "properties": {"segment_id": 774175, "physicalid": "54441", "street_name": "EASTCHESTER RD", "borough": "bronx", "direction": "TW", "total_row_ft": 80.1, "roadbed_ft": 60.7, "median_ft": 0.0, "left_sw_ft": 8.9, "right_sw_ft": 10.4}, "geometry": {"type": "LineString", "coordinates": [[-73.84379994668748, 40.85750532232758], [-73.84352451593497, 40.857437521901794]]}}, {"type": "Feature", "properties": {"segment_id": 774176, "physicalid": "54441", "street_name": "EASTCHESTER RD", "borough": "bronx", "direction": "TW", "total_row_ft": 80.1, "roadbed_ft": 61.0, "median_ft": 0.0, "left_sw_ft": 8.8, "right_sw_ft": 10.3}, "geometry": {"type": "LineString", "coordinates": [[-73.84377631221491, 40.857557206997804], [-73.84350091342182, 40.85748942281485]]}}, {"type": "Feature", "properties": {"segment_id": 774177, "physicalid": "54441", "street_name": "EASTCHESTER RD", "borough": "bronx", "direction": "TW", "total_row_ft": 80.1, "roadbed_ft": 61.3, "median_ft": 0.0, "left_sw_ft": 8.7, "right_sw_ft": 10.1}, "geometry": {"type": "LineString", "coordinates": [[-73.84375267585949, 40.85760909571511], [-73.84347731245812, 40.857541320234375]]}}, {"type": "Feature", "properties": {"segment_id": 774178, "physicalid": "54441", "street_name": "EASTCHESTER RD", "borough": "bronx", "direction": "TW", "total_row_ft": 82.7, "roadbed_ft": 61.5, "median_ft": 0.0, "left_sw_ft": 8.6, "right_sw_ft": 12.5}, "geometry": {"type": "LineString", "coordinates": [[-73.84372903946719, 40.8576609844271], [-73.84344478263347, 40.85759101997418]]}}, {"type": "Feature", "properties": {"segment_id": 774179, "physicalid": "54441", "street_name": "EASTCHESTER RD", "borough": "bronx", "direction": "TW", "total_row_ft": 150.0, "roadbed_ft": 120.0, "median_ft": 0.0, "left_sw_ft": 15.0, "right_sw_ft": 15.0}, "geometry": {"type": "LineString", "coordinates": [[-73.8437690625485, 40.85772854160617], [-73.84335640383662, 40.857626973439544]]}}, {"type": "Feature", "properties": {"segment_id": 774180, "physicalid": "54442", "street_name": "EASTCHESTER RD", "borough": "bronx", "direction": "TW", "total_row_ft": 161.6, "roadbed_ft": 93.4, "median_ft": 26.6, "left_sw_ft": 26.6, "right_sw_ft": 15.0}, "geometry": {"type": "LineString", "coordinates": [[-73.84398321524895, 40.85722700481084], [-73.843570563581, 40.8571254274263]]}}, {"type": "Feature", "properties": {"segment_id": 774181, "physicalid": "54442", "street_name": "EASTCHESTER RD", "borough": "bronx", "direction": "TW", "total_row_ft": 163.3, "roadbed_ft": 91.7, "median_ft": 28.3, "left_sw_ft": 15.0, "right_sw_ft": 28.3}, "geometry": {"type": "LineString", "coordinates": [[-73.84396091788217, 40.85727922306864], [-73.84354826592428, 40.85717764560527]]}}, {"type": "Feature", "properties": {"segment_id": 774182, "physicalid": "54444", "street_name": "EASTCHESTER RD", "borough": "bronx", "direction": "TW", "total_row_ft": 79.5, "roadbed_ft": 60.1, "median_ft": 0.0, "left_sw_ft": 8.9, "right_sw_ft": 10.5}, "geometry": {"type": "LineString", "coordinates": [[-73.84402079109667, 40.85546443369262], [-73.8437342697193, 40.855480715778945]]}}, {"type": "Feature", "properties": {"segment_id": 774183, "physicalid": "54444", "street_name": "EASTCHESTER RD", "borough": "bronx", "direction": "TW", "total_row_ft": 79.8, "roadbed_ft": 60.0, "median_ft": 0.0, "left_sw_ft": 8.6, "right_sw_ft": 11.3}, "geometry": {"type": "LineString", "coordinates": [[-73.84403093311514, 40.855518904907875], [-73.84374315240163, 40.85553525856855]]}}, {"type": "Feature", "properties": {"segment_id": 774184, "physicalid": "54444", "street_name": "EASTCHESTER RD", "borough": "bronx", "direction": "TW", "total_row_ft": 80.2, "roadbed_ft": 59.7, "median_ft": 0.0, "left_sw_ft": 8.8, "right_sw_ft": 11.8}, "geometry": {"type": "LineString", "coordinates": [[-73.84404107515022, 40.85557337612176], [-73.84375203509852, 40.85558980135694]]}}, {"type": "Feature", "properties": {"segment_id": 774185, "physicalid": "54444", "street_name": "EASTCHESTER RD", "borough": "bronx", "direction": "TW", "total_row_ft": 80.5, "roadbed_ft": 59.8, "median_ft": 0.0, "left_sw_ft": 9.0, "right_sw_ft": 11.7}, "geometry": {"type": "LineString", "coordinates": [[-73.84405121720417, 40.855627847334084], [-73.84376091780997, 40.85564434414412]]}}, {"type": "Feature", "properties": {"segment_id": 774186, "physicalid": "54444", "street_name": "EASTCHESTER RD", "borough": "bronx", "direction": "TW", "total_row_ft": 80.9, "roadbed_ft": 59.7, "median_ft": 0.0, "left_sw_ft": 9.7, "right_sw_ft": 11.5}, "geometry": {"type": "LineString", "coordinates": [[-73.84406135945378, 40.85568231853482], [-73.84376980053601, 40.85569888693008]]}}, {"type": "Feature", "properties": {"segment_id": 774187, "physicalid": "54444", "street_name": "EASTCHESTER RD", "borough": "bronx", "direction": "TW", "total_row_ft": 80.8, "roadbed_ft": 59.8, "median_ft": 0.0, "left_sw_ft": 10.0, "right_sw_ft": 11.0}, "geometry": {"type": "LineString", "coordinates": [[-73.84406985866848, 40.85573688310587], [-73.84377868327661, 40.85575342971485]]}}, {"type": "Feature", "properties": {"segment_id": 774188, "physicalid": "54444", "street_name": "EASTCHESTER RD", "borough": "bronx", "direction": "TW", "total_row_ft": 80.1, "roadbed_ft": 59.9, "median_ft": 0.0, "left_sw_ft": 9.7, "right_sw_ft": 10.6}, "geometry": {"type": "LineString", "coordinates": [[-73.84407487273391, 40.855791645731436], [-73.8437859546352, 40.85580806406717]]}}, {"type": "Feature", "properties": {"segment_id": 774189, "physicalid": "54444", "street_name": "EASTCHESTER RD", "borough": "bronx", "direction": "TW", "total_row_ft": 80.6, "roadbed_ft": 60.0, "median_ft": 0.0, "left_sw_ft": 9.7, "right_sw_ft": 10.9}, "geometry": {"type": "LineString", "coordinates": [[-73.84407988768312, 40.85584640830646], [-73.84378934181001, 40.85586291914056]]}}, {"type": "Feature", "properties": {"segment_id": 774190, "physicalid": "54444", "street_name": "EASTCHESTER RD", "borough": "bronx", "direction": "TW", "total_row_ft": 81.1, "roadbed_ft": 60.3, "median_ft": 0.0, "left_sw_ft": 9.8, "right_sw_ft": 11.0}, "geometry": {"type": "LineString", "coordinates": [[-73.84408490248292, 40.855901170889766], [-73.84379272899041, 40.85591777421335]]}}, {"type": "Feature", "properties": {"segment_id": 774191, "physicalid": "54444", "street_name": "EASTCHESTER RD", "borough": "bronx", "direction": "TW", "total_row_ft": 81.4, "roadbed_ft": 60.4, "median_ft": 0.0, "left_sw_ft": 10.2, "right_sw_ft": 10.8}, "geometry": {"type": "LineString", "coordinates": [[-73.84408962908437, 40.85595594985057], [-73.84379611617639, 40.85597262928551]]}}, {"type": "Feature", "properties": {"segment_id": 774192, "physicalid": "54444", "street_name": "EASTCHESTER RD", "borough": "bronx", "direction": "TW", "total_row_ft": 81.3, "roadbed_ft": 60.8, "median_ft": 0.0, "left_sw_ft": 10.4, "right_sw_ft": 10.1}, "geometry": {"type": "LineString", "coordinates": [[-73.84409275619801, 40.85601081970708], [-73.84379950336796, 40.85602748435704]]}}, {"type": "Feature", "properties": {"segment_id": 774193, "physicalid": "54444", "street_name": "EASTCHESTER RD", "borough": "bronx", "direction": "TW", "total_row_ft": 99.1, "roadbed_ft": 62.8, "median_ft": 0.0, "left_sw_ft": 10.7, "right_sw_ft": 25.6}, "geometry": {"type": "LineString", "coordinates": [[-73.84409586182679, 40.856065690784234], [-73.8437387065439, 40.856085986705345]]}}, {"type": "Feature", "properties": {"segment_id": 774194, "physicalid": "54445", "street_name": "EASTCHESTER RD", "borough": "bronx", "direction": "TW", "total_row_ft": 92.2, "roadbed_ft": 60.5, "median_ft": 0.0, "left_sw_ft": 9.2, "right_sw_ft": 22.5}, "geometry": {"type": "LineString", "coordinates": [[-73.84382126097512, 40.854691743167315], [-73.84349602251311, 40.85474668899266]]}}, {"type": "Feature", "properties": {"segment_id": 774195, "physicalid": "54445", "street_name": "EASTCHESTER RD", "borough": "bronx", "direction": "TW", "total_row_ft": 92.0, "roadbed_ft": 60.3, "median_ft": 0.0, "left_sw_ft": 9.3, "right_sw_ft": 22.4}, "geometry": {"type": "LineString", "coordinates": [[-73.84383588506792, 40.85474550897643], [-73.8435112192822, 40.85480035805299]]}}, {"type": "Feature", "properties": {"segment_id": 774196, "physicalid": "54445", "street_name": "EASTCHESTER RD", "borough": "bronx", "direction": "TW", "total_row_ft": 91.8, "roadbed_ft": 60.1, "median_ft": 0.0, "left_sw_ft": 9.3, "right_sw_ft": 22.4}, "geometry": {"type": "LineString", "coordinates": [[-73.84385050918435, 40.854799274783176], [-73.84352641607583, 40.854854027110804]]}}, {"type": "Feature", "properties": {"segment_id": 774197, "physicalid": "54445", "street_name": "EASTCHESTER RD", "borough": "bronx", "direction": "TW", "total_row_ft": 91.7, "roadbed_ft": 59.9, "median_ft": 0.0, "left_sw_ft": 9.4, "right_sw_ft": 22.4}, "geometry": {"type": "LineString", "coordinates": [[-73.84386513332446, 40.85485304058757], [-73.84354161289397, 40.854907696166066]]}}, {"type": "Feature", "properties": {"segment_id": 774198, "physicalid": "54445", "street_name": "EASTCHESTER RD", "borough": "bronx", "direction": "TW", "total_row_ft": 91.5, "roadbed_ft": 59.7, "median_ft": 0.0, "left_sw_ft": 9.4, "right_sw_ft": 22.4}, "geometry": {"type": "LineString", "coordinates": [[-73.84387975742685, 40.85490680639994], [-73.84355680973667, 40.8549613652189]]}}, {"type": "Feature", "properties": {"segment_id": 774199, "physicalid": "54445", "street_name": "EASTCHESTER RD", "borough": "bronx", "direction": "TW", "total_row_ft": 91.4, "roadbed_ft": 59.5, "median_ft": 0.0, "left_sw_ft": 9.5, "right_sw_ft": 22.3}, "geometry": {"type": "LineString", "coordinates": [[-73.84389438148926, 40.8549605722207], [-73.84357200660386, 40.855015034269215]]}}, {"type": "Feature", "properties": {"segment_id": 774200, "physicalid": "54445", "street_name": "EASTCHESTER RD", "borough": "bronx", "direction": "TW", "total_row_ft": 91.2, "roadbed_ft": 59.4, "median_ft": 0.0, "left_sw_ft": 9.5, "right_sw_ft": 22.2}, "geometry": {"type": "LineString", "coordinates": [[-73.84390888758688, 40.85501435797228], [-73.8435872034956, 40.855068703317]]}}, {"type": "Feature", "properties": {"segment_id": 774201, "physicalid": "54445", "street_name": "EASTCHESTER RD", "borough": "bronx", "direction": "TW", "total_row_ft": 90.8, "roadbed_ft": 59.3, "median_ft": 0.0, "left_sw_ft": 9.4, "right_sw_ft": 22.2}, "geometry": {"type": "LineString", "coordinates": [[-73.84392295822553, 40.85506821729264], [-73.84360240041185, 40.855122372362274]]}}, {"type": "Feature", "properties": {"segment_id": 774202, "physicalid": "54445", "street_name": "EASTCHESTER RD", "borough": "bronx", "direction": "TW", "total_row_ft": 90.5, "roadbed_ft": 59.2, "median_ft": 0.0, "left_sw_ft": 9.3, "right_sw_ft": 22.1}, "geometry": {"type": "LineString", "coordinates": [[-73.84393702888697, 40.85512207661076], [-73.84361759735263, 40.85517604140505]]}}, {"type": "Feature", "properties": {"segment_id": 774203, "physicalid": "54445", "street_name": "EASTCHESTER RD", "borough": "bronx", "direction": "TW", "total_row_ft": 90.2, "roadbed_ft": 59.1, "median_ft": 0.0, "left_sw_ft": 9.2, "right_sw_ft": 22.0}, "geometry": {"type": "LineString", "coordinates": [[-73.8439510995712, 40.85517593592666], [-73.84363279431793, 40.855229710445336]]}}, {"type": "Feature", "properties": {"segment_id": 774204, "physicalid": "54445", "street_name": "EASTCHESTER RD", "borough": "bronx", "direction": "TW", "total_row_ft": 89.9, "roadbed_ft": 58.9, "median_ft": 0.0, "left_sw_ft": 9.1, "right_sw_ft": 21.9}, "geometry": {"type": "LineString", "coordinates": [[-73.8439651702782, 40.855229795240355], [-73.84364799130778, 40.85528337948308]]}}, {"type": "Feature", "properties": {"segment_id": 774205, "physicalid": "54445", "street_name": "EASTCHESTER RD", "borough": "bronx", "direction": "TW", "total_row_ft": 100.4, "roadbed_ft": 61.0, "median_ft": 0.0, "left_sw_ft": 8.9, "right_sw_ft": 30.5}, "geometry": {"type": "LineString", "coordinates": [[-73.843979241008, 40.85528365455179], [-73.84362494532121, 40.85534350922945]]}}, {"type": "Feature", "properties": {"segment_id": 774206, "physicalid": "54445", "street_name": "EASTCHESTER RD", "borough": "bronx", "direction": "TW", "total_row_ft": 115.1, "roadbed_ft": 90.9, "median_ft": 0.0, "left_sw_ft": 9.2, "right_sw_ft": 15.0}, "geometry": {"type": "LineString", "coordinates": [[-73.84399331176058, 40.85533751386102], [-73.84364024388698, 40.85539716111043]]}}, {"type": "Feature", "properties": {"segment_id": 774207, "physicalid": "54446", "street_name": "EASTCHESTER RD", "borough": "bronx", "direction": "TW", "total_row_ft": 116.1, "roadbed_ft": 90.3, "median_ft": 0.0, "left_sw_ft": 10.9, "right_sw_ft": 15.0}, "geometry": {"type": "LineString", "coordinates": [[-73.84344692526662, 40.85322715327361], [-73.84308757129747, 40.85327798818682]]}}, {"type": "Feature", "properties": {"segment_id": 774208, "physicalid": "54446", "street_name": "EASTCHESTER RD", "borough": "bronx", "direction": "TW", "total_row_ft": 103.3, "roadbed_ft": 72.9, "median_ft": 0.0, "left_sw_ft": 10.6, "right_sw_ft": 19.9}, "geometry": {"type": "LineString", "coordinates": [[-73.84345177741697, 40.853282305489515], [-73.84312221290664, 40.85332892634853]]}}, {"type": "Feature", "properties": {"segment_id": 774209, "physicalid": "54446", "street_name": "EASTCHESTER RD", "borough": "bronx", "direction": "TW", "total_row_ft": 89.3, "roadbed_ft": 60.3, "median_ft": 0.0, "left_sw_ft": 9.5, "right_sw_ft": 19.5}, "geometry": {"type": "LineString", "coordinates": [[-73.84345663002665, 40.85333745764084], [-73.84313929623748, 40.8533823483116]]}}, {"type": "Feature", "properties": {"segment_id": 774210, "physicalid": "54446", "street_name": "EASTCHESTER RD", "borough": "bronx", "direction": "TW", "total_row_ft": 88.7, "roadbed_ft": 59.5, "median_ft": 0.0, "left_sw_ft": 10.0, "right_sw_ft": 19.2}, "geometry": {"type": "LineString", "coordinates": [[-73.84346998396023, 40.853391407166136], [-73.8431549168957, 40.853435977185974]]}}, {"type": "Feature", "properties": {"segment_id": 774211, "physicalid": "54446", "street_name": "EASTCHESTER RD", "borough": "bronx", "direction": "TW", "total_row_ft": 88.2, "roadbed_ft": 59.3, "median_ft": 0.0, "left_sw_ft": 9.9, "right_sw_ft": 18.9}, "geometry": {"type": "LineString", "coordinates": [[-73.84348393501324, 40.85344527222183], [-73.84317053757911, 40.853489606057735]]}}, {"type": "Feature", "properties": {"segment_id": 774212, "physicalid": "54446", "street_name": "EASTCHESTER RD", "borough": "bronx", "direction": "TW", "total_row_ft": 87.7, "roadbed_ft": 59.3, "median_ft": 0.0, "left_sw_ft": 9.8, "right_sw_ft": 18.6}, "geometry": {"type": "LineString", "coordinates": [[-73.84349788609329, 40.85349913727473], [-73.8431861582877, 40.85354323492689]]}}, {"type": "Feature", "properties": {"segment_id": 774213, "physicalid": "54446", "street_name": "EASTCHESTER RD", "borough": "bronx", "direction": "TW", "total_row_ft": 87.3, "roadbed_ft": 59.3, "median_ft": 0.0, "left_sw_ft": 9.6, "right_sw_ft": 18.3}, "geometry": {"type": "LineString", "coordinates": [[-73.8435118374365, 40.8535530022914], [-73.84320177902148, 40.853596863793406]]}}, {"type": "Feature", "properties": {"segment_id": 774214, "physicalid": "54446", "street_name": "EASTCHESTER RD", "borough": "bronx", "direction": "TW", "total_row_ft": 86.8, "roadbed_ft": 59.3, "median_ft": 0.0, "left_sw_ft": 9.5, "right_sw_ft": 18.1}, "geometry": {"type": "LineString", "coordinates": [[-73.8435257888023, 40.8536068673059], [-73.84321739978046, 40.85365049265729]]}}, {"type": "Feature", "properties": {"segment_id": 774215, "physicalid": "54446", "street_name": "EASTCHESTER RD", "borough": "bronx", "direction": "TW", "total_row_ft": 86.3, "roadbed_ft": 59.3, "median_ft": 0.0, "left_sw_ft": 9.3, "right_sw_ft": 17.8}, "geometry": {"type": "LineString", "coordinates": [[-73.84353983049644, 40.8536607195432], [-73.84323302056463, 40.85370412151858]]}}, {"type": "Feature", "properties": {"segment_id": 774216, "physicalid": "54446", "street_name": "EASTCHESTER RD", "borough": "bronx", "direction": "TW", "total_row_ft": 86.1, "roadbed_ft": 59.3, "median_ft": 0.0, "left_sw_ft": 9.4, "right_sw_ft": 17.5}, "geometry": {"type": "LineString", "coordinates": [[-73.84355478680993, 40.85371444239622], [-73.84324864137034, 40.85375775037776]]}}, {"type": "Feature", "properties": {"segment_id": 774217, "physicalid": "54446", "street_name": "EASTCHESTER RD", "borough": "bronx", "direction": "TW", "total_row_ft": 86.0, "roadbed_ft": 59.3, "median_ft": 0.0, "left_sw_ft": 9.5, "right_sw_ft": 17.2}, "geometry": {"type": "LineString", "coordinates": [[-73.84356974323192, 40.85376816523487], [-73.8432642621778, 40.85381137923764]]}}, {"type": "Feature", "properties": {"segment_id": 774218, "physicalid": "54446", "street_name": "EASTCHESTER RD", "borough": "bronx", "direction": "TW", "total_row_ft": 85.8, "roadbed_ft": 59.3, "median_ft": 0.0, "left_sw_ft": 9.6, "right_sw_ft": 16.9}, "geometry": {"type": "LineString", "coordinates": [[-73.84358469985995, 40.85382188804536], [-73.84327988301045, 40.853865008094914]]}}, {"type": "Feature", "properties": {"segment_id": 774219, "physicalid": "54446", "street_name": "EASTCHESTER RD", "borough": "bronx", "direction": "TW", "total_row_ft": 85.6, "roadbed_ft": 59.3, "median_ft": 0.0, "left_sw_ft": 9.7, "right_sw_ft": 16.6}, "geometry": {"type": "LineString", "coordinates": [[-73.84359965651213, 40.85387561085336], [-73.84329550386829, 40.85391863694957]]}}, {"type": "Feature", "properties": {"segment_id": 774220, "physicalid": "54446", "street_name": "EASTCHESTER RD", "borough": "bronx", "direction": "TW", "total_row_ft": 85.4, "roadbed_ft": 59.3, "median_ft": 0.0, "left_sw_ft": 9.8, "right_sw_ft": 16.3}, "geometry": {"type": "LineString", "coordinates": [[-73.84361461318848, 40.85392933365895], [-73.84331112475132, 40.85397226580161]]}}, {"type": "Feature", "properties": {"segment_id": 774221, "physicalid": "54446", "street_name": "EASTCHESTER RD", "borough": "bronx", "direction": "TW", "total_row_ft": 85.3, "roadbed_ft": 59.3, "median_ft": 0.0, "left_sw_ft": 9.9, "right_sw_ft": 16.0}, "geometry": {"type": "LineString", "coordinates": [[-73.84362956988899, 40.853983056462106], [-73.8433265935871, 40.85402591616331]]}}, {"type": "Feature", "properties": {"segment_id": 774222, "physicalid": "54446", "street_name": "EASTCHESTER RD", "borough": "bronx", "direction": "TW", "total_row_ft": 85.1, "roadbed_ft": 59.3, "median_ft": 0.0, "left_sw_ft": 10.0, "right_sw_ft": 15.8}, "geometry": {"type": "LineString", "coordinates": [[-73.84364451818345, 40.85403678045535], [-73.84334201416063, 40.85407957335318]]}}, {"type": "Feature", "properties": {"segment_id": 774223, "physicalid": "54446", "street_name": "EASTCHESTER RD", "borough": "bronx", "direction": "TW", "total_row_ft": 85.0, "roadbed_ft": 59.3, "median_ft": 0.0, "left_sw_ft": 10.1, "right_sw_ft": 15.6}, "geometry": {"type": "LineString", "coordinates": [[-73.84365944877639, 40.85409050695372], [-73.84335743475904, 40.854133230540484]]}}, {"type": "Feature", "properties": {"segment_id": 774224, "physicalid": "54446", "street_name": "EASTCHESTER RD", "borough": "bronx", "direction": "TW", "total_row_ft": 84.8, "roadbed_ft": 59.3, "median_ft": 0.0, "left_sw_ft": 10.2, "right_sw_ft": 15.3}, "geometry": {"type": "LineString", "coordinates": [[-73.84367437924861, 40.85414423347013], [-73.84337285538233, 40.854186887725234]]}}, {"type": "Feature", "properties": {"segment_id": 774225, "physicalid": "54446", "street_name": "EASTCHESTER RD", "borough": "bronx", "direction": "TW", "total_row_ft": 84.7, "roadbed_ft": 59.4, "median_ft": 0.0, "left_sw_ft": 10.2, "right_sw_ft": 15.1}, "geometry": {"type": "LineString", "coordinates": [[-73.84368931000357, 40.85419795994753], [-73.84338827603051, 40.85424054490741]]}}, {"type": "Feature", "properties": {"segment_id": 774226, "physicalid": "54446", "street_name": "EASTCHESTER RD", "borough": "bronx", "direction": "TW", "total_row_ft": 84.6, "roadbed_ft": 59.5, "median_ft": 0.0, "left_sw_ft": 10.2, "right_sw_ft": 14.8}, "geometry": {"type": "LineString", "coordinates": [[-73.8437042403211, 40.85425168648778], [-73.84340369670356, 40.85429420208701]]}}, {"type": "Feature", "properties": {"segment_id": 774227, "physicalid": "54446", "street_name": "EASTCHESTER RD", "borough": "bronx", "direction": "TW", "total_row_ft": 84.4, "roadbed_ft": 59.6, "median_ft": 0.0, "left_sw_ft": 10.2, "right_sw_ft": 14.6}, "geometry": {"type": "LineString", "coordinates": [[-73.843719170802, 40.85430541300588], [-73.84341911740151, 40.854347859264045]]}}, {"type": "Feature", "properties": {"segment_id": 774228, "physicalid": "54446", "street_name": "EASTCHESTER RD", "borough": "bronx", "direction": "TW", "total_row_ft": 84.3, "roadbed_ft": 59.7, "median_ft": 0.0, "left_sw_ft": 10.2, "right_sw_ft": 14.3}, "geometry": {"type": "LineString", "coordinates": [[-73.84373410130702, 40.85435913952155], [-73.84343453812433, 40.85440151643853]]}}, {"type": "Feature", "properties": {"segment_id": 774229, "physicalid": "54446", "street_name": "EASTCHESTER RD", "borough": "bronx", "direction": "TW", "total_row_ft": 84.1, "roadbed_ft": 60.0, "median_ft": 0.0, "left_sw_ft": 10.1, "right_sw_ft": 14.0}, "geometry": {"type": "LineString", "coordinates": [[-73.84374874091073, 40.8544129071902], [-73.84344995887201, 40.85445517361043]]}}, {"type": "Feature", "properties": {"segment_id": 774230, "physicalid": "54446", "street_name": "EASTCHESTER RD", "borough": "bronx", "direction": "TW", "total_row_ft": 84.1, "roadbed_ft": 60.3, "median_ft": 0.0, "left_sw_ft": 10.0, "right_sw_ft": 13.9}, "geometry": {"type": "LineString", "coordinates": [[-73.84376321834154, 40.854466697801456], [-73.84346421075364, 40.85450899613226]]}}, {"type": "Feature", "properties": {"segment_id": 774231, "physicalid": "54446", "street_name": "EASTCHESTER RD", "borough": "bronx", "direction": "TW", "total_row_ft": 85.2, "roadbed_ft": 60.5, "median_ft": 0.0, "left_sw_ft": 9.9, "right_sw_ft": 14.8}, "geometry": {"type": "LineString", "coordinates": [[-73.84377769536154, 40.85452048847175], [-73.84347477554655, 40.85456334023439]]}}, {"type": "Feature", "properties": {"segment_id": 774232, "physicalid": "54446", "street_name": "EASTCHESTER RD", "borough": "bronx", "direction": "TW", "total_row_ft": 119.8, "roadbed_ft": 95.2, "median_ft": 0.0, "left_sw_ft": 9.6, "right_sw_ft": 15.0}, "geometry": {"type": "LineString", "coordinates": [[-73.84379106140206, 40.854574436306464], [-73.84341860228122, 40.854627125147196]]}}, {"type": "Feature", "properties": {"segment_id": 774233, "physicalid": "54447", "street_name": "EASTCHESTER RD", "borough": "bronx", "direction": "TW", "total_row_ft": 158.1, "roadbed_ft": 111.7, "median_ft": 23.1, "left_sw_ft": 15.0, "right_sw_ft": 8.3}, "geometry": {"type": "LineString", "coordinates": [[-73.843374167685, 40.85293074368314], [-73.84297369408968, 40.85305729317779]]}}, {"type": "Feature", "properties": {"segment_id": 774234, "physicalid": "54447", "street_name": "EASTCHESTER RD", "borough": "bronx", "direction": "TW", "total_row_ft": 140.6, "roadbed_ft": 82.8, "median_ft": 31.3, "left_sw_ft": 15.0, "right_sw_ft": 11.5}, "geometry": {"type": "LineString", "coordinates": [[-73.84340194524698, 40.85298142402547], [-73.8430872505279, 40.853080867599886]]}}, {"type": "Feature", "properties": {"segment_id": 774235, "physicalid": "54447", "street_name": "EASTCHESTER RD", "borough": "bronx", "direction": "TW", "total_row_ft": 133.0, "roadbed_ft": 81.6, "median_ft": 23.1, "left_sw_ft": 5.3, "right_sw_ft": 23.1}, "geometry": {"type": "LineString", "coordinates": [[-73.84342972285131, 40.85303210436069], [-73.84306272741892, 40.85314807486979]]}}, {"type": "Feature", "properties": {"segment_id": 774236, "physicalid": "54447", "street_name": "EASTCHESTER RD", "borough": "bronx", "direction": "TW", "total_row_ft": 130.5, "roadbed_ft": 104.8, "median_ft": 0.0, "left_sw_ft": 10.7, "right_sw_ft": 15.0}, "geometry": {"type": "LineString", "coordinates": [[-73.84344236371072, 40.853087567943305], [-73.84305702614581, 40.85320933446942]]}}, {"type": "Feature", "properties": {"segment_id": 774237, "physicalid": "54448", "street_name": "EASTCHESTER RD", "borough": "bronx", "direction": "TW", "total_row_ft": 124.6, "roadbed_ft": 90.2, "median_ft": 0.0, "left_sw_ft": 15.0, "right_sw_ft": 19.3}, "geometry": {"type": "LineString", "coordinates": [[-73.8444785665876, 40.85130061474673], [-73.84412393388016, 40.85116681132835]]}}, {"type": "Feature", "properties": {"segment_id": 774238, "physicalid": "54448", "street_name": "EASTCHESTER RD", "borough": "bronx", "direction": "TW", "total_row_ft": 109.2, "roadbed_ft": 63.3, "median_ft": 0.0, "left_sw_ft": 26.2, "right_sw_ft": 19.7}, "geometry": {"type": "LineString", "coordinates": [[-73.84444639745789, 40.85134977456081], [-73.84409281664539, 40.851216368003]]}}, {"type": "Feature", "properties": {"segment_id": 774239, "physicalid": "54448", "street_name": "EASTCHESTER RD", "borough": "bronx", "direction": "TW", "total_row_ft": 93.5, "roadbed_ft": 59.7, "median_ft": 0.0, "left_sw_ft": 13.7, "right_sw_ft": 20.1}, "geometry": {"type": "LineString", "coordinates": [[-73.84436423685162, 40.8513800726213], [-73.8440616993642, 40.851265924668894]]}}, {"type": "Feature", "properties": {"segment_id": 774240, "physicalid": "54448", "street_name": "EASTCHESTER RD", "borough": "bronx", "direction": "TW", "total_row_ft": 92.9, "roadbed_ft": 59.5, "median_ft": 0.0, "left_sw_ft": 12.9, "right_sw_ft": 20.5}, "geometry": {"type": "LineString", "coordinates": [[-73.84433143109202, 40.851428992248735], [-73.84403058200493, 40.851315481313954]]}}, {"type": "Feature", "properties": {"segment_id": 774241, "physicalid": "54448", "street_name": "EASTCHESTER RD", "borough": "bronx", "direction": "TW", "total_row_ft": 100.6, "roadbed_ft": 59.5, "median_ft": 0.0, "left_sw_ft": 20.7, "right_sw_ft": 20.5}, "geometry": {"type": "LineString", "coordinates": [[-73.84432649872544, 40.851488428511644], [-73.84400073509363, 40.85136551731268]]}}, {"type": "Feature", "properties": {"segment_id": 774242, "physicalid": "54448", "street_name": "EASTCHESTER RD", "borough": "bronx", "direction": "TW", "total_row_ft": 88.7, "roadbed_ft": 59.6, "median_ft": 0.0, "left_sw_ft": 9.2, "right_sw_ft": 19.9}, "geometry": {"type": "LineString", "coordinates": [[-73.84425889871501, 40.851524220288304], [-73.84397175702297, 40.85141588113718]]}}, {"type": "Feature", "properties": {"segment_id": 774243, "physicalid": "54448", "street_name": "EASTCHESTER RD", "borough": "bronx", "direction": "TW", "total_row_ft": 88.2, "roadbed_ft": 59.8, "median_ft": 0.0, "left_sw_ft": 9.1, "right_sw_ft": 19.3}, "geometry": {"type": "LineString", "coordinates": [[-73.84422828176868, 40.851573965780396], [-73.84394277890841, 40.851466244953926]]}}, {"type": "Feature", "properties": {"segment_id": 774244, "physicalid": "54448", "street_name": "EASTCHESTER RD", "borough": "bronx", "direction": "TW", "total_row_ft": 87.7, "roadbed_ft": 60.0, "median_ft": 0.0, "left_sw_ft": 9.0, "right_sw_ft": 18.7}, "geometry": {"type": "LineString", "coordinates": [[-73.84419766477654, 40.851623711263976], [-73.84391380073204, 40.85151660875615]]}}, {"type": "Feature", "properties": {"segment_id": 774245, "physicalid": "54448", "street_name": "EASTCHESTER RD", "borough": "bronx", "direction": "TW", "total_row_ft": 87.2, "roadbed_ft": 60.2, "median_ft": 0.0, "left_sw_ft": 8.9, "right_sw_ft": 18.1}, "geometry": {"type": "LineString", "coordinates": [[-73.84416704773862, 40.85167345673895], [-73.84388482244859, 40.8515669725269]]}}, {"type": "Feature", "properties": {"segment_id": 774246, "physicalid": "54448", "street_name": "EASTCHESTER RD", "borough": "bronx", "direction": "TW", "total_row_ft": 86.7, "roadbed_ft": 60.1, "median_ft": 0.0, "left_sw_ft": 9.0, "right_sw_ft": 17.6}, "geometry": {"type": "LineString", "coordinates": [[-73.84413643065491, 40.851723202205385], [-73.84385584412128, 40.85161733628991]]}}, {"type": "Feature", "properties": {"segment_id": 774247, "physicalid": "54448", "street_name": "EASTCHESTER RD", "borough": "bronx", "direction": "TW", "total_row_ft": 86.3, "roadbed_ft": 60.0, "median_ft": 0.0, "left_sw_ft": 9.2, "right_sw_ft": 17.1}, "geometry": {"type": "LineString", "coordinates": [[-73.84410581352539, 40.85177294766326], [-73.8438263655778, 40.85166751132814]]}}, {"type": "Feature", "properties": {"segment_id": 774248, "physicalid": "54448", "street_name": "EASTCHESTER RD", "borough": "bronx", "direction": "TW", "total_row_ft": 86.5, "roadbed_ft": 59.8, "median_ft": 0.0, "left_sw_ft": 9.4, "right_sw_ft": 17.3}, "geometry": {"type": "LineString", "coordinates": [[-73.84407481792742, 40.851822550333544], [-73.84379470774256, 40.8517168641195]]}}, {"type": "Feature", "properties": {"segment_id": 774249, "physicalid": "54448", "street_name": "EASTCHESTER RD", "borough": "bronx", "direction": "TW", "total_row_ft": 96.2, "roadbed_ft": 69.2, "median_ft": 0.0, "left_sw_ft": 9.4, "right_sw_ft": 17.5}, "geometry": {"type": "LineString", "coordinates": [[-73.84404376367635, 40.85187213088268], [-73.84376304986037, 40.85176621690172]]}}, {"type": "Feature", "properties": {"segment_id": 774250, "physicalid": "54448", "street_name": "EASTCHESTER RD", "borough": "bronx", "direction": "TW", "total_row_ft": 86.9, "roadbed_ft": 59.6, "median_ft": 0.0, "left_sw_ft": 9.5, "right_sw_ft": 17.8}, "geometry": {"type": "LineString", "coordinates": [[-73.84401270960977, 40.85192171151005], [-73.84373139193116, 40.851815569674876]]}}, {"type": "Feature", "properties": {"segment_id": 774251, "physicalid": "54448", "street_name": "EASTCHESTER RD", "borough": "bronx", "direction": "TW", "total_row_ft": 87.1, "roadbed_ft": 59.5, "median_ft": 0.0, "left_sw_ft": 9.6, "right_sw_ft": 18.0}, "geometry": {"type": "LineString", "coordinates": [[-73.84398165565321, 40.85197129218765], [-73.84369973395499, 40.851864922438914]]}}, {"type": "Feature", "properties": {"segment_id": 774252, "physicalid": "54448", "street_name": "EASTCHESTER RD", "borough": "bronx", "direction": "TW", "total_row_ft": 87.3, "roadbed_ft": 59.4, "median_ft": 0.0, "left_sw_ft": 9.7, "right_sw_ft": 18.2}, "geometry": {"type": "LineString", "coordinates": [[-73.84395060165035, 40.85202087285645], [-73.84366807593184, 40.85191427519383]]}}, {"type": "Feature", "properties": {"segment_id": 774253, "physicalid": "54448", "street_name": "EASTCHESTER RD", "borough": "bronx", "direction": "TW", "total_row_ft": 87.5, "roadbed_ft": 59.3, "median_ft": 0.0, "left_sw_ft": 9.8, "right_sw_ft": 18.4}, "geometry": {"type": "LineString", "coordinates": [[-73.84391954741936, 40.85207045344785], [-73.84363641786172, 40.8519636279396]]}}, {"type": "Feature", "properties": {"segment_id": 774254, "physicalid": "54448", "street_name": "EASTCHESTER RD", "borough": "bronx", "direction": "TW", "total_row_ft": 87.5, "roadbed_ft": 59.4, "median_ft": 0.0, "left_sw_ft": 9.6, "right_sw_ft": 18.5}, "geometry": {"type": "LineString", "coordinates": [[-73.84388849289877, 40.85212003393871], [-73.84360518529432, 40.85201314123807]]}}, {"type": "Feature", "properties": {"segment_id": 774255, "physicalid": "54448", "street_name": "EASTCHESTER RD", "borough": "bronx", "direction": "TW", "total_row_ft": 87.4, "roadbed_ft": 59.5, "median_ft": 0.0, "left_sw_ft": 9.4, "right_sw_ft": 18.4}, "geometry": {"type": "LineString", "coordinates": [[-73.84385751088742, 40.852169641796], [-73.84357463649845, 40.852062912535295]]}}, {"type": "Feature", "properties": {"segment_id": 774256, "physicalid": "54448", "street_name": "EASTCHESTER RD", "borough": "bronx", "direction": "TW", "total_row_ft": 87.3, "roadbed_ft": 59.6, "median_ft": 0.0, "left_sw_ft": 9.3, "right_sw_ft": 18.4}, "geometry": {"type": "LineString", "coordinates": [[-73.84382658216369, 40.85221926976742], [-73.84354408765684, 40.85211268382402]]}}, {"type": "Feature", "properties": {"segment_id": 774257, "physicalid": "54448", "street_name": "EASTCHESTER RD", "borough": "bronx", "direction": "TW", "total_row_ft": 87.2, "roadbed_ft": 59.7, "median_ft": 0.0, "left_sw_ft": 9.1, "right_sw_ft": 18.4}, "geometry": {"type": "LineString", "coordinates": [[-73.84379565339376, 40.85226889773013], [-73.84351353876954, 40.85216245510419]]}}, {"type": "Feature", "properties": {"segment_id": 774258, "physicalid": "54448", "street_name": "EASTCHESTER RD", "borough": "bronx", "direction": "TW", "total_row_ft": 87.0, "roadbed_ft": 59.8, "median_ft": 0.0, "left_sw_ft": 8.9, "right_sw_ft": 18.3}, "geometry": {"type": "LineString", "coordinates": [[-73.8437647245777, 40.85231852568412], [-73.8434829898365, 40.85221222637587]]}}, {"type": "Feature", "properties": {"segment_id": 774259, "physicalid": "54448", "street_name": "EASTCHESTER RD", "borough": "bronx", "direction": "TW", "total_row_ft": 86.9, "roadbed_ft": 59.9, "median_ft": 0.0, "left_sw_ft": 8.8, "right_sw_ft": 18.3}, "geometry": {"type": "LineString", "coordinates": [[-73.84373379571547, 40.85236815362939], [-73.84345244085776, 40.852261997639005]]}}, {"type": "Feature", "properties": {"segment_id": 774260, "physicalid": "54448", "street_name": "EASTCHESTER RD", "borough": "bronx", "direction": "TW", "total_row_ft": 79.8, "roadbed_ft": 60.0, "median_ft": 0.0, "left_sw_ft": 8.6, "right_sw_ft": 11.2}, "geometry": {"type": "LineString", "coordinates": [[-73.84370286680706, 40.852417781565975], [-73.84344459624654, 40.85232033537257]]}}, {"type": "Feature", "properties": {"segment_id": 774261, "physicalid": "54448", "street_name": "EASTCHESTER RD", "borough": "bronx", "direction": "TW", "total_row_ft": 87.7, "roadbed_ft": 60.0, "median_ft": 0.0, "left_sw_ft": 8.5, "right_sw_ft": 19.3}, "geometry": {"type": "LineString", "coordinates": [[-73.84367193785255, 40.85246740949377], [-73.84338790563389, 40.85236024329439]]}}, {"type": "Feature", "properties": {"segment_id": 774262, "physicalid": "54448", "street_name": "EASTCHESTER RD", "borough": "bronx", "direction": "TW", "total_row_ft": 87.8, "roadbed_ft": 59.9, "median_ft": 0.0, "left_sw_ft": 8.8, "right_sw_ft": 19.2}, "geometry": {"type": "LineString", "coordinates": [[-73.84364173823177, 40.85251731260876], [-73.8433574148383, 40.85241003653634]]}}, {"type": "Feature", "properties": {"segment_id": 774263, "physicalid": "54448", "street_name": "EASTCHESTER RD", "borough": "bronx", "direction": "TW", "total_row_ft": 88.4, "roadbed_ft": 60.1, "median_ft": 0.0, "left_sw_ft": 9.2, "right_sw_ft": 19.1}, "geometry": {"type": "LineString", "coordinates": [[-73.84361297430858, 40.85256775742293], [-73.84332692399703, 40.85245982976979]]}}, {"type": "Feature", "properties": {"segment_id": 774264, "physicalid": "54448", "street_name": "EASTCHESTER RD", "borough": "bronx", "direction": "TW", "total_row_ft": 88.3, "roadbed_ft": 60.9, "median_ft": 0.0, "left_sw_ft": 8.4, "right_sw_ft": 19.0}, "geometry": {"type": "LineString", "coordinates": [[-73.84358211944634, 40.85261741333211], [-73.84329643311013, 40.85250962299475]]}}, {"type": "Feature", "properties": {"segment_id": 774265, "physicalid": "54448", "street_name": "EASTCHESTER RD", "borough": "bronx", "direction": "TW", "total_row_ft": 96.3, "roadbed_ft": 62.3, "median_ft": 0.0, "left_sw_ft": 15.2, "right_sw_ft": 18.9}, "geometry": {"type": "LineString", "coordinates": [[-73.84357781298168, 40.852677085989946], [-73.84326594217758, 40.85255941621121]]}}, {"type": "Feature", "properties": {"segment_id": 774266, "physicalid": "54448", "street_name": "EASTCHESTER RD", "borough": "bronx", "direction": "TW", "total_row_ft": 99.8, "roadbed_ft": 72.6, "median_ft": 0.0, "left_sw_ft": 8.4, "right_sw_ft": 18.8}, "geometry": {"type": "LineString", "coordinates": [[-73.84353136969243, 40.85272086038725], [-73.84323545119938, 40.8526092094192]]}}, {"type": "Feature", "properties": {"segment_id": 774267, "physicalid": "54448", "street_name": "EASTCHESTER RD", "borough": "bronx", "direction": "TW", "total_row_ft": 94.2, "roadbed_ft": 66.9, "median_ft": 0.0, "left_sw_ft": 8.7, "right_sw_ft": 18.6}, "geometry": {"type": "LineString", "coordinates": [[-73.84350994528457, 40.85277407444458], [-73.8432049601755, 40.852659002618715]]}}, {"type": "Feature", "properties": {"segment_id": 774268, "physicalid": "54448", "street_name": "EASTCHESTER RD", "borough": "bronx", "direction": "TW", "total_row_ft": 95.1, "roadbed_ft": 70.5, "median_ft": 0.0, "left_sw_ft": 6.0, "right_sw_ft": 18.6}, "geometry": {"type": "LineString", "coordinates": [[-73.84348130145558, 40.85282456461491], [-73.84317333455516, 40.85270836773787]]}}, {"type": "Feature", "properties": {"segment_id": 774269, "physicalid": "54448", "street_name": "EASTCHESTER RD", "borough": "bronx", "direction": "TW", "total_row_ft": 95.1, "roadbed_ft": 75.0, "median_ft": 0.0, "left_sw_ft": 1.4, "right_sw_ft": 18.7}, "geometry": {"type": "LineString", "coordinates": [[-73.84344913085175, 40.85287372413781], [-73.8431412886462, 40.85275757428855]]}}, {"type": "Feature", "properties": {"segment_id": 774270, "physicalid": "54448", "street_name": "EASTCHESTER RD", "borough": "bronx", "direction": "TW", "total_row_ft": 110.1, "roadbed_ft": 76.2, "median_ft": 0.0, "left_sw_ft": 15.0, "right_sw_ft": 18.8}, "geometry": {"type": "LineString", "coordinates": [[-73.84341696020039, 40.852922883651296], [-73.8431092426898, 40.85280678082992]]}}, {"type": "Feature", "properties": {"segment_id": 774271, "physicalid": "54448", "street_name": "EASTCHESTER RD", "borough": "bronx", "direction": "TW", "total_row_ft": 140.2, "roadbed_ft": 77.3, "median_ft": 5.2, "left_sw_ft": 15.0, "right_sw_ft": 42.7}, "geometry": {"type": "LineString", "coordinates": [[-73.84338478950144, 40.85297204315542], [-73.84299633491159, 40.85282547774141]]}}, {"type": "Feature", "properties": {"segment_id": 774272, "physicalid": "54449", "street_name": "EASTCHESTER RD", "borough": "bronx", "direction": "TW", "total_row_ft": 150.0, "roadbed_ft": 120.0, "median_ft": 0.0, "left_sw_ft": 15.0, "right_sw_ft": 15.0}, "geometry": {"type": "LineString", "coordinates": [[-73.84457828403013, 40.851157310189144], [-73.84419635438181, 40.851001185307474]]}}, {"type": "Feature", "properties": {"segment_id": 774273, "physicalid": "54449", "street_name": "EASTCHESTER RD", "borough": "bronx", "direction": "TW", "total_row_ft": 97.4, "roadbed_ft": 74.6, "median_ft": 5.6, "left_sw_ft": 5.6, "right_sw_ft": 11.6}, "geometry": {"type": "LineString", "coordinates": [[-73.84449500094863, 40.85118560908564], [-73.8442029395885, 40.85106622044702]]}}, {"type": "Feature", "properties": {"segment_id": 774274, "physicalid": "54450", "street_name": "EASTCHESTER RD", "borough": "bronx", "direction": "TW", "total_row_ft": 102.9, "roadbed_ft": 71.6, "median_ft": 0.0, "left_sw_ft": 8.7, "right_sw_ft": 22.6}, "geometry": {"type": "LineString", "coordinates": [[-73.8448765138283, 40.850554780251215], [-73.84453796419679, 40.85043763873898]]}}, {"type": "Feature", "properties": {"segment_id": 774275, "physicalid": "54450", "street_name": "EASTCHESTER RD", "borough": "bronx", "direction": "TW", "total_row_ft": 95.5, "roadbed_ft": 64.7, "median_ft": 0.0, "left_sw_ft": 9.4, "right_sw_ft": 21.4}, "geometry": {"type": "LineString", "coordinates": [[-73.84484861840303, 40.850605452716586], [-73.84453462215954, 40.850496806958155]]}}, {"type": "Feature", "properties": {"segment_id": 774276, "physicalid": "54450", "street_name": "EASTCHESTER RD", "borough": "bronx", "direction": "TW", "total_row_ft": 95.4, "roadbed_ft": 64.7, "median_ft": 0.0, "left_sw_ft": 9.2, "right_sw_ft": 21.5}, "geometry": {"type": "LineString", "coordinates": [[-73.84481785762837, 40.85065513375601], [-73.84450412354421, 40.85054657868882]]}}, {"type": "Feature", "properties": {"segment_id": 774277, "physicalid": "54450", "street_name": "EASTCHESTER RD", "borough": "bronx", "direction": "TW", "total_row_ft": 95.2, "roadbed_ft": 64.7, "median_ft": 0.0, "left_sw_ft": 9.0, "right_sw_ft": 21.5}, "geometry": {"type": "LineString", "coordinates": [[-73.84478675732612, 40.85070469732353], [-73.84447362545585, 40.85059635060904]]}}, {"type": "Feature", "properties": {"segment_id": 774278, "physicalid": "54450", "street_name": "EASTCHESTER RD", "borough": "bronx", "direction": "TW", "total_row_ft": 95.0, "roadbed_ft": 64.7, "median_ft": 0.0, "left_sw_ft": 8.7, "right_sw_ft": 21.5}, "geometry": {"type": "LineString", "coordinates": [[-73.8447556571887, 40.85075426095521], [-73.8444431273218, 40.850646122520835]]}}, {"type": "Feature", "properties": {"segment_id": 774279, "physicalid": "54450", "street_name": "EASTCHESTER RD", "borough": "bronx", "direction": "TW", "total_row_ft": 94.8, "roadbed_ft": 64.9, "median_ft": 0.0, "left_sw_ft": 8.5, "right_sw_ft": 21.5}, "geometry": {"type": "LineString", "coordinates": [[-73.84472455721458, 40.85080382465068], [-73.84441262914214, 40.85069589442413]]}}, {"type": "Feature", "properties": {"segment_id": 774280, "physicalid": "54450", "street_name": "EASTCHESTER RD", "borough": "bronx", "direction": "TW", "total_row_ft": 94.7, "roadbed_ft": 65.0, "median_ft": 0.0, "left_sw_ft": 8.3, "right_sw_ft": 21.4}, "geometry": {"type": "LineString", "coordinates": [[-73.84469345735992, 40.85085338839472], [-73.8443821303045, 40.85074566610703]]}}, {"type": "Feature", "properties": {"segment_id": 774281, "physicalid": "54450", "street_name": "EASTCHESTER RD", "borough": "bronx", "direction": "TW", "total_row_ft": 100.0, "roadbed_ft": 65.1, "median_ft": 0.0, "left_sw_ft": 13.5, "right_sw_ft": 21.3}, "geometry": {"type": "LineString", "coordinates": [[-73.84468048406534, 40.85090922408228], [-73.84435163212125, 40.85079543802365]]}}, {"type": "Feature", "properties": {"segment_id": 774282, "physicalid": "54450", "street_name": "EASTCHESTER RD", "borough": "bronx", "direction": "TW", "total_row_ft": 100.2, "roadbed_ft": 65.5, "median_ft": 0.0, "left_sw_ft": 13.7, "right_sw_ft": 21.0}, "geometry": {"type": "LineString", "coordinates": [[-73.84465072322647, 40.85095925115216], [-73.8443211720589, 40.850845223137846]]}}, {"type": "Feature", "properties": {"segment_id": 774283, "physicalid": "54450", "street_name": "EASTCHESTER RD", "borough": "bronx", "direction": "TW", "total_row_ft": 100.3, "roadbed_ft": 66.0, "median_ft": 0.0, "left_sw_ft": 13.9, "right_sw_ft": 20.5}, "geometry": {"type": "LineString", "coordinates": [[-73.84462096245949, 40.85100927825427], [-73.84429089497813, 40.850895071573255]]}}, {"type": "Feature", "properties": {"segment_id": 774284, "physicalid": "54450", "street_name": "EASTCHESTER RD", "borough": "bronx", "direction": "TW", "total_row_ft": 119.8, "roadbed_ft": 68.0, "median_ft": 0.0, "left_sw_ft": 25.4, "right_sw_ft": 26.4}, "geometry": {"type": "LineString", "coordinates": [[-73.84463225736758, 40.85107351095023], [-73.84423819816575, 40.850937162512636]]}}, {"type": "Feature", "properties": {"segment_id": 774285, "physicalid": "54451", "street_name": "EASTCHESTER RD", "borough": "bronx", "direction": "TW", "total_row_ft": 107.2, "roadbed_ft": 81.0, "median_ft": 0.0, "left_sw_ft": 13.7, "right_sw_ft": 12.5}, "geometry": {"type": "LineString", "coordinates": [[-73.84502750869588, 40.85028591794678], [-73.84466345932901, 40.850184836129195]]}}, {"type": "Feature", "properties": {"segment_id": 774286, "physicalid": "54451", "street_name": "EASTCHESTER RD", "borough": "bronx", "direction": "TW", "total_row_ft": 106.0, "roadbed_ft": 76.6, "median_ft": 0.0, "left_sw_ft": 13.6, "right_sw_ft": 15.8}, "geometry": {"type": "LineString", "coordinates": [[-73.84499858355191, 40.85033633546293], [-73.84463863261774, 40.850236391597136]]}}, {"type": "Feature", "properties": {"segment_id": 774287, "physicalid": "54451", "street_name": "EASTCHESTER RD", "borough": "bronx", "direction": "TW", "total_row_ft": 104.8, "roadbed_ft": 72.3, "median_ft": 0.0, "left_sw_ft": 13.5, "right_sw_ft": 19.1}, "geometry": {"type": "LineString", "coordinates": [[-73.84496965836409, 40.85038675297136], [-73.844613805868, 40.850287947059265]]}}, {"type": "Feature", "properties": {"segment_id": 774288, "physicalid": "54451", "street_name": "EASTCHESTER RD", "borough": "bronx", "direction": "TW", "total_row_ft": 101.4, "roadbed_ft": 68.8, "median_ft": 0.0, "left_sw_ft": 13.6, "right_sw_ft": 19.0}, "geometry": {"type": "LineString", "coordinates": [[-73.8449411878444, 40.85043729672648], [-73.84459701945066, 40.850341735018496]]}}, {"type": "Feature", "properties": {"segment_id": 774299, "physicalid": "54452", "street_name": "EASTCHESTER RD", "borough": "bronx", "direction": "TW", "total_row_ft": 139.1, "roadbed_ft": 105.5, "median_ft": 4.1, "left_sw_ft": 15.0, "right_sw_ft": 14.5}, "geometry": {"type": "LineString", "coordinates": [[-73.84513339151889, 40.850041862687625], [-73.84470358441666, 40.8499975521471]]}}, {"type": "Feature", "properties": {"segment_id": 774300, "physicalid": "54452", "street_name": "EASTCHESTER RD", "borough": "bronx", "direction": "TW", "total_row_ft": 135.1, "roadbed_ft": 106.8, "median_ft": 0.1, "left_sw_ft": 15.0, "right_sw_ft": 13.2}, "geometry": {"type": "LineString", "coordinates": [[-73.84512366602955, 40.85009625774797], [-73.84469385858233, 40.850051947171636]]}}, {"type": "Feature", "properties": {"segment_id": 774301, "physicalid": "54452", "street_name": "EASTCHESTER RD", "borough": "bronx", "direction": "TW", "total_row_ft": 117.7, "roadbed_ft": 90.9, "median_ft": 0.0, "left_sw_ft": 14.6, "right_sw_ft": 12.1}, "geometry": {"type": "LineString", "coordinates": [[-73.84510560472043, 40.85014979345125], [-73.84468413273208, 40.85010634219481]]}}, {"type": "Feature", "properties": {"segment_id": 778288, "physicalid": "54709", "street_name": "WILSON AVE", "borough": "bronx", "direction": "TW", "total_row_ft": 150.0, "roadbed_ft": 120.0, "median_ft": 0.0, "left_sw_ft": 15.0, "right_sw_ft": 15.0}, "geometry": {"type": "LineString", "coordinates": [[-73.84949057255702, 40.8598699691656], [-73.84905693056913, 40.85986068109802]]}}, {"type": "Feature", "properties": {"segment_id": 778289, "physicalid": "54709", "street_name": "WILSON AVE", "borough": "bronx", "direction": "TW", "total_row_ft": 61.4, "roadbed_ft": 42.7, "median_ft": 0.0, "left_sw_ft": 8.3, "right_sw_ft": 10.4}, "geometry": {"type": "LineString", "coordinates": [[-73.84937812455779, 40.85992247665258], [-73.84915641466124, 40.85991772789611]]}}, {"type": "Feature", "properties": {"segment_id": 778290, "physicalid": "54709", "street_name": "WILSON AVE", "borough": "bronx", "direction": "TW", "total_row_ft": 60.7, "roadbed_ft": 42.6, "median_ft": 0.0, "left_sw_ft": 8.0, "right_sw_ft": 10.1}, "geometry": {"type": "LineString", "coordinates": [[-73.84937498294157, 40.85997732519084], [-73.84915563121689, 40.85997262694373]]}}, {"type": "Feature", "properties": {"segment_id": 778309, "physicalid": "54710", "street_name": "WILSON AVE", "borough": "bronx", "direction": "TW", "total_row_ft": 120.0, "roadbed_ft": 53.2, "median_ft": 0.0, "left_sw_ft": 32.6, "right_sw_ft": 34.2}, "geometry": {"type": "LineString", "coordinates": [[-73.84952452894507, 40.85876246289023], [-73.84909083722606, 40.85875486047437]]}}, {"type": "Feature", "properties": {"segment_id": 778310, "physicalid": "54710", "street_name": "WILSON AVE", "borough": "bronx", "direction": "TW", "total_row_ft": 60.1, "roadbed_ft": 44.8, "median_ft": 0.0, "left_sw_ft": 7.2, "right_sw_ft": 8.0}, "geometry": {"type": "LineString", "coordinates": [[-73.84941408705215, 40.85881543567523], [-73.84919692300964, 40.85881162888873]]}}, {"type": "Feature", "properties": {"segment_id": 778311, "physicalid": "54710", "street_name": "WILSON AVE", "borough": "bronx", "direction": "TW", "total_row_ft": 60.1, "roadbed_ft": 44.2, "median_ft": 0.0, "left_sw_ft": 7.6, "right_sw_ft": 8.3}, "geometry": {"type": "LineString", "coordinates": [[-73.84941304881757, 40.85887032610146], [-73.84919589466888, 40.85886651948966]]}}, {"type": "Feature", "properties": {"segment_id": 778312, "physicalid": "54710", "street_name": "WILSON AVE", "borough": "bronx", "direction": "TW", "total_row_ft": 60.1, "roadbed_ft": 43.6, "median_ft": 0.0, "left_sw_ft": 8.0, "right_sw_ft": 8.5}, "geometry": {"type": "LineString", "coordinates": [[-73.84941201078524, 40.858925216530736], [-73.84919486632643, 40.85892141009]]}}, {"type": "Feature", "properties": {"segment_id": 778313, "physicalid": "54710", "street_name": "WILSON AVE", "borough": "bronx", "direction": "TW", "total_row_ft": 60.1, "roadbed_ft": 42.9, "median_ft": 0.0, "left_sw_ft": 8.4, "right_sw_ft": 8.7}, "geometry": {"type": "LineString", "coordinates": [[-73.8494109727512, 40.85898010695944], [-73.84919383798227, 40.858976300689854]]}}, {"type": "Feature", "properties": {"segment_id": 778314, "physicalid": "54710", "street_name": "WILSON AVE", "borough": "bronx", "direction": "TW", "total_row_ft": 60.1, "roadbed_ft": 42.3, "median_ft": 0.0, "left_sw_ft": 8.8, "right_sw_ft": 9.0}, "geometry": {"type": "LineString", "coordinates": [[-73.84940993471545, 40.859034997387646], [-73.84919280963642, 40.85903119128909]]}}, {"type": "Feature", "properties": {"segment_id": 778315, "physicalid": "54710", "street_name": "WILSON AVE", "borough": "bronx", "direction": "TW", "total_row_ft": 60.2, "roadbed_ft": 41.7, "median_ft": 0.0, "left_sw_ft": 9.2, "right_sw_ft": 9.4}, "geometry": {"type": "LineString", "coordinates": [[-73.84940889612596, 40.85908988780562], [-73.84919123042071, 40.85908607223089]]}}, {"type": "Feature", "properties": {"segment_id": 778316, "physicalid": "54710", "street_name": "WILSON AVE", "borough": "bronx", "direction": "TW", "total_row_ft": 60.0, "roadbed_ft": 41.3, "median_ft": 0.0, "left_sw_ft": 9.1, "right_sw_ft": 9.6}, "geometry": {"type": "LineString", "coordinates": [[-73.84940636759684, 40.859144752106566], [-73.84918940034012, 40.85914094877438]]}}, {"type": "Feature", "properties": {"segment_id": 778317, "physicalid": "54710", "street_name": "WILSON AVE", "borough": "bronx", "direction": "TW", "total_row_ft": 59.8, "roadbed_ft": 41.2, "median_ft": 0.0, "left_sw_ft": 9.1, "right_sw_ft": 9.5}, "geometry": {"type": "LineString", "coordinates": [[-73.84940372164576, 40.859199614348746], [-73.84918757025652, 40.85919582531729]]}}, {"type": "Feature", "properties": {"segment_id": 778318, "physicalid": "54710", "street_name": "WILSON AVE", "borough": "bronx", "direction": "TW", "total_row_ft": 59.6, "roadbed_ft": 41.1, "median_ft": 0.0, "left_sw_ft": 9.0, "right_sw_ft": 9.4}, "geometry": {"type": "LineString", "coordinates": [[-73.84940107569031, 40.85925447659033], [-73.84918574016989, 40.85925070185965]]}}, {"type": "Feature", "properties": {"segment_id": 778319, "physicalid": "54710", "street_name": "WILSON AVE", "borough": "bronx", "direction": "TW", "total_row_ft": 59.4, "roadbed_ft": 41.1, "median_ft": 0.0, "left_sw_ft": 9.0, "right_sw_ft": 9.3}, "geometry": {"type": "LineString", "coordinates": [[-73.84939842973048, 40.85930933883134], [-73.84918391008026, 40.859305578401454]]}}, {"type": "Feature", "properties": {"segment_id": 778320, "physicalid": "54710", "street_name": "WILSON AVE", "borough": "bronx", "direction": "TW", "total_row_ft": 59.1, "roadbed_ft": 41.2, "median_ft": 0.0, "left_sw_ft": 8.6, "right_sw_ft": 9.3}, "geometry": {"type": "LineString", "coordinates": [[-73.84939578376631, 40.859364201071735], [-73.84918207998757, 40.85936045494268]]}}, {"type": "Feature", "properties": {"segment_id": 778321, "physicalid": "54710", "street_name": "WILSON AVE", "borough": "bronx", "direction": "TW", "total_row_ft": 58.9, "roadbed_ft": 41.6, "median_ft": 0.0, "left_sw_ft": 8.2, "right_sw_ft": 9.2}, "geometry": {"type": "LineString", "coordinates": [[-73.84939313779778, 40.859419063311556], [-73.8491802498919, 40.85941533148337]]}}, {"type": "Feature", "properties": {"segment_id": 778322, "physicalid": "54710", "street_name": "WILSON AVE", "borough": "bronx", "direction": "TW", "total_row_ft": 58.7, "roadbed_ft": 41.9, "median_ft": 0.0, "left_sw_ft": 7.7, "right_sw_ft": 9.2}, "geometry": {"type": "LineString", "coordinates": [[-73.84939049182486, 40.8594739255508], [-73.8491782076146, 40.859470204303896]]}}, {"type": "Feature", "properties": {"segment_id": 778323, "physicalid": "54710", "street_name": "WILSON AVE", "borough": "bronx", "direction": "TW", "total_row_ft": 58.7, "roadbed_ft": 42.2, "median_ft": 0.0, "left_sw_ft": 7.2, "right_sw_ft": 9.3}, "geometry": {"type": "LineString", "coordinates": [[-73.84938784584759, 40.85952878778942], [-73.84917552101216, 40.85952506582858]]}}, {"type": "Feature", "properties": {"segment_id": 778324, "physicalid": "54710", "street_name": "WILSON AVE", "borough": "bronx", "direction": "TW", "total_row_ft": 58.8, "roadbed_ft": 42.5, "median_ft": 0.0, "left_sw_ft": 6.8, "right_sw_ft": 9.5}, "geometry": {"type": "LineString", "coordinates": [[-73.84938519986595, 40.85958365002745], [-73.84917283440528, 40.85957992735269]]}}, {"type": "Feature", "properties": {"segment_id": 778325, "physicalid": "54710", "street_name": "WILSON AVE", "borough": "bronx", "direction": "TW", "total_row_ft": 58.6, "roadbed_ft": 42.9, "median_ft": 0.0, "left_sw_ft": 6.3, "right_sw_ft": 9.4}, "geometry": {"type": "LineString", "coordinates": [[-73.84938274127975, 40.85963851554977], [-73.8491709570049, 40.85963480306202]]}}, {"type": "Feature", "properties": {"segment_id": 778326, "physicalid": "54710", "street_name": "WILSON AVE", "borough": "bronx", "direction": "TW", "total_row_ft": 58.2, "roadbed_ft": 43.2, "median_ft": 0.0, "left_sw_ft": 6.0, "right_sw_ft": 9.0}, "geometry": {"type": "LineString", "coordinates": [[-73.84938062999508, 40.8596933871593], [-73.84917037925833, 40.859689701554466]]}}, {"type": "Feature", "properties": {"segment_id": 778327, "physicalid": "54710", "street_name": "WILSON AVE", "borough": "bronx", "direction": "TW", "total_row_ft": 120.0, "roadbed_ft": 45.6, "median_ft": 0.0, "left_sw_ft": 36.4, "right_sw_ft": 38.0}, "geometry": {"type": "LineString", "coordinates": [[-73.84949449215453, 40.859750291569156], [-73.84906079399728, 40.85974268904164]]}}, {"type": "Feature", "properties": {"segment_id": 778899, "physicalid": "54756", "street_name": "ASTOR AVE", "borough": "bronx", "direction": "TW", "total_row_ft": 60.1, "roadbed_ft": 43.9, "median_ft": 0.0, "left_sw_ft": 8.2, "right_sw_ft": 8.0}, "geometry": {"type": "LineString", "coordinates": [[-73.84998083360172, 40.85989749397071], [-73.84997728725693, 40.859732488554556]]}}, {"type": "Feature", "properties": {"segment_id": 778900, "physicalid": "54756", "street_name": "ASTOR AVE", "borough": "bronx", "direction": "TW", "total_row_ft": 60.4, "roadbed_ft": 44.1, "median_ft": 0.0, "left_sw_ft": 8.5, "right_sw_ft": 7.7}, "geometry": {"type": "LineString", "coordinates": [[-73.84990855145185, 40.85989888658321], [-73.84990499057274, 40.85973319653073]]}}, {"type": "Feature", "properties": {"segment_id": 778901, "physicalid": "54756", "street_name": "ASTOR AVE", "borough": "bronx", "direction": "TW", "total_row_ft": 60.3, "roadbed_ft": 44.3, "median_ft": 0.0, "left_sw_ft": 8.7, "right_sw_ft": 7.3}, "geometry": {"type": "LineString", "coordinates": [[-73.8498362598901, 40.85989984132875], [-73.8498327029174, 40.859734324673575]]}}, {"type": "Feature", "properties": {"segment_id": 778902, "physicalid": "54756", "street_name": "ASTOR AVE", "borough": "bronx", "direction": "TW", "total_row_ft": 60.3, "roadbed_ft": 44.5, "median_ft": 0.0, "left_sw_ft": 8.9, "right_sw_ft": 6.9}, "geometry": {"type": "LineString", "coordinates": [[-73.84976396832492, 40.85990079596771], [-73.84976041337259, 40.85973536495828]]}}, {"type": "Feature", "properties": {"segment_id": 778903, "physicalid": "54756", "street_name": "ASTOR AVE", "borough": "bronx", "direction": "TW", "total_row_ft": 60.4, "roadbed_ft": 44.8, "median_ft": 0.0, "left_sw_ft": 8.8, "right_sw_ft": 6.8}, "geometry": {"type": "LineString", "coordinates": [[-73.84969167675449, 40.859901750412234], [-73.84968811689023, 40.859736082444215]]}}, {"type": "Feature", "properties": {"segment_id": 778904, "physicalid": "54756", "street_name": "ASTOR AVE", "borough": "bronx", "direction": "TW", "total_row_ft": 60.5, "roadbed_ft": 44.6, "median_ft": 0.0, "left_sw_ft": 8.6, "right_sw_ft": 7.2}, "geometry": {"type": "LineString", "coordinates": [[-73.84961938518276, 40.85990270484776], [-73.84961582040152, 40.85973679966253]]}}, {"type": "Feature", "properties": {"segment_id": 778905, "physicalid": "54756", "street_name": "ASTOR AVE", "borough": "bronx", "direction": "TW", "total_row_ft": 60.5, "roadbed_ft": 44.5, "median_ft": 0.0, "left_sw_ft": 8.4, "right_sw_ft": 7.7}, "geometry": {"type": "LineString", "coordinates": [[-73.8495470936095, 40.8599036592633], [-73.84954352344164, 40.859737494977594]]}}, {"type": "Feature", "properties": {"segment_id": 778906, "physicalid": "54756", "street_name": "ASTOR AVE", "borough": "bronx", "direction": "TW", "total_row_ft": 60.7, "roadbed_ft": 44.3, "median_ft": 0.0, "left_sw_ft": 8.2, "right_sw_ft": 8.2}, "geometry": {"type": "LineString", "coordinates": [[-73.84947480203365, 40.85990461360953], [-73.8494712235153, 40.85973805224407]]}}, {"type": "Feature", "properties": {"segment_id": 778907, "physicalid": "54756", "street_name": "ASTOR AVE", "borough": "bronx", "direction": "TW", "total_row_ft": 61.3, "roadbed_ft": 44.1, "median_ft": 0.0, "left_sw_ft": 8.1, "right_sw_ft": 9.1}, "geometry": {"type": "LineString", "coordinates": [[-73.84940251045325, 40.85990556779517], [-73.84939889853675, 40.859737443410424]]}}, {"type": "Feature", "properties": {"segment_id": 778908, "physicalid": "54757", "street_name": "ASTOR AVE", "borough": "bronx", "direction": "TW", "total_row_ft": 150.0, "roadbed_ft": 120.0, "median_ft": 0.0, "left_sw_ft": 15.0, "right_sw_ft": 15.0}, "geometry": {"type": "LineString", "coordinates": [[-73.84921720623225, 40.859988095212884], [-73.84922491881593, 40.85965878334175]]}}, {"type": "Feature", "properties": {"segment_id": 778909, "physicalid": "54757", "street_name": "ASTOR AVE", "borough": "bronx", "direction": "TW", "total_row_ft": 61.5, "roadbed_ft": 43.8, "median_ft": 0.0, "left_sw_ft": 8.9, "right_sw_ft": 8.8}, "geometry": {"type": "LineString", "coordinates": [[-73.84914673159055, 40.85990956298615], [-73.8491506856223, 40.859740741600625]]}}, {"type": "Feature", "properties": {"segment_id": 778910, "physicalid": "54757", "street_name": "ASTOR AVE", "borough": "bronx", "direction": "TW", "total_row_ft": 61.2, "roadbed_ft": 43.5, "median_ft": 0.0, "left_sw_ft": 9.1, "right_sw_ft": 8.6}, "geometry": {"type": "LineString", "coordinates": [[-73.84907443436771, 40.85990885104732], [-73.84907837116016, 40.859740773514716]]}}, {"type": "Feature", "properties": {"segment_id": 778911, "physicalid": "54757", "street_name": "ASTOR AVE", "borough": "bronx", "direction": "TW", "total_row_ft": 61.0, "roadbed_ft": 43.3, "median_ft": 0.0, "left_sw_ft": 9.4, "right_sw_ft": 8.3}, "geometry": {"type": "LineString", "coordinates": [[-73.8490021371464, 40.85990813906316], [-73.84900605669955, 40.85974080531516]]}}, {"type": "Feature", "properties": {"segment_id": 778912, "physicalid": "54757", "street_name": "ASTOR AVE", "borough": "bronx", "direction": "TW", "total_row_ft": 60.7, "roadbed_ft": 43.0, "median_ft": 0.0, "left_sw_ft": 9.6, "right_sw_ft": 8.1}, "geometry": {"type": "LineString", "coordinates": [[-73.84892983992664, 40.85990742703372], [-73.84893374223886, 40.85974083707028]]}}, {"type": "Feature", "properties": {"segment_id": 778913, "physicalid": "54757", "street_name": "ASTOR AVE", "borough": "bronx", "direction": "TW", "total_row_ft": 60.6, "roadbed_ft": 42.9, "median_ft": 0.0, "left_sw_ft": 9.8, "right_sw_ft": 7.9}, "geometry": {"type": "LineString", "coordinates": [[-73.84885754270843, 40.85990671495898], [-73.84886143637338, 40.85974050186299]]}}, {"type": "Feature", "properties": {"segment_id": 778914, "physicalid": "54757", "street_name": "ASTOR AVE", "borough": "bronx", "direction": "TW", "total_row_ft": 60.7, "roadbed_ft": 42.7, "median_ft": 0.0, "left_sw_ft": 9.9, "right_sw_ft": 8.1}, "geometry": {"type": "LineString", "coordinates": [[-73.84878524549178, 40.859906002838926], [-73.84878914581749, 40.8597395131336]]}}, {"type": "Feature", "properties": {"segment_id": 778915, "physicalid": "54757", "street_name": "ASTOR AVE", "borough": "bronx", "direction": "TW", "total_row_ft": 60.0, "roadbed_ft": 42.8, "median_ft": 0.0, "left_sw_ft": 9.3, "right_sw_ft": 8.0}, "geometry": {"type": "LineString", "coordinates": [[-73.8487129968899, 40.85990321566587], [-73.84871685526375, 40.85973852435909]]}}, {"type": "Feature", "properties": {"segment_id": 778916, "physicalid": "54757", "street_name": "ASTOR AVE", "borough": "bronx", "direction": "TW", "total_row_ft": 59.3, "roadbed_ft": 42.9, "median_ft": 0.0, "left_sw_ft": 8.6, "right_sw_ft": 7.8}, "geometry": {"type": "LineString", "coordinates": [[-73.84864075036523, 40.859900340046316], [-73.84864456471215, 40.8597375355393]]}}, {"type": "Feature", "properties": {"segment_id": 778917, "physicalid": "54757", "street_name": "ASTOR AVE", "borough": "bronx", "direction": "TW", "total_row_ft": 58.6, "roadbed_ft": 43.0, "median_ft": 0.0, "left_sw_ft": 7.9, "right_sw_ft": 7.7}, "geometry": {"type": "LineString", "coordinates": [[-73.8485685038468, 40.85989746438157], [-73.84857227416343, 40.859736546643184]]}}, {"type": "Feature", "properties": {"segment_id": 778918, "physicalid": "54757", "street_name": "ASTOR AVE", "borough": "bronx", "direction": "TW", "total_row_ft": 58.1, "roadbed_ft": 43.1, "median_ft": 0.0, "left_sw_ft": 7.3, "right_sw_ft": 7.8}, "geometry": {"type": "LineString", "coordinates": [[-73.84849625733463, 40.85989458867157], [-73.84849999597984, 40.859735030071064]]}}, {"type": "Feature", "properties": {"segment_id": 778919, "physicalid": "54757", "street_name": "ASTOR AVE", "borough": "bronx", "direction": "TW", "total_row_ft": 58.7, "roadbed_ft": 43.2, "median_ft": 0.0, "left_sw_ft": 7.2, "right_sw_ft": 8.2}, "geometry": {"type": "LineString", "coordinates": [[-73.8484239718076, 40.85989337818535], [-73.84842774348891, 40.8597324171251]]}}, {"type": "Feature", "properties": {"segment_id": 778920, "physicalid": "54757", "street_name": "ASTOR AVE", "borough": "bronx", "direction": "TW", "total_row_ft": 135.0, "roadbed_ft": 86.7, "median_ft": 0.0, "left_sw_ft": 15.0, "right_sw_ft": 33.3}, "geometry": {"type": "LineString", "coordinates": [[-73.84834971288232, 40.859976380703756], [-73.84835742976009, 40.85964706888994]]}}, {"type": "Feature", "properties": {"segment_id": 778921, "physicalid": "54758", "street_name": "ASTOR AVE", "borough": "bronx", "direction": "TW", "total_row_ft": 150.0, "roadbed_ft": 120.0, "median_ft": 0.0, "left_sw_ft": 15.0, "right_sw_ft": 15.0}, "geometry": {"type": "LineString", "coordinates": [[-73.8482373314811, 40.859974598642204], [-73.84824779488612, 40.85964533053223]]}}, {"type": "Feature", "properties": {"segment_id": 778922, "physicalid": "54758", "street_name": "ASTOR AVE", "borough": "bronx", "direction": "TW", "total_row_ft": 60.3, "roadbed_ft": 42.4, "median_ft": 0.0, "left_sw_ft": 7.9, "right_sw_ft": 10.1}, "geometry": {"type": "LineString", "coordinates": [[-73.84816778139032, 40.859887324310854], [-73.8481730393076, 40.85972187095397]]}}, {"type": "Feature", "properties": {"segment_id": 778923, "physicalid": "54758", "street_name": "ASTOR AVE", "borough": "bronx", "direction": "TW", "total_row_ft": 59.6, "roadbed_ft": 42.5, "median_ft": 0.0, "left_sw_ft": 7.4, "right_sw_ft": 9.6}, "geometry": {"type": "LineString", "coordinates": [[-73.84809552312126, 40.85988527218426], [-73.84810071826811, 40.85972179964587]]}}, {"type": "Feature", "properties": {"segment_id": 778924, "physicalid": "54758", "street_name": "ASTOR AVE", "borough": "bronx", "direction": "TW", "total_row_ft": 59.0, "roadbed_ft": 42.7, "median_ft": 0.0, "left_sw_ft": 7.0, "right_sw_ft": 9.2}, "geometry": {"type": "LineString", "coordinates": [[-73.84802326485666, 40.859883220012385], [-73.84802840924115, 40.8597213503183]]}}, {"type": "Feature", "properties": {"segment_id": 778925, "physicalid": "54758", "street_name": "ASTOR AVE", "borough": "bronx", "direction": "TW", "total_row_ft": 59.1, "roadbed_ft": 42.9, "median_ft": 0.0, "left_sw_ft": 6.6, "right_sw_ft": 9.5}, "geometry": {"type": "LineString", "coordinates": [[-73.84795100659652, 40.85988116779529], [-73.84795615777756, 40.85971908978442]]}}, {"type": "Feature", "properties": {"segment_id": 778926, "physicalid": "54758", "street_name": "ASTOR AVE", "borough": "bronx", "direction": "TW", "total_row_ft": 59.1, "roadbed_ft": 43.1, "median_ft": 0.0, "left_sw_ft": 6.2, "right_sw_ft": 9.9}, "geometry": {"type": "LineString", "coordinates": [[-73.84787874834085, 40.859879115532905], [-73.84788390631888, 40.859716829205325]]}}, {"type": "Feature", "properties": {"segment_id": 778927, "physicalid": "54758", "street_name": "ASTOR AVE", "borough": "bronx", "direction": "TW", "total_row_ft": 59.6, "roadbed_ft": 43.2, "median_ft": 0.0, "left_sw_ft": 6.2, "right_sw_ft": 10.2}, "geometry": {"type": "LineString", "coordinates": [[-73.84780645358009, 40.8598782118889], [-73.8478116548651, 40.85971456858096]]}}, {"type": "Feature", "properties": {"segment_id": 778928, "physicalid": "54758", "street_name": "ASTOR AVE", "borough": "bronx", "direction": "TW", "total_row_ft": 60.3, "roadbed_ft": 43.4, "median_ft": 0.0, "left_sw_ft": 6.4, "right_sw_ft": 10.5}, "geometry": {"type": "LineString", "coordinates": [[-73.84773414502986, 40.85987774209055], [-73.84773940341623, 40.859712307911366]]}}, {"type": "Feature", "properties": {"segment_id": 778929, "physicalid": "54758", "street_name": "ASTOR AVE", "borough": "bronx", "direction": "TW", "total_row_ft": 60.9, "roadbed_ft": 43.6, "median_ft": 0.0, "left_sw_ft": 6.6, "right_sw_ft": 10.8}, "geometry": {"type": "LineString", "coordinates": [[-73.84766183648068, 40.859877272246884], [-73.84766714960628, 40.85971012163103]]}}, {"type": "Feature", "properties": {"segment_id": 778930, "physicalid": "54758", "street_name": "ASTOR AVE", "borough": "bronx", "direction": "TW", "total_row_ft": 61.6, "roadbed_ft": 43.8, "median_ft": 0.0, "left_sw_ft": 6.8, "right_sw_ft": 11.0}, "geometry": {"type": "LineString", "coordinates": [[-73.84758951844867, 40.859877100707884], [-73.8475948915228, 40.859708069895284]]}}, {"type": "Feature", "properties": {"segment_id": 778931, "physicalid": "54758", "street_name": "ASTOR AVE", "borough": "bronx", "direction": "TW", "total_row_ft": 62.6, "roadbed_ft": 44.0, "median_ft": 0.0, "left_sw_ft": 7.4, "right_sw_ft": 11.2}, "geometry": {"type": "LineString", "coordinates": [[-73.84751717592545, 40.859877699573005], [-73.84752263345146, 40.859706017872874]]}}, {"type": "Feature", "properties": {"segment_id": 778932, "physicalid": "54758", "street_name": "ASTOR AVE", "borough": "bronx", "direction": "TW", "total_row_ft": 120.0, "roadbed_ft": 45.9, "median_ft": 0.0, "left_sw_ft": 37.0, "right_sw_ft": 37.1}, "geometry": {"type": "LineString", "coordinates": [[-73.84744223511335, 40.8599600316618], [-73.84745270245254, 40.85963076362312]]}}, {"type": "Feature", "properties": {"segment_id": 778933, "physicalid": "54759", "street_name": "ASTOR AVE", "borough": "bronx", "direction": "TW", "total_row_ft": 150.0, "roadbed_ft": 120.0, "median_ft": 0.0, "left_sw_ft": 15.0, "right_sw_ft": 15.0}, "geometry": {"type": "LineString", "coordinates": [[-73.84729933901039, 40.85995730643108], [-73.84731092433945, 40.859628059973566]]}}, {"type": "Feature", "properties": {"segment_id": 778934, "physicalid": "54759", "street_name": "ASTOR AVE", "borough": "bronx", "direction": "TW", "total_row_ft": 61.9, "roadbed_ft": 44.2, "median_ft": 0.0, "left_sw_ft": 8.8, "right_sw_ft": 8.9}, "geometry": {"type": "LineString", "coordinates": [[-73.84722990404943, 40.85987508224983], [-73.84723587842116, 40.85970530027564]]}}, {"type": "Feature", "properties": {"segment_id": 778935, "physicalid": "54759", "street_name": "ASTOR AVE", "borough": "bronx", "direction": "TW", "total_row_ft": 61.5, "roadbed_ft": 44.2, "median_ft": 0.0, "left_sw_ft": 8.4, "right_sw_ft": 8.9}, "geometry": {"type": "LineString", "coordinates": [[-73.84715765507812, 40.859872829947726], [-73.84716359767798, 40.859703956092126]]}}, {"type": "Feature", "properties": {"segment_id": 778936, "physicalid": "54759", "street_name": "ASTOR AVE", "borough": "bronx", "direction": "TW", "total_row_ft": 61.1, "roadbed_ft": 44.3, "median_ft": 0.0, "left_sw_ft": 7.8, "right_sw_ft": 9.0}, "geometry": {"type": "LineString", "coordinates": [[-73.84708542198591, 40.85987012650998], [-73.84709131693772, 40.8597026118633]]}}, {"type": "Feature", "properties": {"segment_id": 778937, "physicalid": "54759", "street_name": "ASTOR AVE", "borough": "bronx", "direction": "TW", "total_row_ft": 60.6, "roadbed_ft": 44.3, "median_ft": 0.0, "left_sw_ft": 7.2, "right_sw_ft": 9.1}, "geometry": {"type": "LineString", "coordinates": [[-73.84701318889957, 40.85986742302701], [-73.84701903620038, 40.8597012675892]]}}, {"type": "Feature", "properties": {"segment_id": 778938, "physicalid": "54759", "street_name": "ASTOR AVE", "borough": "bronx", "direction": "TW", "total_row_ft": 60.1, "roadbed_ft": 44.3, "median_ft": 0.0, "left_sw_ft": 6.6, "right_sw_ft": 9.1}, "geometry": {"type": "LineString", "coordinates": [[-73.84694095581908, 40.859864719498816], [-73.8469467554767, 40.85969992296509]]}}, {"type": "Feature", "properties": {"segment_id": 778939, "physicalid": "54759", "street_name": "ASTOR AVE", "borough": "bronx", "direction": "TW", "total_row_ft": 60.0, "roadbed_ft": 44.4, "median_ft": 0.0, "left_sw_ft": 6.6, "right_sw_ft": 9.1}, "geometry": {"type": "LineString", "coordinates": [[-73.84686866907565, 40.85986354086773], [-73.8468744635027, 40.859698898046005]]}}, {"type": "Feature", "properties": {"segment_id": 778940, "physicalid": "54759", "street_name": "ASTOR AVE", "borough": "bronx", "direction": "TW", "total_row_ft": 59.9, "roadbed_ft": 44.4, "median_ft": 0.0, "left_sw_ft": 6.5, "right_sw_ft": 9.0}, "geometry": {"type": "LineString", "coordinates": [[-73.84679637854694, 40.8598624698152], [-73.84680216759322, 40.85969798496393]]}}, {"type": "Feature", "properties": {"segment_id": 778941, "physicalid": "54759", "street_name": "ASTOR AVE", "borough": "bronx", "direction": "TW", "total_row_ft": 59.9, "roadbed_ft": 44.5, "median_ft": 0.0, "left_sw_ft": 6.5, "right_sw_ft": 8.9}, "geometry": {"type": "LineString", "coordinates": [[-73.84672408802057, 40.85986139871739], [-73.84672987168574, 40.859697071836536]]}}, {"type": "Feature", "properties": {"segment_id": 778942, "physicalid": "54759", "street_name": "ASTOR AVE", "borough": "bronx", "direction": "TW", "total_row_ft": 59.8, "roadbed_ft": 44.5, "median_ft": 0.0, "left_sw_ft": 6.5, "right_sw_ft": 8.8}, "geometry": {"type": "LineString", "coordinates": [[-73.84665179749443, 40.85986032763359], [-73.84665757578024, 40.85969615866386]]}}, {"type": "Feature", "properties": {"segment_id": 778943, "physicalid": "54759", "street_name": "ASTOR AVE", "borough": "bronx", "direction": "TW", "total_row_ft": 59.8, "roadbed_ft": 44.6, "median_ft": 0.0, "left_sw_ft": 6.5, "right_sw_ft": 8.7}, "geometry": {"type": "LineString", "coordinates": [[-73.84657950696791, 40.85985925658113], [-73.84658527987524, 40.8596952454882]]}}, {"type": "Feature", "properties": {"segment_id": 778944, "physicalid": "54759", "street_name": "ASTOR AVE", "borough": "bronx", "direction": "TW", "total_row_ft": 91.5, "roadbed_ft": 45.2, "median_ft": 0.0, "left_sw_ft": 35.4, "right_sw_ft": 10.8}, "geometry": {"type": "LineString", "coordinates": [[-73.84650429515575, 40.85994117781638], [-73.846513255668, 40.85968661347711]]}}, {"type": "Feature", "properties": {"segment_id": 778945, "physicalid": "54760", "street_name": "ASTOR AVE", "borough": "bronx", "direction": "TW", "total_row_ft": 135.0, "roadbed_ft": 93.8, "median_ft": 0.0, "left_sw_ft": 26.2, "right_sw_ft": 15.0}, "geometry": {"type": "LineString", "coordinates": [[-73.84634631865141, 40.859934553019684], [-73.84638931762653, 40.859606810996304]]}}, {"type": "Feature", "properties": {"segment_id": 778946, "physicalid": "54760", "street_name": "ASTOR AVE", "borough": "bronx", "direction": "TW", "total_row_ft": 60.2, "roadbed_ft": 44.6, "median_ft": 0.0, "left_sw_ft": 7.7, "right_sw_ft": 7.9}, "geometry": {"type": "LineString", "coordinates": [[-73.84628462881643, 40.85985093613296], [-73.84630620628376, 40.859686472125865]]}}, {"type": "Feature", "properties": {"segment_id": 778947, "physicalid": "54760", "street_name": "ASTOR AVE", "borough": "bronx", "direction": "TW", "total_row_ft": 60.3, "roadbed_ft": 44.6, "median_ft": 0.0, "left_sw_ft": 7.6, "right_sw_ft": 8.0}, "geometry": {"type": "LineString", "coordinates": [[-73.84621273985053, 40.85984505768859], [-73.84623433237984, 40.859680480232846]]}}, {"type": "Feature", "properties": {"segment_id": 778948, "physicalid": "54760", "street_name": "ASTOR AVE", "borough": "bronx", "direction": "TW", "total_row_ft": 60.3, "roadbed_ft": 44.6, "median_ft": 0.0, "left_sw_ft": 7.6, "right_sw_ft": 8.1}, "geometry": {"type": "LineString", "coordinates": [[-73.84614085090053, 40.85983917917488], [-73.84616245848889, 40.85967448829504]]}}, {"type": "Feature", "properties": {"segment_id": 778949, "physicalid": "54760", "street_name": "ASTOR AVE", "borough": "bronx", "direction": "TW", "total_row_ft": 60.3, "roadbed_ft": 44.6, "median_ft": 0.0, "left_sw_ft": 7.5, "right_sw_ft": 8.2}, "geometry": {"type": "LineString", "coordinates": [[-73.84606896196325, 40.85983330061638], [-73.84609058461088, 40.85966849631246]]}}, {"type": "Feature", "properties": {"segment_id": 778950, "physicalid": "54760", "street_name": "ASTOR AVE", "borough": "bronx", "direction": "TW", "total_row_ft": 60.4, "roadbed_ft": 44.5, "median_ft": 0.0, "left_sw_ft": 7.5, "right_sw_ft": 8.4}, "geometry": {"type": "LineString", "coordinates": [[-73.84599707303866, 40.859827422013076], [-73.84601871657748, 40.85966245983753]]}}, {"type": "Feature", "properties": {"segment_id": 778951, "physicalid": "54760", "street_name": "ASTOR AVE", "borough": "bronx", "direction": "TW", "total_row_ft": 60.5, "roadbed_ft": 44.5, "median_ft": 0.0, "left_sw_ft": 7.5, "right_sw_ft": 8.4}, "geometry": {"type": "LineString", "coordinates": [[-73.84592518412681, 40.85982154336498], [-73.84594685583862, 40.85965636782007]]}}, {"type": "Feature", "properties": {"segment_id": 778952, "physicalid": "54760", "street_name": "ASTOR AVE", "borough": "bronx", "direction": "TW", "total_row_ft": 60.7, "roadbed_ft": 44.6, "median_ft": 0.0, "left_sw_ft": 7.6, "right_sw_ft": 8.5}, "geometry": {"type": "LineString", "coordinates": [[-73.84585324022224, 40.85981608390281], [-73.84587499511834, 40.85965027571678]]}}, {"type": "Feature", "properties": {"segment_id": 778953, "physicalid": "54760", "street_name": "ASTOR AVE", "borough": "bronx", "direction": "TW", "total_row_ft": 60.9, "roadbed_ft": 44.6, "median_ft": 0.0, "left_sw_ft": 7.8, "right_sw_ft": 8.6}, "geometry": {"type": "LineString", "coordinates": [[-73.84578129574207, 40.85981062887309], [-73.8458031344117, 40.85964418356482]]}}, {"type": "Feature", "properties": {"segment_id": 778954, "physicalid": "54760", "street_name": "ASTOR AVE", "borough": "bronx", "direction": "TW", "total_row_ft": 61.2, "roadbed_ft": 44.6, "median_ft": 0.0, "left_sw_ft": 7.9, "right_sw_ft": 8.7}, "geometry": {"type": "LineString", "coordinates": [[-73.84570935127367, 40.85980517379853], [-73.84573127371824, 40.859638091368105]]}}, {"type": "Feature", "properties": {"segment_id": 778955, "physicalid": "54760", "street_name": "ASTOR AVE", "borough": "bronx", "direction": "TW", "total_row_ft": 60.7, "roadbed_ft": 44.7, "median_ft": 0.0, "left_sw_ft": 8.0, "right_sw_ft": 8.0}, "geometry": {"type": "LineString", "coordinates": [[-73.84563740681709, 40.85979971867911], [-73.84565916568513, 40.859633884321205]]}}, {"type": "Feature", "properties": {"segment_id": 778956, "physicalid": "54760", "street_name": "ASTOR AVE", "borough": "bronx", "direction": "TW", "total_row_ft": 90.6, "roadbed_ft": 45.7, "median_ft": 0.0, "left_sw_ft": 36.6, "right_sw_ft": 8.3}, "geometry": {"type": "LineString", "coordinates": [[-73.84555490842274, 40.85987469906248], [-73.84558738634924, 40.85962717216028]]}}, {"type": "Feature", "properties": {"segment_id": 778957, "physicalid": "54761", "street_name": "ASTOR AVE", "borough": "bronx", "direction": "TW", "total_row_ft": 135.0, "roadbed_ft": 91.1, "median_ft": 0.0, "left_sw_ft": 28.9, "right_sw_ft": 15.0}, "geometry": {"type": "LineString", "coordinates": [[-73.84540656793219, 40.85986344778998], [-73.8454499021271, 40.85953573121714]]}}, {"type": "Feature", "properties": {"segment_id": 778958, "physicalid": "54761", "street_name": "ASTOR AVE", "borough": "bronx", "direction": "TW", "total_row_ft": 62.7, "roadbed_ft": 44.7, "median_ft": 0.0, "left_sw_ft": 8.5, "right_sw_ft": 9.5}, "geometry": {"type": "LineString", "coordinates": [[-73.84534532355333, 40.859777073339195], [-73.84536795103857, 40.85960595346808]]}}, {"type": "Feature", "properties": {"segment_id": 778959, "physicalid": "54761", "street_name": "ASTOR AVE", "borough": "bronx", "direction": "TW", "total_row_ft": 63.0, "roadbed_ft": 44.5, "median_ft": 0.0, "left_sw_ft": 8.3, "right_sw_ft": 10.2}, "geometry": {"type": "LineString", "coordinates": [[-73.84527355104728, 40.85977031803434], [-73.84529628438035, 40.859598399088846]]}}, {"type": "Feature", "properties": {"segment_id": 778960, "physicalid": "54761", "street_name": "ASTOR AVE", "borough": "bronx", "direction": "TW", "total_row_ft": 62.7, "roadbed_ft": 44.3, "median_ft": 0.0, "left_sw_ft": 8.1, "right_sw_ft": 10.3}, "geometry": {"type": "LineString", "coordinates": [[-73.8452017785558, 40.85976356268485], [-73.84522440609993, 40.85959244515467]]}}, {"type": "Feature", "properties": {"segment_id": 778961, "physicalid": "54761", "street_name": "ASTOR AVE", "borough": "bronx", "direction": "TW", "total_row_ft": 62.1, "roadbed_ft": 44.3, "median_ft": 0.0, "left_sw_ft": 7.7, "right_sw_ft": 10.1}, "geometry": {"type": "LineString", "coordinates": [[-73.84513000607892, 40.85975680729069], [-73.84515242461325, 40.859587271751145]]}}, {"type": "Feature", "properties": {"segment_id": 778962, "physicalid": "54761", "street_name": "ASTOR AVE", "borough": "bronx", "direction": "TW", "total_row_ft": 61.5, "roadbed_ft": 44.3, "median_ft": 0.0, "left_sw_ft": 7.3, "right_sw_ft": 9.9}, "geometry": {"type": "LineString", "coordinates": [[-73.84505823361663, 40.85975005185187], [-73.84508044313775, 40.85958209830272]]}}, {"type": "Feature", "properties": {"segment_id": 778963, "physicalid": "54761", "street_name": "ASTOR AVE", "borough": "bronx", "direction": "TW", "total_row_ft": 61.3, "roadbed_ft": 44.3, "median_ft": 0.0, "left_sw_ft": 7.3, "right_sw_ft": 9.7}, "geometry": {"type": "LineString", "coordinates": [[-73.8449863143297, 40.859744406788685], [-73.84500846167346, 40.85957692480933]]}}, {"type": "Feature", "properties": {"segment_id": 778964, "physicalid": "54761", "street_name": "ASTOR AVE", "borough": "bronx", "direction": "TW", "total_row_ft": 61.2, "roadbed_ft": 44.4, "median_ft": 0.0, "left_sw_ft": 7.4, "right_sw_ft": 9.5}, "geometry": {"type": "LineString", "coordinates": [[-73.84491436862368, 40.85973896155639], [-73.84493648022037, 40.85957175127107]]}}, {"type": "Feature", "properties": {"segment_id": 778965, "physicalid": "54761", "street_name": "ASTOR AVE", "borough": "bronx", "direction": "TW", "total_row_ft": 61.1, "roadbed_ft": 44.4, "median_ft": 0.0, "left_sw_ft": 7.5, "right_sw_ft": 9.2}, "geometry": {"type": "LineString", "coordinates": [[-73.84484242292945, 40.85973351627923], [-73.84486449877846, 40.859566577687886]]}}, {"type": "Feature", "properties": {"segment_id": 778966, "physicalid": "54761", "street_name": "ASTOR AVE", "borough": "bronx", "direction": "TW", "total_row_ft": 61.0, "roadbed_ft": 44.4, "median_ft": 0.0, "left_sw_ft": 7.6, "right_sw_ft": 9.0}, "geometry": {"type": "LineString", "coordinates": [[-73.844770477247, 40.85972807095721], [-73.84479251734778, 40.85956140405981]]}}, {"type": "Feature", "properties": {"segment_id": 778967, "physicalid": "54761", "street_name": "ASTOR AVE", "borough": "bronx", "direction": "TW", "total_row_ft": 60.9, "roadbed_ft": 44.4, "median_ft": 0.0, "left_sw_ft": 7.7, "right_sw_ft": 8.8}, "geometry": {"type": "LineString", "coordinates": [[-73.84469853157633, 40.85972262559032], [-73.84472053592827, 40.85955623038679]]}}, {"type": "Feature", "properties": {"segment_id": 778968, "physicalid": "54761", "street_name": "ASTOR AVE", "borough": "bronx", "direction": "TW", "total_row_ft": 92.3, "roadbed_ft": 44.4, "median_ft": 0.0, "left_sw_ft": 39.3, "right_sw_ft": 8.6}, "geometry": {"type": "LineString", "coordinates": [[-73.84461522002174, 40.859803127167964], [-73.84464855451998, 40.85955105666887]]}}, {"type": "Feature", "properties": {"segment_id": 778969, "physicalid": "54762", "street_name": "ASTOR AVE", "borough": "bronx", "direction": "TW", "total_row_ft": 135.0, "roadbed_ft": 83.0, "median_ft": 0.0, "left_sw_ft": 37.0, "right_sw_ft": 15.0}, "geometry": {"type": "LineString", "coordinates": [[-73.84445920882172, 40.8597907773636], [-73.84450721325501, 40.859463436161406]]}}, {"type": "Feature", "properties": {"segment_id": 778970, "physicalid": "54762", "street_name": "ASTOR AVE", "borough": "bronx", "direction": "TW", "total_row_ft": 62.1, "roadbed_ft": 43.8, "median_ft": 0.0, "left_sw_ft": 9.1, "right_sw_ft": 9.2}, "geometry": {"type": "LineString", "coordinates": [[-73.84439974902287, 40.85970015877127], [-73.84442460830198, 40.85953064509931]]}}, {"type": "Feature", "properties": {"segment_id": 778971, "physicalid": "54762", "street_name": "ASTOR AVE", "borough": "bronx", "direction": "TW", "total_row_ft": 63.0, "roadbed_ft": 43.6, "median_ft": 0.0, "left_sw_ft": 9.3, "right_sw_ft": 10.0}, "geometry": {"type": "LineString", "coordinates": [[-73.84432784147292, 40.85969442085357], [-73.84435303161908, 40.85952265228363]]}}, {"type": "Feature", "properties": {"segment_id": 778972, "physicalid": "54762", "street_name": "ASTOR AVE", "borough": "bronx", "direction": "TW", "total_row_ft": 63.8, "roadbed_ft": 43.5, "median_ft": 0.0, "left_sw_ft": 9.4, "right_sw_ft": 10.9}, "geometry": {"type": "LineString", "coordinates": [[-73.84425593394353, 40.8596886828354], [-73.84428145494752, 40.85951465946369]]}}, {"type": "Feature", "properties": {"segment_id": 778973, "physicalid": "54762", "street_name": "ASTOR AVE", "borough": "bronx", "direction": "TW", "total_row_ft": 64.6, "roadbed_ft": 43.3, "median_ft": 0.0, "left_sw_ft": 9.6, "right_sw_ft": 11.8}, "geometry": {"type": "LineString", "coordinates": [[-73.84418402517014, 40.85968295333964], [-73.84420987829314, 40.8595066665993]]}}, {"type": "Feature", "properties": {"segment_id": 778974, "physicalid": "54762", "street_name": "ASTOR AVE", "borough": "bronx", "direction": "TW", "total_row_ft": 65.5, "roadbed_ft": 43.3, "median_ft": 0.0, "left_sw_ft": 9.5, "right_sw_ft": 12.6}, "geometry": {"type": "LineString", "coordinates": [[-73.8441121163747, 40.85967722403378], [-73.84413830165599, 40.85949867369053]]}}, {"type": "Feature", "properties": {"segment_id": 778975, "physicalid": "54762", "street_name": "ASTOR AVE", "borough": "bronx", "direction": "TW", "total_row_ft": 66.3, "roadbed_ft": 43.3, "median_ft": 0.0, "left_sw_ft": 9.5, "right_sw_ft": 13.5}, "geometry": {"type": "LineString", "coordinates": [[-73.84404020747903, 40.85967149545118], [-73.84406672503603, 40.85949068073732]]}}, {"type": "Feature", "properties": {"segment_id": 778976, "physicalid": "54762", "street_name": "ASTOR AVE", "borough": "bronx", "direction": "TW", "total_row_ft": 66.2, "roadbed_ft": 43.3, "median_ft": 0.0, "left_sw_ft": 9.4, "right_sw_ft": 13.5}, "geometry": {"type": "LineString", "coordinates": [[-73.843968298684, 40.85966576622182], [-73.84399478721032, 40.85948515079174]]}}, {"type": "Feature", "properties": {"segment_id": 778977, "physicalid": "54762", "street_name": "ASTOR AVE", "borough": "bronx", "direction": "TW", "total_row_ft": 65.5, "roadbed_ft": 43.4, "median_ft": 0.0, "left_sw_ft": 9.3, "right_sw_ft": 12.8}, "geometry": {"type": "LineString", "coordinates": [[-73.84389640119579, 40.859659959936025], [-73.84392260948142, 40.85948125668628]]}}, {"type": "Feature", "properties": {"segment_id": 778978, "physicalid": "54762", "street_name": "ASTOR AVE", "borough": "bronx", "direction": "TW", "total_row_ft": 64.7, "roadbed_ft": 43.5, "median_ft": 0.0, "left_sw_ft": 9.2, "right_sw_ft": 12.0}, "geometry": {"type": "LineString", "coordinates": [[-73.8438245401729, 40.85965390505175], [-73.84385043176857, 40.85947736248367]]}}, {"type": "Feature", "properties": {"segment_id": 778979, "physicalid": "54762", "street_name": "ASTOR AVE", "borough": "bronx", "direction": "TW", "total_row_ft": 63.9, "roadbed_ft": 43.8, "median_ft": 0.0, "left_sw_ft": 8.9, "right_sw_ft": 11.2}, "geometry": {"type": "LineString", "coordinates": [[-73.84375267923521, 40.85964784963115], [-73.84377825410282, 40.85947346797262]]}}, {"type": "Feature", "properties": {"segment_id": 778980, "physicalid": "54762", "street_name": "ASTOR AVE", "borough": "bronx", "direction": "TW", "total_row_ft": 63.1, "roadbed_ft": 44.1, "median_ft": 0.0, "left_sw_ft": 8.5, "right_sw_ft": 10.4}, "geometry": {"type": "LineString", "coordinates": [[-73.84368081822066, 40.85964179477892], [-73.8437060764455, 40.859469573416426]]}}, {"type": "Feature", "properties": {"segment_id": 778981, "physicalid": "54762", "street_name": "ASTOR AVE", "borough": "bronx", "direction": "TW", "total_row_ft": 62.3, "roadbed_ft": 44.2, "median_ft": 0.0, "left_sw_ft": 8.4, "right_sw_ft": 9.7}, "geometry": {"type": "LineString", "coordinates": [[-73.8436089555446, 40.85963575130009], [-73.84363389874817, 40.859465679145465]]}}, {"type": "Feature", "properties": {"segment_id": 778982, "physicalid": "54762", "street_name": "ASTOR AVE", "borough": "bronx", "direction": "TW", "total_row_ft": 62.1, "roadbed_ft": 44.3, "median_ft": 0.0, "left_sw_ft": 8.5, "right_sw_ft": 9.3}, "geometry": {"type": "LineString", "coordinates": [[-73.84353703090403, 40.859630130358575], [-73.84356187617105, 40.85946072722407]]}}, {"type": "Feature", "properties": {"segment_id": 778983, "physicalid": "54762", "street_name": "ASTOR AVE", "borough": "bronx", "direction": "TW", "total_row_ft": 62.2, "roadbed_ft": 44.4, "median_ft": 0.0, "left_sw_ft": 8.6, "right_sw_ft": 9.2}, "geometry": {"type": "LineString", "coordinates": [[-73.84346510627563, 40.859624509372196], [-73.84348998428709, 40.85945488422661]]}}, {"type": "Feature", "properties": {"segment_id": 778984, "physicalid": "54762", "street_name": "ASTOR AVE", "borough": "bronx", "direction": "TW", "total_row_ft": 62.3, "roadbed_ft": 44.5, "median_ft": 0.0, "left_sw_ft": 8.6, "right_sw_ft": 9.2}, "geometry": {"type": "LineString", "coordinates": [[-73.84339318165938, 40.85961888834098], [-73.84341809241667, 40.85944904117817]]}}, {"type": "Feature", "properties": {"segment_id": 778985, "physicalid": "54762", "street_name": "ASTOR AVE", "borough": "bronx", "direction": "TW", "total_row_ft": 62.3, "roadbed_ft": 44.5, "median_ft": 0.0, "left_sw_ft": 8.7, "right_sw_ft": 9.1}, "geometry": {"type": "LineString", "coordinates": [[-73.8433212570553, 40.859613267264905], [-73.8433462005596, 40.859443198079994]]}}, {"type": "Feature", "properties": {"segment_id": 778986, "physicalid": "54762", "street_name": "ASTOR AVE", "borough": "bronx", "direction": "TW", "total_row_ft": 62.4, "roadbed_ft": 44.5, "median_ft": 0.0, "left_sw_ft": 8.7, "right_sw_ft": 9.2}, "geometry": {"type": "LineString", "coordinates": [[-73.84324933246336, 40.859607646144035], [-73.84327430871517, 40.85943735493697]]}}, {"type": "Feature", "properties": {"segment_id": 778987, "physicalid": "54762", "street_name": "ASTOR AVE", "borough": "bronx", "direction": "TW", "total_row_ft": 63.4, "roadbed_ft": 44.4, "median_ft": 0.0, "left_sw_ft": 9.7, "right_sw_ft": 9.3}, "geometry": {"type": "LineString", "coordinates": [[-73.84316576150029, 40.8596814305877], [-73.84320241688337, 40.85943151174915]]}}, {"type": "Feature", "properties": {"segment_id": 778988, "physicalid": "54762", "street_name": "ASTOR AVE", "borough": "bronx", "direction": "TW", "total_row_ft": 107.0, "roadbed_ft": 82.6, "median_ft": 0.0, "left_sw_ft": 15.0, "right_sw_ft": 9.4}, "geometry": {"type": "LineString", "coordinates": [[-73.84309390344049, 40.85967535534157], [-73.84313071332404, 40.859424384952945]]}}, {"type": "Feature", "properties": {"segment_id": 778989, "physicalid": "54763", "street_name": "ASTOR AVE", "borough": "bronx", "direction": "TW", "total_row_ft": 150.0, "roadbed_ft": 120.0, "median_ft": 0.0, "left_sw_ft": 15.0, "right_sw_ft": 15.0}, "geometry": {"type": "LineString", "coordinates": [[-73.84292553680359, 40.85966121200259], [-73.84297259292141, 40.85933379143768]]}}, {"type": "Feature", "properties": {"segment_id": 778990, "physicalid": "54763", "street_name": "ASTOR AVE", "borough": "bronx", "direction": "TW", "total_row_ft": 110.4, "roadbed_ft": 82.3, "median_ft": 0.0, "left_sw_ft": 13.1, "right_sw_ft": 15.0}, "geometry": {"type": "LineString", "coordinates": [[-73.84286331702616, 40.85958807242997], [-73.84290071769462, 40.85932783701308]]}}, {"type": "Feature", "properties": {"segment_id": 778991, "physicalid": "54763", "street_name": "ASTOR AVE", "borough": "bronx", "direction": "TW", "total_row_ft": 60.2, "roadbed_ft": 44.5, "median_ft": 0.0, "left_sw_ft": 9.9, "right_sw_ft": 5.9}, "geometry": {"type": "LineString", "coordinates": [[-73.84279280187376, 40.85957265274629], [-73.84281642409957, 40.859408289738376]]}}, {"type": "Feature", "properties": {"segment_id": 778992, "physicalid": "54763", "street_name": "ASTOR AVE", "borough": "bronx", "direction": "TW", "total_row_ft": 59.9, "roadbed_ft": 45.3, "median_ft": 0.0, "left_sw_ft": 10.0, "right_sw_ft": 4.7}, "geometry": {"type": "LineString", "coordinates": [[-73.84272099752143, 40.85956620338751], [-73.84274450254465, 40.859402657102294]]}}, {"type": "Feature", "properties": {"segment_id": 778993, "physicalid": "54763", "street_name": "ASTOR AVE", "borough": "bronx", "direction": "TW", "total_row_ft": 59.6, "roadbed_ft": 45.7, "median_ft": 0.0, "left_sw_ft": 10.1, "right_sw_ft": 3.9}, "geometry": {"type": "LineString", "coordinates": [[-73.84264919318302, 40.85955975398401], [-73.8426725810019, 40.85939702442142]]}}, {"type": "Feature", "properties": {"segment_id": 778994, "physicalid": "54763", "street_name": "ASTOR AVE", "borough": "bronx", "direction": "TW", "total_row_ft": 59.3, "roadbed_ft": 45.8, "median_ft": 0.0, "left_sw_ft": 10.2, "right_sw_ft": 3.3}, "geometry": {"type": "LineString", "coordinates": [[-73.84257738885856, 40.859553304535844], [-73.84260065947133, 40.85939139169566]]}}, {"type": "Feature", "properties": {"segment_id": 778995, "physicalid": "54763", "street_name": "ASTOR AVE", "borough": "bronx", "direction": "TW", "total_row_ft": 59.0, "roadbed_ft": 45.3, "median_ft": 0.0, "left_sw_ft": 10.3, "right_sw_ft": 3.5}, "geometry": {"type": "LineString", "coordinates": [[-73.84250558454802, 40.859546855042936], [-73.84252873795296, 40.859385758925086]]}}, {"type": "Feature", "properties": {"segment_id": 778996, "physicalid": "54763", "street_name": "ASTOR AVE", "borough": "bronx", "direction": "TW", "total_row_ft": 58.7, "roadbed_ft": 44.9, "median_ft": 0.0, "left_sw_ft": 10.2, "right_sw_ft": 3.7}, "geometry": {"type": "LineString", "coordinates": [[-73.8424337802514, 40.859540405505356], [-73.84245681644677, 40.859380126109656]]}}, {"type": "Feature", "properties": {"segment_id": 778997, "physicalid": "54763", "street_name": "ASTOR AVE", "borough": "bronx", "direction": "TW", "total_row_ft": 58.4, "roadbed_ft": 44.3, "median_ft": 0.0, "left_sw_ft": 9.9, "right_sw_ft": 4.2}, "geometry": {"type": "LineString", "coordinates": [[-73.84236197596871, 40.8595339559231], [-73.84238489495276, 40.8593744932494]]}}, {"type": "Feature", "properties": {"segment_id": 778998, "physicalid": "54763", "street_name": "ASTOR AVE", "borough": "bronx", "direction": "TW", "total_row_ft": 58.1, "roadbed_ft": 43.7, "median_ft": 0.0, "left_sw_ft": 9.7, "right_sw_ft": 4.7}, "geometry": {"type": "LineString", "coordinates": [[-73.84229017169994, 40.859527506296146], [-73.84231297347092, 40.859368860344276]]}}, {"type": "Feature", "properties": {"segment_id": 778999, "physicalid": "54763", "street_name": "ASTOR AVE", "borough": "bronx", "direction": "TW", "total_row_ft": 58.5, "roadbed_ft": 43.1, "median_ft": 0.0, "left_sw_ft": 10.1, "right_sw_ft": 5.2}, "geometry": {"type": "LineString", "coordinates": [[-73.84221811218957, 40.85952283257667], [-73.84224105200128, 40.85936322739436]]}}, {"type": "Feature", "properties": {"segment_id": 779000, "physicalid": "54763", "street_name": "ASTOR AVE", "borough": "bronx", "direction": "TW", "total_row_ft": 59.1, "roadbed_ft": 42.8, "median_ft": 0.0, "left_sw_ft": 10.8, "right_sw_ft": 5.5}, "geometry": {"type": "LineString", "coordinates": [[-73.84214596518873, 40.85951876759683], [-73.84216912973737, 40.85935760001049]]}}, {"type": "Feature", "properties": {"segment_id": 779001, "physicalid": "54763", "street_name": "ASTOR AVE", "borough": "bronx", "direction": "TW", "total_row_ft": 59.6, "roadbed_ft": 42.5, "median_ft": 0.0, "left_sw_ft": 11.4, "right_sw_ft": 5.7}, "geometry": {"type": "LineString", "coordinates": [[-73.84207381811126, 40.859514703166646], [-73.84209719792176, 40.8593520391222]]}}, {"type": "Feature", "properties": {"segment_id": 779002, "physicalid": "54763", "street_name": "ASTOR AVE", "borough": "bronx", "direction": "TW", "total_row_ft": 60.2, "roadbed_ft": 42.3, "median_ft": 0.0, "left_sw_ft": 12.1, "right_sw_ft": 5.8}, "geometry": {"type": "LineString", "coordinates": [[-73.84200167109968, 40.85951063829408], [-73.84202526611817, 40.859346478189046]]}}, {"type": "Feature", "properties": {"segment_id": 779003, "physicalid": "54763", "street_name": "ASTOR AVE", "borough": "bronx", "direction": "TW", "total_row_ft": 94.1, "roadbed_ft": 53.5, "median_ft": 0.0, "left_sw_ft": 2.7, "right_sw_ft": 37.8}, "geometry": {"type": "LineString", "coordinates": [[-73.84192903369504, 40.85950998526661], [-73.84196592693804, 40.85925330563457]]}}, {"type": "Feature", "properties": {"segment_id": 779004, "physicalid": "54764", "street_name": "ASTOR AVE", "borough": "bronx", "direction": "TW", "total_row_ft": 135.0, "roadbed_ft": 86.0, "median_ft": 0.0, "left_sw_ft": 34.0, "right_sw_ft": 15.0}, "geometry": {"type": "LineString", "coordinates": [[-73.8417895251737, 40.85956723858649], [-73.84183508082384, 40.85923969572185]]}}, {"type": "Feature", "properties": {"segment_id": 779005, "physicalid": "54764", "street_name": "ASTOR AVE", "borough": "bronx", "direction": "TW", "total_row_ft": 71.8, "roadbed_ft": 43.6, "median_ft": 0.0, "left_sw_ft": 9.4, "right_sw_ft": 18.8}, "geometry": {"type": "LineString", "coordinates": [[-73.84172859927148, 40.85948255499543], [-73.84175584543898, 40.85928665784711]]}}, {"type": "Feature", "properties": {"segment_id": 779006, "physicalid": "54764", "street_name": "ASTOR AVE", "borough": "bronx", "direction": "TW", "total_row_ft": 71.6, "roadbed_ft": 43.9, "median_ft": 0.0, "left_sw_ft": 9.1, "right_sw_ft": 18.6}, "geometry": {"type": "LineString", "coordinates": [[-73.84165675509993, 40.85947637297301], [-73.84168394052585, 40.859280914068535]]}}, {"type": "Feature", "properties": {"segment_id": 779007, "physicalid": "54764", "street_name": "ASTOR AVE", "borough": "bronx", "direction": "TW", "total_row_ft": 71.4, "roadbed_ft": 44.3, "median_ft": 0.0, "left_sw_ft": 8.7, "right_sw_ft": 18.4}, "geometry": {"type": "LineString", "coordinates": [[-73.84158491094176, 40.85947019090584], [-73.84161203563059, 40.859275170205976]]}}, {"type": "Feature", "properties": {"segment_id": 779008, "physicalid": "54764", "street_name": "ASTOR AVE", "borough": "bronx", "direction": "TW", "total_row_ft": 71.3, "roadbed_ft": 44.9, "median_ft": 0.0, "left_sw_ft": 8.4, "right_sw_ft": 18.1}, "geometry": {"type": "LineString", "coordinates": [[-73.84151306681062, 40.8594640086956], [-73.84154013075401, 40.85926942625349]]}}, {"type": "Feature", "properties": {"segment_id": 779009, "physicalid": "54764", "street_name": "ASTOR AVE", "borough": "bronx", "direction": "TW", "total_row_ft": 71.1, "roadbed_ft": 45.4, "median_ft": 0.0, "left_sw_ft": 8.0, "right_sw_ft": 17.7}, "geometry": {"type": "LineString", "coordinates": [[-73.84144122269662, 40.85945782641334], [-73.84146822590438, 40.85926368215181]]}}, {"type": "Feature", "properties": {"segment_id": 779010, "physicalid": "54764", "street_name": "ASTOR AVE", "borough": "bronx", "direction": "TW", "total_row_ft": 64.5, "roadbed_ft": 46.0, "median_ft": 0.0, "left_sw_ft": 7.7, "right_sw_ft": 10.9}, "geometry": {"type": "LineString", "coordinates": [[-73.84136937860589, 40.85945164401514], [-73.84139388394313, 40.859275460043605]]}}, {"type": "Feature", "properties": {"segment_id": 779011, "physicalid": "54764", "street_name": "ASTOR AVE", "borough": "bronx", "direction": "TW", "total_row_ft": 63.9, "roadbed_ft": 46.4, "median_ft": 0.0, "left_sw_ft": 7.5, "right_sw_ft": 10.0}, "geometry": {"type": "LineString", "coordinates": [[-73.8412974812386, 40.85944584470232], [-73.84132174672582, 40.859271386520525]]}}, {"type": "Feature", "properties": {"segment_id": 779012, "physicalid": "54764", "street_name": "ASTOR AVE", "borough": "bronx", "direction": "TW", "total_row_ft": 63.5, "roadbed_ft": 46.1, "median_ft": 0.0, "left_sw_ft": 7.7, "right_sw_ft": 9.8}, "geometry": {"type": "LineString", "coordinates": [[-73.84122550169359, 40.85944063625028], [-73.84124960947784, 40.85926731323644]]}}, {"type": "Feature", "properties": {"segment_id": 779013, "physicalid": "54764", "street_name": "ASTOR AVE", "borough": "bronx", "direction": "TW", "total_row_ft": 63.1, "roadbed_ft": 45.8, "median_ft": 0.0, "left_sw_ft": 7.8, "right_sw_ft": 9.6}, "geometry": {"type": "LineString", "coordinates": [[-73.84115352214492, 40.85943542786057], [-73.84117747226051, 40.85926323975037]]}}, {"type": "Feature", "properties": {"segment_id": 779014, "physicalid": "54764", "street_name": "ASTOR AVE", "borough": "bronx", "direction": "TW", "total_row_ft": 62.7, "roadbed_ft": 45.5, "median_ft": 0.0, "left_sw_ft": 7.9, "right_sw_ft": 9.4}, "geometry": {"type": "LineString", "coordinates": [[-73.84108154261658, 40.85943021936095], [-73.8411053351154, 40.85925916576354]]}}, {"type": "Feature", "properties": {"segment_id": 779015, "physicalid": "54764", "street_name": "ASTOR AVE", "borough": "bronx", "direction": "TW", "total_row_ft": 91.1, "roadbed_ft": 45.4, "median_ft": 0.0, "left_sw_ft": 36.6, "right_sw_ft": 9.1}, "geometry": {"type": "LineString", "coordinates": [[-73.84099860032502, 40.85950382558481], [-73.84103319791153, 40.85925509221758]]}}, {"type": "Feature", "properties": {"segment_id": 779016, "physicalid": "54765", "street_name": "ASTOR AVE", "borough": "bronx", "direction": "TW", "total_row_ft": 135.0, "roadbed_ft": 85.5, "median_ft": 0.0, "left_sw_ft": 34.5, "right_sw_ft": 15.0}, "geometry": {"type": "LineString", "coordinates": [[-73.84085464428925, 40.85949230490629], [-73.84089997809329, 40.85916474429925]]}}, {"type": "Feature", "properties": {"segment_id": 779017, "physicalid": "54765", "street_name": "ASTOR AVE", "borough": "bronx", "direction": "TW", "total_row_ft": 59.5, "roadbed_ft": 44.0, "median_ft": 0.0, "left_sw_ft": 6.6, "right_sw_ft": 8.9}, "geometry": {"type": "LineString", "coordinates": [[-73.84079480995082, 40.859399344296406], [-73.84081727075025, 40.8592370544377]]}}, {"type": "Feature", "properties": {"segment_id": 779018, "physicalid": "54765", "street_name": "ASTOR AVE", "borough": "bronx", "direction": "TW", "total_row_ft": 59.6, "roadbed_ft": 44.4, "median_ft": 0.0, "left_sw_ft": 6.4, "right_sw_ft": 8.8}, "geometry": {"type": "LineString", "coordinates": [[-73.84072283629199, 40.85939409638633], [-73.84074534511716, 40.85923146079085]]}}, {"type": "Feature", "properties": {"segment_id": 779019, "physicalid": "54765", "street_name": "ASTOR AVE", "borough": "bronx", "direction": "TW", "total_row_ft": 59.7, "roadbed_ft": 44.8, "median_ft": 0.0, "left_sw_ft": 6.3, "right_sw_ft": 8.7}, "geometry": {"type": "LineString", "coordinates": [[-73.84065086265242, 40.85938884837423], [-73.84067341949618, 40.859225867099155]]}}, {"type": "Feature", "properties": {"segment_id": 779020, "physicalid": "54765", "street_name": "ASTOR AVE", "borough": "bronx", "direction": "TW", "total_row_ft": 59.8, "roadbed_ft": 45.2, "median_ft": 0.0, "left_sw_ft": 6.1, "right_sw_ft": 8.6}, "geometry": {"type": "LineString", "coordinates": [[-73.84057888903094, 40.859383600268536], [-73.8406014938856, 40.85922027337485]]}}, {"type": "Feature", "properties": {"segment_id": 779021, "physicalid": "54765", "street_name": "ASTOR AVE", "borough": "bronx", "direction": "TW", "total_row_ft": 60.0, "roadbed_ft": 45.5, "median_ft": 0.0, "left_sw_ft": 6.0, "right_sw_ft": 8.5}, "geometry": {"type": "LineString", "coordinates": [[-73.84050691542083, 40.85937835211792], [-73.84052956826247, 40.85921467978376]]}}, {"type": "Feature", "properties": {"segment_id": 779022, "physicalid": "54765", "street_name": "ASTOR AVE", "borough": "bronx", "direction": "TW", "total_row_ft": 60.1, "roadbed_ft": 45.7, "median_ft": 0.0, "left_sw_ft": 6.0, "right_sw_ft": 8.3}, "geometry": {"type": "LineString", "coordinates": [[-73.84043494182207, 40.859373103922394], [-73.84045764265144, 40.85920908614786]]}}, {"type": "Feature", "properties": {"segment_id": 779023, "physicalid": "54765", "street_name": "ASTOR AVE", "borough": "bronx", "direction": "TW", "total_row_ft": 60.2, "roadbed_ft": 45.9, "median_ft": 0.0, "left_sw_ft": 6.1, "right_sw_ft": 8.2}, "geometry": {"type": "LineString", "coordinates": [[-73.84036296823467, 40.85936785568198], [-73.84038571705251, 40.85920349246708]]}}, {"type": "Feature", "properties": {"segment_id": 779024, "physicalid": "54765", "street_name": "ASTOR AVE", "borough": "bronx", "direction": "TW", "total_row_ft": 61.1, "roadbed_ft": 46.1, "median_ft": 0.0, "left_sw_ft": 6.8, "right_sw_ft": 8.1}, "geometry": {"type": "LineString", "coordinates": [[-73.84029072620619, 40.859364546980906], [-73.84031379146568, 40.859197898741485]]}}, {"type": "Feature", "properties": {"segment_id": 779025, "physicalid": "54765", "street_name": "ASTOR AVE", "borough": "bronx", "direction": "TW", "total_row_ft": 61.9, "roadbed_ft": 46.3, "median_ft": 0.0, "left_sw_ft": 7.8, "right_sw_ft": 7.8}, "geometry": {"type": "LineString", "coordinates": [[-73.84021839658179, 40.8593618711671], [-73.84024178895847, 40.85919286081099]]}}, {"type": "Feature", "properties": {"segment_id": 779026, "physicalid": "54765", "street_name": "ASTOR AVE", "borough": "bronx", "direction": "TW", "total_row_ft": 62.8, "roadbed_ft": 46.5, "median_ft": 0.0, "left_sw_ft": 8.7, "right_sw_ft": 7.6}, "geometry": {"type": "LineString", "coordinates": [[-73.84014606696321, 40.85935919530794], [-73.840169784582, 40.85918783641985]]}}, {"type": "Feature", "properties": {"segment_id": 779027, "physicalid": "54765", "street_name": "ASTOR AVE", "borough": "bronx", "direction": "TW", "total_row_ft": 90.3, "roadbed_ft": 46.9, "median_ft": 0.0, "left_sw_ft": 36.1, "right_sw_ft": 7.3}, "geometry": {"type": "LineString", "coordinates": [[-73.84006367749544, 40.85942920062669], [-73.84009778019742, 40.859182812120885]]}}, {"type": "Feature", "properties": {"segment_id": 779148, "physicalid": "54777", "street_name": "NARRAGANSETT AVE", "borough": "bronx", "direction": "TF", "total_row_ft": 135.0, "roadbed_ft": 87.4, "median_ft": 0.0, "left_sw_ft": 15.0, "right_sw_ft": 32.6}, "geometry": {"type": "LineString", "coordinates": [[-73.84988931847029, 40.85379175560537], [-73.84951798751365, 40.85396200487288]]}}, {"type": "Feature", "properties": {"segment_id": 779149, "physicalid": "54777", "street_name": "NARRAGANSETT AVE", "borough": "bronx", "direction": "TF", "total_row_ft": 82.6, "roadbed_ft": 29.9, "median_ft": 0.0, "left_sw_ft": 41.6, "right_sw_ft": 11.1}, "geometry": {"type": "LineString", "coordinates": [[-73.84982038527794, 40.85388748582091], [-73.84955535740447, 40.85400899665426]]}}, {"type": "Feature", "properties": {"segment_id": 779150, "physicalid": "54777", "street_name": "NARRAGANSETT AVE", "borough": "bronx", "direction": "TF", "total_row_ft": 51.7, "roadbed_ft": 29.9, "median_ft": 0.0, "left_sw_ft": 10.8, "right_sw_ft": 11.0}, "geometry": {"type": "LineString", "coordinates": [[-73.84985689092363, 40.85393487382741], [-73.84969694884339, 40.854008204730164]]}}, {"type": "Feature", "properties": {"segment_id": 779151, "physicalid": "54777", "street_name": "NARRAGANSETT AVE", "borough": "bronx", "direction": "TF", "total_row_ft": 51.5, "roadbed_ft": 29.9, "median_ft": 0.0, "left_sw_ft": 10.8, "right_sw_ft": 10.8}, "geometry": {"type": "LineString", "coordinates": [[-73.84989339662135, 40.85398226182196], [-73.84973404196062, 40.854055323419026]]}}, {"type": "Feature", "properties": {"segment_id": 779152, "physicalid": "54777", "street_name": "NARRAGANSETT AVE", "borough": "bronx", "direction": "TF", "total_row_ft": 51.3, "roadbed_ft": 29.9, "median_ft": 0.0, "left_sw_ft": 10.8, "right_sw_ft": 10.6}, "geometry": {"type": "LineString", "coordinates": [[-73.84992990237107, 40.854029649804545], [-73.84977113513041, 40.854102442095595]]}}, {"type": "Feature", "properties": {"segment_id": 779153, "physicalid": "54777", "street_name": "NARRAGANSETT AVE", "borough": "bronx", "direction": "TF", "total_row_ft": 51.1, "roadbed_ft": 29.9, "median_ft": 0.0, "left_sw_ft": 10.8, "right_sw_ft": 10.5}, "geometry": {"type": "LineString", "coordinates": [[-73.84996640817283, 40.854077037775205], [-73.84980822835276, 40.854149560759836]]}}, {"type": "Feature", "properties": {"segment_id": 779154, "physicalid": "54777", "street_name": "NARRAGANSETT AVE", "borough": "bronx", "direction": "TF", "total_row_ft": 50.9, "roadbed_ft": 29.8, "median_ft": 0.0, "left_sw_ft": 10.8, "right_sw_ft": 10.3}, "geometry": {"type": "LineString", "coordinates": [[-73.85000291402659, 40.85412442573391], [-73.84984532162765, 40.854196679411785]]}}, {"type": "Feature", "properties": {"segment_id": 779155, "physicalid": "54777", "street_name": "NARRAGANSETT AVE", "borough": "bronx", "direction": "TF", "total_row_ft": 50.7, "roadbed_ft": 29.8, "median_ft": 0.0, "left_sw_ft": 10.8, "right_sw_ft": 10.2}, "geometry": {"type": "LineString", "coordinates": [[-73.85003941993237, 40.85417181368067], [-73.84988241495512, 40.85424379805139]]}}, {"type": "Feature", "properties": {"segment_id": 779156, "physicalid": "54777", "street_name": "NARRAGANSETT AVE", "borough": "bronx", "direction": "TF", "total_row_ft": 50.5, "roadbed_ft": 29.8, "median_ft": 0.0, "left_sw_ft": 10.7, "right_sw_ft": 10.0}, "geometry": {"type": "LineString", "coordinates": [[-73.85007592589017, 40.854219201615486], [-73.84991976003107, 40.85429080128024]]}}, {"type": "Feature", "properties": {"segment_id": 779160, "physicalid": "54778", "street_name": "NARRAGANSETT AVE", "borough": "bronx", "direction": "TF", "total_row_ft": 100.9, "roadbed_ft": 76.0, "median_ft": 0.0, "left_sw_ft": 15.0, "right_sw_ft": 9.9}, "geometry": {"type": "LineString", "coordinates": [[-73.84928873567154, 40.85321266839827], [-73.84902239477988, 40.85333373776131]]}}, {"type": "Feature", "properties": {"segment_id": 779161, "physicalid": "54778", "street_name": "NARRAGANSETT AVE", "borough": "bronx", "direction": "TF", "total_row_ft": 49.3, "roadbed_ft": 30.5, "median_ft": 0.0, "left_sw_ft": 8.8, "right_sw_ft": 9.9}, "geometry": {"type": "LineString", "coordinates": [[-73.8493253825063, 40.85325998913193], [-73.84917262044513, 40.85332942962993]]}}, {"type": "Feature", "properties": {"segment_id": 779162, "physicalid": "54778", "street_name": "NARRAGANSETT AVE", "borough": "bronx", "direction": "TF", "total_row_ft": 49.4, "roadbed_ft": 30.3, "median_ft": 0.0, "left_sw_ft": 9.1, "right_sw_ft": 9.9}, "geometry": {"type": "LineString", "coordinates": [[-73.84936202939318, 40.853307309853584], [-73.84920893123382, 40.85337690314609]]}}, {"type": "Feature", "properties": {"segment_id": 779163, "physicalid": "54778", "street_name": "NARRAGANSETT AVE", "borough": "bronx", "direction": "TF", "total_row_ft": 49.5, "roadbed_ft": 30.2, "median_ft": 0.0, "left_sw_ft": 9.5, "right_sw_ft": 9.8}, "geometry": {"type": "LineString", "coordinates": [[-73.84939867633221, 40.85335463056317], [-73.84924524230453, 40.85342437654583]]}}, {"type": "Feature", "properties": {"segment_id": 779164, "physicalid": "54778", "street_name": "NARRAGANSETT AVE", "borough": "bronx", "direction": "TF", "total_row_ft": 49.6, "roadbed_ft": 30.2, "median_ft": 0.0, "left_sw_ft": 9.8, "right_sw_ft": 9.7}, "geometry": {"type": "LineString", "coordinates": [[-73.849435518945, 40.85340186233745], [-73.84928155347018, 40.85347184991412]]}}, {"type": "Feature", "properties": {"segment_id": 779165, "physicalid": "54778", "street_name": "NARRAGANSETT AVE", "borough": "bronx", "direction": "TF", "total_row_ft": 49.9, "roadbed_ft": 30.2, "median_ft": 0.0, "left_sw_ft": 10.1, "right_sw_ft": 9.6}, "geometry": {"type": "LineString", "coordinates": [[-73.8494724971122, 40.85344903250463], [-73.84931786468769, 40.85351932327058]]}}, {"type": "Feature", "properties": {"segment_id": 779166, "physicalid": "54778", "street_name": "NARRAGANSETT AVE", "borough": "bronx", "direction": "TF", "total_row_ft": 50.0, "roadbed_ft": 30.2, "median_ft": 0.0, "left_sw_ft": 10.3, "right_sw_ft": 9.5}, "geometry": {"type": "LineString", "coordinates": [[-73.84950947533189, 40.85349620265962], [-73.84935442268308, 40.853566684462]]}}, {"type": "Feature", "properties": {"segment_id": 779167, "physicalid": "54778", "street_name": "NARRAGANSETT AVE", "borough": "bronx", "direction": "TF", "total_row_ft": 50.0, "roadbed_ft": 30.2, "median_ft": 0.0, "left_sw_ft": 10.5, "right_sw_ft": 9.4}, "geometry": {"type": "LineString", "coordinates": [[-73.84954645379679, 40.85354337271469], [-73.84939124012841, 40.853613927728034]]}}, {"type": "Feature", "properties": {"segment_id": 779168, "physicalid": "54778", "street_name": "NARRAGANSETT AVE", "borough": "bronx", "direction": "TF", "total_row_ft": 50.1, "roadbed_ft": 30.2, "median_ft": 0.0, "left_sw_ft": 10.6, "right_sw_ft": 9.3}, "geometry": {"type": "LineString", "coordinates": [[-73.84958343233616, 40.85359054274753], [-73.84942805762604, 40.853661170981944]]}}, {"type": "Feature", "properties": {"segment_id": 779169, "physicalid": "54778", "street_name": "NARRAGANSETT AVE", "borough": "bronx", "direction": "TF", "total_row_ft": 50.1, "roadbed_ft": 30.4, "median_ft": 0.0, "left_sw_ft": 10.5, "right_sw_ft": 9.2}, "geometry": {"type": "LineString", "coordinates": [[-73.84962041092798, 40.853637712768155], [-73.84946487517598, 40.85370841422366]]}}, {"type": "Feature", "properties": {"segment_id": 779170, "physicalid": "54778", "street_name": "NARRAGANSETT AVE", "borough": "bronx", "direction": "TF", "total_row_ft": 50.2, "roadbed_ft": 30.9, "median_ft": 0.0, "left_sw_ft": 10.2, "right_sw_ft": 9.1}, "geometry": {"type": "LineString", "coordinates": [[-73.84965738957224, 40.8536848827765], [-73.84950169277823, 40.85375565745327]]}}, {"type": "Feature", "properties": {"segment_id": 779171, "physicalid": "54778", "street_name": "NARRAGANSETT AVE", "borough": "bronx", "direction": "TF", "total_row_ft": 85.3, "roadbed_ft": 32.2, "median_ft": 0.0, "left_sw_ft": 9.9, "right_sw_ft": 43.2}, "geometry": {"type": "LineString", "coordinates": [[-73.84980305417318, 40.85368264748453], [-73.84953851022073, 40.853802900767135]]}}, {"type": "Feature", "properties": {"segment_id": 779172, "physicalid": "54779", "street_name": "NARRAGANSETT AVE", "borough": "bronx", "direction": "TF", "total_row_ft": 67.3, "roadbed_ft": 32.7, "median_ft": 0.0, "left_sw_ft": 11.0, "right_sw_ft": 23.6}, "geometry": {"type": "LineString", "coordinates": [[-73.84889861907298, 40.852621965374375], [-73.84868865902877, 40.85271513397124]]}}, {"type": "Feature", "properties": {"segment_id": 779173, "physicalid": "54779", "street_name": "NARRAGANSETT AVE", "borough": "bronx", "direction": "TF", "total_row_ft": 51.0, "roadbed_ft": 29.9, "median_ft": 0.0, "left_sw_ft": 11.1, "right_sw_ft": 10.0}, "geometry": {"type": "LineString", "coordinates": [[-73.84888410273345, 40.85269198767195], [-73.84872505423317, 40.85276256451279]]}}, {"type": "Feature", "properties": {"segment_id": 779174, "physicalid": "54779", "street_name": "NARRAGANSETT AVE", "borough": "bronx", "direction": "TF", "total_row_ft": 50.6, "roadbed_ft": 29.9, "median_ft": 0.0, "left_sw_ft": 11.1, "right_sw_ft": 9.6}, "geometry": {"type": "LineString", "coordinates": [[-73.84891966808335, 40.85273978645238], [-73.84876180110575, 40.85280983901518]]}}, {"type": "Feature", "properties": {"segment_id": 779175, "physicalid": "54779", "street_name": "NARRAGANSETT AVE", "borough": "bronx", "direction": "TF", "total_row_ft": 50.4, "roadbed_ft": 30.0, "median_ft": 0.0, "left_sw_ft": 10.9, "right_sw_ft": 9.5}, "geometry": {"type": "LineString", "coordinates": [[-73.8489562568537, 40.85278713110593], [-73.84879895461901, 40.85285693308459]]}}, {"type": "Feature", "properties": {"segment_id": 779176, "physicalid": "54779", "street_name": "NARRAGANSETT AVE", "borough": "bronx", "direction": "TF", "total_row_ft": 50.3, "roadbed_ft": 30.0, "median_ft": 0.0, "left_sw_ft": 10.8, "right_sw_ft": 9.6}, "geometry": {"type": "LineString", "coordinates": [[-73.84899324129185, 40.852834300194736], [-73.8488361081849, 40.85290402714167]]}}, {"type": "Feature", "properties": {"segment_id": 779177, "physicalid": "54779", "street_name": "NARRAGANSETT AVE", "borough": "bronx", "direction": "TF", "total_row_ft": 50.3, "roadbed_ft": 30.0, "median_ft": 0.0, "left_sw_ft": 10.6, "right_sw_ft": 9.6}, "geometry": {"type": "LineString", "coordinates": [[-73.84903022578247, 40.852881469271274], [-73.84887326180339, 40.85295112118639]]}}, {"type": "Feature", "properties": {"segment_id": 779178, "physicalid": "54779", "street_name": "NARRAGANSETT AVE", "borough": "bronx", "direction": "TF", "total_row_ft": 50.6, "roadbed_ft": 30.1, "median_ft": 0.0, "left_sw_ft": 10.8, "right_sw_ft": 9.7}, "geometry": {"type": "LineString", "coordinates": [[-73.84906721041094, 40.8529286382977], [-73.84890932550563, 40.85299869888542]]}}, {"type": "Feature", "properties": {"segment_id": 779179, "physicalid": "54779", "street_name": "NARRAGANSETT AVE", "borough": "bronx", "direction": "TF", "total_row_ft": 51.0, "roadbed_ft": 30.1, "median_ft": 0.0, "left_sw_ft": 11.2, "right_sw_ft": 9.7}, "geometry": {"type": "LineString", "coordinates": [[-73.84910419513467, 40.85297580729285], [-73.84894502411314, 40.8530464386041]]}}, {"type": "Feature", "properties": {"segment_id": 779180, "physicalid": "54779", "street_name": "NARRAGANSETT AVE", "borough": "bronx", "direction": "TF", "total_row_ft": 51.4, "roadbed_ft": 30.2, "median_ft": 0.0, "left_sw_ft": 11.5, "right_sw_ft": 9.7}, "geometry": {"type": "LineString", "coordinates": [[-73.84914117991086, 40.85302297627579], [-73.84898072277353, 40.85309417831062]]}}, {"type": "Feature", "properties": {"segment_id": 779181, "physicalid": "54779", "street_name": "NARRAGANSETT AVE", "borough": "bronx", "direction": "TF", "total_row_ft": 51.8, "roadbed_ft": 30.2, "median_ft": 0.0, "left_sw_ft": 11.8, "right_sw_ft": 9.8}, "geometry": {"type": "LineString", "coordinates": [[-73.84917816494655, 40.85307014515458], [-73.84901642148517, 40.85314191800571]]}}, {"type": "Feature", "properties": {"segment_id": 779182, "physicalid": "54779", "street_name": "NARRAGANSETT AVE", "borough": "bronx", "direction": "TF", "total_row_ft": 52.2, "roadbed_ft": 30.2, "median_ft": 0.0, "left_sw_ft": 12.1, "right_sw_ft": 9.8}, "geometry": {"type": "LineString", "coordinates": [[-73.84921495657059, 40.853117399870115], [-73.84905212039236, 40.853189657625315]]}}, {"type": "Feature", "properties": {"segment_id": 779183, "physicalid": "54780", "street_name": "NARRAGANSETT AVE", "borough": "bronx", "direction": "TW", "total_row_ft": 150.0, "roadbed_ft": 120.0, "median_ft": 0.0, "left_sw_ft": 15.0, "right_sw_ft": 15.0}, "geometry": {"type": "LineString", "coordinates": [[-73.84817846108807, 40.85244981303819], [-73.84814918269117, 40.8527784262389]]}}, {"type": "Feature", "properties": {"segment_id": 779184, "physicalid": "54780", "street_name": "NARRAGANSETT AVE", "borough": "bronx", "direction": "TW", "total_row_ft": 50.0, "roadbed_ft": 34.2, "median_ft": 0.0, "left_sw_ft": 8.1, "right_sw_ft": 7.7}, "geometry": {"type": "LineString", "coordinates": [[-73.84824232808782, 40.85254625576573], [-73.84823012877723, 40.852683179371375]]}}, {"type": "Feature", "properties": {"segment_id": 779185, "physicalid": "54780", "street_name": "NARRAGANSETT AVE", "borough": "bronx", "direction": "TW", "total_row_ft": 50.2, "roadbed_ft": 33.9, "median_ft": 0.0, "left_sw_ft": 8.1, "right_sw_ft": 8.3}, "geometry": {"type": "LineString", "coordinates": [[-73.84831449398524, 40.85254955350197], [-73.84830223594862, 40.85268713791633]]}}, {"type": "Feature", "properties": {"segment_id": 779186, "physicalid": "54780", "street_name": "NARRAGANSETT AVE", "borough": "bronx", "direction": "TW", "total_row_ft": 50.5, "roadbed_ft": 33.6, "median_ft": 0.0, "left_sw_ft": 8.0, "right_sw_ft": 8.9}, "geometry": {"type": "LineString", "coordinates": [[-73.84838665988981, 40.852552851193096], [-73.8483743431286, 40.852691096416216]]}}, {"type": "Feature", "properties": {"segment_id": 779187, "physicalid": "54780", "street_name": "NARRAGANSETT AVE", "borough": "bronx", "direction": "TW", "total_row_ft": 50.7, "roadbed_ft": 33.2, "median_ft": 0.0, "left_sw_ft": 8.0, "right_sw_ft": 9.5}, "geometry": {"type": "LineString", "coordinates": [[-73.84845882580154, 40.85255614883903], [-73.84844645031716, 40.85269505487101]]}}, {"type": "Feature", "properties": {"segment_id": 779188, "physicalid": "54780", "street_name": "NARRAGANSETT AVE", "borough": "bronx", "direction": "TW", "total_row_ft": 101.7, "roadbed_ft": 78.8, "median_ft": 0.0, "left_sw_ft": 7.9, "right_sw_ft": 15.0}, "geometry": {"type": "LineString", "coordinates": [[-73.84853099172042, 40.85255944643984], [-73.84850983199347, 40.85279695190124]]}}, {"type": "Feature", "properties": {"segment_id": 779189, "physicalid": "54780", "street_name": "NARRAGANSETT AVE", "borough": "bronx", "direction": "TW", "total_row_ft": 50.9, "roadbed_ft": 32.6, "median_ft": 0.0, "left_sw_ft": 7.9, "right_sw_ft": 10.4}, "geometry": {"type": "LineString", "coordinates": [[-73.84860315764647, 40.8525627439955], [-73.84859073324532, 40.85270220248056]]}}, {"type": "Feature", "properties": {"segment_id": 779190, "physicalid": "54780", "street_name": "NARRAGANSETT AVE", "borough": "bronx", "direction": "TW", "total_row_ft": 51.2, "roadbed_ft": 32.3, "median_ft": 0.0, "left_sw_ft": 8.2, "right_sw_ft": 10.7}, "geometry": {"type": "LineString", "coordinates": [[-73.84867539448369, 40.85256524562783], [-73.8486629119974, 40.852705357802485]]}}, {"type": "Feature", "properties": {"segment_id": 780654, "physicalid": "54879", "street_name": "HERING AVE", "borough": "bronx", "direction": "TF", "total_row_ft": 135.0, "roadbed_ft": 108.1, "median_ft": 0.0, "left_sw_ft": 11.9, "right_sw_ft": 15.0}, "geometry": {"type": "LineString", "coordinates": [[-73.84990301902003, 40.85101062724118], [-73.84952951101245, 40.85117808838483]]}}, {"type": "Feature", "properties": {"segment_id": 780655, "physicalid": "54879", "street_name": "HERING AVE", "borough": "bronx", "direction": "TF", "total_row_ft": 88.1, "roadbed_ft": 38.5, "median_ft": 0.0, "left_sw_ft": 9.7, "right_sw_ft": 39.8}, "geometry": {"type": "LineString", "coordinates": [[-73.84993977552779, 40.85105789640948], [-73.84966556954282, 40.85118083603299]]}}, {"type": "Feature", "properties": {"segment_id": 780656, "physicalid": "54879", "street_name": "HERING AVE", "borough": "bronx", "direction": "TF", "total_row_ft": 48.9, "roadbed_ft": 34.1, "median_ft": 0.0, "left_sw_ft": 6.9, "right_sw_ft": 7.9}, "geometry": {"type": "LineString", "coordinates": [[-73.84986768661383, 40.85115396632832], [-73.84971548880104, 40.85122220377705]]}}, {"type": "Feature", "properties": {"segment_id": 780657, "physicalid": "54879", "street_name": "HERING AVE", "borough": "bronx", "direction": "TF", "total_row_ft": 49.2, "roadbed_ft": 33.1, "median_ft": 0.0, "left_sw_ft": 8.1, "right_sw_ft": 8.0}, "geometry": {"type": "LineString", "coordinates": [[-73.84990338601543, 40.8512017094827], [-73.84975032384095, 40.85127033447856]]}}, {"type": "Feature", "properties": {"segment_id": 780658, "physicalid": "54879", "street_name": "HERING AVE", "borough": "bronx", "direction": "TF", "total_row_ft": 49.5, "roadbed_ft": 32.2, "median_ft": 0.0, "left_sw_ft": 9.2, "right_sw_ft": 8.0}, "geometry": {"type": "LineString", "coordinates": [[-73.84993914453494, 40.85124942614322], [-73.84978515893127, 40.85131846516916]]}}, {"type": "Feature", "properties": {"segment_id": 780659, "physicalid": "54879", "street_name": "HERING AVE", "borough": "bronx", "direction": "TF", "total_row_ft": 49.8, "roadbed_ft": 31.3, "median_ft": 0.0, "left_sw_ft": 10.3, "right_sw_ft": 8.1}, "geometry": {"type": "LineString", "coordinates": [[-73.84997490310575, 40.851297142792255], [-73.84981999407202, 40.85136659584882]]}}, {"type": "Feature", "properties": {"segment_id": 780660, "physicalid": "54879", "street_name": "HERING AVE", "borough": "bronx", "direction": "TF", "total_row_ft": 50.0, "roadbed_ft": 30.8, "median_ft": 0.0, "left_sw_ft": 10.8, "right_sw_ft": 8.4}, "geometry": {"type": "LineString", "coordinates": [[-73.85001148821244, 40.85134448887659], [-73.84985596883926, 40.851414215592875]]}}, {"type": "Feature", "properties": {"segment_id": 780661, "physicalid": "54879", "street_name": "HERING AVE", "borough": "bronx", "direction": "TF", "total_row_ft": 50.2, "roadbed_ft": 30.3, "median_ft": 0.0, "left_sw_ft": 11.0, "right_sw_ft": 8.9}, "geometry": {"type": "LineString", "coordinates": [[-73.85004837398235, 40.851391700170325], [-73.84989215923292, 40.851461738673066]]}}, {"type": "Feature", "properties": {"segment_id": 780671, "physicalid": "54880", "street_name": "HERING AVE", "borough": "bronx", "direction": "TF", "total_row_ft": 48.8, "roadbed_ft": 30.2, "median_ft": 0.0, "left_sw_ft": 10.1, "right_sw_ft": 8.5}, "geometry": {"type": "LineString", "coordinates": [[-73.84894694465521, 40.84998293370498], [-73.84879537144806, 40.85005125206556]]}}, {"type": "Feature", "properties": {"segment_id": 780672, "physicalid": "54880", "street_name": "HERING AVE", "borough": "bronx", "direction": "TF", "total_row_ft": 48.7, "roadbed_ft": 30.3, "median_ft": 0.0, "left_sw_ft": 10.1, "right_sw_ft": 8.3}, "geometry": {"type": "LineString", "coordinates": [[-73.84898341297404, 40.850030332691986], [-73.84883200609376, 40.850098576099995]]}}, {"type": "Feature", "properties": {"segment_id": 780673, "physicalid": "54880", "street_name": "HERING AVE", "borough": "bronx", "direction": "TF", "total_row_ft": 48.7, "roadbed_ft": 30.3, "median_ft": 0.0, "left_sw_ft": 10.2, "right_sw_ft": 8.1}, "geometry": {"type": "LineString", "coordinates": [[-73.84901988134482, 40.85007773166708], [-73.84886864079161, 40.85014590012243]]}}, {"type": "Feature", "properties": {"segment_id": 780674, "physicalid": "54880", "street_name": "HERING AVE", "borough": "bronx", "direction": "TF", "total_row_ft": 48.8, "roadbed_ft": 30.4, "median_ft": 0.0, "left_sw_ft": 10.3, "right_sw_ft": 8.0}, "geometry": {"type": "LineString", "coordinates": [[-73.84905684680322, 40.85012490660138], [-73.8489052755416, 40.85019322413283]]}}, {"type": "Feature", "properties": {"segment_id": 780675, "physicalid": "54880", "street_name": "HERING AVE", "borough": "bronx", "direction": "TF", "total_row_ft": 49.0, "roadbed_ft": 30.4, "median_ft": 0.0, "left_sw_ft": 10.4, "right_sw_ft": 8.1}, "geometry": {"type": "LineString", "coordinates": [[-73.84909407103292, 40.85017196491115], [-73.84894191034368, 40.85024054813121]]}}, {"type": "Feature", "properties": {"segment_id": 780676, "physicalid": "54880", "street_name": "HERING AVE", "borough": "bronx", "direction": "TF", "total_row_ft": 49.1, "roadbed_ft": 30.5, "median_ft": 0.0, "left_sw_ft": 10.5, "right_sw_ft": 8.2}, "geometry": {"type": "LineString", "coordinates": [[-73.84913129530872, 40.85021902321144], [-73.84897854519792, 40.85028787211757]]}}, {"type": "Feature", "properties": {"segment_id": 780677, "physicalid": "54880", "street_name": "HERING AVE", "borough": "bronx", "direction": "TF", "total_row_ft": 49.3, "roadbed_ft": 30.5, "median_ft": 0.0, "left_sw_ft": 10.6, "right_sw_ft": 8.2}, "geometry": {"type": "LineString", "coordinates": [[-73.84916851962598, 40.8502660815044], [-73.84901517996254, 40.850335196155804]]}}, {"type": "Feature", "properties": {"segment_id": 780678, "physicalid": "54880", "street_name": "HERING AVE", "borough": "bronx", "direction": "TF", "total_row_ft": 49.5, "roadbed_ft": 30.5, "median_ft": 0.0, "left_sw_ft": 10.7, "right_sw_ft": 8.3}, "geometry": {"type": "LineString", "coordinates": [[-73.8492057439959, 40.85031313978497], [-73.84905181468932, 40.85038252022255]]}}, {"type": "Feature", "properties": {"segment_id": 780679, "physicalid": "54880", "street_name": "HERING AVE", "borough": "bronx", "direction": "TF", "total_row_ft": 49.6, "roadbed_ft": 30.4, "median_ft": 0.0, "left_sw_ft": 10.7, "right_sw_ft": 8.5}, "geometry": {"type": "LineString", "coordinates": [[-73.8492429684185, 40.85036019805315], [-73.84908881228135, 40.850429680747155]]}}, {"type": "Feature", "properties": {"segment_id": 780680, "physicalid": "54880", "street_name": "HERING AVE", "borough": "bronx", "direction": "TF", "total_row_ft": 49.6, "roadbed_ft": 30.3, "median_ft": 0.0, "left_sw_ft": 10.6, "right_sw_ft": 8.7}, "geometry": {"type": "LineString", "coordinates": [[-73.84928019289374, 40.85040725630891], [-73.84912589733868, 40.850476801860104]]}}, {"type": "Feature", "properties": {"segment_id": 780681, "physicalid": "54880", "street_name": "HERING AVE", "borough": "bronx", "direction": "TF", "total_row_ft": 49.7, "roadbed_ft": 30.3, "median_ft": 0.0, "left_sw_ft": 10.5, "right_sw_ft": 8.9}, "geometry": {"type": "LineString", "coordinates": [[-73.84931741742167, 40.85045431455229], [-73.84916298289514, 40.850523922759436]]}}, {"type": "Feature", "properties": {"segment_id": 780682, "physicalid": "54880", "street_name": "HERING AVE", "borough": "bronx", "direction": "TF", "total_row_ft": 49.6, "roadbed_ft": 30.2, "median_ft": 0.0, "left_sw_ft": 10.5, "right_sw_ft": 9.0}, "geometry": {"type": "LineString", "coordinates": [[-73.84935437186725, 40.85050149454147], [-73.84920006765961, 40.850571044027085]]}}, {"type": "Feature", "properties": {"segment_id": 780683, "physicalid": "54880", "street_name": "HERING AVE", "borough": "bronx", "direction": "TF", "total_row_ft": 49.6, "roadbed_ft": 30.1, "median_ft": 0.0, "left_sw_ft": 10.4, "right_sw_ft": 9.1}, "geometry": {"type": "LineString", "coordinates": [[-73.84939127394586, 40.850548698145445], [-73.84923708125655, 40.850618197383405]]}}, {"type": "Feature", "properties": {"segment_id": 780684, "physicalid": "54880", "street_name": "HERING AVE", "borough": "bronx", "direction": "TF", "total_row_ft": 49.7, "roadbed_ft": 30.0, "median_ft": 0.0, "left_sw_ft": 10.5, "right_sw_ft": 9.2}, "geometry": {"type": "LineString", "coordinates": [[-73.84942817607684, 40.85059590173723], [-73.84927355999707, 40.85066559182626]]}}, {"type": "Feature", "properties": {"segment_id": 780685, "physicalid": "54880", "street_name": "HERING AVE", "borough": "bronx", "direction": "TF", "total_row_ft": 49.9, "roadbed_ft": 30.0, "median_ft": 0.0, "left_sw_ft": 10.6, "right_sw_ft": 9.3}, "geometry": {"type": "LineString", "coordinates": [[-73.84946507826021, 40.850643105316834], [-73.84931003878957, 40.850712986257165]]}}, {"type": "Feature", "properties": {"segment_id": 780686, "physicalid": "54880", "street_name": "HERING AVE", "borough": "bronx", "direction": "TF", "total_row_ft": 50.0, "roadbed_ft": 30.0, "median_ft": 0.0, "left_sw_ft": 10.7, "right_sw_ft": 9.2}, "geometry": {"type": "LineString", "coordinates": [[-73.84950198049594, 40.85069030888423], [-73.84934651763406, 40.85076038067618]]}}, {"type": "Feature", "properties": {"segment_id": 780687, "physicalid": "54880", "street_name": "HERING AVE", "borough": "bronx", "direction": "TF", "total_row_ft": 50.2, "roadbed_ft": 30.7, "median_ft": 0.0, "left_sw_ft": 10.9, "right_sw_ft": 8.6}, "geometry": {"type": "LineString", "coordinates": [[-73.84953888278406, 40.850737512439444], [-73.84938299653055, 40.85080777508327]]}}, {"type": "Feature", "properties": {"segment_id": 780688, "physicalid": "54880", "street_name": "HERING AVE", "borough": "bronx", "direction": "TF", "total_row_ft": 50.3, "roadbed_ft": 31.4, "median_ft": 0.0, "left_sw_ft": 10.8, "right_sw_ft": 8.0}, "geometry": {"type": "LineString", "coordinates": [[-73.84957578512457, 40.85078471598248], [-73.849419475479, 40.850855169478386]]}}, {"type": "Feature", "properties": {"segment_id": 780689, "physicalid": "54880", "street_name": "HERING AVE", "borough": "bronx", "direction": "TF", "total_row_ft": 56.0, "roadbed_ft": 32.3, "median_ft": 0.0, "left_sw_ft": 16.3, "right_sw_ft": 7.4}, "geometry": {"type": "LineString", "coordinates": [[-73.84961268751744, 40.85083191951327], [-73.84935118681778, 40.85094978563104]]}}, {"type": "Feature", "properties": {"segment_id": 780690, "physicalid": "54880", "street_name": "HERING AVE", "borough": "bronx", "direction": "TF", "total_row_ft": 84.1, "roadbed_ft": 33.3, "median_ft": 0.0, "left_sw_ft": 44.0, "right_sw_ft": 6.8}, "geometry": {"type": "LineString", "coordinates": [[-73.84964958996267, 40.85087912303191], [-73.84938827973522, 40.850996903327115]]}}, {"type": "Feature", "properties": {"segment_id": 780691, "physicalid": "54880", "street_name": "HERING AVE", "borough": "bronx", "direction": "TF", "total_row_ft": 106.1, "roadbed_ft": 77.9, "median_ft": 0.0, "left_sw_ft": 15.0, "right_sw_ft": 13.2}, "geometry": {"type": "LineString", "coordinates": [[-73.84970822118142, 40.85091653270925], [-73.84942498829528, 40.851044194275104]]}}, {"type": "Feature", "properties": {"segment_id": 780692, "physicalid": "54880", "street_name": "HERING AVE", "borough": "bronx", "direction": "TF", "total_row_ft": 150.0, "roadbed_ft": 120.0, "median_ft": 0.0, "left_sw_ft": 15.0, "right_sw_ft": 15.0}, "geometry": {"type": "LineString", "coordinates": [[-73.84983488305869, 40.85092327871959], [-73.84946188911259, 40.851091398578795]]}}, {"type": "Feature", "properties": {"segment_id": 796517, "physicalid": "55982", "street_name": "CHOCTAW PL", "borough": "bronx", "direction": "TW", "total_row_ft": 48.2, "roadbed_ft": 31.5, "median_ft": 0.0, "left_sw_ft": 8.6, "right_sw_ft": 8.0}, "geometry": {"type": "LineString", "coordinates": [[-73.85004580941137, 40.8555398364596], [-73.84993347937689, 40.85543869089347]]}}, {"type": "Feature", "properties": {"segment_id": 796518, "physicalid": "55982", "street_name": "CHOCTAW PL", "borough": "bronx", "direction": "TW", "total_row_ft": 48.1, "roadbed_ft": 31.7, "median_ft": 0.0, "left_sw_ft": 8.5, "right_sw_ft": 7.9}, "geometry": {"type": "LineString", "coordinates": [[-73.84999037973014, 40.85557508012962], [-73.84987835888916, 40.85547421289635]]}}, {"type": "Feature", "properties": {"segment_id": 796519, "physicalid": "55982", "street_name": "CHOCTAW PL", "borough": "bronx", "direction": "TW", "total_row_ft": 47.9, "roadbed_ft": 31.9, "median_ft": 0.0, "left_sw_ft": 8.3, "right_sw_ft": 7.7}, "geometry": {"type": "LineString", "coordinates": [[-73.8499349499902, 40.85561032377279], [-73.84982323834255, 40.85550973487266]]}}, {"type": "Feature", "properties": {"segment_id": 796520, "physicalid": "55982", "street_name": "CHOCTAW PL", "borough": "bronx", "direction": "TW", "total_row_ft": 47.8, "roadbed_ft": 32.1, "median_ft": 0.0, "left_sw_ft": 8.2, "right_sw_ft": 7.5}, "geometry": {"type": "LineString", "coordinates": [[-73.84987952019151, 40.855645567389125], [-73.84976811773706, 40.855545256822424]]}}, {"type": "Feature", "properties": {"segment_id": 796521, "physicalid": "55982", "street_name": "CHOCTAW PL", "borough": "bronx", "direction": "TW", "total_row_ft": 47.7, "roadbed_ft": 32.3, "median_ft": 0.0, "left_sw_ft": 8.0, "right_sw_ft": 7.4}, "geometry": {"type": "LineString", "coordinates": [[-73.84982409033407, 40.85568081097861], [-73.84971299707269, 40.85558077874563]]}}, {"type": "Feature", "properties": {"segment_id": 796522, "physicalid": "55982", "street_name": "CHOCTAW PL", "borough": "bronx", "direction": "TW", "total_row_ft": 47.5, "roadbed_ft": 32.5, "median_ft": 0.0, "left_sw_ft": 7.8, "right_sw_ft": 7.2}, "geometry": {"type": "LineString", "coordinates": [[-73.84976866041787, 40.85571605454125], [-73.84965787634945, 40.855616300642296]]}}, {"type": "Feature", "properties": {"segment_id": 796523, "physicalid": "55982", "street_name": "CHOCTAW PL", "borough": "bronx", "direction": "TW", "total_row_ft": 47.4, "roadbed_ft": 32.7, "median_ft": 0.0, "left_sw_ft": 7.7, "right_sw_ft": 7.0}, "geometry": {"type": "LineString", "coordinates": [[-73.84971323044294, 40.85575129807701], [-73.84960275556733, 40.855651822512385]]}}, {"type": "Feature", "properties": {"segment_id": 796524, "physicalid": "55982", "street_name": "CHOCTAW PL", "borough": "bronx", "direction": "TW", "total_row_ft": 46.7, "roadbed_ft": 32.9, "median_ft": 0.0, "left_sw_ft": 6.9, "right_sw_ft": 6.9}, "geometry": {"type": "LineString", "coordinates": [[-73.8496564638582, 40.855785338108625], [-73.84954763472633, 40.85568734435593]]}}, {"type": "Feature", "properties": {"segment_id": 796525, "physicalid": "55982", "street_name": "CHOCTAW PL", "borough": "bronx", "direction": "TW", "total_row_ft": 135.0, "roadbed_ft": 84.2, "median_ft": 0.0, "left_sw_ft": 35.8, "right_sw_ft": 15.0}, "geometry": {"type": "LineString", "coordinates": [[-73.84968787797722, 40.8558987790881], [-73.84940824178359, 40.855646984200355]]}}, {"type": "Feature", "properties": {"segment_id": 797996, "physicalid": "56099", "street_name": "YOUNG AVE", "borough": "bronx", "direction": "TW", "total_row_ft": 150.0, "roadbed_ft": 120.0, "median_ft": 0.0, "left_sw_ft": 15.0, "right_sw_ft": 15.0}, "geometry": {"type": "LineString", "coordinates": [[-73.84851230671543, 40.85985609807355], [-73.84807861913839, 40.859848133605105]]}}, {"type": "Feature", "properties": {"segment_id": 797997, "physicalid": "56099", "street_name": "YOUNG AVE", "borough": "bronx", "direction": "TW", "total_row_ft": 51.4, "roadbed_ft": 32.8, "median_ft": 0.0, "left_sw_ft": 7.8, "right_sw_ft": 10.7}, "geometry": {"type": "LineString", "coordinates": [[-73.84838434345026, 40.859908658300434], [-73.84819870980675, 40.859905249222365]]}}, {"type": "Feature", "properties": {"segment_id": 797998, "physicalid": "56099", "street_name": "YOUNG AVE", "borough": "bronx", "direction": "TW", "total_row_ft": 50.3, "roadbed_ft": 32.8, "median_ft": 0.0, "left_sw_ft": 6.9, "right_sw_ft": 10.6}, "geometry": {"type": "LineString", "coordinates": [[-73.84837921377479, 40.85996347414215], [-73.8481974387761, 40.859960135924084]]}}, {"type": "Feature", "properties": {"segment_id": 798017, "physicalid": "56100", "street_name": "YOUNG AVE", "borough": "bronx", "direction": "TW", "total_row_ft": 120.0, "roadbed_ft": 36.3, "median_ft": 0.0, "left_sw_ft": 42.5, "right_sw_ft": 41.2}, "geometry": {"type": "LineString", "coordinates": [[-73.84855241672031, 40.8587475463254], [-73.84811877464622, 40.85873845970293]]}}, {"type": "Feature", "properties": {"segment_id": 798018, "physicalid": "56100", "street_name": "YOUNG AVE", "borough": "bronx", "direction": "TW", "total_row_ft": 47.1, "roadbed_ft": 30.0, "median_ft": 0.0, "left_sw_ft": 9.0, "right_sw_ft": 8.2}, "geometry": {"type": "LineString", "coordinates": [[-73.84841973569213, 40.85879968117301], [-73.84824941796283, 40.85879611230282]]}}, {"type": "Feature", "properties": {"segment_id": 798019, "physicalid": "56100", "street_name": "YOUNG AVE", "borough": "bronx", "direction": "TW", "total_row_ft": 47.4, "roadbed_ft": 30.1, "median_ft": 0.0, "left_sw_ft": 9.1, "right_sw_ft": 8.2}, "geometry": {"type": "LineString", "coordinates": [[-73.84841790367163, 40.858854557684346], [-73.84824661762994, 40.85885096852353]]}}, {"type": "Feature", "properties": {"segment_id": 798020, "physicalid": "56100", "street_name": "YOUNG AVE", "borough": "bronx", "direction": "TW", "total_row_ft": 47.7, "roadbed_ft": 30.3, "median_ft": 0.0, "left_sw_ft": 9.1, "right_sw_ft": 8.2}, "geometry": {"type": "LineString", "coordinates": [[-73.84841607164809, 40.85890943419512], [-73.84824381729244, 40.8589058247436]]}}, {"type": "Feature", "properties": {"segment_id": 798021, "physicalid": "56100", "street_name": "YOUNG AVE", "borough": "bronx", "direction": "TW", "total_row_ft": 47.9, "roadbed_ft": 30.5, "median_ft": 0.0, "left_sw_ft": 9.2, "right_sw_ft": 8.3}, "geometry": {"type": "LineString", "coordinates": [[-73.84841423962152, 40.85896431070534], [-73.84824101695031, 40.8589606809631]]}}, {"type": "Feature", "properties": {"segment_id": 798022, "physicalid": "56100", "street_name": "YOUNG AVE", "borough": "bronx", "direction": "TW", "total_row_ft": 48.2, "roadbed_ft": 30.6, "median_ft": 0.0, "left_sw_ft": 9.3, "right_sw_ft": 8.3}, "geometry": {"type": "LineString", "coordinates": [[-73.8484124082376, 40.859019187228505], [-73.84823821660358, 40.85901553718198]]}}, {"type": "Feature", "properties": {"segment_id": 798023, "physicalid": "56100", "street_name": "YOUNG AVE", "borough": "bronx", "direction": "TW", "total_row_ft": 48.2, "roadbed_ft": 30.8, "median_ft": 0.0, "left_sw_ft": 9.1, "right_sw_ft": 8.3}, "geometry": {"type": "LineString", "coordinates": [[-73.8484096862145, 40.85907404508924], [-73.84823541625221, 40.85907039340028]]}}, {"type": "Feature", "properties": {"segment_id": 798024, "physicalid": "56100", "street_name": "YOUNG AVE", "borough": "bronx", "direction": "TW", "total_row_ft": 48.2, "roadbed_ft": 30.9, "median_ft": 0.0, "left_sw_ft": 8.8, "right_sw_ft": 8.4}, "geometry": {"type": "LineString", "coordinates": [[-73.84840670478744, 40.85912889751406], [-73.84823261589622, 40.85912524961798]]}}, {"type": "Feature", "properties": {"segment_id": 798025, "physicalid": "56100", "street_name": "YOUNG AVE", "borough": "bronx", "direction": "TW", "total_row_ft": 48.1, "roadbed_ft": 30.7, "median_ft": 0.0, "left_sw_ft": 8.6, "right_sw_ft": 8.9}, "geometry": {"type": "LineString", "coordinates": [[-73.84840372335546, 40.859183749938275], [-73.84822981553563, 40.85918010583506]]}}, {"type": "Feature", "properties": {"segment_id": 798026, "physicalid": "56100", "street_name": "YOUNG AVE", "borough": "bronx", "direction": "TW", "total_row_ft": 47.9, "roadbed_ft": 30.4, "median_ft": 0.0, "left_sw_ft": 8.3, "right_sw_ft": 9.2}, "geometry": {"type": "LineString", "coordinates": [[-73.84840074191855, 40.85923860236187], [-73.84822750118438, 40.859234972235974]]}}, {"type": "Feature", "properties": {"segment_id": 798027, "physicalid": "56100", "street_name": "YOUNG AVE", "borough": "bronx", "direction": "TW", "total_row_ft": 47.6, "roadbed_ft": 30.1, "median_ft": 0.0, "left_sw_ft": 8.1, "right_sw_ft": 9.4}, "geometry": {"type": "LineString", "coordinates": [[-73.84839776047674, 40.85929345478484], [-73.84822572783403, 40.85928984997307]]}}, {"type": "Feature", "properties": {"segment_id": 798028, "physicalid": "56100", "street_name": "YOUNG AVE", "borough": "bronx", "direction": "TW", "total_row_ft": 47.3, "roadbed_ft": 29.8, "median_ft": 0.0, "left_sw_ft": 7.8, "right_sw_ft": 9.6}, "geometry": {"type": "LineString", "coordinates": [[-73.84839477903, 40.85934830720723], [-73.84822395448074, 40.859344727709576]]}}, {"type": "Feature", "properties": {"segment_id": 798029, "physicalid": "56100", "street_name": "YOUNG AVE", "borough": "bronx", "direction": "TW", "total_row_ft": 46.9, "roadbed_ft": 29.6, "median_ft": 0.0, "left_sw_ft": 7.5, "right_sw_ft": 9.8}, "geometry": {"type": "LineString", "coordinates": [[-73.84839179757834, 40.85940315962901], [-73.84822218112453, 40.85939960544553]]}}, {"type": "Feature", "properties": {"segment_id": 798030, "physicalid": "56100", "street_name": "YOUNG AVE", "borough": "bronx", "direction": "TW", "total_row_ft": 46.6, "roadbed_ft": 29.7, "median_ft": 0.0, "left_sw_ft": 7.2, "right_sw_ft": 9.7}, "geometry": {"type": "LineString", "coordinates": [[-73.84838881612177, 40.85945801205017], [-73.84822040776538, 40.85945448318092]]}}, {"type": "Feature", "properties": {"segment_id": 798031, "physicalid": "56100", "street_name": "YOUNG AVE", "borough": "bronx", "direction": "TW", "total_row_ft": 46.3, "roadbed_ft": 30.0, "median_ft": 0.0, "left_sw_ft": 6.9, "right_sw_ft": 9.4}, "geometry": {"type": "LineString", "coordinates": [[-73.84838583466028, 40.859512864470716], [-73.84821863440331, 40.859509360915744]]}}, {"type": "Feature", "properties": {"segment_id": 798032, "physicalid": "56100", "street_name": "YOUNG AVE", "borough": "bronx", "direction": "TW", "total_row_ft": 45.9, "roadbed_ft": 30.3, "median_ft": 0.0, "left_sw_ft": 6.6, "right_sw_ft": 9.0}, "geometry": {"type": "LineString", "coordinates": [[-73.84838285319388, 40.859567716890666], [-73.84821686089697, 40.859564238647074]]}}, {"type": "Feature", "properties": {"segment_id": 798033, "physicalid": "56100", "street_name": "YOUNG AVE", "borough": "bronx", "direction": "TW", "total_row_ft": 45.6, "roadbed_ft": 30.6, "median_ft": 0.0, "left_sw_ft": 6.3, "right_sw_ft": 8.7}, "geometry": {"type": "LineString", "coordinates": [[-73.84837987172254, 40.859622569309984], [-73.84821504919081, 40.859619115577395]]}}, {"type": "Feature", "properties": {"segment_id": 798034, "physicalid": "56100", "street_name": "YOUNG AVE", "borough": "bronx", "direction": "TW", "total_row_ft": 46.7, "roadbed_ft": 30.9, "median_ft": 0.0, "left_sw_ft": 6.7, "right_sw_ft": 9.0}, "geometry": {"type": "LineString", "coordinates": [[-73.84837948307764, 40.8596774760577], [-73.84821087016797, 40.85967394290019]]}}, {"type": "Feature", "properties": {"segment_id": 798035, "physicalid": "56100", "street_name": "YOUNG AVE", "borough": "bronx", "direction": "TW", "total_row_ft": 113.4, "roadbed_ft": 31.2, "median_ft": 0.0, "left_sw_ft": 38.5, "right_sw_ft": 43.6}, "geometry": {"type": "LineString", "coordinates": [[-73.84849250087436, 40.85973475901168], [-73.84808286676807, 40.859726175415666]]}}, {"type": "Feature", "properties": {"segment_id": 798289, "physicalid": "56118", "street_name": "PELHAM PKWY N", "borough": "bronx", "direction": "TF", "total_row_ft": 49.1, "roadbed_ft": 21.6, "median_ft": 0.0, "left_sw_ft": 15.0, "right_sw_ft": 12.4}, "geometry": {"type": "LineString", "coordinates": [[-73.84994793256308, 40.85875184834659], [-73.8499224325799, 40.85851431116866]]}}, {"type": "Feature", "properties": {"segment_id": 798290, "physicalid": "56118", "street_name": "PELHAM PKWY N", "borough": "bronx", "direction": "TF", "total_row_ft": 48.8, "roadbed_ft": 20.9, "median_ft": 0.0, "left_sw_ft": 15.0, "right_sw_ft": 13.0}, "geometry": {"type": "LineString", "coordinates": [[-73.84987615768283, 40.858758984618376], [-73.84985037058824, 40.858518770528576]]}}, {"type": "Feature", "properties": {"segment_id": 798291, "physicalid": "56118", "street_name": "PELHAM PKWY N", "borough": "bronx", "direction": "TF", "total_row_ft": 48.9, "roadbed_ft": 20.6, "median_ft": 0.0, "left_sw_ft": 15.0, "right_sw_ft": 13.2}, "geometry": {"type": "LineString", "coordinates": [[-73.84980429655138, 40.8587653175296], [-73.84977830858692, 40.85852322984349]]}}, {"type": "Feature", "properties": {"segment_id": 798292, "physicalid": "56118", "street_name": "PELHAM PKWY N", "borough": "bronx", "direction": "TF", "total_row_ft": 49.1, "roadbed_ft": 21.0, "median_ft": 0.0, "left_sw_ft": 15.0, "right_sw_ft": 13.1}, "geometry": {"type": "LineString", "coordinates": [[-73.8497323492802, 40.85877084809419], [-73.8497062465759, 40.8585276891134]]}}, {"type": "Feature", "properties": {"segment_id": 798293, "physicalid": "56118", "street_name": "PELHAM PKWY N", "borough": "bronx", "direction": "TF", "total_row_ft": 49.5, "roadbed_ft": 21.8, "median_ft": 0.0, "left_sw_ft": 15.0, "right_sw_ft": 12.7}, "geometry": {"type": "LineString", "coordinates": [[-73.84966031600203, 40.858775577524696], [-73.84963418455526, 40.85853214833829]]}}, {"type": "Feature", "properties": {"segment_id": 798294, "physicalid": "56118", "street_name": "PELHAM PKWY N", "borough": "bronx", "direction": "TF", "total_row_ft": 50.3, "roadbed_ft": 22.7, "median_ft": 0.0, "left_sw_ft": 15.0, "right_sw_ft": 12.5}, "geometry": {"type": "LineString", "coordinates": [[-73.84958822388117, 40.85877975884933], [-73.84956212252494, 40.8585366075182]]}}, {"type": "Feature", "properties": {"segment_id": 798295, "physicalid": "56118", "street_name": "PELHAM PKWY N", "borough": "bronx", "direction": "TF", "total_row_ft": 51.2, "roadbed_ft": 23.9, "median_ft": 0.0, "left_sw_ft": 15.0, "right_sw_ft": 12.4}, "geometry": {"type": "LineString", "coordinates": [[-73.84951601522845, 40.8587828546351], [-73.84949006048495, 40.858541066653046]]}}, {"type": "Feature", "properties": {"segment_id": 798296, "physicalid": "56118", "street_name": "PELHAM PKWY N", "borough": "bronx", "direction": "TF", "total_row_ft": 52.3, "roadbed_ft": 25.5, "median_ft": 0.0, "left_sw_ft": 15.0, "right_sw_ft": 11.8}, "geometry": {"type": "LineString", "coordinates": [[-73.84944366164484, 40.85878460028936], [-73.84941799843531, 40.85854552574289]]}}, {"type": "Feature", "properties": {"segment_id": 798297, "physicalid": "56118", "street_name": "PELHAM PKWY N", "borough": "bronx", "direction": "TF", "total_row_ft": 102.2, "roadbed_ft": 72.2, "median_ft": 0.0, "left_sw_ft": 15.0, "right_sw_ft": 15.0}, "geometry": {"type": "LineString", "coordinates": [[-73.84938117446936, 40.85887826036098], [-73.84934593637601, 40.85854998478773]]}}, {"type": "Feature", "properties": {"segment_id": 798573, "physicalid": "56136", "street_name": "PELHAM PKWY N", "borough": "bronx", "direction": "TF", "total_row_ft": 104.1, "roadbed_ft": 74.1, "median_ft": 0.0, "left_sw_ft": 15.0, "right_sw_ft": 15.0}, "geometry": {"type": "LineString", "coordinates": [[-73.84925012146047, 40.858881274287235], [-73.84925932058816, 40.85855198435742]]}}, {"type": "Feature", "properties": {"segment_id": 798574, "physicalid": "56136", "street_name": "PELHAM PKWY N", "borough": "bronx", "direction": "TF", "total_row_ft": 52.0, "roadbed_ft": 25.1, "median_ft": 0.0, "left_sw_ft": 15.0, "right_sw_ft": 11.9}, "geometry": {"type": "LineString", "coordinates": [[-73.84918070583088, 40.85877739997709], [-73.84918703585569, 40.85855082027876]]}}, {"type": "Feature", "properties": {"segment_id": 798575, "physicalid": "56136", "street_name": "PELHAM PKWY N", "borough": "bronx", "direction": "TF", "total_row_ft": 51.8, "roadbed_ft": 25.5, "median_ft": 0.0, "left_sw_ft": 15.0, "right_sw_ft": 11.4}, "geometry": {"type": "LineString", "coordinates": [[-73.84910845211625, 40.85877511690959], [-73.84911475112575, 40.85854965615483]]}}, {"type": "Feature", "properties": {"segment_id": 798576, "physicalid": "56136", "street_name": "PELHAM PKWY N", "borough": "bronx", "direction": "TF", "total_row_ft": 52.3, "roadbed_ft": 25.8, "median_ft": 0.0, "left_sw_ft": 15.0, "right_sw_ft": 11.4}, "geometry": {"type": "LineString", "coordinates": [[-73.84903615321404, 40.85877445130783], [-73.84904246639834, 40.85854849198563]]}}, {"type": "Feature", "properties": {"segment_id": 798577, "physicalid": "56136", "street_name": "PELHAM PKWY N", "borough": "bronx", "direction": "TF", "total_row_ft": 52.7, "roadbed_ft": 26.2, "median_ft": 0.0, "left_sw_ft": 15.0, "right_sw_ft": 11.5}, "geometry": {"type": "LineString", "coordinates": [[-73.8489638543188, 40.85877378546263], [-73.84897018167347, 40.8585473277711]]}}, {"type": "Feature", "properties": {"segment_id": 798578, "physicalid": "56136", "street_name": "PELHAM PKWY N", "borough": "bronx", "direction": "TF", "total_row_ft": 53.1, "roadbed_ft": 26.5, "median_ft": 0.0, "left_sw_ft": 15.0, "right_sw_ft": 11.6}, "geometry": {"type": "LineString", "coordinates": [[-73.84889155542872, 40.858773119439746], [-73.84889789695112, 40.85854616351131]]}}, {"type": "Feature", "properties": {"segment_id": 798579, "physicalid": "56136", "street_name": "PELHAM PKWY N", "borough": "bronx", "direction": "TF", "total_row_ft": 53.2, "roadbed_ft": 26.7, "median_ft": 0.0, "left_sw_ft": 15.0, "right_sw_ft": 11.5}, "geometry": {"type": "LineString", "coordinates": [[-73.84881927266242, 40.858771876395316], [-73.8488256122313, 40.85854499920623]]}}, {"type": "Feature", "properties": {"segment_id": 798580, "physicalid": "56136", "street_name": "PELHAM PKWY N", "borough": "bronx", "direction": "TF", "total_row_ft": 53.2, "roadbed_ft": 26.8, "median_ft": 0.0, "left_sw_ft": 15.0, "right_sw_ft": 11.3}, "geometry": {"type": "LineString", "coordinates": [[-73.84874699024543, 40.85877062090205], [-73.84875332751402, 40.858543834855844]]}}, {"type": "Feature", "properties": {"segment_id": 798581, "physicalid": "56136", "street_name": "PELHAM PKWY N", "borough": "bronx", "direction": "TF", "total_row_ft": 53.1, "roadbed_ft": 26.9, "median_ft": 0.0, "left_sw_ft": 15.0, "right_sw_ft": 11.2}, "geometry": {"type": "LineString", "coordinates": [[-73.8486747078308, 40.85876936537724], [-73.84868104279926, 40.85854267046018]]}}, {"type": "Feature", "properties": {"segment_id": 798582, "physicalid": "56136", "street_name": "PELHAM PKWY N", "borough": "bronx", "direction": "TF", "total_row_ft": 53.0, "roadbed_ft": 27.1, "median_ft": 0.0, "left_sw_ft": 15.0, "right_sw_ft": 11.0}, "geometry": {"type": "LineString", "coordinates": [[-73.84860242541646, 40.85876810989452], [-73.84860875808702, 40.85854150601926]]}}, {"type": "Feature", "properties": {"segment_id": 798583, "physicalid": "56136", "street_name": "PELHAM PKWY N", "borough": "bronx", "direction": "TF", "total_row_ft": 52.9, "roadbed_ft": 27.2, "median_ft": 0.0, "left_sw_ft": 15.0, "right_sw_ft": 10.7}, "geometry": {"type": "LineString", "coordinates": [[-73.84853014300484, 40.85876685436649], [-73.84853647337734, 40.858540341532986]]}}, {"type": "Feature", "properties": {"segment_id": 798584, "physicalid": "56136", "street_name": "PELHAM PKWY N", "borough": "bronx", "direction": "TF", "total_row_ft": 52.8, "roadbed_ft": 27.3, "median_ft": 0.0, "left_sw_ft": 15.0, "right_sw_ft": 10.4}, "geometry": {"type": "LineString", "coordinates": [[-73.84845786059365, 40.858765598875074], [-73.84846418867016, 40.858539177001475]]}}, {"type": "Feature", "properties": {"segment_id": 798585, "physicalid": "56137", "street_name": "PELHAM PKWY N", "borough": "bronx", "direction": "TF", "total_row_ft": 105.0, "roadbed_ft": 75.0, "median_ft": 0.0, "left_sw_ft": 15.0, "right_sw_ft": 15.0}, "geometry": {"type": "LineString", "coordinates": [[-73.84827701986227, 40.85886535678467], [-73.84828875138722, 40.85853611325161]]}}, {"type": "Feature", "properties": {"segment_id": 798586, "physicalid": "56137", "street_name": "PELHAM PKWY N", "borough": "bronx", "direction": "TF", "total_row_ft": 50.5, "roadbed_ft": 26.5, "median_ft": 0.0, "left_sw_ft": 15.0, "right_sw_ft": 9.0}, "geometry": {"type": "LineString", "coordinates": [[-73.84820859856619, 40.85875572543243], [-73.84821647685737, 40.85853462872352]]}}, {"type": "Feature", "properties": {"segment_id": 798587, "physicalid": "56137", "street_name": "PELHAM PKWY N", "borough": "bronx", "direction": "TF", "total_row_ft": 50.6, "roadbed_ft": 26.0, "median_ft": 0.0, "left_sw_ft": 15.0, "right_sw_ft": 9.5}, "geometry": {"type": "LineString", "coordinates": [[-73.84813632367428, 40.85875424436798], [-73.84814420233074, 40.85853314415014]]}}, {"type": "Feature", "properties": {"segment_id": 798588, "physicalid": "56137", "street_name": "PELHAM PKWY N", "borough": "bronx", "direction": "TF", "total_row_ft": 50.7, "roadbed_ft": 25.6, "median_ft": 0.0, "left_sw_ft": 15.0, "right_sw_ft": 10.1}, "geometry": {"type": "LineString", "coordinates": [[-73.84806404878674, 40.858752763225596], [-73.84807192780734, 40.85853165953148]]}}, {"type": "Feature", "properties": {"segment_id": 798589, "physicalid": "56137", "street_name": "PELHAM PKWY N", "borough": "bronx", "direction": "TF", "total_row_ft": 50.9, "roadbed_ft": 25.6, "median_ft": 0.0, "left_sw_ft": 15.0, "right_sw_ft": 10.3}, "geometry": {"type": "LineString", "coordinates": [[-73.84799176998493, 40.85875139196802], [-73.84799965328718, 40.858530174867546]]}}, {"type": "Feature", "properties": {"segment_id": 798590, "physicalid": "56137", "street_name": "PELHAM PKWY N", "borough": "bronx", "direction": "TF", "total_row_ft": 51.2, "roadbed_ft": 25.8, "median_ft": 0.0, "left_sw_ft": 15.0, "right_sw_ft": 10.4}, "geometry": {"type": "LineString", "coordinates": [[-73.8479194872301, 40.85875013167247], [-73.84792737877024, 40.85852869015835]]}}, {"type": "Feature", "properties": {"segment_id": 798591, "physicalid": "56137", "street_name": "PELHAM PKWY N", "borough": "bronx", "direction": "TF", "total_row_ft": 51.5, "roadbed_ft": 26.0, "median_ft": 0.0, "left_sw_ft": 15.0, "right_sw_ft": 10.5}, "geometry": {"type": "LineString", "coordinates": [[-73.8478472044735, 40.85874887145862], [-73.84785510425654, 40.85852720540388]]}}, {"type": "Feature", "properties": {"segment_id": 798592, "physicalid": "56137", "street_name": "PELHAM PKWY N", "borough": "bronx", "direction": "TF", "total_row_ft": 51.8, "roadbed_ft": 26.2, "median_ft": 0.0, "left_sw_ft": 15.0, "right_sw_ft": 10.6}, "geometry": {"type": "LineString", "coordinates": [[-73.84777492171962, 40.85874761119949], [-73.84778282974605, 40.85852572060413]]}}, {"type": "Feature", "properties": {"segment_id": 798593, "physicalid": "56137", "street_name": "PELHAM PKWY N", "borough": "bronx", "direction": "TF", "total_row_ft": 52.2, "roadbed_ft": 26.5, "median_ft": 0.0, "left_sw_ft": 15.0, "right_sw_ft": 10.7}, "geometry": {"type": "LineString", "coordinates": [[-73.84770263898183, 40.85874635052093], [-73.84771055523879, 40.85852423575909]]}}, {"type": "Feature", "properties": {"segment_id": 798594, "physicalid": "56137", "street_name": "PELHAM PKWY N", "borough": "bronx", "direction": "TF", "total_row_ft": 52.6, "roadbed_ft": 26.8, "median_ft": 0.0, "left_sw_ft": 15.0, "right_sw_ft": 10.8}, "geometry": {"type": "LineString", "coordinates": [[-73.84763035624057, 40.85874508997089], [-73.84763828073476, 40.85852275086878]]}}, {"type": "Feature", "properties": {"segment_id": 798595, "physicalid": "56137", "street_name": "PELHAM PKWY N", "borough": "bronx", "direction": "TF", "total_row_ft": 52.8, "roadbed_ft": 26.9, "median_ft": 0.0, "left_sw_ft": 15.0, "right_sw_ft": 10.9}, "geometry": {"type": "LineString", "coordinates": [[-73.84755807349707, 40.85874382951572], [-73.84756600623398, 40.85852126593323]]}}, {"type": "Feature", "properties": {"segment_id": 798596, "physicalid": "56137", "street_name": "PELHAM PKWY N", "borough": "bronx", "direction": "TF", "total_row_ft": 91.7, "roadbed_ft": 27.0, "median_ft": 0.0, "left_sw_ft": 15.0, "right_sw_ft": 49.7}, "geometry": {"type": "LineString", "coordinates": [[-73.84748199627857, 40.858849024405515], [-73.84749373173638, 40.85851978095237]]}}, {"type": "Feature", "properties": {"segment_id": 798597, "physicalid": "56138", "street_name": "PELHAM PKWY N", "borough": "bronx", "direction": "TF", "total_row_ft": 90.8, "roadbed_ft": 65.3, "median_ft": 0.0, "left_sw_ft": 15.0, "right_sw_ft": 10.5}, "geometry": {"type": "LineString", "coordinates": [[-73.84732933983057, 40.858844222306715], [-73.84735737595412, 40.858515546875644]]}}, {"type": "Feature", "properties": {"segment_id": 798598, "physicalid": "56138", "street_name": "PELHAM PKWY N", "borough": "bronx", "direction": "TF", "total_row_ft": 55.1, "roadbed_ft": 26.1, "median_ft": 0.0, "left_sw_ft": 15.0, "right_sw_ft": 14.0}, "geometry": {"type": "LineString", "coordinates": [[-73.84726529749861, 40.85874562584081], [-73.84728522615649, 40.858511999164946]]}}, {"type": "Feature", "properties": {"segment_id": 798599, "physicalid": "56138", "street_name": "PELHAM PKWY N", "borough": "bronx", "direction": "TF", "total_row_ft": 54.9, "roadbed_ft": 26.0, "median_ft": 0.0, "left_sw_ft": 15.0, "right_sw_ft": 13.9}, "geometry": {"type": "LineString", "coordinates": [[-73.84719292459978, 40.85874469061066], [-73.84721307636654, 40.85850845140912]]}}, {"type": "Feature", "properties": {"segment_id": 798600, "physicalid": "56138", "street_name": "PELHAM PKWY N", "borough": "bronx", "direction": "TF", "total_row_ft": 54.8, "roadbed_ft": 26.0, "median_ft": 0.0, "left_sw_ft": 15.0, "right_sw_ft": 13.8}, "geometry": {"type": "LineString", "coordinates": [[-73.84712055170299, 40.858743755335134], [-73.84714092658429, 40.85850490360818]]}}, {"type": "Feature", "properties": {"segment_id": 798601, "physicalid": "56138", "street_name": "PELHAM PKWY N", "borough": "bronx", "direction": "TF", "total_row_ft": 54.7, "roadbed_ft": 25.9, "median_ft": 0.0, "left_sw_ft": 15.0, "right_sw_ft": 13.7}, "geometry": {"type": "LineString", "coordinates": [[-73.84704817880822, 40.8587428200142], [-73.84706877680973, 40.85850135576213]]}}, {"type": "Feature", "properties": {"segment_id": 798602, "physicalid": "56138", "street_name": "PELHAM PKWY N", "borough": "bronx", "direction": "TF", "total_row_ft": 55.5, "roadbed_ft": 26.9, "median_ft": 0.0, "left_sw_ft": 15.0, "right_sw_ft": 13.7}, "geometry": {"type": "LineString", "coordinates": [[-73.84697579301258, 40.85874203590245], [-73.84699662704288, 40.85849780787094]]}}, {"type": "Feature", "properties": {"segment_id": 798603, "physicalid": "56138", "street_name": "PELHAM PKWY N", "borough": "bronx", "direction": "TF", "total_row_ft": 57.1, "roadbed_ft": 28.1, "median_ft": 0.0, "left_sw_ft": 15.0, "right_sw_ft": 14.0}, "geometry": {"type": "LineString", "coordinates": [[-73.8469033963157, 40.858741379553535], [-73.84692447728374, 40.85849425993463]]}}, {"type": "Feature", "properties": {"segment_id": 798604, "physicalid": "56138", "street_name": "PELHAM PKWY N", "borough": "bronx", "direction": "TF", "total_row_ft": 58.6, "roadbed_ft": 28.7, "median_ft": 0.0, "left_sw_ft": 15.0, "right_sw_ft": 15.0}, "geometry": {"type": "LineString", "coordinates": [[-73.84683099962024, 40.858740723159165], [-73.84685232753228, 40.85849071195319]]}}, {"type": "Feature", "properties": {"segment_id": 798605, "physicalid": "56138", "street_name": "PELHAM PKWY N", "borough": "bronx", "direction": "TF", "total_row_ft": 60.2, "roadbed_ft": 29.0, "median_ft": 0.0, "left_sw_ft": 15.0, "right_sw_ft": 16.2}, "geometry": {"type": "LineString", "coordinates": [[-73.84675860292622, 40.85874006671937], [-73.84678017778852, 40.858487163926654]]}}, {"type": "Feature", "properties": {"segment_id": 798606, "physicalid": "56138", "street_name": "PELHAM PKWY N", "borough": "bronx", "direction": "TF", "total_row_ft": 61.8, "roadbed_ft": 29.0, "median_ft": 0.0, "left_sw_ft": 15.0, "right_sw_ft": 17.8}, "geometry": {"type": "LineString", "coordinates": [[-73.84668620623361, 40.858739410234165], [-73.84670802805245, 40.85848361585499]]}}, {"type": "Feature", "properties": {"segment_id": 798607, "physicalid": "56138", "street_name": "PELHAM PKWY N", "borough": "bronx", "direction": "TF", "total_row_ft": 63.4, "roadbed_ft": 28.2, "median_ft": 0.0, "left_sw_ft": 15.0, "right_sw_ft": 20.3}, "geometry": {"type": "LineString", "coordinates": [[-73.84661380954245, 40.85873875370353], [-73.8466358783241, 40.85848006773817]]}}, {"type": "Feature", "properties": {"segment_id": 798608, "physicalid": "56138", "street_name": "PELHAM PKWY N", "borough": "bronx", "direction": "TF", "total_row_ft": 88.2, "roadbed_ft": 28.3, "median_ft": 0.0, "left_sw_ft": 13.4, "right_sw_ft": 46.6}, "geometry": {"type": "LineString", "coordinates": [[-73.84653568857416, 40.85880519481673], [-73.84655630679403, 40.858563515702286]]}}, {"type": "Feature", "properties": {"segment_id": 798609, "physicalid": "56139", "street_name": "PELHAM PKWY N", "borough": "bronx", "direction": "TF", "total_row_ft": 135.0, "roadbed_ft": 82.1, "median_ft": 0.0, "left_sw_ft": 15.0, "right_sw_ft": 37.9}, "geometry": {"type": "LineString", "coordinates": [[-73.84637516363178, 40.858793878809415], [-73.84643448492255, 40.85846760880998]]}}, {"type": "Feature", "properties": {"segment_id": 798610, "physicalid": "56139", "street_name": "PELHAM PKWY N", "borough": "bronx", "direction": "TF", "total_row_ft": 70.3, "roadbed_ft": 29.7, "median_ft": 0.0, "left_sw_ft": 26.1, "right_sw_ft": 14.5}, "geometry": {"type": "LineString", "coordinates": [[-73.84631985085859, 40.85869667123963], [-73.8463628632116, 40.858460102272076]]}}, {"type": "Feature", "properties": {"segment_id": 798611, "physicalid": "56139", "street_name": "PELHAM PKWY N", "borough": "bronx", "direction": "TF", "total_row_ft": 59.2, "roadbed_ft": 30.0, "median_ft": 0.0, "left_sw_ft": 15.0, "right_sw_ft": 14.2}, "geometry": {"type": "LineString", "coordinates": [[-73.84624828555008, 40.858688853133515], [-73.84629124151684, 40.85845259568969]]}}, {"type": "Feature", "properties": {"segment_id": 798612, "physicalid": "56139", "street_name": "PELHAM PKWY N", "borough": "bronx", "direction": "TF", "total_row_ft": 59.0, "roadbed_ft": 30.0, "median_ft": 0.0, "left_sw_ft": 15.0, "right_sw_ft": 14.0}, "geometry": {"type": "LineString", "coordinates": [[-73.8461767202584, 40.85868103498299], [-73.84621961983821, 40.85844508906284]]}}, {"type": "Feature", "properties": {"segment_id": 798613, "physicalid": "56139", "street_name": "PELHAM PKWY N", "borough": "bronx", "direction": "TF", "total_row_ft": 58.8, "roadbed_ft": 30.0, "median_ft": 0.0, "left_sw_ft": 15.0, "right_sw_ft": 13.8}, "geometry": {"type": "LineString", "coordinates": [[-73.84610515498353, 40.85867321678805], [-73.84614799817575, 40.85843758239153]]}}, {"type": "Feature", "properties": {"segment_id": 798614, "physicalid": "56139", "street_name": "PELHAM PKWY N", "borough": "bronx", "direction": "TF", "total_row_ft": 58.5, "roadbed_ft": 30.1, "median_ft": 0.0, "left_sw_ft": 15.0, "right_sw_ft": 13.5}, "geometry": {"type": "LineString", "coordinates": [[-73.84603364253272, 40.85866510811569], [-73.84607637652948, 40.858430075675756]]}}, {"type": "Feature", "properties": {"segment_id": 798615, "physicalid": "56139", "street_name": "PELHAM PKWY N", "borough": "bronx", "direction": "TF", "total_row_ft": 58.2, "roadbed_ft": 30.1, "median_ft": 0.0, "left_sw_ft": 15.0, "right_sw_ft": 13.1}, "geometry": {"type": "LineString", "coordinates": [[-73.84596215335722, 40.858656871484314], [-73.84600475489937, 40.85842256891548]]}}, {"type": "Feature", "properties": {"segment_id": 798616, "physicalid": "56139", "street_name": "PELHAM PKWY N", "borough": "bronx", "direction": "TF", "total_row_ft": 57.8, "roadbed_ft": 30.1, "median_ft": 0.0, "left_sw_ft": 15.0, "right_sw_ft": 12.7}, "geometry": {"type": "LineString", "coordinates": [[-73.84589066419944, 40.85864863480862], [-73.84593313328543, 40.85841506211076]]}}, {"type": "Feature", "properties": {"segment_id": 798617, "physicalid": "56139", "street_name": "PELHAM PKWY N", "borough": "bronx", "direction": "TF", "total_row_ft": 57.4, "roadbed_ft": 30.2, "median_ft": 0.0, "left_sw_ft": 15.0, "right_sw_ft": 12.2}, "geometry": {"type": "LineString", "coordinates": [[-73.84581917505866, 40.858640398092405], [-73.84586151168766, 40.85840755526156]]}}, {"type": "Feature", "properties": {"segment_id": 798618, "physicalid": "56139", "street_name": "PELHAM PKWY N", "borough": "bronx", "direction": "TF", "total_row_ft": 57.1, "roadbed_ft": 30.2, "median_ft": 0.0, "left_sw_ft": 15.0, "right_sw_ft": 11.8}, "geometry": {"type": "LineString", "coordinates": [[-73.84574768593525, 40.858632161333766], [-73.84578989010605, 40.85840004836788]]}}, {"type": "Feature", "properties": {"segment_id": 798619, "physicalid": "56139", "street_name": "PELHAM PKWY N", "borough": "bronx", "direction": "TF", "total_row_ft": 56.7, "roadbed_ft": 30.3, "median_ft": 0.0, "left_sw_ft": 15.0, "right_sw_ft": 11.4}, "geometry": {"type": "LineString", "coordinates": [[-73.84567619682957, 40.85862392453082], [-73.84571826854061, 40.858392541429744]]}}, {"type": "Feature", "properties": {"segment_id": 798620, "physicalid": "56139", "street_name": "PELHAM PKWY N", "borough": "bronx", "direction": "TF", "total_row_ft": 91.4, "roadbed_ft": 31.6, "median_ft": 0.0, "left_sw_ft": 15.0, "right_sw_ft": 44.8}, "geometry": {"type": "LineString", "coordinates": [[-73.84558732190928, 40.858711304046246], [-73.84564664699133, 40.85838503444713]]}}, {"type": "Feature", "properties": {"segment_id": 798621, "physicalid": "56140", "street_name": "PELHAM PKWY N", "borough": "bronx", "direction": "TF", "total_row_ft": 91.0, "roadbed_ft": 42.2, "median_ft": 0.0, "left_sw_ft": 15.0, "right_sw_ft": 33.8}, "geometry": {"type": "LineString", "coordinates": [[-73.84544282987922, 40.85869647468562], [-73.84549883899575, 40.85836986741252]]}}, {"type": "Feature", "properties": {"segment_id": 798622, "physicalid": "56140", "street_name": "PELHAM PKWY N", "borough": "bronx", "direction": "TF", "total_row_ft": 56.4, "roadbed_ft": 29.3, "median_ft": 0.0, "left_sw_ft": 15.0, "right_sw_ft": 12.1}, "geometry": {"type": "LineString", "coordinates": [[-73.84538727375993, 40.8585952713576], [-73.84542714335413, 40.85836277998655]]}}, {"type": "Feature", "properties": {"segment_id": 798623, "physicalid": "56140", "street_name": "PELHAM PKWY N", "borough": "bronx", "direction": "TF", "total_row_ft": 56.4, "roadbed_ft": 29.4, "median_ft": 0.0, "left_sw_ft": 15.0, "right_sw_ft": 12.0}, "geometry": {"type": "LineString", "coordinates": [[-73.84531554120113, 40.85858839778766], [-73.84535544772778, 40.858355692516035]]}}, {"type": "Feature", "properties": {"segment_id": 798624, "physicalid": "56140", "street_name": "PELHAM PKWY N", "borough": "bronx", "direction": "TF", "total_row_ft": 56.4, "roadbed_ft": 29.6, "median_ft": 0.0, "left_sw_ft": 15.0, "right_sw_ft": 11.9}, "geometry": {"type": "LineString", "coordinates": [[-73.84524380868837, 40.85858152399127], [-73.8452837521167, 40.85834860500096]]}}, {"type": "Feature", "properties": {"segment_id": 798625, "physicalid": "56140", "street_name": "PELHAM PKWY N", "borough": "bronx", "direction": "TF", "total_row_ft": 56.5, "roadbed_ft": 29.7, "median_ft": 0.0, "left_sw_ft": 15.0, "right_sw_ft": 11.8}, "geometry": {"type": "LineString", "coordinates": [[-73.84517207619237, 40.858574650138955], [-73.84521205652092, 40.858341517441325]]}}, {"type": "Feature", "properties": {"segment_id": 798626, "physicalid": "56140", "street_name": "PELHAM PKWY N", "borough": "bronx", "direction": "TF", "total_row_ft": 56.6, "roadbed_ft": 29.8, "median_ft": 0.0, "left_sw_ft": 15.0, "right_sw_ft": 11.7}, "geometry": {"type": "LineString", "coordinates": [[-73.84510034371765, 40.85856777620447], [-73.84514036094039, 40.85833442983712]]}}, {"type": "Feature", "properties": {"segment_id": 798627, "physicalid": "56140", "street_name": "PELHAM PKWY N", "borough": "bronx", "direction": "TF", "total_row_ft": 56.6, "roadbed_ft": 30.0, "median_ft": 0.0, "left_sw_ft": 15.0, "right_sw_ft": 11.7}, "geometry": {"type": "LineString", "coordinates": [[-73.84502861125773, 40.858560902225385], [-73.84506866537517, 40.85832734218837]]}}, {"type": "Feature", "properties": {"segment_id": 798628, "physicalid": "56140", "street_name": "PELHAM PKWY N", "borough": "bronx", "direction": "TF", "total_row_ft": 56.7, "roadbed_ft": 30.1, "median_ft": 0.0, "left_sw_ft": 15.0, "right_sw_ft": 11.6}, "geometry": {"type": "LineString", "coordinates": [[-73.84495687881267, 40.85855402820169], [-73.84499696982522, 40.85832025449504]]}}, {"type": "Feature", "properties": {"segment_id": 798629, "physicalid": "56140", "street_name": "PELHAM PKWY N", "borough": "bronx", "direction": "TF", "total_row_ft": 56.8, "roadbed_ft": 30.2, "median_ft": 0.0, "left_sw_ft": 15.0, "right_sw_ft": 11.6}, "geometry": {"type": "LineString", "coordinates": [[-73.8448851463824, 40.8585471541335], [-73.84492527429053, 40.85831316675716]]}}, {"type": "Feature", "properties": {"segment_id": 798630, "physicalid": "56140", "street_name": "PELHAM PKWY N", "borough": "bronx", "direction": "TF", "total_row_ft": 56.8, "roadbed_ft": 30.3, "median_ft": 0.0, "left_sw_ft": 15.0, "right_sw_ft": 11.5}, "geometry": {"type": "LineString", "coordinates": [[-73.84481341394557, 40.85854028014534], [-73.84485357877118, 40.858306078974714]]}}, {"type": "Feature", "properties": {"segment_id": 798631, "physicalid": "56140", "street_name": "PELHAM PKWY N", "borough": "bronx", "direction": "TF", "total_row_ft": 56.9, "roadbed_ft": 30.4, "median_ft": 0.0, "left_sw_ft": 15.0, "right_sw_ft": 11.5}, "geometry": {"type": "LineString", "coordinates": [[-73.8447416815236, 40.8585334061126], [-73.84478188326706, 40.858298991147706]]}}, {"type": "Feature", "properties": {"segment_id": 798632, "physicalid": "56140", "street_name": "PELHAM PKWY N", "borough": "bronx", "direction": "TF", "total_row_ft": 90.8, "roadbed_ft": 30.6, "median_ft": 0.0, "left_sw_ft": 15.0, "right_sw_ft": 45.2}, "geometry": {"type": "LineString", "coordinates": [[-73.8446541748544, 40.858618510170885], [-73.84471018777823, 40.85829190327613]]}}, {"type": "Feature", "properties": {"segment_id": 798633, "physicalid": "56141", "street_name": "PELHAM PKWY N", "borough": "bronx", "direction": "TF", "total_row_ft": 90.3, "roadbed_ft": 42.0, "median_ft": 0.0, "left_sw_ft": 15.0, "right_sw_ft": 33.3}, "geometry": {"type": "LineString", "coordinates": [[-73.84449961755266, 40.85860201650065], [-73.84456752628564, 40.85827671312157]]}}, {"type": "Feature", "properties": {"segment_id": 798634, "physicalid": "56141", "street_name": "PELHAM PKWY N", "borough": "bronx", "direction": "TF", "total_row_ft": 55.1, "roadbed_ft": 29.6, "median_ft": 0.0, "left_sw_ft": 15.0, "right_sw_ft": 10.5}, "geometry": {"type": "LineString", "coordinates": [[-73.84444771136823, 40.85849999652968], [-73.8444961169715, 40.85826811990384]]}}, {"type": "Feature", "properties": {"segment_id": 798635, "physicalid": "56141", "street_name": "PELHAM PKWY N", "borough": "bronx", "direction": "TF", "total_row_ft": 54.4, "roadbed_ft": 29.5, "median_ft": 0.0, "left_sw_ft": 15.0, "right_sw_ft": 9.9}, "geometry": {"type": "LineString", "coordinates": [[-73.84437633486552, 40.85849124498911], [-73.8444247076758, 40.85825952664191]]}}, {"type": "Feature", "properties": {"segment_id": 798636, "physicalid": "56141", "street_name": "PELHAM PKWY N", "borough": "bronx", "direction": "TF", "total_row_ft": 53.6, "roadbed_ft": 29.3, "median_ft": 0.0, "left_sw_ft": 15.0, "right_sw_ft": 9.3}, "geometry": {"type": "LineString", "coordinates": [[-73.84430495838157, 40.85848249340441], [-73.84435329839856, 40.85825093333576]]}}, {"type": "Feature", "properties": {"segment_id": 798637, "physicalid": "56141", "street_name": "PELHAM PKWY N", "borough": "bronx", "direction": "TF", "total_row_ft": 53.1, "roadbed_ft": 29.2, "median_ft": 0.0, "left_sw_ft": 15.0, "right_sw_ft": 8.8}, "geometry": {"type": "LineString", "coordinates": [[-73.84423354539018, 40.85847391674336], [-73.84428188913975, 40.85824233998539]]}}, {"type": "Feature", "properties": {"segment_id": 798638, "physicalid": "56141", "street_name": "PELHAM PKWY N", "borough": "bronx", "direction": "TF", "total_row_ft": 53.1, "roadbed_ft": 29.3, "median_ft": 0.0, "left_sw_ft": 15.0, "right_sw_ft": 8.9}, "geometry": {"type": "LineString", "coordinates": [[-73.84416182369063, 40.85846681889055], [-73.84421047989942, 40.85823374659082]]}}, {"type": "Feature", "properties": {"segment_id": 798639, "physicalid": "56141", "street_name": "PELHAM PKWY N", "borough": "bronx", "direction": "TF", "total_row_ft": 53.2, "roadbed_ft": 29.4, "median_ft": 0.0, "left_sw_ft": 15.0, "right_sw_ft": 8.8}, "geometry": {"type": "LineString", "coordinates": [[-73.84409010200638, 40.858459720993174], [-73.84413907067754, 40.85822515315205]]}}, {"type": "Feature", "properties": {"segment_id": 798640, "physicalid": "56141", "street_name": "PELHAM PKWY N", "borough": "bronx", "direction": "TF", "total_row_ft": 53.2, "roadbed_ft": 29.6, "median_ft": 0.0, "left_sw_ft": 15.0, "right_sw_ft": 8.6}, "geometry": {"type": "LineString", "coordinates": [[-73.84401838033618, 40.8584526230573], [-73.84406766147409, 40.858216559669046]]}}, {"type": "Feature", "properties": {"segment_id": 798641, "physicalid": "56141", "street_name": "PELHAM PKWY N", "borough": "bronx", "direction": "TF", "total_row_ft": 53.2, "roadbed_ft": 29.4, "median_ft": 0.0, "left_sw_ft": 15.0, "right_sw_ft": 8.7}, "geometry": {"type": "LineString", "coordinates": [[-73.84394665866141, 40.858445525172094], [-73.84399625228913, 40.858207966141855]]}}, {"type": "Feature", "properties": {"segment_id": 798642, "physicalid": "56141", "street_name": "PELHAM PKWY N", "borough": "bronx", "direction": "TF", "total_row_ft": 53.3, "roadbed_ft": 29.1, "median_ft": 0.0, "left_sw_ft": 15.0, "right_sw_ft": 9.1}, "geometry": {"type": "LineString", "coordinates": [[-73.8438749328123, 40.858438447310874], [-73.8439248431226, 40.85819937257045]]}}, {"type": "Feature", "properties": {"segment_id": 798643, "physicalid": "56141", "street_name": "PELHAM PKWY N", "borough": "bronx", "direction": "TF", "total_row_ft": 54.6, "roadbed_ft": 29.9, "median_ft": 0.0, "left_sw_ft": 15.0, "right_sw_ft": 9.7}, "geometry": {"type": "LineString", "coordinates": [[-73.84380315858893, 40.85843160119315], [-73.84385343397452, 40.85819077895482]]}}, {"type": "Feature", "properties": {"segment_id": 798644, "physicalid": "56141", "street_name": "PELHAM PKWY N", "borough": "bronx", "direction": "TF", "total_row_ft": 56.8, "roadbed_ft": 31.1, "median_ft": 0.0, "left_sw_ft": 15.0, "right_sw_ft": 10.7}, "geometry": {"type": "LineString", "coordinates": [[-73.84373138437292, 40.85842475506626], [-73.84378202484491, 40.85818218529499]]}}, {"type": "Feature", "properties": {"segment_id": 798645, "physicalid": "56141", "street_name": "PELHAM PKWY N", "borough": "bronx", "direction": "TF", "total_row_ft": 58.4, "roadbed_ft": 31.6, "median_ft": 0.0, "left_sw_ft": 15.0, "right_sw_ft": 11.8}, "geometry": {"type": "LineString", "coordinates": [[-73.84365961013381, 40.858417909076195], [-73.84371061573373, 40.85817359159095]]}}, {"type": "Feature", "properties": {"segment_id": 798646, "physicalid": "56141", "street_name": "PELHAM PKWY N", "borough": "bronx", "direction": "TF", "total_row_ft": 59.9, "roadbed_ft": 31.8, "median_ft": 0.0, "left_sw_ft": 15.0, "right_sw_ft": 13.2}, "geometry": {"type": "LineString", "coordinates": [[-73.84358785371387, 40.858410977758865], [-73.84363920664103, 40.8581649978427]]}}, {"type": "Feature", "properties": {"segment_id": 798647, "physicalid": "56141", "street_name": "PELHAM PKWY N", "borough": "bronx", "direction": "TF", "total_row_ft": 61.4, "roadbed_ft": 31.8, "median_ft": 0.0, "left_sw_ft": 15.0, "right_sw_ft": 14.6}, "geometry": {"type": "LineString", "coordinates": [[-73.84351615477632, 40.8584037711311], [-73.84356779756678, 40.85815640405024]]}}, {"type": "Feature", "properties": {"segment_id": 798648, "physicalid": "56141", "street_name": "PELHAM PKWY N", "borough": "bronx", "direction": "TF", "total_row_ft": 91.8, "roadbed_ft": 31.4, "median_ft": 0.0, "left_sw_ft": 44.0, "right_sw_ft": 16.4}, "geometry": {"type": "LineString", "coordinates": [[-73.84344445585431, 40.85839656445876], [-73.84349638851097, 40.85814781021355]]}}, {"type": "Feature", "properties": {"segment_id": 798649, "physicalid": "56141", "street_name": "PELHAM PKWY N", "borough": "bronx", "direction": "TF", "total_row_ft": 135.0, "roadbed_ft": 82.2, "median_ft": 0.0, "left_sw_ft": 15.0, "right_sw_ft": 37.8}, "geometry": {"type": "LineString", "coordinates": [[-73.84335706529258, 40.85846451904711], [-73.84342497947364, 40.85813921633266]]}}, {"type": "Feature", "properties": {"segment_id": 798650, "physicalid": "56142", "street_name": "PELHAM PKWY N", "borough": "bronx", "direction": "TF", "total_row_ft": 150.0, "roadbed_ft": 120.0, "median_ft": 0.0, "left_sw_ft": 15.0, "right_sw_ft": 15.0}, "geometry": {"type": "LineString", "coordinates": [[-73.84320194440426, 40.85844453857776], [-73.84328255765762, 40.8581209113694]]}}, {"type": "Feature", "properties": {"segment_id": 798651, "physicalid": "56142", "street_name": "PELHAM PKWY N", "borough": "bronx", "direction": "TF", "total_row_ft": 73.2, "roadbed_ft": 38.5, "median_ft": 0.0, "left_sw_ft": 33.1, "right_sw_ft": 1.7}, "geometry": {"type": "LineString", "coordinates": [[-73.84315366212252, 40.85834296985996], [-73.84320286929534, 40.85814542510231]]}}, {"type": "Feature", "properties": {"segment_id": 798652, "physicalid": "56142", "street_name": "PELHAM PKWY N", "borough": "bronx", "direction": "TF", "total_row_ft": 54.4, "roadbed_ft": 30.3, "median_ft": 0.0, "left_sw_ft": 15.0, "right_sw_ft": 9.1}, "geometry": {"type": "LineString", "coordinates": [[-73.84308257308741, 40.85833296006877], [-73.84314047528045, 40.85810050957258]]}}, {"type": "Feature", "properties": {"segment_id": 798653, "physicalid": "56142", "street_name": "PELHAM PKWY N", "borough": "bronx", "direction": "TF", "total_row_ft": 54.2, "roadbed_ft": 30.1, "median_ft": 0.0, "left_sw_ft": 15.0, "right_sw_ft": 9.1}, "geometry": {"type": "LineString", "coordinates": [[-73.84301172928016, 40.85832196585114], [-73.84306943412456, 40.85809030860852]]}}, {"type": "Feature", "properties": {"segment_id": 798654, "physicalid": "56142", "street_name": "PELHAM PKWY N", "borough": "bronx", "direction": "TF", "total_row_ft": 54.0, "roadbed_ft": 30.1, "median_ft": 0.0, "left_sw_ft": 15.0, "right_sw_ft": 8.9}, "geometry": {"type": "LineString", "coordinates": [[-73.84294088545829, 40.85831097174271], [-73.84299839299044, 40.85808010760069]]}}, {"type": "Feature", "properties": {"segment_id": 798655, "physicalid": "56142", "street_name": "PELHAM PKWY N", "borough": "bronx", "direction": "TF", "total_row_ft": 53.8, "roadbed_ft": 30.1, "median_ft": 0.0, "left_sw_ft": 15.0, "right_sw_ft": 8.7}, "geometry": {"type": "LineString", "coordinates": [[-73.84287004165985, 40.858299977590725], [-73.84292735187812, 40.85806990654911]]}}, {"type": "Feature", "properties": {"segment_id": 798656, "physicalid": "56142", "street_name": "PELHAM PKWY N", "borough": "bronx", "direction": "TF", "total_row_ft": 53.6, "roadbed_ft": 30.1, "median_ft": 0.0, "left_sw_ft": 15.0, "right_sw_ft": 8.5}, "geometry": {"type": "LineString", "coordinates": [[-73.84279919739818, 40.85828898534882], [-73.84285631078761, 40.85805970545378]]}}, {"type": "Feature", "properties": {"segment_id": 798657, "physicalid": "56142", "street_name": "PELHAM PKWY N", "borough": "bronx", "direction": "TF", "total_row_ft": 53.4, "roadbed_ft": 30.0, "median_ft": 0.0, "left_sw_ft": 15.0, "right_sw_ft": 8.3}, "geometry": {"type": "LineString", "coordinates": [[-73.84272832273231, 40.858278115213174], [-73.84278526971887, 40.858049504314685]]}}, {"type": "Feature", "properties": {"segment_id": 798658, "physicalid": "56142", "street_name": "PELHAM PKWY N", "borough": "bronx", "direction": "TF", "total_row_ft": 53.2, "roadbed_ft": 30.0, "median_ft": 0.0, "left_sw_ft": 15.0, "right_sw_ft": 8.2}, "geometry": {"type": "LineString", "coordinates": [[-73.84265744808961, 40.85826724503397], [-73.84271422867195, 40.85803930313181]]}}, {"type": "Feature", "properties": {"segment_id": 798659, "physicalid": "56142", "street_name": "PELHAM PKWY N", "borough": "bronx", "direction": "TF", "total_row_ft": 53.0, "roadbed_ft": 30.0, "median_ft": 0.0, "left_sw_ft": 15.0, "right_sw_ft": 8.0}, "geometry": {"type": "LineString", "coordinates": [[-73.84258657347097, 40.858256374807624], [-73.8426431876468, 40.858029101905196]]}}, {"type": "Feature", "properties": {"segment_id": 798660, "physicalid": "56142", "street_name": "PELHAM PKWY N", "borough": "bronx", "direction": "TF", "total_row_ft": 52.8, "roadbed_ft": 29.9, "median_ft": 0.0, "left_sw_ft": 15.0, "right_sw_ft": 7.9}, "geometry": {"type": "LineString", "coordinates": [[-73.84251569894248, 40.85824550426884], [-73.84257214664343, 40.858018900634804]]}}, {"type": "Feature", "properties": {"segment_id": 798661, "physicalid": "56142", "street_name": "PELHAM PKWY N", "borough": "bronx", "direction": "TF", "total_row_ft": 52.5, "roadbed_ft": 29.7, "median_ft": 0.0, "left_sw_ft": 15.0, "right_sw_ft": 7.8}, "geometry": {"type": "LineString", "coordinates": [[-73.84244480330499, 40.858234718518766], [-73.8425011056619, 40.85800869932064]]}}, {"type": "Feature", "properties": {"segment_id": 798662, "physicalid": "56142", "street_name": "PELHAM PKWY N", "borough": "bronx", "direction": "TF", "total_row_ft": 52.3, "roadbed_ft": 29.6, "median_ft": 0.0, "left_sw_ft": 15.0, "right_sw_ft": 7.8}, "geometry": {"type": "LineString", "coordinates": [[-73.84237390289681, 40.85822395196859], [-73.84243006470214, 40.85799849796273]]}}, {"type": "Feature", "properties": {"segment_id": 798663, "physicalid": "56142", "street_name": "PELHAM PKWY N", "borough": "bronx", "direction": "TF", "total_row_ft": 52.1, "roadbed_ft": 29.4, "median_ft": 0.0, "left_sw_ft": 15.0, "right_sw_ft": 7.7}, "geometry": {"type": "LineString", "coordinates": [[-73.84230300251161, 40.8582131853748], [-73.84235902376416, 40.857988296561054]]}}, {"type": "Feature", "properties": {"segment_id": 798664, "physicalid": "56142", "street_name": "PELHAM PKWY N", "borough": "bronx", "direction": "TF", "total_row_ft": 51.9, "roadbed_ft": 29.3, "median_ft": 0.0, "left_sw_ft": 15.0, "right_sw_ft": 7.6}, "geometry": {"type": "LineString", "coordinates": [[-73.84223210209665, 40.858202418949084], [-73.84228798284799, 40.85797809511563]]}}, {"type": "Feature", "properties": {"segment_id": 798665, "physicalid": "56142", "street_name": "PELHAM PKWY N", "borough": "bronx", "direction": "TF", "total_row_ft": 51.9, "roadbed_ft": 29.3, "median_ft": 0.0, "left_sw_ft": 15.0, "right_sw_ft": 7.7}, "geometry": {"type": "LineString", "coordinates": [[-73.84216116170377, 40.85819181305517], [-73.84221694195362, 40.85796789362644]]}}, {"type": "Feature", "properties": {"segment_id": 798666, "physicalid": "56142", "street_name": "PELHAM PKWY N", "borough": "bronx", "direction": "TF", "total_row_ft": 52.1, "roadbed_ft": 29.3, "median_ft": 0.0, "left_sw_ft": 15.0, "right_sw_ft": 7.8}, "geometry": {"type": "LineString", "coordinates": [[-73.8420901363095, 40.85818154842819], [-73.84214590108101, 40.85795769209347]]}}, {"type": "Feature", "properties": {"segment_id": 798667, "physicalid": "56142", "street_name": "PELHAM PKWY N", "borough": "bronx", "direction": "TF", "total_row_ft": 52.2, "roadbed_ft": 29.3, "median_ft": 0.0, "left_sw_ft": 15.0, "right_sw_ft": 7.9}, "geometry": {"type": "LineString", "coordinates": [[-73.84201911093713, 40.858171283757464], [-73.84207486023021, 40.857947490516764]]}}, {"type": "Feature", "properties": {"segment_id": 798668, "physicalid": "56143", "street_name": "PELHAM PKWY N", "borough": "bronx", "direction": "TF", "total_row_ft": 89.6, "roadbed_ft": 32.7, "median_ft": 0.0, "left_sw_ft": 15.0, "right_sw_ft": 41.9}, "geometry": {"type": "LineString", "coordinates": [[-73.84181512900376, 40.85824495939684], [-73.84190009591197, 40.85792197487904]]}}, {"type": "Feature", "properties": {"segment_id": 798669, "physicalid": "56143", "street_name": "PELHAM PKWY N", "borough": "bronx", "direction": "TF", "total_row_ft": 53.1, "roadbed_ft": 29.1, "median_ft": 0.0, "left_sw_ft": 15.0, "right_sw_ft": 9.0}, "geometry": {"type": "LineString", "coordinates": [[-73.84177005992343, 40.85813601634943], [-73.8418291960075, 40.85791122305558]]}}, {"type": "Feature", "properties": {"segment_id": 798670, "physicalid": "56143", "street_name": "PELHAM PKWY N", "borough": "bronx", "direction": "TF", "total_row_ft": 52.8, "roadbed_ft": 29.1, "median_ft": 0.0, "left_sw_ft": 15.0, "right_sw_ft": 8.7}, "geometry": {"type": "LineString", "coordinates": [[-73.84169934199944, 40.85812457190394], [-73.84175829612597, 40.85790047118853]]}}, {"type": "Feature", "properties": {"segment_id": 798671, "physicalid": "56143", "street_name": "PELHAM PKWY N", "borough": "bronx", "direction": "TF", "total_row_ft": 52.5, "roadbed_ft": 29.1, "median_ft": 0.0, "left_sw_ft": 15.0, "right_sw_ft": 8.4}, "geometry": {"type": "LineString", "coordinates": [[-73.8416286240998, 40.858113127415116], [-73.84168739626735, 40.857889719277885]]}}, {"type": "Feature", "properties": {"segment_id": 798672, "physicalid": "56143", "street_name": "PELHAM PKWY N", "borough": "bronx", "direction": "TF", "total_row_ft": 52.3, "roadbed_ft": 29.2, "median_ft": 0.0, "left_sw_ft": 15.0, "right_sw_ft": 8.1}, "geometry": {"type": "LineString", "coordinates": [[-73.84155790622451, 40.85810168288289], [-73.84161649643167, 40.85787896732365]]}}, {"type": "Feature", "properties": {"segment_id": 798673, "physicalid": "56143", "street_name": "PELHAM PKWY N", "borough": "bronx", "direction": "TF", "total_row_ft": 52.0, "roadbed_ft": 29.2, "median_ft": 0.0, "left_sw_ft": 15.0, "right_sw_ft": 7.8}, "geometry": {"type": "LineString", "coordinates": [[-73.84148718837353, 40.8580902383073], [-73.8415455966189, 40.857868215325816]]}}, {"type": "Feature", "properties": {"segment_id": 798674, "physicalid": "56143", "street_name": "PELHAM PKWY N", "borough": "bronx", "direction": "TF", "total_row_ft": 51.7, "roadbed_ft": 29.2, "median_ft": 0.0, "left_sw_ft": 15.0, "right_sw_ft": 7.5}, "geometry": {"type": "LineString", "coordinates": [[-73.8414164705469, 40.85807879368834], [-73.84147469682904, 40.85785746328441]]}}, {"type": "Feature", "properties": {"segment_id": 798675, "physicalid": "56143", "street_name": "PELHAM PKWY N", "borough": "bronx", "direction": "TF", "total_row_ft": 51.8, "roadbed_ft": 29.3, "median_ft": 0.0, "left_sw_ft": 15.0, "right_sw_ft": 7.6}, "geometry": {"type": "LineString", "coordinates": [[-73.84134549897672, 40.858068313644246], [-73.84140379706211, 40.8578467111994]]}}, {"type": "Feature", "properties": {"segment_id": 798676, "physicalid": "56143", "street_name": "PELHAM PKWY N", "borough": "bronx", "direction": "TF", "total_row_ft": 52.0, "roadbed_ft": 29.3, "median_ft": 0.0, "left_sw_ft": 15.0, "right_sw_ft": 7.7}, "geometry": {"type": "LineString", "coordinates": [[-73.84127450092967, 40.85805793428442], [-73.84133289731813, 40.85783595907078]]}}, {"type": "Feature", "properties": {"segment_id": 798677, "physicalid": "56143", "street_name": "PELHAM PKWY N", "borough": "bronx", "direction": "TF", "total_row_ft": 52.1, "roadbed_ft": 29.3, "median_ft": 0.0, "left_sw_ft": 15.0, "right_sw_ft": 7.8}, "geometry": {"type": "LineString", "coordinates": [[-73.8412035029048, 40.858047554880905], [-73.84126199759703, 40.857825206898625]]}}, {"type": "Feature", "properties": {"segment_id": 798678, "physicalid": "56143", "street_name": "PELHAM PKWY N", "borough": "bronx", "direction": "TF", "total_row_ft": 52.2, "roadbed_ft": 29.4, "median_ft": 0.0, "left_sw_ft": 15.0, "right_sw_ft": 7.9}, "geometry": {"type": "LineString", "coordinates": [[-73.84113250491929, 40.858037175368274], [-73.8411910978989, 40.85781445468283]]}}, {"type": "Feature", "properties": {"segment_id": 798679, "physicalid": "56143", "street_name": "PELHAM PKWY N", "borough": "bronx", "direction": "TF", "total_row_ft": 89.5, "roadbed_ft": 29.4, "median_ft": 0.0, "left_sw_ft": 15.0, "right_sw_ft": 45.1}, "geometry": {"type": "LineString", "coordinates": [[-73.84103522767914, 40.85812668637362], [-73.84112019822366, 40.857803702423475]]}}, {"type": "Feature", "properties": {"segment_id": 798680, "physicalid": "56144", "street_name": "PELHAM PKWY N", "borough": "bronx", "direction": "TF", "total_row_ft": 85.8, "roadbed_ft": 31.5, "median_ft": 0.0, "left_sw_ft": 15.0, "right_sw_ft": 39.2}, "geometry": {"type": "LineString", "coordinates": [[-73.8408778465673, 40.85809201250106], [-73.84096151557306, 40.85777949599585]]}}, {"type": "Feature", "properties": {"segment_id": 798681, "physicalid": "56144", "street_name": "PELHAM PKWY N", "borough": "bronx", "direction": "TF", "total_row_ft": 53.7, "roadbed_ft": 29.1, "median_ft": 0.0, "left_sw_ft": 15.0, "right_sw_ft": 9.7}, "geometry": {"type": "LineString", "coordinates": [[-73.84083007886618, 40.85799485674357], [-73.84089066437052, 40.85776856123783]]}}, {"type": "Feature", "properties": {"segment_id": 798682, "physicalid": "56144", "street_name": "PELHAM PKWY N", "borough": "bronx", "direction": "TF", "total_row_ft": 53.4, "roadbed_ft": 29.1, "median_ft": 0.0, "left_sw_ft": 15.0, "right_sw_ft": 9.3}, "geometry": {"type": "LineString", "coordinates": [[-73.84075948724605, 40.85798295155889], [-73.84081981319127, 40.857757626436275]]}}, {"type": "Feature", "properties": {"segment_id": 798683, "physicalid": "56144", "street_name": "PELHAM PKWY N", "borough": "bronx", "direction": "TF", "total_row_ft": 53.0, "roadbed_ft": 29.1, "median_ft": 0.0, "left_sw_ft": 15.0, "right_sw_ft": 8.9}, "geometry": {"type": "LineString", "coordinates": [[-73.84068889565121, 40.85797104633098], [-73.84074896203532, 40.85774669159122]]}}, {"type": "Feature", "properties": {"segment_id": 798684, "physicalid": "56144", "street_name": "PELHAM PKWY N", "borough": "bronx", "direction": "TF", "total_row_ft": 52.7, "roadbed_ft": 29.1, "median_ft": 0.0, "left_sw_ft": 15.0, "right_sw_ft": 8.6}, "geometry": {"type": "LineString", "coordinates": [[-73.84061830413083, 40.85795914087608], [-73.84067811090269, 40.857735756702624]]}}, {"type": "Feature", "properties": {"segment_id": 798685, "physicalid": "56144", "street_name": "PELHAM PKWY N", "borough": "bronx", "direction": "TF", "total_row_ft": 52.4, "roadbed_ft": 29.1, "median_ft": 0.0, "left_sw_ft": 15.0, "right_sw_ft": 8.2}, "geometry": {"type": "LineString", "coordinates": [[-73.84054771264492, 40.857947235343644], [-73.84060725979333, 40.85772482177048]]}}, {"type": "Feature", "properties": {"segment_id": 798686, "physicalid": "56144", "street_name": "PELHAM PKWY N", "borough": "bronx", "direction": "TF", "total_row_ft": 52.0, "roadbed_ft": 29.1, "median_ft": 0.0, "left_sw_ft": 15.0, "right_sw_ft": 7.8}, "geometry": {"type": "LineString", "coordinates": [[-73.84047712118428, 40.85793532976798], [-73.84053640870728, 40.85771388679481]]}}, {"type": "Feature", "properties": {"segment_id": 798687, "physicalid": "56144", "street_name": "PELHAM PKWY N", "borough": "bronx", "direction": "TF", "total_row_ft": 51.9, "roadbed_ft": 29.2, "median_ft": 0.0, "left_sw_ft": 15.0, "right_sw_ft": 7.7}, "geometry": {"type": "LineString", "coordinates": [[-73.84040626922882, 40.85792439720233], [-73.8404655576445, 40.85770295177561]]}}, {"type": "Feature", "properties": {"segment_id": 798688, "physicalid": "56144", "street_name": "PELHAM PKWY N", "borough": "bronx", "direction": "TF", "total_row_ft": 51.9, "roadbed_ft": 29.4, "median_ft": 0.0, "left_sw_ft": 15.0, "right_sw_ft": 7.5}, "geometry": {"type": "LineString", "coordinates": [[-73.84033541425649, 40.85791347594839], [-73.84039470660505, 40.85769201671288]]}}, {"type": "Feature", "properties": {"segment_id": 798689, "physicalid": "56144", "street_name": "PELHAM PKWY N", "borough": "bronx", "direction": "TF", "total_row_ft": 51.8, "roadbed_ft": 29.5, "median_ft": 0.0, "left_sw_ft": 15.0, "right_sw_ft": 7.3}, "geometry": {"type": "LineString", "coordinates": [[-73.8402645593074, 40.85790255465089], [-73.8403238555889, 40.85768108160662]]}}, {"type": "Feature", "properties": {"segment_id": 798690, "physicalid": "56144", "street_name": "PELHAM PKWY N", "borough": "bronx", "direction": "TF", "total_row_ft": 51.8, "roadbed_ft": 29.6, "median_ft": 0.0, "left_sw_ft": 15.0, "right_sw_ft": 7.1}, "geometry": {"type": "LineString", "coordinates": [[-73.84019370441938, 40.85789163316871], [-73.84025300459604, 40.85767014645683]]}}, {"type": "Feature", "properties": {"segment_id": 798691, "physicalid": "56144", "street_name": "PELHAM PKWY N", "borough": "bronx", "direction": "TF", "total_row_ft": 89.4, "roadbed_ft": 30.9, "median_ft": 0.0, "left_sw_ft": 15.0, "right_sw_ft": 43.5}, "geometry": {"type": "LineString", "coordinates": [[-73.84009573762584, 40.85798197404215], [-73.84018215362647, 40.85765921126351]]}}, {"type": "Feature", "properties": {"segment_id": 799026, "physicalid": "56179", "street_name": "PAWNEE PL", "borough": "bronx", "direction": "TW", "total_row_ft": 44.9, "roadbed_ft": 30.7, "median_ft": 0.0, "left_sw_ft": 7.1, "right_sw_ft": 7.1}, "geometry": {"type": "LineString", "coordinates": [[-73.85002161220557, 40.85465197915517], [-73.84991698077013, 40.8545575997132]]}}, {"type": "Feature", "properties": {"segment_id": 799027, "physicalid": "56179", "street_name": "PAWNEE PL", "borough": "bronx", "direction": "TW", "total_row_ft": 44.4, "roadbed_ft": 30.7, "median_ft": 0.0, "left_sw_ft": 7.0, "right_sw_ft": 6.6}, "geometry": {"type": "LineString", "coordinates": [[-73.84996630603068, 40.854687333349084], [-73.84986298196756, 40.85459413311342]]}}, {"type": "Feature", "properties": {"segment_id": 799028, "physicalid": "56179", "street_name": "PAWNEE PL", "borough": "bronx", "direction": "TW", "total_row_ft": 43.8, "roadbed_ft": 30.7, "median_ft": 0.0, "left_sw_ft": 7.0, "right_sw_ft": 6.1}, "geometry": {"type": "LineString", "coordinates": [[-73.84991099994731, 40.85472268765183], [-73.84980898310565, 40.854630666488134]]}}, {"type": "Feature", "properties": {"segment_id": 799029, "physicalid": "56179", "street_name": "PAWNEE PL", "borough": "bronx", "direction": "TW", "total_row_ft": 45.9, "roadbed_ft": 30.7, "median_ft": 0.0, "left_sw_ft": 7.0, "right_sw_ft": 8.2}, "geometry": {"type": "LineString", "coordinates": [[-73.84985569348098, 40.85475804210485], [-73.84974883018164, 40.85466164827737]]}}, {"type": "Feature", "properties": {"segment_id": 799030, "physicalid": "56179", "street_name": "PAWNEE PL", "borough": "bronx", "direction": "TW", "total_row_ft": 45.9, "roadbed_ft": 30.6, "median_ft": 0.0, "left_sw_ft": 7.0, "right_sw_ft": 8.3}, "geometry": {"type": "LineString", "coordinates": [[-73.84980038692258, 40.85479339603175], [-73.84969359188622, 40.85469706370795]]}}, {"type": "Feature", "properties": {"segment_id": 799031, "physicalid": "56179", "street_name": "PAWNEE PL", "borough": "bronx", "direction": "TW", "total_row_ft": 45.9, "roadbed_ft": 30.5, "median_ft": 0.0, "left_sw_ft": 7.1, "right_sw_ft": 8.3}, "geometry": {"type": "LineString", "coordinates": [[-73.84974518960873, 40.854828848526694], [-73.84963835350443, 40.85473247908703]]}}, {"type": "Feature", "properties": {"segment_id": 799032, "physicalid": "56179", "street_name": "PAWNEE PL", "borough": "bronx", "direction": "TW", "total_row_ft": 46.0, "roadbed_ft": 30.3, "median_ft": 0.0, "left_sw_ft": 7.3, "right_sw_ft": 8.3}, "geometry": {"type": "LineString", "coordinates": [[-73.84969018601802, 40.854864475792084], [-73.84958311499275, 40.854767894375335]]}}, {"type": "Feature", "properties": {"segment_id": 799033, "physicalid": "56179", "street_name": "PAWNEE PL", "borough": "bronx", "direction": "TW", "total_row_ft": 46.1, "roadbed_ft": 30.1, "median_ft": 0.0, "left_sw_ft": 7.5, "right_sw_ft": 8.4}, "geometry": {"type": "LineString", "coordinates": [[-73.84963518232277, 40.854900102989895], [-73.8495278927551, 40.85480332436972]]}}, {"type": "Feature", "properties": {"segment_id": 799034, "physicalid": "56179", "street_name": "PAWNEE PL", "borough": "bronx", "direction": "TW", "total_row_ft": 46.1, "roadbed_ft": 29.9, "median_ft": 0.0, "left_sw_ft": 7.8, "right_sw_ft": 8.4}, "geometry": {"type": "LineString", "coordinates": [[-73.84958017853101, 40.854935730127316], [-73.84947287429588, 40.85483893820573]]}}, {"type": "Feature", "properties": {"segment_id": 799035, "physicalid": "56179", "street_name": "PAWNEE PL", "borough": "bronx", "direction": "TW", "total_row_ft": 46.1, "roadbed_ft": 29.7, "median_ft": 0.0, "left_sw_ft": 8.0, "right_sw_ft": 8.5}, "geometry": {"type": "LineString", "coordinates": [[-73.84952517468032, 40.854971357238306], [-73.84941785577774, 40.854874552015254]]}}, {"type": "Feature", "properties": {"segment_id": 799036, "physicalid": "56179", "street_name": "PAWNEE PL", "borough": "bronx", "direction": "TW", "total_row_ft": 46.1, "roadbed_ft": 29.4, "median_ft": 0.0, "left_sw_ft": 8.2, "right_sw_ft": 8.5}, "geometry": {"type": "LineString", "coordinates": [[-73.84947017077072, 40.85500698432286], [-73.849362837162, 40.8549101657634]]}}, {"type": "Feature", "properties": {"segment_id": 799037, "physicalid": "56179", "street_name": "PAWNEE PL", "borough": "bronx", "direction": "TW", "total_row_ft": 46.1, "roadbed_ft": 29.2, "median_ft": 0.0, "left_sw_ft": 8.4, "right_sw_ft": 8.5}, "geometry": {"type": "LineString", "coordinates": [[-73.84941516688825, 40.85504261145862], [-73.849307818458, 40.854945779458674]]}}, {"type": "Feature", "properties": {"segment_id": 799038, "physicalid": "56179", "street_name": "PAWNEE PL", "borough": "bronx", "direction": "TW", "total_row_ft": 46.1, "roadbed_ft": 29.0, "median_ft": 0.0, "left_sw_ft": 8.6, "right_sw_ft": 8.5}, "geometry": {"type": "LineString", "coordinates": [[-73.84936009892711, 40.855078180819945], [-73.8492527996951, 40.85498139312746]]}}, {"type": "Feature", "properties": {"segment_id": 799039, "physicalid": "56179", "street_name": "PAWNEE PL", "borough": "bronx", "direction": "TW", "total_row_ft": 46.1, "roadbed_ft": 29.0, "median_ft": 0.0, "left_sw_ft": 8.8, "right_sw_ft": 8.3}, "geometry": {"type": "LineString", "coordinates": [[-73.84930497521472, 40.855113699918356], [-73.8491975937624, 40.85501683798875]]}}, {"type": "Feature", "properties": {"segment_id": 799040, "physicalid": "56179", "street_name": "PAWNEE PL", "borough": "bronx", "direction": "TW", "total_row_ft": 46.2, "roadbed_ft": 29.2, "median_ft": 0.0, "left_sw_ft": 9.0, "right_sw_ft": 8.0}, "geometry": {"type": "LineString", "coordinates": [[-73.84924985130142, 40.85514921886212], [-73.84914224090431, 40.8550521503441]]}}, {"type": "Feature", "properties": {"segment_id": 799041, "physicalid": "56179", "street_name": "PAWNEE PL", "borough": "bronx", "direction": "TW", "total_row_ft": 46.3, "roadbed_ft": 29.5, "median_ft": 0.0, "left_sw_ft": 9.1, "right_sw_ft": 7.8}, "geometry": {"type": "LineString", "coordinates": [[-73.84919472731488, 40.855184737766365], [-73.84908688798744, 40.85508746267269]]}}, {"type": "Feature", "properties": {"segment_id": 799042, "physicalid": "56179", "street_name": "PAWNEE PL", "borough": "bronx", "direction": "TW", "total_row_ft": 46.4, "roadbed_ft": 29.8, "median_ft": 0.0, "left_sw_ft": 9.1, "right_sw_ft": 7.5}, "geometry": {"type": "LineString", "coordinates": [[-73.84913960326949, 40.85522025664404], [-73.84903153501179, 40.85512277497451]]}}, {"type": "Feature", "properties": {"segment_id": 799043, "physicalid": "56179", "street_name": "PAWNEE PL", "borough": "bronx", "direction": "TW", "total_row_ft": 46.5, "roadbed_ft": 30.1, "median_ft": 0.0, "left_sw_ft": 9.1, "right_sw_ft": 7.3}, "geometry": {"type": "LineString", "coordinates": [[-73.84908447917701, 40.85525577550583], [-73.84897618197735, 40.85515808724952]]}}, {"type": "Feature", "properties": {"segment_id": 799044, "physicalid": "56179", "street_name": "PAWNEE PL", "borough": "bronx", "direction": "TW", "total_row_ft": 120.0, "roadbed_ft": 35.6, "median_ft": 0.0, "left_sw_ft": 42.9, "right_sw_ft": 41.5}, "geometry": {"type": "LineString", "coordinates": [[-73.84911477430335, 40.85536834560968], [-73.84883542956858, 40.855116365684516]]}}, {"type": "Feature", "properties": {"segment_id": 799139, "physicalid": "56184", "street_name": "WILKINSON AVE", "borough": "bronx", "direction": "TW", "total_row_ft": 150.0, "roadbed_ft": 120.0, "median_ft": 0.0, "left_sw_ft": 15.0, "right_sw_ft": 15.0}, "geometry": {"type": "LineString", "coordinates": [[-73.84799562401362, 40.85340106991345], [-73.84802042704769, 40.853072244481965]]}}, {"type": "Feature", "properties": {"segment_id": 799140, "physicalid": "56184", "street_name": "WILKINSON AVE", "borough": "bronx", "direction": "TW", "total_row_ft": 56.5, "roadbed_ft": 32.6, "median_ft": 0.0, "left_sw_ft": 8.9, "right_sw_ft": 15.0}, "geometry": {"type": "LineString", "coordinates": [[-73.84793062172156, 40.85330281289581], [-73.84794825029847, 40.85306910562618]]}}, {"type": "Feature", "properties": {"segment_id": 799141, "physicalid": "56184", "street_name": "WILKINSON AVE", "borough": "bronx", "direction": "TW", "total_row_ft": 56.8, "roadbed_ft": 32.7, "median_ft": 0.0, "left_sw_ft": 9.1, "right_sw_ft": 15.0}, "geometry": {"type": "LineString", "coordinates": [[-73.84785838993226, 40.853300400392946], [-73.84787607355607, 40.85306596672525]]}}, {"type": "Feature", "properties": {"segment_id": 799142, "physicalid": "56184", "street_name": "WILKINSON AVE", "borough": "bronx", "direction": "TW", "total_row_ft": 57.1, "roadbed_ft": 32.8, "median_ft": 0.0, "left_sw_ft": 9.2, "right_sw_ft": 15.0}, "geometry": {"type": "LineString", "coordinates": [[-73.84778615814818, 40.853297987844876], [-73.84780389682047, 40.853062827779155]]}}, {"type": "Feature", "properties": {"segment_id": 799143, "physicalid": "56184", "street_name": "WILKINSON AVE", "borough": "bronx", "direction": "TW", "total_row_ft": 57.3, "roadbed_ft": 32.7, "median_ft": 0.0, "left_sw_ft": 9.6, "right_sw_ft": 15.0}, "geometry": {"type": "LineString", "coordinates": [[-73.84771392636418, 40.853295575319954], [-73.84773172009169, 40.85305968878789]]}}, {"type": "Feature", "properties": {"segment_id": 800527, "physicalid": "56272", "street_name": "MORRIS PARK AVE", "borough": "bronx", "direction": "TW", "total_row_ft": 97.1, "roadbed_ft": 61.7, "median_ft": 11.2, "left_sw_ft": 15.1, "right_sw_ft": 9.1}, "geometry": {"type": "LineString", "coordinates": [[-73.85003710207754, 40.85104740582236], [-73.84987929810582, 40.850844371607295]]}}, {"type": "Feature", "properties": {"segment_id": 800528, "physicalid": "56272", "street_name": "MORRIS PARK AVE", "borough": "bronx", "direction": "TW", "total_row_ft": 97.0, "roadbed_ft": 62.1, "median_ft": 11.2, "left_sw_ft": 14.9, "right_sw_ft": 8.9}, "geometry": {"type": "LineString", "coordinates": [[-73.84997489478248, 40.8510753726378], [-73.84981721499645, 40.85087249796066]]}}, {"type": "Feature", "properties": {"segment_id": 800529, "physicalid": "56272", "street_name": "MORRIS PARK AVE", "borough": "bronx", "direction": "TW", "total_row_ft": 97.0, "roadbed_ft": 62.5, "median_ft": 11.2, "left_sw_ft": 14.6, "right_sw_ft": 8.6}, "geometry": {"type": "LineString", "coordinates": [[-73.84991268743508, 40.85110333941958], [-73.84975513183458, 40.85090062428045]]}}, {"type": "Feature", "properties": {"segment_id": 800530, "physicalid": "56272", "street_name": "MORRIS PARK AVE", "borough": "bronx", "direction": "TW", "total_row_ft": 103.7, "roadbed_ft": 63.5, "median_ft": 0.0, "left_sw_ft": 23.3, "right_sw_ft": 16.8}, "geometry": {"type": "LineString", "coordinates": [[-73.84986792496446, 40.851153751204976], [-73.84967740231822, 40.85090861952344]]}}, {"type": "Feature", "properties": {"segment_id": 800531, "physicalid": "56273", "street_name": "MORRIS PARK AVE", "borough": "bronx", "direction": "TW", "total_row_ft": 118.9, "roadbed_ft": 97.0, "median_ft": 0.0, "left_sw_ft": 6.9, "right_sw_ft": 15.0}, "geometry": {"type": "LineString", "coordinates": [[-73.84963858531084, 40.85118040130883], [-73.84962890695554, 40.85089533957875]]}}, {"type": "Feature", "properties": {"segment_id": 800532, "physicalid": "56273", "street_name": "MORRIS PARK AVE", "borough": "bronx", "direction": "TW", "total_row_ft": 118.2, "roadbed_ft": 96.5, "median_ft": 0.0, "left_sw_ft": 6.8, "right_sw_ft": 15.0}, "geometry": {"type": "LineString", "coordinates": [[-73.84956625564156, 40.851180028095676], [-73.84955663829732, 40.8508967542848]]}}, {"type": "Feature", "properties": {"segment_id": 800533, "physicalid": "56273", "street_name": "MORRIS PARK AVE", "borough": "bronx", "direction": "TW", "total_row_ft": 103.0, "roadbed_ft": 60.1, "median_ft": 0.0, "left_sw_ft": 7.0, "right_sw_ft": 35.9}, "geometry": {"type": "LineString", "coordinates": [[-73.84949396002423, 40.8511806578244], [-73.84948436963604, 40.850898168945605]]}}, {"type": "Feature", "properties": {"segment_id": 800534, "physicalid": "56273", "street_name": "MORRIS PARK AVE", "borough": "bronx", "direction": "TW", "total_row_ft": 87.5, "roadbed_ft": 60.1, "median_ft": 0.0, "left_sw_ft": 7.1, "right_sw_ft": 20.2}, "geometry": {"type": "LineString", "coordinates": [[-73.84942166440554, 40.85118128750781], [-73.84941351759464, 40.85094131226817]]}}, {"type": "Feature", "properties": {"segment_id": 800535, "physicalid": "56273", "street_name": "MORRIS PARK AVE", "borough": "bronx", "direction": "TW", "total_row_ft": 87.3, "roadbed_ft": 60.1, "median_ft": 0.0, "left_sw_ft": 7.3, "right_sw_ft": 19.9}, "geometry": {"type": "LineString", "coordinates": [[-73.8493493687855, 40.851181917145915], [-73.84934123354023, 40.85094227491341]]}}, {"type": "Feature", "properties": {"segment_id": 800536, "physicalid": "56273", "street_name": "MORRIS PARK AVE", "borough": "bronx", "direction": "TW", "total_row_ft": 87.3, "roadbed_ft": 60.0, "median_ft": 0.0, "left_sw_ft": 7.6, "right_sw_ft": 19.7}, "geometry": {"type": "LineString", "coordinates": [[-73.84927708101264, 40.851182777942775], [-73.84926894948372, 40.85094323751336]]}}, {"type": "Feature", "properties": {"segment_id": 800537, "physicalid": "56273", "street_name": "MORRIS PARK AVE", "borough": "bronx", "direction": "TW", "total_row_ft": 87.4, "roadbed_ft": 60.0, "median_ft": 0.0, "left_sw_ft": 7.6, "right_sw_ft": 19.7}, "geometry": {"type": "LineString", "coordinates": [[-73.84920477133143, 40.85118299334935], [-73.84919663216829, 40.85094322034569]]}}, {"type": "Feature", "properties": {"segment_id": 800538, "physicalid": "56273", "street_name": "MORRIS PARK AVE", "borough": "bronx", "direction": "TW", "total_row_ft": 88.2, "roadbed_ft": 60.0, "median_ft": 0.0, "left_sw_ft": 7.7, "right_sw_ft": 20.5}, "geometry": {"type": "LineString", "coordinates": [[-73.84913246037038, 40.85118317102076], [-73.84912424714273, 40.850941208376476]]}}, {"type": "Feature", "properties": {"segment_id": 800539, "physicalid": "56273", "street_name": "MORRIS PARK AVE", "borough": "bronx", "direction": "TW", "total_row_ft": 88.6, "roadbed_ft": 60.0, "median_ft": 0.0, "left_sw_ft": 7.7, "right_sw_ft": 21.0}, "geometry": {"type": "LineString", "coordinates": [[-73.84906014940894, 40.851183348646856], [-73.84905189476643, 40.850940158118384]]}}, {"type": "Feature", "properties": {"segment_id": 800540, "physicalid": "56273", "street_name": "MORRIS PARK AVE", "borough": "bronx", "direction": "TW", "total_row_ft": 88.2, "roadbed_ft": 60.0, "median_ft": 0.0, "left_sw_ft": 7.7, "right_sw_ft": 20.5}, "geometry": {"type": "LineString", "coordinates": [[-73.84898783844713, 40.851183526227615], [-73.84897962904367, 40.8509416607433]]}}, {"type": "Feature", "properties": {"segment_id": 800541, "physicalid": "56273", "street_name": "MORRIS PARK AVE", "borough": "bronx", "direction": "TW", "total_row_ft": 87.7, "roadbed_ft": 60.0, "median_ft": 0.0, "left_sw_ft": 7.7, "right_sw_ft": 19.9}, "geometry": {"type": "LineString", "coordinates": [[-73.84891552748493, 40.851183703763084], [-73.84890736332447, 40.850943163524995]]}}, {"type": "Feature", "properties": {"segment_id": 800542, "physicalid": "56273", "street_name": "MORRIS PARK AVE", "borough": "bronx", "direction": "TW", "total_row_ft": 87.3, "roadbed_ft": 60.1, "median_ft": 0.0, "left_sw_ft": 7.9, "right_sw_ft": 19.4}, "geometry": {"type": "LineString", "coordinates": [[-73.84884512641814, 40.8512401539658], [-73.84883509760203, 40.85094466626143]]}}, {"type": "Feature", "properties": {"segment_id": 800543, "physicalid": "56273", "street_name": "MORRIS PARK AVE", "borough": "bronx", "direction": "TW", "total_row_ft": 122.7, "roadbed_ft": 88.8, "median_ft": 0.0, "left_sw_ft": 15.0, "right_sw_ft": 18.8}, "geometry": {"type": "LineString", "coordinates": [[-73.84877285736863, 40.85124156818079], [-73.8487628318763, 40.85094616895259]]}}, {"type": "Feature", "properties": {"segment_id": 800544, "physicalid": "56273", "street_name": "MORRIS PARK AVE", "borough": "bronx", "direction": "TW", "total_row_ft": 122.6, "roadbed_ft": 89.3, "median_ft": 0.0, "left_sw_ft": 15.0, "right_sw_ft": 18.3}, "geometry": {"type": "LineString", "coordinates": [[-73.84870058831602, 40.8512429823505], [-73.84869056614734, 40.850947671598455]]}}, {"type": "Feature", "properties": {"segment_id": 800545, "physicalid": "56274", "street_name": "MORRIS PARK AVE", "borough": "bronx", "direction": "TW", "total_row_ft": 122.6, "roadbed_ft": 90.0, "median_ft": 0.0, "left_sw_ft": 17.6, "right_sw_ft": 15.0}, "geometry": {"type": "LineString", "coordinates": [[-73.84856510369364, 40.85121191387033], [-73.84855106772697, 40.85091686912754]]}}, {"type": "Feature", "properties": {"segment_id": 800546, "physicalid": "56274", "street_name": "MORRIS PARK AVE", "borough": "bronx", "direction": "TW", "total_row_ft": 121.9, "roadbed_ft": 90.9, "median_ft": 0.0, "left_sw_ft": 16.0, "right_sw_ft": 15.0}, "geometry": {"type": "LineString", "coordinates": [[-73.84849276600393, 40.85121196586921], [-73.84847882215271, 40.85091885074997]]}}, {"type": "Feature", "properties": {"segment_id": 800547, "physicalid": "56274", "street_name": "MORRIS PARK AVE", "borough": "bronx", "direction": "TW", "total_row_ft": 106.2, "roadbed_ft": 64.8, "median_ft": 0.0, "left_sw_ft": 14.3, "right_sw_ft": 27.0}, "geometry": {"type": "LineString", "coordinates": [[-73.84842042831409, 40.85121201782273], [-73.84840657657416, 40.850920832327155]]}}, {"type": "Feature", "properties": {"segment_id": 800548, "physicalid": "56274", "street_name": "MORRIS PARK AVE", "borough": "bronx", "direction": "TW", "total_row_ft": 98.2, "roadbed_ft": 66.2, "median_ft": 0.0, "left_sw_ft": 12.7, "right_sw_ft": 19.3}, "geometry": {"type": "LineString", "coordinates": [[-73.84834809062414, 40.85121206973091], [-73.84833527583966, 40.850942676602095]]}}, {"type": "Feature", "properties": {"segment_id": 800549, "physicalid": "56274", "street_name": "MORRIS PARK AVE", "borough": "bronx", "direction": "TW", "total_row_ft": 113.6, "roadbed_ft": 74.1, "median_ft": 0.0, "left_sw_ft": 20.0, "right_sw_ft": 19.5}, "geometry": {"type": "LineString", "coordinates": [[-73.8482777424056, 40.851253945137564], [-73.84826291967684, 40.85094233395188]]}}, {"type": "Feature", "properties": {"segment_id": 800550, "physicalid": "56275", "street_name": "MORRIS PARK AVE", "borough": "bronx", "direction": "TW", "total_row_ft": 129.2, "roadbed_ft": 94.3, "median_ft": 0.0, "left_sw_ft": 15.0, "right_sw_ft": 19.9}, "geometry": {"type": "LineString", "coordinates": [[-73.84815907416092, 40.851255330765404], [-73.84816145630796, 40.850941853385]]}}, {"type": "Feature", "properties": {"segment_id": 800551, "physicalid": "56275", "street_name": "MORRIS PARK AVE", "borough": "bronx", "direction": "TW", "total_row_ft": 103.9, "roadbed_ft": 70.6, "median_ft": 0.0, "left_sw_ft": 23.5, "right_sw_ft": 9.9}, "geometry": {"type": "LineString", "coordinates": [[-73.84808678230462, 40.85125501399652], [-73.84808895053364, 40.850969727971155]]}}, {"type": "Feature", "properties": {"segment_id": 800552, "physicalid": "56275", "street_name": "MORRIS PARK AVE", "borough": "bronx", "direction": "TW", "total_row_ft": 124.3, "roadbed_ft": 70.4, "median_ft": 20.3, "left_sw_ft": 23.4, "right_sw_ft": 10.1}, "geometry": {"type": "LineString", "coordinates": [[-73.84801449044902, 40.85125469718235], [-73.84801665851394, 40.850969473535805]]}}, {"type": "Feature", "properties": {"segment_id": 800553, "physicalid": "56275", "street_name": "MORRIS PARK AVE", "borough": "bronx", "direction": "TW", "total_row_ft": 121.1, "roadbed_ft": 70.3, "median_ft": 20.3, "left_sw_ft": 20.1, "right_sw_ft": 10.3}, "geometry": {"type": "LineString", "coordinates": [[-73.84794226394125, 40.85124578472776], [-73.8479443664948, 40.85096921905267]]}}, {"type": "Feature", "properties": {"segment_id": 800554, "physicalid": "56275", "street_name": "MORRIS PARK AVE", "borough": "bronx", "direction": "TW", "total_row_ft": 115.3, "roadbed_ft": 70.2, "median_ft": 14.2, "left_sw_ft": 20.3, "right_sw_ft": 10.6}, "geometry": {"type": "LineString", "coordinates": [[-73.84786996569099, 40.85124631024949], [-73.84787207447212, 40.850968965065185]]}}, {"type": "Feature", "properties": {"segment_id": 800555, "physicalid": "56275", "street_name": "MORRIS PARK AVE", "borough": "bronx", "direction": "TW", "total_row_ft": 118.1, "roadbed_ft": 70.1, "median_ft": 14.2, "left_sw_ft": 23.0, "right_sw_ft": 10.8}, "geometry": {"type": "LineString", "coordinates": [[-73.84779761488633, 40.851253746468], [-73.84779978219436, 40.85096874464865]]}}, {"type": "Feature", "properties": {"segment_id": 800556, "physicalid": "56275", "street_name": "MORRIS PARK AVE", "borough": "bronx", "direction": "TW", "total_row_ft": 110.8, "roadbed_ft": 70.0, "median_ft": 14.2, "left_sw_ft": 15.8, "right_sw_ft": 10.9}, "geometry": {"type": "LineString", "coordinates": [[-73.84772547159488, 40.85123389646422], [-73.84772748954171, 40.850968573538985]]}}, {"type": "Feature", "properties": {"segment_id": 800557, "physicalid": "56275", "street_name": "MORRIS PARK AVE", "borough": "bronx", "direction": "TW", "total_row_ft": 109.0, "roadbed_ft": 70.2, "median_ft": 12.3, "left_sw_ft": 15.7, "right_sw_ft": 10.8}, "geometry": {"type": "LineString", "coordinates": [[-73.84765317817377, 40.85123378847128], [-73.84765519688943, 40.850968402384005]]}}, {"type": "Feature", "properties": {"segment_id": 800558, "physicalid": "56275", "street_name": "MORRIS PARK AVE", "borough": "bronx", "direction": "TW", "total_row_ft": 106.3, "roadbed_ft": 70.4, "median_ft": 9.6, "left_sw_ft": 15.6, "right_sw_ft": 10.7}, "geometry": {"type": "LineString", "coordinates": [[-73.84758088486203, 40.85123366609038], [-73.84758290423756, 40.85096823118372]]}}, {"type": "Feature", "properties": {"segment_id": 800559, "physicalid": "56275", "street_name": "MORRIS PARK AVE", "borough": "bronx", "direction": "TW", "total_row_ft": 94.8, "roadbed_ft": 70.5, "median_ft": 6.9, "left_sw_ft": 6.7, "right_sw_ft": 10.6}, "geometry": {"type": "LineString", "coordinates": [[-73.84750877659228, 40.85120922459223], [-73.84751061158602, 40.850968059938154]]}}, {"type": "Feature", "properties": {"segment_id": 800560, "physicalid": "56275", "street_name": "MORRIS PARK AVE", "borough": "bronx", "direction": "TW", "total_row_ft": 92.4, "roadbed_ft": 70.8, "median_ft": 4.2, "left_sw_ft": 6.9, "right_sw_ft": 10.6}, "geometry": {"type": "LineString", "coordinates": [[-73.84743647568304, 40.85121010401924], [-73.84743831893574, 40.85096788853152]]}}, {"type": "Feature", "properties": {"segment_id": 800561, "physicalid": "56275", "street_name": "MORRIS PARK AVE", "borough": "bronx", "direction": "TW", "total_row_ft": 120.8, "roadbed_ft": 98.5, "median_ft": 0.0, "left_sw_ft": 7.2, "right_sw_ft": 15.0}, "geometry": {"type": "LineString", "coordinates": [[-73.84736416106811, 40.85121278390302], [-73.84736637054918, 40.85092248488394]]}}, {"type": "Feature", "properties": {"segment_id": 800562, "physicalid": "56276", "street_name": "MORRIS PARK AVE", "borough": "bronx", "direction": "FT", "total_row_ft": 135.0, "roadbed_ft": 111.9, "median_ft": 0.0, "left_sw_ft": 15.0, "right_sw_ft": 8.1}, "geometry": {"type": "LineString", "coordinates": [[-73.84712406724641, 40.85119368559199], [-73.84738491795883, 40.85093053433136]]}}, {"type": "Feature", "properties": {"segment_id": 800563, "physicalid": "56277", "street_name": "MORRIS PARK AVE", "borough": "bronx", "direction": "TF", "total_row_ft": 124.9, "roadbed_ft": 100.1, "median_ft": 0.0, "left_sw_ft": 15.0, "right_sw_ft": 9.8}, "geometry": {"type": "LineString", "coordinates": [[-73.84739021532828, 40.851211604954244], [-73.84710399041575, 40.85100228287799]]}}, {"type": "Feature", "properties": {"segment_id": 800564, "physicalid": "56277", "street_name": "MORRIS PARK AVE", "borough": "bronx", "direction": "TF", "total_row_ft": 106.0, "roadbed_ft": 81.1, "median_ft": 2.5, "left_sw_ft": 15.0, "right_sw_ft": 7.4}, "geometry": {"type": "LineString", "coordinates": [[-73.84722865937437, 40.8512244158745], [-73.84715297807563, 40.850988451683094]]}}, {"type": "Feature", "properties": {"segment_id": 800565, "physicalid": "56277", "street_name": "MORRIS PARK AVE", "borough": "bronx", "direction": "TF", "total_row_ft": 108.3, "roadbed_ft": 80.1, "median_ft": 5.9, "left_sw_ft": 15.0, "right_sw_ft": 7.2}, "geometry": {"type": "LineString", "coordinates": [[-73.8471574323842, 40.851234327842946], [-73.8470827383196, 40.85100144093838]]}}, {"type": "Feature", "properties": {"segment_id": 800566, "physicalid": "56277", "street_name": "MORRIS PARK AVE", "borough": "bronx", "direction": "TF", "total_row_ft": 102.2, "roadbed_ft": 73.1, "median_ft": 7.0, "left_sw_ft": 15.0, "right_sw_ft": 7.0}, "geometry": {"type": "LineString", "coordinates": [[-73.84708704736909, 40.8512468650075], [-73.84701249853612, 40.851014430150876]]}}, {"type": "Feature", "properties": {"segment_id": 800567, "physicalid": "56277", "street_name": "MORRIS PARK AVE", "borough": "bronx", "direction": "TF", "total_row_ft": 103.0, "roadbed_ft": 72.4, "median_ft": 8.7, "left_sw_ft": 15.0, "right_sw_ft": 6.9}, "geometry": {"type": "LineString", "coordinates": [[-73.8470175252925, 40.85126209275579], [-73.84694225872518, 40.85102741932058]]}}, {"type": "Feature", "properties": {"segment_id": 800568, "physicalid": "56277", "street_name": "MORRIS PARK AVE", "borough": "bronx", "direction": "TF", "total_row_ft": 104.4, "roadbed_ft": 71.9, "median_ft": 10.4, "left_sw_ft": 15.0, "right_sw_ft": 7.1}, "geometry": {"type": "LineString", "coordinates": [[-73.84694849333992, 40.8512788487172], [-73.84687201888686, 40.851040408447496]]}}, {"type": "Feature", "properties": {"segment_id": 800569, "physicalid": "56277", "street_name": "MORRIS PARK AVE", "borough": "bronx", "direction": "TF", "total_row_ft": 105.1, "roadbed_ft": 71.6, "median_ft": 11.7, "left_sw_ft": 15.0, "right_sw_ft": 6.8}, "geometry": {"type": "LineString", "coordinates": [[-73.84687885369362, 40.85129371001383], [-73.84680177902108, 40.85105339753157]]}}, {"type": "Feature", "properties": {"segment_id": 800570, "physicalid": "56277", "street_name": "MORRIS PARK AVE", "borough": "bronx", "direction": "TF", "total_row_ft": 105.2, "roadbed_ft": 72.2, "median_ft": 11.4, "left_sw_ft": 15.0, "right_sw_ft": 6.6}, "geometry": {"type": "LineString", "coordinates": [[-73.84680866894824, 40.851306871792104], [-73.84673153912786, 40.8510663865729]]}}, {"type": "Feature", "properties": {"segment_id": 800571, "physicalid": "56277", "street_name": "MORRIS PARK AVE", "borough": "bronx", "direction": "TF", "total_row_ft": 104.6, "roadbed_ft": 71.5, "median_ft": 11.3, "left_sw_ft": 15.0, "right_sw_ft": 6.8}, "geometry": {"type": "LineString", "coordinates": [[-73.84673793545535, 40.85131832265984], [-73.84666129920721, 40.85107937557143]]}}, {"type": "Feature", "properties": {"segment_id": 800572, "physicalid": "56277", "street_name": "MORRIS PARK AVE", "borough": "bronx", "direction": "TF", "total_row_ft": 106.9, "roadbed_ft": 73.6, "median_ft": 11.3, "left_sw_ft": 15.0, "right_sw_ft": 7.0}, "geometry": {"type": "LineString", "coordinates": [[-73.84664079376728, 40.851328614290786], [-73.84664017428142, 40.85107640103753]]}}, {"type": "Feature", "properties": {"segment_id": 800573, "physicalid": "56277", "street_name": "MORRIS PARK AVE", "borough": "bronx", "direction": "TF", "total_row_ft": 108.1, "roadbed_ft": 74.9, "median_ft": 11.5, "left_sw_ft": 15.0, "right_sw_ft": 6.7}, "geometry": {"type": "LineString", "coordinates": [[-73.846568508674, 40.85133194292205], [-73.8465678815414, 40.8510765033952]]}}, {"type": "Feature", "properties": {"segment_id": 800574, "physicalid": "56277", "street_name": "MORRIS PARK AVE", "borough": "bronx", "direction": "TF", "total_row_ft": 108.2, "roadbed_ft": 75.1, "median_ft": 11.7, "left_sw_ft": 15.0, "right_sw_ft": 6.4}, "geometry": {"type": "LineString", "coordinates": [[-73.84649621637882, 40.851332339726085], [-73.84649558880115, 40.851076605707576]]}}, {"type": "Feature", "properties": {"segment_id": 800575, "physicalid": "56277", "street_name": "MORRIS PARK AVE", "borough": "bronx", "direction": "TF", "total_row_ft": 108.1, "roadbed_ft": 75.0, "median_ft": 11.5, "left_sw_ft": 15.0, "right_sw_ft": 6.6}, "geometry": {"type": "LineString", "coordinates": [[-73.84642392315156, 40.85133235685385], [-73.84642329606066, 40.85107670797465]]}}, {"type": "Feature", "properties": {"segment_id": 800576, "physicalid": "56277", "street_name": "MORRIS PARK AVE", "borough": "bronx", "direction": "TF", "total_row_ft": 108.1, "roadbed_ft": 75.0, "median_ft": 11.3, "left_sw_ft": 15.0, "right_sw_ft": 6.7}, "geometry": {"type": "LineString", "coordinates": [[-73.84635162992488, 40.8513323741946], [-73.84635100331998, 40.85107681019643]]}}, {"type": "Feature", "properties": {"segment_id": 800577, "physicalid": "56277", "street_name": "MORRIS PARK AVE", "borough": "bronx", "direction": "TF", "total_row_ft": 108.1, "roadbed_ft": 75.1, "median_ft": 11.2, "left_sw_ft": 15.0, "right_sw_ft": 6.8}, "geometry": {"type": "LineString", "coordinates": [[-73.84627933669847, 40.85133239161078], [-73.84627871057903, 40.85107691237288]]}}, {"type": "Feature", "properties": {"segment_id": 800578, "physicalid": "56277", "street_name": "MORRIS PARK AVE", "borough": "bronx", "direction": "TF", "total_row_ft": 108.1, "roadbed_ft": 74.9, "median_ft": 11.2, "left_sw_ft": 15.0, "right_sw_ft": 6.9}, "geometry": {"type": "LineString", "coordinates": [[-73.84620704347212, 40.85133240902587], [-73.8462064178379, 40.85107701450405]]}}, {"type": "Feature", "properties": {"segment_id": 800579, "physicalid": "56277", "street_name": "MORRIS PARK AVE", "borough": "bronx", "direction": "TF", "total_row_ft": 108.0, "roadbed_ft": 74.7, "median_ft": 11.3, "left_sw_ft": 15.0, "right_sw_ft": 7.0}, "geometry": {"type": "LineString", "coordinates": [[-73.84613475024551, 40.85133242630157], [-73.84613412509653, 40.85107711658992]]}}, {"type": "Feature", "properties": {"segment_id": 800580, "physicalid": "56277", "street_name": "MORRIS PARK AVE", "borough": "bronx", "direction": "TF", "total_row_ft": 108.0, "roadbed_ft": 74.4, "median_ft": 11.4, "left_sw_ft": 15.0, "right_sw_ft": 7.1}, "geometry": {"type": "LineString", "coordinates": [[-73.8460624570185, 40.851332443387136], [-73.84606183235496, 40.851077218630465]]}}, {"type": "Feature", "properties": {"segment_id": 800581, "physicalid": "56277", "street_name": "MORRIS PARK AVE", "borough": "bronx", "direction": "TF", "total_row_ft": 108.0, "roadbed_ft": 74.2, "median_ft": 11.6, "left_sw_ft": 15.0, "right_sw_ft": 7.2}, "geometry": {"type": "LineString", "coordinates": [[-73.84599016379133, 40.851332460364816], [-73.84598953961313, 40.85107732062572]]}}, {"type": "Feature", "properties": {"segment_id": 800582, "physicalid": "56277", "street_name": "MORRIS PARK AVE", "borough": "bronx", "direction": "TF", "total_row_ft": 92.9, "roadbed_ft": 49.8, "median_ft": 11.7, "left_sw_ft": 16.7, "right_sw_ft": 14.8}, "geometry": {"type": "LineString", "coordinates": [[-73.84591787036332, 40.85133239519756], [-73.84591724687111, 40.85107742257568]]}}, {"type": "Feature", "properties": {"segment_id": 800583, "physicalid": "56277", "street_name": "MORRIS PARK AVE", "borough": "bronx", "direction": "TF", "total_row_ft": 92.8, "roadbed_ft": 38.5, "median_ft": 11.8, "left_sw_ft": 17.1, "right_sw_ft": 25.4}, "geometry": {"type": "LineString", "coordinates": [[-73.84584557693181, 40.85133232848242], [-73.84584495412885, 40.851077524480324]]}}, {"type": "Feature", "properties": {"segment_id": 800584, "physicalid": "56277", "street_name": "MORRIS PARK AVE", "borough": "bronx", "direction": "TF", "total_row_ft": 95.6, "roadbed_ft": 39.9, "median_ft": 11.9, "left_sw_ft": 16.3, "right_sw_ft": 27.6}, "geometry": {"type": "LineString", "coordinates": [[-73.84577330278478, 40.851340154900825], [-73.84577266138639, 40.85107762633966]]}}, {"type": "Feature", "properties": {"segment_id": 800585, "physicalid": "56277", "street_name": "MORRIS PARK AVE", "borough": "bronx", "direction": "TF", "total_row_ft": 114.7, "roadbed_ft": 73.3, "median_ft": 12.0, "left_sw_ft": 15.0, "right_sw_ft": 14.4}, "geometry": {"type": "LineString", "coordinates": [[-73.84570111929368, 40.851385110644856], [-73.8457003686437, 40.851077728153705]]}}, {"type": "Feature", "properties": {"segment_id": 800586, "physicalid": "56277", "street_name": "MORRIS PARK AVE", "borough": "bronx", "direction": "TF", "total_row_ft": 107.7, "roadbed_ft": 73.2, "median_ft": 12.1, "left_sw_ft": 15.0, "right_sw_ft": 7.4}, "geometry": {"type": "LineString", "coordinates": [[-73.84562869663587, 40.85133212715026], [-73.84562807590078, 40.851077829922446]]}}, {"type": "Feature", "properties": {"segment_id": 800587, "physicalid": "56277", "street_name": "MORRIS PARK AVE", "borough": "bronx", "direction": "TF", "total_row_ft": 107.6, "roadbed_ft": 73.1, "median_ft": 12.1, "left_sw_ft": 15.0, "right_sw_ft": 7.4}, "geometry": {"type": "LineString", "coordinates": [[-73.84555640320394, 40.85133205984795], [-73.84555578315764, 40.85107793164588]]}}, {"type": "Feature", "properties": {"segment_id": 800588, "physicalid": "56277", "street_name": "MORRIS PARK AVE", "borough": "bronx", "direction": "TF", "total_row_ft": 107.5, "roadbed_ft": 73.0, "median_ft": 12.1, "left_sw_ft": 15.0, "right_sw_ft": 7.5}, "geometry": {"type": "LineString", "coordinates": [[-73.84548410983841, 40.851332019663076], [-73.84548349041427, 40.85107803332401]]}}, {"type": "Feature", "properties": {"segment_id": 800589, "physicalid": "56277", "street_name": "MORRIS PARK AVE", "borough": "bronx", "direction": "TF", "total_row_ft": 107.5, "roadbed_ft": 72.9, "median_ft": 12.1, "left_sw_ft": 15.0, "right_sw_ft": 7.5}, "geometry": {"type": "LineString", "coordinates": [[-73.84541181654136, 40.85133200749442], [-73.8454111976707, 40.85107813495685]]}}, {"type": "Feature", "properties": {"segment_id": 800590, "physicalid": "56277", "street_name": "MORRIS PARK AVE", "borough": "bronx", "direction": "TF", "total_row_ft": 107.5, "roadbed_ft": 72.8, "median_ft": 12.1, "left_sw_ft": 15.0, "right_sw_ft": 7.5}, "geometry": {"type": "LineString", "coordinates": [[-73.84533952324408, 40.85133199517548], [-73.84533890492689, 40.85107823654436]]}}, {"type": "Feature", "properties": {"segment_id": 800591, "physicalid": "56277", "street_name": "MORRIS PARK AVE", "borough": "bronx", "direction": "TF", "total_row_ft": 107.4, "roadbed_ft": 72.8, "median_ft": 12.1, "left_sw_ft": 15.0, "right_sw_ft": 7.6}, "geometry": {"type": "LineString", "coordinates": [[-73.84526722994721, 40.85133198296698], [-73.84526661218288, 40.85107833808657]]}}, {"type": "Feature", "properties": {"segment_id": 800592, "physicalid": "56277", "street_name": "MORRIS PARK AVE", "borough": "bronx", "direction": "TF", "total_row_ft": 107.4, "roadbed_ft": 72.7, "median_ft": 12.1, "left_sw_ft": 15.0, "right_sw_ft": 7.6}, "geometry": {"type": "LineString", "coordinates": [[-73.84519493665051, 40.85133197076951], [-73.84519431943863, 40.8510784395835]]}}, {"type": "Feature", "properties": {"segment_id": 800593, "physicalid": "56277", "street_name": "MORRIS PARK AVE", "borough": "bronx", "direction": "TF", "total_row_ft": 107.3, "roadbed_ft": 72.6, "median_ft": 12.1, "left_sw_ft": 15.0, "right_sw_ft": 7.6}, "geometry": {"type": "LineString", "coordinates": [[-73.84512264335373, 40.851331958488096], [-73.84512202669418, 40.85107854103512]]}}, {"type": "Feature", "properties": {"segment_id": 800594, "physicalid": "56277", "street_name": "MORRIS PARK AVE", "borough": "bronx", "direction": "TF", "total_row_ft": 107.3, "roadbed_ft": 62.5, "median_ft": 11.9, "left_sw_ft": 15.0, "right_sw_ft": 17.9}, "geometry": {"type": "LineString", "coordinates": [[-73.8450503500573, 40.85133194629124], [-73.8450497339495, 40.85107864244142]]}}, {"type": "Feature", "properties": {"segment_id": 800595, "physicalid": "56277", "street_name": "MORRIS PARK AVE", "borough": "bronx", "direction": "TF", "total_row_ft": 107.2, "roadbed_ft": 57.0, "median_ft": 11.6, "left_sw_ft": 15.0, "right_sw_ft": 23.6}, "geometry": {"type": "LineString", "coordinates": [[-73.84497805676051, 40.85133193388607], [-73.84497744120458, 40.85107874380244]]}}, {"type": "Feature", "properties": {"segment_id": 800596, "physicalid": "56277", "street_name": "MORRIS PARK AVE", "borough": "bronx", "direction": "TF", "total_row_ft": 107.2, "roadbed_ft": 57.2, "median_ft": 11.4, "left_sw_ft": 15.0, "right_sw_ft": 23.6}, "geometry": {"type": "LineString", "coordinates": [[-73.84490576346371, 40.851331921427246], [-73.84490514845947, 40.85107884511813]]}}, {"type": "Feature", "properties": {"segment_id": 800597, "physicalid": "56277", "street_name": "MORRIS PARK AVE", "borough": "bronx", "direction": "TF", "total_row_ft": 107.1, "roadbed_ft": 63.2, "median_ft": 11.2, "left_sw_ft": 15.0, "right_sw_ft": 17.7}, "geometry": {"type": "LineString", "coordinates": [[-73.84483346979303, 40.85133175498455], [-73.84483285571412, 40.85107894638855]]}}, {"type": "Feature", "properties": {"segment_id": 800598, "physicalid": "56277", "street_name": "MORRIS PARK AVE", "borough": "bronx", "direction": "TF", "total_row_ft": 107.0, "roadbed_ft": 70.5, "median_ft": 10.9, "left_sw_ft": 15.0, "right_sw_ft": 10.6}, "geometry": {"type": "LineString", "coordinates": [[-73.8447611759869, 40.851331532567194], [-73.84476056296856, 40.851079047613645]]}}, {"type": "Feature", "properties": {"segment_id": 800599, "physicalid": "56277", "street_name": "MORRIS PARK AVE", "borough": "bronx", "direction": "TF", "total_row_ft": 106.9, "roadbed_ft": 74.6, "median_ft": 10.7, "left_sw_ft": 15.0, "right_sw_ft": 6.6}, "geometry": {"type": "LineString", "coordinates": [[-73.84468888217985, 40.85133130951883], [-73.84468827022276, 40.85107914879343]]}}, {"type": "Feature", "properties": {"segment_id": 800600, "physicalid": "56277", "street_name": "MORRIS PARK AVE", "borough": "bronx", "direction": "TF", "total_row_ft": 135.0, "roadbed_ft": 75.0, "median_ft": 10.4, "left_sw_ft": 15.0, "right_sw_ft": 34.6}, "geometry": {"type": "LineString", "coordinates": [[-73.84461677643749, 40.8514086137927], [-73.84461597747676, 40.85107924992792]]}}, {"type": "Feature", "properties": {"segment_id": 800601, "physicalid": "56277", "street_name": "MORRIS PARK AVE", "borough": "bronx", "direction": "TF", "total_row_ft": 117.2, "roadbed_ft": 75.4, "median_ft": 10.2, "left_sw_ft": 15.0, "right_sw_ft": 16.6}, "geometry": {"type": "LineString", "coordinates": [[-73.8445444833333, 40.85140871488237], [-73.84454368473054, 40.85107935101713]]}}, {"type": "Feature", "properties": {"segment_id": 800602, "physicalid": "56277", "street_name": "MORRIS PARK AVE", "borough": "bronx", "direction": "TF", "total_row_ft": 76.4, "roadbed_ft": 39.3, "median_ft": 10.5, "left_sw_ft": 10.5, "right_sw_ft": 16.1}, "geometry": {"type": "LineString", "coordinates": [[-73.84447212095077, 40.85138023120888], [-73.84447163163449, 40.85117833457672]]}}, {"type": "Feature", "properties": {"segment_id": 800603, "physicalid": "56277", "street_name": "MORRIS PARK AVE", "borough": "bronx", "direction": "TF", "total_row_ft": 150.0, "roadbed_ft": 120.0, "median_ft": 0.0, "left_sw_ft": 15.0, "right_sw_ft": 15.0}, "geometry": {"type": "LineString", "coordinates": [[-73.84430825939042, 40.85137431579019], [-73.84450144087785, 40.851079419941826]]}}, {"type": "Feature", "properties": {"segment_id": 800604, "physicalid": "56278", "street_name": "MORRIS PARK AVE", "borough": "bronx", "direction": "FT", "total_row_ft": 107.8, "roadbed_ft": 80.9, "median_ft": 3.3, "left_sw_ft": 15.0, "right_sw_ft": 8.6}, "geometry": {"type": "LineString", "coordinates": [[-73.84720043458425, 40.85120642498995], [-73.8471358278821, 40.850965572935756]]}}, {"type": "Feature", "properties": {"segment_id": 800605, "physicalid": "56278", "street_name": "MORRIS PARK AVE", "borough": "bronx", "direction": "FT", "total_row_ft": 107.7, "roadbed_ft": 77.1, "median_ft": 6.7, "left_sw_ft": 15.0, "right_sw_ft": 9.0}, "geometry": {"type": "LineString", "coordinates": [[-73.84712959608439, 40.85121738107903], [-73.84706403486288, 40.85097296961906]]}}, {"type": "Feature", "properties": {"segment_id": 800606, "physicalid": "56278", "street_name": "MORRIS PARK AVE", "borough": "bronx", "direction": "FT", "total_row_ft": 106.5, "roadbed_ft": 74.9, "median_ft": 7.4, "left_sw_ft": 15.0, "right_sw_ft": 9.1}, "geometry": {"type": "LineString", "coordinates": [[-73.84705875756116, 40.85122833712458], [-73.84699278251442, 40.85098238194705]]}}, {"type": "Feature", "properties": {"segment_id": 800607, "physicalid": "56278", "street_name": "MORRIS PARK AVE", "borough": "bronx", "direction": "FT", "total_row_ft": 106.2, "roadbed_ft": 73.1, "median_ft": 9.1, "left_sw_ft": 15.0, "right_sw_ft": 9.0}, "geometry": {"type": "LineString", "coordinates": [[-73.84698791901461, 40.85123929312662], [-73.84692213849402, 40.8509940621728]]}}, {"type": "Feature", "properties": {"segment_id": 800608, "physicalid": "56278", "street_name": "MORRIS PARK AVE", "borough": "bronx", "direction": "FT", "total_row_ft": 105.2, "roadbed_ft": 70.5, "median_ft": 10.8, "left_sw_ft": 15.0, "right_sw_ft": 8.9}, "geometry": {"type": "LineString", "coordinates": [[-73.84691708044471, 40.85125024908511], [-73.8468519924743, 40.851007599017365]]}}, {"type": "Feature", "properties": {"segment_id": 800609, "physicalid": "56278", "street_name": "MORRIS PARK AVE", "borough": "bronx", "direction": "FT", "total_row_ft": 104.2, "roadbed_ft": 68.4, "median_ft": 11.7, "left_sw_ft": 15.0, "right_sw_ft": 9.1}, "geometry": {"type": "LineString", "coordinates": [[-73.84684624185147, 40.85126120500012], [-73.84678187547786, 40.85102124412635]]}}, {"type": "Feature", "properties": {"segment_id": 800610, "physicalid": "56278", "street_name": "MORRIS PARK AVE", "borough": "bronx", "direction": "FT", "total_row_ft": 103.2, "roadbed_ft": 67.5, "median_ft": 11.4, "left_sw_ft": 15.0, "right_sw_ft": 9.3}, "geometry": {"type": "LineString", "coordinates": [[-73.84677540323491, 40.85127216087159], [-73.84671178728503, 40.85103499668199]]}}, {"type": "Feature", "properties": {"segment_id": 800611, "physicalid": "56278", "street_name": "MORRIS PARK AVE", "borough": "bronx", "direction": "FT", "total_row_ft": 101.6, "roadbed_ft": 66.8, "median_ft": 11.3, "left_sw_ft": 15.0, "right_sw_ft": 8.5}, "geometry": {"type": "LineString", "coordinates": [[-73.8466627610842, 40.85128292039786], [-73.84665992154487, 40.851045254800276]]}}, {"type": "Feature", "properties": {"segment_id": 800612, "physicalid": "56278", "street_name": "MORRIS PARK AVE", "borough": "bronx", "direction": "FT", "total_row_ft": 99.5, "roadbed_ft": 64.6, "median_ft": 11.4, "left_sw_ft": 15.0, "right_sw_ft": 8.4}, "geometry": {"type": "LineString", "coordinates": [[-73.84659047096838, 40.851283418363735], [-73.84658770180056, 40.85105162170124]]}}, {"type": "Feature", "properties": {"segment_id": 800613, "physicalid": "56278", "street_name": "MORRIS PARK AVE", "borough": "bronx", "direction": "FT", "total_row_ft": 98.9, "roadbed_ft": 63.9, "median_ft": 11.7, "left_sw_ft": 15.0, "right_sw_ft": 8.2}, "geometry": {"type": "LineString", "coordinates": [[-73.84651818085148, 40.85128391628429], [-73.84651543099946, 40.8510537155377]]}}, {"type": "Feature", "properties": {"segment_id": 800614, "physicalid": "56278", "street_name": "MORRIS PARK AVE", "borough": "bronx", "direction": "FT", "total_row_ft": 98.9, "roadbed_ft": 64.3, "median_ft": 11.5, "left_sw_ft": 15.0, "right_sw_ft": 8.1}, "geometry": {"type": "LineString", "coordinates": [[-73.8464458907335, 40.851284414159586], [-73.8464431391461, 40.851054047178344]]}}, {"type": "Feature", "properties": {"segment_id": 800615, "physicalid": "56278", "street_name": "MORRIS PARK AVE", "borough": "bronx", "direction": "FT", "total_row_ft": 99.0, "roadbed_ft": 64.7, "median_ft": 11.4, "left_sw_ft": 15.0, "right_sw_ft": 8.0}, "geometry": {"type": "LineString", "coordinates": [[-73.84637360061444, 40.851284911989545], [-73.84637084572827, 40.851054247841105]]}}, {"type": "Feature", "properties": {"segment_id": 800616, "physicalid": "56278", "street_name": "MORRIS PARK AVE", "borough": "bronx", "direction": "FT", "total_row_ft": 135.0, "roadbed_ft": 65.0, "median_ft": 11.2, "left_sw_ft": 15.0, "right_sw_ft": 43.8}, "geometry": {"type": "LineString", "coordinates": [[-73.8463013104943, 40.85128540977422], [-73.84629737732872, 40.850956058884506]]}}, {"type": "Feature", "properties": {"segment_id": 800617, "physicalid": "56278", "street_name": "MORRIS PARK AVE", "borough": "bronx", "direction": "FT", "total_row_ft": 99.4, "roadbed_ft": 65.2, "median_ft": 11.2, "left_sw_ft": 15.0, "right_sw_ft": 7.9}, "geometry": {"type": "LineString", "coordinates": [[-73.84622902037307, 40.85128590751359], [-73.84622625572905, 40.85105438420889]]}}, {"type": "Feature", "properties": {"segment_id": 800618, "physicalid": "56278", "street_name": "MORRIS PARK AVE", "borough": "bronx", "direction": "FT", "total_row_ft": 99.6, "roadbed_ft": 65.3, "median_ft": 11.3, "left_sw_ft": 15.0, "right_sw_ft": 8.0}, "geometry": {"type": "LineString", "coordinates": [[-73.84615673025077, 40.85128640520767], [-73.84615395631492, 40.85105408261793]]}}, {"type": "Feature", "properties": {"segment_id": 800619, "physicalid": "56278", "street_name": "MORRIS PARK AVE", "borough": "bronx", "direction": "FT", "total_row_ft": 99.9, "roadbed_ft": 65.4, "median_ft": 11.4, "left_sw_ft": 15.0, "right_sw_ft": 8.1}, "geometry": {"type": "LineString", "coordinates": [[-73.84608444012738, 40.85128690285643], [-73.84608165690045, 40.85105378089745]]}}, {"type": "Feature", "properties": {"segment_id": 800620, "physicalid": "56278", "street_name": "MORRIS PARK AVE", "borough": "bronx", "direction": "FT", "total_row_ft": 100.2, "roadbed_ft": 65.4, "median_ft": 11.5, "left_sw_ft": 15.0, "right_sw_ft": 8.3}, "geometry": {"type": "LineString", "coordinates": [[-73.8460121500029, 40.851287400459924], [-73.84600935748765, 40.851053479217185]]}}, {"type": "Feature", "properties": {"segment_id": 800621, "physicalid": "56278", "street_name": "MORRIS PARK AVE", "borough": "bronx", "direction": "FT", "total_row_ft": 100.5, "roadbed_ft": 57.6, "median_ft": 11.6, "left_sw_ft": 15.0, "right_sw_ft": 16.3}, "geometry": {"type": "LineString", "coordinates": [[-73.84593985987736, 40.85128789801808], [-73.84593705807606, 40.851053177538]]}}, {"type": "Feature", "properties": {"segment_id": 800622, "physicalid": "56278", "street_name": "MORRIS PARK AVE", "borough": "bronx", "direction": "FT", "total_row_ft": 111.1, "roadbed_ft": 38.5, "median_ft": 11.7, "left_sw_ft": 9.8, "right_sw_ft": 51.1}, "geometry": {"type": "LineString", "coordinates": [[-73.84586756975072, 40.851288395530965], [-73.84586393064347, 40.850983501787226]]}}, {"type": "Feature", "properties": {"segment_id": 800623, "physicalid": "56278", "street_name": "MORRIS PARK AVE", "borough": "bronx", "direction": "FT", "total_row_ft": 102.9, "roadbed_ft": 38.7, "median_ft": 11.9, "left_sw_ft": 9.5, "right_sw_ft": 42.8}, "geometry": {"type": "LineString", "coordinates": [[-73.845795279623, 40.85128889299853], [-73.84579157668635, 40.85097862318698]]}}, {"type": "Feature", "properties": {"segment_id": 800624, "physicalid": "56278", "street_name": "MORRIS PARK AVE", "borough": "bronx", "direction": "FT", "total_row_ft": 109.1, "roadbed_ft": 65.8, "median_ft": 12.0, "left_sw_ft": 15.0, "right_sw_ft": 16.4}, "geometry": {"type": "LineString", "coordinates": [[-73.84572298949422, 40.85128939042081], [-73.84571927225895, 40.85097789415326]]}}, {"type": "Feature", "properties": {"segment_id": 800625, "physicalid": "56278", "street_name": "MORRIS PARK AVE", "borough": "bronx", "direction": "FT", "total_row_ft": 107.3, "roadbed_ft": 65.9, "median_ft": 12.1, "left_sw_ft": 15.0, "right_sw_ft": 14.3}, "geometry": {"type": "LineString", "coordinates": [[-73.84565069936433, 40.85128988779778], [-73.84564696872404, 40.85097723973883]]}}, {"type": "Feature", "properties": {"segment_id": 800626, "physicalid": "56278", "street_name": "MORRIS PARK AVE", "borough": "bronx", "direction": "FT", "total_row_ft": 107.8, "roadbed_ft": 66.2, "median_ft": 12.1, "left_sw_ft": 15.0, "right_sw_ft": 14.5}, "geometry": {"type": "LineString", "coordinates": [[-73.84557840923338, 40.85129038512947], [-73.84557447964696, 40.850961034215395]]}}, {"type": "Feature", "properties": {"segment_id": 800627, "physicalid": "56278", "street_name": "MORRIS PARK AVE", "borough": "bronx", "direction": "FT", "total_row_ft": 101.7, "roadbed_ft": 66.5, "median_ft": 12.1, "left_sw_ft": 15.0, "right_sw_ft": 8.1}, "geometry": {"type": "LineString", "coordinates": [[-73.84550611910134, 40.851290882415825], [-73.84550328055397, 40.851052953549235]]}}, {"type": "Feature", "properties": {"segment_id": 800628, "physicalid": "56278", "street_name": "MORRIS PARK AVE", "borough": "bronx", "direction": "FT", "total_row_ft": 101.9, "roadbed_ft": 66.8, "median_ft": 12.1, "left_sw_ft": 15.0, "right_sw_ft": 8.1}, "geometry": {"type": "LineString", "coordinates": [[-73.84543382896821, 40.8512913796569], [-73.84543098250805, 40.85105276579574]]}}, {"type": "Feature", "properties": {"segment_id": 800629, "physicalid": "56278", "street_name": "MORRIS PARK AVE", "borough": "bronx", "direction": "FT", "total_row_ft": 102.2, "roadbed_ft": 67.0, "median_ft": 12.1, "left_sw_ft": 15.0, "right_sw_ft": 8.1}, "geometry": {"type": "LineString", "coordinates": [[-73.84536153883401, 40.85129187685267], [-73.84535868446842, 40.85105257848783]]}}, {"type": "Feature", "properties": {"segment_id": 800630, "physicalid": "56278", "street_name": "MORRIS PARK AVE", "borough": "bronx", "direction": "FT", "total_row_ft": 135.0, "roadbed_ft": 67.3, "median_ft": 12.1, "left_sw_ft": 15.0, "right_sw_ft": 40.7}, "geometry": {"type": "LineString", "coordinates": [[-73.84528924869873, 40.85129237400315], [-73.84528532054398, 40.850963023079366]]}}, {"type": "Feature", "properties": {"segment_id": 800631, "physicalid": "56278", "street_name": "MORRIS PARK AVE", "borough": "bronx", "direction": "FT", "total_row_ft": 102.7, "roadbed_ft": 67.5, "median_ft": 12.1, "left_sw_ft": 15.0, "right_sw_ft": 8.1}, "geometry": {"type": "LineString", "coordinates": [[-73.84521695856237, 40.85129287110833], [-73.84521408890423, 40.85105224682604]]}}, {"type": "Feature", "properties": {"segment_id": 800632, "physicalid": "56278", "street_name": "MORRIS PARK AVE", "borough": "bronx", "direction": "FT", "total_row_ft": 102.4, "roadbed_ft": 67.7, "median_ft": 12.1, "left_sw_ft": 15.0, "right_sw_ft": 7.6}, "geometry": {"type": "LineString", "coordinates": [[-73.84514466842494, 40.8512933681682], [-73.84514180754537, 40.85105345812005]]}}, {"type": "Feature", "properties": {"segment_id": 800633, "physicalid": "56278", "street_name": "MORRIS PARK AVE", "borough": "bronx", "direction": "FT", "total_row_ft": 102.2, "roadbed_ft": 68.0, "median_ft": 12.0, "left_sw_ft": 15.0, "right_sw_ft": 7.1}, "geometry": {"type": "LineString", "coordinates": [[-73.84507237828642, 40.85129386518278], [-73.84506952618409, 40.85105466938566]]}}, {"type": "Feature", "properties": {"segment_id": 800634, "physicalid": "56278", "street_name": "MORRIS PARK AVE", "borough": "bronx", "direction": "FT", "total_row_ft": 86.9, "roadbed_ft": 58.6, "median_ft": 11.7, "left_sw_ft": 9.9, "right_sw_ft": 6.7}, "geometry": {"type": "LineString", "coordinates": [[-73.8450000881468, 40.85129436215205], [-73.84499724481933, 40.85105588053592]]}}, {"type": "Feature", "properties": {"segment_id": 800635, "physicalid": "56278", "street_name": "MORRIS PARK AVE", "borough": "bronx", "direction": "FT", "total_row_ft": 86.6, "roadbed_ft": 58.6, "median_ft": 11.5, "left_sw_ft": 10.4, "right_sw_ft": 6.2}, "geometry": {"type": "LineString", "coordinates": [[-73.84492779800613, 40.85129485907603], [-73.8449249634511, 40.85105709157076]]}}, {"type": "Feature", "properties": {"segment_id": 800636, "physicalid": "56278", "street_name": "MORRIS PARK AVE", "borough": "bronx", "direction": "FT", "total_row_ft": 86.4, "roadbed_ft": 62.9, "median_ft": 11.2, "left_sw_ft": 6.6, "right_sw_ft": 5.7}, "geometry": {"type": "LineString", "coordinates": [[-73.84485550786435, 40.85129535595472], [-73.84485268207627, 40.85105830222517]]}}, {"type": "Feature", "properties": {"segment_id": 800637, "physicalid": "56278", "street_name": "MORRIS PARK AVE", "borough": "bronx", "direction": "FT", "total_row_ft": 107.6, "roadbed_ft": 69.9, "median_ft": 11.0, "left_sw_ft": 15.0, "right_sw_ft": 11.7}, "geometry": {"type": "LineString", "coordinates": [[-73.84478321772151, 40.85129585278808], [-73.84478018924149, 40.851041772119835]]}}, {"type": "Feature", "properties": {"segment_id": 800638, "physicalid": "56278", "street_name": "MORRIS PARK AVE", "borough": "bronx", "direction": "FT", "total_row_ft": 108.3, "roadbed_ft": 70.4, "median_ft": 10.7, "left_sw_ft": 15.0, "right_sw_ft": 12.2}, "geometry": {"type": "LineString", "coordinates": [[-73.8447109275776, 40.851296349576174], [-73.84470787428725, 40.851040164027665]]}}, {"type": "Feature", "properties": {"segment_id": 800639, "physicalid": "56278", "street_name": "MORRIS PARK AVE", "borough": "bronx", "direction": "FT", "total_row_ft": 115.8, "roadbed_ft": 70.9, "median_ft": 10.5, "left_sw_ft": 15.0, "right_sw_ft": 19.4}, "geometry": {"type": "LineString", "coordinates": [[-73.8446386374326, 40.85129684631894], [-73.84463471249907, 40.85096749537326]]}}, {"type": "Feature", "properties": {"segment_id": 800640, "physicalid": "56278", "street_name": "MORRIS PARK AVE", "borough": "bronx", "direction": "FT", "total_row_ft": 118.3, "roadbed_ft": 73.5, "median_ft": 10.3, "left_sw_ft": 15.0, "right_sw_ft": 19.5}, "geometry": {"type": "LineString", "coordinates": [[-73.84456634728652, 40.85129734301641], [-73.84456296929778, 40.851013861913415]]}}, {"type": "Feature", "properties": {"segment_id": 800641, "physicalid": "56278", "street_name": "MORRIS PARK AVE", "borough": "bronx", "direction": "FT", "total_row_ft": 150.0, "roadbed_ft": 109.1, "median_ft": 10.9, "left_sw_ft": 15.0, "right_sw_ft": 15.0}, "geometry": {"type": "LineString", "coordinates": [[-73.84456416698409, 40.85129824609901], [-73.8444241607683, 40.85098651068729]]}}, {"type": "Feature", "properties": {"segment_id": 800642, "physicalid": "56278", "street_name": "MORRIS PARK AVE", "borough": "bronx", "direction": "FT", "total_row_ft": 136.4, "roadbed_ft": 110.0, "median_ft": 9.6, "left_sw_ft": 1.9, "right_sw_ft": 15.0}, "geometry": {"type": "LineString", "coordinates": [[-73.84449574331943, 40.85131596456616], [-73.844355737387, 40.85100422907238]]}}, {"type": "Feature", "properties": {"segment_id": 877095, "physicalid": "61388", "street_name": "FENTON AVE", "borough": "bronx", "direction": "TW", "total_row_ft": 135.0, "roadbed_ft": 113.9, "median_ft": 0.0, "left_sw_ft": 15.0, "right_sw_ft": 6.1}, "geometry": {"type": "LineString", "coordinates": [[-73.84475290093671, 40.85967606921059], [-73.84431917187038, 40.85966958049997]]}}, {"type": "Feature", "properties": {"segment_id": 877096, "physicalid": "61388", "street_name": "FENTON AVE", "borough": "bronx", "direction": "TW", "total_row_ft": 52.8, "roadbed_ft": 32.7, "median_ft": 0.0, "left_sw_ft": 10.1, "right_sw_ft": 10.1}, "geometry": {"type": "LineString", "coordinates": [[-73.84463360661567, 40.859729189339824], [-73.84444262202955, 40.85972633216179]]}}, {"type": "Feature", "properties": {"segment_id": 877097, "physicalid": "61388", "street_name": "FENTON AVE", "borough": "bronx", "direction": "TW", "total_row_ft": 52.6, "roadbed_ft": 32.6, "median_ft": 0.0, "left_sw_ft": 9.8, "right_sw_ft": 10.1}, "geometry": {"type": "LineString", "coordinates": [[-73.84463099893217, 40.85978405497354], [-73.84444097165222, 40.85978121211586]]}}, {"type": "Feature", "properties": {"segment_id": 877098, "physicalid": "61388", "street_name": "FENTON AVE", "borough": "bronx", "direction": "TW", "total_row_ft": 52.3, "roadbed_ft": 32.5, "median_ft": 0.0, "left_sw_ft": 9.6, "right_sw_ft": 10.2}, "geometry": {"type": "LineString", "coordinates": [[-73.84462839124437, 40.85983892060661], [-73.84443932127218, 40.85983609206941]]}}, {"type": "Feature", "properties": {"segment_id": 877099, "physicalid": "61388", "street_name": "FENTON AVE", "borough": "bronx", "direction": "TW", "total_row_ft": 52.0, "roadbed_ft": 32.5, "median_ft": 0.0, "left_sw_ft": 9.4, "right_sw_ft": 10.2}, "geometry": {"type": "LineString", "coordinates": [[-73.84462578355227, 40.85989378623911], [-73.84443767088939, 40.85989097202239]]}}, {"type": "Feature", "properties": {"segment_id": 877100, "physicalid": "61388", "street_name": "FENTON AVE", "borough": "bronx", "direction": "TW", "total_row_ft": 51.8, "roadbed_ft": 32.4, "median_ft": 0.0, "left_sw_ft": 9.2, "right_sw_ft": 10.2}, "geometry": {"type": "LineString", "coordinates": [[-73.84462317585587, 40.85994865187103], [-73.84443602045107, 40.85994585197402]]}}, {"type": "Feature", "properties": {"segment_id": 877117, "physicalid": "61389", "street_name": "FENTON AVE", "borough": "bronx", "direction": "TW", "total_row_ft": 135.0, "roadbed_ft": 82.4, "median_ft": 0.0, "left_sw_ft": 15.0, "right_sw_ft": 37.6}, "geometry": {"type": "LineString", "coordinates": [[-73.84480218491585, 40.858492230591416], [-73.84436860171242, 40.8584816872404]]}}, {"type": "Feature", "properties": {"segment_id": 877118, "physicalid": "61389", "street_name": "FENTON AVE", "borough": "bronx", "direction": "TW", "total_row_ft": 50.7, "roadbed_ft": 34.7, "median_ft": 0.0, "left_sw_ft": 7.9, "right_sw_ft": 8.1}, "geometry": {"type": "LineString", "coordinates": [[-73.84467157006024, 40.858543976775415], [-73.84448827170156, 40.85853951954301]]}}, {"type": "Feature", "properties": {"segment_id": 877119, "physicalid": "61389", "street_name": "FENTON AVE", "borough": "bronx", "direction": "TW", "total_row_ft": 51.0, "roadbed_ft": 34.6, "median_ft": 0.0, "left_sw_ft": 7.9, "right_sw_ft": 8.5}, "geometry": {"type": "LineString", "coordinates": [[-73.84466986116121, 40.85859885736721], [-73.84448548459518, 40.85859437391643]]}}, {"type": "Feature", "properties": {"segment_id": 877120, "physicalid": "61389", "street_name": "FENTON AVE", "borough": "bronx", "direction": "TW", "total_row_ft": 51.3, "roadbed_ft": 34.5, "median_ft": 0.0, "left_sw_ft": 8.0, "right_sw_ft": 8.9}, "geometry": {"type": "LineString", "coordinates": [[-73.84466815225936, 40.858653737958484], [-73.84448269748421, 40.85864922828918]]}}, {"type": "Feature", "properties": {"segment_id": 877121, "physicalid": "61389", "street_name": "FENTON AVE", "borough": "bronx", "direction": "TW", "total_row_ft": 51.6, "roadbed_ft": 34.4, "median_ft": 0.0, "left_sw_ft": 8.0, "right_sw_ft": 9.2}, "geometry": {"type": "LineString", "coordinates": [[-73.84466644349497, 40.858708618552605], [-73.84447991036863, 40.8587040826614]]}}, {"type": "Feature", "properties": {"segment_id": 877122, "physicalid": "61389", "street_name": "FENTON AVE", "borough": "bronx", "direction": "TW", "total_row_ft": 51.9, "roadbed_ft": 34.3, "median_ft": 0.0, "left_sw_ft": 8.0, "right_sw_ft": 9.6}, "geometry": {"type": "LineString", "coordinates": [[-73.84466473484719, 40.85876349914905], [-73.84447712324845, 40.858758937033016]]}}, {"type": "Feature", "properties": {"segment_id": 877123, "physicalid": "61389", "street_name": "FENTON AVE", "borough": "bronx", "direction": "TW", "total_row_ft": 52.2, "roadbed_ft": 34.2, "median_ft": 0.0, "left_sw_ft": 8.1, "right_sw_ft": 9.9}, "geometry": {"type": "LineString", "coordinates": [[-73.84466302619657, 40.858818379744946], [-73.8444744018554, 40.858813793002426]]}}, {"type": "Feature", "properties": {"segment_id": 877124, "physicalid": "61389", "street_name": "FENTON AVE", "borough": "bronx", "direction": "TW", "total_row_ft": 52.4, "roadbed_ft": 34.1, "median_ft": 0.0, "left_sw_ft": 8.1, "right_sw_ft": 10.2}, "geometry": {"type": "LineString", "coordinates": [[-73.84466131754314, 40.85887326034031], [-73.84447189597216, 40.85886865421209]]}}, {"type": "Feature", "properties": {"segment_id": 877125, "physicalid": "61389", "street_name": "FENTON AVE", "borough": "bronx", "direction": "TW", "total_row_ft": 52.6, "roadbed_ft": 34.1, "median_ft": 0.0, "left_sw_ft": 8.2, "right_sw_ft": 10.4}, "geometry": {"type": "LineString", "coordinates": [[-73.84465960888689, 40.85892814093509], [-73.8444693900848, 40.85892351542113]]}}, {"type": "Feature", "properties": {"segment_id": 877126, "physicalid": "61389", "street_name": "FENTON AVE", "borough": "bronx", "direction": "TW", "total_row_ft": 52.9, "roadbed_ft": 34.1, "median_ft": 0.0, "left_sw_ft": 8.2, "right_sw_ft": 10.6}, "geometry": {"type": "LineString", "coordinates": [[-73.84465792692507, 40.85898302217849], [-73.84446688419331, 40.85897837662961]]}}, {"type": "Feature", "properties": {"segment_id": 877127, "physicalid": "61389", "street_name": "FENTON AVE", "borough": "bronx", "direction": "TW", "total_row_ft": 53.1, "roadbed_ft": 34.0, "median_ft": 0.0, "left_sw_ft": 8.2, "right_sw_ft": 10.8}, "geometry": {"type": "LineString", "coordinates": [[-73.84465627015196, 40.85903790403388], [-73.84446437829955, 40.85903323783755]]}}, {"type": "Feature", "properties": {"segment_id": 877128, "physicalid": "61389", "street_name": "FENTON AVE", "borough": "bronx", "direction": "TW", "total_row_ft": 53.3, "roadbed_ft": 34.0, "median_ft": 0.0, "left_sw_ft": 8.3, "right_sw_ft": 11.1}, "geometry": {"type": "LineString", "coordinates": [[-73.84465461337611, 40.85909278588874], [-73.84446187240654, 40.859088099044996]]}}, {"type": "Feature", "properties": {"segment_id": 877129, "physicalid": "61389", "street_name": "FENTON AVE", "borough": "bronx", "direction": "TW", "total_row_ft": 53.6, "roadbed_ft": 34.0, "median_ft": 0.0, "left_sw_ft": 8.2, "right_sw_ft": 11.3}, "geometry": {"type": "LineString", "coordinates": [[-73.84465295659751, 40.859147667743045], [-73.84445936668214, 40.85914296025608]]}}, {"type": "Feature", "properties": {"segment_id": 877130, "physicalid": "61389", "street_name": "FENTON AVE", "borough": "bronx", "direction": "TW", "total_row_ft": 53.6, "roadbed_ft": 34.0, "median_ft": 0.0, "left_sw_ft": 8.2, "right_sw_ft": 11.4}, "geometry": {"type": "LineString", "coordinates": [[-73.84465129981619, 40.859202549596766], [-73.84445750793267, 40.85919783719959]]}}, {"type": "Feature", "properties": {"segment_id": 877131, "physicalid": "61389", "street_name": "FENTON AVE", "borough": "bronx", "direction": "TW", "total_row_ft": 53.6, "roadbed_ft": 34.0, "median_ft": 0.0, "left_sw_ft": 8.2, "right_sw_ft": 11.4}, "geometry": {"type": "LineString", "coordinates": [[-73.84464964303213, 40.85925743144995], [-73.8444558939498, 40.85925272009471]]}}, {"type": "Feature", "properties": {"segment_id": 877132, "physicalid": "61389", "street_name": "FENTON AVE", "borough": "bronx", "direction": "TW", "total_row_ft": 53.6, "roadbed_ft": 34.0, "median_ft": 0.0, "left_sw_ft": 8.1, "right_sw_ft": 11.5}, "geometry": {"type": "LineString", "coordinates": [[-73.84464798624535, 40.85931231330256], [-73.84445427996425, 40.85930760298932]]}}, {"type": "Feature", "properties": {"segment_id": 877133, "physicalid": "61389", "street_name": "FENTON AVE", "borough": "bronx", "direction": "TW", "total_row_ft": 53.6, "roadbed_ft": 34.0, "median_ft": 0.0, "left_sw_ft": 8.1, "right_sw_ft": 11.5}, "geometry": {"type": "LineString", "coordinates": [[-73.84464632945581, 40.85936719515464], [-73.84445266597605, 40.85936248588335]]}}, {"type": "Feature", "properties": {"segment_id": 877134, "physicalid": "61389", "street_name": "FENTON AVE", "borough": "bronx", "direction": "TW", "total_row_ft": 53.6, "roadbed_ft": 34.0, "median_ft": 0.0, "left_sw_ft": 8.1, "right_sw_ft": 11.5}, "geometry": {"type": "LineString", "coordinates": [[-73.8446446724319, 40.85942207700051], [-73.84445105198517, 40.85941736877683]]}}, {"type": "Feature", "properties": {"segment_id": 877135, "physicalid": "61389", "street_name": "FENTON AVE", "borough": "bronx", "direction": "TW", "total_row_ft": 53.6, "roadbed_ft": 34.0, "median_ft": 0.0, "left_sw_ft": 8.0, "right_sw_ft": 11.5}, "geometry": {"type": "LineString", "coordinates": [[-73.844643015384, 40.859476958845306], [-73.84444943799164, 40.85947225166977]]}}, {"type": "Feature", "properties": {"segment_id": 877136, "physicalid": "61389", "street_name": "FENTON AVE", "borough": "bronx", "direction": "TW", "total_row_ft": 69.6, "roadbed_ft": 34.1, "median_ft": 0.0, "left_sw_ft": 8.0, "right_sw_ft": 27.5}, "geometry": {"type": "LineString", "coordinates": [[-73.84464135833336, 40.85953184068957], [-73.84432462322482, 40.8595241385495]]}}, {"type": "Feature", "properties": {"segment_id": 877137, "physicalid": "61389", "street_name": "FENTON AVE", "borough": "bronx", "direction": "TW", "total_row_ft": 150.0, "roadbed_ft": 120.0, "median_ft": 0.0, "left_sw_ft": 15.0, "right_sw_ft": 15.0}, "geometry": {"type": "LineString", "coordinates": [[-73.84475589887934, 40.859589547925054], [-73.84432230852939, 40.85957900440209]]}}, {"type": "Feature", "properties": {"segment_id": 878259, "physicalid": "61457", "street_name": "BX STATE HOSPITAL ENTRANCE", "borough": "bronx", "direction": "TW", "total_row_ft": 49.8, "roadbed_ft": 19.8, "median_ft": 0.0, "left_sw_ft": 15.0, "right_sw_ft": 15.0}, "geometry": {"type": "LineString", "coordinates": [[-73.84080910171527, 40.850075768908475], [-73.84038742823587, 40.84999858869521]]}}, {"type": "Feature", "properties": {"segment_id": 878260, "physicalid": "61457", "street_name": "BX STATE HOSPITAL ENTRANCE", "borough": "bronx", "direction": "TW", "total_row_ft": 49.5, "roadbed_ft": 19.5, "median_ft": 0.0, "left_sw_ft": 15.0, "right_sw_ft": 15.0}, "geometry": {"type": "LineString", "coordinates": [[-73.84078763363807, 40.850135537632426], [-73.84037070982026, 40.850044688479755]]}}, {"type": "Feature", "properties": {"segment_id": 878261, "physicalid": "61457", "street_name": "BX STATE HOSPITAL ENTRANCE", "borough": "bronx", "direction": "TW", "total_row_ft": 49.8, "roadbed_ft": 19.8, "median_ft": 0.0, "left_sw_ft": 15.0, "right_sw_ft": 15.0}, "geometry": {"type": "LineString", "coordinates": [[-73.8407676934088, 40.8501883021845], [-73.8403507692875, 40.850097452960576]]}}, {"type": "Feature", "properties": {"segment_id": 878262, "physicalid": "61457", "street_name": "BX STATE HOSPITAL ENTRANCE", "borough": "bronx", "direction": "TW", "total_row_ft": 50.0, "roadbed_ft": 20.0, "median_ft": 0.0, "left_sw_ft": 15.0, "right_sw_ft": 15.0}, "geometry": {"type": "LineString", "coordinates": [[-73.8407477531479, 40.850241066732615], [-73.8403308287231, 40.85015021743749]]}}, {"type": "Feature", "properties": {"segment_id": 878263, "physicalid": "61457", "street_name": "BX STATE HOSPITAL ENTRANCE", "borough": "bronx", "direction": "TW", "total_row_ft": 50.4, "roadbed_ft": 20.4, "median_ft": 0.0, "left_sw_ft": 15.0, "right_sw_ft": 15.0}, "geometry": {"type": "LineString", "coordinates": [[-73.84072781285535, 40.85029383127685], [-73.84031088812709, 40.85020298191041]]}}, {"type": "Feature", "properties": {"segment_id": 878264, "physicalid": "61457", "street_name": "BX STATE HOSPITAL ENTRANCE", "borough": "bronx", "direction": "TW", "total_row_ft": 50.9, "roadbed_ft": 20.9, "median_ft": 0.0, "left_sw_ft": 15.0, "right_sw_ft": 15.0}, "geometry": {"type": "LineString", "coordinates": [[-73.84070787253118, 40.85034659581711], [-73.84029094749941, 40.850255746379446]]}}, {"type": "Feature", "properties": {"segment_id": 878265, "physicalid": "61457", "street_name": "BX STATE HOSPITAL ENTRANCE", "borough": "bronx", "direction": "TW", "total_row_ft": 50.9, "roadbed_ft": 20.9, "median_ft": 0.0, "left_sw_ft": 15.0, "right_sw_ft": 15.0}, "geometry": {"type": "LineString", "coordinates": [[-73.84068793217537, 40.850399360353464], [-73.8402710068401, 40.85030851084455]]}}, {"type": "Feature", "properties": {"segment_id": 878266, "physicalid": "61457", "street_name": "BX STATE HOSPITAL ENTRANCE", "borough": "bronx", "direction": "TW", "total_row_ft": 51.4, "roadbed_ft": 21.4, "median_ft": 0.0, "left_sw_ft": 15.0, "right_sw_ft": 15.0}, "geometry": {"type": "LineString", "coordinates": [[-73.84066321742837, 40.85045840160657], [-73.84025181060117, 40.85035404891021]]}}, {"type": "Feature", "properties": {"segment_id": 878267, "physicalid": "61457", "street_name": "BX STATE HOSPITAL ENTRANCE", "borough": "bronx", "direction": "TW", "total_row_ft": 51.5, "roadbed_ft": 21.5, "median_ft": 0.0, "left_sw_ft": 15.0, "right_sw_ft": 15.0}, "geometry": {"type": "LineString", "coordinates": [[-73.84064031320254, 40.850510467700204], [-73.84022890608924, 40.85040611492311]]}}, {"type": "Feature", "properties": {"segment_id": 878268, "physicalid": "61457", "street_name": "BX STATE HOSPITAL ENTRANCE", "borough": "bronx", "direction": "TW", "total_row_ft": 51.5, "roadbed_ft": 21.5, "median_ft": 0.0, "left_sw_ft": 15.0, "right_sw_ft": 15.0}, "geometry": {"type": "LineString", "coordinates": [[-73.84061740894084, 40.85056253378882], [-73.84020600154145, 40.850458180930985]]}}, {"type": "Feature", "properties": {"segment_id": 878269, "physicalid": "61457", "street_name": "BX STATE HOSPITAL ENTRANCE", "borough": "bronx", "direction": "TW", "total_row_ft": 51.8, "roadbed_ft": 21.8, "median_ft": 0.0, "left_sw_ft": 15.0, "right_sw_ft": 15.0}, "geometry": {"type": "LineString", "coordinates": [[-73.8405945046433, 40.85061459987241], [-73.8401830969578, 40.850510246933844]]}}, {"type": "Feature", "properties": {"segment_id": 878270, "physicalid": "61457", "street_name": "BX STATE HOSPITAL ENTRANCE", "borough": "bronx", "direction": "TW", "total_row_ft": 51.7, "roadbed_ft": 21.7, "median_ft": 0.0, "left_sw_ft": 15.0, "right_sw_ft": 15.0}, "geometry": {"type": "LineString", "coordinates": [[-73.8405716003099, 40.85066666595095], [-73.84016019233827, 40.85056231293169]]}}, {"type": "Feature", "properties": {"segment_id": 878271, "physicalid": "61457", "street_name": "BX STATE HOSPITAL ENTRANCE", "borough": "bronx", "direction": "TW", "total_row_ft": 51.9, "roadbed_ft": 21.9, "median_ft": 0.0, "left_sw_ft": 15.0, "right_sw_ft": 15.0}, "geometry": {"type": "LineString", "coordinates": [[-73.84054869594064, 40.850718732024525], [-73.84013728768294, 40.85061437892448]]}}, {"type": "Feature", "properties": {"segment_id": 878272, "physicalid": "61457", "street_name": "BX STATE HOSPITAL ENTRANCE", "borough": "bronx", "direction": "TW", "total_row_ft": 51.8, "roadbed_ft": 21.8, "median_ft": 0.0, "left_sw_ft": 15.0, "right_sw_ft": 15.0}, "geometry": {"type": "LineString", "coordinates": [[-73.84052077831842, 40.85077694252796], [-73.840115645635, 40.85065928070941]]}}, {"type": "Feature", "properties": {"segment_id": 878273, "physicalid": "61457", "street_name": "BX STATE HOSPITAL ENTRANCE", "borough": "bronx", "direction": "TW", "total_row_ft": 51.7, "roadbed_ft": 21.7, "median_ft": 0.0, "left_sw_ft": 15.0, "right_sw_ft": 15.0}, "geometry": {"type": "LineString", "coordinates": [[-73.84049495274199, 40.850828214350855], [-73.84008981979193, 40.85071055244271]]}}, {"type": "Feature", "properties": {"segment_id": 878274, "physicalid": "61457", "street_name": "BX STATE HOSPITAL ENTRANCE", "borough": "bronx", "direction": "TW", "total_row_ft": 51.3, "roadbed_ft": 21.3, "median_ft": 0.0, "left_sw_ft": 15.0, "right_sw_ft": 15.0}, "geometry": {"type": "LineString", "coordinates": [[-73.84046912712573, 40.850879486167564], [-73.8400639939091, 40.85076182416973]]}}, {"type": "Feature", "properties": {"segment_id": 878275, "physicalid": "61457", "street_name": "BX STATE HOSPITAL ENTRANCE", "borough": "bronx", "direction": "TW", "total_row_ft": 50.8, "roadbed_ft": 20.8, "median_ft": 0.0, "left_sw_ft": 15.0, "right_sw_ft": 15.0}, "geometry": {"type": "LineString", "coordinates": [[-73.84044330146965, 40.85093075797802], [-73.84003816798642, 40.85081309589053]]}}, {"type": "Feature", "properties": {"segment_id": 878276, "physicalid": "61457", "street_name": "BX STATE HOSPITAL ENTRANCE", "borough": "bronx", "direction": "TW", "total_row_ft": 50.9, "roadbed_ft": 20.9, "median_ft": 0.0, "left_sw_ft": 15.0, "right_sw_ft": 15.0}, "geometry": {"type": "LineString", "coordinates": [[-73.84041747577378, 40.85098202978223], [-73.84001234202394, 40.85086436760509]]}}, {"type": "Feature", "properties": {"segment_id": 878349, "physicalid": "61464", "street_name": "MARCONI ST", "borough": "bronx", "direction": "TW", "total_row_ft": 111.4, "roadbed_ft": 81.4, "median_ft": 0.0, "left_sw_ft": 15.0, "right_sw_ft": 15.0}, "geometry": {"type": "LineString", "coordinates": [[-73.84038983651423, 40.85235034851901], [-73.84003234722522, 40.85216380805676]]}}, {"type": "Feature", "properties": {"segment_id": 878350, "physicalid": "61464", "street_name": "MARCONI ST", "borough": "bronx", "direction": "TW", "total_row_ft": 69.0, "roadbed_ft": 47.6, "median_ft": 0.0, "left_sw_ft": 15.0, "right_sw_ft": 6.4}, "geometry": {"type": "LineString", "coordinates": [[-73.84034889167192, 40.85239558976157], [-73.84007565189036, 40.85225301144346]]}}, {"type": "Feature", "properties": {"segment_id": 878351, "physicalid": "61464", "street_name": "MARCONI ST", "borough": "bronx", "direction": "TW", "total_row_ft": 68.0, "roadbed_ft": 47.8, "median_ft": 0.0, "left_sw_ft": 15.0, "right_sw_ft": 5.1}, "geometry": {"type": "LineString", "coordinates": [[-73.84030794677393, 40.852440830989266], [-73.84003980309188, 40.85230091181716]]}}, {"type": "Feature", "properties": {"segment_id": 878352, "physicalid": "61464", "street_name": "MARCONI ST", "borough": "bronx", "direction": "TW", "total_row_ft": 68.1, "roadbed_ft": 48.0, "median_ft": 0.0, "left_sw_ft": 15.0, "right_sw_ft": 5.1}, "geometry": {"type": "LineString", "coordinates": [[-73.84026700182024, 40.852486072202076], [-73.8400003483871, 40.85234693061158]]}}, {"type": "Feature", "properties": {"segment_id": 878353, "physicalid": "61464", "street_name": "MARCONI ST", "borough": "bronx", "direction": "TW", "total_row_ft": 68.2, "roadbed_ft": 48.0, "median_ft": 0.0, "left_sw_ft": 15.0, "right_sw_ft": 5.2}, "geometry": {"type": "LineString", "coordinates": [[-73.84022605681083, 40.85253131339995], [-73.83996089362773, 40.85239294939217]]}}, {"type": "Feature", "properties": {"segment_id": 878354, "physicalid": "61464", "street_name": "MARCONI ST", "borough": "bronx", "direction": "TW", "total_row_ft": 68.3, "roadbed_ft": 48.1, "median_ft": 0.0, "left_sw_ft": 15.0, "right_sw_ft": 5.2}, "geometry": {"type": "LineString", "coordinates": [[-73.84018511174573, 40.85257655458296], [-73.83992143881378, 40.852438968158864]]}}, {"type": "Feature", "properties": {"segment_id": 878355, "physicalid": "61464", "street_name": "MARCONI ST", "borough": "bronx", "direction": "TW", "total_row_ft": 68.5, "roadbed_ft": 48.2, "median_ft": 0.0, "left_sw_ft": 15.0, "right_sw_ft": 5.3}, "geometry": {"type": "LineString", "coordinates": [[-73.84014416662492, 40.85262179575109], [-73.83988198394522, 40.85248498691174]]}}, {"type": "Feature", "properties": {"segment_id": 878468, "physicalid": "61465", "street_name": "BX STATE HOSPITAL ENTRANCE", "borough": "bronx", "direction": "TW", "total_row_ft": 99.9, "roadbed_ft": 61.7, "median_ft": 8.3, "left_sw_ft": 15.0, "right_sw_ft": 15.0}, "geometry": {"type": "LineString", "coordinates": [[-73.84009936066403, 40.85201951037111], [-73.83999384497159, 40.852338981352645]]}}, {"type": "Feature", "properties": {"segment_id": 878469, "physicalid": "61465", "street_name": "BX STATE HOSPITAL ENTRANCE", "borough": "bronx", "direction": "TW", "total_row_ft": 108.4, "roadbed_ft": 68.0, "median_ft": 7.7, "left_sw_ft": 15.0, "right_sw_ft": 17.7}, "geometry": {"type": "LineString", "coordinates": [[-73.84018262627883, 40.852035923779994], [-73.84007995907902, 40.85228004285285]]}}, {"type": "Feature", "properties": {"segment_id": 878470, "physicalid": "61465", "street_name": "BX STATE HOSPITAL ENTRANCE", "borough": "bronx", "direction": "TW", "total_row_ft": 144.8, "roadbed_ft": 114.8, "median_ft": 0.0, "left_sw_ft": 15.0, "right_sw_ft": 15.0}, "geometry": {"type": "LineString", "coordinates": [[-73.84025149396128, 40.85205262278084], [-73.84011954083326, 40.85236637750384]]}}, {"type": "Feature", "properties": {"segment_id": 893327, "physicalid": "62467", "street_name": "STILLWELL AVE", "borough": "bronx", "direction": "TW", "total_row_ft": 76.5, "roadbed_ft": 53.2, "median_ft": 0.0, "left_sw_ft": 11.7, "right_sw_ft": 11.6}, "geometry": {"type": "LineString", "coordinates": [[-73.84048955850182, 40.85574875419976], [-73.84034204303018, 40.85557106809968]]}}, {"type": "Feature", "properties": {"segment_id": 893328, "physicalid": "62467", "street_name": "STILLWELL AVE", "borough": "bronx", "direction": "TW", "total_row_ft": 75.5, "roadbed_ft": 52.0, "median_ft": 0.0, "left_sw_ft": 11.4, "right_sw_ft": 12.1}, "geometry": {"type": "LineString", "coordinates": [[-73.84042855627004, 40.85577821769939], [-73.84028301314986, 40.85560290716182]]}}, {"type": "Feature", "properties": {"segment_id": 893329, "physicalid": "62467", "street_name": "STILLWELL AVE", "borough": "bronx", "direction": "TW", "total_row_ft": 74.5, "roadbed_ft": 51.4, "median_ft": 0.0, "left_sw_ft": 11.1, "right_sw_ft": 11.9}, "geometry": {"type": "LineString", "coordinates": [[-73.84036755398421, 40.85580768116662], [-73.84022398320343, 40.85563474618199]]}}, {"type": "Feature", "properties": {"segment_id": 893330, "physicalid": "62467", "street_name": "STILLWELL AVE", "borough": "bronx", "direction": "TW", "total_row_ft": 73.5, "roadbed_ft": 50.8, "median_ft": 0.0, "left_sw_ft": 10.9, "right_sw_ft": 11.7}, "geometry": {"type": "LineString", "coordinates": [[-73.84030655164432, 40.85583714460145], [-73.84016495311059, 40.855666585063496]]}}, {"type": "Feature", "properties": {"segment_id": 893331, "physicalid": "62467", "street_name": "STILLWELL AVE", "borough": "bronx", "direction": "TW", "total_row_ft": 72.4, "roadbed_ft": 50.4, "median_ft": 0.0, "left_sw_ft": 10.6, "right_sw_ft": 11.5}, "geometry": {"type": "LineString", "coordinates": [[-73.84024554920637, 40.85586660795082], [-73.84010592296373, 40.85569842391763]]}}, {"type": "Feature", "properties": {"segment_id": 893332, "physicalid": "62467", "street_name": "STILLWELL AVE", "borough": "bronx", "direction": "TW", "total_row_ft": 71.4, "roadbed_ft": 50.4, "median_ft": 0.0, "left_sw_ft": 10.3, "right_sw_ft": 10.7}, "geometry": {"type": "LineString", "coordinates": [[-73.84018454667375, 40.85589607121884], [-73.8400468926081, 40.855730262557984]]}}, {"type": "Feature", "properties": {"segment_id": 893333, "physicalid": "62467", "street_name": "STILLWELL AVE", "borough": "bronx", "direction": "TW", "total_row_ft": 71.1, "roadbed_ft": 50.4, "median_ft": 0.0, "left_sw_ft": 10.1, "right_sw_ft": 10.7}, "geometry": {"type": "LineString", "coordinates": [[-73.84012354405137, 40.85592553441144], [-73.839986399077, 40.85576033878793]]}}, {"type": "Feature", "properties": {"segment_id": 893348, "physicalid": "62468", "street_name": "STILLWELL AVE", "borough": "bronx", "direction": "TW", "total_row_ft": 115.2, "roadbed_ft": 88.2, "median_ft": 0.0, "left_sw_ft": 12.0, "right_sw_ft": 15.0}, "geometry": {"type": "LineString", "coordinates": [[-73.84144363268724, 40.85513718341259], [-73.84120721784511, 40.854928667179315]]}}, {"type": "Feature", "properties": {"segment_id": 893349, "physicalid": "62468", "street_name": "STILLWELL AVE", "borough": "bronx", "direction": "TW", "total_row_ft": 88.6, "roadbed_ft": 56.2, "median_ft": 0.0, "left_sw_ft": 12.2, "right_sw_ft": 20.3}, "geometry": {"type": "LineString", "coordinates": [[-73.84139009046672, 40.85517409883911], [-73.84115242683191, 40.85496448103326]]}}, {"type": "Feature", "properties": {"segment_id": 893350, "physicalid": "62468", "street_name": "STILLWELL AVE", "borough": "bronx", "direction": "TW", "total_row_ft": 78.1, "roadbed_ft": 56.4, "median_ft": 0.0, "left_sw_ft": 11.8, "right_sw_ft": 9.9}, "geometry": {"type": "LineString", "coordinates": [[-73.84133653473619, 40.85521100237728], [-73.84115234997348, 40.85504855264347]]}}, {"type": "Feature", "properties": {"segment_id": 893351, "physicalid": "62468", "street_name": "STILLWELL AVE", "borough": "bronx", "direction": "TW", "total_row_ft": 77.9, "roadbed_ft": 56.7, "median_ft": 0.0, "left_sw_ft": 11.4, "right_sw_ft": 9.8}, "geometry": {"type": "LineString", "coordinates": [[-73.84128297894623, 40.85524790589032], [-73.84109937322953, 40.8550859667636]]}}, {"type": "Feature", "properties": {"segment_id": 893352, "physicalid": "62468", "street_name": "STILLWELL AVE", "borough": "bronx", "direction": "TW", "total_row_ft": 77.6, "roadbed_ft": 57.0, "median_ft": 0.0, "left_sw_ft": 11.0, "right_sw_ft": 9.7}, "geometry": {"type": "LineString", "coordinates": [[-73.84122942309683, 40.8552848093783], [-73.84104639642595, 40.855123380859176]]}}, {"type": "Feature", "properties": {"segment_id": 893353, "physicalid": "62468", "street_name": "STILLWELL AVE", "borough": "bronx", "direction": "TW", "total_row_ft": 77.4, "roadbed_ft": 56.4, "median_ft": 0.0, "left_sw_ft": 11.4, "right_sw_ft": 9.6}, "geometry": {"type": "LineString", "coordinates": [[-73.84117586718801, 40.85532171284115], [-73.84099341956278, 40.85516079493017]]}}, {"type": "Feature", "properties": {"segment_id": 893354, "physicalid": "62468", "street_name": "STILLWELL AVE", "borough": "bronx", "direction": "TW", "total_row_ft": 77.1, "roadbed_ft": 55.7, "median_ft": 0.0, "left_sw_ft": 11.9, "right_sw_ft": 9.4}, "geometry": {"type": "LineString", "coordinates": [[-73.84112231121975, 40.85535861627891], [-73.84094044264, 40.855198208976596]]}}, {"type": "Feature", "properties": {"segment_id": 893355, "physicalid": "62468", "street_name": "STILLWELL AVE", "borough": "bronx", "direction": "TW", "total_row_ft": 76.3, "roadbed_ft": 55.1, "median_ft": 0.0, "left_sw_ft": 12.0, "right_sw_ft": 9.3}, "geometry": {"type": "LineString", "coordinates": [[-73.84106749457173, 40.85539440783279], [-73.84088746565764, 40.85523562299842]]}}, {"type": "Feature", "properties": {"segment_id": 893356, "physicalid": "62468", "street_name": "STILLWELL AVE", "borough": "bronx", "direction": "TW", "total_row_ft": 75.5, "roadbed_ft": 54.4, "median_ft": 0.0, "left_sw_ft": 11.9, "right_sw_ft": 9.2}, "geometry": {"type": "LineString", "coordinates": [[-73.8410124323914, 40.85542998285439], [-73.84083448861567, 40.855273036995726]]}}, {"type": "Feature", "properties": {"segment_id": 893357, "physicalid": "62468", "street_name": "STILLWELL AVE", "borough": "bronx", "direction": "TW", "total_row_ft": 75.0, "roadbed_ft": 53.7, "median_ft": 0.0, "left_sw_ft": 11.8, "right_sw_ft": 9.5}, "geometry": {"type": "LineString", "coordinates": [[-73.84095737015215, 40.85546555784948], [-73.84078050193786, 40.85530956052183]]}}, {"type": "Feature", "properties": {"segment_id": 893358, "physicalid": "62468", "street_name": "STILLWELL AVE", "borough": "bronx", "direction": "TW", "total_row_ft": 75.4, "roadbed_ft": 53.4, "median_ft": 0.0, "left_sw_ft": 11.7, "right_sw_ft": 10.3}, "geometry": {"type": "LineString", "coordinates": [[-73.84090230785404, 40.85550113281807], [-73.8407243932637, 40.85534421247182]]}}, {"type": "Feature", "properties": {"segment_id": 893359, "physicalid": "62468", "street_name": "STILLWELL AVE", "borough": "bronx", "direction": "TW", "total_row_ft": 75.9, "roadbed_ft": 53.6, "median_ft": 0.0, "left_sw_ft": 11.6, "right_sw_ft": 10.7}, "geometry": {"type": "LineString", "coordinates": [[-73.84084724549697, 40.855536707760194], [-73.84066828461657, 40.85537886446967]]}}, {"type": "Feature", "properties": {"segment_id": 893360, "physicalid": "62468", "street_name": "STILLWELL AVE", "borough": "bronx", "direction": "TW", "total_row_ft": 76.3, "roadbed_ft": 53.8, "median_ft": 0.0, "left_sw_ft": 11.5, "right_sw_ft": 11.0}, "geometry": {"type": "LineString", "coordinates": [[-73.84079218308104, 40.85557228267579], [-73.84061217591098, 40.855413516440066]]}}, {"type": "Feature", "properties": {"segment_id": 893361, "physicalid": "62468", "street_name": "STILLWELL AVE", "borough": "bronx", "direction": "TW", "total_row_ft": 90.9, "roadbed_ft": 54.4, "median_ft": 0.0, "left_sw_ft": 25.6, "right_sw_ft": 11.0}, "geometry": {"type": "LineString", "coordinates": [[-73.84077053717637, 40.85563733087009], [-73.84055606714692, 40.85544816838293]]}}, {"type": "Feature", "properties": {"segment_id": 893362, "physicalid": "62468", "street_name": "STILLWELL AVE", "borough": "bronx", "direction": "TW", "total_row_ft": 109.6, "roadbed_ft": 83.9, "median_ft": 0.0, "left_sw_ft": 15.0, "right_sw_ft": 10.7}, "geometry": {"type": "LineString", "coordinates": [[-73.84072314608096, 40.85567967193753], [-73.8404999583753, 40.85548282034322]]}}, {"type": "Feature", "properties": {"segment_id": 893363, "physicalid": "62468", "street_name": "STILLWELL AVE", "borough": "bronx", "direction": "TW", "total_row_ft": 110.6, "roadbed_ft": 84.8, "median_ft": 0.0, "left_sw_ft": 15.0, "right_sw_ft": 10.8}, "geometry": {"type": "LineString", "coordinates": [[-73.84066835418841, 40.85571548555684], [-73.84044292386174, 40.85551665581901]]}}, {"type": "Feature", "properties": {"segment_id": 893364, "physicalid": "62469", "street_name": "STILLWELL AVE", "borough": "bronx", "direction": "TW", "total_row_ft": 79.2, "roadbed_ft": 54.5, "median_ft": 0.0, "left_sw_ft": 11.0, "right_sw_ft": 13.7}, "geometry": {"type": "LineString", "coordinates": [[-73.84212553174333, 40.85453842915738], [-73.84190814117497, 40.854397184352024]]}}, {"type": "Feature", "properties": {"segment_id": 893365, "physicalid": "62469", "street_name": "STILLWELL AVE", "borough": "bronx", "direction": "TW", "total_row_ft": 78.4, "roadbed_ft": 54.6, "median_ft": 0.0, "left_sw_ft": 10.4, "right_sw_ft": 13.3}, "geometry": {"type": "LineString", "coordinates": [[-73.84207863030748, 40.85458020439373], [-73.84186343931854, 40.85444038865973]]}}, {"type": "Feature", "properties": {"segment_id": 893366, "physicalid": "62469", "street_name": "STILLWELL AVE", "borough": "bronx", "direction": "TW", "total_row_ft": 77.9, "roadbed_ft": 54.7, "median_ft": 0.0, "left_sw_ft": 10.3, "right_sw_ft": 12.8}, "geometry": {"type": "LineString", "coordinates": [[-73.84203287052198, 40.85462272140949], [-73.84181898420029, 40.854483753301]]}}, {"type": "Feature", "properties": {"segment_id": 893367, "physicalid": "62469", "street_name": "STILLWELL AVE", "borough": "bronx", "direction": "TW", "total_row_ft": 77.7, "roadbed_ft": 54.5, "median_ft": 0.0, "left_sw_ft": 10.3, "right_sw_ft": 12.9}, "geometry": {"type": "LineString", "coordinates": [[-73.84198711067795, 40.85466523840679], [-73.8417738092994, 40.85452665029708]]}}, {"type": "Feature", "properties": {"segment_id": 893368, "physicalid": "62469", "street_name": "STILLWELL AVE", "borough": "bronx", "direction": "TW", "total_row_ft": 77.6, "roadbed_ft": 54.6, "median_ft": 0.0, "left_sw_ft": 10.5, "right_sw_ft": 12.5}, "geometry": {"type": "LineString", "coordinates": [[-73.84194135077543, 40.8547077553856], [-73.84172815295041, 40.854569234501014]]}}, {"type": "Feature", "properties": {"segment_id": 893369, "physicalid": "62469", "street_name": "STILLWELL AVE", "borough": "bronx", "direction": "TW", "total_row_ft": 76.7, "roadbed_ft": 54.6, "median_ft": 0.0, "left_sw_ft": 10.2, "right_sw_ft": 11.9}, "geometry": {"type": "LineString", "coordinates": [[-73.84189314955337, 40.85474868619187], [-73.84168249658936, 40.854611818716656]]}}, {"type": "Feature", "properties": {"segment_id": 893370, "physicalid": "62469", "street_name": "STILLWELL AVE", "borough": "bronx", "direction": "TW", "total_row_ft": 76.3, "roadbed_ft": 54.7, "median_ft": 0.0, "left_sw_ft": 9.7, "right_sw_ft": 12.0}, "geometry": {"type": "LineString", "coordinates": [[-73.84184442422422, 40.85478927648934], [-73.8416347292174, 40.854653031360186]]}}, {"type": "Feature", "properties": {"segment_id": 893371, "physicalid": "62469", "street_name": "STILLWELL AVE", "borough": "bronx", "direction": "TW", "total_row_ft": 76.5, "roadbed_ft": 54.7, "median_ft": 0.0, "left_sw_ft": 9.1, "right_sw_ft": 12.6}, "geometry": {"type": "LineString", "coordinates": [[-73.84179569883558, 40.854829866765954], [-73.84158570585755, 40.85469342796589]]}}, {"type": "Feature", "properties": {"segment_id": 893372, "physicalid": "62469", "street_name": "STILLWELL AVE", "borough": "bronx", "direction": "TW", "total_row_ft": 76.6, "roadbed_ft": 54.3, "median_ft": 0.0, "left_sw_ft": 9.2, "right_sw_ft": 13.2}, "geometry": {"type": "LineString", "coordinates": [[-73.84174697338749, 40.85487045702168], [-73.84153668235426, 40.85473382449598]]}}, {"type": "Feature", "properties": {"segment_id": 893373, "physicalid": "62469", "street_name": "STILLWELL AVE", "borough": "bronx", "direction": "TW", "total_row_ft": 76.5, "roadbed_ft": 53.7, "median_ft": 0.0, "left_sw_ft": 9.1, "right_sw_ft": 13.7}, "geometry": {"type": "LineString", "coordinates": [[-73.84169787045653, 40.85491080203377], [-73.84148765879142, 40.85477422100495]]}}, {"type": "Feature", "properties": {"segment_id": 893374, "physicalid": "62469", "street_name": "STILLWELL AVE", "borough": "bronx", "direction": "TW", "total_row_ft": 76.4, "roadbed_ft": 53.1, "median_ft": 0.0, "left_sw_ft": 9.1, "right_sw_ft": 14.2}, "geometry": {"type": "LineString", "coordinates": [[-73.84164869474688, 40.85495109977692], [-73.8414388987094, 40.854814788723836]]}}, {"type": "Feature", "properties": {"segment_id": 893375, "physicalid": "62469", "street_name": "STILLWELL AVE", "borough": "bronx", "direction": "TW", "total_row_ft": 93.4, "roadbed_ft": 52.9, "median_ft": 0.0, "left_sw_ft": 25.6, "right_sw_ft": 14.9}, "geometry": {"type": "LineString", "coordinates": [[-73.84166616365837, 40.85503469845938], [-73.84138961205444, 40.85485501432816]]}}, {"type": "Feature", "properties": {"segment_id": 893376, "physicalid": "62469", "street_name": "STILLWELL AVE", "borough": "bronx", "direction": "TW", "total_row_ft": 135.0, "roadbed_ft": 86.7, "median_ft": 0.0, "left_sw_ft": 15.0, "right_sw_ft": 33.3}, "geometry": {"type": "LineString", "coordinates": [[-73.84161915857649, 40.855076406578384], [-73.8412895740851, 40.854862265055715]]}}, {"type": "Feature", "properties": {"segment_id": 893377, "physicalid": "62470", "street_name": "STILLWELL AVE", "borough": "bronx", "direction": "TW", "total_row_ft": 92.6, "roadbed_ft": 57.1, "median_ft": 0.0, "left_sw_ft": 25.0, "right_sw_ft": 10.6}, "geometry": {"type": "LineString", "coordinates": [[-73.84316380662784, 40.85331798839331], [-73.8428490031352, 40.85323152021202]]}}, {"type": "Feature", "properties": {"segment_id": 893378, "physicalid": "62470", "street_name": "STILLWELL AVE", "borough": "bronx", "direction": "TW", "total_row_ft": 78.3, "roadbed_ft": 54.7, "median_ft": 0.0, "left_sw_ft": 12.8, "right_sw_ft": 10.8}, "geometry": {"type": "LineString", "coordinates": [[-73.84313921397495, 40.853369608793436], [-73.84281712338529, 40.85328113901852]]}}, {"type": "Feature", "properties": {"segment_id": 893379, "physicalid": "62470", "street_name": "STILLWELL AVE", "borough": "bronx", "direction": "TW", "total_row_ft": 77.2, "roadbed_ft": 54.4, "median_ft": 0.0, "left_sw_ft": 11.9, "right_sw_ft": 10.9}, "geometry": {"type": "LineString", "coordinates": [[-73.84304754678016, 40.8534028060228], [-73.84278524375644, 40.853330757553316]]}}, {"type": "Feature", "properties": {"segment_id": 893380, "physicalid": "62470", "street_name": "STILLWELL AVE", "borough": "bronx", "direction": "TW", "total_row_ft": 77.2, "roadbed_ft": 54.1, "median_ft": 0.0, "left_sw_ft": 12.1, "right_sw_ft": 11.0}, "geometry": {"type": "LineString", "coordinates": [[-73.84301575453063, 40.853452448880816], [-73.84275336392119, 40.853380376326086]]}}, {"type": "Feature", "properties": {"segment_id": 893381, "physicalid": "62470", "street_name": "STILLWELL AVE", "borough": "bronx", "direction": "TW", "total_row_ft": 77.4, "roadbed_ft": 53.6, "median_ft": 0.0, "left_sw_ft": 12.3, "right_sw_ft": 11.5}, "geometry": {"type": "LineString", "coordinates": [[-73.84297990034736, 40.85350843425392], [-73.84272426723125, 40.85342227200264]]}}, {"type": "Feature", "properties": {"segment_id": 893382, "physicalid": "62470", "street_name": "STILLWELL AVE", "borough": "bronx", "direction": "TW", "total_row_ft": 78.3, "roadbed_ft": 53.4, "median_ft": 0.0, "left_sw_ft": 12.5, "right_sw_ft": 12.4}, "geometry": {"type": "LineString", "coordinates": [[-73.84294826557928, 40.85355783103218], [-73.84268957421068, 40.853470637959425]]}}, {"type": "Feature", "properties": {"segment_id": 893383, "physicalid": "62470", "street_name": "STILLWELL AVE", "borough": "bronx", "direction": "TW", "total_row_ft": 79.2, "roadbed_ft": 53.3, "median_ft": 0.0, "left_sw_ft": 12.7, "right_sw_ft": 13.1}, "geometry": {"type": "LineString", "coordinates": [[-73.84291663076421, 40.85360722780131], [-73.84265488113965, 40.85351900390541]]}}, {"type": "Feature", "properties": {"segment_id": 893384, "physicalid": "62470", "street_name": "STILLWELL AVE", "borough": "bronx", "direction": "TW", "total_row_ft": 79.1, "roadbed_ft": 53.2, "median_ft": 0.0, "left_sw_ft": 12.2, "right_sw_ft": 13.7}, "geometry": {"type": "LineString", "coordinates": [[-73.84288147514565, 40.85365543787969], [-73.84262018801817, 40.8535673698405]]}}, {"type": "Feature", "properties": {"segment_id": 893385, "physicalid": "62470", "street_name": "STILLWELL AVE", "borough": "bronx", "direction": "TW", "total_row_ft": 78.6, "roadbed_ft": 53.1, "median_ft": 0.0, "left_sw_ft": 11.8, "right_sw_ft": 13.7}, "geometry": {"type": "LineString", "coordinates": [[-73.8428421051722, 40.85370893800508], [-73.84259127877324, 40.853607672368895]]}}, {"type": "Feature", "properties": {"segment_id": 893386, "physicalid": "62470", "street_name": "STILLWELL AVE", "borough": "bronx", "direction": "TW", "total_row_ft": 78.4, "roadbed_ft": 53.2, "median_ft": 0.0, "left_sw_ft": 11.5, "right_sw_ft": 13.7}, "geometry": {"type": "LineString", "coordinates": [[-73.84280683325754, 40.85375686916552], [-73.84255669743882, 40.85365588231263]]}}, {"type": "Feature", "properties": {"segment_id": 893387, "physicalid": "62470", "street_name": "STILLWELL AVE", "borough": "bronx", "direction": "TW", "total_row_ft": 78.2, "roadbed_ft": 53.6, "median_ft": 0.0, "left_sw_ft": 11.3, "right_sw_ft": 13.2}, "geometry": {"type": "LineString", "coordinates": [[-73.84277156129203, 40.853804800314784], [-73.8425221160543, 40.85370409224554]]}}, {"type": "Feature", "properties": {"segment_id": 893388, "physicalid": "62470", "street_name": "STILLWELL AVE", "borough": "bronx", "direction": "TW", "total_row_ft": 77.9, "roadbed_ft": 53.6, "median_ft": 0.0, "left_sw_ft": 11.6, "right_sw_ft": 12.7}, "geometry": {"type": "LineString", "coordinates": [[-73.84273628927569, 40.853852731452854], [-73.84248753461962, 40.85375230216771]]}}, {"type": "Feature", "properties": {"segment_id": 893389, "physicalid": "62470", "street_name": "STILLWELL AVE", "borough": "bronx", "direction": "TW", "total_row_ft": 78.3, "roadbed_ft": 54.2, "median_ft": 0.0, "left_sw_ft": 12.0, "right_sw_ft": 12.2}, "geometry": {"type": "LineString", "coordinates": [[-73.84270101720851, 40.853900662579726], [-73.8424510381149, 40.853799738928]]}}, {"type": "Feature", "properties": {"segment_id": 893390, "physicalid": "62470", "street_name": "STILLWELL AVE", "borough": "bronx", "direction": "TW", "total_row_ft": 78.9, "roadbed_ft": 54.4, "median_ft": 0.0, "left_sw_ft": 12.2, "right_sw_ft": 12.3}, "geometry": {"type": "LineString", "coordinates": [[-73.84266099439785, 40.85395327451414], [-73.84241919794275, 40.85383824603014]]}}, {"type": "Feature", "properties": {"segment_id": 893391, "physicalid": "62470", "street_name": "STILLWELL AVE", "borough": "bronx", "direction": "TW", "total_row_ft": 78.4, "roadbed_ft": 54.8, "median_ft": 0.0, "left_sw_ft": 11.7, "right_sw_ft": 12.0}, "geometry": {"type": "LineString", "coordinates": [[-73.84262105134931, 40.853999050972654], [-73.84238075635065, 40.85388473673473]]}}, {"type": "Feature", "properties": {"segment_id": 893392, "physicalid": "62470", "street_name": "STILLWELL AVE", "borough": "bronx", "direction": "TW", "total_row_ft": 78.1, "roadbed_ft": 55.1, "median_ft": 0.0, "left_sw_ft": 11.3, "right_sw_ft": 11.8}, "geometry": {"type": "LineString", "coordinates": [[-73.84258163294727, 40.85404507702945], [-73.84234231470482, 40.85393122742612]]}}, {"type": "Feature", "properties": {"segment_id": 893393, "physicalid": "62470", "street_name": "STILLWELL AVE", "borough": "bronx", "direction": "TW", "total_row_ft": 77.8, "roadbed_ft": 55.2, "median_ft": 0.0, "left_sw_ft": 11.2, "right_sw_ft": 11.5}, "geometry": {"type": "LineString", "coordinates": [[-73.84254221449066, 40.85409110307241], [-73.84230387277891, 40.85397771799666]]}}, {"type": "Feature", "properties": {"segment_id": 893394, "physicalid": "62470", "street_name": "STILLWELL AVE", "borough": "bronx", "direction": "TW", "total_row_ft": 77.6, "roadbed_ft": 54.9, "median_ft": 0.0, "left_sw_ft": 11.4, "right_sw_ft": 11.3}, "geometry": {"type": "LineString", "coordinates": [[-73.84249867812517, 40.8541419372057], [-73.84227199495822, 40.854016270512915]]}}, {"type": "Feature", "properties": {"segment_id": 893395, "physicalid": "62470", "street_name": "STILLWELL AVE", "borough": "bronx", "direction": "TW", "total_row_ft": 77.3, "roadbed_ft": 54.6, "median_ft": 0.0, "left_sw_ft": 11.7, "right_sw_ft": 11.0}, "geometry": {"type": "LineString", "coordinates": [[-73.84245920747993, 40.85418802402206], [-73.84223345908238, 40.85406287550999]]}}, {"type": "Feature", "properties": {"segment_id": 893396, "physicalid": "62470", "street_name": "STILLWELL AVE", "borough": "bronx", "direction": "TW", "total_row_ft": 77.0, "roadbed_ft": 54.2, "median_ft": 0.0, "left_sw_ft": 12.1, "right_sw_ft": 10.8}, "geometry": {"type": "LineString", "coordinates": [[-73.84241973678, 40.85423411082453], [-73.84219492315253, 40.85410948049384]]}}, {"type": "Feature", "properties": {"segment_id": 893397, "physicalid": "62470", "street_name": "STILLWELL AVE", "borough": "bronx", "direction": "TW", "total_row_ft": 77.0, "roadbed_ft": 54.1, "median_ft": 0.0, "left_sw_ft": 12.5, "right_sw_ft": 10.4}, "geometry": {"type": "LineString", "coordinates": [[-73.84238026602539, 40.85428019761311], [-73.84215543240381, 40.854155556167676]]}}, {"type": "Feature", "properties": {"segment_id": 893398, "physicalid": "62470", "street_name": "STILLWELL AVE", "borough": "bronx", "direction": "TW", "total_row_ft": 78.9, "roadbed_ft": 54.5, "median_ft": 0.0, "left_sw_ft": 12.9, "right_sw_ft": 11.6}, "geometry": {"type": "LineString", "coordinates": [[-73.842335969764, 40.85433191838281], [-73.84211795450506, 40.854192115159606]]}}, {"type": "Feature", "properties": {"segment_id": 893399, "physicalid": "62470", "street_name": "STILLWELL AVE", "borough": "bronx", "direction": "TW", "total_row_ft": 81.3, "roadbed_ft": 54.9, "median_ft": 0.0, "left_sw_ft": 13.9, "right_sw_ft": 12.5}, "geometry": {"type": "LineString", "coordinates": [[-73.84235883685278, 40.854418433337756], [-73.84207351215112, 40.854235467779645]]}}, {"type": "Feature", "properties": {"segment_id": 893400, "physicalid": "62470", "street_name": "STILLWELL AVE", "borough": "bronx", "direction": "TW", "total_row_ft": 83.5, "roadbed_ft": 57.4, "median_ft": 0.0, "left_sw_ft": 12.9, "right_sw_ft": 13.2}, "geometry": {"type": "LineString", "coordinates": [[-73.84225975577782, 40.85442674887602], [-73.84202906973925, 40.85427882038221]]}}, {"type": "Feature", "properties": {"segment_id": 893401, "physicalid": "62470", "street_name": "STILLWELL AVE", "borough": "bronx", "direction": "TW", "total_row_ft": 116.7, "roadbed_ft": 88.1, "median_ft": 0.0, "left_sw_ft": 15.0, "right_sw_ft": 13.7}, "geometry": {"type": "LineString", "coordinates": [[-73.84226554197379, 40.854502310744124], [-73.84198462726945, 40.85432217296734]]}}, {"type": "Feature", "properties": {"segment_id": 893402, "physicalid": "62471", "street_name": "STILLWELL AVE", "borough": "bronx", "direction": "TW", "total_row_ft": 141.0, "roadbed_ft": 102.9, "median_ft": 6.0, "left_sw_ft": 15.0, "right_sw_ft": 17.1}, "geometry": {"type": "LineString", "coordinates": [[-73.84301790105444, 40.85305618715342], [-73.84304689846525, 40.8533848146972]]}}, {"type": "Feature", "properties": {"segment_id": 893403, "physicalid": "62471", "street_name": "STILLWELL AVE", "borough": "bronx", "direction": "TW", "total_row_ft": 125.3, "roadbed_ft": 49.0, "median_ft": 33.7, "left_sw_ft": 27.6, "right_sw_ft": 15.0}, "geometry": {"type": "LineString", "coordinates": [[-73.84309190270073, 40.85307369135167], [-73.8431140374282, 40.85332454118343]]}}, {"type": "Feature", "properties": {"segment_id": 893404, "physicalid": "62471", "street_name": "STILLWELL AVE", "borough": "bronx", "direction": "TW", "total_row_ft": 156.6, "roadbed_ft": 94.3, "median_ft": 21.6, "left_sw_ft": 15.0, "right_sw_ft": 25.7}, "geometry": {"type": "LineString", "coordinates": [[-73.84316216763676, 40.853048847795115], [-73.84319116575718, 40.85337747530304]]}}, {"type": "Feature", "properties": {"segment_id": 893405, "physicalid": "62472", "street_name": "STILLWELL AVE", "borough": "bronx", "direction": "FT", "total_row_ft": 150.5, "roadbed_ft": 103.5, "median_ft": 19.4, "left_sw_ft": 15.0, "right_sw_ft": 12.6}, "geometry": {"type": "LineString", "coordinates": [[-73.8433232281683, 40.853066133275405], [-73.84294731868532, 40.8529243762406]]}}, {"type": "Feature", "properties": {"segment_id": 893406, "physicalid": "62472", "street_name": "STILLWELL AVE", "borough": "bronx", "direction": "FT", "total_row_ft": 43.2, "roadbed_ft": 28.2, "median_ft": 4.6, "left_sw_ft": 2.1, "right_sw_ft": 8.3}, "geometry": {"type": "LineString", "coordinates": [[-73.84312028152624, 40.85305089270084], [-73.84299532847602, 40.85300377230255]]}}, {"type": "Feature", "properties": {"segment_id": 893407, "physicalid": "62472", "street_name": "STILLWELL AVE", "borough": "bronx", "direction": "FT", "total_row_ft": 72.9, "roadbed_ft": 26.3, "median_ft": 18.9, "left_sw_ft": 18.9, "right_sw_ft": 8.8}, "geometry": {"type": "LineString", "coordinates": [[-73.84313850271408, 40.853119055198235], [-73.84296362993314, 40.85305310987473]]}}, {"type": "Feature", "properties": {"segment_id": 893408, "physicalid": "62472", "street_name": "STILLWELL AVE", "borough": "bronx", "direction": "FT", "total_row_ft": 106.1, "roadbed_ft": 81.8, "median_ft": 0.0, "left_sw_ft": 15.0, "right_sw_ft": 9.3}, "geometry": {"type": "LineString", "coordinates": [[-73.84322675649193, 40.85321362713463], [-73.84293193128843, 40.85310244741713]]}}, {"type": "Feature", "properties": {"segment_id": 1020080, "physicalid": "70929", "street_name": "MORGAN AVE", "borough": "bronx", "direction": "TW", "total_row_ft": 150.0, "roadbed_ft": 120.0, "median_ft": 0.0, "left_sw_ft": 15.0, "right_sw_ft": 15.0}, "geometry": {"type": "LineString", "coordinates": [[-73.84569774834873, 40.85974877195588], [-73.84526405698597, 40.859740949533624]]}}, {"type": "Feature", "properties": {"segment_id": 1020081, "physicalid": "70929", "street_name": "MORGAN AVE", "borough": "bronx", "direction": "TW", "total_row_ft": 57.1, "roadbed_ft": 34.7, "median_ft": 0.0, "left_sw_ft": 11.2, "right_sw_ft": 11.2}, "geometry": {"type": "LineString", "coordinates": [[-73.84569603134047, 40.85980365046332], [-73.84537628779003, 40.85979788345779]]}}, {"type": "Feature", "properties": {"segment_id": 1020082, "physicalid": "70929", "street_name": "MORGAN AVE", "borough": "bronx", "direction": "TW", "total_row_ft": 54.3, "roadbed_ft": 34.6, "median_ft": 0.0, "left_sw_ft": 8.4, "right_sw_ft": 11.3}, "geometry": {"type": "LineString", "coordinates": [[-73.84557072110998, 40.85985629990526], [-73.84537459071312, 40.8598527623243]]}}, {"type": "Feature", "properties": {"segment_id": 1020083, "physicalid": "70929", "street_name": "MORGAN AVE", "borough": "bronx", "direction": "TW", "total_row_ft": 54.3, "roadbed_ft": 34.5, "median_ft": 0.0, "left_sw_ft": 8.5, "right_sw_ft": 11.3}, "geometry": {"type": "LineString", "coordinates": [[-73.84556901961638, 40.85991117869151], [-73.84537289363344, 40.859907641190276]]}}, {"type": "Feature", "properties": {"segment_id": 1020084, "physicalid": "70929", "street_name": "MORGAN AVE", "borough": "bronx", "direction": "TW", "total_row_ft": 54.3, "roadbed_ft": 34.3, "median_ft": 0.0, "left_sw_ft": 8.5, "right_sw_ft": 11.4}, "geometry": {"type": "LineString", "coordinates": [[-73.84556731799964, 40.859966057475056], [-73.84537119655093, 40.85996252005565]]}}, {"type": "Feature", "properties": {"segment_id": 1020102, "physicalid": "70930", "street_name": "MORGAN AVE", "borough": "bronx", "direction": "TW", "total_row_ft": 135.0, "roadbed_ft": 80.5, "median_ft": 0.0, "left_sw_ft": 15.0, "right_sw_ft": 39.5}, "geometry": {"type": "LineString", "coordinates": [[-73.84573992858793, 40.85858419081321], [-73.8453062880382, 40.85857509156666]]}}, {"type": "Feature", "properties": {"segment_id": 1020103, "physicalid": "70930", "street_name": "MORGAN AVE", "borough": "bronx", "direction": "TW", "total_row_ft": 53.7, "roadbed_ft": 33.4, "median_ft": 0.0, "left_sw_ft": 8.4, "right_sw_ft": 11.9}, "geometry": {"type": "LineString", "coordinates": [[-73.84560873922818, 40.858636353147325], [-73.84541478122333, 40.85863228323615]]}}, {"type": "Feature", "properties": {"segment_id": 1020104, "physicalid": "70930", "street_name": "MORGAN AVE", "borough": "bronx", "direction": "TW", "total_row_ft": 53.2, "roadbed_ft": 33.4, "median_ft": 0.0, "left_sw_ft": 8.3, "right_sw_ft": 11.4}, "geometry": {"type": "LineString", "coordinates": [[-73.84560666487977, 40.85869122458025], [-73.8454145802523, 40.8586871939805]]}}, {"type": "Feature", "properties": {"segment_id": 1020105, "physicalid": "70930", "street_name": "MORGAN AVE", "borough": "bronx", "direction": "TW", "total_row_ft": 52.6, "roadbed_ft": 33.4, "median_ft": 0.0, "left_sw_ft": 8.2, "right_sw_ft": 11.0}, "geometry": {"type": "LineString", "coordinates": [[-73.84560459468788, 40.858746096099885], [-73.84541437928094, 40.85874210472431]]}}, {"type": "Feature", "properties": {"segment_id": 1020106, "physicalid": "70930", "street_name": "MORGAN AVE", "borough": "bronx", "direction": "TW", "total_row_ft": 52.2, "roadbed_ft": 33.4, "median_ft": 0.0, "left_sw_ft": 8.2, "right_sw_ft": 10.6}, "geometry": {"type": "LineString", "coordinates": [[-73.84560267602578, 40.85880097079852], [-73.84541417830924, 40.85879701546758]]}}, {"type": "Feature", "properties": {"segment_id": 1020107, "physicalid": "70930", "street_name": "MORGAN AVE", "borough": "bronx", "direction": "TW", "total_row_ft": 51.7, "roadbed_ft": 33.4, "median_ft": 0.0, "left_sw_ft": 8.2, "right_sw_ft": 10.1}, "geometry": {"type": "LineString", "coordinates": [[-73.84560075736051, 40.85885584549659], [-73.84541397733722, 40.85885192621033]]}}, {"type": "Feature", "properties": {"segment_id": 1020108, "physicalid": "70930", "street_name": "MORGAN AVE", "borough": "bronx", "direction": "TW", "total_row_ft": 51.2, "roadbed_ft": 33.4, "median_ft": 0.0, "left_sw_ft": 8.1, "right_sw_ft": 9.7}, "geometry": {"type": "LineString", "coordinates": [[-73.84559883869208, 40.858910720194125], [-73.84541377636485, 40.85890683695255]]}}, {"type": "Feature", "properties": {"segment_id": 1020109, "physicalid": "70930", "street_name": "MORGAN AVE", "borough": "bronx", "direction": "TW", "total_row_ft": 50.7, "roadbed_ft": 33.4, "median_ft": 0.0, "left_sw_ft": 8.1, "right_sw_ft": 9.3}, "geometry": {"type": "LineString", "coordinates": [[-73.84559692002051, 40.858965594891075], [-73.84541357539217, 40.858961747694245]]}}, {"type": "Feature", "properties": {"segment_id": 1020110, "physicalid": "70930", "street_name": "MORGAN AVE", "borough": "bronx", "direction": "TW", "total_row_ft": 50.3, "roadbed_ft": 33.4, "median_ft": 0.0, "left_sw_ft": 8.1, "right_sw_ft": 8.8}, "geometry": {"type": "LineString", "coordinates": [[-73.84559500134574, 40.859020469587456], [-73.84541337441915, 40.8590166584354]]}}, {"type": "Feature", "properties": {"segment_id": 1020111, "physicalid": "70930", "street_name": "MORGAN AVE", "borough": "bronx", "direction": "TW", "total_row_ft": 49.8, "roadbed_ft": 33.4, "median_ft": 0.0, "left_sw_ft": 8.0, "right_sw_ft": 8.4}, "geometry": {"type": "LineString", "coordinates": [[-73.8455930826678, 40.85907534428326], [-73.84541317344579, 40.859071569175995]]}}, {"type": "Feature", "properties": {"segment_id": 1020112, "physicalid": "70930", "street_name": "MORGAN AVE", "borough": "bronx", "direction": "TW", "total_row_ft": 49.3, "roadbed_ft": 33.4, "median_ft": 0.0, "left_sw_ft": 8.0, "right_sw_ft": 7.9}, "geometry": {"type": "LineString", "coordinates": [[-73.84559116398673, 40.85913021897853], [-73.84541297261796, 40.85912647991916]]}}, {"type": "Feature", "properties": {"segment_id": 1020113, "physicalid": "70930", "street_name": "MORGAN AVE", "borough": "bronx", "direction": "TW", "total_row_ft": 48.8, "roadbed_ft": 33.4, "median_ft": 0.0, "left_sw_ft": 8.0, "right_sw_ft": 7.4}, "geometry": {"type": "LineString", "coordinates": [[-73.84558924530246, 40.85918509367323], [-73.84541277179623, 40.85918139066189]]}}, {"type": "Feature", "properties": {"segment_id": 1020114, "physicalid": "70930", "street_name": "MORGAN AVE", "borough": "bronx", "direction": "TW", "total_row_ft": 48.6, "roadbed_ft": 33.5, "median_ft": 0.0, "left_sw_ft": 7.9, "right_sw_ft": 7.2}, "geometry": {"type": "LineString", "coordinates": [[-73.84558725149871, 40.859239966791215], [-73.8454115898005, 40.859236280815026]]}}, {"type": "Feature", "properties": {"segment_id": 1020115, "physicalid": "70930", "street_name": "MORGAN AVE", "borough": "bronx", "direction": "TW", "total_row_ft": 49.1, "roadbed_ft": 33.5, "median_ft": 0.0, "left_sw_ft": 7.8, "right_sw_ft": 7.8}, "geometry": {"type": "LineString", "coordinates": [[-73.84558523559308, 40.859294839444956], [-73.84540788145175, 40.8592911179543]]}}, {"type": "Feature", "properties": {"segment_id": 1020116, "physicalid": "70930", "street_name": "MORGAN AVE", "borough": "bronx", "direction": "TW", "total_row_ft": 49.5, "roadbed_ft": 33.5, "median_ft": 0.0, "left_sw_ft": 7.8, "right_sw_ft": 8.3}, "geometry": {"type": "LineString", "coordinates": [[-73.8455832197061, 40.859349712098584], [-73.84540417304817, 40.85934595509188]]}}, {"type": "Feature", "properties": {"segment_id": 1020117, "physicalid": "70930", "street_name": "MORGAN AVE", "borough": "bronx", "direction": "TW", "total_row_ft": 50.0, "roadbed_ft": 33.8, "median_ft": 0.0, "left_sw_ft": 7.5, "right_sw_ft": 8.7}, "geometry": {"type": "LineString", "coordinates": [[-73.8455812038158, 40.85940458475165], [-73.84540046451693, 40.859400792226275]]}}, {"type": "Feature", "properties": {"segment_id": 1020118, "physicalid": "70930", "street_name": "MORGAN AVE", "borough": "bronx", "direction": "TW", "total_row_ft": 50.5, "roadbed_ft": 34.3, "median_ft": 0.0, "left_sw_ft": 7.0, "right_sw_ft": 9.2}, "geometry": {"type": "LineString", "coordinates": [[-73.84557918792216, 40.85945945740415], [-73.84539675597956, 40.85945562936003]]}}, {"type": "Feature", "properties": {"segment_id": 1020119, "physicalid": "70930", "street_name": "MORGAN AVE", "borough": "bronx", "direction": "TW", "total_row_ft": 51.0, "roadbed_ft": 34.8, "median_ft": 0.0, "left_sw_ft": 6.5, "right_sw_ft": 9.7}, "geometry": {"type": "LineString", "coordinates": [[-73.8455771720252, 40.8595143300561], [-73.8453930474361, 40.85951046649309]]}}, {"type": "Feature", "properties": {"segment_id": 1020120, "physicalid": "70930", "street_name": "MORGAN AVE", "borough": "bronx", "direction": "TW", "total_row_ft": 51.4, "roadbed_ft": 35.3, "median_ft": 0.0, "left_sw_ft": 6.0, "right_sw_ft": 10.1}, "geometry": {"type": "LineString", "coordinates": [[-73.84557515612491, 40.859569202707455], [-73.8453893388865, 40.85956530362555]]}}, {"type": "Feature", "properties": {"segment_id": 1020121, "physicalid": "70930", "street_name": "MORGAN AVE", "borough": "bronx", "direction": "TW", "total_row_ft": 86.0, "roadbed_ft": 37.0, "median_ft": 0.0, "left_sw_ft": 7.1, "right_sw_ft": 41.9}, "geometry": {"type": "LineString", "coordinates": [[-73.84557913564548, 40.859624201157786], [-73.84526833268725, 40.859617679295106]]}}, {"type": "Feature", "properties": {"segment_id": 1107153, "physicalid": "76616", "street_name": "UNNAMED ST", "borough": "bronx", "direction": "TF", "total_row_ft": 78.7, "roadbed_ft": 43.7, "median_ft": 0.0, "left_sw_ft": 27.5, "right_sw_ft": 7.5}, "geometry": {"type": "LineString", "coordinates": [[-73.84698929323919, 40.853876934923285], [-73.84725784973598, 40.85380552252017]]}}, {"type": "Feature", "properties": {"segment_id": 1107154, "physicalid": "76616", "street_name": "UNNAMED ST", "borough": "bronx", "direction": "TF", "total_row_ft": 87.6, "roadbed_ft": 52.5, "median_ft": 0.0, "left_sw_ft": 26.5, "right_sw_ft": 8.6}, "geometry": {"type": "LineString", "coordinates": [[-73.84697381448242, 40.85383451199366], [-73.84725455485291, 40.85372309509469]]}}, {"type": "Feature", "properties": {"segment_id": 1107155, "physicalid": "76616", "street_name": "UNNAMED ST", "borough": "bronx", "direction": "TF", "total_row_ft": 84.8, "roadbed_ft": 62.9, "median_ft": 0.0, "left_sw_ft": 14.5, "right_sw_ft": 7.3}, "geometry": {"type": "LineString", "coordinates": [[-73.84694946739221, 40.85378223444537], [-73.84722106595824, 40.85367444564089]]}}, {"type": "Feature", "properties": {"segment_id": 1107156, "physicalid": "76616", "street_name": "UNNAMED ST", "borough": "bronx", "direction": "TF", "total_row_ft": 79.2, "roadbed_ft": 28.1, "median_ft": 21.6, "left_sw_ft": 21.6, "right_sw_ft": 7.8}, "geometry": {"type": "LineString", "coordinates": [[-73.84691903094179, 40.85374392597075], [-73.8470873684158, 40.8536511208051]]}}, {"type": "Feature", "properties": {"segment_id": 1107157, "physicalid": "76616", "street_name": "UNNAMED ST", "borough": "bronx", "direction": "TF", "total_row_ft": 99.5, "roadbed_ft": 26.2, "median_ft": 40.0, "left_sw_ft": 25.2, "right_sw_ft": 8.1}, "geometry": {"type": "LineString", "coordinates": [[-73.8468757552802, 40.853699946478606], [-73.84709314151777, 40.853580100470076]]}}, {"type": "Feature", "properties": {"segment_id": 1107158, "physicalid": "76616", "street_name": "UNNAMED ST", "borough": "bronx", "direction": "TF", "total_row_ft": 77.1, "roadbed_ft": 26.5, "median_ft": 40.9, "left_sw_ft": 1.6, "right_sw_ft": 8.1}, "geometry": {"type": "LineString", "coordinates": [[-73.8468360507497, 40.85366718930083], [-73.84703110341992, 40.85352231568425]]}}, {"type": "Feature", "properties": {"segment_id": 1107159, "physicalid": "76616", "street_name": "UNNAMED ST", "borough": "bronx", "direction": "TF", "total_row_ft": 150.0, "roadbed_ft": 100.0, "median_ft": 20.0, "left_sw_ft": 15.0, "right_sw_ft": 15.0}, "geometry": {"type": "LineString", "coordinates": [[-73.84669712332469, 40.85369358594482], [-73.84700721037419, 40.85346327194865]]}}, {"type": "Feature", "properties": {"segment_id": 1107160, "physicalid": "76616", "street_name": "UNNAMED ST", "borough": "bronx", "direction": "TF", "total_row_ft": 119.7, "roadbed_ft": 94.3, "median_ft": 0.0, "left_sw_ft": 15.0, "right_sw_ft": 10.4}, "geometry": {"type": "LineString", "coordinates": [[-73.84666407348347, 40.85367525138929], [-73.84692718740787, 40.85341339690436]]}}, {"type": "Feature", "properties": {"segment_id": 1107161, "physicalid": "76617", "street_name": "UNNAMED ST", "borough": "bronx", "direction": "TW", "total_row_ft": 77.4, "roadbed_ft": 42.5, "median_ft": 0.0, "left_sw_ft": 8.8, "right_sw_ft": 26.0}, "geometry": {"type": "LineString", "coordinates": [[-73.84697711047501, 40.853842520600935], [-73.84725623624078, 40.85385589256288]]}}, {"type": "Feature", "properties": {"segment_id": 1107162, "physicalid": "76617", "street_name": "UNNAMED ST", "borough": "bronx", "direction": "TW", "total_row_ft": 84.9, "roadbed_ft": 51.0, "median_ft": 0.0, "left_sw_ft": 8.5, "right_sw_ft": 25.4}, "geometry": {"type": "LineString", "coordinates": [[-73.84695162435398, 40.85378629640976], [-73.84725804155231, 40.85380097585505]]}}, {"type": "Feature", "properties": {"segment_id": 1107163, "physicalid": "76617", "street_name": "UNNAMED ST", "borough": "bronx", "direction": "TW", "total_row_ft": 98.4, "roadbed_ft": 63.6, "median_ft": 0.0, "left_sw_ft": 10.0, "right_sw_ft": 24.9}, "geometry": {"type": "LineString", "coordinates": [[-73.8469055292406, 40.85372908486612], [-73.84726049350425, 40.85374609012435]]}}, {"type": "Feature", "properties": {"segment_id": 1107164, "physicalid": "76617", "street_name": "UNNAMED ST", "borough": "bronx", "direction": "TW", "total_row_ft": 87.5, "roadbed_ft": 25.0, "median_ft": 18.9, "left_sw_ft": 18.9, "right_sw_ft": 24.6}, "geometry": {"type": "LineString", "coordinates": [[-73.84701636771726, 40.853679391715964], [-73.84726359305911, 40.85369123541693]]}}, {"type": "Feature", "properties": {"segment_id": 1107165, "physicalid": "76617", "street_name": "UNNAMED ST", "borough": "bronx", "direction": "TW", "total_row_ft": 88.2, "roadbed_ft": 24.9, "median_ft": 19.4, "left_sw_ft": 19.4, "right_sw_ft": 24.4}, "geometry": {"type": "LineString", "coordinates": [[-73.84701923290726, 40.85362452577713], [-73.84726733827222, 40.853636411639734]]}}, {"type": "Feature", "properties": {"segment_id": 1107166, "physicalid": "76617", "street_name": "UNNAMED ST", "borough": "bronx", "direction": "TW", "total_row_ft": 88.2, "roadbed_ft": 24.8, "median_ft": 19.4, "left_sw_ft": 19.4, "right_sw_ft": 24.6}, "geometry": {"type": "LineString", "coordinates": [[-73.84702353783723, 40.8535697288124], [-73.84727173605769, 40.85358161912394]]}}, {"type": "Feature", "properties": {"segment_id": 1107167, "physicalid": "76617", "street_name": "UNNAMED ST", "borough": "bronx", "direction": "TW", "total_row_ft": 114.2, "roadbed_ft": 74.4, "median_ft": 0.0, "left_sw_ft": 15.0, "right_sw_ft": 24.9}, "geometry": {"type": "LineString", "coordinates": [[-73.84691892023545, 40.85350971357834], [-73.84727682076074, 40.85352685951486]]}}, {"type": "Feature", "properties": {"segment_id": 1107168, "physicalid": "76618", "street_name": "UNNAMED ST", "borough": "bronx", "direction": "TW", "total_row_ft": 125.3, "roadbed_ft": 77.1, "median_ft": 0.0, "left_sw_ft": 15.0, "right_sw_ft": 33.2}, "geometry": {"type": "LineString", "coordinates": [[-73.84714287585507, 40.853610173943736], [-73.84704469327741, 40.85331688589904]]}}, {"type": "Feature", "properties": {"segment_id": 1107169, "physicalid": "76618", "street_name": "UNNAMED ST", "borough": "bronx", "direction": "TW", "total_row_ft": 115.9, "roadbed_ft": 30.7, "median_ft": 38.1, "left_sw_ft": 38.1, "right_sw_ft": 9.1}, "geometry": {"type": "LineString", "coordinates": [[-73.84707280837952, 40.853623697294154], [-73.84697457331934, 40.85333025155177]]}}, {"type": "Feature", "properties": {"segment_id": 1107170, "physicalid": "76618", "street_name": "UNNAMED ST", "borough": "bronx", "direction": "TW", "total_row_ft": 94.9, "roadbed_ft": 27.3, "median_ft": 43.5, "left_sw_ft": 15.0, "right_sw_ft": 9.1}, "geometry": {"type": "LineString", "coordinates": [[-73.8470027408755, 40.85363722060196], [-73.84689993011291, 40.85333010538472]]}}, {"type": "Feature", "properties": {"segment_id": 1107171, "physicalid": "76618", "street_name": "UNNAMED ST", "borough": "bronx", "direction": "TW", "total_row_ft": 104.3, "roadbed_ft": 55.0, "median_ft": 25.8, "left_sw_ft": 15.0, "right_sw_ft": 8.5}, "geometry": {"type": "LineString", "coordinates": [[-73.84693267334298, 40.8536507438672], [-73.84682581288192, 40.85333153036969]]}}, {"type": "Feature", "properties": {"segment_id": 1107172, "physicalid": "76618", "street_name": "UNNAMED ST", "borough": "bronx", "direction": "TW", "total_row_ft": 135.0, "roadbed_ft": 115.9, "median_ft": 0.0, "left_sw_ft": 4.1, "right_sw_ft": 15.0}, "geometry": {"type": "LineString", "coordinates": [[-73.84686260578195, 40.853664267089854], [-73.84675574563543, 40.8533450535282]]}}, {"type": "Feature", "properties": {"segment_id": 1107173, "physicalid": "76619", "street_name": "UNNAMED ST", "borough": "bronx", "direction": "TW", "total_row_ft": 71.0, "roadbed_ft": 31.0, "median_ft": 0.0, "left_sw_ft": 13.3, "right_sw_ft": 26.7}, "geometry": {"type": "LineString", "coordinates": [[-73.84703655654377, 40.853391536010875], [-73.84729207827652, 40.853409799239245]]}}, {"type": "Feature", "properties": {"segment_id": 1107174, "physicalid": "76619", "street_name": "UNNAMED ST", "borough": "bronx", "direction": "TW", "total_row_ft": 96.5, "roadbed_ft": 24.1, "median_ft": 0.0, "left_sw_ft": 45.4, "right_sw_ft": 27.0}, "geometry": {"type": "LineString", "coordinates": [[-73.84694986838348, 40.85333020317967], [-73.84729708811726, 40.85335502060131]]}}, {"type": "Feature", "properties": {"segment_id": 1107175, "physicalid": "76619", "street_name": "UNNAMED ST", "borough": "bronx", "direction": "TW", "total_row_ft": 70.1, "roadbed_ft": 23.7, "median_ft": 0.0, "left_sw_ft": 19.5, "right_sw_ft": 26.9}, "geometry": {"type": "LineString", "coordinates": [[-73.84704848317963, 40.85328211502717], [-73.84730070355813, 40.85330014230103]]}}, {"type": "Feature", "properties": {"segment_id": 1107176, "physicalid": "76619", "street_name": "UNNAMED ST", "borough": "bronx", "direction": "TW", "total_row_ft": 69.3, "roadbed_ft": 23.8, "median_ft": 0.0, "left_sw_ft": 19.5, "right_sw_ft": 26.1}, "geometry": {"type": "LineString", "coordinates": [[-73.8470544464225, 40.85322740452975], [-73.84730382786378, 40.853245228897535]]}}, {"type": "Feature", "properties": {"segment_id": 1107177, "physicalid": "76619", "street_name": "UNNAMED ST", "borough": "bronx", "direction": "TW", "total_row_ft": 68.7, "roadbed_ft": 23.7, "median_ft": 0.0, "left_sw_ft": 19.6, "right_sw_ft": 25.4}, "geometry": {"type": "LineString", "coordinates": [[-73.84706041011457, 40.853172694064305], [-73.84730761666263, 40.85319036298726]]}}, {"type": "Feature", "properties": {"segment_id": 1107178, "physicalid": "76619", "street_name": "UNNAMED ST", "borough": "bronx", "direction": "TW", "total_row_ft": 68.3, "roadbed_ft": 23.6, "median_ft": 0.0, "left_sw_ft": 19.6, "right_sw_ft": 25.0}, "geometry": {"type": "LineString", "coordinates": [[-73.84706655373702, 40.85311799645934], [-73.84731224286959, 40.853135556929104]]}}, {"type": "Feature", "properties": {"segment_id": 1107179, "physicalid": "76619", "street_name": "UNNAMED ST", "borough": "bronx", "direction": "TW", "total_row_ft": 68.0, "roadbed_ft": 23.5, "median_ft": 0.0, "left_sw_ft": 19.6, "right_sw_ft": 24.8}, "geometry": {"type": "LineString", "coordinates": [[-73.84707305099643, 40.8530633241306], [-73.84731770777309, 40.853080810815136]]}}, {"type": "Feature", "properties": {"segment_id": 1107180, "physicalid": "76619", "street_name": "UNNAMED ST", "borough": "bronx", "direction": "TW", "total_row_ft": 67.9, "roadbed_ft": 23.5, "median_ft": 0.0, "left_sw_ft": 19.6, "right_sw_ft": 24.9}, "geometry": {"type": "LineString", "coordinates": [[-73.84707954824516, 40.85300865180096], [-73.84732404163529, 40.853026126808395]]}}, {"type": "Feature", "properties": {"segment_id": 1107181, "physicalid": "76619", "street_name": "UNNAMED ST", "borough": "bronx", "direction": "TW", "total_row_ft": 68.1, "roadbed_ft": 23.4, "median_ft": 0.0, "left_sw_ft": 19.5, "right_sw_ft": 25.2}, "geometry": {"type": "LineString", "coordinates": [[-73.84708604548321, 40.85295397947048], [-73.84733122388806, 40.85297150343876]]}}, {"type": "Feature", "properties": {"segment_id": 1107182, "physicalid": "76619", "street_name": "UNNAMED ST", "borough": "bronx", "direction": "TW", "total_row_ft": 68.6, "roadbed_ft": 23.3, "median_ft": 0.0, "left_sw_ft": 19.5, "right_sw_ft": 25.7}, "geometry": {"type": "LineString", "coordinates": [[-73.84709254271058, 40.852899307139026], [-73.84733924328064, 40.85291693990214]]}}, {"type": "Feature", "properties": {"segment_id": 1107183, "physicalid": "76619", "street_name": "UNNAMED ST", "borough": "bronx", "direction": "TW", "total_row_ft": 71.1, "roadbed_ft": 23.3, "median_ft": 0.0, "left_sw_ft": 21.4, "right_sw_ft": 26.4}, "geometry": {"type": "LineString", "coordinates": [[-73.84709218518125, 40.85284414486055], [-73.84734810018946, 40.85286243622537]]}}, {"type": "Feature", "properties": {"segment_id": 1107184, "physicalid": "76619", "street_name": "UNNAMED ST", "borough": "bronx", "direction": "TW", "total_row_ft": 97.5, "roadbed_ft": 24.1, "median_ft": 0.0, "left_sw_ft": 47.2, "right_sw_ft": 26.2}, "geometry": {"type": "LineString", "coordinates": [[-73.8470056754077, 40.852782824768354], [-73.84735646387755, 40.85280789729637]]}}, {"type": "Feature", "properties": {"segment_id": 1107185, "physicalid": "76619", "street_name": "UNNAMED ST", "borough": "bronx", "direction": "TW", "total_row_ft": 69.2, "roadbed_ft": 24.8, "median_ft": 0.0, "left_sw_ft": 19.2, "right_sw_ft": 25.1}, "geometry": {"type": "LineString", "coordinates": [[-73.84711285982337, 40.8527353491421], [-73.84736185222228, 40.85275314570978]]}}, {"type": "Feature", "properties": {"segment_id": 1107186, "physicalid": "76619", "street_name": "UNNAMED ST", "borough": "bronx", "direction": "TW", "total_row_ft": 69.1, "roadbed_ft": 26.6, "median_ft": 0.0, "left_sw_ft": 17.7, "right_sw_ft": 24.8}, "geometry": {"type": "LineString", "coordinates": [[-73.84712091762948, 40.85268078835326], [-73.84736973153554, 40.85269857216068]]}}, {"type": "Feature", "properties": {"segment_id": 1107187, "physicalid": "76619", "street_name": "UNNAMED ST", "borough": "bronx", "direction": "TW", "total_row_ft": 69.1, "roadbed_ft": 33.1, "median_ft": 0.0, "left_sw_ft": 11.0, "right_sw_ft": 24.9}, "geometry": {"type": "LineString", "coordinates": [[-73.8471289754224, 40.85262622756332], [-73.8473776106367, 40.852643998596285]]}}, {"type": "Feature", "properties": {"segment_id": 1107188, "physicalid": "76619", "street_name": "UNNAMED ST", "borough": "bronx", "direction": "TW", "total_row_ft": 93.2, "roadbed_ft": 53.2, "median_ft": 0.0, "left_sw_ft": 15.0, "right_sw_ft": 24.9}, "geometry": {"type": "LineString", "coordinates": [[-73.84703277688342, 40.85256421496163], [-73.84738548959902, 40.85258942502184]]}}, {"type": "Feature", "properties": {"segment_id": 1107189, "physicalid": "76619", "street_name": "UNNAMED ST", "borough": "bronx", "direction": "TW", "total_row_ft": 113.3, "roadbed_ft": 73.4, "median_ft": 0.0, "left_sw_ft": 15.0, "right_sw_ft": 24.9}, "geometry": {"type": "LineString", "coordinates": [[-73.84703955222453, 40.85250956250763], [-73.84739336869981, 40.85253485145717]]}}, {"type": "Feature", "properties": {"segment_id": 1107190, "physicalid": "76619", "street_name": "UNNAMED ST", "borough": "bronx", "direction": "TW", "total_row_ft": 98.4, "roadbed_ft": 64.7, "median_ft": 0.0, "left_sw_ft": 8.9, "right_sw_ft": 24.8}, "geometry": {"type": "LineString", "coordinates": [[-73.84704653228948, 40.8524544717235], [-73.8474006685376, 40.852480526864255]]}}, {"type": "Feature", "properties": {"segment_id": 1107191, "physicalid": "76619", "street_name": "UNNAMED ST", "borough": "bronx", "direction": "TW", "total_row_ft": 94.4, "roadbed_ft": 32.6, "median_ft": 0.0, "left_sw_ft": 37.8, "right_sw_ft": 24.0}, "geometry": {"type": "LineString", "coordinates": [[-73.84706596559899, 40.852400750375985], [-73.847405595435, 40.85242573820972]]}}, {"type": "Feature", "properties": {"segment_id": 1107192, "physicalid": "76619", "street_name": "UNNAMED ST", "borough": "bronx", "direction": "TW", "total_row_ft": 72.2, "roadbed_ft": 26.4, "median_ft": 0.0, "left_sw_ft": 23.5, "right_sw_ft": 22.2}, "geometry": {"type": "LineString", "coordinates": [[-73.84715630985677, 40.85234024145251], [-73.84741071508485, 40.85238414741042]]}}, {"type": "Feature", "properties": {"segment_id": 1107193, "physicalid": "76619", "street_name": "UNNAMED ST", "borough": "bronx", "direction": "TW", "total_row_ft": 68.9, "roadbed_ft": 26.2, "median_ft": 0.0, "left_sw_ft": 21.2, "right_sw_ft": 21.4}, "geometry": {"type": "LineString", "coordinates": [[-73.84718220209268, 40.85228841590814], [-73.8474251495417, 40.85233034443986]]}}, {"type": "Feature", "properties": {"segment_id": 1107194, "physicalid": "76619", "street_name": "UNNAMED ST", "borough": "bronx", "direction": "TW", "total_row_ft": 67.9, "roadbed_ft": 26.0, "median_ft": 0.0, "left_sw_ft": 20.8, "right_sw_ft": 21.1}, "geometry": {"type": "LineString", "coordinates": [[-73.8472046660818, 40.85223599870461], [-73.84744409594218, 40.85227732014921]]}}, {"type": "Feature", "properties": {"segment_id": 1107195, "physicalid": "76619", "street_name": "UNNAMED ST", "borough": "bronx", "direction": "TW", "total_row_ft": 67.1, "roadbed_ft": 25.5, "median_ft": 0.0, "left_sw_ft": 20.4, "right_sw_ft": 21.2}, "geometry": {"type": "LineString", "coordinates": [[-73.84723373220662, 40.85217434519546], [-73.84746115736344, 40.852238095981804]]}}, {"type": "Feature", "properties": {"segment_id": 1107196, "physicalid": "76619", "street_name": "UNNAMED ST", "borough": "bronx", "direction": "TW", "total_row_ft": 66.8, "roadbed_ft": 25.0, "median_ft": 0.0, "left_sw_ft": 20.6, "right_sw_ft": 21.3}, "geometry": {"type": "LineString", "coordinates": [[-73.84725991942157, 40.85212317063467], [-73.84748657651893, 40.85218670611398]]}}, {"type": "Feature", "properties": {"segment_id": 1107197, "physicalid": "76619", "street_name": "UNNAMED ST", "borough": "bronx", "direction": "TW", "total_row_ft": 67.1, "roadbed_ft": 24.4, "median_ft": 0.0, "left_sw_ft": 21.2, "right_sw_ft": 21.5}, "geometry": {"type": "LineString", "coordinates": [[-73.84729292269111, 40.852062936416225], [-73.84750749807222, 40.85214904471892]]}}, {"type": "Feature", "properties": {"segment_id": 1107198, "physicalid": "76619", "street_name": "UNNAMED ST", "borough": "bronx", "direction": "TW", "total_row_ft": 66.9, "roadbed_ft": 24.6, "median_ft": 0.0, "left_sw_ft": 21.6, "right_sw_ft": 20.8}, "geometry": {"type": "LineString", "coordinates": [[-73.8473241534474, 40.85201338045294], [-73.84753810705952, 40.852099239233574]]}}, {"type": "Feature", "properties": {"segment_id": 1107199, "physicalid": "76619", "street_name": "UNNAMED ST", "borough": "bronx", "direction": "TW", "total_row_ft": 66.7, "roadbed_ft": 24.7, "median_ft": 0.0, "left_sw_ft": 21.5, "right_sw_ft": 20.5}, "geometry": {"type": "LineString", "coordinates": [[-73.8473593167552, 40.851965402623016], [-73.84757238452264, 40.85205090589806]]}}, {"type": "Feature", "properties": {"segment_id": 1107200, "physicalid": "76619", "street_name": "UNNAMED ST", "borough": "bronx", "direction": "TW", "total_row_ft": 66.8, "roadbed_ft": 24.6, "median_ft": 0.0, "left_sw_ft": 21.8, "right_sw_ft": 20.4}, "geometry": {"type": "LineString", "coordinates": [[-73.84740345675984, 40.851909260664094], [-73.84760008196194, 40.852015812540515]]}}, {"type": "Feature", "properties": {"segment_id": 1107201, "physicalid": "76619", "street_name": "UNNAMED ST", "borough": "bronx", "direction": "TW", "total_row_ft": 67.1, "roadbed_ft": 24.5, "median_ft": 0.0, "left_sw_ft": 22.3, "right_sw_ft": 20.3}, "geometry": {"type": "LineString", "coordinates": [[-73.84744254840773, 40.85186300469361], [-73.84764000693684, 40.85197000812565]]}}, {"type": "Feature", "properties": {"segment_id": 1107202, "physicalid": "76619", "street_name": "UNNAMED ST", "borough": "bronx", "direction": "TW", "total_row_ft": 67.8, "roadbed_ft": 24.5, "median_ft": 0.0, "left_sw_ft": 23.0, "right_sw_ft": 20.4}, "geometry": {"type": "LineString", "coordinates": [[-73.8474833217914, 40.85181766007986], [-73.84768282303247, 40.851925770428814]]}}, {"type": "Feature", "properties": {"segment_id": 1107203, "physicalid": "76619", "street_name": "UNNAMED ST", "borough": "bronx", "direction": "TW", "total_row_ft": 53.6, "roadbed_ft": 24.4, "median_ft": 0.0, "left_sw_ft": 8.7, "right_sw_ft": 20.5}, "geometry": {"type": "LineString", "coordinates": [[-73.84757566175193, 40.85179306909624], [-73.84771683683287, 40.851893639880394]]}}, {"type": "Feature", "properties": {"segment_id": 1107204, "physicalid": "76619", "street_name": "UNNAMED ST", "borough": "bronx", "direction": "TW", "total_row_ft": 67.4, "roadbed_ft": 41.4, "median_ft": 0.0, "left_sw_ft": 5.2, "right_sw_ft": 20.8}, "geometry": {"type": "LineString", "coordinates": [[-73.84758674056421, 40.851725690622196], [-73.84776448394005, 40.851852312072246]]}}, {"type": "Feature", "properties": {"segment_id": 1107205, "physicalid": "76619", "street_name": "UNNAMED ST", "borough": "bronx", "direction": "TW", "total_row_ft": 66.4, "roadbed_ft": 28.3, "median_ft": 0.0, "left_sw_ft": 16.8, "right_sw_ft": 21.3}, "geometry": {"type": "LineString", "coordinates": [[-73.84765064076407, 40.851680896004446], [-73.84780255660411, 40.85182213770106]]}}, {"type": "Feature", "properties": {"segment_id": 1107206, "physicalid": "76619", "street_name": "UNNAMED ST", "borough": "bronx", "direction": "TW", "total_row_ft": 67.2, "roadbed_ft": 23.5, "median_ft": 0.0, "left_sw_ft": 21.9, "right_sw_ft": 21.9}, "geometry": {"type": "LineString", "coordinates": [[-73.84770167868268, 40.85164156608353], [-73.84785530087761, 40.851784394151494]]}}, {"type": "Feature", "properties": {"segment_id": 1107207, "physicalid": "76619", "street_name": "UNNAMED ST", "borough": "bronx", "direction": "TW", "total_row_ft": 45.9, "roadbed_ft": 23.1, "median_ft": 0.0, "left_sw_ft": 0.1, "right_sw_ft": 22.7}, "geometry": {"type": "LineString", "coordinates": [[-73.84780559460877, 40.85165139884082], [-73.84791055117249, 40.85174898056294]]}}, {"type": "Feature", "properties": {"segment_id": 1107208, "physicalid": "76619", "street_name": "UNNAMED ST", "borough": "bronx", "direction": "TW", "total_row_ft": 93.8, "roadbed_ft": 23.6, "median_ft": 0.0, "left_sw_ft": 46.7, "right_sw_ft": 23.4}, "geometry": {"type": "LineString", "coordinates": [[-73.84777665331923, 40.851504276582794], [-73.8479552298644, 40.851723141204644]]}}, {"type": "Feature", "properties": {"segment_id": 1107209, "physicalid": "76619", "street_name": "UNNAMED ST", "borough": "bronx", "direction": "TW", "total_row_ft": 94.5, "roadbed_ft": 28.0, "median_ft": 0.0, "left_sw_ft": 43.8, "right_sw_ft": 22.7}, "geometry": {"type": "LineString", "coordinates": [[-73.84783810805074, 40.85147536597212], [-73.8480665538715, 40.851755350091715]]}}, {"type": "Feature", "properties": {"segment_id": 1107210, "physicalid": "76619", "street_name": "UNNAMED ST", "borough": "bronx", "direction": "TW", "total_row_ft": 98.6, "roadbed_ft": 56.4, "median_ft": 0.0, "left_sw_ft": 31.9, "right_sw_ft": 10.3}, "geometry": {"type": "LineString", "coordinates": [[-73.84791668341349, 40.851467438582915], [-73.84810445648138, 40.85169757378582]]}}, {"type": "Feature", "properties": {"segment_id": 1107211, "physicalid": "76619", "street_name": "UNNAMED ST", "borough": "bronx", "direction": "TW", "total_row_ft": 124.4, "roadbed_ft": 85.1, "median_ft": 0.0, "left_sw_ft": 24.3, "right_sw_ft": 15.0}, "geometry": {"type": "LineString", "coordinates": [[-73.84800526550373, 40.85143998877652], [-73.84816923162627, 40.851713103884755]]}}, {"type": "Feature", "properties": {"segment_id": 1107212, "physicalid": "76620", "street_name": "UNNAMED ST", "borough": "bronx", "direction": "TW", "total_row_ft": 101.9, "roadbed_ft": 81.4, "median_ft": 0.0, "left_sw_ft": 5.5, "right_sw_ft": 15.0}, "geometry": {"type": "LineString", "coordinates": [[-73.84666293903551, 40.853571341941674], [-73.84677249066084, 40.85334783324723]]}}, {"type": "Feature", "properties": {"segment_id": 1107213, "physicalid": "76620", "street_name": "UNNAMED ST", "borough": "bronx", "direction": "TW", "total_row_ft": 70.8, "roadbed_ft": 39.0, "median_ft": 0.0, "left_sw_ft": 4.4, "right_sw_ft": 27.5}, "geometry": {"type": "LineString", "coordinates": [[-73.8465960800714, 40.853550366391914], [-73.8466854025737, 40.85336812991438]]}}, {"type": "Feature", "properties": {"segment_id": 1107214, "physicalid": "76620", "street_name": "UNNAMED ST", "borough": "bronx", "direction": "TW", "total_row_ft": 86.3, "roadbed_ft": 29.9, "median_ft": 0.0, "left_sw_ft": 5.0, "right_sw_ft": 51.4}, "geometry": {"type": "LineString", "coordinates": [[-73.84653857294359, 40.85354183564087], [-73.84660396738889, 40.85331021628896]]}}, {"type": "Feature", "properties": {"segment_id": 1107215, "physicalid": "76620", "street_name": "UNNAMED ST", "borough": "bronx", "direction": "TW", "total_row_ft": 51.7, "roadbed_ft": 26.7, "median_ft": 0.0, "left_sw_ft": 6.8, "right_sw_ft": 18.2}, "geometry": {"type": "LineString", "coordinates": [[-73.84648094083202, 40.8535426190711], [-73.84649279523802, 40.853397721247596]]}}, {"type": "Feature", "properties": {"segment_id": 1107216, "physicalid": "76620", "street_name": "UNNAMED ST", "borough": "bronx", "direction": "TW", "total_row_ft": 39.8, "roadbed_ft": 25.0, "median_ft": 0.0, "left_sw_ft": 7.2, "right_sw_ft": 7.6}, "geometry": {"type": "LineString", "coordinates": [[-73.84640640355552, 40.853568316201034], [-73.84641802920446, 40.85342621651766]]}}, {"type": "Feature", "properties": {"segment_id": 1107217, "physicalid": "76620", "street_name": "UNNAMED ST", "borough": "bronx", "direction": "TW", "total_row_ft": 39.0, "roadbed_ft": 24.9, "median_ft": 0.0, "left_sw_ft": 6.5, "right_sw_ft": 7.6}, "geometry": {"type": "LineString", "coordinates": [[-73.84635791928437, 40.85357839708608], [-73.84633979706598, 40.85342567451862]]}}, {"type": "Feature", "properties": {"segment_id": 1107218, "physicalid": "76620", "street_name": "UNNAMED ST", "borough": "bronx", "direction": "TW", "total_row_ft": 40.4, "roadbed_ft": 26.3, "median_ft": 0.0, "left_sw_ft": 6.6, "right_sw_ft": 7.5}, "geometry": {"type": "LineString", "coordinates": [[-73.84628547066214, 40.8535795753431], [-73.84626714907112, 40.8534251711595]]}}, {"type": "Feature", "properties": {"segment_id": 1107219, "physicalid": "76620", "street_name": "UNNAMED ST", "borough": "bronx", "direction": "TW", "total_row_ft": 44.1, "roadbed_ft": 29.6, "median_ft": 0.0, "left_sw_ft": 6.8, "right_sw_ft": 7.7}, "geometry": {"type": "LineString", "coordinates": [[-73.84623543726038, 40.85357719248825], [-73.8461856885707, 40.853424484692326]]}}, {"type": "Feature", "properties": {"segment_id": 1107220, "physicalid": "76620", "street_name": "UNNAMED ST", "borough": "bronx", "direction": "TW", "total_row_ft": 49.0, "roadbed_ft": 34.1, "median_ft": 0.0, "left_sw_ft": 6.8, "right_sw_ft": 8.1}, "geometry": {"type": "LineString", "coordinates": [[-73.84615979618147, 40.853573611780654], [-73.84611067725228, 40.853422836525425]]}}, {"type": "Feature", "properties": {"segment_id": 1107221, "physicalid": "76620", "street_name": "UNNAMED ST", "borough": "bronx", "direction": "TW", "total_row_ft": 57.6, "roadbed_ft": 43.4, "median_ft": 0.0, "left_sw_ft": 7.2, "right_sw_ft": 6.9}, "geometry": {"type": "LineString", "coordinates": [[-73.8461010132055, 40.85357084923982], [-73.84601878452965, 40.85342081736963]]}}, {"type": "Feature", "properties": {"segment_id": 1107222, "physicalid": "76620", "street_name": "UNNAMED ST", "borough": "bronx", "direction": "TW", "total_row_ft": 98.7, "roadbed_ft": 79.5, "median_ft": 0.0, "left_sw_ft": 4.3, "right_sw_ft": 15.0}, "geometry": {"type": "LineString", "coordinates": [[-73.84602716605885, 40.85357898463972], [-73.84591088417527, 40.85336681965733]]}}, {"type": "Feature", "properties": {"segment_id": 1107223, "physicalid": "76620", "street_name": "UNNAMED ST", "borough": "bronx", "direction": "TW", "total_row_ft": 83.3, "roadbed_ft": 72.3, "median_ft": 0.0, "left_sw_ft": 4.2, "right_sw_ft": 6.8}, "geometry": {"type": "LineString", "coordinates": [[-73.84597351315627, 40.85359842146552], [-73.84581780879711, 40.8534027571402]]}}, {"type": "Feature", "properties": {"segment_id": 1107224, "physicalid": "76620", "street_name": "UNNAMED ST", "borough": "bronx", "direction": "TW", "total_row_ft": 70.2, "roadbed_ft": 55.5, "median_ft": 0.0, "left_sw_ft": 4.4, "right_sw_ft": 10.4}, "geometry": {"type": "LineString", "coordinates": [[-73.84591089059768, 40.853625873586076], [-73.84577963555432, 40.85346093314196]]}}, {"type": "Feature", "properties": {"segment_id": 1107225, "physicalid": "76620", "street_name": "UNNAMED ST", "borough": "bronx", "direction": "TW", "total_row_ft": 56.1, "roadbed_ft": 42.0, "median_ft": 0.0, "left_sw_ft": 4.8, "right_sw_ft": 9.3}, "geometry": {"type": "LineString", "coordinates": [[-73.84586114573162, 40.85365175669093], [-73.8457323741668, 40.85353297595798]]}}, {"type": "Feature", "properties": {"segment_id": 1107226, "physicalid": "76620", "street_name": "UNNAMED ST", "borough": "bronx", "direction": "TW", "total_row_ft": 50.5, "roadbed_ft": 35.4, "median_ft": 0.0, "left_sw_ft": 6.9, "right_sw_ft": 8.3}, "geometry": {"type": "LineString", "coordinates": [[-73.8458121745, 40.85369295884319], [-73.84569197364218, 40.85358208381384]]}}, {"type": "Feature", "properties": {"segment_id": 1107227, "physicalid": "76620", "street_name": "UNNAMED ST", "borough": "bronx", "direction": "TW", "total_row_ft": 45.6, "roadbed_ft": 30.4, "median_ft": 0.0, "left_sw_ft": 6.5, "right_sw_ft": 8.7}, "geometry": {"type": "LineString", "coordinates": [[-73.84578141816094, 40.85373071554003], [-73.84563811202143, 40.853635010842375]]}}, {"type": "Feature", "properties": {"segment_id": 1107228, "physicalid": "76620", "street_name": "UNNAMED ST", "borough": "bronx", "direction": "TW", "total_row_ft": 42.5, "roadbed_ft": 26.9, "median_ft": 0.0, "left_sw_ft": 6.5, "right_sw_ft": 9.1}, "geometry": {"type": "LineString", "coordinates": [[-73.8457403200508, 40.85377637467574], [-73.84559483034914, 40.8536792116933]]}}, {"type": "Feature", "properties": {"segment_id": 1107229, "physicalid": "76620", "street_name": "UNNAMED ST", "borough": "bronx", "direction": "TW", "total_row_ft": 40.2, "roadbed_ft": 25.4, "median_ft": 0.0, "left_sw_ft": 6.5, "right_sw_ft": 8.3}, "geometry": {"type": "LineString", "coordinates": [[-73.84570705423978, 40.85381335307938], [-73.8455471656524, 40.853729896495175]]}}, {"type": "Feature", "properties": {"segment_id": 1107230, "physicalid": "76620", "street_name": "UNNAMED ST", "borough": "bronx", "direction": "TW", "total_row_ft": 39.0, "roadbed_ft": 24.9, "median_ft": 0.0, "left_sw_ft": 6.5, "right_sw_ft": 7.6}, "geometry": {"type": "LineString", "coordinates": [[-73.84566629857305, 40.85385869352447], [-73.84550634108662, 40.85377520095149]]}}, {"type": "Feature", "properties": {"segment_id": 1107231, "physicalid": "76620", "street_name": "UNNAMED ST", "borough": "bronx", "direction": "TW", "total_row_ft": 38.9, "roadbed_ft": 24.7, "median_ft": 0.0, "left_sw_ft": 6.6, "right_sw_ft": 7.5}, "geometry": {"type": "LineString", "coordinates": [[-73.84561454975578, 40.85389829593108], [-73.84546664739479, 40.853821095702926]]}}, {"type": "Feature", "properties": {"segment_id": 1107232, "physicalid": "76620", "street_name": "UNNAMED ST", "borough": "bronx", "direction": "TW", "total_row_ft": 44.4, "roadbed_ft": 24.7, "median_ft": 0.0, "left_sw_ft": 6.8, "right_sw_ft": 12.9}, "geometry": {"type": "LineString", "coordinates": [[-73.84556833469316, 40.85393142420572], [-73.84540807435519, 40.85386791834904]]}}, {"type": "Feature", "properties": {"segment_id": 1107233, "physicalid": "76620", "street_name": "UNNAMED ST", "borough": "bronx", "direction": "TW", "total_row_ft": 45.9, "roadbed_ft": 24.9, "median_ft": 0.0, "left_sw_ft": 6.6, "right_sw_ft": 14.4}, "geometry": {"type": "LineString", "coordinates": [[-73.84551991993796, 40.85397415911052], [-73.8453505412012, 40.853907039877676]]}}, {"type": "Feature", "properties": {"segment_id": 1107234, "physicalid": "76620", "street_name": "UNNAMED ST", "borough": "bronx", "direction": "TW", "total_row_ft": 45.2, "roadbed_ft": 24.9, "median_ft": 0.0, "left_sw_ft": 5.1, "right_sw_ft": 15.2}, "geometry": {"type": "LineString", "coordinates": [[-73.84548559626883, 40.85401651366104], [-73.84527212702855, 40.853955834548515]]}}, {"type": "Feature", "properties": {"segment_id": 1107235, "physicalid": "76620", "street_name": "UNNAMED ST", "borough": "bronx", "direction": "TW", "total_row_ft": 43.4, "roadbed_ft": 24.8, "median_ft": 0.0, "left_sw_ft": 4.5, "right_sw_ft": 14.1}, "geometry": {"type": "LineString", "coordinates": [[-73.84545754944824, 40.85406715589743], [-73.8452056628268, 40.85399555648932]]}}, {"type": "Feature", "properties": {"segment_id": 1107236, "physicalid": "76620", "street_name": "UNNAMED ST", "borough": "bronx", "direction": "TW", "total_row_ft": 44.5, "roadbed_ft": 24.7, "median_ft": 0.0, "left_sw_ft": 4.7, "right_sw_ft": 15.1}, "geometry": {"type": "LineString", "coordinates": [[-73.84543537086084, 40.854119466190745], [-73.84518307232143, 40.854047749695034]]}}, {"type": "Feature", "properties": {"segment_id": 1107237, "physicalid": "76620", "street_name": "UNNAMED ST", "borough": "bronx", "direction": "TW", "total_row_ft": 43.8, "roadbed_ft": 24.4, "median_ft": 0.0, "left_sw_ft": 5.1, "right_sw_ft": 14.3}, "geometry": {"type": "LineString", "coordinates": [[-73.84541943154437, 40.8541676478439], [-73.8452439384006, 40.85413572525839]]}}, {"type": "Feature", "properties": {"segment_id": 1107238, "physicalid": "76620", "street_name": "UNNAMED ST", "borough": "bronx", "direction": "TW", "total_row_ft": 40.0, "roadbed_ft": 24.0, "median_ft": 0.0, "left_sw_ft": 8.0, "right_sw_ft": 8.1}, "geometry": {"type": "LineString", "coordinates": [[-73.84543950295914, 40.85422774616656], [-73.84527310233743, 40.854197477596244]]}}, {"type": "Feature", "properties": {"segment_id": 1107239, "physicalid": "76620", "street_name": "UNNAMED ST", "borough": "bronx", "direction": "TW", "total_row_ft": 40.2, "roadbed_ft": 23.5, "median_ft": 0.0, "left_sw_ft": 6.6, "right_sw_ft": 10.1}, "geometry": {"type": "LineString", "coordinates": [[-73.84544034207316, 40.85427405215591], [-73.84511929466655, 40.8542465384725]]}}, {"type": "Feature", "properties": {"segment_id": 1107240, "physicalid": "76620", "street_name": "UNNAMED ST", "borough": "bronx", "direction": "TW", "total_row_ft": 46.1, "roadbed_ft": 23.1, "median_ft": 0.0, "left_sw_ft": 6.7, "right_sw_ft": 16.3}, "geometry": {"type": "LineString", "coordinates": [[-73.8454095269273, 40.8543266539231], [-73.84514652993347, 40.85430411516045]]}}, {"type": "Feature", "properties": {"segment_id": 1107241, "physicalid": "76620", "street_name": "UNNAMED ST", "borough": "bronx", "direction": "TW", "total_row_ft": 45.2, "roadbed_ft": 23.0, "median_ft": 0.0, "left_sw_ft": 6.5, "right_sw_ft": 15.7}, "geometry": {"type": "LineString", "coordinates": [[-73.84539585367597, 40.854380724723015], [-73.84518125334999, 40.854362333575665]]}}, {"type": "Feature", "properties": {"segment_id": 1107242, "physicalid": "76620", "street_name": "UNNAMED ST", "borough": "bronx", "direction": "TW", "total_row_ft": 45.2, "roadbed_ft": 22.8, "median_ft": 0.0, "left_sw_ft": 7.2, "right_sw_ft": 15.2}, "geometry": {"type": "LineString", "coordinates": [[-73.84540911490137, 40.85442831474786], [-73.84521275900849, 40.8544296328744]]}}, {"type": "Feature", "properties": {"segment_id": 1107243, "physicalid": "76620", "street_name": "UNNAMED ST", "borough": "bronx", "direction": "TW", "total_row_ft": 39.3, "roadbed_ft": 22.8, "median_ft": 0.0, "left_sw_ft": 8.2, "right_sw_ft": 8.4}, "geometry": {"type": "LineString", "coordinates": [[-73.8454560130066, 40.85448289605982], [-73.84524871963436, 40.85448428768243]]}}, {"type": "Feature", "properties": {"segment_id": 1107244, "physicalid": "76620", "street_name": "UNNAMED ST", "borough": "bronx", "direction": "TW", "total_row_ft": 36.0, "roadbed_ft": 22.0, "median_ft": 0.0, "left_sw_ft": 6.5, "right_sw_ft": 7.5}, "geometry": {"type": "LineString", "coordinates": [[-73.8454788023729, 40.85452319987473], [-73.84525800377351, 40.85454478325234]]}}, {"type": "Feature", "properties": {"segment_id": 1107245, "physicalid": "76620", "street_name": "UNNAMED ST", "borough": "bronx", "direction": "TW", "total_row_ft": 36.6, "roadbed_ft": 28.1, "median_ft": 0.0, "left_sw_ft": 6.7, "right_sw_ft": 1.7}, "geometry": {"type": "LineString", "coordinates": [[-73.84547504459051, 40.854578914296575], [-73.84526713711267, 40.85459923753666]]}}, {"type": "Feature", "properties": {"segment_id": 1107246, "physicalid": "76621", "street_name": "UNNAMED ST", "borough": "bronx", "direction": "TW", "total_row_ft": 76.8, "roadbed_ft": 63.1, "median_ft": 0.0, "left_sw_ft": 11.9, "right_sw_ft": 1.8}, "geometry": {"type": "LineString", "coordinates": [[-73.84533490809753, 40.8548040686836], [-73.84526723366055, 40.854599663836716]]}}, {"type": "Feature", "properties": {"segment_id": 1107247, "physicalid": "76621", "street_name": "UNNAMED ST", "borough": "bronx", "direction": "TW", "total_row_ft": 65.1, "roadbed_ft": 35.1, "median_ft": 0.0, "left_sw_ft": 15.0, "right_sw_ft": 15.0}, "geometry": {"type": "LineString", "coordinates": [[-73.84527128644592, 40.854837065664896], [-73.84516553124324, 40.85451763972931]]}}, {"type": "Feature", "properties": {"segment_id": 1107248, "physicalid": "76621", "street_name": "UNNAMED ST", "borough": "bronx", "direction": "TW", "total_row_ft": 71.9, "roadbed_ft": 41.9, "median_ft": 0.0, "left_sw_ft": 15.0, "right_sw_ft": 15.0}, "geometry": {"type": "LineString", "coordinates": [[-73.84520117098936, 40.854850448775075], [-73.84509541610215, 40.85453102277596]]}}, {"type": "Feature", "properties": {"segment_id": 1107249, "physicalid": "76622", "street_name": "UNNAMED ST", "borough": "bronx", "direction": "TW", "total_row_ft": 106.6, "roadbed_ft": 76.6, "median_ft": 0.0, "left_sw_ft": 15.0, "right_sw_ft": 15.0}, "geometry": {"type": "LineString", "coordinates": [[-73.84556021473853, 40.85468767396056], [-73.84512687058111, 40.85470244824927]]}}, {"type": "Feature", "properties": {"segment_id": 1107250, "physicalid": "76622", "street_name": "UNNAMED ST", "borough": "bronx", "direction": "TW", "total_row_ft": 68.4, "roadbed_ft": 45.8, "median_ft": 0.0, "left_sw_ft": 7.7, "right_sw_ft": 15.0}, "geometry": {"type": "LineString", "coordinates": [[-73.8454461010707, 40.85474651402289], [-73.84513011342247, 40.8547572870371]]}}, {"type": "Feature", "properties": {"segment_id": 1107251, "physicalid": "76622", "street_name": "UNNAMED ST", "borough": "bronx", "direction": "TW", "total_row_ft": 51.4, "roadbed_ft": 25.8, "median_ft": 0.0, "left_sw_ft": 17.9, "right_sw_ft": 7.7}, "geometry": {"type": "LineString", "coordinates": [[-73.8455557988356, 40.854797723231094], [-73.84530744992963, 40.85480619053065]]}}, {"type": "Feature", "properties": {"segment_id": 1107252, "physicalid": "76622", "street_name": "UNNAMED ST", "borough": "bronx", "direction": "TW", "total_row_ft": 41.0, "roadbed_ft": 26.8, "median_ft": 0.0, "left_sw_ft": 6.3, "right_sw_ft": 7.8}, "geometry": {"type": "LineString", "coordinates": [[-73.8454612621895, 40.85485589581228], [-73.84531325556675, 40.854860941943514]]}}, {"type": "Feature", "properties": {"segment_id": 1107253, "physicalid": "76622", "street_name": "UNNAMED ST", "borough": "bronx", "direction": "TW", "total_row_ft": 44.1, "roadbed_ft": 29.0, "median_ft": 0.0, "left_sw_ft": 6.2, "right_sw_ft": 8.8}, "geometry": {"type": "LineString", "coordinates": [[-73.8454728665721, 40.854910449515216], [-73.8453135786623, 40.85491588027387]]}}, {"type": "Feature", "properties": {"segment_id": 1107254, "physicalid": "76622", "street_name": "UNNAMED ST", "borough": "bronx", "direction": "TW", "total_row_ft": 48.5, "roadbed_ft": 32.2, "median_ft": 0.0, "left_sw_ft": 7.0, "right_sw_ft": 9.2}, "geometry": {"type": "LineString", "coordinates": [[-73.84548892721263, 40.854964851282055], [-73.84531390175839, 40.8549708186037]]}}, {"type": "Feature", "properties": {"segment_id": 1107255, "physicalid": "76622", "street_name": "UNNAMED ST", "borough": "bronx", "direction": "TW", "total_row_ft": 54.0, "roadbed_ft": 39.0, "median_ft": 0.0, "left_sw_ft": 5.4, "right_sw_ft": 9.6}, "geometry": {"type": "LineString", "coordinates": [[-73.8455090974579, 40.855019112930414], [-73.845314224855, 40.855025756932996]]}}, {"type": "Feature", "properties": {"segment_id": 1107256, "physicalid": "76622", "street_name": "UNNAMED ST", "borough": "bronx", "direction": "TW", "total_row_ft": 91.7, "roadbed_ft": 61.7, "median_ft": 0.0, "left_sw_ft": 15.0, "right_sw_ft": 15.0}, "geometry": {"type": "LineString", "coordinates": [[-73.84558291723646, 40.85507154537833], [-73.84514957058302, 40.8550863197512]]}}, {"type": "Feature", "properties": {"segment_id": 1107257, "physicalid": "76623", "street_name": "UNNAMED ST", "borough": "bronx", "direction": "TW", "total_row_ft": 76.4, "roadbed_ft": 46.4, "median_ft": 0.0, "left_sw_ft": 15.0, "right_sw_ft": 15.0}, "geometry": {"type": "LineString", "coordinates": [[-73.84528565914941, 40.85475102083377], [-73.84485202104766, 40.854742563528006]]}}, {"type": "Feature", "properties": {"segment_id": 1107258, "physicalid": "76623", "street_name": "UNNAMED ST", "borough": "bronx", "direction": "TW", "total_row_ft": 51.9, "roadbed_ft": 21.9, "median_ft": 0.0, "left_sw_ft": 15.0, "right_sw_ft": 15.0}, "geometry": {"type": "LineString", "coordinates": [[-73.84528380291188, 40.8548058967739], [-73.8448501644526, 40.85479743946132]]}}, {"type": "Feature", "properties": {"segment_id": 1107259, "physicalid": "76623", "street_name": "UNNAMED ST", "borough": "bronx", "direction": "TW", "total_row_ft": 49.7, "roadbed_ft": 19.7, "median_ft": 0.0, "left_sw_ft": 15.0, "right_sw_ft": 15.0}, "geometry": {"type": "LineString", "coordinates": [[-73.84528194667128, 40.8548607727135], [-73.84484830785446, 40.85485231539403]]}}, {"type": "Feature", "properties": {"segment_id": 1107260, "physicalid": "76623", "street_name": "UNNAMED ST", "borough": "bronx", "direction": "TW", "total_row_ft": 51.6, "roadbed_ft": 21.6, "median_ft": 0.0, "left_sw_ft": 15.0, "right_sw_ft": 15.0}, "geometry": {"type": "LineString", "coordinates": [[-73.84528009042762, 40.8549156486526], [-73.84484645125326, 40.85490719132615]]}}, {"type": "Feature", "properties": {"segment_id": 1107261, "physicalid": "76623", "street_name": "UNNAMED ST", "borough": "bronx", "direction": "TW", "total_row_ft": 55.5, "roadbed_ft": 25.5, "median_ft": 0.0, "left_sw_ft": 15.0, "right_sw_ft": 15.0}, "geometry": {"type": "LineString", "coordinates": [[-73.8452782341809, 40.854970524591074], [-73.84484459464899, 40.85496206725773]]}}, {"type": "Feature", "properties": {"segment_id": 1107262, "physicalid": "76623", "street_name": "UNNAMED ST", "borough": "bronx", "direction": "TW", "total_row_ft": 60.0, "roadbed_ft": 30.0, "median_ft": 0.0, "left_sw_ft": 15.0, "right_sw_ft": 15.0}, "geometry": {"type": "LineString", "coordinates": [[-73.84527637793113, 40.855025400528966], [-73.84484273804166, 40.855016943188794]]}}, {"type": "Feature", "properties": {"segment_id": 1107263, "physicalid": "76623", "street_name": "UNNAMED ST", "borough": "bronx", "direction": "TW", "total_row_ft": 66.6, "roadbed_ft": 36.6, "median_ft": 0.0, "left_sw_ft": 15.0, "right_sw_ft": 15.0}, "geometry": {"type": "LineString", "coordinates": [[-73.84527452167826, 40.85508027646634], [-73.84484088143127, 40.85507181911928]]}}, {"type": "Feature", "properties": {"segment_id": 1107264, "physicalid": "76623", "street_name": "UNNAMED ST", "borough": "bronx", "direction": "TW", "total_row_ft": 125.3, "roadbed_ft": 95.3, "median_ft": 0.0, "left_sw_ft": 15.0, "right_sw_ft": 15.0}, "geometry": {"type": "LineString", "coordinates": [[-73.84527266542236, 40.855135152403186], [-73.84483902481782, 40.85512669504916]]}}, {"type": "Feature", "properties": {"segment_id": 1107265, "physicalid": "76623", "street_name": "UNNAMED ST", "borough": "bronx", "direction": "TW", "total_row_ft": 99.2, "roadbed_ft": 75.1, "median_ft": 0.0, "left_sw_ft": 15.0, "right_sw_ft": 9.1}, "geometry": {"type": "LineString", "coordinates": [[-73.84509672778549, 40.8549754310626], [-73.84511821342457, 40.85520606010393]]}}, {"type": "Feature", "properties": {"segment_id": 1107266, "physicalid": "76623", "street_name": "UNNAMED ST", "borough": "bronx", "direction": "TW", "total_row_ft": 45.8, "roadbed_ft": 21.3, "median_ft": 0.0, "left_sw_ft": 15.0, "right_sw_ft": 9.5}, "geometry": {"type": "LineString", "coordinates": [[-73.84516884469149, 40.854971557764614], [-73.84519013523636, 40.855200089992344]]}}, {"type": "Feature", "properties": {"segment_id": 1107267, "physicalid": "76623", "street_name": "UNNAMED ST", "borough": "bronx", "direction": "TW", "total_row_ft": 45.5, "roadbed_ft": 21.4, "median_ft": 0.0, "left_sw_ft": 15.0, "right_sw_ft": 9.1}, "geometry": {"type": "LineString", "coordinates": [[-73.8452409615891, 40.85496768442154], [-73.84526205708711, 40.85519412039271]]}}, {"type": "Feature", "properties": {"segment_id": 1107268, "physicalid": "76624", "street_name": "UNNAMED ST", "borough": "bronx", "direction": "TW", "total_row_ft": 47.1, "roadbed_ft": 24.7, "median_ft": 0.0, "left_sw_ft": 7.4, "right_sw_ft": 15.0}, "geometry": {"type": "LineString", "coordinates": [[-73.84482271971333, 40.854112769442516], [-73.84471416325704, 40.854348519100824]]}}, {"type": "Feature", "properties": {"segment_id": 1107269, "physicalid": "76624", "street_name": "UNNAMED ST", "borough": "bronx", "direction": "TW", "total_row_ft": 53.9, "roadbed_ft": 22.5, "median_ft": 0.0, "left_sw_ft": 16.4, "right_sw_ft": 15.0}, "geometry": {"type": "LineString", "coordinates": [[-73.84495919499989, 40.854085600537736], [-73.84473364702122, 40.85435892694967]]}}, {"type": "Feature", "properties": {"segment_id": 1107270, "physicalid": "76624", "street_name": "UNNAMED ST", "borough": "bronx", "direction": "TW", "total_row_ft": 45.1, "roadbed_ft": 23.2, "median_ft": 0.0, "left_sw_ft": 6.8, "right_sw_ft": 15.0}, "geometry": {"type": "LineString", "coordinates": [[-73.84501181636999, 40.854173126052636], [-73.84474907892468, 40.85437143830618]]}}, {"type": "Feature", "properties": {"segment_id": 1107271, "physicalid": "76624", "street_name": "UNNAMED ST", "borough": "bronx", "direction": "TW", "total_row_ft": 44.4, "roadbed_ft": 22.6, "median_ft": 0.0, "left_sw_ft": 6.7, "right_sw_ft": 15.0}, "geometry": {"type": "LineString", "coordinates": [[-73.84510147318379, 40.85422610861206], [-73.84476108643722, 40.85438576134724]]}}, {"type": "Feature", "properties": {"segment_id": 1107272, "physicalid": "76624", "street_name": "UNNAMED ST", "borough": "bronx", "direction": "TW", "total_row_ft": 42.6, "roadbed_ft": 21.0, "median_ft": 0.0, "left_sw_ft": 6.7, "right_sw_ft": 15.0}, "geometry": {"type": "LineString", "coordinates": [[-73.84516942700947, 40.85429839936474], [-73.8447698474329, 40.8544024008906]]}}, {"type": "Feature", "properties": {"segment_id": 1107273, "physicalid": "76624", "street_name": "UNNAMED ST", "borough": "bronx", "direction": "TW", "total_row_ft": 48.0, "roadbed_ft": 27.6, "median_ft": 0.0, "left_sw_ft": 5.4, "right_sw_ft": 15.0}, "geometry": {"type": "LineString", "coordinates": [[-73.84520574010325, 40.85437076243953], [-73.84477987368089, 40.854433383937504]]}}, {"type": "Feature", "properties": {"segment_id": 1107274, "physicalid": "76624", "street_name": "UNNAMED ST", "borough": "bronx", "direction": "TW", "total_row_ft": 66.9, "roadbed_ft": 49.5, "median_ft": 0.0, "left_sw_ft": 2.4, "right_sw_ft": 15.0}, "geometry": {"type": "LineString", "coordinates": [[-73.84521948589497, 40.854424655144214], [-73.84479361914049, 40.854487276692325]]}}, {"type": "Feature", "properties": {"segment_id": 1107275, "physicalid": "76624", "street_name": "UNNAMED ST", "borough": "bronx", "direction": "TW", "total_row_ft": 100.5, "roadbed_ft": 70.5, "median_ft": 0.0, "left_sw_ft": 15.0, "right_sw_ft": 15.0}, "geometry": {"type": "LineString", "coordinates": [[-73.84523323170895, 40.85447854784674], [-73.84480736462234, 40.854541169445014]]}}, {"type": "Feature", "properties": {"segment_id": 1107276, "physicalid": "76624", "street_name": "UNNAMED ST", "borough": "bronx", "direction": "TW", "total_row_ft": 66.6, "roadbed_ft": 36.6, "median_ft": 0.0, "left_sw_ft": 15.0, "right_sw_ft": 15.0}, "geometry": {"type": "LineString", "coordinates": [[-73.84524697754522, 40.85453244054713], [-73.84482111012647, 40.854595062195564]]}}, {"type": "Feature", "properties": {"segment_id": 1107277, "physicalid": "76624", "street_name": "UNNAMED ST", "borough": "bronx", "direction": "TW", "total_row_ft": 60.3, "roadbed_ft": 30.3, "median_ft": 0.0, "left_sw_ft": 15.0, "right_sw_ft": 15.0}, "geometry": {"type": "LineString", "coordinates": [[-73.84526072340377, 40.85458633324541], [-73.84483485565288, 40.85464895494391]]}}, {"type": "Feature", "properties": {"segment_id": 1107278, "physicalid": "76625", "street_name": "UNNAMED ST", "borough": "bronx", "direction": "TW", "total_row_ft": 54.5, "roadbed_ft": 30.8, "median_ft": 0.0, "left_sw_ft": 14.1, "right_sw_ft": 9.6}, "geometry": {"type": "LineString", "coordinates": [[-73.84551200204454, 40.85517116194162], [-73.8453150843591, 40.85516556665129]]}}, {"type": "Feature", "properties": {"segment_id": 1107279, "physicalid": "76625", "street_name": "UNNAMED ST", "borough": "bronx", "direction": "TW", "total_row_ft": 46.7, "roadbed_ft": 30.0, "median_ft": 0.0, "left_sw_ft": 5.3, "right_sw_ft": 11.3}, "geometry": {"type": "LineString", "coordinates": [[-73.84548393633709, 40.85522529694895], [-73.8453076125437, 40.85522028679788]]}}, {"type": "Feature", "properties": {"segment_id": 1107280, "physicalid": "76625", "street_name": "UNNAMED ST", "borough": "bronx", "direction": "TW", "total_row_ft": 46.4, "roadbed_ft": 29.5, "median_ft": 0.0, "left_sw_ft": 5.8, "right_sw_ft": 11.2}, "geometry": {"type": "LineString", "coordinates": [[-73.84547373569814, 40.85527993956597], [-73.84530595570871, 40.85527517217808]]}}, {"type": "Feature", "properties": {"segment_id": 1107281, "physicalid": "76625", "street_name": "UNNAMED ST", "borough": "bronx", "direction": "TW", "total_row_ft": 46.4, "roadbed_ft": 29.1, "median_ft": 0.0, "left_sw_ft": 6.5, "right_sw_ft": 10.7}, "geometry": {"type": "LineString", "coordinates": [[-73.84547173384756, 40.8553348151409], [-73.84530429887096, 40.85533005755772]]}}, {"type": "Feature", "properties": {"segment_id": 1107282, "physicalid": "76625", "street_name": "UNNAMED ST", "borough": "bronx", "direction": "TW", "total_row_ft": 46.0, "roadbed_ft": 29.0, "median_ft": 0.0, "left_sw_ft": 6.7, "right_sw_ft": 10.3}, "geometry": {"type": "LineString", "coordinates": [[-73.84546809371244, 40.85538964416552], [-73.84530191397761, 40.85538492224901]]}}, {"type": "Feature", "properties": {"segment_id": 1107283, "physicalid": "76625", "street_name": "UNNAMED ST", "borough": "bronx", "direction": "TW", "total_row_ft": 45.8, "roadbed_ft": 29.1, "median_ft": 0.0, "left_sw_ft": 6.8, "right_sw_ft": 9.9}, "geometry": {"type": "LineString", "coordinates": [[-73.84546358326797, 40.85544444846082], [-73.84529817142737, 40.8554397483617]]}}, {"type": "Feature", "properties": {"segment_id": 1107284, "physicalid": "76625", "street_name": "UNNAMED ST", "borough": "bronx", "direction": "TW", "total_row_ft": 45.6, "roadbed_ft": 29.6, "median_ft": 0.0, "left_sw_ft": 6.4, "right_sw_ft": 9.6}, "geometry": {"type": "LineString", "coordinates": [[-73.84545820215773, 40.85549922801673], [-73.84529331710736, 40.855494542882674]]}}, {"type": "Feature", "properties": {"segment_id": 1107285, "physicalid": "76625", "street_name": "UNNAMED ST", "borough": "bronx", "direction": "TW", "total_row_ft": 45.6, "roadbed_ft": 30.4, "median_ft": 0.0, "left_sw_ft": 5.8, "right_sw_ft": 9.5}, "geometry": {"type": "LineString", "coordinates": [[-73.84545194969202, 40.85555398281353], [-73.84528720035239, 40.8555493015307]]}}, {"type": "Feature", "properties": {"segment_id": 1107286, "physicalid": "76625", "street_name": "UNNAMED ST", "borough": "bronx", "direction": "TW", "total_row_ft": 45.6, "roadbed_ft": 30.9, "median_ft": 0.0, "left_sw_ft": 5.4, "right_sw_ft": 9.3}, "geometry": {"type": "LineString", "coordinates": [[-73.84544482357684, 40.855608712785994], [-73.84527997329474, 40.85560402862854]]}}, {"type": "Feature", "properties": {"segment_id": 1107287, "physicalid": "76625", "street_name": "UNNAMED ST", "borough": "bronx", "direction": "TW", "total_row_ft": 45.7, "roadbed_ft": 31.2, "median_ft": 0.0, "left_sw_ft": 5.2, "right_sw_ft": 9.3}, "geometry": {"type": "LineString", "coordinates": [[-73.84543682191932, 40.855663417880194], [-73.84527163288763, 40.855658724089494]]}}, {"type": "Feature", "properties": {"segment_id": 1107288, "physicalid": "76625", "street_name": "UNNAMED ST", "borough": "bronx", "direction": "TW", "total_row_ft": 45.3, "roadbed_ft": 31.7, "median_ft": 0.0, "left_sw_ft": 4.9, "right_sw_ft": 8.8}, "geometry": {"type": "LineString", "coordinates": [[-73.8454259829831, 40.85571804235527], [-73.8452621764136, 40.855713387836175]]}}, {"type": "Feature", "properties": {"segment_id": 1107289, "physicalid": "76625", "street_name": "UNNAMED ST", "borough": "bronx", "direction": "TW", "total_row_ft": 46.7, "roadbed_ft": 31.5, "median_ft": 0.0, "left_sw_ft": 5.2, "right_sw_ft": 10.0}, "geometry": {"type": "LineString", "coordinates": [[-73.84541618411126, 40.85577269638174], [-73.84524757920902, 40.85576790550549]]}}, {"type": "Feature", "properties": {"segment_id": 1107290, "physicalid": "76625", "street_name": "UNNAMED ST", "borough": "bronx", "direction": "TW", "total_row_ft": 47.5, "roadbed_ft": 30.2, "median_ft": 0.0, "left_sw_ft": 6.6, "right_sw_ft": 10.7}, "geometry": {"type": "LineString", "coordinates": [[-73.84540798853342, 40.855827395963544], [-73.84523647105317, 40.85582252231662]]}}, {"type": "Feature", "properties": {"segment_id": 1107291, "physicalid": "76625", "street_name": "UNNAMED ST", "borough": "bronx", "direction": "TW", "total_row_ft": 47.5, "roadbed_ft": 30.1, "median_ft": 0.0, "left_sw_ft": 6.8, "right_sw_ft": 10.6}, "geometry": {"type": "LineString", "coordinates": [[-73.84540150648611, 40.85588214423314], [-73.84522974410314, 40.855877263621565]]}}, {"type": "Feature", "properties": {"segment_id": 1107292, "physicalid": "76625", "street_name": "UNNAMED ST", "borough": "bronx", "direction": "TW", "total_row_ft": 46.7, "roadbed_ft": 30.9, "median_ft": 0.0, "left_sw_ft": 5.8, "right_sw_ft": 10.1}, "geometry": {"type": "LineString", "coordinates": [[-73.84539643804912, 40.85593693266878], [-73.84522756469903, 40.85593213414746]]}}, {"type": "Feature", "properties": {"segment_id": 1107293, "physicalid": "76625", "street_name": "UNNAMED ST", "borough": "bronx", "direction": "TW", "total_row_ft": 45.7, "roadbed_ft": 30.6, "median_ft": 0.0, "left_sw_ft": 5.1, "right_sw_ft": 10.1}, "geometry": {"type": "LineString", "coordinates": [[-73.84539592349311, 40.85599185049866], [-73.8452298334692, 40.85598713107051]]}}, {"type": "Feature", "properties": {"segment_id": 1107294, "physicalid": "76625", "street_name": "UNNAMED ST", "borough": "bronx", "direction": "TW", "total_row_ft": 45.3, "roadbed_ft": 29.5, "median_ft": 0.0, "left_sw_ft": 5.5, "right_sw_ft": 10.4}, "geometry": {"type": "LineString", "coordinates": [[-73.84541404961838, 40.856047297985405], [-73.84523654635953, 40.85604225427496]]}}, {"type": "Feature", "properties": {"segment_id": 1107295, "physicalid": "76625", "street_name": "UNNAMED ST", "borough": "bronx", "direction": "TW", "total_row_ft": 44.5, "roadbed_ft": 29.5, "median_ft": 0.0, "left_sw_ft": 5.0, "right_sw_ft": 10.0}, "geometry": {"type": "LineString", "coordinates": [[-73.84542511245598, 40.856063027813526], [-73.84526185785835, 40.85612995550554]]}}, {"type": "Feature", "properties": {"segment_id": 1107296, "physicalid": "76625", "street_name": "UNNAMED ST", "borough": "bronx", "direction": "TW", "total_row_ft": 43.7, "roadbed_ft": 28.6, "median_ft": 0.0, "left_sw_ft": 5.0, "right_sw_ft": 10.1}, "geometry": {"type": "LineString", "coordinates": [[-73.84546333871857, 40.85610974125851], [-73.8452853064102, 40.85618272721229]]}}, {"type": "Feature", "properties": {"segment_id": 1107297, "physicalid": "76625", "street_name": "UNNAMED ST", "borough": "bronx", "direction": "TW", "total_row_ft": 43.7, "roadbed_ft": 28.5, "median_ft": 0.0, "left_sw_ft": 5.0, "right_sw_ft": 10.2}, "geometry": {"type": "LineString", "coordinates": [[-73.84550128892676, 40.85615656788379], [-73.84531201750869, 40.856234161422705]]}}, {"type": "Feature", "properties": {"segment_id": 1107298, "physicalid": "76625", "street_name": "UNNAMED ST", "borough": "bronx", "direction": "TW", "total_row_ft": 44.7, "roadbed_ft": 29.4, "median_ft": 0.0, "left_sw_ft": 5.0, "right_sw_ft": 10.3}, "geometry": {"type": "LineString", "coordinates": [[-73.845538961957, 40.85620350815016], [-73.84534201242944, 40.85628424941486]]}}, {"type": "Feature", "properties": {"segment_id": 1107299, "physicalid": "76625", "street_name": "UNNAMED ST", "borough": "bronx", "direction": "TW", "total_row_ft": 44.7, "roadbed_ft": 29.3, "median_ft": 0.0, "left_sw_ft": 5.0, "right_sw_ft": 10.4}, "geometry": {"type": "LineString", "coordinates": [[-73.84557198171039, 40.856252356085896], [-73.84537517427142, 40.856333039113075]]}}, {"type": "Feature", "properties": {"segment_id": 1107300, "physicalid": "76625", "street_name": "UNNAMED ST", "borough": "bronx", "direction": "TW", "total_row_ft": 44.6, "roadbed_ft": 28.4, "median_ft": 0.0, "left_sw_ft": 5.1, "right_sw_ft": 11.1}, "geometry": {"type": "LineString", "coordinates": [[-73.84559629443453, 40.856304773570514], [-73.84541149742506, 40.8563805328164]]}}, {"type": "Feature", "properties": {"segment_id": 1107301, "physicalid": "76625", "street_name": "UNNAMED ST", "borough": "bronx", "direction": "TW", "total_row_ft": 44.0, "roadbed_ft": 28.0, "median_ft": 0.0, "left_sw_ft": 5.2, "right_sw_ft": 10.8}, "geometry": {"type": "LineString", "coordinates": [[-73.8456125012829, 40.856360514153536], [-73.8454522490499, 40.85642621104132]]}}, {"type": "Feature", "properties": {"segment_id": 1107302, "physicalid": "76625", "street_name": "UNNAMED ST", "borough": "bronx", "direction": "TW", "total_row_ft": 43.6, "roadbed_ft": 28.5, "median_ft": 0.0, "left_sw_ft": 5.0, "right_sw_ft": 10.2}, "geometry": {"type": "LineString", "coordinates": [[-73.84563755365757, 40.856412628430554], [-73.8454942223599, 40.85647138843441]]}}, {"type": "Feature", "properties": {"segment_id": 1107303, "physicalid": "76625", "street_name": "UNNAMED ST", "borough": "bronx", "direction": "TW", "total_row_ft": 43.8, "roadbed_ft": 31.5, "median_ft": 0.0, "left_sw_ft": 2.8, "right_sw_ft": 9.5}, "geometry": {"type": "LineString", "coordinates": [[-73.84567557412619, 40.85645942631318], [-73.8455361961927, 40.85651656562095]]}}, {"type": "Feature", "properties": {"segment_id": 1107304, "physicalid": "76625", "street_name": "UNNAMED ST", "borough": "bronx", "direction": "TW", "total_row_ft": 76.1, "roadbed_ft": 64.7, "median_ft": 0.0, "left_sw_ft": 2.0, "right_sw_ft": 9.4}, "geometry": {"type": "LineString", "coordinates": [[-73.84584724027007, 40.85645143462208], [-73.84557743391466, 40.85656204459027]]}}, {"type": "Feature", "properties": {"segment_id": 1107305, "physicalid": "76625", "street_name": "UNNAMED ST", "borough": "bronx", "direction": "TW", "total_row_ft": 52.8, "roadbed_ft": 34.1, "median_ft": 0.0, "left_sw_ft": 8.8, "right_sw_ft": 9.9}, "geometry": {"type": "LineString", "coordinates": [[-73.84581411030835, 40.856527401248655], [-73.84561760550184, 40.85660796077784]]}}, {"type": "Feature", "properties": {"segment_id": 1107306, "physicalid": "76625", "street_name": "UNNAMED ST", "borough": "bronx", "direction": "TW", "total_row_ft": 59.2, "roadbed_ft": 28.7, "median_ft": 0.0, "left_sw_ft": 20.2, "right_sw_ft": 10.3}, "geometry": {"type": "LineString", "coordinates": [[-73.84588096092486, 40.85656237982565], [-73.8456577769465, 40.856653876882376]]}}, {"type": "Feature", "properties": {"segment_id": 1107307, "physicalid": "76625", "street_name": "UNNAMED ST", "borough": "bronx", "direction": "TW", "total_row_ft": 50.1, "roadbed_ft": 30.7, "median_ft": 0.0, "left_sw_ft": 10.2, "right_sw_ft": 9.2}, "geometry": {"type": "LineString", "coordinates": [[-73.84585725301191, 40.85663448412219], [-73.84569794842034, 40.85669979298334]]}}, {"type": "Feature", "properties": {"segment_id": 1107308, "physicalid": "76625", "street_name": "UNNAMED ST", "borough": "bronx", "direction": "TW", "total_row_ft": 55.0, "roadbed_ft": 32.3, "median_ft": 0.0, "left_sw_ft": 11.2, "right_sw_ft": 11.4}, "geometry": {"type": "LineString", "coordinates": [[-73.8459016376888, 40.856678672946074], [-73.84572675826516, 40.856750366919655]]}}, {"type": "Feature", "properties": {"segment_id": 1107309, "physicalid": "76625", "street_name": "UNNAMED ST", "borough": "bronx", "direction": "TW", "total_row_ft": 56.8, "roadbed_ft": 31.8, "median_ft": 0.0, "left_sw_ft": 10.0, "right_sw_ft": 15.0}, "geometry": {"type": "LineString", "coordinates": [[-73.84592995534567, 40.85672944867055], [-73.84563728461723, 40.85684943240335]]}}, {"type": "Feature", "properties": {"segment_id": 1107310, "physicalid": "76625", "street_name": "UNNAMED ST", "borough": "bronx", "direction": "TW", "total_row_ft": 54.5, "roadbed_ft": 31.4, "median_ft": 0.0, "left_sw_ft": 8.1, "right_sw_ft": 15.0}, "geometry": {"type": "LineString", "coordinates": [[-73.84595612275432, 40.856781105928654], [-73.84567163476382, 40.85689773506156]]}}, {"type": "Feature", "properties": {"segment_id": 1107311, "physicalid": "76625", "street_name": "UNNAMED ST", "borough": "bronx", "direction": "TW", "total_row_ft": 51.4, "roadbed_ft": 28.8, "median_ft": 0.0, "left_sw_ft": 7.5, "right_sw_ft": 15.0}, "geometry": {"type": "LineString", "coordinates": [[-73.84597908098083, 40.856847353916166], [-73.84568696187287, 40.85692104914983]]}}, {"type": "Feature", "properties": {"segment_id": 1107312, "physicalid": "76625", "street_name": "UNNAMED ST", "borough": "bronx", "direction": "TW", "total_row_ft": 49.4, "roadbed_ft": 28.0, "median_ft": 0.0, "left_sw_ft": 6.5, "right_sw_ft": 15.0}, "geometry": {"type": "LineString", "coordinates": [[-73.84599193603273, 40.85690195578088], [-73.84570975896759, 40.8569731428462]]}}, {"type": "Feature", "properties": {"segment_id": 1107313, "physicalid": "76625", "street_name": "UNNAMED ST", "borough": "bronx", "direction": "TW", "total_row_ft": 49.9, "roadbed_ft": 28.8, "median_ft": 0.0, "left_sw_ft": 6.1, "right_sw_ft": 15.0}, "geometry": {"type": "LineString", "coordinates": [[-73.84600456179389, 40.85695661549432], [-73.84573255609801, 40.85702523653761]]}}, {"type": "Feature", "properties": {"segment_id": 1107314, "physicalid": "76625", "street_name": "UNNAMED ST", "borough": "bronx", "direction": "TW", "total_row_ft": 52.5, "roadbed_ft": 28.6, "median_ft": 0.0, "left_sw_ft": 8.9, "right_sw_ft": 15.0}, "geometry": {"type": "LineString", "coordinates": [[-73.84602089250725, 40.85703511412007], [-73.84573213451156, 40.857001062429624]]}}, {"type": "Feature", "properties": {"segment_id": 1107315, "physicalid": "76625", "street_name": "UNNAMED ST", "borough": "bronx", "direction": "TW", "total_row_ft": 52.0, "roadbed_ft": 28.2, "median_ft": 0.0, "left_sw_ft": 8.7, "right_sw_ft": 15.0}, "geometry": {"type": "LineString", "coordinates": [[-73.84601608322019, 40.85709009914691], [-73.84572103824279, 40.857055306074315]]}}, {"type": "Feature", "properties": {"segment_id": 1107316, "physicalid": "76625", "street_name": "UNNAMED ST", "borough": "bronx", "direction": "TW", "total_row_ft": 52.5, "roadbed_ft": 28.9, "median_ft": 0.0, "left_sw_ft": 8.6, "right_sw_ft": 15.0}, "geometry": {"type": "LineString", "coordinates": [[-73.84600860632932, 40.857144769601405], [-73.8457099419559, 40.85710954971747]]}}, {"type": "Feature", "properties": {"segment_id": 1107317, "physicalid": "76625", "street_name": "UNNAMED ST", "borough": "bronx", "direction": "TW", "total_row_ft": 52.6, "roadbed_ft": 29.1, "median_ft": 0.0, "left_sw_ft": 8.4, "right_sw_ft": 15.0}, "geometry": {"type": "LineString", "coordinates": [[-73.84600112938374, 40.85719944004994], [-73.84569884565094, 40.85716379335894]]}}, {"type": "Feature", "properties": {"segment_id": 1107318, "physicalid": "76625", "street_name": "UNNAMED ST", "borough": "bronx", "direction": "TW", "total_row_ft": 52.7, "roadbed_ft": 30.4, "median_ft": 0.0, "left_sw_ft": 7.2, "right_sw_ft": 15.0}, "geometry": {"type": "LineString", "coordinates": [[-73.84599365239632, 40.85725411049394], [-73.84568774932787, 40.85721803699888]]}}, {"type": "Feature", "properties": {"segment_id": 1107319, "physicalid": "76625", "street_name": "UNNAMED ST", "borough": "bronx", "direction": "TW", "total_row_ft": 85.5, "roadbed_ft": 33.7, "median_ft": 0.0, "left_sw_ft": 38.1, "right_sw_ft": 13.7}, "geometry": {"type": "LineString", "coordinates": [[-73.84610531135341, 40.85732282976238], [-73.84579998414641, 40.8572868245166]]}}, {"type": "Feature", "properties": {"segment_id": 1258529, "physicalid": "86507", "street_name": "YATES AVE", "borough": "bronx", "direction": "FT", "total_row_ft": 48.3, "roadbed_ft": 30.1, "median_ft": 0.0, "left_sw_ft": 9.1, "right_sw_ft": 9.1}, "geometry": {"type": "LineString", "coordinates": [[-73.85005334139491, 40.84999865380784], [-73.84990320106401, 40.85006647998638]]}}, {"type": "Feature", "properties": {"segment_id": 1278935, "physicalid": "87633", "street_name": "WOODHULL AVE", "borough": "bronx", "direction": "TW", "total_row_ft": 150.0, "roadbed_ft": 120.0, "median_ft": 0.0, "left_sw_ft": 15.0, "right_sw_ft": 15.0}, "geometry": {"type": "LineString", "coordinates": [[-73.84208189359778, 40.859452564197], [-73.84164818622877, 40.8594453376903]]}}, {"type": "Feature", "properties": {"segment_id": 1278936, "physicalid": "87633", "street_name": "WOODHULL AVE", "borough": "bronx", "direction": "TW", "total_row_ft": 86.2, "roadbed_ft": 34.1, "median_ft": 0.0, "left_sw_ft": 41.7, "right_sw_ft": 10.4}, "geometry": {"type": "LineString", "coordinates": [[-73.84208030741274, 40.859507444976664], [-73.84176868031388, 40.85950225275748]]}}, {"type": "Feature", "properties": {"segment_id": 1278937, "physicalid": "87633", "street_name": "WOODHULL AVE", "borough": "bronx", "direction": "TW", "total_row_ft": 51.8, "roadbed_ft": 34.0, "median_ft": 0.0, "left_sw_ft": 7.9, "right_sw_ft": 9.9}, "geometry": {"type": "LineString", "coordinates": [[-73.84195617963955, 40.859560284112284], [-73.84176884089021, 40.85955716264294]]}}, {"type": "Feature", "properties": {"segment_id": 1278938, "physicalid": "87633", "street_name": "WOODHULL AVE", "borough": "bronx", "direction": "TW", "total_row_ft": 51.4, "roadbed_ft": 34.0, "median_ft": 0.0, "left_sw_ft": 8.0, "right_sw_ft": 9.4}, "geometry": {"type": "LineString", "coordinates": [[-73.84195491137757, 40.85961517018795], [-73.84176900156184, 40.85961207252945]]}}, {"type": "Feature", "properties": {"segment_id": 1278939, "physicalid": "87633", "street_name": "WOODHULL AVE", "borough": "bronx", "direction": "TW", "total_row_ft": 51.2, "roadbed_ft": 34.0, "median_ft": 0.0, "left_sw_ft": 7.6, "right_sw_ft": 9.6}, "geometry": {"type": "LineString", "coordinates": [[-73.84195172482322, 40.859670024301785], [-73.84176660377712, 40.85966693978397]]}}, {"type": "Feature", "properties": {"segment_id": 1278940, "physicalid": "87633", "street_name": "WOODHULL AVE", "borough": "bronx", "direction": "TW", "total_row_ft": 51.2, "roadbed_ft": 33.9, "median_ft": 0.0, "left_sw_ft": 7.4, "right_sw_ft": 9.9}, "geometry": {"type": "LineString", "coordinates": [[-73.84194930977328, 40.85972489126941], [-73.84176408980566, 40.85972180510198]]}}, {"type": "Feature", "properties": {"segment_id": 1278941, "physicalid": "87633", "street_name": "WOODHULL AVE", "borough": "bronx", "direction": "TW", "total_row_ft": 51.7, "roadbed_ft": 33.9, "median_ft": 0.0, "left_sw_ft": 7.6, "right_sw_ft": 10.2}, "geometry": {"type": "LineString", "coordinates": [[-73.84194826033348, 40.85977978098945], [-73.84176157589404, 40.85977667042042]]}}, {"type": "Feature", "properties": {"segment_id": 1278942, "physicalid": "87633", "street_name": "WOODHULL AVE", "borough": "bronx", "direction": "TW", "total_row_ft": 52.1, "roadbed_ft": 33.9, "median_ft": 0.0, "left_sw_ft": 7.8, "right_sw_ft": 10.4}, "geometry": {"type": "LineString", "coordinates": [[-73.84194719086456, 40.85983467037524], [-73.84175906204705, 40.859831535739474]]}}, {"type": "Feature", "properties": {"segment_id": 1278943, "physicalid": "87633", "street_name": "WOODHULL AVE", "borough": "bronx", "direction": "TW", "total_row_ft": 51.8, "roadbed_ft": 33.9, "median_ft": 0.0, "left_sw_ft": 7.6, "right_sw_ft": 10.4}, "geometry": {"type": "LineString", "coordinates": [[-73.84194479163966, 40.859889537605], [-73.84175755035886, 40.85988641775692]]}}, {"type": "Feature", "properties": {"segment_id": 1278944, "physicalid": "87633", "street_name": "WOODHULL AVE", "borough": "bronx", "direction": "TW", "total_row_ft": 51.5, "roadbed_ft": 33.9, "median_ft": 0.0, "left_sw_ft": 7.4, "right_sw_ft": 10.2}, "geometry": {"type": "LineString", "coordinates": [[-73.8419423924108, 40.85994440483417], [-73.84175633561348, 40.85994130472185]]}}, {"type": "Feature", "properties": {"segment_id": 1278945, "physicalid": "87633", "street_name": "WOODHULL AVE", "borough": "bronx", "direction": "TW", "total_row_ft": 51.3, "roadbed_ft": 33.9, "median_ft": 0.0, "left_sw_ft": 7.2, "right_sw_ft": 10.1}, "geometry": {"type": "LineString", "coordinates": [[-73.8419404072409, 40.85999927896162], [-73.84175512085493, 40.85999619168603]]}}, {"type": "Feature", "properties": {"segment_id": 1278961, "physicalid": "87634", "street_name": "WOODHULL AVE", "borough": "bronx", "direction": "TW", "total_row_ft": 125.3, "roadbed_ft": 78.0, "median_ft": 0.0, "left_sw_ft": 15.0, "right_sw_ft": 32.3}, "geometry": {"type": "LineString", "coordinates": [[-73.84212622443057, 40.85813691889751], [-73.84172756699918, 40.85812913962672]]}}, {"type": "Feature", "properties": {"segment_id": 1278962, "physicalid": "87634", "street_name": "WOODHULL AVE", "borough": "bronx", "direction": "TW", "total_row_ft": 49.3, "roadbed_ft": 32.6, "median_ft": 0.0, "left_sw_ft": 7.3, "right_sw_ft": 9.4}, "geometry": {"type": "LineString", "coordinates": [[-73.841992913555, 40.85818922979648], [-73.8418148250267, 40.85818575460248]]}}, {"type": "Feature", "properties": {"segment_id": 1278963, "physicalid": "87634", "street_name": "WOODHULL AVE", "borough": "bronx", "direction": "TW", "total_row_ft": 49.6, "roadbed_ft": 32.3, "median_ft": 0.0, "left_sw_ft": 7.5, "right_sw_ft": 9.8}, "geometry": {"type": "LineString", "coordinates": [[-73.84199172863961, 40.85824411880489], [-73.8418125497135, 40.85824062233324]]}}, {"type": "Feature", "properties": {"segment_id": 1278964, "physicalid": "87634", "street_name": "WOODHULL AVE", "borough": "bronx", "direction": "TW", "total_row_ft": 50.0, "roadbed_ft": 32.0, "median_ft": 0.0, "left_sw_ft": 7.8, "right_sw_ft": 10.3}, "geometry": {"type": "LineString", "coordinates": [[-73.84199061513544, 40.85829900920625], [-73.841809963344, 40.85829548399339]]}}, {"type": "Feature", "properties": {"segment_id": 1278965, "physicalid": "87634", "street_name": "WOODHULL AVE", "borough": "bronx", "direction": "TW", "total_row_ft": 51.7, "roadbed_ft": 31.7, "median_ft": 0.0, "left_sw_ft": 9.3, "right_sw_ft": 10.7}, "geometry": {"type": "LineString", "coordinates": [[-73.84199419557338, 40.85835399120022], [-73.84180737697022, 40.858350345652916]]}}, {"type": "Feature", "properties": {"segment_id": 1278966, "physicalid": "87634", "street_name": "WOODHULL AVE", "borough": "bronx", "direction": "TW", "total_row_ft": 52.9, "roadbed_ft": 31.4, "median_ft": 0.0, "left_sw_ft": 10.3, "right_sw_ft": 11.2}, "geometry": {"type": "LineString", "coordinates": [[-73.84199587995067, 40.85840893619563], [-73.84180479070534, 40.858405207314085]]}}, {"type": "Feature", "properties": {"segment_id": 1278967, "physicalid": "87634", "street_name": "WOODHULL AVE", "borough": "bronx", "direction": "TW", "total_row_ft": 53.0, "roadbed_ft": 31.1, "median_ft": 0.0, "left_sw_ft": 10.2, "right_sw_ft": 11.7}, "geometry": {"type": "LineString", "coordinates": [[-73.84199367686365, 40.85846380533441], [-73.84180220481096, 40.85846006898197]]}}, {"type": "Feature", "properties": {"segment_id": 1278968, "physicalid": "87634", "street_name": "WOODHULL AVE", "borough": "bronx", "direction": "TW", "total_row_ft": 53.1, "roadbed_ft": 30.8, "median_ft": 0.0, "left_sw_ft": 10.2, "right_sw_ft": 12.1}, "geometry": {"type": "LineString", "coordinates": [[-73.84199147377299, 40.858518674472606], [-73.84179965999296, 40.85851493145095]]}}, {"type": "Feature", "properties": {"segment_id": 1278969, "physicalid": "87634", "street_name": "WOODHULL AVE", "borough": "bronx", "direction": "TW", "total_row_ft": 53.2, "roadbed_ft": 30.5, "median_ft": 0.0, "left_sw_ft": 10.1, "right_sw_ft": 12.5}, "geometry": {"type": "LineString", "coordinates": [[-73.84198927082579, 40.858573543613126], [-73.84179716026627, 40.85856979479935]]}}, {"type": "Feature", "properties": {"segment_id": 1278970, "physicalid": "87634", "street_name": "WOODHULL AVE", "borough": "bronx", "direction": "TW", "total_row_ft": 53.2, "roadbed_ft": 30.2, "median_ft": 0.0, "left_sw_ft": 10.1, "right_sw_ft": 13.0}, "geometry": {"type": "LineString", "coordinates": [[-73.8419870678376, 40.858628412752324], [-73.84179466088814, 40.858624658154056]]}}, {"type": "Feature", "properties": {"segment_id": 1278971, "physicalid": "87634", "street_name": "WOODHULL AVE", "borough": "bronx", "direction": "TW", "total_row_ft": 50.8, "roadbed_ft": 29.9, "median_ft": 0.0, "left_sw_ft": 10.0, "right_sw_ft": 10.9}, "geometry": {"type": "LineString", "coordinates": [[-73.84198486451307, 40.85868328188445], [-73.8418011015711, 40.85867969597034]]}}, {"type": "Feature", "properties": {"segment_id": 1278972, "physicalid": "87634", "street_name": "WOODHULL AVE", "borough": "bronx", "direction": "TW", "total_row_ft": 53.4, "roadbed_ft": 29.6, "median_ft": 0.0, "left_sw_ft": 10.0, "right_sw_ft": 13.8}, "geometry": {"type": "LineString", "coordinates": [[-73.84198266132385, 40.85873815101871], [-73.84178966190434, 40.85873438485753]]}}, {"type": "Feature", "properties": {"segment_id": 1278973, "physicalid": "87634", "street_name": "WOODHULL AVE", "borough": "bronx", "direction": "TW", "total_row_ft": 53.5, "roadbed_ft": 29.3, "median_ft": 0.0, "left_sw_ft": 9.9, "right_sw_ft": 14.3}, "geometry": {"type": "LineString", "coordinates": [[-73.84198045824775, 40.85879302015472], [-73.84178716278399, 40.85878924821575]]}}, {"type": "Feature", "properties": {"segment_id": 1278974, "physicalid": "87634", "street_name": "WOODHULL AVE", "borough": "bronx", "direction": "TW", "total_row_ft": 53.6, "roadbed_ft": 29.2, "median_ft": 0.0, "left_sw_ft": 9.9, "right_sw_ft": 14.5}, "geometry": {"type": "LineString", "coordinates": [[-73.84197825516802, 40.85884788929012], [-73.84178453851587, 40.85884410913125]]}}, {"type": "Feature", "properties": {"segment_id": 1278975, "physicalid": "87634", "street_name": "WOODHULL AVE", "borough": "bronx", "direction": "TW", "total_row_ft": 53.8, "roadbed_ft": 29.6, "median_ft": 0.0, "left_sw_ft": 9.8, "right_sw_ft": 14.4}, "geometry": {"type": "LineString", "coordinates": [[-73.84197605164819, 40.858902758416434], [-73.84178179189193, 40.858898967658504]]}}, {"type": "Feature", "properties": {"segment_id": 1278976, "physicalid": "87634", "street_name": "WOODHULL AVE", "borough": "bronx", "direction": "TW", "total_row_ft": 53.5, "roadbed_ft": 30.1, "median_ft": 0.0, "left_sw_ft": 9.2, "right_sw_ft": 14.3}, "geometry": {"type": "LineString", "coordinates": [[-73.84197251842944, 40.85895760159578], [-73.84177904553717, 40.85895382619049]]}}, {"type": "Feature", "properties": {"segment_id": 1278977, "physicalid": "87634", "street_name": "WOODHULL AVE", "borough": "bronx", "direction": "TW", "total_row_ft": 54.0, "roadbed_ft": 30.6, "median_ft": 0.0, "left_sw_ft": 9.2, "right_sw_ft": 14.2}, "geometry": {"type": "LineString", "coordinates": [[-73.84197129481984, 40.859012489842094], [-73.84177629930369, 40.859008684724365]]}}, {"type": "Feature", "properties": {"segment_id": 1278978, "physicalid": "87634", "street_name": "WOODHULL AVE", "borough": "bronx", "direction": "TW", "total_row_ft": 54.4, "roadbed_ft": 31.1, "median_ft": 0.0, "left_sw_ft": 9.2, "right_sw_ft": 14.1}, "geometry": {"type": "LineString", "coordinates": [[-73.84197007135809, 40.85906737809082], [-73.84177355314834, 40.859063543259204]]}}, {"type": "Feature", "properties": {"segment_id": 1278979, "physicalid": "87634", "street_name": "WOODHULL AVE", "borough": "bronx", "direction": "TW", "total_row_ft": 54.8, "roadbed_ft": 31.6, "median_ft": 0.0, "left_sw_ft": 9.2, "right_sw_ft": 14.0}, "geometry": {"type": "LineString", "coordinates": [[-73.84196884788837, 40.85912226633885], [-73.84177080683588, 40.85911840179052]]}}, {"type": "Feature", "properties": {"segment_id": 1278980, "physicalid": "87634", "street_name": "WOODHULL AVE", "borough": "bronx", "direction": "TW", "total_row_ft": 55.2, "roadbed_ft": 32.1, "median_ft": 0.0, "left_sw_ft": 9.2, "right_sw_ft": 13.9}, "geometry": {"type": "LineString", "coordinates": [[-73.84196762440236, 40.859177154586085], [-73.84176806038109, 40.859173260318535]]}}, {"type": "Feature", "properties": {"segment_id": 1278981, "physicalid": "87634", "street_name": "WOODHULL AVE", "borough": "bronx", "direction": "TW", "total_row_ft": 55.6, "roadbed_ft": 32.6, "median_ft": 0.0, "left_sw_ft": 9.2, "right_sw_ft": 13.8}, "geometry": {"type": "LineString", "coordinates": [[-73.84196640091433, 40.85923204283275], [-73.84176531392173, 40.859228118845955]]}}, {"type": "Feature", "properties": {"segment_id": 1278982, "physicalid": "87634", "street_name": "WOODHULL AVE", "borough": "bronx", "direction": "TW", "total_row_ft": 66.9, "roadbed_ft": 33.1, "median_ft": 0.0, "left_sw_ft": 9.2, "right_sw_ft": 24.6}, "geometry": {"type": "LineString", "coordinates": [[-73.84196517731074, 40.85928693107665], [-73.84165354995069, 40.85928084987102]]}}, {"type": "Feature", "properties": {"segment_id": 1278983, "physicalid": "87634", "street_name": "WOODHULL AVE", "borough": "bronx", "direction": "TW", "total_row_ft": 60.9, "roadbed_ft": 44.7, "median_ft": 0.0, "left_sw_ft": 9.2, "right_sw_ft": 7.0}, "geometry": {"type": "LineString", "coordinates": [[-73.84196535266187, 40.859341846617845], [-73.84174522866569, 40.859337551132285]]}}, {"type": "Feature", "properties": {"segment_id": 1283070, "physicalid": "87884", "street_name": "MICKLE AVE", "borough": "bronx", "direction": "TW", "total_row_ft": 126.5, "roadbed_ft": 77.1, "median_ft": 0.0, "left_sw_ft": 15.0, "right_sw_ft": 34.4}, "geometry": {"type": "LineString", "coordinates": [[-73.84118710045564, 40.857993871183034], [-73.8407842225254, 40.85798712313691]]}}, {"type": "Feature", "properties": {"segment_id": 1283071, "physicalid": "87884", "street_name": "MICKLE AVE", "borough": "bronx", "direction": "TW", "total_row_ft": 50.4, "roadbed_ft": 31.0, "median_ft": 0.0, "left_sw_ft": 10.2, "right_sw_ft": 9.1}, "geometry": {"type": "LineString", "coordinates": [[-73.84106166352605, 40.85804667767554], [-73.84087956754186, 40.85804362761852]]}}, {"type": "Feature", "properties": {"segment_id": 1283072, "physicalid": "87884", "street_name": "MICKLE AVE", "borough": "bronx", "direction": "TW", "total_row_ft": 50.3, "roadbed_ft": 31.0, "median_ft": 0.0, "left_sw_ft": 10.1, "right_sw_ft": 9.2}, "geometry": {"type": "LineString", "coordinates": [[-73.84105952235952, 40.858101549173284], [-73.84087761573556, 40.85809850228732]]}}, {"type": "Feature", "properties": {"segment_id": 1283073, "physicalid": "87884", "street_name": "MICKLE AVE", "borough": "bronx", "direction": "TW", "total_row_ft": 50.3, "roadbed_ft": 31.1, "median_ft": 0.0, "left_sw_ft": 9.9, "right_sw_ft": 9.3}, "geometry": {"type": "LineString", "coordinates": [[-73.84105738131093, 40.85815642067248], [-73.84087566392603, 40.85815337695555]]}}, {"type": "Feature", "properties": {"segment_id": 1283074, "physicalid": "87884", "street_name": "MICKLE AVE", "borough": "bronx", "direction": "TW", "total_row_ft": 50.2, "roadbed_ft": 31.1, "median_ft": 0.0, "left_sw_ft": 9.7, "right_sw_ft": 9.4}, "geometry": {"type": "LineString", "coordinates": [[-73.84105524032111, 40.85821129217217], [-73.84087371211328, 40.8582082516232]]}}, {"type": "Feature", "properties": {"segment_id": 1283075, "physicalid": "87884", "street_name": "MICKLE AVE", "borough": "bronx", "direction": "TW", "total_row_ft": 50.2, "roadbed_ft": 31.1, "median_ft": 0.0, "left_sw_ft": 9.6, "right_sw_ft": 9.5}, "geometry": {"type": "LineString", "coordinates": [[-73.84105309932774, 40.85826616367129], [-73.8408717602973, 40.8582631262903]]}}, {"type": "Feature", "properties": {"segment_id": 1283076, "physicalid": "87884", "street_name": "MICKLE AVE", "borough": "bronx", "direction": "TW", "total_row_ft": 50.1, "roadbed_ft": 31.1, "median_ft": 0.0, "left_sw_ft": 9.4, "right_sw_ft": 9.5}, "geometry": {"type": "LineString", "coordinates": [[-73.84105095833084, 40.85832103516983], [-73.84086980847812, 40.85831800095684]]}}, {"type": "Feature", "properties": {"segment_id": 1283077, "physicalid": "87884", "street_name": "MICKLE AVE", "borough": "bronx", "direction": "TW", "total_row_ft": 50.1, "roadbed_ft": 31.2, "median_ft": 0.0, "left_sw_ft": 9.3, "right_sw_ft": 9.6}, "geometry": {"type": "LineString", "coordinates": [[-73.84104881733042, 40.8583759066678], [-73.84086785665457, 40.85837287562279]]}}, {"type": "Feature", "properties": {"segment_id": 1283078, "physicalid": "87884", "street_name": "MICKLE AVE", "borough": "bronx", "direction": "TW", "total_row_ft": 50.1, "roadbed_ft": 31.2, "median_ft": 0.0, "left_sw_ft": 9.2, "right_sw_ft": 9.7}, "geometry": {"type": "LineString", "coordinates": [[-73.84104687667165, 40.85843078152079], [-73.84086591080806, 40.85842775038836]]}}, {"type": "Feature", "properties": {"segment_id": 1283079, "physicalid": "87884", "street_name": "MICKLE AVE", "borough": "bronx", "direction": "TW", "total_row_ft": 50.1, "roadbed_ft": 31.2, "median_ft": 0.0, "left_sw_ft": 9.1, "right_sw_ft": 9.8}, "geometry": {"type": "LineString", "coordinates": [[-73.84104501921972, 40.85848565776687], [-73.84086397006199, 40.85848262523886]]}}, {"type": "Feature", "properties": {"segment_id": 1283080, "physicalid": "87884", "street_name": "MICKLE AVE", "borough": "bronx", "direction": "TW", "total_row_ft": 50.1, "roadbed_ft": 31.2, "median_ft": 0.0, "left_sw_ft": 9.0, "right_sw_ft": 9.8}, "geometry": {"type": "LineString", "coordinates": [[-73.84104316176472, 40.8585405340124], [-73.84086202931272, 40.85853750008876]]}}, {"type": "Feature", "properties": {"segment_id": 1283081, "physicalid": "87884", "street_name": "MICKLE AVE", "borough": "bronx", "direction": "TW", "total_row_ft": 50.1, "roadbed_ft": 31.3, "median_ft": 0.0, "left_sw_ft": 9.0, "right_sw_ft": 9.9}, "geometry": {"type": "LineString", "coordinates": [[-73.84104130430664, 40.85859541025737], [-73.84086008856023, 40.85859237493814]]}}, {"type": "Feature", "properties": {"segment_id": 1283082, "physicalid": "87884", "street_name": "MICKLE AVE", "borough": "bronx", "direction": "TW", "total_row_ft": 50.2, "roadbed_ft": 31.3, "median_ft": 0.0, "left_sw_ft": 8.9, "right_sw_ft": 10.0}, "geometry": {"type": "LineString", "coordinates": [[-73.8410394468455, 40.858650286501764], [-73.84085814780455, 40.85864724978692]]}}, {"type": "Feature", "properties": {"segment_id": 1283083, "physicalid": "87884", "street_name": "MICKLE AVE", "borough": "bronx", "direction": "TW", "total_row_ft": 50.2, "roadbed_ft": 31.3, "median_ft": 0.0, "left_sw_ft": 8.9, "right_sw_ft": 10.1}, "geometry": {"type": "LineString", "coordinates": [[-73.8410375893813, 40.85870516274561], [-73.84085620704568, 40.85870212463515]]}}, {"type": "Feature", "properties": {"segment_id": 1283084, "physicalid": "87884", "street_name": "MICKLE AVE", "borough": "bronx", "direction": "TW", "total_row_ft": 50.2, "roadbed_ft": 31.3, "median_ft": 0.0, "left_sw_ft": 8.8, "right_sw_ft": 10.1}, "geometry": {"type": "LineString", "coordinates": [[-73.84103573193298, 40.85876003898924], [-73.84085426628359, 40.85875699948282]]}}, {"type": "Feature", "properties": {"segment_id": 1283085, "physicalid": "87884", "street_name": "MICKLE AVE", "borough": "bronx", "direction": "TW", "total_row_ft": 50.2, "roadbed_ft": 31.3, "median_ft": 0.0, "left_sw_ft": 8.7, "right_sw_ft": 10.2}, "geometry": {"type": "LineString", "coordinates": [[-73.84103387449561, 40.858814915232514], [-73.8408523255183, 40.85881187432991]]}}, {"type": "Feature", "properties": {"segment_id": 1283086, "physicalid": "87884", "street_name": "MICKLE AVE", "borough": "bronx", "direction": "TW", "total_row_ft": 50.3, "roadbed_ft": 31.3, "median_ft": 0.0, "left_sw_ft": 8.7, "right_sw_ft": 10.3}, "geometry": {"type": "LineString", "coordinates": [[-73.84103201705518, 40.85886979147523], [-73.8408503847498, 40.85886674917645]]}}, {"type": "Feature", "properties": {"segment_id": 1283087, "physicalid": "87884", "street_name": "MICKLE AVE", "borough": "bronx", "direction": "TW", "total_row_ft": 50.4, "roadbed_ft": 31.4, "median_ft": 0.0, "left_sw_ft": 8.6, "right_sw_ft": 10.4}, "geometry": {"type": "LineString", "coordinates": [[-73.84103045215721, 40.8589246726172], [-73.84084844388326, 40.85892162402085]]}}, {"type": "Feature", "properties": {"segment_id": 1283088, "physicalid": "87884", "street_name": "MICKLE AVE", "borough": "bronx", "direction": "TW", "total_row_ft": 50.5, "roadbed_ft": 31.5, "median_ft": 0.0, "left_sw_ft": 8.7, "right_sw_ft": 10.3}, "geometry": {"type": "LineString", "coordinates": [[-73.84102919873328, 40.85897955897557], [-73.84084650301243, 40.85897649886464]]}}, {"type": "Feature", "properties": {"segment_id": 1283089, "physicalid": "87884", "street_name": "MICKLE AVE", "borough": "bronx", "direction": "TW", "total_row_ft": 50.7, "roadbed_ft": 31.7, "median_ft": 0.0, "left_sw_ft": 8.7, "right_sw_ft": 10.3}, "geometry": {"type": "LineString", "coordinates": [[-73.8410279454817, 40.85903444533628], [-73.8408445621384, 40.85903137370787]]}}, {"type": "Feature", "properties": {"segment_id": 1283090, "physicalid": "87884", "street_name": "MICKLE AVE", "borough": "bronx", "direction": "TW", "total_row_ft": 50.9, "roadbed_ft": 31.9, "median_ft": 0.0, "left_sw_ft": 8.8, "right_sw_ft": 10.3}, "geometry": {"type": "LineString", "coordinates": [[-73.84102669226263, 40.85908933169705], [-73.84084262126116, 40.85908624855054]]}}, {"type": "Feature", "properties": {"segment_id": 1283091, "physicalid": "87884", "street_name": "MICKLE AVE", "borough": "bronx", "direction": "TW", "total_row_ft": 51.2, "roadbed_ft": 32.1, "median_ft": 0.0, "left_sw_ft": 8.8, "right_sw_ft": 10.3}, "geometry": {"type": "LineString", "coordinates": [[-73.8410254390415, 40.85914421805727], [-73.84084057130721, 40.8591411215656]]}}, {"type": "Feature", "properties": {"segment_id": 1283092, "physicalid": "87884", "street_name": "MICKLE AVE", "borough": "bronx", "direction": "TW", "total_row_ft": 51.4, "roadbed_ft": 32.3, "median_ft": 0.0, "left_sw_ft": 8.8, "right_sw_ft": 10.3}, "geometry": {"type": "LineString", "coordinates": [[-73.84102418581828, 40.85919910441694], [-73.8408385010976, 40.859195994240885]]}}, {"type": "Feature", "properties": {"segment_id": 1283093, "physicalid": "87884", "street_name": "MICKLE AVE", "borough": "bronx", "direction": "TW", "total_row_ft": 84.7, "roadbed_ft": 32.5, "median_ft": 0.0, "left_sw_ft": 8.8, "right_sw_ft": 43.4}, "geometry": {"type": "LineString", "coordinates": [[-73.84102273968149, 40.85925398754498], [-73.84071672250498, 40.859248861668874]]}}, {"type": "Feature", "properties": {"segment_id": 1283094, "physicalid": "87885", "street_name": "MICKLE AVE", "borough": "bronx", "direction": "TW", "total_row_ft": 150.0, "roadbed_ft": 120.0, "median_ft": 0.0, "left_sw_ft": 15.0, "right_sw_ft": 15.0}, "geometry": {"type": "LineString", "coordinates": [[-73.8411468064791, 40.859377871616516], [-73.84071311595129, 40.859370099966874]]}}, {"type": "Feature", "properties": {"segment_id": 1283095, "physicalid": "87885", "street_name": "MICKLE AVE", "borough": "bronx", "direction": "TW", "total_row_ft": 59.3, "roadbed_ft": 34.1, "median_ft": 0.0, "left_sw_ft": 16.4, "right_sw_ft": 8.8}, "geometry": {"type": "LineString", "coordinates": [[-73.84114510062614, 40.85943275032792], [-73.84083645034461, 40.85942721954258]]}}, {"type": "Feature", "properties": {"segment_id": 1283096, "physicalid": "87885", "street_name": "MICKLE AVE", "borough": "bronx", "direction": "TW", "total_row_ft": 49.4, "roadbed_ft": 34.1, "median_ft": 0.0, "left_sw_ft": 6.3, "right_sw_ft": 8.9}, "geometry": {"type": "LineString", "coordinates": [[-73.84101277999109, 40.859485288619204], [-73.84083433744613, 40.85948209095905]]}}, {"type": "Feature", "properties": {"segment_id": 1283097, "physicalid": "87885", "street_name": "MICKLE AVE", "borough": "bronx", "direction": "TW", "total_row_ft": 49.9, "roadbed_ft": 34.1, "median_ft": 0.0, "left_sw_ft": 6.8, "right_sw_ft": 9.0}, "geometry": {"type": "LineString", "coordinates": [[-73.84101269292753, 40.85954019633677], [-73.84083222510692, 40.85953696238501]]}}, {"type": "Feature", "properties": {"segment_id": 1283098, "physicalid": "87885", "street_name": "MICKLE AVE", "borough": "bronx", "direction": "TW", "total_row_ft": 50.5, "roadbed_ft": 34.0, "median_ft": 0.0, "left_sw_ft": 7.3, "right_sw_ft": 9.1}, "geometry": {"type": "LineString", "coordinates": [[-73.84101260606162, 40.85959510405735], [-73.84083016002856, 40.85959183465742]]}}, {"type": "Feature", "properties": {"segment_id": 1283099, "physicalid": "87885", "street_name": "MICKLE AVE", "borough": "bronx", "direction": "TW", "total_row_ft": 50.6, "roadbed_ft": 34.0, "median_ft": 0.0, "left_sw_ft": 7.4, "right_sw_ft": 9.2}, "geometry": {"type": "LineString", "coordinates": [[-73.84101116027325, 40.85964998742685], [-73.84082810767262, 40.859646707157296]]}}, {"type": "Feature", "properties": {"segment_id": 1283100, "physicalid": "87885", "street_name": "MICKLE AVE", "borough": "bronx", "direction": "TW", "total_row_ft": 50.4, "roadbed_ft": 33.9, "median_ft": 0.0, "left_sw_ft": 7.2, "right_sw_ft": 9.3}, "geometry": {"type": "LineString", "coordinates": [[-73.8410083573154, 40.85970484647668], [-73.84082605500573, 40.8597015796511]]}}, {"type": "Feature", "properties": {"segment_id": 1283101, "physicalid": "87885", "street_name": "MICKLE AVE", "borough": "bronx", "direction": "TW", "total_row_ft": 50.4, "roadbed_ft": 33.8, "median_ft": 0.0, "left_sw_ft": 7.1, "right_sw_ft": 9.4}, "geometry": {"type": "LineString", "coordinates": [[-73.84100614928609, 40.85975971618655], [-73.84082403773066, 40.85975645277863]]}}, {"type": "Feature", "properties": {"segment_id": 1283102, "physicalid": "87885", "street_name": "MICKLE AVE", "borough": "bronx", "direction": "TW", "total_row_ft": 50.3, "roadbed_ft": 33.7, "median_ft": 0.0, "left_sw_ft": 7.1, "right_sw_ft": 9.5}, "geometry": {"type": "LineString", "coordinates": [[-73.84100399149084, 40.85981458679605], [-73.84082203710831, 40.85981132620408]]}}, {"type": "Feature", "properties": {"segment_id": 1283103, "physicalid": "87885", "street_name": "MICKLE AVE", "borough": "bronx", "direction": "TW", "total_row_ft": 50.3, "roadbed_ft": 33.7, "median_ft": 0.0, "left_sw_ft": 7.1, "right_sw_ft": 9.5}, "geometry": {"type": "LineString", "coordinates": [[-73.84100183407921, 40.859869457411946], [-73.84082003572732, 40.85986619961543]]}}, {"type": "Feature", "properties": {"segment_id": 1283104, "physicalid": "87885", "street_name": "MICKLE AVE", "borough": "bronx", "direction": "TW", "total_row_ft": 50.2, "roadbed_ft": 33.7, "median_ft": 0.0, "left_sw_ft": 7.0, "right_sw_ft": 9.5}, "geometry": {"type": "LineString", "coordinates": [[-73.84099967629889, 40.8599243280207], [-73.84081822619993, 40.8599210764644]]}}, {"type": "Feature", "properties": {"segment_id": 1283105, "physicalid": "87885", "street_name": "MICKLE AVE", "borough": "bronx", "direction": "TW", "total_row_ft": 50.1, "roadbed_ft": 33.6, "median_ft": 0.0, "left_sw_ft": 7.0, "right_sw_ft": 9.4}, "geometry": {"type": "LineString", "coordinates": [[-73.84099751864487, 40.8599791986312], [-73.84081652582321, 40.859975955268936]]}}, {"type": "Feature", "properties": {"segment_id": 1283859, "physicalid": "87918", "street_name": "WESTERVELT AVE", "borough": "bronx", "direction": "TW", "total_row_ft": 86.2, "roadbed_ft": 34.0, "median_ft": 0.0, "left_sw_ft": 43.3, "right_sw_ft": 9.0}, "geometry": {"type": "LineString", "coordinates": [[-73.84020921708496, 40.859358387261636], [-73.83989765475728, 40.859352389277205]]}}, {"type": "Feature", "properties": {"segment_id": 1283886, "physicalid": "87919", "street_name": "WESTERVELT AVE", "borough": "bronx", "direction": "TW", "total_row_ft": 114.7, "roadbed_ft": 77.9, "median_ft": 0.0, "left_sw_ft": 15.0, "right_sw_ft": 21.8}, "geometry": {"type": "LineString", "coordinates": [[-73.84026153525747, 40.8578517773658], [-73.83990133280756, 40.8578445476015]]}}, {"type": "Feature", "properties": {"segment_id": 1283887, "physicalid": "87919", "street_name": "WESTERVELT AVE", "borough": "bronx", "direction": "TW", "total_row_ft": 50.1, "roadbed_ft": 31.2, "median_ft": 0.0, "left_sw_ft": 6.8, "right_sw_ft": 12.1}, "geometry": {"type": "LineString", "coordinates": [[-73.84012178655804, 40.85790388573279], [-73.8399407719456, 40.85790025244192]]}}, {"type": "Feature", "properties": {"segment_id": 1283888, "physicalid": "87919", "street_name": "WESTERVELT AVE", "borough": "bronx", "direction": "TW", "total_row_ft": 49.6, "roadbed_ft": 30.8, "median_ft": 0.0, "left_sw_ft": 6.6, "right_sw_ft": 12.2}, "geometry": {"type": "LineString", "coordinates": [[-73.84011809330953, 40.857958724789086], [-73.83993885503656, 40.857955127151214]]}}, {"type": "Feature", "properties": {"segment_id": 1283889, "physicalid": "87919", "street_name": "WESTERVELT AVE", "borough": "bronx", "direction": "TW", "total_row_ft": 49.9, "roadbed_ft": 30.4, "median_ft": 0.0, "left_sw_ft": 7.2, "right_sw_ft": 12.3}, "geometry": {"type": "LineString", "coordinates": [[-73.8401171655884, 40.85801361935189], [-73.8399369381049, 40.85801000185949]]}}, {"type": "Feature", "properties": {"segment_id": 1283890, "physicalid": "87919", "street_name": "WESTERVELT AVE", "borough": "bronx", "direction": "TW", "total_row_ft": 50.1, "roadbed_ft": 29.9, "median_ft": 0.0, "left_sw_ft": 7.9, "right_sw_ft": 12.4}, "geometry": {"type": "LineString", "coordinates": [[-73.84011623786573, 40.85806851391412], [-73.8399350211172, 40.858064876566225]]}}, {"type": "Feature", "properties": {"segment_id": 1283891, "physicalid": "87919", "street_name": "WESTERVELT AVE", "borough": "bronx", "direction": "TW", "total_row_ft": 50.4, "roadbed_ft": 29.7, "median_ft": 0.0, "left_sw_ft": 8.3, "right_sw_ft": 12.4}, "geometry": {"type": "LineString", "coordinates": [[-73.84011531008694, 40.858123408474725], [-73.83993310389995, 40.85811975126783]]}}, {"type": "Feature", "properties": {"segment_id": 1283892, "physicalid": "87919", "street_name": "WESTERVELT AVE", "borough": "bronx", "direction": "TW", "total_row_ft": 50.7, "roadbed_ft": 29.7, "median_ft": 0.0, "left_sw_ft": 8.5, "right_sw_ft": 12.4}, "geometry": {"type": "LineString", "coordinates": [[-73.84011438216208, 40.858178303031906], [-73.83993118674998, 40.85817462597028]]}}, {"type": "Feature", "properties": {"segment_id": 1283893, "physicalid": "87919", "street_name": "WESTERVELT AVE", "borough": "bronx", "direction": "TW", "total_row_ft": 51.0, "roadbed_ft": 29.8, "median_ft": 0.0, "left_sw_ft": 8.7, "right_sw_ft": 12.5}, "geometry": {"type": "LineString", "coordinates": [[-73.8401134542357, 40.85823319758853], [-73.83992926959684, 40.85822950067217]]}}, {"type": "Feature", "properties": {"segment_id": 1283894, "physicalid": "87919", "street_name": "WESTERVELT AVE", "borough": "bronx", "direction": "TW", "total_row_ft": 51.1, "roadbed_ft": 29.8, "median_ft": 0.0, "left_sw_ft": 8.9, "right_sw_ft": 12.4}, "geometry": {"type": "LineString", "coordinates": [[-73.84011252630776, 40.858288092144655], [-73.83992775998695, 40.858284383554]]}}, {"type": "Feature", "properties": {"segment_id": 1283895, "physicalid": "87919", "street_name": "WESTERVELT AVE", "borough": "bronx", "direction": "TW", "total_row_ft": 54.0, "roadbed_ft": 29.9, "median_ft": 0.0, "left_sw_ft": 11.9, "right_sw_ft": 12.1}, "geometry": {"type": "LineString", "coordinates": [[-73.84012170347773, 40.85834318951898], [-73.8399266169263, 40.85833927379295]]}}, {"type": "Feature", "properties": {"segment_id": 1283896, "physicalid": "87919", "street_name": "WESTERVELT AVE", "borough": "bronx", "direction": "TW", "total_row_ft": 53.8, "roadbed_ft": 30.1, "median_ft": 0.0, "left_sw_ft": 11.8, "right_sw_ft": 11.9}, "geometry": {"type": "LineString", "coordinates": [[-73.84011976662222, 40.8583980638239], [-73.83992547386376, 40.85839416403132]]}}, {"type": "Feature", "properties": {"segment_id": 1283897, "physicalid": "87919", "street_name": "WESTERVELT AVE", "borough": "bronx", "direction": "TW", "total_row_ft": 53.5, "roadbed_ft": 30.2, "median_ft": 0.0, "left_sw_ft": 11.7, "right_sw_ft": 11.6}, "geometry": {"type": "LineString", "coordinates": [[-73.84011782976351, 40.85845293812825], [-73.83992433057031, 40.85844905426457]]}}, {"type": "Feature", "properties": {"segment_id": 1283898, "physicalid": "87919", "street_name": "WESTERVELT AVE", "borough": "bronx", "direction": "TW", "total_row_ft": 53.3, "roadbed_ft": 30.3, "median_ft": 0.0, "left_sw_ft": 11.7, "right_sw_ft": 11.3}, "geometry": {"type": "LineString", "coordinates": [[-73.84011589290161, 40.85850781243204], [-73.83992318702316, 40.858503944492206]]}}, {"type": "Feature", "properties": {"segment_id": 1283899, "physicalid": "87919", "street_name": "WESTERVELT AVE", "borough": "bronx", "direction": "TW", "total_row_ft": 53.1, "roadbed_ft": 30.5, "median_ft": 0.0, "left_sw_ft": 11.5, "right_sw_ft": 11.1}, "geometry": {"type": "LineString", "coordinates": [[-73.84011395630384, 40.858562686740655], [-73.83992196243847, 40.858558833092694]]}}, {"type": "Feature", "properties": {"segment_id": 1283900, "physicalid": "87919", "street_name": "WESTERVELT AVE", "borough": "bronx", "direction": "TW", "total_row_ft": 53.1, "roadbed_ft": 30.7, "median_ft": 0.0, "left_sw_ft": 11.3, "right_sw_ft": 11.1}, "geometry": {"type": "LineString", "coordinates": [[-73.8401120198757, 40.858617561052114], [-73.83991994714471, 40.858613705821185]]}}, {"type": "Feature", "properties": {"segment_id": 1283901, "physicalid": "87919", "street_name": "WESTERVELT AVE", "borough": "bronx", "direction": "TW", "total_row_ft": 52.9, "roadbed_ft": 30.8, "median_ft": 0.0, "left_sw_ft": 10.8, "right_sw_ft": 11.2}, "geometry": {"type": "LineString", "coordinates": [[-73.84010895966658, 40.858672412807856], [-73.83991793184761, 40.85866857854907]]}}, {"type": "Feature", "properties": {"segment_id": 1283902, "physicalid": "87919", "street_name": "WESTERVELT AVE", "borough": "bronx", "direction": "TW", "total_row_ft": 52.5, "roadbed_ft": 31.0, "median_ft": 0.0, "left_sw_ft": 10.3, "right_sw_ft": 11.2}, "geometry": {"type": "LineString", "coordinates": [[-73.84010576697307, 40.85872726190395], [-73.8399159165472, 40.85872345127639]]}}, {"type": "Feature", "properties": {"segment_id": 1283903, "physicalid": "87919", "street_name": "WESTERVELT AVE", "borough": "bronx", "direction": "TW", "total_row_ft": 52.2, "roadbed_ft": 31.2, "median_ft": 0.0, "left_sw_ft": 9.8, "right_sw_ft": 11.3}, "geometry": {"type": "LineString", "coordinates": [[-73.8401025742743, 40.85878211099946], [-73.83991390124348, 40.85877832400314]]}}, {"type": "Feature", "properties": {"segment_id": 1283904, "physicalid": "87919", "street_name": "WESTERVELT AVE", "borough": "bronx", "direction": "TW", "total_row_ft": 51.9, "roadbed_ft": 31.4, "median_ft": 0.0, "left_sw_ft": 9.2, "right_sw_ft": 11.3}, "geometry": {"type": "LineString", "coordinates": [[-73.84009951808393, 40.858836962834296], [-73.83991188593642, 40.858833196729314]]}}, {"type": "Feature", "properties": {"segment_id": 1283905, "physicalid": "87919", "street_name": "WESTERVELT AVE", "borough": "bronx", "direction": "TW", "total_row_ft": 51.7, "roadbed_ft": 31.5, "median_ft": 0.0, "left_sw_ft": 8.9, "right_sw_ft": 11.3}, "geometry": {"type": "LineString", "coordinates": [[-73.84009686852467, 40.85889182283006], [-73.83990992050956, 40.85888807045624]]}}, {"type": "Feature", "properties": {"segment_id": 1283906, "physicalid": "87919", "street_name": "WESTERVELT AVE", "borough": "bronx", "direction": "TW", "total_row_ft": 51.5, "roadbed_ft": 31.7, "median_ft": 0.0, "left_sw_ft": 8.5, "right_sw_ft": 11.3}, "geometry": {"type": "LineString", "coordinates": [[-73.84009421896101, 40.85894668282526], [-73.83990798949041, 40.85894294487331]]}}, {"type": "Feature", "properties": {"segment_id": 1307032, "physicalid": "89327", "street_name": "PINCHOT PL", "borough": "bronx", "direction": "TW", "total_row_ft": 135.0, "roadbed_ft": 78.7, "median_ft": 0.0, "left_sw_ft": 15.0, "right_sw_ft": 41.3}, "geometry": {"type": "LineString", "coordinates": [[-73.84927737877338, 40.85336685649798], [-73.8490004238472, 40.85311336546646]]}}, {"type": "Feature", "properties": {"segment_id": 1307033, "physicalid": "89327", "street_name": "PINCHOT PL", "borough": "bronx", "direction": "TW", "total_row_ft": 47.1, "roadbed_ft": 29.7, "median_ft": 0.0, "left_sw_ft": 7.7, "right_sw_ft": 9.6}, "geometry": {"type": "LineString", "coordinates": [[-73.8491322358395, 40.8533199865044], [-73.84902362266443, 40.853220575049555]]}}, {"type": "Feature", "properties": {"segment_id": 1307034, "physicalid": "89327", "street_name": "PINCHOT PL", "borough": "bronx", "direction": "TW", "total_row_ft": 46.9, "roadbed_ft": 29.9, "median_ft": 0.0, "left_sw_ft": 7.7, "right_sw_ft": 9.4}, "geometry": {"type": "LineString", "coordinates": [[-73.84907695942724, 40.85335536919332], [-73.84896872408756, 40.85325630349034]]}}, {"type": "Feature", "properties": {"segment_id": 1307035, "physicalid": "89327", "street_name": "PINCHOT PL", "borough": "bronx", "direction": "TW", "total_row_ft": 46.7, "roadbed_ft": 30.0, "median_ft": 0.0, "left_sw_ft": 7.6, "right_sw_ft": 9.1}, "geometry": {"type": "LineString", "coordinates": [[-73.84902168295613, 40.85339075185551], [-73.84891382545166, 40.853292031904815]]}}, {"type": "Feature", "properties": {"segment_id": 1307036, "physicalid": "89327", "street_name": "PINCHOT PL", "borough": "bronx", "direction": "TW", "total_row_ft": 46.6, "roadbed_ft": 30.1, "median_ft": 0.0, "left_sw_ft": 7.6, "right_sw_ft": 8.9}, "geometry": {"type": "LineString", "coordinates": [[-73.8489664064732, 40.85342613453397], [-73.84885892675679, 40.85332776029292]]}}, {"type": "Feature", "properties": {"segment_id": 1307037, "physicalid": "89327", "street_name": "PINCHOT PL", "borough": "bronx", "direction": "TW", "total_row_ft": 96.9, "roadbed_ft": 74.3, "median_ft": 0.0, "left_sw_ft": 7.6, "right_sw_ft": 15.0}, "geometry": {"type": "LineString", "coordinates": [[-73.8489111299496, 40.853461517202334], [-73.84872221782818, 40.853288608962835]]}}, {"type": "Feature", "properties": {"segment_id": 1307038, "physicalid": "89327", "street_name": "PINCHOT PL", "borough": "bronx", "direction": "TW", "total_row_ft": 45.9, "roadbed_ft": 30.3, "median_ft": 0.0, "left_sw_ft": 6.9, "right_sw_ft": 8.7}, "geometry": {"type": "LineString", "coordinates": [[-73.84885426564857, 40.85349544610811], [-73.84874824656436, 40.85339840974359]]}}, {"type": "Feature", "properties": {"segment_id": 1307039, "physicalid": "89327", "street_name": "PINCHOT PL", "borough": "bronx", "direction": "TW", "total_row_ft": 46.6, "roadbed_ft": 30.3, "median_ft": 0.0, "left_sw_ft": 7.4, "right_sw_ft": 8.9}, "geometry": {"type": "LineString", "coordinates": [[-73.84879993544834, 40.85353169496855], [-73.84869239281555, 40.85343326406896]]}}, {"type": "Feature", "properties": {"segment_id": 1307040, "physicalid": "89327", "street_name": "PINCHOT PL", "borough": "bronx", "direction": "TW", "total_row_ft": 47.3, "roadbed_ft": 30.1, "median_ft": 0.0, "left_sw_ft": 8.0, "right_sw_ft": 9.1}, "geometry": {"type": "LineString", "coordinates": [[-73.84874560518887, 40.85356794380315], [-73.84863653900821, 40.8534681183671]]}}, {"type": "Feature", "properties": {"segment_id": 1307041, "physicalid": "89327", "street_name": "PINCHOT PL", "borough": "bronx", "direction": "TW", "total_row_ft": 47.7, "roadbed_ft": 30.0, "median_ft": 0.0, "left_sw_ft": 8.4, "right_sw_ft": 9.2}, "geometry": {"type": "LineString", "coordinates": [[-73.84869074197951, 40.8536037048716], [-73.84858068514232, 40.85350297263795]]}}, {"type": "Feature", "properties": {"segment_id": 1307042, "physicalid": "89327", "street_name": "PINCHOT PL", "borough": "bronx", "direction": "TW", "total_row_ft": 47.8, "roadbed_ft": 29.9, "median_ft": 0.0, "left_sw_ft": 8.5, "right_sw_ft": 9.4}, "geometry": {"type": "LineString", "coordinates": [[-73.84863522528978, 40.8536388678545], [-73.8485248312179, 40.85353782688157]]}}, {"type": "Feature", "properties": {"segment_id": 1307043, "physicalid": "89327", "street_name": "PINCHOT PL", "borough": "bronx", "direction": "TW", "total_row_ft": 48.0, "roadbed_ft": 29.8, "median_ft": 0.0, "left_sw_ft": 8.6, "right_sw_ft": 9.5}, "geometry": {"type": "LineString", "coordinates": [[-73.84857970854134, 40.85367403081046], [-73.84846897723493, 40.853572681097944]]}}, {"type": "Feature", "properties": {"segment_id": 1307044, "physicalid": "89327", "street_name": "PINCHOT PL", "borough": "bronx", "direction": "TW", "total_row_ft": 47.8, "roadbed_ft": 29.6, "median_ft": 0.0, "left_sw_ft": 8.7, "right_sw_ft": 9.4}, "geometry": {"type": "LineString", "coordinates": [[-73.84852419173421, 40.85370919373948], [-73.84841391919475, 40.85360826385005]]}}, {"type": "Feature", "properties": {"segment_id": 1307045, "physicalid": "89327", "street_name": "PINCHOT PL", "borough": "bronx", "direction": "TW", "total_row_ft": 47.1, "roadbed_ft": 29.4, "median_ft": 0.0, "left_sw_ft": 8.8, "right_sw_ft": 8.9}, "geometry": {"type": "LineString", "coordinates": [[-73.84846867486839, 40.85374435664156], [-73.84835994960771, 40.85364484286816]]}}, {"type": "Feature", "properties": {"segment_id": 1307046, "physicalid": "89327", "street_name": "PINCHOT PL", "borough": "bronx", "direction": "TW", "total_row_ft": 46.4, "roadbed_ft": 29.2, "median_ft": 0.0, "left_sw_ft": 8.9, "right_sw_ft": 8.3}, "geometry": {"type": "LineString", "coordinates": [[-73.84841315794384, 40.853779519516735], [-73.84830597995557, 40.85368142185549]]}}, {"type": "Feature", "properties": {"segment_id": 1307047, "physicalid": "89327", "street_name": "PINCHOT PL", "borough": "bronx", "direction": "TW", "total_row_ft": 45.9, "roadbed_ft": 29.5, "median_ft": 0.0, "left_sw_ft": 8.6, "right_sw_ft": 7.8}, "geometry": {"type": "LineString", "coordinates": [[-73.84835788565482, 40.853814906327926], [-73.84825201018094, 40.853718000759606]]}}, {"type": "Feature", "properties": {"segment_id": 1307048, "physicalid": "89327", "street_name": "PINCHOT PL", "borough": "bronx", "direction": "TW", "total_row_ft": 49.3, "roadbed_ft": 29.8, "median_ft": 0.0, "left_sw_ft": 8.3, "right_sw_ft": 11.2}, "geometry": {"type": "LineString", "coordinates": [[-73.84830266912002, 40.85385034419682], [-73.84811016123595, 40.85367414541237]]}}, {"type": "Feature", "properties": {"segment_id": 1307049, "physicalid": "89327", "street_name": "PINCHOT PL", "borough": "bronx", "direction": "TW", "total_row_ft": 56.5, "roadbed_ft": 30.1, "median_ft": 0.0, "left_sw_ft": 8.0, "right_sw_ft": 18.3}, "geometry": {"type": "LineString", "coordinates": [[-73.84824745252637, 40.85388578203909], [-73.84808720466084, 40.85373911021139]]}}, {"type": "Feature", "properties": {"segment_id": 1307050, "physicalid": "89327", "street_name": "PINCHOT PL", "borough": "bronx", "direction": "TW", "total_row_ft": 98.8, "roadbed_ft": 76.1, "median_ft": 0.0, "left_sw_ft": 7.7, "right_sw_ft": 15.0}, "geometry": {"type": "LineString", "coordinates": [[-73.8481922358739, 40.853921219854705], [-73.84799887765799, 40.853744242511745]]}}, {"type": "Feature", "properties": {"segment_id": 1307051, "physicalid": "89327", "street_name": "PINCHOT PL", "borough": "bronx", "direction": "TW", "total_row_ft": 84.0, "roadbed_ft": 68.3, "median_ft": 0.0, "left_sw_ft": 7.4, "right_sw_ft": 8.2}, "geometry": {"type": "LineString", "coordinates": [[-73.84813701916256, 40.853956657643685], [-73.84794323578106, 40.85377929102086]]}}, {"type": "Feature", "properties": {"segment_id": 1322100, "physicalid": "90158", "street_name": "TENBROECK AVE", "borough": "bronx", "direction": "FT", "total_row_ft": 116.8, "roadbed_ft": 78.9, "median_ft": 0.0, "left_sw_ft": 22.8, "right_sw_ft": 15.0}, "geometry": {"type": "LineString", "coordinates": [[-73.84958038419956, 40.852095621744624], [-73.84926394616855, 40.85223798523657]]}}, {"type": "Feature", "properties": {"segment_id": 1322101, "physicalid": "90158", "street_name": "TENBROECK AVE", "borough": "bronx", "direction": "FT", "total_row_ft": 79.0, "roadbed_ft": 33.9, "median_ft": 0.0, "left_sw_ft": 8.8, "right_sw_ft": 36.3}, "geometry": {"type": "LineString", "coordinates": [[-73.84956581051506, 40.85216598448578], [-73.84930079746388, 40.852285212128706]]}}, {"type": "Feature", "properties": {"segment_id": 1322102, "physicalid": "90158", "street_name": "TENBROECK AVE", "borough": "bronx", "direction": "FT", "total_row_ft": 55.0, "roadbed_ft": 33.3, "median_ft": 0.0, "left_sw_ft": 8.9, "right_sw_ft": 12.8}, "geometry": {"type": "LineString", "coordinates": [[-73.84960242397545, 40.85221331836145], [-73.84943139114027, 40.852290265055096]]}}, {"type": "Feature", "properties": {"segment_id": 1322103, "physicalid": "90158", "street_name": "TENBROECK AVE", "borough": "bronx", "direction": "FT", "total_row_ft": 54.5, "roadbed_ft": 32.7, "median_ft": 0.0, "left_sw_ft": 9.0, "right_sw_ft": 12.8}, "geometry": {"type": "LineString", "coordinates": [[-73.8496390376792, 40.85226065213908], [-73.84946945444777, 40.852336946683934]]}}, {"type": "Feature", "properties": {"segment_id": 1322104, "physicalid": "90158", "street_name": "TENBROECK AVE", "borough": "bronx", "direction": "FT", "total_row_ft": 54.1, "roadbed_ft": 32.2, "median_ft": 0.0, "left_sw_ft": 9.1, "right_sw_ft": 12.7}, "geometry": {"type": "LineString", "coordinates": [[-73.84967565114572, 40.85230798603491], [-73.84950751768095, 40.85238362835726]]}}, {"type": "Feature", "properties": {"segment_id": 1322105, "physicalid": "90158", "street_name": "TENBROECK AVE", "borough": "bronx", "direction": "FT", "total_row_ft": 53.6, "roadbed_ft": 31.7, "median_ft": 0.0, "left_sw_ft": 9.2, "right_sw_ft": 12.7}, "geometry": {"type": "LineString", "coordinates": [[-73.84971226458536, 40.8523553199542], [-73.84954558067929, 40.85243031014736]]}}, {"type": "Feature", "properties": {"segment_id": 1322106, "physicalid": "90158", "street_name": "TENBROECK AVE", "borough": "bronx", "direction": "FT", "total_row_ft": 53.1, "roadbed_ft": 31.2, "median_ft": 0.0, "left_sw_ft": 9.3, "right_sw_ft": 12.7}, "geometry": {"type": "LineString", "coordinates": [[-73.84974887807753, 40.85240265386133], [-73.84958364368194, 40.85247699194663]]}}, {"type": "Feature", "properties": {"segment_id": 1322107, "physicalid": "90158", "street_name": "TENBROECK AVE", "borough": "bronx", "direction": "FT", "total_row_ft": 52.7, "roadbed_ft": 30.6, "median_ft": 0.0, "left_sw_ft": 9.4, "right_sw_ft": 12.6}, "geometry": {"type": "LineString", "coordinates": [[-73.84978563380429, 40.85244992378911], [-73.84962170671987, 40.85252367374112]]}}, {"type": "Feature", "properties": {"segment_id": 1322108, "physicalid": "90158", "street_name": "TENBROECK AVE", "borough": "bronx", "direction": "FT", "total_row_ft": 52.5, "roadbed_ft": 30.3, "median_ft": 0.0, "left_sw_ft": 9.7, "right_sw_ft": 12.5}, "geometry": {"type": "LineString", "coordinates": [[-73.8498230855019, 40.852496880613636], [-73.84965976981125, 40.85257035552264]]}}, {"type": "Feature", "properties": {"segment_id": 1322109, "physicalid": "90158", "street_name": "TENBROECK AVE", "borough": "bronx", "direction": "FT", "total_row_ft": 52.3, "roadbed_ft": 30.3, "median_ft": 0.0, "left_sw_ft": 10.0, "right_sw_ft": 12.0}, "geometry": {"type": "LineString", "coordinates": [[-73.84986053675335, 40.852543837650174], [-73.84969783311614, 40.85261703721919]]}}, {"type": "Feature", "properties": {"segment_id": 1322110, "physicalid": "90158", "street_name": "TENBROECK AVE", "borough": "bronx", "direction": "FT", "total_row_ft": 52.1, "roadbed_ft": 30.3, "median_ft": 0.0, "left_sw_ft": 10.3, "right_sw_ft": 11.5}, "geometry": {"type": "LineString", "coordinates": [[-73.84989798801983, 40.85259079469117], [-73.84973589651324, 40.852663718885395]]}}, {"type": "Feature", "properties": {"segment_id": 1322111, "physicalid": "90158", "street_name": "TENBROECK AVE", "borough": "bronx", "direction": "FT", "total_row_ft": 51.9, "roadbed_ft": 30.3, "median_ft": 0.0, "left_sw_ft": 10.6, "right_sw_ft": 11.0}, "geometry": {"type": "LineString", "coordinates": [[-73.8499354393392, 40.852637751719634], [-73.84977395996377, 40.85271040053864]]}}, {"type": "Feature", "properties": {"segment_id": 1322112, "physicalid": "90158", "street_name": "TENBROECK AVE", "borough": "bronx", "direction": "FT", "total_row_ft": 51.7, "roadbed_ft": 30.2, "median_ft": 0.0, "left_sw_ft": 10.9, "right_sw_ft": 10.6}, "geometry": {"type": "LineString", "coordinates": [[-73.84997289071147, 40.85268470873556], [-73.84981202346772, 40.852757082178925]]}}, {"type": "Feature", "properties": {"segment_id": 1322113, "physicalid": "90158", "street_name": "TENBROECK AVE", "borough": "bronx", "direction": "FT", "total_row_ft": 51.7, "roadbed_ft": 30.0, "median_ft": 0.0, "left_sw_ft": 11.2, "right_sw_ft": 10.5}, "geometry": {"type": "LineString", "coordinates": [[-73.85001034213658, 40.8527316657389], [-73.84984966321922, 40.852803954474204]]}}, {"type": "Feature", "properties": {"segment_id": 1322114, "physicalid": "90158", "street_name": "TENBROECK AVE", "borough": "bronx", "direction": "FT", "total_row_ft": 51.8, "roadbed_ft": 29.8, "median_ft": 0.0, "left_sw_ft": 11.5, "right_sw_ft": 10.5}, "geometry": {"type": "LineString", "coordinates": [[-73.850047821892, 40.85277861000783], [-73.84988678758803, 40.85285105864852]]}}, {"type": "Feature", "properties": {"segment_id": 1322126, "physicalid": "90159", "street_name": "TENBROECK AVE", "borough": "bronx", "direction": "FT", "total_row_ft": 135.0, "roadbed_ft": 96.1, "median_ft": 0.0, "left_sw_ft": 15.0, "right_sw_ft": 23.9}, "geometry": {"type": "LineString", "coordinates": [[-73.8488273284329, 40.85103149016099], [-73.84845407645683, 40.851199280279744]]}}, {"type": "Feature", "properties": {"segment_id": 1322127, "physicalid": "90159", "street_name": "TENBROECK AVE", "borough": "bronx", "direction": "FT", "total_row_ft": 110.3, "roadbed_ft": 77.5, "median_ft": 0.0, "left_sw_ft": 15.0, "right_sw_ft": 17.7}, "geometry": {"type": "LineString", "coordinates": [[-73.84886415715954, 40.851078726912064], [-73.84856788539952, 40.85121191186983]]}}, {"type": "Feature", "properties": {"segment_id": 1322128, "physicalid": "90159", "street_name": "TENBROECK AVE", "borough": "bronx", "direction": "FT", "total_row_ft": 62.8, "roadbed_ft": 39.8, "median_ft": 0.0, "left_sw_ft": 11.5, "right_sw_ft": 11.5}, "geometry": {"type": "LineString", "coordinates": [[-73.84881937113876, 40.85116265261732], [-73.84862412761628, 40.85125042163034]]}}, {"type": "Feature", "properties": {"segment_id": 1322129, "physicalid": "90159", "street_name": "TENBROECK AVE", "borough": "bronx", "direction": "FT", "total_row_ft": 58.5, "roadbed_ft": 34.9, "median_ft": 0.0, "left_sw_ft": 15.5, "right_sw_ft": 8.1}, "geometry": {"type": "LineString", "coordinates": [[-73.84893781476973, 40.85117320037775], [-73.84867199409855, 40.851292696578234]]}}, {"type": "Feature", "properties": {"segment_id": 1322130, "physicalid": "90159", "street_name": "TENBROECK AVE", "borough": "bronx", "direction": "FT", "total_row_ft": 51.3, "roadbed_ft": 34.8, "median_ft": 0.0, "left_sw_ft": 8.3, "right_sw_ft": 8.2}, "geometry": {"type": "LineString", "coordinates": [[-73.84886799281553, 40.851268380716355], [-73.84870858020369, 40.85134004245903]]}}, {"type": "Feature", "properties": {"segment_id": 1322131, "physicalid": "90159", "street_name": "TENBROECK AVE", "borough": "bronx", "direction": "FT", "total_row_ft": 51.5, "roadbed_ft": 34.7, "median_ft": 0.0, "left_sw_ft": 8.6, "right_sw_ft": 8.3}, "geometry": {"type": "LineString", "coordinates": [[-73.84890554898415, 40.85131529051198], [-73.8487452191176, 40.851387364611824]]}}, {"type": "Feature", "properties": {"segment_id": 1322132, "physicalid": "90159", "street_name": "TENBROECK AVE", "borough": "bronx", "direction": "FT", "total_row_ft": 51.4, "roadbed_ft": 34.5, "median_ft": 0.0, "left_sw_ft": 8.6, "right_sw_ft": 8.3}, "geometry": {"type": "LineString", "coordinates": [[-73.84894220570966, 40.85136260465234], [-73.84878222971962, 40.851434519689136]]}}, {"type": "Feature", "properties": {"segment_id": 1322133, "physicalid": "90159", "street_name": "TENBROECK AVE", "borough": "bronx", "direction": "FT", "total_row_ft": 51.2, "roadbed_ft": 34.4, "median_ft": 0.0, "left_sw_ft": 8.5, "right_sw_ft": 8.3}, "geometry": {"type": "LineString", "coordinates": [[-73.84897864848487, 40.85141001498282], [-73.84881924031406, 40.85148167478119]]}}, {"type": "Feature", "properties": {"segment_id": 1322134, "physicalid": "90159", "street_name": "TENBROECK AVE", "borough": "bronx", "direction": "FT", "total_row_ft": 51.1, "roadbed_ft": 34.3, "median_ft": 0.0, "left_sw_ft": 8.5, "right_sw_ft": 8.3}, "geometry": {"type": "LineString", "coordinates": [[-73.84901509131204, 40.85145742530139], [-73.8488562510919, 40.85152882980212]]}}, {"type": "Feature", "properties": {"segment_id": 1322135, "physicalid": "90159", "street_name": "TENBROECK AVE", "borough": "bronx", "direction": "FT", "total_row_ft": 50.9, "roadbed_ft": 34.2, "median_ft": 0.0, "left_sw_ft": 8.4, "right_sw_ft": 8.3}, "geometry": {"type": "LineString", "coordinates": [[-73.84905153419116, 40.85150483560805], [-73.84889326192224, 40.8515759848108]]}}, {"type": "Feature", "properties": {"segment_id": 1322136, "physicalid": "90159", "street_name": "TENBROECK AVE", "borough": "bronx", "direction": "FT", "total_row_ft": 50.7, "roadbed_ft": 34.0, "median_ft": 0.0, "left_sw_ft": 8.4, "right_sw_ft": 8.3}, "geometry": {"type": "LineString", "coordinates": [[-73.84908797712221, 40.85155224590282], [-73.84893027280503, 40.85162313980721]]}}, {"type": "Feature", "properties": {"segment_id": 1322137, "physicalid": "90159", "street_name": "TENBROECK AVE", "borough": "bronx", "direction": "FT", "total_row_ft": 50.6, "roadbed_ft": 33.9, "median_ft": 0.0, "left_sw_ft": 8.3, "right_sw_ft": 8.3}, "geometry": {"type": "LineString", "coordinates": [[-73.84912442010524, 40.85159965618569], [-73.84896717384211, 40.85167034419455]]}}, {"type": "Feature", "properties": {"segment_id": 1322138, "physicalid": "90159", "street_name": "TENBROECK AVE", "borough": "bronx", "direction": "FT", "total_row_ft": 50.6, "roadbed_ft": 33.9, "median_ft": 0.0, "left_sw_ft": 8.2, "right_sw_ft": 8.4}, "geometry": {"type": "LineString", "coordinates": [[-73.8491610431923, 40.85164698551633], [-73.84900373688913, 40.85171770053191]]}}, {"type": "Feature", "properties": {"segment_id": 1322139, "physicalid": "90159", "street_name": "TENBROECK AVE", "borough": "bronx", "direction": "FT", "total_row_ft": 50.7, "roadbed_ft": 34.2, "median_ft": 0.0, "left_sw_ft": 8.1, "right_sw_ft": 8.5}, "geometry": {"type": "LineString", "coordinates": [[-73.8491979993719, 40.85169416512055], [-73.84904029998819, 40.85176505685725]]}}, {"type": "Feature", "properties": {"segment_id": 1322140, "physicalid": "90159", "street_name": "TENBROECK AVE", "borough": "bronx", "direction": "FT", "total_row_ft": 50.8, "roadbed_ft": 34.4, "median_ft": 0.0, "left_sw_ft": 7.9, "right_sw_ft": 8.5}, "geometry": {"type": "LineString", "coordinates": [[-73.84923495560395, 40.851741344712515], [-73.84907686313933, 40.85181241317065]]}}, {"type": "Feature", "properties": {"segment_id": 1322141, "physicalid": "90159", "street_name": "TENBROECK AVE", "borough": "bronx", "direction": "FT", "total_row_ft": 51.0, "roadbed_ft": 34.7, "median_ft": 0.0, "left_sw_ft": 7.7, "right_sw_ft": 8.6}, "geometry": {"type": "LineString", "coordinates": [[-73.84927191188841, 40.85178852429227], [-73.84911342634253, 40.85185976947206]]}}, {"type": "Feature", "properties": {"segment_id": 1322142, "physicalid": "90159", "street_name": "TENBROECK AVE", "borough": "bronx", "direction": "FT", "total_row_ft": 51.0, "roadbed_ft": 34.9, "median_ft": 0.0, "left_sw_ft": 7.6, "right_sw_ft": 8.5}, "geometry": {"type": "LineString", "coordinates": [[-73.84930886822531, 40.85183570385979], [-73.8491503586733, 40.851906959848655]]}}, {"type": "Feature", "properties": {"segment_id": 1322143, "physicalid": "90159", "street_name": "TENBROECK AVE", "borough": "bronx", "direction": "FT", "total_row_ft": 50.5, "roadbed_ft": 35.2, "median_ft": 0.0, "left_sw_ft": 7.4, "right_sw_ft": 8.0}, "geometry": {"type": "LineString", "coordinates": [[-73.84934582461463, 40.851882883415065], [-73.84918863663135, 40.851953545328065]]}}, {"type": "Feature", "properties": {"segment_id": 1322144, "physicalid": "90159", "street_name": "TENBROECK AVE", "borough": "bronx", "direction": "FT", "total_row_ft": 50.1, "roadbed_ft": 35.4, "median_ft": 0.0, "left_sw_ft": 7.2, "right_sw_ft": 7.5}, "geometry": {"type": "LineString", "coordinates": [[-73.84938278105636, 40.85193006295811], [-73.84922691464304, 40.852000130794394]]}}, {"type": "Feature", "properties": {"segment_id": 1322145, "physicalid": "90159", "street_name": "TENBROECK AVE", "borough": "bronx", "direction": "FT", "total_row_ft": 49.3, "roadbed_ft": 35.6, "median_ft": 0.0, "left_sw_ft": 6.7, "right_sw_ft": 7.0}, "geometry": {"type": "LineString", "coordinates": [[-73.84941850346604, 40.85197779725805], [-73.84926519314385, 40.85204671605187]]}}, {"type": "Feature", "properties": {"segment_id": 1322146, "physicalid": "90159", "street_name": "TENBROECK AVE", "borough": "bronx", "direction": "FT", "total_row_ft": 99.8, "roadbed_ft": 77.3, "median_ft": 0.0, "left_sw_ft": 15.0, "right_sw_ft": 7.6}, "geometry": {"type": "LineString", "coordinates": [[-73.84956391290437, 40.85197622287449], [-73.84930003676214, 40.85209484542656]]}}, {"type": "Feature", "properties": {"segment_id": 1322148, "physicalid": "90160", "street_name": "TENBROECK AVE", "borough": "bronx", "direction": "FT", "total_row_ft": 54.8, "roadbed_ft": 35.7, "median_ft": 0.0, "left_sw_ft": 8.9, "right_sw_ft": 10.2}, "geometry": {"type": "LineString", "coordinates": [[-73.84788074704888, 40.85000522391246], [-73.84771077643158, 40.85008231054858]]}}, {"type": "Feature", "properties": {"segment_id": 1322149, "physicalid": "90160", "street_name": "TENBROECK AVE", "borough": "bronx", "direction": "FT", "total_row_ft": 55.3, "roadbed_ft": 35.2, "median_ft": 0.0, "left_sw_ft": 9.4, "right_sw_ft": 10.7}, "geometry": {"type": "LineString", "coordinates": [[-73.8479192319811, 40.8500517097549], [-73.84774770245913, 40.850129503420455]]}}, {"type": "Feature", "properties": {"segment_id": 1322150, "physicalid": "90160", "street_name": "TENBROECK AVE", "borough": "bronx", "direction": "FT", "total_row_ft": 55.8, "roadbed_ft": 34.8, "median_ft": 0.0, "left_sw_ft": 9.9, "right_sw_ft": 11.1}, "geometry": {"type": "LineString", "coordinates": [[-73.84795771696712, 40.850098195584145], [-73.84778462853909, 40.85017669628012]]}}, {"type": "Feature", "properties": {"segment_id": 1322151, "physicalid": "90160", "street_name": "TENBROECK AVE", "borough": "bronx", "direction": "FT", "total_row_ft": 56.3, "roadbed_ft": 34.3, "median_ft": 0.0, "left_sw_ft": 10.3, "right_sw_ft": 11.6}, "geometry": {"type": "LineString", "coordinates": [[-73.84799620202467, 40.85014468139212], [-73.84782155467143, 40.85022388912758]]}}, {"type": "Feature", "properties": {"segment_id": 1322152, "physicalid": "90160", "street_name": "TENBROECK AVE", "borough": "bronx", "direction": "FT", "total_row_ft": 56.8, "roadbed_ft": 33.9, "median_ft": 0.0, "left_sw_ft": 10.8, "right_sw_ft": 12.1}, "geometry": {"type": "LineString", "coordinates": [[-73.84803468732531, 40.850191167101045], [-73.84785848085619, 40.85027108196284]]}}, {"type": "Feature", "properties": {"segment_id": 1322153, "physicalid": "90160", "street_name": "TENBROECK AVE", "borough": "bronx", "direction": "FT", "total_row_ft": 57.3, "roadbed_ft": 33.5, "median_ft": 0.0, "left_sw_ft": 11.3, "right_sw_ft": 12.4}, "geometry": {"type": "LineString", "coordinates": [[-73.84807317267975, 40.85023765279673], [-73.84789540709332, 40.85031827478586]]}}, {"type": "Feature", "properties": {"segment_id": 1322154, "physicalid": "90160", "street_name": "TENBROECK AVE", "borough": "bronx", "direction": "FT", "total_row_ft": 57.6, "roadbed_ft": 33.5, "median_ft": 0.0, "left_sw_ft": 11.7, "right_sw_ft": 12.4}, "geometry": {"type": "LineString", "coordinates": [[-73.84811105693161, 40.8502844111224], [-73.84793233338287, 40.85036546759671]]}}, {"type": "Feature", "properties": {"segment_id": 1322155, "physicalid": "90160", "street_name": "TENBROECK AVE", "borough": "bronx", "direction": "FT", "total_row_ft": 57.7, "roadbed_ft": 33.5, "median_ft": 0.0, "left_sw_ft": 11.8, "right_sw_ft": 12.4}, "geometry": {"type": "LineString", "coordinates": [[-73.84814819536084, 40.85033150771336], [-73.8479692597248, 40.85041266039534]]}}, {"type": "Feature", "properties": {"segment_id": 1322156, "physicalid": "90160", "street_name": "TENBROECK AVE", "borough": "bronx", "direction": "FT", "total_row_ft": 57.7, "roadbed_ft": 33.5, "median_ft": 0.0, "left_sw_ft": 11.8, "right_sw_ft": 12.4}, "geometry": {"type": "LineString", "coordinates": [[-73.84818533354499, 40.85037860442698], [-73.8480061860704, 40.85045985320388]]}}, {"type": "Feature", "properties": {"segment_id": 1322157, "physicalid": "90160", "street_name": "TENBROECK AVE", "borough": "bronx", "direction": "FT", "total_row_ft": 57.8, "roadbed_ft": 33.4, "median_ft": 0.0, "left_sw_ft": 11.9, "right_sw_ft": 12.4}, "geometry": {"type": "LineString", "coordinates": [[-73.8482224717774, 40.85042570113021], [-73.84804311231706, 40.850507046068834]]}}, {"type": "Feature", "properties": {"segment_id": 1322158, "physicalid": "90160", "street_name": "TENBROECK AVE", "borough": "bronx", "direction": "FT", "total_row_ft": 58.3, "roadbed_ft": 33.4, "median_ft": 0.0, "left_sw_ft": 12.0, "right_sw_ft": 12.9}, "geometry": {"type": "LineString", "coordinates": [[-73.84825961006241, 40.85047279782111], [-73.84807863734898, 40.85055487443687]]}}, {"type": "Feature", "properties": {"segment_id": 1322159, "physicalid": "90160", "street_name": "TENBROECK AVE", "borough": "bronx", "direction": "FT", "total_row_ft": 58.9, "roadbed_ft": 33.4, "median_ft": 0.0, "left_sw_ft": 12.1, "right_sw_ft": 13.4}, "geometry": {"type": "LineString", "coordinates": [[-73.84829674839999, 40.85051989449967], [-73.8481140062471, 40.85060277362795]]}}, {"type": "Feature", "properties": {"segment_id": 1322160, "physicalid": "90160", "street_name": "TENBROECK AVE", "borough": "bronx", "direction": "FT", "total_row_ft": 59.5, "roadbed_ft": 33.4, "median_ft": 0.0, "left_sw_ft": 12.2, "right_sw_ft": 13.8}, "geometry": {"type": "LineString", "coordinates": [[-73.84833388679017, 40.850566991165884], [-73.84814937519616, 40.8506506728078]]}}, {"type": "Feature", "properties": {"segment_id": 1322161, "physicalid": "90160", "street_name": "TENBROECK AVE", "borough": "bronx", "direction": "FT", "total_row_ft": 59.8, "roadbed_ft": 33.5, "median_ft": 0.0, "left_sw_ft": 12.1, "right_sw_ft": 14.2}, "geometry": {"type": "LineString", "coordinates": [[-73.8483702415695, 40.850614443236225], [-73.84818474419616, 40.8506985719764]]}}, {"type": "Feature", "properties": {"segment_id": 1322162, "physicalid": "90160", "street_name": "TENBROECK AVE", "borough": "bronx", "direction": "FT", "total_row_ft": 58.9, "roadbed_ft": 33.6, "median_ft": 0.0, "left_sw_ft": 11.9, "right_sw_ft": 13.4}, "geometry": {"type": "LineString", "coordinates": [[-73.84840656097147, 40.85066191136298], [-73.84822369539205, 40.850744846525835]]}}, {"type": "Feature", "properties": {"segment_id": 1322163, "physicalid": "90160", "street_name": "TENBROECK AVE", "borough": "bronx", "direction": "FT", "total_row_ft": 57.8, "roadbed_ft": 33.8, "median_ft": 0.0, "left_sw_ft": 11.7, "right_sw_ft": 12.4}, "geometry": {"type": "LineString", "coordinates": [[-73.84844288085269, 40.85070937928409], [-73.84826343666748, 40.850790762761946]]}}, {"type": "Feature", "properties": {"segment_id": 1322164, "physicalid": "90160", "street_name": "TENBROECK AVE", "borough": "bronx", "direction": "FT", "total_row_ft": 56.7, "roadbed_ft": 34.0, "median_ft": 0.0, "left_sw_ft": 11.4, "right_sw_ft": 11.3}, "geometry": {"type": "LineString", "coordinates": [[-73.84847920015966, 40.85075684747733], [-73.84830317799778, 40.85083667898399]]}}, {"type": "Feature", "properties": {"segment_id": 1322165, "physicalid": "90160", "street_name": "TENBROECK AVE", "borough": "bronx", "direction": "FT", "total_row_ft": 56.1, "roadbed_ft": 34.3, "median_ft": 0.0, "left_sw_ft": 11.5, "right_sw_ft": 10.3}, "geometry": {"type": "LineString", "coordinates": [[-73.84851705893209, 40.850803617484736], [-73.84834291938294, 40.850882595191976]]}}, {"type": "Feature", "properties": {"segment_id": 1322166, "physicalid": "90160", "street_name": "TENBROECK AVE", "borough": "bronx", "direction": "FT", "total_row_ft": 81.7, "roadbed_ft": 34.5, "median_ft": 0.0, "left_sw_ft": 11.8, "right_sw_ft": 35.4}, "geometry": {"type": "LineString", "coordinates": [[-73.84855534857542, 40.85085019208954], [-73.84827849696971, 40.850975752736296]]}}, {"type": "Feature", "properties": {"segment_id": 1322167, "physicalid": "90160", "street_name": "TENBROECK AVE", "borough": "bronx", "direction": "FT", "total_row_ft": 70.0, "roadbed_ft": 36.0, "median_ft": 0.0, "left_sw_ft": 12.1, "right_sw_ft": 21.9}, "geometry": {"type": "LineString", "coordinates": [[-73.84859363827238, 40.85089676668122], [-73.84837640246005, 40.850995289871946]]}}, {"type": "Feature", "properties": {"segment_id": 1322168, "physicalid": "90160", "street_name": "TENBROECK AVE", "borough": "bronx", "direction": "FT", "total_row_ft": 105.0, "roadbed_ft": 77.6, "median_ft": 0.0, "left_sw_ft": 12.4, "right_sw_ft": 15.0}, "geometry": {"type": "LineString", "coordinates": [[-73.8486319277272, 40.850943341393965], [-73.84835263677991, 40.851070008423555]]}}, {"type": "Feature", "properties": {"segment_id": 1322169, "physicalid": "90160", "street_name": "TENBROECK AVE", "borough": "bronx", "direction": "FT", "total_row_ft": 135.0, "roadbed_ft": 84.8, "median_ft": 0.0, "left_sw_ft": 35.2, "right_sw_ft": 15.0}, "geometry": {"type": "LineString", "coordinates": [[-73.84876209654077, 40.850948245738756], [-73.84838970676381, 40.85111713624874]]}}, {"type": "Feature", "properties": {"segment_id": 1332764, "physicalid": "90999", "street_name": "SEYMOUR AVE", "borough": "bronx", "direction": "TW", "total_row_ft": 96.4, "roadbed_ft": 41.8, "median_ft": 0.0, "left_sw_ft": 13.7, "right_sw_ft": 40.8}, "geometry": {"type": "LineString", "coordinates": [[-73.84658864927641, 40.85867997851749], [-73.84624037343951, 40.85867349510917]]}}, {"type": "Feature", "properties": {"segment_id": 1332765, "physicalid": "90999", "street_name": "SEYMOUR AVE", "borough": "bronx", "direction": "TW", "total_row_ft": 86.2, "roadbed_ft": 32.6, "median_ft": 0.0, "left_sw_ft": 44.6, "right_sw_ft": 9.0}, "geometry": {"type": "LineString", "coordinates": [[-73.84667227787885, 40.85873644566074], [-73.84636063093309, 40.85873064440651]]}}, {"type": "Feature", "properties": {"segment_id": 1332766, "physicalid": "90999", "street_name": "SEYMOUR AVE", "borough": "bronx", "direction": "TW", "total_row_ft": 50.6, "roadbed_ft": 33.6, "median_ft": 0.0, "left_sw_ft": 7.9, "right_sw_ft": 9.1}, "geometry": {"type": "LineString", "coordinates": [[-73.84654184133211, 40.858788928203666], [-73.84635882871811, 40.85878552135315]]}}, {"type": "Feature", "properties": {"segment_id": 1332767, "physicalid": "90999", "street_name": "SEYMOUR AVE", "borough": "bronx", "direction": "TW", "total_row_ft": 50.7, "roadbed_ft": 34.4, "median_ft": 0.0, "left_sw_ft": 7.1, "right_sw_ft": 9.1}, "geometry": {"type": "LineString", "coordinates": [[-73.84654009560674, 40.858843806201335], [-73.84635702650016, 40.85884039829927]]}}, {"type": "Feature", "properties": {"segment_id": 1332768, "physicalid": "90999", "street_name": "SEYMOUR AVE", "borough": "bronx", "direction": "TW", "total_row_ft": 50.7, "roadbed_ft": 34.5, "median_ft": 0.0, "left_sw_ft": 7.0, "right_sw_ft": 9.2}, "geometry": {"type": "LineString", "coordinates": [[-73.8465383498785, 40.85889868419851], [-73.84635522427925, 40.858895275244805]]}}, {"type": "Feature", "properties": {"segment_id": 1332769, "physicalid": "90999", "street_name": "SEYMOUR AVE", "borough": "bronx", "direction": "TW", "total_row_ft": 50.7, "roadbed_ft": 34.3, "median_ft": 0.0, "left_sw_ft": 7.1, "right_sw_ft": 9.2}, "geometry": {"type": "LineString", "coordinates": [[-73.84653660414736, 40.8589535621951], [-73.84635342205534, 40.85895015218978]]}}, {"type": "Feature", "properties": {"segment_id": 1332770, "physicalid": "90999", "street_name": "SEYMOUR AVE", "borough": "bronx", "direction": "TW", "total_row_ft": 50.7, "roadbed_ft": 34.2, "median_ft": 0.0, "left_sw_ft": 7.2, "right_sw_ft": 9.3}, "geometry": {"type": "LineString", "coordinates": [[-73.84653485841334, 40.859008440191104], [-73.84635161982848, 40.85900502913422]]}}, {"type": "Feature", "properties": {"segment_id": 1332771, "physicalid": "90999", "street_name": "SEYMOUR AVE", "borough": "bronx", "direction": "TW", "total_row_ft": 50.7, "roadbed_ft": 34.1, "median_ft": 0.0, "left_sw_ft": 7.3, "right_sw_ft": 9.3}, "geometry": {"type": "LineString", "coordinates": [[-73.84653311255227, 40.85906331818427], [-73.84634981759864, 40.859059906078066]]}}, {"type": "Feature", "properties": {"segment_id": 1332772, "physicalid": "90999", "street_name": "SEYMOUR AVE", "borough": "bronx", "direction": "TW", "total_row_ft": 50.7, "roadbed_ft": 34.0, "median_ft": 0.0, "left_sw_ft": 7.4, "right_sw_ft": 9.3}, "geometry": {"type": "LineString", "coordinates": [[-73.84653136643549, 40.85911819617216], [-73.84634825302999, 40.85911478744579]]}}, {"type": "Feature", "properties": {"segment_id": 1332773, "physicalid": "90999", "street_name": "SEYMOUR AVE", "borough": "bronx", "direction": "TW", "total_row_ft": 50.6, "roadbed_ft": 33.9, "median_ft": 0.0, "left_sw_ft": 7.5, "right_sw_ft": 9.2}, "geometry": {"type": "LineString", "coordinates": [[-73.84652962101576, 40.859173074172546], [-73.84634682736207, 40.85916967139878]]}}, {"type": "Feature", "properties": {"segment_id": 1332774, "physicalid": "90999", "street_name": "SEYMOUR AVE", "borough": "bronx", "direction": "TW", "total_row_ft": 50.5, "roadbed_ft": 33.8, "median_ft": 0.0, "left_sw_ft": 7.5, "right_sw_ft": 9.2}, "geometry": {"type": "LineString", "coordinates": [[-73.84652775616809, 40.85922794994929], [-73.84634540169178, 40.85922455535122]]}}, {"type": "Feature", "properties": {"segment_id": 1332775, "physicalid": "90999", "street_name": "SEYMOUR AVE", "borough": "bronx", "direction": "TW", "total_row_ft": 50.3, "roadbed_ft": 33.7, "median_ft": 0.0, "left_sw_ft": 7.5, "right_sw_ft": 9.1}, "geometry": {"type": "LineString", "coordinates": [[-73.84652587622547, 40.859282825444566], [-73.84634397601914, 40.85927943930311]]}}, {"type": "Feature", "properties": {"segment_id": 1332776, "physicalid": "90999", "street_name": "SEYMOUR AVE", "borough": "bronx", "direction": "TW", "total_row_ft": 50.2, "roadbed_ft": 33.7, "median_ft": 0.0, "left_sw_ft": 7.5, "right_sw_ft": 9.0}, "geometry": {"type": "LineString", "coordinates": [[-73.84652399627976, 40.85933770093928], [-73.84634255034416, 40.85933432325446]]}}, {"type": "Feature", "properties": {"segment_id": 1332777, "physicalid": "90999", "street_name": "SEYMOUR AVE", "borough": "bronx", "direction": "TW", "total_row_ft": 50.1, "roadbed_ft": 33.6, "median_ft": 0.0, "left_sw_ft": 7.5, "right_sw_ft": 8.9}, "geometry": {"type": "LineString", "coordinates": [[-73.84652211633093, 40.85939257643339], [-73.84634112466682, 40.85938920720528]]}}, {"type": "Feature", "properties": {"segment_id": 1332778, "physicalid": "90999", "street_name": "SEYMOUR AVE", "borough": "bronx", "direction": "TW", "total_row_ft": 50.0, "roadbed_ft": 33.6, "median_ft": 0.0, "left_sw_ft": 7.5, "right_sw_ft": 8.8}, "geometry": {"type": "LineString", "coordinates": [[-73.84652023637899, 40.859447451927004], [-73.84633969898714, 40.8594440911555]]}}, {"type": "Feature", "properties": {"segment_id": 1332779, "physicalid": "90999", "street_name": "SEYMOUR AVE", "borough": "bronx", "direction": "TW", "total_row_ft": 49.8, "roadbed_ft": 33.6, "median_ft": 0.0, "left_sw_ft": 7.5, "right_sw_ft": 8.7}, "geometry": {"type": "LineString", "coordinates": [[-73.84651835642397, 40.859502327419996], [-73.8463382733051, 40.859498975105204]]}}, {"type": "Feature", "properties": {"segment_id": 1332780, "physicalid": "90999", "street_name": "SEYMOUR AVE", "borough": "bronx", "direction": "TW", "total_row_ft": 49.7, "roadbed_ft": 33.5, "median_ft": 0.0, "left_sw_ft": 7.5, "right_sw_ft": 8.6}, "geometry": {"type": "LineString", "coordinates": [[-73.84651647646585, 40.85955720291247], [-73.84633684762069, 40.85955385905434]]}}, {"type": "Feature", "properties": {"segment_id": 1332781, "physicalid": "90999", "street_name": "SEYMOUR AVE", "borough": "bronx", "direction": "TW", "total_row_ft": 49.6, "roadbed_ft": 33.5, "median_ft": 0.0, "left_sw_ft": 7.5, "right_sw_ft": 8.5}, "geometry": {"type": "LineString", "coordinates": [[-73.8465145965046, 40.859612078404346], [-73.84633542193393, 40.85960874300295]]}}, {"type": "Feature", "properties": {"segment_id": 1332782, "physicalid": "90999", "street_name": "SEYMOUR AVE", "borough": "bronx", "direction": "TW", "total_row_ft": 50.3, "roadbed_ft": 33.5, "median_ft": 0.0, "left_sw_ft": 7.6, "right_sw_ft": 9.2}, "geometry": {"type": "LineString", "coordinates": [[-73.84651304739499, 40.859666960054426], [-73.84633113370394, 40.859663573661464]]}}, {"type": "Feature", "properties": {"segment_id": 1332783, "physicalid": "90999", "street_name": "SEYMOUR AVE", "borough": "bronx", "direction": "TW", "total_row_ft": 150.0, "roadbed_ft": 120.0, "median_ft": 0.0, "left_sw_ft": 15.0, "right_sw_ft": 15.0}, "geometry": {"type": "LineString", "coordinates": [[-73.84664038145387, 40.85972424073933], [-73.84620669822371, 40.85971616757239]]}}, {"type": "Feature", "properties": {"segment_id": 1332784, "physicalid": "91000", "street_name": "SEYMOUR AVE", "borough": "bronx", "direction": "TW", "total_row_ft": 150.0, "roadbed_ft": 120.0, "median_ft": 0.0, "left_sw_ft": 15.0, "right_sw_ft": 15.0}, "geometry": {"type": "LineString", "coordinates": [[-73.84663726096376, 40.85982003882807], [-73.84620358246474, 40.859811801503625]]}}, {"type": "Feature", "properties": {"segment_id": 1332785, "physicalid": "91000", "street_name": "SEYMOUR AVE", "borough": "bronx", "direction": "TW", "total_row_ft": 49.2, "roadbed_ft": 35.2, "median_ft": 0.0, "left_sw_ft": 6.6, "right_sw_ft": 7.4}, "geometry": {"type": "LineString", "coordinates": [[-73.8465065354697, 40.85987246715152], [-73.84632888905212, 40.85986909291976]]}}, {"type": "Feature", "properties": {"segment_id": 1332786, "physicalid": "91000", "street_name": "SEYMOUR AVE", "borough": "bronx", "direction": "TW", "total_row_ft": 49.5, "roadbed_ft": 34.9, "median_ft": 0.0, "left_sw_ft": 7.1, "right_sw_ft": 7.5}, "geometry": {"type": "LineString", "coordinates": [[-73.84650550311025, 40.85992735870528], [-73.84632670071953, 40.85992396251719]]}}, {"type": "Feature", "properties": {"segment_id": 1332787, "physicalid": "91000", "street_name": "SEYMOUR AVE", "borough": "bronx", "direction": "TW", "total_row_ft": 49.6, "roadbed_ft": 34.5, "median_ft": 0.0, "left_sw_ft": 7.5, "right_sw_ft": 7.6}, "geometry": {"type": "LineString", "coordinates": [[-73.84650393652443, 40.8599822401118], [-73.84632451238335, 40.85997883211405]]}}, {"type": "Feature", "properties": {"segment_id": 1334828, "physicalid": "91107", "street_name": "BASSETT AVE", "borough": "bronx", "direction": "TW", "total_row_ft": 49.9, "roadbed_ft": 31.6, "median_ft": 0.0, "left_sw_ft": 15.0, "right_sw_ft": 3.3}, "geometry": {"type": "LineString", "coordinates": [[-73.84355090398287, 40.850060214575045], [-73.84329936078133, 40.849960863527194]]}}, {"type": "Feature", "properties": {"segment_id": 1334829, "physicalid": "91107", "street_name": "BASSETT AVE", "borough": "bronx", "direction": "TW", "total_row_ft": 49.8, "roadbed_ft": 31.4, "median_ft": 0.0, "left_sw_ft": 15.0, "right_sw_ft": 3.4}, "geometry": {"type": "LineString", "coordinates": [[-73.843517544826, 40.85010891470582], [-73.84326596411046, 40.85000954882233]]}}, {"type": "Feature", "properties": {"segment_id": 1334830, "physicalid": "91107", "street_name": "BASSETT AVE", "borough": "bronx", "direction": "TW", "total_row_ft": 49.7, "roadbed_ft": 31.3, "median_ft": 0.0, "left_sw_ft": 15.0, "right_sw_ft": 3.4}, "geometry": {"type": "LineString", "coordinates": [[-73.84348418562027, 40.85015761482653], [-73.8432325673907, 40.850058234107344]]}}, {"type": "Feature", "properties": {"segment_id": 1334831, "physicalid": "91107", "street_name": "BASSETT AVE", "borough": "bronx", "direction": "TW", "total_row_ft": 49.6, "roadbed_ft": 31.1, "median_ft": 0.0, "left_sw_ft": 15.0, "right_sw_ft": 3.5}, "geometry": {"type": "LineString", "coordinates": [[-73.8434508263657, 40.85020631493719], [-73.84319917062206, 40.850106919382306]]}}, {"type": "Feature", "properties": {"segment_id": 1334832, "physicalid": "91107", "street_name": "BASSETT AVE", "borough": "bronx", "direction": "TW", "total_row_ft": 49.4, "roadbed_ft": 30.9, "median_ft": 0.0, "left_sw_ft": 15.0, "right_sw_ft": 3.5}, "geometry": {"type": "LineString", "coordinates": [[-73.84341746706228, 40.850255015037774], [-73.84316577380453, 40.85015560464718]]}}, {"type": "Feature", "properties": {"segment_id": 1334833, "physicalid": "91107", "street_name": "BASSETT AVE", "borough": "bronx", "direction": "TW", "total_row_ft": 49.3, "roadbed_ft": 30.7, "median_ft": 0.0, "left_sw_ft": 15.0, "right_sw_ft": 3.6}, "geometry": {"type": "LineString", "coordinates": [[-73.84338410771001, 40.850303715128305], [-73.8431323769381, 40.85020428990195]]}}, {"type": "Feature", "properties": {"segment_id": 1334834, "physicalid": "91107", "street_name": "BASSETT AVE", "borough": "bronx", "direction": "TW", "total_row_ft": 49.2, "roadbed_ft": 30.6, "median_ft": 0.0, "left_sw_ft": 15.0, "right_sw_ft": 3.6}, "geometry": {"type": "LineString", "coordinates": [[-73.84335074830888, 40.85035241520878], [-73.84309898002279, 40.85025297514666]]}}, {"type": "Feature", "properties": {"segment_id": 1334835, "physicalid": "91107", "street_name": "BASSETT AVE", "borough": "bronx", "direction": "TW", "total_row_ft": 49.1, "roadbed_ft": 30.4, "median_ft": 0.0, "left_sw_ft": 15.0, "right_sw_ft": 3.7}, "geometry": {"type": "LineString", "coordinates": [[-73.8433173888589, 40.8504011152792], [-73.84306558305859, 40.85030166038129]]}}, {"type": "Feature", "properties": {"segment_id": 1334836, "physicalid": "91107", "street_name": "BASSETT AVE", "borough": "bronx", "direction": "TW", "total_row_ft": 60.2, "roadbed_ft": 30.2, "median_ft": 0.0, "left_sw_ft": 15.0, "right_sw_ft": 15.0}, "geometry": {"type": "LineString", "coordinates": [[-73.84328402936009, 40.850449815339545], [-73.84289922005485, 40.85029782811911]]}}, {"type": "Feature", "properties": {"segment_id": 1334837, "physicalid": "91107", "street_name": "BASSETT AVE", "borough": "bronx", "direction": "TW", "total_row_ft": 60.1, "roadbed_ft": 30.1, "median_ft": 0.0, "left_sw_ft": 15.0, "right_sw_ft": 15.0}, "geometry": {"type": "LineString", "coordinates": [[-73.84325066981242, 40.850498515389845], [-73.84286586030166, 40.85034652805941]]}}, {"type": "Feature", "properties": {"segment_id": 1334838, "physicalid": "91107", "street_name": "BASSETT AVE", "borough": "bronx", "direction": "TW", "total_row_ft": 60.0, "roadbed_ft": 30.0, "median_ft": 0.0, "left_sw_ft": 15.0, "right_sw_ft": 15.0}, "geometry": {"type": "LineString", "coordinates": [[-73.8432173102159, 40.85054721543008], [-73.84283250049963, 40.850395227989665]]}}, {"type": "Feature", "properties": {"segment_id": 1334839, "physicalid": "91107", "street_name": "BASSETT AVE", "borough": "bronx", "direction": "TW", "total_row_ft": 59.9, "roadbed_ft": 29.9, "median_ft": 0.0, "left_sw_ft": 15.0, "right_sw_ft": 15.0}, "geometry": {"type": "LineString", "coordinates": [[-73.84318395057053, 40.850595915460275], [-73.84279914064875, 40.85044392790985]]}}, {"type": "Feature", "properties": {"segment_id": 1334840, "physicalid": "91107", "street_name": "BASSETT AVE", "borough": "bronx", "direction": "TW", "total_row_ft": 59.9, "roadbed_ft": 29.9, "median_ft": 0.0, "left_sw_ft": 15.0, "right_sw_ft": 15.0}, "geometry": {"type": "LineString", "coordinates": [[-73.84315059087632, 40.85064461548038], [-73.84276578074902, 40.850492627819975]]}}, {"type": "Feature", "properties": {"segment_id": 1334841, "physicalid": "91107", "street_name": "BASSETT AVE", "borough": "bronx", "direction": "TW", "total_row_ft": 60.1, "roadbed_ft": 30.1, "median_ft": 0.0, "left_sw_ft": 15.0, "right_sw_ft": 15.0}, "geometry": {"type": "LineString", "coordinates": [[-73.84311723113328, 40.85069331549041], [-73.84273242080042, 40.85054132772008]]}}, {"type": "Feature", "properties": {"segment_id": 1334842, "physicalid": "91107", "street_name": "BASSETT AVE", "borough": "bronx", "direction": "TW", "total_row_ft": 60.2, "roadbed_ft": 30.2, "median_ft": 0.0, "left_sw_ft": 15.0, "right_sw_ft": 15.0}, "geometry": {"type": "LineString", "coordinates": [[-73.84308387134136, 40.850742015490404], [-73.84269906080299, 40.85059002761008]]}}, {"type": "Feature", "properties": {"segment_id": 1388828, "physicalid": "94321", "street_name": "FISH AVE", "borough": "bronx", "direction": "TW", "total_row_ft": 150.0, "roadbed_ft": 120.0, "median_ft": 0.0, "left_sw_ft": 15.0, "right_sw_ft": 15.0}, "geometry": {"type": "LineString", "coordinates": [[-73.84757483344059, 40.85983902798501], [-73.84714115278483, 40.85983085258139]]}}, {"type": "Feature", "properties": {"segment_id": 1388829, "physicalid": "94321", "street_name": "FISH AVE", "borough": "bronx", "direction": "TW", "total_row_ft": 52.5, "roadbed_ft": 33.0, "median_ft": 0.0, "left_sw_ft": 9.2, "right_sw_ft": 10.3}, "geometry": {"type": "LineString", "coordinates": [[-73.8474490133594, 40.85989156719734], [-73.84725925892063, 40.859887990093846]]}}, {"type": "Feature", "properties": {"segment_id": 1388830, "physicalid": "94321", "street_name": "FISH AVE", "borough": "bronx", "direction": "TW", "total_row_ft": 52.6, "roadbed_ft": 33.1, "median_ft": 0.0, "left_sw_ft": 8.8, "right_sw_ft": 10.6}, "geometry": {"type": "LineString", "coordinates": [[-73.84744637362054, 40.85994642834125], [-73.8472564277416, 40.859942847627366]]}}, {"type": "Feature", "properties": {"segment_id": 1388831, "physicalid": "94321", "street_name": "FISH AVE", "borough": "bronx", "direction": "TW", "total_row_ft": 52.8, "roadbed_ft": 33.2, "median_ft": 0.0, "left_sw_ft": 8.7, "right_sw_ft": 10.9}, "geometry": {"type": "LineString", "coordinates": [[-73.84744450593942, 40.86000130403827], [-73.84725359585548, 40.859997705147045]]}}, {"type": "Feature", "properties": {"segment_id": 1388848, "physicalid": "94322", "street_name": "FISH AVE", "borough": "bronx", "direction": "TW", "total_row_ft": 120.0, "roadbed_ft": 37.1, "median_ft": 0.0, "left_sw_ft": 41.9, "right_sw_ft": 41.0}, "geometry": {"type": "LineString", "coordinates": [[-73.84761288815626, 40.8587279905898], [-73.84717922823056, 40.858719412780175]]}}, {"type": "Feature", "properties": {"segment_id": 1388849, "physicalid": "94322", "street_name": "FISH AVE", "borough": "bronx", "direction": "TW", "total_row_ft": 53.1, "roadbed_ft": 33.6, "median_ft": 0.0, "left_sw_ft": 8.5, "right_sw_ft": 11.0}, "geometry": {"type": "LineString", "coordinates": [[-73.8474848320889, 40.85878037042851], [-73.84729304506988, 40.858776576865374]]}}, {"type": "Feature", "properties": {"segment_id": 1388850, "physicalid": "94322", "street_name": "FISH AVE", "borough": "bronx", "direction": "TW", "total_row_ft": 53.2, "roadbed_ft": 33.4, "median_ft": 0.0, "left_sw_ft": 8.5, "right_sw_ft": 11.3}, "geometry": {"type": "LineString", "coordinates": [[-73.84748276437382, 40.85883524215284], [-73.84729046637325, 40.85883143848172]]}}, {"type": "Feature", "properties": {"segment_id": 1388851, "physicalid": "94322", "street_name": "FISH AVE", "borough": "bronx", "direction": "TW", "total_row_ft": 53.4, "roadbed_ft": 33.2, "median_ft": 0.0, "left_sw_ft": 8.5, "right_sw_ft": 11.6}, "geometry": {"type": "LineString", "coordinates": [[-73.84748069665534, 40.85889011387656], [-73.84728788767237, 40.858886300097524]]}}, {"type": "Feature", "properties": {"segment_id": 1388852, "physicalid": "94322", "street_name": "FISH AVE", "borough": "bronx", "direction": "TW", "total_row_ft": 53.4, "roadbed_ft": 33.0, "median_ft": 0.0, "left_sw_ft": 8.5, "right_sw_ft": 11.8}, "geometry": {"type": "LineString", "coordinates": [[-73.84747862893343, 40.858944985599734], [-73.84728571544922, 40.85894116975328]]}}, {"type": "Feature", "properties": {"segment_id": 1388853, "physicalid": "94322", "street_name": "FISH AVE", "borough": "bronx", "direction": "TW", "total_row_ft": 52.6, "roadbed_ft": 32.9, "median_ft": 0.0, "left_sw_ft": 8.5, "right_sw_ft": 11.2}, "geometry": {"type": "LineString", "coordinates": [[-73.84747654611161, 40.85899985702378], [-73.84728661833698, 40.858996100237064]]}}, {"type": "Feature", "properties": {"segment_id": 1388854, "physicalid": "94322", "street_name": "FISH AVE", "borough": "bronx", "direction": "TW", "total_row_ft": 51.9, "roadbed_ft": 32.7, "median_ft": 0.0, "left_sw_ft": 8.5, "right_sw_ft": 10.7}, "geometry": {"type": "LineString", "coordinates": [[-73.84747442382239, 40.85905472766665], [-73.8472869796395, 40.859051020007286]]}}, {"type": "Feature", "properties": {"segment_id": 1388855, "physicalid": "94322", "street_name": "FISH AVE", "borough": "bronx", "direction": "TW", "total_row_ft": 51.5, "roadbed_ft": 32.5, "median_ft": 0.0, "left_sw_ft": 8.5, "right_sw_ft": 10.5}, "geometry": {"type": "LineString", "coordinates": [[-73.84747230152966, 40.85910959830894], [-73.8472862013914, 40.8591059172356]]}}, {"type": "Feature", "properties": {"segment_id": 1388856, "physicalid": "94322", "street_name": "FISH AVE", "borough": "bronx", "direction": "TW", "total_row_ft": 51.1, "roadbed_ft": 32.4, "median_ft": 0.0, "left_sw_ft": 8.4, "right_sw_ft": 10.3}, "geometry": {"type": "LineString", "coordinates": [[-73.84747017923345, 40.8591644689507], [-73.84728542314198, 40.859160814463394]]}}, {"type": "Feature", "properties": {"segment_id": 1388857, "physicalid": "94322", "street_name": "FISH AVE", "borough": "bronx", "direction": "TW", "total_row_ft": 50.8, "roadbed_ft": 32.7, "median_ft": 0.0, "left_sw_ft": 8.3, "right_sw_ft": 9.7}, "geometry": {"type": "LineString", "coordinates": [[-73.84746805695882, 40.85921933959235], [-73.8472846448913, 40.859215711690666]]}}, {"type": "Feature", "properties": {"segment_id": 1388858, "physicalid": "94322", "street_name": "FISH AVE", "borough": "bronx", "direction": "TW", "total_row_ft": 50.4, "roadbed_ft": 33.1, "median_ft": 0.0, "left_sw_ft": 8.2, "right_sw_ft": 9.1}, "geometry": {"type": "LineString", "coordinates": [[-73.84746593468225, 40.85927421023347], [-73.84728386663934, 40.8592706089174]]}}, {"type": "Feature", "properties": {"segment_id": 1388859, "physicalid": "94322", "street_name": "FISH AVE", "borough": "bronx", "direction": "TW", "total_row_ft": 50.0, "roadbed_ft": 33.1, "median_ft": 0.0, "left_sw_ft": 8.1, "right_sw_ft": 8.7}, "geometry": {"type": "LineString", "coordinates": [[-73.84746381240218, 40.85932908087402], [-73.84728308855365, 40.859325506146895]]}}, {"type": "Feature", "properties": {"segment_id": 1388860, "physicalid": "94322", "street_name": "FISH AVE", "borough": "bronx", "direction": "TW", "total_row_ft": 49.6, "roadbed_ft": 33.2, "median_ft": 0.0, "left_sw_ft": 8.0, "right_sw_ft": 8.4}, "geometry": {"type": "LineString", "coordinates": [[-73.8474616901186, 40.859383951514005], [-73.84728231050921, 40.859380403376704]]}}, {"type": "Feature", "properties": {"segment_id": 1388861, "physicalid": "94322", "street_name": "FISH AVE", "borough": "bronx", "direction": "TW", "total_row_ft": 49.3, "roadbed_ft": 33.2, "median_ft": 0.0, "left_sw_ft": 7.9, "right_sw_ft": 8.1}, "geometry": {"type": "LineString", "coordinates": [[-73.84745956797872, 40.859438822156335], [-73.8472815325827, 40.85943530060831]]}}, {"type": "Feature", "properties": {"segment_id": 1388862, "physicalid": "94322", "street_name": "FISH AVE", "borough": "bronx", "direction": "TW", "total_row_ft": 49.2, "roadbed_ft": 33.3, "median_ft": 0.0, "left_sw_ft": 7.8, "right_sw_ft": 8.1}, "geometry": {"type": "LineString", "coordinates": [[-73.84745744585017, 40.85949369279834], [-73.84727955203716, 40.859490174050656]]}}, {"type": "Feature", "properties": {"segment_id": 1388863, "physicalid": "94322", "street_name": "FISH AVE", "borough": "bronx", "direction": "TW", "total_row_ft": 49.4, "roadbed_ft": 33.3, "median_ft": 0.0, "left_sw_ft": 7.7, "right_sw_ft": 8.4}, "geometry": {"type": "LineString", "coordinates": [[-73.84745532371811, 40.85954856343982], [-73.84727662366053, 40.859545028743604]]}}, {"type": "Feature", "properties": {"segment_id": 1388864, "physicalid": "94322", "street_name": "FISH AVE", "borough": "bronx", "direction": "TW", "total_row_ft": 49.7, "roadbed_ft": 33.4, "median_ft": 0.0, "left_sw_ft": 7.6, "right_sw_ft": 8.7}, "geometry": {"type": "LineString", "coordinates": [[-73.84745320158255, 40.85960343408075], [-73.84727369545725, 40.859599883439465]]}}, {"type": "Feature", "properties": {"segment_id": 1388865, "physicalid": "94322", "street_name": "FISH AVE", "borough": "bronx", "direction": "TW", "total_row_ft": 51.1, "roadbed_ft": 33.4, "median_ft": 0.0, "left_sw_ft": 8.2, "right_sw_ft": 9.4}, "geometry": {"type": "LineString", "coordinates": [[-73.84745367016419, 40.85965835596361], [-73.84726914171726, 40.85965470598035]]}}, {"type": "Feature", "properties": {"segment_id": 1388866, "physicalid": "94322", "street_name": "FISH AVE", "borough": "bronx", "direction": "TW", "total_row_ft": 120.0, "roadbed_ft": 35.5, "median_ft": 0.0, "left_sw_ft": 41.9, "right_sw_ft": 42.5}, "geometry": {"type": "LineString", "coordinates": [[-73.84757899723463, 40.85971574738382], [-73.84714533087256, 40.85970716944829]]}}, {"type": "Feature", "properties": {"segment_id": 1389102, "physicalid": "94330", "street_name": "LAKEWOOD PL", "borough": "bronx", "direction": "TW", "total_row_ft": 114.1, "roadbed_ft": 79.0, "median_ft": 0.0, "left_sw_ft": 15.0, "right_sw_ft": 20.1}, "geometry": {"type": "LineString", "coordinates": [[-73.84953940715074, 40.852263494485726], [-73.84928420615128, 40.8520727131204]]}}, {"type": "Feature", "properties": {"segment_id": 1389103, "physicalid": "94330", "street_name": "LAKEWOOD PL", "borough": "bronx", "direction": "TW", "total_row_ft": 71.7, "roadbed_ft": 34.4, "median_ft": 0.0, "left_sw_ft": 30.4, "right_sw_ft": 6.9}, "geometry": {"type": "LineString", "coordinates": [[-73.84948868743373, 40.85230261180557], [-73.84927479432301, 40.85214271112356]]}}, {"type": "Feature", "properties": {"segment_id": 1389104, "physicalid": "94330", "street_name": "LAKEWOOD PL", "borough": "bronx", "direction": "TW", "total_row_ft": 48.4, "roadbed_ft": 33.7, "median_ft": 0.0, "left_sw_ft": 7.3, "right_sw_ft": 7.3}, "geometry": {"type": "LineString", "coordinates": [[-73.84934818759541, 40.85227461207103], [-73.84922356954175, 40.85218145080143]]}}, {"type": "Feature", "properties": {"segment_id": 1389105, "physicalid": "94330", "street_name": "LAKEWOOD PL", "borough": "bronx", "direction": "TW", "total_row_ft": 48.6, "roadbed_ft": 33.4, "median_ft": 0.0, "left_sw_ft": 7.8, "right_sw_ft": 7.5}, "geometry": {"type": "LineString", "coordinates": [[-73.8492975145017, 40.852313764251434], [-73.84917234470085, 40.85222019045627]]}}, {"type": "Feature", "properties": {"segment_id": 1389106, "physicalid": "94330", "street_name": "LAKEWOOD PL", "borough": "bronx", "direction": "TW", "total_row_ft": 48.8, "roadbed_ft": 33.2, "median_ft": 0.0, "left_sw_ft": 8.0, "right_sw_ft": 7.6}, "geometry": {"type": "LineString", "coordinates": [[-73.84924684134837, 40.85235291640933], [-73.84912111980026, 40.85225893008817]]}}, {"type": "Feature", "properties": {"segment_id": 1389107, "physicalid": "94330", "street_name": "LAKEWOOD PL", "borough": "bronx", "direction": "TW", "total_row_ft": 49.2, "roadbed_ft": 33.2, "median_ft": 0.0, "left_sw_ft": 8.1, "right_sw_ft": 7.9}, "geometry": {"type": "LineString", "coordinates": [[-73.84919616813538, 40.8523920685447], [-73.84906947117568, 40.85229735297518]]}}, {"type": "Feature", "properties": {"segment_id": 1389108, "physicalid": "94330", "street_name": "LAKEWOOD PL", "borough": "bronx", "direction": "TW", "total_row_ft": 49.9, "roadbed_ft": 33.2, "median_ft": 0.0, "left_sw_ft": 8.2, "right_sw_ft": 8.5}, "geometry": {"type": "LineString", "coordinates": [[-73.84914549486271, 40.85243122065755], [-73.84901706388472, 40.85233520872126]]}}, {"type": "Feature", "properties": {"segment_id": 1389109, "physicalid": "94330", "street_name": "LAKEWOOD PL", "borough": "bronx", "direction": "TW", "total_row_ft": 50.2, "roadbed_ft": 33.1, "median_ft": 0.0, "left_sw_ft": 8.3, "right_sw_ft": 8.8}, "geometry": {"type": "LineString", "coordinates": [[-73.84909482153041, 40.85247037274784], [-73.84896550528578, 40.85237369895159]]}}, {"type": "Feature", "properties": {"segment_id": 1389110, "physicalid": "94330", "street_name": "LAKEWOOD PL", "borough": "bronx", "direction": "TW", "total_row_ft": 50.3, "roadbed_ft": 33.1, "median_ft": 0.0, "left_sw_ft": 8.4, "right_sw_ft": 8.8}, "geometry": {"type": "LineString", "coordinates": [[-73.84904414813845, 40.85250952481565], [-73.84891457166832, 40.852412656426075]]}}, {"type": "Feature", "properties": {"segment_id": 1389111, "physicalid": "94330", "street_name": "LAKEWOOD PL", "borough": "bronx", "direction": "TW", "total_row_ft": 50.4, "roadbed_ft": 33.2, "median_ft": 0.0, "left_sw_ft": 8.5, "right_sw_ft": 8.7}, "geometry": {"type": "LineString", "coordinates": [[-73.84899347468682, 40.85254867686091], [-73.84886363800001, 40.85245161388436]]}}, {"type": "Feature", "properties": {"segment_id": 1389112, "physicalid": "94330", "street_name": "LAKEWOOD PL", "borough": "bronx", "direction": "TW", "total_row_ft": 50.5, "roadbed_ft": 33.2, "median_ft": 0.0, "left_sw_ft": 8.6, "right_sw_ft": 8.6}, "geometry": {"type": "LineString", "coordinates": [[-73.84894280117555, 40.85258782888364], [-73.84881270427202, 40.85249057131992]]}}, {"type": "Feature", "properties": {"segment_id": 1389113, "physicalid": "94330", "street_name": "LAKEWOOD PL", "borough": "bronx", "direction": "TW", "total_row_ft": 50.6, "roadbed_ft": 33.3, "median_ft": 0.0, "left_sw_ft": 8.7, "right_sw_ft": 8.6}, "geometry": {"type": "LineString", "coordinates": [[-73.84889212760461, 40.85262698088386], [-73.8487617704844, 40.852529528732695]]}}, {"type": "Feature", "properties": {"segment_id": 1389116, "physicalid": "94331", "street_name": "LAKEWOOD PL", "borough": "bronx", "direction": "TW", "total_row_ft": 50.8, "roadbed_ft": 32.4, "median_ft": 0.0, "left_sw_ft": 9.0, "right_sw_ft": 9.4}, "geometry": {"type": "LineString", "coordinates": [[-73.85003040457383, 40.851752785294416], [-73.84990051779066, 40.85165415096933]]}}, {"type": "Feature", "properties": {"segment_id": 1389117, "physicalid": "94331", "street_name": "LAKEWOOD PL", "borough": "bronx", "direction": "TW", "total_row_ft": 51.2, "roadbed_ft": 32.2, "median_ft": 0.0, "left_sw_ft": 9.0, "right_sw_ft": 9.9}, "geometry": {"type": "LineString", "coordinates": [[-73.84997929770678, 40.85179161070966], [-73.84984855834794, 40.85169232889112]]}}, {"type": "Feature", "properties": {"segment_id": 1389118, "physicalid": "94331", "street_name": "LAKEWOOD PL", "borough": "bronx", "direction": "TW", "total_row_ft": 51.5, "roadbed_ft": 32.0, "median_ft": 0.0, "left_sw_ft": 9.1, "right_sw_ft": 10.5}, "geometry": {"type": "LineString", "coordinates": [[-73.84992819078005, 40.85183043610201], [-73.8497965988456, 40.85173050678922]]}}, {"type": "Feature", "properties": {"segment_id": 1389119, "physicalid": "94331", "street_name": "LAKEWOOD PL", "borough": "bronx", "direction": "TW", "total_row_ft": 51.8, "roadbed_ft": 31.9, "median_ft": 0.0, "left_sw_ft": 9.1, "right_sw_ft": 10.7}, "geometry": {"type": "LineString", "coordinates": [[-73.84987708389006, 40.85186926154465], [-73.8497446392836, 40.8517686846637]]}}, {"type": "Feature", "properties": {"segment_id": 1389120, "physicalid": "94331", "street_name": "LAKEWOOD PL", "borough": "bronx", "direction": "TW", "total_row_ft": 51.9, "roadbed_ft": 32.2, "median_ft": 0.0, "left_sw_ft": 8.9, "right_sw_ft": 10.8}, "geometry": {"type": "LineString", "coordinates": [[-73.8498259769734, 40.851908086989454], [-73.8496932763604, 40.85180731564161]]}}, {"type": "Feature", "properties": {"segment_id": 1389121, "physicalid": "94331", "street_name": "LAKEWOOD PL", "borough": "bronx", "direction": "TW", "total_row_ft": 51.7, "roadbed_ft": 32.4, "median_ft": 0.0, "left_sw_ft": 8.7, "right_sw_ft": 10.5}, "geometry": {"type": "LineString", "coordinates": [[-73.84977486999708, 40.85194691241133], [-73.84964274993209, 40.851846581868294]]}}, {"type": "Feature", "properties": {"segment_id": 1389122, "physicalid": "94331", "street_name": "LAKEWOOD PL", "borough": "bronx", "direction": "TW", "total_row_ft": 51.5, "roadbed_ft": 32.7, "median_ft": 0.0, "left_sw_ft": 8.5, "right_sw_ft": 10.3}, "geometry": {"type": "LineString", "coordinates": [[-73.84972387807649, 40.85198582522757], [-73.84959222344413, 40.85188584807258]]}}, {"type": "Feature", "properties": {"segment_id": 1389123, "physicalid": "94331", "street_name": "LAKEWOOD PL", "borough": "bronx", "direction": "TW", "total_row_ft": 51.4, "roadbed_ft": 32.9, "median_ft": 0.0, "left_sw_ft": 8.4, "right_sw_ft": 10.0}, "geometry": {"type": "LineString", "coordinates": [[-73.84967295464945, 40.852024790079525], [-73.84954169656025, 40.85192511399909]]}}, {"type": "Feature", "properties": {"segment_id": 1389124, "physicalid": "94331", "street_name": "LAKEWOOD PL", "borough": "bronx", "direction": "TW", "total_row_ft": 51.2, "roadbed_ft": 33.2, "median_ft": 0.0, "left_sw_ft": 8.3, "right_sw_ft": 9.7}, "geometry": {"type": "LineString", "coordinates": [[-73.84962203120654, 40.85206375494195], [-73.84949116958454, 40.85196437987881]]}}, {"type": "Feature", "properties": {"segment_id": 1389125, "physicalid": "94331", "street_name": "LAKEWOOD PL", "borough": "bronx", "direction": "TW", "total_row_ft": 80.6, "roadbed_ft": 35.2, "median_ft": 0.0, "left_sw_ft": 8.1, "right_sw_ft": 37.2}, "geometry": {"type": "LineString", "coordinates": [[-73.84957110770395, 40.85210271978161], [-73.84936521537266, 40.851946366825246]]}}, {"type": "Feature", "properties": {"segment_id": 1391910, "physicalid": "94501", "street_name": "SEMINOLE AVE", "borough": "bronx", "direction": "TW", "total_row_ft": 101.3, "roadbed_ft": 76.6, "median_ft": 0.0, "left_sw_ft": 9.7, "right_sw_ft": 15.0}, "geometry": {"type": "LineString", "coordinates": [[-73.8481540568346, 40.853284024762985], [-73.84784265558642, 40.85327120746955]]}}, {"type": "Feature", "properties": {"segment_id": 1391911, "physicalid": "94501", "street_name": "SEMINOLE AVE", "borough": "bronx", "direction": "TW", "total_row_ft": 51.4, "roadbed_ft": 33.8, "median_ft": 0.0, "left_sw_ft": 9.9, "right_sw_ft": 7.7}, "geometry": {"type": "LineString", "coordinates": [[-73.84815064735587, 40.85333885907186], [-73.8479650861895, 40.85333122146615]]}}, {"type": "Feature", "properties": {"segment_id": 1391912, "physicalid": "94501", "street_name": "SEMINOLE AVE", "borough": "bronx", "direction": "TW", "total_row_ft": 51.5, "roadbed_ft": 33.7, "median_ft": 0.0, "left_sw_ft": 9.9, "right_sw_ft": 7.9}, "geometry": {"type": "LineString", "coordinates": [[-73.84814698160781, 40.85339368283263], [-73.84796118748, 40.85338603563861]]}}, {"type": "Feature", "properties": {"segment_id": 1391913, "physicalid": "94501", "street_name": "SEMINOLE AVE", "borough": "bronx", "direction": "TW", "total_row_ft": 51.1, "roadbed_ft": 33.5, "median_ft": 0.0, "left_sw_ft": 9.5, "right_sw_ft": 8.1}, "geometry": {"type": "LineString", "coordinates": [[-73.84814174459264, 40.8534484419217], [-73.84795728876408, 40.853440849810426]]}}, {"type": "Feature", "properties": {"segment_id": 1391914, "physicalid": "94501", "street_name": "SEMINOLE AVE", "borough": "bronx", "direction": "TW", "total_row_ft": 50.7, "roadbed_ft": 33.4, "median_ft": 0.0, "left_sw_ft": 9.1, "right_sw_ft": 8.2}, "geometry": {"type": "LineString", "coordinates": [[-73.84813650756884, 40.853503201010014], [-73.84795341416063, 40.853495664974325]]}}, {"type": "Feature", "properties": {"segment_id": 1391915, "physicalid": "94501", "street_name": "SEMINOLE AVE", "borough": "bronx", "direction": "TW", "total_row_ft": 50.3, "roadbed_ft": 33.3, "median_ft": 0.0, "left_sw_ft": 8.7, "right_sw_ft": 8.4}, "geometry": {"type": "LineString", "coordinates": [[-73.8481312705364, 40.85355796009756], [-73.84794954222902, 40.853550480247755]]}}, {"type": "Feature", "properties": {"segment_id": 1391916, "physicalid": "94501", "street_name": "SEMINOLE AVE", "borough": "bronx", "direction": "TW", "total_row_ft": 50.0, "roadbed_ft": 33.1, "median_ft": 0.0, "left_sw_ft": 8.3, "right_sw_ft": 8.5}, "geometry": {"type": "LineString", "coordinates": [[-73.84812603349538, 40.853612719184326], [-73.84794567029103, 40.8536052955206]]}}, {"type": "Feature", "properties": {"segment_id": 1391917, "physicalid": "94501", "street_name": "SEMINOLE AVE", "borough": "bronx", "direction": "TW", "total_row_ft": 49.6, "roadbed_ft": 33.0, "median_ft": 0.0, "left_sw_ft": 7.9, "right_sw_ft": 8.7}, "geometry": {"type": "LineString", "coordinates": [[-73.8481207964457, 40.85366747827036], [-73.84794179834665, 40.85366011079275]]}}, {"type": "Feature", "properties": {"segment_id": 1391918, "physicalid": "94501", "street_name": "SEMINOLE AVE", "borough": "bronx", "direction": "TW", "total_row_ft": 50.9, "roadbed_ft": 33.1, "median_ft": 0.0, "left_sw_ft": 9.2, "right_sw_ft": 8.6}, "geometry": {"type": "LineString", "coordinates": [[-73.84824448719279, 40.85372754379184], [-73.8479379263959, 40.853714926064264]]}}, {"type": "Feature", "properties": {"segment_id": 1391919, "physicalid": "94501", "street_name": "SEMINOLE AVE", "borough": "bronx", "direction": "TW", "total_row_ft": 59.1, "roadbed_ft": 33.3, "median_ft": 0.0, "left_sw_ft": 17.4, "right_sw_ft": 8.4}, "geometry": {"type": "LineString", "coordinates": [[-73.84819798193746, 40.85378060436881], [-73.84793398680252, 40.85376973855115]]}}, {"type": "Feature", "properties": {"segment_id": 1391920, "physicalid": "94501", "street_name": "SEMINOLE AVE", "borough": "bronx", "direction": "TW", "total_row_ft": 100.1, "roadbed_ft": 76.7, "median_ft": 0.0, "left_sw_ft": 15.0, "right_sw_ft": 8.4}, "geometry": {"type": "LineString", "coordinates": [[-73.84823666111221, 40.85383717095096], [-73.84792966339366, 40.85382453523973]]}}, {"type": "Feature", "properties": {"segment_id": 1391921, "physicalid": "94501", "street_name": "SEMINOLE AVE", "borough": "bronx", "direction": "TW", "total_row_ft": 85.2, "roadbed_ft": 66.8, "median_ft": 0.0, "left_sw_ft": 10.1, "right_sw_ft": 8.3}, "geometry": {"type": "LineString", "coordinates": [[-73.84823274806226, 40.85389198452955], [-73.84792533997768, 40.853879331927594]]}}, {"type": "Feature", "properties": {"segment_id": 1391922, "physicalid": "94502", "street_name": "SEMINOLE AVE", "borough": "bronx", "direction": "TW", "total_row_ft": 99.7, "roadbed_ft": 76.6, "median_ft": 0.0, "left_sw_ft": 15.0, "right_sw_ft": 8.1}, "geometry": {"type": "LineString", "coordinates": [[-73.84832313545265, 40.852661903537374], [-73.84801758702731, 40.85264855361333]]}}, {"type": "Feature", "properties": {"segment_id": 1391923, "physicalid": "94502", "street_name": "SEMINOLE AVE", "borough": "bronx", "direction": "TW", "total_row_ft": 49.4, "roadbed_ft": 33.1, "median_ft": 0.0, "left_sw_ft": 8.4, "right_sw_ft": 7.9}, "geometry": {"type": "LineString", "coordinates": [[-73.84819253178236, 40.85271118220111], [-73.84801435554631, 40.852703397284486]]}}, {"type": "Feature", "properties": {"segment_id": 1391924, "physicalid": "94502", "street_name": "SEMINOLE AVE", "borough": "bronx", "direction": "TW", "total_row_ft": 49.0, "roadbed_ft": 33.1, "median_ft": 0.0, "left_sw_ft": 8.3, "right_sw_ft": 7.7}, "geometry": {"type": "LineString", "coordinates": [[-73.84818802893498, 40.85276597032257], [-73.84801112416545, 40.85275824095961]]}}, {"type": "Feature", "properties": {"segment_id": 1391925, "physicalid": "94502", "street_name": "SEMINOLE AVE", "borough": "bronx", "direction": "TW", "total_row_ft": 49.0, "roadbed_ft": 33.1, "median_ft": 0.0, "left_sw_ft": 8.3, "right_sw_ft": 7.6}, "geometry": {"type": "LineString", "coordinates": [[-73.84818411620009, 40.8528207842265], [-73.84800721913591, 40.85281305520065]]}}, {"type": "Feature", "properties": {"segment_id": 1391926, "physicalid": "94502", "street_name": "SEMINOLE AVE", "borough": "bronx", "direction": "TW", "total_row_ft": 49.4, "roadbed_ft": 33.1, "median_ft": 0.0, "left_sw_ft": 8.4, "right_sw_ft": 7.9}, "geometry": {"type": "LineString", "coordinates": [[-73.84818040706067, 40.852875607025446], [-73.84800225082496, 40.852867822983335]]}}, {"type": "Feature", "properties": {"segment_id": 1391927, "physicalid": "94502", "street_name": "SEMINOLE AVE", "borough": "bronx", "direction": "TW", "total_row_ft": 49.7, "roadbed_ft": 33.0, "median_ft": 0.0, "left_sw_ft": 8.6, "right_sw_ft": 8.1}, "geometry": {"type": "LineString", "coordinates": [[-73.84817669767797, 40.852930429813355], [-73.84799728250583, 40.85292259076533]]}}, {"type": "Feature", "properties": {"segment_id": 1391928, "physicalid": "94502", "street_name": "SEMINOLE AVE", "borough": "bronx", "direction": "TW", "total_row_ft": 50.1, "roadbed_ft": 33.0, "median_ft": 0.0, "left_sw_ft": 8.7, "right_sw_ft": 8.4}, "geometry": {"type": "LineString", "coordinates": [[-73.8481729881172, 40.85298525259315], [-73.84799231417853, 40.85297735854654]]}}, {"type": "Feature", "properties": {"segment_id": 1391929, "physicalid": "94502", "street_name": "SEMINOLE AVE", "borough": "bronx", "direction": "TW", "total_row_ft": 50.4, "roadbed_ft": 32.8, "median_ft": 0.0, "left_sw_ft": 8.8, "right_sw_ft": 8.8}, "geometry": {"type": "LineString", "coordinates": [[-73.8481692785503, 40.853040075372284], [-73.84798734584302, 40.853032126327044]]}}, {"type": "Feature", "properties": {"segment_id": 1391930, "physicalid": "94502", "street_name": "SEMINOLE AVE", "borough": "bronx", "direction": "TW", "total_row_ft": 50.8, "roadbed_ft": 32.7, "median_ft": 0.0, "left_sw_ft": 9.0, "right_sw_ft": 9.1}, "geometry": {"type": "LineString", "coordinates": [[-73.84816581560493, 40.85309490892627], [-73.84798237749935, 40.85308689410679]]}}, {"type": "Feature", "properties": {"segment_id": 1391931, "physicalid": "94502", "street_name": "SEMINOLE AVE", "borough": "bronx", "direction": "TW", "total_row_ft": 51.3, "roadbed_ft": 32.6, "median_ft": 0.0, "left_sw_ft": 9.2, "right_sw_ft": 9.5}, "geometry": {"type": "LineString", "coordinates": [[-73.84816240604763, 40.8531497448125], [-73.84797740888796, 40.85314166187449]]}}, {"type": "Feature", "properties": {"segment_id": 1391932, "physicalid": "94503", "street_name": "SEMINOLE AVE", "borough": "bronx", "direction": "TW", "total_row_ft": 101.2, "roadbed_ft": 79.4, "median_ft": 0.0, "left_sw_ft": 6.8, "right_sw_ft": 15.0}, "geometry": {"type": "LineString", "coordinates": [[-73.84827350197298, 40.85157257412984], [-73.84796226537857, 40.851560670382476]]}}, {"type": "Feature", "properties": {"segment_id": 1391933, "physicalid": "94503", "street_name": "SEMINOLE AVE", "borough": "bronx", "direction": "TW", "total_row_ft": 101.1, "roadbed_ft": 79.4, "median_ft": 0.0, "left_sw_ft": 6.7, "right_sw_ft": 15.0}, "geometry": {"type": "LineString", "coordinates": [[-73.84826958672467, 40.851627388043404], [-73.84795862848716, 40.85161549494197]]}}, {"type": "Feature", "properties": {"segment_id": 1391934, "physicalid": "94503", "street_name": "SEMINOLE AVE", "borough": "bronx", "direction": "TW", "total_row_ft": 86.1, "roadbed_ft": 42.9, "median_ft": 0.0, "left_sw_ft": 6.6, "right_sw_ft": 36.5}, "geometry": {"type": "LineString", "coordinates": [[-73.8482656714699, 40.85168220195634], [-73.84795499158976, 40.85167031950079]]}}, {"type": "Feature", "properties": {"segment_id": 1391935, "physicalid": "94503", "street_name": "SEMINOLE AVE", "borough": "bronx", "direction": "TW", "total_row_ft": 55.3, "roadbed_ft": 35.8, "median_ft": 0.0, "left_sw_ft": 6.5, "right_sw_ft": 12.9}, "geometry": {"type": "LineString", "coordinates": [[-73.8482617562115, 40.85173701586867], [-73.84795135468636, 40.851725144059024]]}}, {"type": "Feature", "properties": {"segment_id": 1391936, "physicalid": "94503", "street_name": "SEMINOLE AVE", "borough": "bronx", "direction": "TW", "total_row_ft": 54.6, "roadbed_ft": 35.8, "median_ft": 0.0, "left_sw_ft": 6.5, "right_sw_ft": 12.2}, "geometry": {"type": "LineString", "coordinates": [[-73.84825784134567, 40.85179182979562], [-73.84806080250411, 40.85178429382252]]}}, {"type": "Feature", "properties": {"segment_id": 1391937, "physicalid": "94503", "street_name": "SEMINOLE AVE", "borough": "bronx", "direction": "TW", "total_row_ft": 53.8, "roadbed_ft": 35.7, "median_ft": 0.0, "left_sw_ft": 6.4, "right_sw_ft": 11.7}, "geometry": {"type": "LineString", "coordinates": [[-73.84825342578586, 40.85184662457299], [-73.84805923564709, 40.8518391975529]]}}, {"type": "Feature", "properties": {"segment_id": 1391938, "physicalid": "94503", "street_name": "SEMINOLE AVE", "borough": "bronx", "direction": "TW", "total_row_ft": 53.0, "roadbed_ft": 35.6, "median_ft": 0.0, "left_sw_ft": 6.3, "right_sw_ft": 11.1}, "geometry": {"type": "LineString", "coordinates": [[-73.84824892066027, 40.85190141592447], [-73.84805766878749, 40.851894101282724]]}}, {"type": "Feature", "properties": {"segment_id": 1391939, "physicalid": "94503", "street_name": "SEMINOLE AVE", "borough": "bronx", "direction": "TW", "total_row_ft": 52.2, "roadbed_ft": 35.5, "median_ft": 0.0, "left_sw_ft": 6.1, "right_sw_ft": 10.5}, "geometry": {"type": "LineString", "coordinates": [[-73.84824441552728, 40.85195620727531], [-73.8480561019253, 40.85194900501201]]}}, {"type": "Feature", "properties": {"segment_id": 1391940, "physicalid": "94503", "street_name": "SEMINOLE AVE", "borough": "bronx", "direction": "TW", "total_row_ft": 51.3, "roadbed_ft": 35.4, "median_ft": 0.0, "left_sw_ft": 6.0, "right_sw_ft": 9.9}, "geometry": {"type": "LineString", "coordinates": [[-73.84823991038685, 40.85201099862539], [-73.84805453506051, 40.85200390874076]]}}, {"type": "Feature", "properties": {"segment_id": 1391941, "physicalid": "94503", "street_name": "SEMINOLE AVE", "borough": "bronx", "direction": "TW", "total_row_ft": 50.6, "roadbed_ft": 35.3, "median_ft": 0.0, "left_sw_ft": 5.9, "right_sw_ft": 9.4}, "geometry": {"type": "LineString", "coordinates": [[-73.84823540523901, 40.85206578997476], [-73.84805260514867, 40.8520587985836]]}}, {"type": "Feature", "properties": {"segment_id": 1391942, "physicalid": "94503", "street_name": "SEMINOLE AVE", "borough": "bronx", "direction": "TW", "total_row_ft": 50.1, "roadbed_ft": 35.2, "median_ft": 0.0, "left_sw_ft": 5.9, "right_sw_ft": 9.0}, "geometry": {"type": "LineString", "coordinates": [[-73.8482312383258, 40.85212059425964], [-73.84805027698295, 40.852113673194054]]}}, {"type": "Feature", "properties": {"segment_id": 1391943, "physicalid": "94503", "street_name": "SEMINOLE AVE", "borough": "bronx", "direction": "TW", "total_row_ft": 49.8, "roadbed_ft": 35.1, "median_ft": 0.0, "left_sw_ft": 6.1, "right_sw_ft": 8.6}, "geometry": {"type": "LineString", "coordinates": [[-73.84822785136869, 40.852175428373755], [-73.84804794881336, 40.85216854780393]]}}, {"type": "Feature", "properties": {"segment_id": 1391944, "physicalid": "94503", "street_name": "SEMINOLE AVE", "borough": "bronx", "direction": "TW", "total_row_ft": 49.5, "roadbed_ft": 35.0, "median_ft": 0.0, "left_sw_ft": 6.3, "right_sw_ft": 8.3}, "geometry": {"type": "LineString", "coordinates": [[-73.848224464406, 40.85223026248726], [-73.84804562063995, 40.85222342241324]]}}, {"type": "Feature", "properties": {"segment_id": 1391945, "physicalid": "94503", "street_name": "SEMINOLE AVE", "borough": "bronx", "direction": "TW", "total_row_ft": 49.4, "roadbed_ft": 34.8, "median_ft": 0.0, "left_sw_ft": 6.6, "right_sw_ft": 8.1}, "geometry": {"type": "LineString", "coordinates": [[-73.84822107743773, 40.8522850966001], [-73.84804264465414, 40.85227827224533]]}}, {"type": "Feature", "properties": {"segment_id": 1391946, "physicalid": "94503", "street_name": "SEMINOLE AVE", "borough": "bronx", "direction": "TW", "total_row_ft": 49.6, "roadbed_ft": 34.6, "median_ft": 0.0, "left_sw_ft": 6.8, "right_sw_ft": 8.2}, "geometry": {"type": "LineString", "coordinates": [[-73.84821769046388, 40.85233993071235], [-73.8480386582017, 40.85233308342985]]}}, {"type": "Feature", "properties": {"segment_id": 1391947, "physicalid": "94503", "street_name": "SEMINOLE AVE", "borough": "bronx", "direction": "TW", "total_row_ft": 49.8, "roadbed_ft": 34.5, "median_ft": 0.0, "left_sw_ft": 7.1, "right_sw_ft": 8.2}, "geometry": {"type": "LineString", "coordinates": [[-73.84821430348443, 40.852394764823956], [-73.84803467174268, 40.85238789461369]]}}, {"type": "Feature", "properties": {"segment_id": 1391948, "physicalid": "94503", "street_name": "SEMINOLE AVE", "borough": "bronx", "direction": "TW", "total_row_ft": 49.9, "roadbed_ft": 34.3, "median_ft": 0.0, "left_sw_ft": 7.3, "right_sw_ft": 8.3}, "geometry": {"type": "LineString", "coordinates": [[-73.84821091649941, 40.85244959893498], [-73.8480306852771, 40.852442705796875]]}}, {"type": "Feature", "properties": {"segment_id": 1391949, "physicalid": "94503", "street_name": "SEMINOLE AVE", "borough": "bronx", "direction": "TW", "total_row_ft": 50.1, "roadbed_ft": 34.2, "median_ft": 0.0, "left_sw_ft": 7.5, "right_sw_ft": 8.4}, "geometry": {"type": "LineString", "coordinates": [[-73.84820752932927, 40.85250443303847], [-73.84802669841176, 40.85249751696438]]}}, {"type": "Feature", "properties": {"segment_id": 1391950, "physicalid": "94503", "street_name": "SEMINOLE AVE", "borough": "bronx", "direction": "TW", "total_row_ft": 85.0, "roadbed_ft": 36.8, "median_ft": 0.0, "left_sw_ft": 39.9, "right_sw_ft": 8.3}, "geometry": {"type": "LineString", "coordinates": [[-73.84833001805264, 40.85256408123282], [-73.84802325513469, 40.852552348922]]}}, {"type": "Feature", "properties": {"segment_id": 1391951, "physicalid": "94504", "street_name": "SEMINOLE AVE", "borough": "bronx", "direction": "TW", "total_row_ft": 150.0, "roadbed_ft": 120.0, "median_ft": 0.0, "left_sw_ft": 15.0, "right_sw_ft": 15.0}, "geometry": {"type": "LineString", "coordinates": [[-73.84842796939918, 40.85114140502098], [-73.84799492100898, 40.85112257873692]]}}, {"type": "Feature", "properties": {"segment_id": 1391952, "physicalid": "94504", "street_name": "SEMINOLE AVE", "borough": "bronx", "direction": "TW", "total_row_ft": 135.0, "roadbed_ft": 80.7, "median_ft": 0.0, "left_sw_ft": 39.3, "right_sw_ft": 15.0}, "geometry": {"type": "LineString", "coordinates": [[-73.84842383735092, 40.85119620935165], [-73.84799078860509, 40.851177383052196]]}}, {"type": "Feature", "properties": {"segment_id": 1391953, "physicalid": "94504", "street_name": "SEMINOLE AVE", "borough": "bronx", "direction": "TW", "total_row_ft": 89.4, "roadbed_ft": 36.6, "median_ft": 0.0, "left_sw_ft": 10.6, "right_sw_ft": 42.2}, "geometry": {"type": "LineString", "coordinates": [[-73.84830921140393, 40.85124621024141], [-73.8479866561944, 40.851232187366875]]}}, {"type": "Feature", "properties": {"segment_id": 1391954, "physicalid": "94504", "street_name": "SEMINOLE AVE", "borough": "bronx", "direction": "TW", "total_row_ft": 77.1, "roadbed_ft": 36.7, "median_ft": 0.0, "left_sw_ft": 10.6, "right_sw_ft": 29.7}, "geometry": {"type": "LineString", "coordinates": [[-73.84830557629402, 40.85130103617469], [-73.84802739686624, 40.8512889425631]]}}, {"type": "Feature", "properties": {"segment_id": 1391955, "physicalid": "94504", "street_name": "SEMINOLE AVE", "borough": "bronx", "direction": "TW", "total_row_ft": 68.4, "roadbed_ft": 37.0, "median_ft": 0.0, "left_sw_ft": 10.6, "right_sw_ft": 20.8}, "geometry": {"type": "LineString", "coordinates": [[-73.84830194117812, 40.851355862107376], [-73.84805521581896, 40.85134513596932]]}}, {"type": "Feature", "properties": {"segment_id": 1391956, "physicalid": "94504", "street_name": "SEMINOLE AVE", "borough": "bronx", "direction": "TW", "total_row_ft": 70.5, "roadbed_ft": 37.4, "median_ft": 0.0, "left_sw_ft": 10.6, "right_sw_ft": 22.4}, "geometry": {"type": "LineString", "coordinates": [[-73.84829830605624, 40.85141068803937], [-73.8480438647849, 40.851399626452384]]}}, {"type": "Feature", "properties": {"segment_id": 1391957, "physicalid": "94504", "street_name": "SEMINOLE AVE", "borough": "bronx", "direction": "TW", "total_row_ft": 86.3, "roadbed_ft": 44.4, "median_ft": 0.0, "left_sw_ft": 10.6, "right_sw_ft": 31.3}, "geometry": {"type": "LineString", "coordinates": [[-73.84829467092837, 40.851465513970716], [-73.84798325463967, 40.8514519753743]]}}, {"type": "Feature", "properties": {"segment_id": 1391958, "physicalid": "94505", "street_name": "SEMINOLE AVE", "borough": "bronx", "direction": "TW", "total_row_ft": 49.5, "roadbed_ft": 31.3, "median_ft": 0.0, "left_sw_ft": 10.0, "right_sw_ft": 8.3}, "geometry": {"type": "LineString", "coordinates": [[-73.84809381422973, 40.854002973308035], [-73.8479174159418, 40.853979764063375]]}}, {"type": "Feature", "properties": {"segment_id": 1391959, "physicalid": "94505", "street_name": "SEMINOLE AVE", "borough": "bronx", "direction": "TW", "total_row_ft": 50.7, "roadbed_ft": 31.3, "median_ft": 0.0, "left_sw_ft": 11.2, "right_sw_ft": 8.2}, "geometry": {"type": "LineString", "coordinates": [[-73.84809376968842, 40.85405867953767], [-73.84791306544206, 40.854034903761814]]}}, {"type": "Feature", "properties": {"segment_id": 1391960, "physicalid": "94505", "street_name": "SEMINOLE AVE", "borough": "bronx", "direction": "TW", "total_row_ft": 51.3, "roadbed_ft": 31.8, "median_ft": 0.0, "left_sw_ft": 11.7, "right_sw_ft": 7.9}, "geometry": {"type": "LineString", "coordinates": [[-73.84809438072963, 40.85410201090025], [-73.84790897823694, 40.8540979124116]]}}, {"type": "Feature", "properties": {"segment_id": 1391961, "physicalid": "94505", "street_name": "SEMINOLE AVE", "borough": "bronx", "direction": "TW", "total_row_ft": 52.7, "roadbed_ft": 32.9, "median_ft": 0.0, "left_sw_ft": 12.0, "right_sw_ft": 7.7}, "geometry": {"type": "LineString", "coordinates": [[-73.84809605480736, 40.85415696520651], [-73.847905659156, 40.85415275634177]]}}, {"type": "Feature", "properties": {"segment_id": 1391962, "physicalid": "94505", "street_name": "SEMINOLE AVE", "borough": "bronx", "direction": "TW", "total_row_ft": 54.6, "roadbed_ft": 33.8, "median_ft": 0.0, "left_sw_ft": 12.1, "right_sw_ft": 8.8}, "geometry": {"type": "LineString", "coordinates": [[-73.84809797461865, 40.854199030259544], [-73.84790180631806, 40.85421644976618]]}}, {"type": "Feature", "properties": {"segment_id": 1391963, "physicalid": "94505", "street_name": "SEMINOLE AVE", "borough": "bronx", "direction": "TW", "total_row_ft": 55.8, "roadbed_ft": 33.8, "median_ft": 0.0, "left_sw_ft": 11.7, "right_sw_ft": 10.3}, "geometry": {"type": "LineString", "coordinates": [[-73.8481013515345, 40.854253998561944], [-73.84790091803252, 40.85427179680052]]}}, {"type": "Feature", "properties": {"segment_id": 1391964, "physicalid": "94505", "street_name": "SEMINOLE AVE", "borough": "bronx", "direction": "TW", "total_row_ft": 56.8, "roadbed_ft": 33.6, "median_ft": 0.0, "left_sw_ft": 11.8, "right_sw_ft": 11.4}, "geometry": {"type": "LineString", "coordinates": [[-73.84810666982796, 40.85429661089344], [-73.84790855413497, 40.85433719798284]]}}, {"type": "Feature", "properties": {"segment_id": 1391965, "physicalid": "94505", "street_name": "SEMINOLE AVE", "borough": "bronx", "direction": "TW", "total_row_ft": 56.9, "roadbed_ft": 33.9, "median_ft": 0.0, "left_sw_ft": 11.5, "right_sw_ft": 11.4}, "geometry": {"type": "LineString", "coordinates": [[-73.848120500027, 40.854350634604295], [-73.84792205032343, 40.854391290112744]]}}, {"type": "Feature", "properties": {"segment_id": 1391966, "physicalid": "94505", "street_name": "SEMINOLE AVE", "borough": "bronx", "direction": "TW", "total_row_ft": 57.0, "roadbed_ft": 35.0, "median_ft": 0.0, "left_sw_ft": 11.0, "right_sw_ft": 11.0}, "geometry": {"type": "LineString", "coordinates": [[-73.84814097214401, 40.854403297610865], [-73.84794188092866, 40.85444408454755]]}}, {"type": "Feature", "properties": {"segment_id": 1391967, "physicalid": "94505", "street_name": "SEMINOLE AVE", "borough": "bronx", "direction": "TW", "total_row_ft": 57.1, "roadbed_ft": 36.7, "median_ft": 0.0, "left_sw_ft": 10.4, "right_sw_ft": 10.0}, "geometry": {"type": "LineString", "coordinates": [[-73.8481616408373, 40.854443647741256], [-73.8479725289816, 40.85450617319483]]}}, {"type": "Feature", "properties": {"segment_id": 1391968, "physicalid": "94505", "street_name": "SEMINOLE AVE", "borough": "bronx", "direction": "TW", "total_row_ft": 58.0, "roadbed_ft": 39.1, "median_ft": 0.0, "left_sw_ft": 9.5, "right_sw_ft": 9.5}, "geometry": {"type": "LineString", "coordinates": [[-73.84819355609349, 40.85449296820893], [-73.84800131053652, 40.85455652976018]]}}, {"type": "Feature", "properties": {"segment_id": 1391969, "physicalid": "94505", "street_name": "SEMINOLE AVE", "borough": "bronx", "direction": "TW", "total_row_ft": 59.4, "roadbed_ft": 42.4, "median_ft": 0.0, "left_sw_ft": 8.0, "right_sw_ft": 8.9}, "geometry": {"type": "LineString", "coordinates": [[-73.8482229633224, 40.854529955781715], [-73.84804055834105, 40.85461605895813]]}}, {"type": "Feature", "properties": {"segment_id": 1391970, "physicalid": "94505", "street_name": "SEMINOLE AVE", "borough": "bronx", "direction": "TW", "total_row_ft": 61.6, "roadbed_ft": 46.9, "median_ft": 0.0, "left_sw_ft": 6.4, "right_sw_ft": 8.4}, "geometry": {"type": "LineString", "coordinates": [[-73.84826549449252, 40.85457451680491], [-73.84807638123931, 40.85466378660715]]}}, {"type": "Feature", "properties": {"segment_id": 1391971, "physicalid": "94505", "street_name": "SEMINOLE AVE", "borough": "bronx", "direction": "TW", "total_row_ft": 65.7, "roadbed_ft": 49.5, "median_ft": 0.0, "left_sw_ft": 7.7, "right_sw_ft": 8.4}, "geometry": {"type": "LineString", "coordinates": [[-73.848306087614, 40.85460434803314], [-73.84812432316268, 40.85472029329532]]}}, {"type": "Feature", "properties": {"segment_id": 1391972, "physicalid": "94506", "street_name": "SEMINOLE AVE", "borough": "bronx", "direction": "TW", "total_row_ft": 107.9, "roadbed_ft": 84.1, "median_ft": 0.0, "left_sw_ft": 15.0, "right_sw_ft": 8.8}, "geometry": {"type": "LineString", "coordinates": [[-73.84849019348755, 40.85465726685511], [-73.84823216832929, 40.85482025518205]]}}, {"type": "Feature", "properties": {"segment_id": 1391973, "physicalid": "94506", "street_name": "SEMINOLE AVE", "borough": "bronx", "direction": "TW", "total_row_ft": 62.4, "roadbed_ft": 45.9, "median_ft": 0.0, "left_sw_ft": 8.0, "right_sw_ft": 8.5}, "geometry": {"type": "LineString", "coordinates": [[-73.84845324371813, 40.854752014143735], [-73.84827981381082, 40.85486156557229]]}}, {"type": "Feature", "properties": {"segment_id": 1391974, "physicalid": "94506", "street_name": "SEMINOLE AVE", "borough": "bronx", "direction": "TW", "total_row_ft": 62.0, "roadbed_ft": 45.7, "median_ft": 0.0, "left_sw_ft": 8.1, "right_sw_ft": 8.2}, "geometry": {"type": "LineString", "coordinates": [[-73.84849975713189, 40.85479403960088], [-73.84832745935155, 40.85490287594254]]}}, {"type": "Feature", "properties": {"segment_id": 1391975, "physicalid": "94506", "street_name": "SEMINOLE AVE", "borough": "bronx", "direction": "TW", "total_row_ft": 61.6, "roadbed_ft": 45.6, "median_ft": 0.0, "left_sw_ft": 8.2, "right_sw_ft": 7.9}, "geometry": {"type": "LineString", "coordinates": [[-73.84854627060443, 40.854836065038974], [-73.84837510495147, 40.85494418629284]]}}, {"type": "Feature", "properties": {"segment_id": 1391976, "physicalid": "94506", "street_name": "SEMINOLE AVE", "borough": "bronx", "direction": "TW", "total_row_ft": 61.2, "roadbed_ft": 45.4, "median_ft": 0.0, "left_sw_ft": 8.3, "right_sw_ft": 7.5}, "geometry": {"type": "LineString", "coordinates": [[-73.84859278413576, 40.854878090458016], [-73.84842275061057, 40.85498549662315]]}}, {"type": "Feature", "properties": {"segment_id": 1391977, "physicalid": "94506", "street_name": "SEMINOLE AVE", "borough": "bronx", "direction": "TW", "total_row_ft": 60.8, "roadbed_ft": 45.2, "median_ft": 0.0, "left_sw_ft": 8.3, "right_sw_ft": 7.3}, "geometry": {"type": "LineString", "coordinates": [[-73.84863929772587, 40.85492011585798], [-73.84847020260824, 40.855026929301935]]}}, {"type": "Feature", "properties": {"segment_id": 1391978, "physicalid": "94506", "street_name": "SEMINOLE AVE", "borough": "bronx", "direction": "TW", "total_row_ft": 60.7, "roadbed_ft": 45.0, "median_ft": 0.0, "left_sw_ft": 8.4, "right_sw_ft": 7.3}, "geometry": {"type": "LineString", "coordinates": [[-73.84868581137475, 40.854962141238886], [-73.84851708296065, 40.85506872309239]]}}, {"type": "Feature", "properties": {"segment_id": 1391979, "physicalid": "94506", "street_name": "SEMINOLE AVE", "borough": "bronx", "direction": "TW", "total_row_ft": 60.6, "roadbed_ft": 45.1, "median_ft": 0.0, "left_sw_ft": 8.3, "right_sw_ft": 7.2}, "geometry": {"type": "LineString", "coordinates": [[-73.84873232508242, 40.85500416660074], [-73.84856396337199, 40.85511051686348]]}}, {"type": "Feature", "properties": {"segment_id": 1391980, "physicalid": "94506", "street_name": "SEMINOLE AVE", "borough": "bronx", "direction": "TW", "total_row_ft": 60.5, "roadbed_ft": 45.3, "median_ft": 0.0, "left_sw_ft": 8.0, "right_sw_ft": 7.2}, "geometry": {"type": "LineString", "coordinates": [[-73.84877883884884, 40.855046191943515], [-73.84861084384559, 40.85515231061312]]}}, {"type": "Feature", "properties": {"segment_id": 1391981, "physicalid": "94506", "street_name": "SEMINOLE AVE", "borough": "bronx", "direction": "TW", "total_row_ft": 60.3, "roadbed_ft": 45.6, "median_ft": 0.0, "left_sw_ft": 7.6, "right_sw_ft": 7.1}, "geometry": {"type": "LineString", "coordinates": [[-73.84882535267408, 40.855088217267244], [-73.84865772438293, 40.85519410434033]]}}, {"type": "Feature", "properties": {"segment_id": 1391982, "physicalid": "94506", "street_name": "SEMINOLE AVE", "borough": "bronx", "direction": "TW", "total_row_ft": 60.3, "roadbed_ft": 45.8, "median_ft": 0.0, "left_sw_ft": 7.4, "right_sw_ft": 7.1}, "geometry": {"type": "LineString", "coordinates": [[-73.84887205932374, 40.855130120805725], [-73.84870460497919, 40.85523589804819]]}}, {"type": "Feature", "properties": {"segment_id": 1391983, "physicalid": "94506", "street_name": "SEMINOLE AVE", "borough": "bronx", "direction": "TW", "total_row_ft": 60.2, "roadbed_ft": 46.1, "median_ft": 0.0, "left_sw_ft": 7.1, "right_sw_ft": 7.0}, "geometry": {"type": "LineString", "coordinates": [[-73.84891879020488, 40.85517200905563], [-73.84875148563437, 40.85527769173674]]}}, {"type": "Feature", "properties": {"segment_id": 1391984, "physicalid": "94507", "street_name": "SEMINOLE AVE", "borough": "bronx", "direction": "TW", "total_row_ft": 89.2, "roadbed_ft": 51.7, "median_ft": 0.0, "left_sw_ft": 30.2, "right_sw_ft": 7.4}, "geometry": {"type": "LineString", "coordinates": [[-73.84910194485758, 40.85521527513207], [-73.8488551470887, 40.855372750519976]]}}, {"type": "Feature", "properties": {"segment_id": 1391985, "physicalid": "94507", "street_name": "SEMINOLE AVE", "borough": "bronx", "direction": "TW", "total_row_ft": 61.0, "roadbed_ft": 46.2, "median_ft": 0.0, "left_sw_ft": 7.4, "right_sw_ft": 7.5}, "geometry": {"type": "LineString", "coordinates": [[-73.84906966340031, 40.85530757707566], [-73.84890075289759, 40.85541535448334]]}}, {"type": "Feature", "properties": {"segment_id": 1391986, "physicalid": "94507", "street_name": "SEMINOLE AVE", "borough": "bronx", "direction": "TW", "total_row_ft": 61.3, "roadbed_ft": 46.0, "median_ft": 0.0, "left_sw_ft": 7.7, "right_sw_ft": 7.5}, "geometry": {"type": "LineString", "coordinates": [[-73.84911601124232, 40.8553497075403], [-73.8489464450553, 40.855457903368844]]}}, {"type": "Feature", "properties": {"segment_id": 1391987, "physicalid": "94507", "street_name": "SEMINOLE AVE", "borough": "bronx", "direction": "TW", "total_row_ft": 61.2, "roadbed_ft": 45.9, "median_ft": 0.0, "left_sw_ft": 8.0, "right_sw_ft": 7.3}, "geometry": {"type": "LineString", "coordinates": [[-73.84916235916144, 40.855391837974274], [-73.8489929036875, 40.855499963206725]]}}, {"type": "Feature", "properties": {"segment_id": 1391988, "physicalid": "94507", "street_name": "SEMINOLE AVE", "borough": "bronx", "direction": "TW", "total_row_ft": 61.2, "roadbed_ft": 45.7, "median_ft": 0.0, "left_sw_ft": 8.4, "right_sw_ft": 7.1}, "geometry": {"type": "LineString", "coordinates": [[-73.8492087071336, 40.85543396839299], [-73.84903936277415, 40.85554202277306]]}}, {"type": "Feature", "properties": {"segment_id": 1391989, "physicalid": "94507", "street_name": "SEMINOLE AVE", "borough": "bronx", "direction": "TW", "total_row_ft": 61.2, "roadbed_ft": 45.9, "median_ft": 0.0, "left_sw_ft": 8.2, "right_sw_ft": 7.0}, "geometry": {"type": "LineString", "coordinates": [[-73.84925505148495, 40.85547610114051], [-73.84908582193098, 40.85558408231315]]}}, {"type": "Feature", "properties": {"segment_id": 1391990, "physicalid": "94507", "street_name": "SEMINOLE AVE", "borough": "bronx", "direction": "TW", "total_row_ft": 61.1, "roadbed_ft": 46.1, "median_ft": 0.0, "left_sw_ft": 8.0, "right_sw_ft": 7.0}, "geometry": {"type": "LineString", "coordinates": [[-73.84930138518746, 40.85551824070139], [-73.84913228088932, 40.85562614199833]]}}, {"type": "Feature", "properties": {"segment_id": 1391991, "physicalid": "94507", "street_name": "SEMINOLE AVE", "borough": "bronx", "direction": "TW", "total_row_ft": 61.1, "roadbed_ft": 46.3, "median_ft": 0.0, "left_sw_ft": 7.7, "right_sw_ft": 7.0}, "geometry": {"type": "LineString", "coordinates": [[-73.84934771863414, 40.85556038044404], [-73.84917873989137, 40.855668201674085]]}}, {"type": "Feature", "properties": {"segment_id": 1391992, "physicalid": "94507", "street_name": "SEMINOLE AVE", "borough": "bronx", "direction": "TW", "total_row_ft": 60.9, "roadbed_ft": 46.6, "median_ft": 0.0, "left_sw_ft": 7.4, "right_sw_ft": 7.0}, "geometry": {"type": "LineString", "coordinates": [[-73.84939405256294, 40.85560251989762], [-73.84922539706821, 40.85571013491809]]}}, {"type": "Feature", "properties": {"segment_id": 1391993, "physicalid": "94507", "street_name": "SEMINOLE AVE", "borough": "bronx", "direction": "TW", "total_row_ft": 60.8, "roadbed_ft": 46.8, "median_ft": 0.0, "left_sw_ft": 7.2, "right_sw_ft": 6.9}, "geometry": {"type": "LineString", "coordinates": [[-73.84944038647399, 40.85564465938108], [-73.84927210677935, 40.85575203465969]]}}, {"type": "Feature", "properties": {"segment_id": 1391994, "physicalid": "94507", "street_name": "SEMINOLE AVE", "borough": "bronx", "direction": "TW", "total_row_ft": 60.7, "roadbed_ft": 47.0, "median_ft": 0.0, "left_sw_ft": 6.9, "right_sw_ft": 6.8}, "geometry": {"type": "LineString", "coordinates": [[-73.84948672030815, 40.85568679893211], [-73.8493188168339, 40.855793934200484]]}}, {"type": "Feature", "properties": {"segment_id": 1391995, "physicalid": "94508", "street_name": "SEMINOLE AVE", "borough": "bronx", "direction": "TW", "total_row_ft": 104.8, "roadbed_ft": 82.7, "median_ft": 0.0, "left_sw_ft": 15.0, "right_sw_ft": 7.1}, "geometry": {"type": "LineString", "coordinates": [[-73.84968123498115, 40.85573740501199], [-73.8494369369377, 40.85589988866344]]}}, {"type": "Feature", "properties": {"segment_id": 1391996, "physicalid": "94508", "street_name": "SEMINOLE AVE", "borough": "bronx", "direction": "TW", "total_row_ft": 61.7, "roadbed_ft": 45.8, "median_ft": 0.0, "left_sw_ft": 8.8, "right_sw_ft": 7.2}, "geometry": {"type": "LineString", "coordinates": [[-73.8496517663571, 40.8558299814967], [-73.84948396395464, 40.85594158748564]]}}, {"type": "Feature", "properties": {"segment_id": 1391997, "physicalid": "94508", "street_name": "SEMINOLE AVE", "borough": "bronx", "direction": "TW", "total_row_ft": 61.6, "roadbed_ft": 45.6, "median_ft": 0.0, "left_sw_ft": 8.9, "right_sw_ft": 7.1}, "geometry": {"type": "LineString", "coordinates": [[-73.84969857347765, 40.855871826542874], [-73.84953113282023, 40.855983191983775]]}}, {"type": "Feature", "properties": {"segment_id": 1391998, "physicalid": "94508", "street_name": "SEMINOLE AVE", "borough": "bronx", "direction": "TW", "total_row_ft": 61.4, "roadbed_ft": 45.3, "median_ft": 0.0, "left_sw_ft": 9.0, "right_sw_ft": 7.1}, "geometry": {"type": "LineString", "coordinates": [[-73.84974538065711, 40.8559136715698], [-73.8495783017448, 40.856024796462286]]}}, {"type": "Feature", "properties": {"segment_id": 1391999, "physicalid": "94508", "street_name": "SEMINOLE AVE", "borough": "bronx", "direction": "TW", "total_row_ft": 61.3, "roadbed_ft": 45.1, "median_ft": 0.0, "left_sw_ft": 9.2, "right_sw_ft": 7.0}, "geometry": {"type": "LineString", "coordinates": [[-73.84979218789545, 40.855955516577424], [-73.84962547072843, 40.85606640092125]]}}, {"type": "Feature", "properties": {"segment_id": 1392000, "physicalid": "94508", "street_name": "SEMINOLE AVE", "borough": "bronx", "direction": "TW", "total_row_ft": 61.2, "roadbed_ft": 44.8, "median_ft": 0.0, "left_sw_ft": 9.3, "right_sw_ft": 7.0}, "geometry": {"type": "LineString", "coordinates": [[-73.8498389951927, 40.855997361565734], [-73.8496726399865, 40.8561080052173]]}}, {"type": "Feature", "properties": {"segment_id": 1392001, "physicalid": "94508", "street_name": "SEMINOLE AVE", "borough": "bronx", "direction": "TW", "total_row_ft": 61.2, "roadbed_ft": 44.7, "median_ft": 0.0, "left_sw_ft": 9.4, "right_sw_ft": 7.0}, "geometry": {"type": "LineString", "coordinates": [[-73.84988607024783, 40.85603902848629], [-73.84971968972661, 40.8561496890248]]}}, {"type": "Feature", "properties": {"segment_id": 1392002, "physicalid": "94508", "street_name": "SEMINOLE AVE", "borough": "bronx", "direction": "TW", "total_row_ft": 61.8, "roadbed_ft": 44.8, "median_ft": 0.0, "left_sw_ft": 9.4, "right_sw_ft": 7.6}, "geometry": {"type": "LineString", "coordinates": [[-73.8499334012887, 40.85608052516861], [-73.84976522084257, 40.8561923828944]]}}, {"type": "Feature", "properties": {"segment_id": 1392003, "physicalid": "94508", "street_name": "SEMINOLE AVE", "borough": "bronx", "direction": "TW", "total_row_ft": 61.9, "roadbed_ft": 44.8, "median_ft": 0.0, "left_sw_ft": 8.8, "right_sw_ft": 8.3}, "geometry": {"type": "LineString", "coordinates": [[-73.84997899100335, 40.85612318003971], [-73.84981075190407, 40.85623507682079]]}}, {"type": "Feature", "properties": {"segment_id": 1392004, "physicalid": "94508", "street_name": "SEMINOLE AVE", "borough": "bronx", "direction": "TW", "total_row_ft": 61.9, "roadbed_ft": 44.8, "median_ft": 0.0, "left_sw_ft": 8.1, "right_sw_ft": 8.9}, "geometry": {"type": "LineString", "coordinates": [[-73.85002458077646, 40.856165834892465], [-73.8498562828921, 40.85627777081665]]}}, {"type": "Feature", "properties": {"segment_id": 1392005, "physicalid": "94508", "street_name": "SEMINOLE AVE", "borough": "bronx", "direction": "TW", "total_row_ft": 61.9, "roadbed_ft": 45.0, "median_ft": 0.0, "left_sw_ft": 7.5, "right_sw_ft": 9.5}, "geometry": {"type": "LineString", "coordinates": [[-73.85007017060808, 40.856208489726896], [-73.84990181381893, 40.856320464873775]]}}, {"type": "Feature", "properties": {"segment_id": 1403276, "physicalid": "95154", "street_name": "SEMINOLE ST", "borough": "bronx", "direction": "FT", "total_row_ft": 135.0, "roadbed_ft": 88.1, "median_ft": 0.0, "left_sw_ft": 31.9, "right_sw_ft": 15.0}, "geometry": {"type": "LineString", "coordinates": [[-73.84355637993237, 40.854831729519184], [-73.84364076115169, 40.85450865695946]]}}, {"type": "Feature", "properties": {"segment_id": 1403277, "physicalid": "95154", "street_name": "SEMINOLE ST", "borough": "bronx", "direction": "FT", "total_row_ft": 113.4, "roadbed_ft": 75.9, "median_ft": 0.0, "left_sw_ft": 22.6, "right_sw_ft": 15.0}, "geometry": {"type": "LineString", "coordinates": [[-73.84350063333869, 40.85476297263939], [-73.8435698456028, 40.85449797869528]]}}, {"type": "Feature", "properties": {"segment_id": 1403278, "physicalid": "95154", "street_name": "SEMINOLE ST", "borough": "bronx", "direction": "FT", "total_row_ft": 75.9, "roadbed_ft": 30.4, "median_ft": 0.0, "left_sw_ft": 8.3, "right_sw_ft": 37.3}, "geometry": {"type": "LineString", "coordinates": [[-73.84343983636691, 40.854713552495845], [-73.84349893007668, 40.854487300387476]]}}, {"type": "Feature", "properties": {"segment_id": 1403279, "physicalid": "95154", "street_name": "SEMINOLE ST", "borough": "bronx", "direction": "FT", "total_row_ft": 44.2, "roadbed_ft": 29.9, "median_ft": 0.0, "left_sw_ft": 8.1, "right_sw_ft": 6.1}, "geometry": {"type": "LineString", "coordinates": [[-73.84336906605134, 40.854702317344994], [-73.84340012230246, 40.854583412944805]]}}, {"type": "Feature", "properties": {"segment_id": 1403280, "physicalid": "95154", "street_name": "SEMINOLE ST", "borough": "bronx", "direction": "FT", "total_row_ft": 44.1, "roadbed_ft": 29.5, "median_ft": 0.0, "left_sw_ft": 8.0, "right_sw_ft": 6.6}, "geometry": {"type": "LineString", "coordinates": [[-73.84329829576573, 40.85469108212748], [-73.84332933239865, 40.85457225332201]]}}, {"type": "Feature", "properties": {"segment_id": 1403281, "physicalid": "95154", "street_name": "SEMINOLE ST", "borough": "bronx", "direction": "FT", "total_row_ft": 44.1, "roadbed_ft": 29.1, "median_ft": 0.0, "left_sw_ft": 7.8, "right_sw_ft": 7.1}, "geometry": {"type": "LineString", "coordinates": [[-73.84322752550405, 40.8546798468665], [-73.84325854251861, 40.85456109365574]]}}, {"type": "Feature", "properties": {"segment_id": 1403282, "physicalid": "95154", "street_name": "SEMINOLE ST", "borough": "bronx", "direction": "FT", "total_row_ft": 44.1, "roadbed_ft": 28.8, "median_ft": 0.0, "left_sw_ft": 7.7, "right_sw_ft": 7.7}, "geometry": {"type": "LineString", "coordinates": [[-73.84315675530003, 40.85466861143283], [-73.84318775266235, 40.854549933946025]]}}, {"type": "Feature", "properties": {"segment_id": 1403283, "physicalid": "95154", "street_name": "SEMINOLE ST", "borough": "bronx", "direction": "FT", "total_row_ft": 44.1, "roadbed_ft": 29.1, "median_ft": 0.0, "left_sw_ft": 7.5, "right_sw_ft": 7.5}, "geometry": {"type": "LineString", "coordinates": [[-73.84308598515382, 40.85465737582596], [-73.84311696282981, 40.854538774192854]]}}, {"type": "Feature", "properties": {"segment_id": 1403284, "physicalid": "95154", "street_name": "SEMINOLE ST", "borough": "bronx", "direction": "FT", "total_row_ft": 44.0, "roadbed_ft": 29.8, "median_ft": 0.0, "left_sw_ft": 7.3, "right_sw_ft": 6.9}, "geometry": {"type": "LineString", "coordinates": [[-73.84301521503728, 40.85464614015359], [-73.84304617302104, 40.8545276143962]]}}, {"type": "Feature", "properties": {"segment_id": 1403285, "physicalid": "95154", "street_name": "SEMINOLE ST", "borough": "bronx", "direction": "FT", "total_row_ft": 44.1, "roadbed_ft": 30.4, "median_ft": 0.0, "left_sw_ft": 7.2, "right_sw_ft": 6.5}, "geometry": {"type": "LineString", "coordinates": [[-73.84294436151717, 40.854635223846465], [-73.84297538323601, 40.8545164545561]]}}, {"type": "Feature", "properties": {"segment_id": 1403286, "physicalid": "95154", "street_name": "SEMINOLE ST", "borough": "bronx", "direction": "FT", "total_row_ft": 44.3, "roadbed_ft": 30.3, "median_ft": 0.0, "left_sw_ft": 7.2, "right_sw_ft": 6.8}, "geometry": {"type": "LineString", "coordinates": [[-73.84287346208882, 40.8546244833473], [-73.84290459347476, 40.85450529467256]]}}, {"type": "Feature", "properties": {"segment_id": 1403287, "physicalid": "95154", "street_name": "SEMINOLE ST", "borough": "bronx", "direction": "FT", "total_row_ft": 44.5, "roadbed_ft": 30.2, "median_ft": 0.0, "left_sw_ft": 7.2, "right_sw_ft": 7.1}, "geometry": {"type": "LineString", "coordinates": [[-73.84280256268337, 40.8546137428046], [-73.84283384818958, 40.85449396455701]]}}, {"type": "Feature", "properties": {"segment_id": 1403288, "physicalid": "95154", "street_name": "SEMINOLE ST", "borough": "bronx", "direction": "FT", "total_row_ft": 44.7, "roadbed_ft": 30.1, "median_ft": 0.0, "left_sw_ft": 7.2, "right_sw_ft": 7.4}, "geometry": {"type": "LineString", "coordinates": [[-73.84273166330084, 40.85460300221828], [-73.84276311617207, 40.85448258369462]]}}, {"type": "Feature", "properties": {"segment_id": 1403289, "physicalid": "95154", "street_name": "SEMINOLE ST", "borough": "bronx", "direction": "FT", "total_row_ft": 45.0, "roadbed_ft": 30.1, "median_ft": 0.0, "left_sw_ft": 7.2, "right_sw_ft": 7.6}, "geometry": {"type": "LineString", "coordinates": [[-73.84266076397367, 40.85459226146398], [-73.84269238417873, 40.85447120278884]]}}, {"type": "Feature", "properties": {"segment_id": 1403290, "physicalid": "95154", "street_name": "SEMINOLE ST", "borough": "bronx", "direction": "FT", "total_row_ft": 45.2, "roadbed_ft": 30.2, "median_ft": 0.0, "left_sw_ft": 7.2, "right_sw_ft": 7.9}, "geometry": {"type": "LineString", "coordinates": [[-73.84258986467293, 40.854581520652644], [-73.84262165221863, 40.8544598218052]]}}, {"type": "Feature", "properties": {"segment_id": 1403291, "physicalid": "95154", "street_name": "SEMINOLE ST", "borough": "bronx", "direction": "FT", "total_row_ft": 45.4, "roadbed_ft": 30.2, "median_ft": 0.0, "left_sw_ft": 7.2, "right_sw_ft": 8.1}, "geometry": {"type": "LineString", "coordinates": [[-73.84251896911786, 40.85457076554509], [-73.84255092029073, 40.854448440747476]]}}, {"type": "Feature", "properties": {"segment_id": 1403292, "physicalid": "95154", "street_name": "SEMINOLE ST", "borough": "bronx", "direction": "FT", "total_row_ft": 45.6, "roadbed_ft": 30.2, "median_ft": 0.0, "left_sw_ft": 7.1, "right_sw_ft": 8.3}, "geometry": {"type": "LineString", "coordinates": [[-73.84244809639493, 40.85455992306961], [-73.84248018838704, 40.85443705964635]]}}, {"type": "Feature", "properties": {"segment_id": 1403293, "physicalid": "95154", "street_name": "SEMINOLE ST", "borough": "bronx", "direction": "FT", "total_row_ft": 45.8, "roadbed_ft": 30.4, "median_ft": 0.0, "left_sw_ft": 6.9, "right_sw_ft": 8.5}, "geometry": {"type": "LineString", "coordinates": [[-73.84237722369512, 40.854549080550555], [-73.84240945650588, 40.85442567850837]]}}, {"type": "Feature", "properties": {"segment_id": 1403294, "physicalid": "95154", "street_name": "SEMINOLE ST", "borough": "bronx", "direction": "FT", "total_row_ft": 46.0, "roadbed_ft": 30.6, "median_ft": 0.0, "left_sw_ft": 6.7, "right_sw_ft": 8.8}, "geometry": {"type": "LineString", "coordinates": [[-73.84230635095747, 40.854538238221224], [-73.8423387245719, 40.85441429762179]]}}, {"type": "Feature", "properties": {"segment_id": 1403295, "physicalid": "95154", "street_name": "SEMINOLE ST", "borough": "bronx", "direction": "FT", "total_row_ft": 76.4, "roadbed_ft": 30.8, "median_ft": 0.0, "left_sw_ft": 6.5, "right_sw_ft": 39.2}, "geometry": {"type": "LineString", "coordinates": [[-73.84223547823699, 40.854527395871145], [-73.84228922642737, 40.854321624464006]]}}, {"type": "Feature", "properties": {"segment_id": 1403296, "physicalid": "95154", "street_name": "SEMINOLE ST", "borough": "bronx", "direction": "FT", "total_row_ft": 97.3, "roadbed_ft": 76.0, "median_ft": 0.0, "left_sw_ft": 6.3, "right_sw_ft": 15.0}, "geometry": {"type": "LineString", "coordinates": [[-73.84216460553961, 40.854516553477495], [-73.84222245450043, 40.85429508338965]]}}, {"type": "Feature", "properties": {"segment_id": 1403297, "physicalid": "95154", "street_name": "SEMINOLE ST", "borough": "bronx", "direction": "FT", "total_row_ft": 126.9, "roadbed_ft": 89.5, "median_ft": 0.0, "left_sw_ft": 22.4, "right_sw_ft": 15.0}, "geometry": {"type": "LineString", "coordinates": [[-73.84207287884465, 40.854585548282834], [-73.84215153940696, 40.85428440425323]]}}, {"type": "Feature", "properties": {"segment_id": 1414328, "physicalid": "95881", "street_name": "NEWPORT AVE", "borough": "bronx", "direction": "TF", "total_row_ft": 99.0, "roadbed_ft": 39.0, "median_ft": 0.0, "left_sw_ft": 10.9, "right_sw_ft": 49.1}, "geometry": {"type": "LineString", "coordinates": [[-73.84715339324428, 40.85023552992552], [-73.84683622275567, 40.85036152434531]]}}, {"type": "Feature", "properties": {"segment_id": 1414329, "physicalid": "95881", "street_name": "NEWPORT AVE", "borough": "bronx", "direction": "TF", "total_row_ft": 59.5, "roadbed_ft": 36.9, "median_ft": 0.0, "left_sw_ft": 11.0, "right_sw_ft": 11.6}, "geometry": {"type": "LineString", "coordinates": [[-73.84705931594723, 40.85033485394062], [-73.84686862762072, 40.850410603791985]]}}, {"type": "Feature", "properties": {"segment_id": 1414330, "physicalid": "95881", "street_name": "NEWPORT AVE", "borough": "bronx", "direction": "TF", "total_row_ft": 59.2, "roadbed_ft": 36.6, "median_ft": 0.0, "left_sw_ft": 10.5, "right_sw_ft": 12.0}, "geometry": {"type": "LineString", "coordinates": [[-73.8470967832479, 40.85038192235437], [-73.84690730677934, 40.850457190828116]]}}, {"type": "Feature", "properties": {"segment_id": 1414331, "physicalid": "95881", "street_name": "NEWPORT AVE", "borough": "bronx", "direction": "TF", "total_row_ft": 58.9, "roadbed_ft": 36.4, "median_ft": 0.0, "left_sw_ft": 10.0, "right_sw_ft": 12.4}, "geometry": {"type": "LineString", "coordinates": [[-73.8471342504083, 40.850428990832384], [-73.84694569532499, 40.85050389331647]]}}, {"type": "Feature", "properties": {"segment_id": 1414332, "physicalid": "95881", "street_name": "NEWPORT AVE", "borough": "bronx", "direction": "TF", "total_row_ft": 58.7, "roadbed_ft": 36.5, "median_ft": 0.0, "left_sw_ft": 9.6, "right_sw_ft": 12.6}, "geometry": {"type": "LineString", "coordinates": [[-73.84717209133478, 40.85047591084181], [-73.84698398896197, 40.85055063351494]]}}, {"type": "Feature", "properties": {"segment_id": 1414333, "physicalid": "95881", "street_name": "NEWPORT AVE", "borough": "bronx", "direction": "TF", "total_row_ft": 58.9, "roadbed_ft": 36.6, "median_ft": 0.0, "left_sw_ft": 9.5, "right_sw_ft": 12.8}, "geometry": {"type": "LineString", "coordinates": [[-73.8472100975361, 40.85052276520484], [-73.84702156043765, 40.85059766059566]]}}, {"type": "Feature", "properties": {"segment_id": 1414334, "physicalid": "95881", "street_name": "NEWPORT AVE", "borough": "bronx", "direction": "TF", "total_row_ft": 59.3, "roadbed_ft": 36.6, "median_ft": 0.0, "left_sw_ft": 9.6, "right_sw_ft": 13.1}, "geometry": {"type": "LineString", "coordinates": [[-73.84724810373736, 40.85056961957629], [-73.84705830430983, 40.850645016445135]]}}, {"type": "Feature", "properties": {"segment_id": 1414335, "physicalid": "95881", "street_name": "NEWPORT AVE", "borough": "bronx", "direction": "TF", "total_row_ft": 59.7, "roadbed_ft": 36.6, "median_ft": 0.0, "left_sw_ft": 9.8, "right_sw_ft": 13.3}, "geometry": {"type": "LineString", "coordinates": [[-73.84728610793528, 40.85061647475193], [-73.84709504821022, 40.850692372292094]]}}, {"type": "Feature", "properties": {"segment_id": 1414336, "physicalid": "95881", "street_name": "NEWPORT AVE", "borough": "bronx", "direction": "TF", "total_row_ft": 60.0, "roadbed_ft": 36.2, "median_ft": 0.0, "left_sw_ft": 10.0, "right_sw_ft": 13.8}, "geometry": {"type": "LineString", "coordinates": [[-73.84732411661565, 40.8506633281553], [-73.84713179216294, 40.850739728126925]]}}, {"type": "Feature", "properties": {"segment_id": 1414337, "physicalid": "95881", "street_name": "NEWPORT AVE", "borough": "bronx", "direction": "TF", "total_row_ft": 59.7, "roadbed_ft": 36.2, "median_ft": 0.0, "left_sw_ft": 9.9, "right_sw_ft": 13.6}, "geometry": {"type": "LineString", "coordinates": [[-73.84735965643195, 40.85071116231494], [-73.84716853616801, 40.8507870839497]]}}, {"type": "Feature", "properties": {"segment_id": 1414338, "physicalid": "95881", "street_name": "NEWPORT AVE", "borough": "bronx", "direction": "TF", "total_row_ft": 60.9, "roadbed_ft": 37.9, "median_ft": 0.0, "left_sw_ft": 10.0, "right_sw_ft": 13.0}, "geometry": {"type": "LineString", "coordinates": [[-73.84739351534574, 40.85075966421662], [-73.84719843000595, 40.850837160969846]]}}, {"type": "Feature", "properties": {"segment_id": 1414339, "physicalid": "95881", "street_name": "NEWPORT AVE", "borough": "bronx", "direction": "TF", "total_row_ft": 59.5, "roadbed_ft": 36.8, "median_ft": 0.0, "left_sw_ft": 9.8, "right_sw_ft": 12.9}, "geometry": {"type": "LineString", "coordinates": [[-73.84741442488121, 40.850852927248326], [-73.84719917589958, 40.850852559976985]]}}, {"type": "Feature", "properties": {"segment_id": 1414340, "physicalid": "95881", "street_name": "NEWPORT AVE", "borough": "bronx", "direction": "TF", "total_row_ft": 59.5, "roadbed_ft": 36.8, "median_ft": 0.0, "left_sw_ft": 10.2, "right_sw_ft": 12.5}, "geometry": {"type": "LineString", "coordinates": [[-73.8474126702358, 40.85090781846857], [-73.84719774290362, 40.85090745174339]]}}, {"type": "Feature", "properties": {"segment_id": 1414341, "physicalid": "95881", "street_name": "NEWPORT AVE", "borough": "bronx", "direction": "TF", "total_row_ft": 65.0, "roadbed_ft": 37.2, "median_ft": 0.0, "left_sw_ft": 15.7, "right_sw_ft": 12.1}, "geometry": {"type": "LineString", "coordinates": [[-73.84741091608167, 40.85096270968908], [-73.84717610825916, 40.85096230901886]]}}, {"type": "Feature", "properties": {"segment_id": 1414342, "physicalid": "95881", "street_name": "NEWPORT AVE", "borough": "bronx", "direction": "TF", "total_row_ft": 150.0, "roadbed_ft": 120.0, "median_ft": 0.0, "left_sw_ft": 15.0, "right_sw_ft": 15.0}, "geometry": {"type": "LineString", "coordinates": [[-73.84751489598052, 40.851017781176424], [-73.84708114026647, 40.851017041044024]]}}, {"type": "Feature", "properties": {"segment_id": 1461006, "physicalid": "98721", "street_name": "BASSETT AVE", "borough": "bronx", "direction": "TW", "total_row_ft": 93.5, "roadbed_ft": 37.8, "median_ft": 0.0, "left_sw_ft": 40.7, "right_sw_ft": 15.0}, "geometry": {"type": "LineString", "coordinates": [[-73.84247315803024, 40.852763530286765], [-73.84208831294876, 40.85261157581742]]}}, {"type": "Feature", "properties": {"segment_id": 1461007, "physicalid": "98721", "street_name": "BASSETT AVE", "borough": "bronx", "direction": "TW", "total_row_ft": 56.4, "roadbed_ft": 32.5, "median_ft": 0.0, "left_sw_ft": 8.8, "right_sw_ft": 15.0}, "geometry": {"type": "LineString", "coordinates": [[-73.8423236652108, 40.85276637623994], [-73.84205495921044, 40.85266027857157]]}}, {"type": "Feature", "properties": {"segment_id": 1461008, "physicalid": "98721", "street_name": "BASSETT AVE", "borough": "bronx", "direction": "TW", "total_row_ft": 56.0, "roadbed_ft": 32.2, "median_ft": 0.0, "left_sw_ft": 8.8, "right_sw_ft": 15.0}, "geometry": {"type": "LineString", "coordinates": [[-73.84229201015806, 40.85281574974085], [-73.84202160542321, 40.85270898131576]]}}, {"type": "Feature", "properties": {"segment_id": 1461009, "physicalid": "98721", "street_name": "BASSETT AVE", "borough": "bronx", "direction": "TW", "total_row_ft": 55.5, "roadbed_ft": 31.8, "median_ft": 0.0, "left_sw_ft": 8.8, "right_sw_ft": 15.0}, "geometry": {"type": "LineString", "coordinates": [[-73.84226035505833, 40.85286512323268], [-73.84198825158717, 40.85275768404983]]}}, {"type": "Feature", "properties": {"segment_id": 1461010, "physicalid": "98721", "street_name": "BASSETT AVE", "borough": "bronx", "direction": "TW", "total_row_ft": 47.0, "roadbed_ft": 31.6, "median_ft": 0.0, "left_sw_ft": 8.9, "right_sw_ft": 6.5}, "geometry": {"type": "LineString", "coordinates": [[-73.84222869963983, 40.85291449660811], [-73.84207791099045, 40.85285495830807]]}}, {"type": "Feature", "properties": {"segment_id": 1461011, "physicalid": "98721", "street_name": "BASSETT AVE", "borough": "bronx", "direction": "TW", "total_row_ft": 47.0, "roadbed_ft": 31.6, "median_ft": 0.0, "left_sw_ft": 9.1, "right_sw_ft": 6.3}, "geometry": {"type": "LineString", "coordinates": [[-73.84219704414488, 40.852963869962785], [-73.84204639071244, 40.85290438504488]]}}, {"type": "Feature", "properties": {"segment_id": 1461012, "physicalid": "98721", "street_name": "BASSETT AVE", "borough": "bronx", "direction": "TW", "total_row_ft": 47.0, "roadbed_ft": 31.6, "median_ft": 0.0, "left_sw_ft": 9.3, "right_sw_ft": 6.0}, "geometry": {"type": "LineString", "coordinates": [[-73.84216538860296, 40.85301324330831], [-73.84201479116011, 40.85295378048996]]}}, {"type": "Feature", "properties": {"segment_id": 1461013, "physicalid": "98721", "street_name": "BASSETT AVE", "borough": "bronx", "direction": "TW", "total_row_ft": 47.0, "roadbed_ft": 31.7, "median_ft": 0.0, "left_sw_ft": 9.4, "right_sw_ft": 5.9}, "geometry": {"type": "LineString", "coordinates": [[-73.84213373301404, 40.853062616644756], [-73.8419830071999, 40.853003103131506]]}}, {"type": "Feature", "properties": {"segment_id": 1461014, "physicalid": "98721", "street_name": "BASSETT AVE", "borough": "bronx", "direction": "TW", "total_row_ft": 47.1, "roadbed_ft": 31.7, "median_ft": 0.0, "left_sw_ft": 9.6, "right_sw_ft": 5.8}, "geometry": {"type": "LineString", "coordinates": [[-73.8421020773781, 40.85311198997211], [-73.84195095021364, 40.85305231797889]]}}, {"type": "Feature", "properties": {"segment_id": 1461015, "physicalid": "98721", "street_name": "BASSETT AVE", "borough": "bronx", "direction": "TW", "total_row_ft": 47.4, "roadbed_ft": 31.7, "median_ft": 0.0, "left_sw_ft": 9.8, "right_sw_ft": 5.9}, "geometry": {"type": "LineString", "coordinates": [[-73.84207042169517, 40.85316136329032], [-73.84191856117548, 40.8531014017259]]}}, {"type": "Feature", "properties": {"segment_id": 1461016, "physicalid": "98721", "street_name": "BASSETT AVE", "borough": "bronx", "direction": "TW", "total_row_ft": 47.8, "roadbed_ft": 31.8, "median_ft": 0.0, "left_sw_ft": 9.9, "right_sw_ft": 6.1}, "geometry": {"type": "LineString", "coordinates": [[-73.84203876596527, 40.85321073659942], [-73.84188551291625, 40.853150225190554]]}}, {"type": "Feature", "properties": {"segment_id": 1461017, "physicalid": "98721", "street_name": "BASSETT AVE", "borough": "bronx", "direction": "TW", "total_row_ft": 48.6, "roadbed_ft": 32.3, "median_ft": 0.0, "left_sw_ft": 10.1, "right_sw_ft": 6.1}, "geometry": {"type": "LineString", "coordinates": [[-73.84200711018835, 40.8532601098994], [-73.84185139625087, 40.85319862680702]]}}, {"type": "Feature", "properties": {"segment_id": 1461018, "physicalid": "98721", "street_name": "BASSETT AVE", "borough": "bronx", "direction": "TW", "total_row_ft": 49.5, "roadbed_ft": 32.8, "median_ft": 0.0, "left_sw_ft": 10.4, "right_sw_ft": 6.2}, "geometry": {"type": "LineString", "coordinates": [[-73.84197545436442, 40.85330948319033], [-73.84181677814054, 40.85324683043826]]}}, {"type": "Feature", "properties": {"segment_id": 1461019, "physicalid": "98721", "street_name": "BASSETT AVE", "borough": "bronx", "direction": "TW", "total_row_ft": 50.5, "roadbed_ft": 33.3, "median_ft": 0.0, "left_sw_ft": 10.8, "right_sw_ft": 6.4}, "geometry": {"type": "LineString", "coordinates": [[-73.84194379849352, 40.85335885647206], [-73.84178184594676, 40.853294910063426]]}}, {"type": "Feature", "properties": {"segment_id": 1461020, "physicalid": "98721", "street_name": "BASSETT AVE", "borough": "bronx", "direction": "TW", "total_row_ft": 50.8, "roadbed_ft": 33.9, "median_ft": 0.0, "left_sw_ft": 10.3, "right_sw_ft": 6.6}, "geometry": {"type": "LineString", "coordinates": [[-73.84190954628967, 40.85340720461273], [-73.84174656767954, 40.853342853051224]]}}, {"type": "Feature", "properties": {"segment_id": 1461021, "physicalid": "98721", "street_name": "BASSETT AVE", "borough": "bronx", "direction": "TW", "total_row_ft": 50.8, "roadbed_ft": 35.1, "median_ft": 0.0, "left_sw_ft": 9.4, "right_sw_ft": 6.4}, "geometry": {"type": "LineString", "coordinates": [[-73.84187355739182, 40.853454867036376], [-73.84171061642465, 40.85339053032016]]}}, {"type": "Feature", "properties": {"segment_id": 1461022, "physicalid": "98721", "street_name": "BASSETT AVE", "borough": "bronx", "direction": "TW", "total_row_ft": 51.0, "roadbed_ft": 35.4, "median_ft": 0.0, "left_sw_ft": 9.1, "right_sw_ft": 6.4}, "geometry": {"type": "LineString", "coordinates": [[-73.84183756864121, 40.85350252952689], [-73.841674099822, 40.85343798437142]]}}, {"type": "Feature", "properties": {"segment_id": 1461023, "physicalid": "98721", "street_name": "BASSETT AVE", "borough": "bronx", "direction": "TW", "total_row_ft": 51.0, "roadbed_ft": 35.2, "median_ft": 0.0, "left_sw_ft": 9.8, "right_sw_ft": 6.1}, "geometry": {"type": "LineString", "coordinates": [[-73.84180078310848, 40.853549877419994], [-73.84163713897526, 40.85348526302238]]}}, {"type": "Feature", "properties": {"segment_id": 1461024, "physicalid": "98721", "street_name": "BASSETT AVE", "borough": "bronx", "direction": "TW", "total_row_ft": 50.5, "roadbed_ft": 35.1, "median_ft": 0.0, "left_sw_ft": 9.7, "right_sw_ft": 5.7}, "geometry": {"type": "LineString", "coordinates": [[-73.84176157524364, 40.85359626887335], [-73.84159961449066, 40.85353231913043]]}}, {"type": "Feature", "properties": {"segment_id": 1461025, "physicalid": "98721", "street_name": "BASSETT AVE", "borough": "bronx", "direction": "TW", "total_row_ft": 50.4, "roadbed_ft": 35.0, "median_ft": 0.0, "left_sw_ft": 9.6, "right_sw_ft": 5.8}, "geometry": {"type": "LineString", "coordinates": [[-73.84172236732408, 40.85364266031299], [-73.84156086688526, 40.853578892299595]]}}, {"type": "Feature", "properties": {"segment_id": 1461026, "physicalid": "98721", "street_name": "BASSETT AVE", "borough": "bronx", "direction": "TW", "total_row_ft": 50.5, "roadbed_ft": 35.1, "median_ft": 0.0, "left_sw_ft": 9.5, "right_sw_ft": 6.0}, "geometry": {"type": "LineString", "coordinates": [[-73.84168315860161, 40.85368905144353], [-73.8415211166215, 40.85362506957856]]}}, {"type": "Feature", "properties": {"segment_id": 1461027, "physicalid": "98721", "street_name": "BASSETT AVE", "borough": "bronx", "direction": "TW", "total_row_ft": 50.7, "roadbed_ft": 35.6, "median_ft": 0.0, "left_sw_ft": 9.4, "right_sw_ft": 5.8}, "geometry": {"type": "LineString", "coordinates": [[-73.84163667003978, 40.853744057251944], [-73.84149192238708, 40.85365849410614]]}}, {"type": "Feature", "properties": {"segment_id": 1461028, "physicalid": "98721", "street_name": "BASSETT AVE", "borough": "bronx", "direction": "TW", "total_row_ft": 51.1, "roadbed_ft": 35.8, "median_ft": 0.0, "left_sw_ft": 9.3, "right_sw_ft": 6.1}, "geometry": {"type": "LineString", "coordinates": [[-73.84159746224933, 40.85379044852878], [-73.84145160451651, 40.85370422917271]]}}, {"type": "Feature", "properties": {"segment_id": 1461029, "physicalid": "98721", "street_name": "BASSETT AVE", "borough": "bronx", "direction": "TW", "total_row_ft": 51.6, "roadbed_ft": 35.8, "median_ft": 0.0, "left_sw_ft": 9.3, "right_sw_ft": 6.5}, "geometry": {"type": "LineString", "coordinates": [[-73.8415582542881, 40.853836839723236], [-73.84141104375958, 40.853749820682346]]}}, {"type": "Feature", "properties": {"segment_id": 1461030, "physicalid": "98721", "street_name": "BASSETT AVE", "borough": "bronx", "direction": "TW", "total_row_ft": 52.2, "roadbed_ft": 35.5, "median_ft": 0.0, "left_sw_ft": 9.7, "right_sw_ft": 7.0}, "geometry": {"type": "LineString", "coordinates": [[-73.84151904563728, 40.85388323052873], [-73.84137012055827, 40.85379519796166]]}}, {"type": "Feature", "properties": {"segment_id": 1461031, "physicalid": "98721", "street_name": "BASSETT AVE", "borough": "bronx", "direction": "TW", "total_row_ft": 51.4, "roadbed_ft": 35.2, "median_ft": 0.0, "left_sw_ft": 8.5, "right_sw_ft": 7.6}, "geometry": {"type": "LineString", "coordinates": [[-73.84147550442209, 40.85392706029361], [-73.84132893700347, 40.85384042135858]]}}, {"type": "Feature", "properties": {"segment_id": 1461032, "physicalid": "98721", "street_name": "BASSETT AVE", "borough": "bronx", "direction": "TW", "total_row_ft": 50.7, "roadbed_ft": 36.2, "median_ft": 0.0, "left_sw_ft": 7.4, "right_sw_ft": 7.1}, "geometry": {"type": "LineString", "coordinates": [[-73.84143196314953, 40.85397089004173], [-73.84128744596647, 40.853885463014166]]}}, {"type": "Feature", "properties": {"segment_id": 1461033, "physicalid": "98721", "street_name": "BASSETT AVE", "borough": "bronx", "direction": "TW", "total_row_ft": 50.1, "roadbed_ft": 37.1, "median_ft": 0.0, "left_sw_ft": 6.3, "right_sw_ft": 6.7}, "geometry": {"type": "LineString", "coordinates": [[-73.84138849609344, 40.85401476367775], [-73.84124555498983, 40.853930268274674]]}}, {"type": "Feature", "properties": {"segment_id": 1461034, "physicalid": "98721", "street_name": "BASSETT AVE", "borough": "bronx", "direction": "TW", "total_row_ft": 50.1, "roadbed_ft": 36.3, "median_ft": 0.0, "left_sw_ft": 7.1, "right_sw_ft": 6.7}, "geometry": {"type": "LineString", "coordinates": [[-73.84134555735416, 40.85405894962919], [-73.8412025299207, 40.85397440316599]]}}, {"type": "Feature", "properties": {"segment_id": 1461035, "physicalid": "98721", "street_name": "BASSETT AVE", "borough": "bronx", "direction": "TW", "total_row_ft": 50.1, "roadbed_ft": 35.3, "median_ft": 0.0, "left_sw_ft": 8.1, "right_sw_ft": 6.8}, "geometry": {"type": "LineString", "coordinates": [[-73.84130217123764, 40.85410287114467], [-73.84115915315036, 40.85401833017626]]}}, {"type": "Feature", "properties": {"segment_id": 1461036, "physicalid": "98721", "street_name": "BASSETT AVE", "borough": "bronx", "direction": "TW", "total_row_ft": 58.2, "roadbed_ft": 34.3, "median_ft": 0.0, "left_sw_ft": 9.0, "right_sw_ft": 15.0}, "geometry": {"type": "LineString", "coordinates": [[-73.84125878536271, 40.85414679282017], [-73.84100536442725, 40.85399699010804]]}}, {"type": "Feature", "properties": {"segment_id": 1461037, "physicalid": "98721", "street_name": "BASSETT AVE", "borough": "bronx", "direction": "TW", "total_row_ft": 58.2, "roadbed_ft": 34.2, "median_ft": 0.0, "left_sw_ft": 8.9, "right_sw_ft": 15.0}, "geometry": {"type": "LineString", "coordinates": [[-73.84121265722034, 40.85418909350403], [-73.84096095264248, 40.854040305307045]]}}, {"type": "Feature", "properties": {"segment_id": 1461038, "physicalid": "98721", "street_name": "BASSETT AVE", "borough": "bronx", "direction": "TW", "total_row_ft": 58.5, "roadbed_ft": 34.8, "median_ft": 0.0, "left_sw_ft": 8.7, "right_sw_ft": 15.0}, "geometry": {"type": "LineString", "coordinates": [[-73.84116604438083, 40.85423110768959], [-73.84091654079981, 40.85408362048867]]}}, {"type": "Feature", "properties": {"segment_id": 1461039, "physicalid": "98721", "street_name": "BASSETT AVE", "borough": "bronx", "direction": "TW", "total_row_ft": 58.9, "roadbed_ft": 35.3, "median_ft": 0.0, "left_sw_ft": 8.5, "right_sw_ft": 15.0}, "geometry": {"type": "LineString", "coordinates": [[-73.84111943115956, 40.85427312166518], [-73.84087212889936, 40.854126935652815]]}}, {"type": "Feature", "properties": {"segment_id": 1461040, "physicalid": "98721", "street_name": "BASSETT AVE", "borough": "bronx", "direction": "TW", "total_row_ft": 59.2, "roadbed_ft": 35.9, "median_ft": 0.0, "left_sw_ft": 8.3, "right_sw_ft": 15.0}, "geometry": {"type": "LineString", "coordinates": [[-73.8410728178794, 40.85431513562159], [-73.84082771694106, 40.85417025079955]]}}, {"type": "Feature", "properties": {"segment_id": 1461041, "physicalid": "98721", "street_name": "BASSETT AVE", "borough": "bronx", "direction": "TW", "total_row_ft": 59.5, "roadbed_ft": 36.4, "median_ft": 0.0, "left_sw_ft": 8.1, "right_sw_ft": 15.0}, "geometry": {"type": "LineString", "coordinates": [[-73.84102620462285, 40.85435714960763], [-73.84078330492488, 40.85421356592886]]}}, {"type": "Feature", "properties": {"segment_id": 1461042, "physicalid": "98721", "street_name": "BASSETT AVE", "borough": "bronx", "direction": "TW", "total_row_ft": 60.5, "roadbed_ft": 37.1, "median_ft": 0.0, "left_sw_ft": 8.4, "right_sw_ft": 15.0}, "geometry": {"type": "LineString", "coordinates": [[-73.84098127863638, 40.854400160990544], [-73.84073889285088, 40.854256881040754]]}}, {"type": "Feature", "properties": {"segment_id": 1461043, "physicalid": "98721", "street_name": "BASSETT AVE", "borough": "bronx", "direction": "TW", "total_row_ft": 61.8, "roadbed_ft": 38.2, "median_ft": 0.0, "left_sw_ft": 8.6, "right_sw_ft": 15.0}, "geometry": {"type": "LineString", "coordinates": [[-73.84093673992814, 40.85444340131845], [-73.84069448071902, 40.85430019613522]]}}, {"type": "Feature", "properties": {"segment_id": 1461044, "physicalid": "98721", "street_name": "BASSETT AVE", "borough": "bronx", "direction": "TW", "total_row_ft": 63.2, "roadbed_ft": 39.3, "median_ft": 0.0, "left_sw_ft": 8.9, "right_sw_ft": 15.0}, "geometry": {"type": "LineString", "coordinates": [[-73.84089220116198, 40.85448664162885], [-73.84065006852931, 40.85434351121227]]}}, {"type": "Feature", "properties": {"segment_id": 1461045, "physicalid": "98721", "street_name": "BASSETT AVE", "borough": "bronx", "direction": "TW", "total_row_ft": 66.0, "roadbed_ft": 38.7, "median_ft": 0.0, "left_sw_ft": 12.3, "right_sw_ft": 15.0}, "geometry": {"type": "LineString", "coordinates": [[-73.84086337939475, 40.854539172616285], [-73.84060565628177, 40.85438682627187]]}}, {"type": "Feature", "properties": {"segment_id": 1461046, "physicalid": "98722", "street_name": "BASSETT AVE", "borough": "bronx", "direction": "TW", "total_row_ft": 96.6, "roadbed_ft": 44.7, "median_ft": 0.0, "left_sw_ft": 36.9, "right_sw_ft": 15.0}, "geometry": {"type": "LineString", "coordinates": [[-73.84359030541079, 40.85099513143987], [-73.84319907681733, 40.85085290201341]]}}, {"type": "Feature", "properties": {"segment_id": 1461047, "physicalid": "98722", "street_name": "BASSETT AVE", "borough": "bronx", "direction": "TW", "total_row_ft": 57.2, "roadbed_ft": 33.2, "median_ft": 0.0, "left_sw_ft": 9.1, "right_sw_ft": 15.0}, "geometry": {"type": "LineString", "coordinates": [[-73.8434278521532, 40.850996933707755], [-73.84316785852971, 40.85090241394337]]}}, {"type": "Feature", "properties": {"segment_id": 1461048, "physicalid": "98722", "street_name": "BASSETT AVE", "borough": "bronx", "direction": "TW", "total_row_ft": 57.5, "roadbed_ft": 34.0, "median_ft": 0.0, "left_sw_ft": 8.5, "right_sw_ft": 15.0}, "geometry": {"type": "LineString", "coordinates": [[-73.84339496691986, 40.851045839651434], [-73.84313664019558, 40.85095192586447]]}}, {"type": "Feature", "properties": {"segment_id": 1461049, "physicalid": "98722", "street_name": "BASSETT AVE", "borough": "bronx", "direction": "TW", "total_row_ft": 57.1, "roadbed_ft": 34.2, "median_ft": 0.0, "left_sw_ft": 7.9, "right_sw_ft": 15.0}, "geometry": {"type": "LineString", "coordinates": [[-73.84336208163816, 40.85109474558534], [-73.84310542181503, 40.851001437776645]]}}, {"type": "Feature", "properties": {"segment_id": 1461050, "physicalid": "98722", "street_name": "BASSETT AVE", "borough": "bronx", "direction": "TW", "total_row_ft": 56.8, "roadbed_ft": 34.5, "median_ft": 0.0, "left_sw_ft": 7.3, "right_sw_ft": 15.0}, "geometry": {"type": "LineString", "coordinates": [[-73.8433291963081, 40.85114365150943], [-73.84307420338797, 40.85105094967998]]}}, {"type": "Feature", "properties": {"segment_id": 1461051, "physicalid": "98722", "street_name": "BASSETT AVE", "borough": "bronx", "direction": "TW", "total_row_ft": 56.8, "roadbed_ft": 34.7, "median_ft": 0.0, "left_sw_ft": 7.2, "right_sw_ft": 15.0}, "geometry": {"type": "LineString", "coordinates": [[-73.84329766459688, 40.85119304954286], [-73.84304298491442, 40.851100461574426]]}}, {"type": "Feature", "properties": {"segment_id": 1461052, "physicalid": "98722", "street_name": "BASSETT AVE", "borough": "bronx", "direction": "TW", "total_row_ft": 57.4, "roadbed_ft": 34.9, "median_ft": 0.0, "left_sw_ft": 7.5, "right_sw_ft": 15.0}, "geometry": {"type": "LineString", "coordinates": [[-73.84326791455277, 40.85124309530076], [-73.84301176639441, 40.85114997345998]]}}, {"type": "Feature", "properties": {"segment_id": 1461053, "physicalid": "98722", "street_name": "BASSETT AVE", "borough": "bronx", "direction": "TW", "total_row_ft": 58.1, "roadbed_ft": 35.1, "median_ft": 0.0, "left_sw_ft": 8.0, "right_sw_ft": 15.0}, "geometry": {"type": "LineString", "coordinates": [[-73.84323816423917, 40.85129314096887], [-73.84298054782792, 40.85119948533669]]}}, {"type": "Feature", "properties": {"segment_id": 1461054, "physicalid": "98722", "street_name": "BASSETT AVE", "borough": "bronx", "direction": "TW", "total_row_ft": 58.7, "roadbed_ft": 35.1, "median_ft": 0.0, "left_sw_ft": 8.6, "right_sw_ft": 15.0}, "geometry": {"type": "LineString", "coordinates": [[-73.84320841396294, 40.85134318665873], [-73.84294932921496, 40.851248997204536]]}}, {"type": "Feature", "properties": {"segment_id": 1461055, "physicalid": "98722", "street_name": "BASSETT AVE", "borough": "bronx", "direction": "TW", "total_row_ft": 59.3, "roadbed_ft": 35.1, "median_ft": 0.0, "left_sw_ft": 9.2, "right_sw_ft": 15.0}, "geometry": {"type": "LineString", "coordinates": [[-73.84317866353703, 40.851393232302314], [-73.84291811055552, 40.85129850906347]]}}, {"type": "Feature", "properties": {"segment_id": 1461056, "physicalid": "98722", "street_name": "BASSETT AVE", "borough": "bronx", "direction": "TW", "total_row_ft": 59.7, "roadbed_ft": 35.1, "median_ft": 0.0, "left_sw_ft": 9.6, "right_sw_ft": 15.0}, "geometry": {"type": "LineString", "coordinates": [[-73.84314891322335, 40.85144327799488], [-73.8428868918496, 40.85134802091355]]}}, {"type": "Feature", "properties": {"segment_id": 1461057, "physicalid": "98722", "street_name": "BASSETT AVE", "borough": "bronx", "direction": "TW", "total_row_ft": 59.8, "roadbed_ft": 35.5, "median_ft": 0.0, "left_sw_ft": 9.3, "right_sw_ft": 15.0}, "geometry": {"type": "LineString", "coordinates": [[-73.84311857712697, 40.85149311073704], [-73.84285567309722, 40.85139753275473]]}}, {"type": "Feature", "properties": {"segment_id": 1461058, "physicalid": "98722", "street_name": "BASSETT AVE", "borough": "bronx", "direction": "TW", "total_row_ft": 59.6, "roadbed_ft": 35.9, "median_ft": 0.0, "left_sw_ft": 8.7, "right_sw_ft": 15.0}, "geometry": {"type": "LineString", "coordinates": [[-73.84308713329226, 40.85154254077409], [-73.84282445429834, 40.851447044587054]]}}, {"type": "Feature", "properties": {"segment_id": 1461059, "physicalid": "98722", "street_name": "BASSETT AVE", "borough": "bronx", "direction": "TW", "total_row_ft": 59.4, "roadbed_ft": 36.2, "median_ft": 0.0, "left_sw_ft": 8.2, "right_sw_ft": 15.0}, "geometry": {"type": "LineString", "coordinates": [[-73.84305567217964, 40.85159196453784], [-73.842793235453, 40.85149655641051]]}}, {"type": "Feature", "properties": {"segment_id": 1461060, "physicalid": "98722", "street_name": "BASSETT AVE", "borough": "bronx", "direction": "TW", "total_row_ft": 59.2, "roadbed_ft": 36.0, "median_ft": 0.0, "left_sw_ft": 8.2, "right_sw_ft": 15.0}, "geometry": {"type": "LineString", "coordinates": [[-73.84302421102026, 40.85164138829258], [-73.84276201656118, 40.851546068225076]]}}, {"type": "Feature", "properties": {"segment_id": 1461061, "physicalid": "98722", "street_name": "BASSETT AVE", "borough": "bronx", "direction": "TW", "total_row_ft": 59.0, "roadbed_ft": 35.7, "median_ft": 0.0, "left_sw_ft": 8.2, "right_sw_ft": 15.0}, "geometry": {"type": "LineString", "coordinates": [[-73.84299274981413, 40.8516908120383], [-73.84273079762286, 40.85159558003077]]}}, {"type": "Feature", "properties": {"segment_id": 1461062, "physicalid": "98722", "street_name": "BASSETT AVE", "borough": "bronx", "direction": "TW", "total_row_ft": 58.5, "roadbed_ft": 35.2, "median_ft": 0.0, "left_sw_ft": 8.3, "right_sw_ft": 15.0}, "geometry": {"type": "LineString", "coordinates": [[-73.84296128856123, 40.85174023577502], [-73.84269957863809, 40.851645091827585]]}}, {"type": "Feature", "properties": {"segment_id": 1461063, "physicalid": "98722", "street_name": "BASSETT AVE", "borough": "bronx", "direction": "TW", "total_row_ft": 58.3, "roadbed_ft": 34.7, "median_ft": 0.0, "left_sw_ft": 8.6, "right_sw_ft": 15.0}, "geometry": {"type": "LineString", "coordinates": [[-73.84293077517482, 40.851790004112544], [-73.84266835960683, 40.85169460361553]]}}, {"type": "Feature", "properties": {"segment_id": 1461064, "physicalid": "98722", "street_name": "BASSETT AVE", "borough": "bronx", "direction": "TW", "total_row_ft": 58.1, "roadbed_ft": 34.1, "median_ft": 0.0, "left_sw_ft": 9.0, "right_sw_ft": 15.0}, "geometry": {"type": "LineString", "coordinates": [[-73.84290035404689, 40.851839805998345], [-73.8426371405291, 40.851744115394595]]}}, {"type": "Feature", "properties": {"segment_id": 1461065, "physicalid": "98722", "street_name": "BASSETT AVE", "borough": "bronx", "direction": "TW", "total_row_ft": 58.0, "roadbed_ft": 33.7, "median_ft": 0.0, "left_sw_ft": 9.2, "right_sw_ft": 15.0}, "geometry": {"type": "LineString", "coordinates": [[-73.84286993287337, 40.85188960787571], [-73.8426059214049, 40.85179362716478]]}}, {"type": "Feature", "properties": {"segment_id": 1461066, "physicalid": "98722", "street_name": "BASSETT AVE", "borough": "bronx", "direction": "TW", "total_row_ft": 57.8, "roadbed_ft": 34.0, "median_ft": 0.0, "left_sw_ft": 8.8, "right_sw_ft": 15.0}, "geometry": {"type": "LineString", "coordinates": [[-73.84283951165601, 40.85193940974522], [-73.84257470223422, 40.85184313892609]]}}, {"type": "Feature", "properties": {"segment_id": 1461067, "physicalid": "98722", "street_name": "BASSETT AVE", "borough": "bronx", "direction": "TW", "total_row_ft": 58.1, "roadbed_ft": 34.8, "median_ft": 0.0, "left_sw_ft": 8.4, "right_sw_ft": 15.0}, "geometry": {"type": "LineString", "coordinates": [[-73.84280909039438, 40.85198921160672], [-73.84254348301702, 40.85189265067857]]}}, {"type": "Feature", "properties": {"segment_id": 1461068, "physicalid": "98722", "street_name": "BASSETT AVE", "borough": "bronx", "direction": "TW", "total_row_ft": 58.5, "roadbed_ft": 35.6, "median_ft": 0.0, "left_sw_ft": 7.9, "right_sw_ft": 15.0}, "geometry": {"type": "LineString", "coordinates": [[-73.84277866951138, 40.85203901361404], [-73.84251226375339, 40.85194216242211]]}}, {"type": "Feature", "properties": {"segment_id": 1461069, "physicalid": "98722", "street_name": "BASSETT AVE", "borough": "bronx", "direction": "TW", "total_row_ft": 57.8, "roadbed_ft": 35.6, "median_ft": 0.0, "left_sw_ft": 7.2, "right_sw_ft": 15.0}, "geometry": {"type": "LineString", "coordinates": [[-73.84274487591972, 40.8520875894945], [-73.84248104444328, 40.85199167415679]]}}, {"type": "Feature", "properties": {"segment_id": 1461070, "physicalid": "98722", "street_name": "BASSETT AVE", "borough": "bronx", "direction": "TW", "total_row_ft": 57.9, "roadbed_ft": 35.3, "median_ft": 0.0, "left_sw_ft": 7.6, "right_sw_ft": 15.0}, "geometry": {"type": "LineString", "coordinates": [[-73.8427143512388, 40.8521373537825], [-73.84244982508667, 40.852041185882605]]}}, {"type": "Feature", "properties": {"segment_id": 1461071, "physicalid": "98722", "street_name": "BASSETT AVE", "borough": "bronx", "direction": "TW", "total_row_ft": 57.9, "roadbed_ft": 35.0, "median_ft": 0.0, "left_sw_ft": 7.9, "right_sw_ft": 15.0}, "geometry": {"type": "LineString", "coordinates": [[-73.84268382643766, 40.8521871180349], [-73.84241860568359, 40.85209069759954]]}}, {"type": "Feature", "properties": {"segment_id": 1461072, "physicalid": "98722", "street_name": "BASSETT AVE", "borough": "bronx", "direction": "TW", "total_row_ft": 57.9, "roadbed_ft": 34.7, "median_ft": 0.0, "left_sw_ft": 8.2, "right_sw_ft": 15.0}, "geometry": {"type": "LineString", "coordinates": [[-73.84265330144838, 40.85223688222699], [-73.84238738623404, 40.8521402093076]]}}, {"type": "Feature", "properties": {"segment_id": 1461073, "physicalid": "98722", "street_name": "BASSETT AVE", "borough": "bronx", "direction": "TW", "total_row_ft": 57.9, "roadbed_ft": 34.3, "median_ft": 0.0, "left_sw_ft": 8.5, "right_sw_ft": 15.0}, "geometry": {"type": "LineString", "coordinates": [[-73.84262277646587, 40.85228664642962], [-73.84235616673801, 40.85218972100676]]}}, {"type": "Feature", "properties": {"segment_id": 1461074, "physicalid": "98722", "street_name": "BASSETT AVE", "borough": "bronx", "direction": "TW", "total_row_ft": 57.9, "roadbed_ft": 34.2, "median_ft": 0.0, "left_sw_ft": 8.7, "right_sw_ft": 15.0}, "geometry": {"type": "LineString", "coordinates": [[-73.84259225133678, 40.85233641058709], [-73.8423249471955, 40.85223923269709]]}}, {"type": "Feature", "properties": {"segment_id": 1461075, "physicalid": "98722", "street_name": "BASSETT AVE", "borough": "bronx", "direction": "TW", "total_row_ft": 57.9, "roadbed_ft": 34.1, "median_ft": 0.0, "left_sw_ft": 8.8, "right_sw_ft": 15.0}, "geometry": {"type": "LineString", "coordinates": [[-73.8425617267668, 40.85238617495591], [-73.8422937276065, 40.85228874437851]]}}, {"type": "Feature", "properties": {"segment_id": 1461076, "physicalid": "98722", "street_name": "BASSETT AVE", "borough": "bronx", "direction": "TW", "total_row_ft": 57.9, "roadbed_ft": 33.9, "median_ft": 0.0, "left_sw_ft": 8.9, "right_sw_ft": 15.0}, "geometry": {"type": "LineString", "coordinates": [[-73.84253120215115, 40.85243593931622], [-73.84226250797103, 40.85233825605104]]}}, {"type": "Feature", "properties": {"segment_id": 1461077, "physicalid": "98722", "street_name": "BASSETT AVE", "borough": "bronx", "direction": "TW", "total_row_ft": 57.8, "roadbed_ft": 33.8, "median_ft": 0.0, "left_sw_ft": 9.0, "right_sw_ft": 15.0}, "geometry": {"type": "LineString", "coordinates": [[-73.84250067739455, 40.852485703633356], [-73.8422312882891, 40.85238776771473]]}}, {"type": "Feature", "properties": {"segment_id": 1461078, "physicalid": "98722", "street_name": "BASSETT AVE", "borough": "bronx", "direction": "TW", "total_row_ft": 57.8, "roadbed_ft": 33.6, "median_ft": 0.0, "left_sw_ft": 9.2, "right_sw_ft": 15.0}, "geometry": {"type": "LineString", "coordinates": [[-73.84247015209772, 40.85253546776222], [-73.84220006856066, 40.852437279369525]]}}, {"type": "Feature", "properties": {"segment_id": 1461079, "physicalid": "98722", "street_name": "BASSETT AVE", "borough": "bronx", "direction": "TW", "total_row_ft": 57.7, "roadbed_ft": 33.4, "median_ft": 0.0, "left_sw_ft": 9.3, "right_sw_ft": 15.0}, "geometry": {"type": "LineString", "coordinates": [[-73.8424396267552, 40.85258523188257], [-73.84216884878576, 40.85248679101546]]}}, {"type": "Feature", "properties": {"segment_id": 1461080, "physicalid": "98722", "street_name": "BASSETT AVE", "borough": "bronx", "direction": "TW", "total_row_ft": 94.4, "roadbed_ft": 36.1, "median_ft": 0.0, "left_sw_ft": 43.3, "right_sw_ft": 15.0}, "geometry": {"type": "LineString", "coordinates": [[-73.84252886518972, 40.85267853563687], [-73.84213762896437, 40.85253630265249]]}}, {"type": "Feature", "properties": {"segment_id": 1461081, "physicalid": "98723", "street_name": "BASSETT AVE", "borough": "bronx", "direction": "TW", "total_row_ft": 100.6, "roadbed_ft": 55.2, "median_ft": 0.0, "left_sw_ft": 30.4, "right_sw_ft": 15.0}, "geometry": {"type": "LineString", "coordinates": [[-73.84412322404924, 40.85029399684116], [-73.84374829726407, 40.85012838029083]]}}, {"type": "Feature", "properties": {"segment_id": 1461082, "physicalid": "98723", "street_name": "BASSETT AVE", "borough": "bronx", "direction": "TW", "total_row_ft": 56.1, "roadbed_ft": 34.1, "median_ft": 0.0, "left_sw_ft": 7.0, "right_sw_ft": 15.0}, "geometry": {"type": "LineString", "coordinates": [[-73.84395131342306, 40.85028156572189], [-73.84371194611634, 40.85017582965006]]}}, {"type": "Feature", "properties": {"segment_id": 1461083, "physicalid": "98723", "street_name": "BASSETT AVE", "borough": "bronx", "direction": "TW", "total_row_ft": 56.0, "roadbed_ft": 32.9, "median_ft": 0.0, "left_sw_ft": 8.1, "right_sw_ft": 15.0}, "geometry": {"type": "LineString", "coordinates": [[-73.8439176139188, 40.85033018642681], [-73.84367559491676, 40.850223278997476]]}}, {"type": "Feature", "properties": {"segment_id": 1461084, "physicalid": "98723", "street_name": "BASSETT AVE", "borough": "bronx", "direction": "TW", "total_row_ft": 56.0, "roadbed_ft": 31.9, "median_ft": 0.0, "left_sw_ft": 9.1, "right_sw_ft": 15.0}, "geometry": {"type": "LineString", "coordinates": [[-73.84388391436526, 40.850378807121494], [-73.84363924366528, 40.85027072833309]]}}, {"type": "Feature", "properties": {"segment_id": 1461085, "physicalid": "98723", "street_name": "BASSETT AVE", "borough": "bronx", "direction": "TW", "total_row_ft": 56.0, "roadbed_ft": 30.9, "median_ft": 0.0, "left_sw_ft": 10.1, "right_sw_ft": 15.0}, "geometry": {"type": "LineString", "coordinates": [[-73.84385021476244, 40.850427427805926], [-73.843602892362, 40.85031817765678]]}}, {"type": "Feature", "properties": {"segment_id": 1461086, "physicalid": "98723", "street_name": "BASSETT AVE", "borough": "bronx", "direction": "TW", "total_row_ft": 56.4, "roadbed_ft": 31.4, "median_ft": 0.0, "left_sw_ft": 9.9, "right_sw_ft": 15.0}, "geometry": {"type": "LineString", "coordinates": [[-73.84381651511036, 40.85047604848008], [-73.84356654100681, 40.850365626968674]]}}, {"type": "Feature", "properties": {"segment_id": 1461087, "physicalid": "98723", "street_name": "BASSETT AVE", "borough": "bronx", "direction": "TW", "total_row_ft": 57.1, "roadbed_ft": 32.7, "median_ft": 0.0, "left_sw_ft": 9.3, "right_sw_ft": 15.0}, "geometry": {"type": "LineString", "coordinates": [[-73.84378281540903, 40.850524669143994], [-73.84353018959975, 40.85041307626873]]}}, {"type": "Feature", "properties": {"segment_id": 1461088, "physicalid": "98723", "street_name": "BASSETT AVE", "borough": "bronx", "direction": "TW", "total_row_ft": 57.5, "roadbed_ft": 34.1, "median_ft": 0.0, "left_sw_ft": 8.5, "right_sw_ft": 15.0}, "geometry": {"type": "LineString", "coordinates": [[-73.84374826852152, 40.850572915591776], [-73.84349383814087, 40.85046052555687]]}}, {"type": "Feature", "properties": {"segment_id": 1461089, "physicalid": "98723", "street_name": "BASSETT AVE", "borough": "bronx", "direction": "TW", "total_row_ft": 58.2, "roadbed_ft": 35.8, "median_ft": 0.0, "left_sw_ft": 7.4, "right_sw_ft": 15.0}, "geometry": {"type": "LineString", "coordinates": [[-73.84371305216811, 40.85062086632764], [-73.8434574866301, 40.85050797483324]]}}, {"type": "Feature", "properties": {"segment_id": 1461090, "physicalid": "98723", "street_name": "BASSETT AVE", "borough": "bronx", "direction": "TW", "total_row_ft": 59.1, "roadbed_ft": 37.6, "median_ft": 0.0, "left_sw_ft": 6.4, "right_sw_ft": 15.0}, "geometry": {"type": "LineString", "coordinates": [[-73.84367783576394, 40.85066881705233], [-73.84342113506744, 40.850555424097756]]}}, {"type": "Feature", "properties": {"segment_id": 1461091, "physicalid": "98723", "street_name": "BASSETT AVE", "borough": "bronx", "direction": "TW", "total_row_ft": 59.9, "roadbed_ft": 38.2, "median_ft": 0.0, "left_sw_ft": 6.7, "right_sw_ft": 15.0}, "geometry": {"type": "LineString", "coordinates": [[-73.8436426192963, 40.850716767760304], [-73.84338478345298, 40.850602873350375]]}}, {"type": "Feature", "properties": {"segment_id": 1461092, "physicalid": "98723", "street_name": "BASSETT AVE", "borough": "bronx", "direction": "TW", "total_row_ft": 60.7, "roadbed_ft": 38.7, "median_ft": 0.0, "left_sw_ft": 7.1, "right_sw_ft": 15.0}, "geometry": {"type": "LineString", "coordinates": [[-73.84360740269707, 40.85076471842139], [-73.84334843178662, 40.85065032259117]]}}, {"type": "Feature", "properties": {"segment_id": 1461093, "physicalid": "98723", "street_name": "BASSETT AVE", "borough": "bronx", "direction": "TW", "total_row_ft": 79.3, "roadbed_ft": 38.3, "median_ft": 0.0, "left_sw_ft": 26.1, "right_sw_ft": 15.0}, "geometry": {"type": "LineString", "coordinates": [[-73.84368700897691, 40.85086338977178], [-73.84331208006839, 40.850697771820165]]}}, {"type": "Feature", "properties": {"segment_id": 1461094, "physicalid": "98723", "street_name": "BASSETT AVE", "borough": "bronx", "direction": "TW", "total_row_ft": 111.7, "roadbed_ft": 81.7, "median_ft": 0.0, "left_sw_ft": 15.0, "right_sw_ft": 15.0}, "geometry": {"type": "LineString", "coordinates": [[-73.84365065738375, 40.85091083910571], [-73.84327572829832, 40.85074522103723]]}}, {"type": "Feature", "properties": {"segment_id": 1470608, "physicalid": "99327", "street_name": "MCDONALD ST", "borough": "bronx", "direction": "TW", "total_row_ft": 135.0, "roadbed_ft": 104.5, "median_ft": 0.0, "left_sw_ft": 15.5, "right_sw_ft": 15.0}, "geometry": {"type": "LineString", "coordinates": [[-73.84377395901366, 40.85558393618538], [-73.8438650626127, 40.85526191777584]]}}, {"type": "Feature", "properties": {"segment_id": 1470609, "physicalid": "99327", "street_name": "MCDONALD ST", "borough": "bronx", "direction": "TW", "total_row_ft": 100.5, "roadbed_ft": 76.9, "median_ft": 0.0, "left_sw_ft": 8.6, "right_sw_ft": 15.0}, "geometry": {"type": "LineString", "coordinates": [[-73.84372943036323, 40.85547995365194], [-73.84379437764333, 40.85525038894258]]}}, {"type": "Feature", "properties": {"segment_id": 1470610, "physicalid": "99327", "street_name": "MCDONALD ST", "borough": "bronx", "direction": "TW", "total_row_ft": 81.5, "roadbed_ft": 36.2, "median_ft": 0.0, "left_sw_ft": 9.1, "right_sw_ft": 36.2}, "geometry": {"type": "LineString", "coordinates": [[-73.84365821098453, 40.855470312926315], [-73.84372009177494, 40.85525158799906]]}}, {"type": "Feature", "properties": {"segment_id": 1470611, "physicalid": "99327", "street_name": "MCDONALD ST", "borough": "bronx", "direction": "TW", "total_row_ft": 67.6, "roadbed_ft": 34.2, "median_ft": 0.0, "left_sw_ft": 9.3, "right_sw_ft": 24.0}, "geometry": {"type": "LineString", "coordinates": [[-73.843587200412, 40.85545993418508], [-73.84365300777816, 40.85522733114602]]}}, {"type": "Feature", "properties": {"segment_id": 1470612, "physicalid": "99327", "street_name": "MCDONALD ST", "borough": "bronx", "direction": "TW", "total_row_ft": 53.6, "roadbed_ft": 33.7, "median_ft": 0.0, "left_sw_ft": 9.3, "right_sw_ft": 10.5}, "geometry": {"type": "LineString", "coordinates": [[-73.84351633517741, 40.85544904177008], [-73.84355703226746, 40.855305194376434]]}}, {"type": "Feature", "properties": {"segment_id": 1470613, "physicalid": "99327", "street_name": "MCDONALD ST", "borough": "bronx", "direction": "TW", "total_row_ft": 53.4, "roadbed_ft": 33.7, "median_ft": 0.0, "left_sw_ft": 9.3, "right_sw_ft": 10.3}, "geometry": {"type": "LineString", "coordinates": [[-73.84344546996921, 40.85543814930026], [-73.8434860062246, 40.85529487093268]]}}, {"type": "Feature", "properties": {"segment_id": 1470614, "physicalid": "99327", "street_name": "MCDONALD ST", "borough": "bronx", "direction": "TW", "total_row_ft": 53.2, "roadbed_ft": 33.7, "median_ft": 0.0, "left_sw_ft": 9.3, "right_sw_ft": 10.1}, "geometry": {"type": "LineString", "coordinates": [[-73.84337460478422, 40.85542725678689], [-73.84341498020378, 40.85528454744518]]}}, {"type": "Feature", "properties": {"segment_id": 1470615, "physicalid": "99327", "street_name": "MCDONALD ST", "borough": "bronx", "direction": "TW", "total_row_ft": 53.0, "roadbed_ft": 33.8, "median_ft": 0.0, "left_sw_ft": 9.3, "right_sw_ft": 9.9}, "geometry": {"type": "LineString", "coordinates": [[-73.84330373962244, 40.85541636422998], [-73.84334395420501, 40.85527422391394]]}}, {"type": "Feature", "properties": {"segment_id": 1470616, "physicalid": "99327", "street_name": "MCDONALD ST", "borough": "bronx", "direction": "TW", "total_row_ft": 52.9, "roadbed_ft": 33.8, "median_ft": 0.0, "left_sw_ft": 9.2, "right_sw_ft": 9.8}, "geometry": {"type": "LineString", "coordinates": [[-73.84323287448389, 40.855405471629496], [-73.84327301777465, 40.85526358383368]]}}, {"type": "Feature", "properties": {"segment_id": 1470617, "physicalid": "99327", "street_name": "MCDONALD ST", "borough": "bronx", "direction": "TW", "total_row_ft": 52.9, "roadbed_ft": 33.8, "median_ft": 0.0, "left_sw_ft": 9.2, "right_sw_ft": 9.8}, "geometry": {"type": "LineString", "coordinates": [[-73.84316200936853, 40.85539457898549], [-73.84320214563512, 40.85525271655231]]}}, {"type": "Feature", "properties": {"segment_id": 1470618, "physicalid": "99327", "street_name": "MCDONALD ST", "borough": "bronx", "direction": "TW", "total_row_ft": 52.8, "roadbed_ft": 33.8, "median_ft": 0.0, "left_sw_ft": 9.2, "right_sw_ft": 9.9}, "geometry": {"type": "LineString", "coordinates": [[-73.84309116286951, 40.85538362058048], [-73.84313127351875, 40.85524184922738]]}}, {"type": "Feature", "properties": {"segment_id": 1470619, "physicalid": "99327", "street_name": "MCDONALD ST", "borough": "bronx", "direction": "TW", "total_row_ft": 52.8, "roadbed_ft": 33.7, "median_ft": 0.0, "left_sw_ft": 9.1, "right_sw_ft": 10.0}, "geometry": {"type": "LineString", "coordinates": [[-73.84302033077358, 40.85537261130705], [-73.84306040142553, 40.85523098185886]]}}, {"type": "Feature", "properties": {"segment_id": 1470620, "physicalid": "99327", "street_name": "MCDONALD ST", "borough": "bronx", "direction": "TW", "total_row_ft": 52.7, "roadbed_ft": 33.7, "median_ft": 0.0, "left_sw_ft": 9.0, "right_sw_ft": 10.0}, "geometry": {"type": "LineString", "coordinates": [[-73.84294949869233, 40.85536160202104], [-73.84298952935548, 40.855220114446816]]}}, {"type": "Feature", "properties": {"segment_id": 1470621, "physicalid": "99327", "street_name": "MCDONALD ST", "borough": "bronx", "direction": "TW", "total_row_ft": 52.7, "roadbed_ft": 33.6, "median_ft": 0.0, "left_sw_ft": 8.9, "right_sw_ft": 10.1}, "geometry": {"type": "LineString", "coordinates": [[-73.84287866660722, 40.85535059278812], [-73.84291865730859, 40.8552092469912]]}}, {"type": "Feature", "properties": {"segment_id": 1470622, "physicalid": "99327", "street_name": "MCDONALD ST", "borough": "bronx", "direction": "TW", "total_row_ft": 52.4, "roadbed_ft": 33.6, "median_ft": 0.0, "left_sw_ft": 8.9, "right_sw_ft": 10.0}, "geometry": {"type": "LineString", "coordinates": [[-73.84280783454554, 40.85533958351167], [-73.84284765428139, 40.855198842518696]]}}, {"type": "Feature", "properties": {"segment_id": 1470623, "physicalid": "99327", "street_name": "MCDONALD ST", "borough": "bronx", "direction": "TW", "total_row_ft": 52.2, "roadbed_ft": 33.6, "median_ft": 0.0, "left_sw_ft": 8.8, "right_sw_ft": 9.8}, "geometry": {"type": "LineString", "coordinates": [[-73.84273700250732, 40.8553285741917], [-73.84277660648858, 40.85518859630261]]}}, {"type": "Feature", "properties": {"segment_id": 1470624, "physicalid": "99327", "street_name": "MCDONALD ST", "borough": "bronx", "direction": "TW", "total_row_ft": 51.9, "roadbed_ft": 33.6, "median_ft": 0.0, "left_sw_ft": 8.6, "right_sw_ft": 9.6}, "geometry": {"type": "LineString", "coordinates": [[-73.84266617049256, 40.85531756482824], [-73.84270555871767, 40.855178350042756]]}}, {"type": "Feature", "properties": {"segment_id": 1470625, "physicalid": "99327", "street_name": "MCDONALD ST", "borough": "bronx", "direction": "TW", "total_row_ft": 51.6, "roadbed_ft": 33.6, "median_ft": 0.0, "left_sw_ft": 8.5, "right_sw_ft": 9.5}, "geometry": {"type": "LineString", "coordinates": [[-73.84259533850124, 40.855306555421265], [-73.84263451096865, 40.85516810373912]]}}, {"type": "Feature", "properties": {"segment_id": 1470626, "physicalid": "99327", "street_name": "MCDONALD ST", "borough": "bronx", "direction": "TW", "total_row_ft": 51.4, "roadbed_ft": 33.6, "median_ft": 0.0, "left_sw_ft": 8.5, "right_sw_ft": 9.3}, "geometry": {"type": "LineString", "coordinates": [[-73.84252445780686, 40.855295718189325], [-73.8425634632294, 40.855157857434605]]}}, {"type": "Feature", "properties": {"segment_id": 1470627, "physicalid": "99327", "street_name": "MCDONALD ST", "borough": "bronx", "direction": "TW", "total_row_ft": 51.3, "roadbed_ft": 33.6, "median_ft": 0.0, "left_sw_ft": 8.4, "right_sw_ft": 9.2}, "geometry": {"type": "LineString", "coordinates": [[-73.84245356625462, 40.855284919371314], [-73.84249251383126, 40.855147263587426]]}}, {"type": "Feature", "properties": {"segment_id": 1470628, "physicalid": "99327", "street_name": "MCDONALD ST", "borough": "bronx", "direction": "TW", "total_row_ft": 51.3, "roadbed_ft": 33.7, "median_ft": 0.0, "left_sw_ft": 8.4, "right_sw_ft": 9.2}, "geometry": {"type": "LineString", "coordinates": [[-73.84238267473106, 40.855274120489725], [-73.84242165592376, 40.85513634641376]]}}, {"type": "Feature", "properties": {"segment_id": 1470629, "physicalid": "99327", "street_name": "MCDONALD ST", "borough": "bronx", "direction": "TW", "total_row_ft": 51.4, "roadbed_ft": 33.8, "median_ft": 0.0, "left_sw_ft": 8.4, "right_sw_ft": 9.2}, "geometry": {"type": "LineString", "coordinates": [[-73.84231178329348, 40.8552633213419], [-73.84235079803952, 40.85512542919656]]}}, {"type": "Feature", "properties": {"segment_id": 1470630, "physicalid": "99327", "street_name": "MCDONALD ST", "borough": "bronx", "direction": "TW", "total_row_ft": 51.4, "roadbed_ft": 33.9, "median_ft": 0.0, "left_sw_ft": 8.3, "right_sw_ft": 9.2}, "geometry": {"type": "LineString", "coordinates": [[-73.84224089187896, 40.855252522150515], [-73.84227994017854, 40.8551145119358]]}}, {"type": "Feature", "properties": {"segment_id": 1470631, "physicalid": "99327", "street_name": "MCDONALD ST", "borough": "bronx", "direction": "TW", "total_row_ft": 51.6, "roadbed_ft": 34.0, "median_ft": 0.0, "left_sw_ft": 8.4, "right_sw_ft": 9.2}, "geometry": {"type": "LineString", "coordinates": [[-73.84216994044604, 40.85524193512144], [-73.84220908233922, 40.85510359463713]]}}, {"type": "Feature", "properties": {"segment_id": 1470632, "physicalid": "99327", "street_name": "MCDONALD ST", "borough": "bronx", "direction": "TW", "total_row_ft": 51.7, "roadbed_ft": 34.0, "median_ft": 0.0, "left_sw_ft": 8.5, "right_sw_ft": 9.2}, "geometry": {"type": "LineString", "coordinates": [[-73.84209895815135, 40.85523145720366], [-73.8421382245225, 40.855092677297336]]}}, {"type": "Feature", "properties": {"segment_id": 1470633, "physicalid": "99327", "street_name": "MCDONALD ST", "borough": "bronx", "direction": "TW", "total_row_ft": 51.9, "roadbed_ft": 34.1, "median_ft": 0.0, "left_sw_ft": 8.5, "right_sw_ft": 9.2}, "geometry": {"type": "LineString", "coordinates": [[-73.84202797592303, 40.855220979086596], [-73.84206735147946, 40.8550818138108]]}}, {"type": "Feature", "properties": {"segment_id": 1470634, "physicalid": "99327", "street_name": "MCDONALD ST", "borough": "bronx", "direction": "TW", "total_row_ft": 52.0, "roadbed_ft": 34.2, "median_ft": 0.0, "left_sw_ft": 8.6, "right_sw_ft": 9.2}, "geometry": {"type": "LineString", "coordinates": [[-73.84195699371708, 40.85521050092587], [-73.84199644788464, 40.85507105834163]]}}, {"type": "Feature", "properties": {"segment_id": 1470635, "physicalid": "99327", "street_name": "MCDONALD ST", "borough": "bronx", "direction": "TW", "total_row_ft": 52.1, "roadbed_ft": 34.3, "median_ft": 0.0, "left_sw_ft": 8.7, "right_sw_ft": 9.1}, "geometry": {"type": "LineString", "coordinates": [[-73.84188601153028, 40.855200022732845], [-73.8419255443292, 40.85506030277077]]}}, {"type": "Feature", "properties": {"segment_id": 1470636, "physicalid": "99327", "street_name": "MCDONALD ST", "borough": "bronx", "direction": "TW", "total_row_ft": 52.2, "roadbed_ft": 34.4, "median_ft": 0.0, "left_sw_ft": 8.8, "right_sw_ft": 9.0}, "geometry": {"type": "LineString", "coordinates": [[-73.84181502935922, 40.855189544519504], [-73.84185464083697, 40.85504954701399]]}}, {"type": "Feature", "properties": {"segment_id": 1470637, "physicalid": "99327", "street_name": "MCDONALD ST", "borough": "bronx", "direction": "TW", "total_row_ft": 52.3, "roadbed_ft": 34.6, "median_ft": 0.0, "left_sw_ft": 8.9, "right_sw_ft": 8.8}, "geometry": {"type": "LineString", "coordinates": [[-73.84174404721051, 40.85517906626249], [-73.84178373736768, 40.85503879121359]]}}, {"type": "Feature", "properties": {"segment_id": 1470638, "physicalid": "99327", "street_name": "MCDONALD ST", "borough": "bronx", "direction": "TW", "total_row_ft": 52.4, "roadbed_ft": 34.8, "median_ft": 0.0, "left_sw_ft": 9.0, "right_sw_ft": 8.6}, "geometry": {"type": "LineString", "coordinates": [[-73.84167301111098, 40.85516877871558], [-73.84171283392129, 40.855028035369614]]}}, {"type": "Feature", "properties": {"segment_id": 1470639, "physicalid": "99327", "street_name": "MCDONALD ST", "borough": "bronx", "direction": "TW", "total_row_ft": 65.4, "roadbed_ft": 35.0, "median_ft": 0.0, "left_sw_ft": 9.3, "right_sw_ft": 21.0}, "geometry": {"type": "LineString", "coordinates": [[-73.8416018841634, 40.855158812279456], [-73.84167383995764, 40.85490450379521]]}}, {"type": "Feature", "properties": {"segment_id": 1470640, "physicalid": "99327", "street_name": "MCDONALD ST", "borough": "bronx", "direction": "TW", "total_row_ft": 66.7, "roadbed_ft": 38.5, "median_ft": 0.0, "left_sw_ft": 9.6, "right_sw_ft": 18.7}, "geometry": {"type": "LineString", "coordinates": [[-73.84153075716445, 40.85514884605626], [-73.84158143729388, 40.85496973160093]]}}, {"type": "Feature", "properties": {"segment_id": 1470641, "physicalid": "99327", "street_name": "MCDONALD ST", "borough": "bronx", "direction": "TW", "total_row_ft": 110.9, "roadbed_ft": 86.1, "median_ft": 0.0, "left_sw_ft": 9.8, "right_sw_ft": 15.0}, "geometry": {"type": "LineString", "coordinates": [[-73.84145963014967, 40.85513887992054], [-73.8415324715628, 40.854881443398845]]}}, {"type": "Feature", "properties": {"segment_id": 1470642, "physicalid": "99328", "street_name": "MCDONALD ST", "borough": "bronx", "direction": "TW", "total_row_ft": 150.0, "roadbed_ft": 120.0, "median_ft": 0.0, "left_sw_ft": 15.0, "right_sw_ft": 15.0}, "geometry": {"type": "LineString", "coordinates": [[-73.84120031693348, 40.855116684518826], [-73.84150119397493, 40.85487942748585]]}}, {"type": "Feature", "properties": {"segment_id": 1470643, "physicalid": "99328", "street_name": "MCDONALD ST", "borough": "bronx", "direction": "TW", "total_row_ft": 120.0, "roadbed_ft": 33.3, "median_ft": 0.0, "left_sw_ft": 43.9, "right_sw_ft": 42.8}, "geometry": {"type": "LineString", "coordinates": [[-73.8411482378242, 40.85507860926518], [-73.8414491148792, 40.85484135236643]]}}, {"type": "Feature", "properties": {"segment_id": 1470644, "physicalid": "99328", "street_name": "MCDONALD ST", "borough": "bronx", "direction": "TW", "total_row_ft": 58.2, "roadbed_ft": 30.5, "median_ft": 0.0, "left_sw_ft": 15.7, "right_sw_ft": 12.0}, "geometry": {"type": "LineString", "coordinates": [[-73.84117091785525, 40.854981582909105], [-73.84131676232218, 40.85486657719197]]}}, {"type": "Feature", "properties": {"segment_id": 1470645, "physicalid": "99328", "street_name": "MCDONALD ST", "borough": "bronx", "direction": "TW", "total_row_ft": 57.8, "roadbed_ft": 31.4, "median_ft": 0.0, "left_sw_ft": 14.8, "right_sw_ft": 11.7}, "geometry": {"type": "LineString", "coordinates": [[-73.8411193294402, 40.85494312080201], [-73.8412643738853, 40.85482874601195]]}}, {"type": "Feature", "properties": {"segment_id": 1470646, "physicalid": "99328", "street_name": "MCDONALD ST", "borough": "bronx", "direction": "TW", "total_row_ft": 57.5, "roadbed_ft": 32.2, "median_ft": 0.0, "left_sw_ft": 13.9, "right_sw_ft": 11.4}, "geometry": {"type": "LineString", "coordinates": [[-73.84106774108481, 40.85490465867161], [-73.841211985508, 40.85479091480789]]}}, {"type": "Feature", "properties": {"segment_id": 1470647, "physicalid": "99328", "street_name": "MCDONALD ST", "borough": "bronx", "direction": "TW", "total_row_ft": 57.2, "roadbed_ft": 33.1, "median_ft": 0.0, "left_sw_ft": 13.0, "right_sw_ft": 11.2}, "geometry": {"type": "LineString", "coordinates": [[-73.8410161527891, 40.85486619651786], [-73.84115959721636, 40.85475308355925]]}}, {"type": "Feature", "properties": {"segment_id": 1470648, "physicalid": "99328", "street_name": "MCDONALD ST", "borough": "bronx", "direction": "TW", "total_row_ft": 56.9, "roadbed_ft": 33.5, "median_ft": 0.0, "left_sw_ft": 12.5, "right_sw_ft": 10.9}, "geometry": {"type": "LineString", "coordinates": [[-73.84096456455305, 40.85482773434078], [-73.84110720907388, 40.85471525221595]]}}, {"type": "Feature", "properties": {"segment_id": 1470649, "physicalid": "99328", "street_name": "MCDONALD ST", "borough": "bronx", "direction": "TW", "total_row_ft": 56.6, "roadbed_ft": 33.6, "median_ft": 0.0, "left_sw_ft": 12.3, "right_sw_ft": 10.6}, "geometry": {"type": "LineString", "coordinates": [[-73.84091297637666, 40.8547892721404], [-73.84105482099099, 40.85467742084858]]}}, {"type": "Feature", "properties": {"segment_id": 1470650, "physicalid": "99328", "street_name": "MCDONALD ST", "borough": "bronx", "direction": "TW", "total_row_ft": 56.3, "roadbed_ft": 33.8, "median_ft": 0.0, "left_sw_ft": 12.1, "right_sw_ft": 10.3}, "geometry": {"type": "LineString", "coordinates": [[-73.84086138825994, 40.85475080991669], [-73.84100243296768, 40.85463958945721]]}}, {"type": "Feature", "properties": {"segment_id": 1470651, "physicalid": "99328", "street_name": "MCDONALD ST", "borough": "bronx", "direction": "TW", "total_row_ft": 55.9, "roadbed_ft": 34.0, "median_ft": 0.0, "left_sw_ft": 11.9, "right_sw_ft": 10.1}, "geometry": {"type": "LineString", "coordinates": [[-73.84080980020288, 40.85471234766963], [-73.84095004500399, 40.85460175804178]]}}, {"type": "Feature", "properties": {"segment_id": 1470652, "physicalid": "99328", "street_name": "MCDONALD ST", "borough": "bronx", "direction": "TW", "total_row_ft": 55.6, "roadbed_ft": 34.3, "median_ft": 0.0, "left_sw_ft": 11.7, "right_sw_ft": 9.6}, "geometry": {"type": "LineString", "coordinates": [[-73.84075821215247, 40.854673885441066], [-73.8408976575218, 40.85456392626961]]}}, {"type": "Feature", "properties": {"segment_id": 1470653, "physicalid": "99328", "street_name": "MCDONALD ST", "borough": "bronx", "direction": "TW", "total_row_ft": 68.7, "roadbed_ft": 35.6, "median_ft": 0.0, "left_sw_ft": 13.0, "right_sw_ft": 20.1}, "geometry": {"type": "LineString", "coordinates": [[-73.84070662407818, 40.854635423255054], [-73.84087878664923, 40.85449966504871]]}}, {"type": "Feature", "properties": {"segment_id": 1500333, "physicalid": "101210", "street_name": "MORRIS PARK AVE", "borough": "bronx", "direction": "TW", "total_row_ft": 150.0, "roadbed_ft": 120.0, "median_ft": 0.0, "left_sw_ft": 15.0, "right_sw_ft": 15.0}, "geometry": {"type": "LineString", "coordinates": [[-73.84431603374857, 40.85119594018678], [-73.84440381054965, 40.85087339018018]]}}, {"type": "Feature", "properties": {"segment_id": 1500334, "physicalid": "101210", "street_name": "MORRIS PARK AVE", "borough": "bronx", "direction": "TW", "total_row_ft": 135.0, "roadbed_ft": 78.9, "median_ft": 0.0, "left_sw_ft": 15.0, "right_sw_ft": 41.1}, "geometry": {"type": "LineString", "coordinates": [[-73.84424523648762, 40.85118483155236], [-73.84433301361733, 40.85086228159902]]}}, {"type": "Feature", "properties": {"segment_id": 1500335, "physicalid": "101210", "street_name": "MORRIS PARK AVE", "borough": "bronx", "direction": "TW", "total_row_ft": 91.5, "roadbed_ft": 38.4, "median_ft": 0.0, "left_sw_ft": 39.9, "right_sw_ft": 13.1}, "geometry": {"type": "LineString", "coordinates": [[-73.84417443925031, 40.851173722874485], [-73.84424137681884, 40.850927752201514]]}}, {"type": "Feature", "properties": {"segment_id": 1500336, "physicalid": "101210", "street_name": "MORRIS PARK AVE", "borough": "bronx", "direction": "TW", "total_row_ft": 60.5, "roadbed_ft": 37.3, "median_ft": 0.0, "left_sw_ft": 9.8, "right_sw_ft": 13.4}, "geometry": {"type": "LineString", "coordinates": [[-73.84412615825647, 40.851079875950184], [-73.84417037749746, 40.85091738711227]]}}, {"type": "Feature", "properties": {"segment_id": 1500337, "physicalid": "101210", "street_name": "MORRIS PARK AVE", "borough": "bronx", "direction": "TW", "total_row_ft": 60.3, "roadbed_ft": 36.2, "median_ft": 0.0, "left_sw_ft": 10.7, "right_sw_ft": 13.4}, "geometry": {"type": "LineString", "coordinates": [[-73.84405506048945, 40.851069872007415], [-73.84409919655776, 40.85090768943784]]}}, {"type": "Feature", "properties": {"segment_id": 1500338, "physicalid": "101210", "street_name": "MORRIS PARK AVE", "borough": "bronx", "direction": "TW", "total_row_ft": 61.1, "roadbed_ft": 36.4, "median_ft": 0.0, "left_sw_ft": 11.4, "right_sw_ft": 13.3}, "geometry": {"type": "LineString", "coordinates": [[-73.84398367434929, 40.851060927749714], [-73.84402837884448, 40.85089665708435]]}}, {"type": "Feature", "properties": {"segment_id": 1500339, "physicalid": "101210", "street_name": "MORRIS PARK AVE", "borough": "bronx", "direction": "TW", "total_row_ft": 62.6, "roadbed_ft": 36.7, "median_ft": 0.0, "left_sw_ft": 13.0, "right_sw_ft": 12.9}, "geometry": {"type": "LineString", "coordinates": [[-73.84391159465709, 40.851054532020754], [-73.84395740041963, 40.85088621532184]]}}, {"type": "Feature", "properties": {"segment_id": 1500340, "physicalid": "101210", "street_name": "MORRIS PARK AVE", "borough": "bronx", "direction": "TW", "total_row_ft": 64.9, "roadbed_ft": 37.0, "median_ft": 0.0, "left_sw_ft": 15.4, "right_sw_ft": 12.5}, "geometry": {"type": "LineString", "coordinates": [[-73.84383897444029, 40.85105012248231], [-73.84388643809913, 40.85087571442105]]}}, {"type": "Feature", "properties": {"segment_id": 1500341, "physicalid": "101210", "street_name": "MORRIS PARK AVE", "borough": "bronx", "direction": "TW", "total_row_ft": 64.4, "roadbed_ft": 37.2, "median_ft": 0.0, "left_sw_ft": 15.0, "right_sw_ft": 12.2}, "geometry": {"type": "LineString", "coordinates": [[-73.8437683398231, 40.85103841677759], [-73.84381547575452, 40.85086521364744]]}}, {"type": "Feature", "properties": {"segment_id": 1500342, "physicalid": "101210", "street_name": "MORRIS PARK AVE", "borough": "bronx", "direction": "TW", "total_row_ft": 60.5, "roadbed_ft": 37.1, "median_ft": 0.0, "left_sw_ft": 11.2, "right_sw_ft": 12.2}, "geometry": {"type": "LineString", "coordinates": [[-73.84370026528738, 40.8510173040452], [-73.84374451343233, 40.85085471283017]]}}, {"type": "Feature", "properties": {"segment_id": 1500343, "physicalid": "101210", "street_name": "MORRIS PARK AVE", "borough": "bronx", "direction": "TW", "total_row_ft": 60.2, "roadbed_ft": 37.0, "median_ft": 0.0, "left_sw_ft": 11.0, "right_sw_ft": 12.2}, "geometry": {"type": "LineString", "coordinates": [[-73.8436294817344, 40.85100614573901], [-73.84367355113255, 40.850844211969246]]}}, {"type": "Feature", "properties": {"segment_id": 1500344, "physicalid": "101210", "street_name": "MORRIS PARK AVE", "borough": "bronx", "direction": "TW", "total_row_ft": 60.0, "roadbed_ft": 36.9, "median_ft": 0.0, "left_sw_ft": 10.8, "right_sw_ft": 12.3}, "geometry": {"type": "LineString", "coordinates": [[-73.84355869819613, 40.85099498742259], [-73.84360257004826, 40.85083378017082]]}}, {"type": "Feature", "properties": {"segment_id": 1500345, "physicalid": "101210", "street_name": "MORRIS PARK AVE", "borough": "bronx", "direction": "TW", "total_row_ft": 58.5, "roadbed_ft": 42.7, "median_ft": 0.0, "left_sw_ft": 10.6, "right_sw_ft": 5.2}, "geometry": {"type": "LineString", "coordinates": [[-73.84348791467103, 40.85098382910155], [-73.84353068419053, 40.85082667299834]]}}, {"type": "Feature", "properties": {"segment_id": 1512457, "physicalid": "101957", "street_name": "WILSON AVE", "borough": "bronx", "direction": "TW", "total_row_ft": 63.0, "roadbed_ft": 43.6, "median_ft": 0.0, "left_sw_ft": 9.0, "right_sw_ft": 10.4}, "geometry": {"type": "LineString", "coordinates": [[-73.84948413911604, 40.85689987955066], [-73.84925665130206, 40.856894117963805]]}}, {"type": "Feature", "properties": {"segment_id": 1512458, "physicalid": "101957", "street_name": "WILSON AVE", "borough": "bronx", "direction": "TW", "total_row_ft": 63.2, "roadbed_ft": 42.5, "median_ft": 0.0, "left_sw_ft": 10.4, "right_sw_ft": 10.3}, "geometry": {"type": "LineString", "coordinates": [[-73.84948325795325, 40.85695478178015], [-73.84925487317724, 40.85694899747813]]}}, {"type": "Feature", "properties": {"segment_id": 1512459, "physicalid": "101957", "street_name": "WILSON AVE", "borough": "bronx", "direction": "TW", "total_row_ft": 63.5, "roadbed_ft": 42.2, "median_ft": 0.0, "left_sw_ft": 11.0, "right_sw_ft": 10.3}, "geometry": {"type": "LineString", "coordinates": [[-73.84948237907801, 40.85700968406709], [-73.84925309504952, 40.8570038769919]]}}, {"type": "Feature", "properties": {"segment_id": 1512460, "physicalid": "101957", "street_name": "WILSON AVE", "borough": "bronx", "direction": "TW", "total_row_ft": 63.7, "roadbed_ft": 41.9, "median_ft": 0.0, "left_sw_ft": 11.5, "right_sw_ft": 10.2}, "geometry": {"type": "LineString", "coordinates": [[-73.84948143651373, 40.85706458474054], [-73.84925131691884, 40.857058756505104]]}}, {"type": "Feature", "properties": {"segment_id": 1512461, "physicalid": "101957", "street_name": "WILSON AVE", "borough": "bronx", "direction": "TW", "total_row_ft": 63.9, "roadbed_ft": 42.2, "median_ft": 0.0, "left_sw_ft": 11.5, "right_sw_ft": 10.2}, "geometry": {"type": "LineString", "coordinates": [[-73.84948043186962, 40.85711948384125], [-73.84924953878523, 40.857113636017736]]}}, {"type": "Feature", "properties": {"segment_id": 1512462, "physicalid": "101957", "street_name": "WILSON AVE", "borough": "bronx", "direction": "TW", "total_row_ft": 64.1, "roadbed_ft": 42.4, "median_ft": 0.0, "left_sw_ft": 11.5, "right_sw_ft": 10.2}, "geometry": {"type": "LineString", "coordinates": [[-73.84947942722387, 40.857174382941416], [-73.8492477606487, 40.857168515529835]]}}, {"type": "Feature", "properties": {"segment_id": 1512463, "physicalid": "101957", "street_name": "WILSON AVE", "borough": "bronx", "direction": "TW", "total_row_ft": 64.3, "roadbed_ft": 42.7, "median_ft": 0.0, "left_sw_ft": 11.5, "right_sw_ft": 10.2}, "geometry": {"type": "LineString", "coordinates": [[-73.84947842248229, 40.857229282038666], [-73.8492459825092, 40.85722339504136]]}}, {"type": "Feature", "properties": {"segment_id": 1512464, "physicalid": "101957", "street_name": "WILSON AVE", "borough": "bronx", "direction": "TW", "total_row_ft": 64.5, "roadbed_ft": 42.9, "median_ft": 0.0, "left_sw_ft": 11.5, "right_sw_ft": 10.2}, "geometry": {"type": "LineString", "coordinates": [[-73.8494774179461, 40.85728418114059], [-73.84924420436681, 40.85727827455234]]}}, {"type": "Feature", "properties": {"segment_id": 1512465, "physicalid": "101957", "street_name": "WILSON AVE", "borough": "bronx", "direction": "TW", "total_row_ft": 64.8, "roadbed_ft": 42.9, "median_ft": 0.0, "left_sw_ft": 11.7, "right_sw_ft": 10.1}, "geometry": {"type": "LineString", "coordinates": [[-73.84947641363654, 40.85733908024781], [-73.84924242653197, 40.85733315407063]]}}, {"type": "Feature", "properties": {"segment_id": 1512466, "physicalid": "101957", "street_name": "WILSON AVE", "borough": "bronx", "direction": "TW", "total_row_ft": 91.2, "roadbed_ft": 42.8, "median_ft": 0.0, "left_sw_ft": 12.1, "right_sw_ft": 36.3}, "geometry": {"type": "LineString", "coordinates": [[-73.8494754093253, 40.85739397935445], [-73.84914591822677, 40.85738563422086]]}}, {"type": "Feature", "properties": {"segment_id": 1512467, "physicalid": "101957", "street_name": "WILSON AVE", "borough": "bronx", "direction": "TW", "total_row_ft": 135.0, "roadbed_ft": 80.9, "median_ft": 0.0, "left_sw_ft": 39.1, "right_sw_ft": 15.0}, "geometry": {"type": "LineString", "coordinates": [[-73.84957706523525, 40.85745147837714], [-73.84914350764821, 40.85744049771208]]}}, {"type": "Feature", "properties": {"segment_id": 1515023, "physicalid": "102110", "street_name": "WILKINSON AVE", "borough": "bronx", "direction": "FT", "total_row_ft": 150.0, "roadbed_ft": 120.0, "median_ft": 0.0, "left_sw_ft": 15.0, "right_sw_ft": 15.0}, "geometry": {"type": "LineString", "coordinates": [[-73.84301120444488, 40.85308718438094], [-73.8431970001679, 40.85278956315289]]}}, {"type": "Feature", "properties": {"segment_id": 1515024, "physicalid": "102110", "street_name": "WILKINSON AVE", "borough": "bronx", "direction": "FT", "total_row_ft": 55.2, "roadbed_ft": 31.8, "median_ft": 0.0, "left_sw_ft": 10.5, "right_sw_ft": 12.9}, "geometry": {"type": "LineString", "coordinates": [[-73.84299973507844, 40.85297739827753], [-73.84308522046436, 40.85284046169863]]}}, {"type": "Feature", "properties": {"segment_id": 1515025, "physicalid": "102110", "street_name": "WILKINSON AVE", "borough": "bronx", "direction": "FT", "total_row_ft": 55.2, "roadbed_ft": 30.9, "median_ft": 0.0, "left_sw_ft": 11.2, "right_sw_ft": 13.1}, "geometry": {"type": "LineString", "coordinates": [[-73.8429345270617, 40.85295369442039], [-73.84302002722082, 40.85281673439066]]}}, {"type": "Feature", "properties": {"segment_id": 1515026, "physicalid": "102110", "street_name": "WILKINSON AVE", "borough": "bronx", "direction": "FT", "total_row_ft": 55.2, "roadbed_ft": 30.5, "median_ft": 0.0, "left_sw_ft": 11.4, "right_sw_ft": 13.4}, "geometry": {"type": "LineString", "coordinates": [[-73.84286931910137, 40.85292999051034], [-73.8429548341687, 40.8527930068137]]}}, {"type": "Feature", "properties": {"segment_id": 1515027, "physicalid": "102110", "street_name": "WILKINSON AVE", "borough": "bronx", "direction": "FT", "total_row_ft": 55.2, "roadbed_ft": 30.8, "median_ft": 0.0, "left_sw_ft": 10.9, "right_sw_ft": 13.6}, "geometry": {"type": "LineString", "coordinates": [[-73.84280411132008, 40.85290628635106], [-73.842889640908, 40.85276927960839]]}}, {"type": "Feature", "properties": {"segment_id": 1515028, "physicalid": "102110", "street_name": "WILKINSON AVE", "borough": "bronx", "direction": "FT", "total_row_ft": 55.3, "roadbed_ft": 31.2, "median_ft": 0.0, "left_sw_ft": 10.3, "right_sw_ft": 13.8}, "geometry": {"type": "LineString", "coordinates": [[-73.84273890358526, 40.852882582154805], [-73.84282444758935, 40.85274555253348]]}}, {"type": "Feature", "properties": {"segment_id": 1515029, "physicalid": "102110", "street_name": "WILKINSON AVE", "borough": "bronx", "direction": "FT", "total_row_ft": 55.1, "roadbed_ft": 31.0, "median_ft": 0.0, "left_sw_ft": 10.3, "right_sw_ft": 13.8}, "geometry": {"type": "LineString", "coordinates": [[-73.84267369589692, 40.852858877921584], [-73.84275905260196, 40.8527221485417]]}}, {"type": "Feature", "properties": {"segment_id": 1515030, "physicalid": "102110", "street_name": "WILKINSON AVE", "borough": "bronx", "direction": "FT", "total_row_ft": 57.2, "roadbed_ft": 31.0, "median_ft": 0.0, "left_sw_ft": 12.5, "right_sw_ft": 13.6}, "geometry": {"type": "LineString", "coordinates": [[-73.84260491723491, 40.85284089389843], [-73.84269351748158, 40.852698969059894]]}}, {"type": "Feature", "properties": {"segment_id": 1515031, "physicalid": "102110", "street_name": "WILKINSON AVE", "borough": "bronx", "direction": "FT", "total_row_ft": 56.8, "roadbed_ft": 31.3, "median_ft": 0.0, "left_sw_ft": 12.1, "right_sw_ft": 13.5}, "geometry": {"type": "LineString", "coordinates": [[-73.842540060543, 40.85281662748773], [-73.84262798240687, 40.85267578954076]]}}, {"type": "Feature", "properties": {"segment_id": 1515032, "physicalid": "102110", "street_name": "WILKINSON AVE", "borough": "bronx", "direction": "FT", "total_row_ft": 56.3, "roadbed_ft": 31.5, "median_ft": 0.0, "left_sw_ft": 11.6, "right_sw_ft": 13.3}, "geometry": {"type": "LineString", "coordinates": [[-73.84247520394806, 40.85279236096095], [-73.84256244737786, 40.85265260998431]]}}, {"type": "Feature", "properties": {"segment_id": 1515033, "physicalid": "102110", "street_name": "WILKINSON AVE", "borough": "bronx", "direction": "FT", "total_row_ft": 55.9, "roadbed_ft": 31.7, "median_ft": 0.0, "left_sw_ft": 11.1, "right_sw_ft": 13.1}, "geometry": {"type": "LineString", "coordinates": [[-73.8424103474343, 40.85276809434336], [-73.84249691240164, 40.852629430379096]]}}, {"type": "Feature", "properties": {"segment_id": 1515034, "physicalid": "102110", "street_name": "WILKINSON AVE", "borough": "bronx", "direction": "FT", "total_row_ft": 57.3, "roadbed_ft": 31.9, "median_ft": 0.0, "left_sw_ft": 12.5, "right_sw_ft": 12.9}, "geometry": {"type": "LineString", "coordinates": [[-73.84234261227411, 40.852748438902275], [-73.84243137748629, 40.85260625071227]]}}, {"type": "Feature", "properties": {"segment_id": 1539023, "physicalid": "103597", "street_name": "LOOMIS ST", "borough": "bronx", "direction": "TW", "total_row_ft": 150.0, "roadbed_ft": 120.0, "median_ft": 0.0, "left_sw_ft": 15.0, "right_sw_ft": 15.0}, "geometry": {"type": "LineString", "coordinates": [[-73.8446143374939, 40.850598646132426], [-73.84480370253088, 40.85030232723518]]}}, {"type": "Feature", "properties": {"segment_id": 1539024, "physicalid": "103597", "street_name": "LOOMIS ST", "borough": "bronx", "direction": "TW", "total_row_ft": 135.0, "roadbed_ft": 77.3, "median_ft": 0.0, "left_sw_ft": 42.7, "right_sw_ft": 15.0}, "geometry": {"type": "LineString", "coordinates": [[-73.84454929839154, 40.85057468077125], [-73.84473866365005, 40.85027836197949]]}}, {"type": "Feature", "properties": {"segment_id": 1539025, "physicalid": "103597", "street_name": "LOOMIS ST", "borough": "bronx", "direction": "TW", "total_row_ft": 86.1, "roadbed_ft": 30.4, "median_ft": 0.0, "left_sw_ft": 10.6, "right_sw_ft": 45.1}, "geometry": {"type": "LineString", "coordinates": [[-73.84453773443445, 40.85046703795759], [-73.84467362481607, 40.85025439668706]]}}, {"type": "Feature", "properties": {"segment_id": 1539026, "physicalid": "103597", "street_name": "LOOMIS ST", "borough": "bronx", "direction": "TW", "total_row_ft": 56.1, "roadbed_ft": 30.5, "median_ft": 0.0, "left_sw_ft": 10.6, "right_sw_ft": 15.0}, "geometry": {"type": "LineString", "coordinates": [[-73.84447260372542, 40.85044321614261], [-73.84460858602897, 40.850230431357865]]}}, {"type": "Feature", "properties": {"segment_id": 1539027, "physicalid": "103597", "street_name": "LOOMIS ST", "borough": "bronx", "direction": "TW", "total_row_ft": 56.1, "roadbed_ft": 30.6, "median_ft": 0.0, "left_sw_ft": 10.5, "right_sw_ft": 15.0}, "geometry": {"type": "LineString", "coordinates": [[-73.84440747302838, 40.850419394344954], [-73.84454354728872, 40.850206465991896]]}}, {"type": "Feature", "properties": {"segment_id": 1539028, "physicalid": "103597", "street_name": "LOOMIS ST", "borough": "bronx", "direction": "TW", "total_row_ft": 56.1, "roadbed_ft": 30.8, "median_ft": 0.0, "left_sw_ft": 10.3, "right_sw_ft": 15.0}, "geometry": {"type": "LineString", "coordinates": [[-73.84434234237801, 40.85039557251046], [-73.84447850859533, 40.85018250058915]]}}, {"type": "Feature", "properties": {"segment_id": 1539029, "physicalid": "103597", "street_name": "LOOMIS ST", "borough": "bronx", "direction": "TW", "total_row_ft": 56.3, "roadbed_ft": 31.2, "median_ft": 0.0, "left_sw_ft": 10.1, "right_sw_ft": 15.0}, "geometry": {"type": "LineString", "coordinates": [[-73.84427721177428, 40.850371750639106], [-73.84441346994885, 40.85015853514967]]}}, {"type": "Feature", "properties": {"segment_id": 1539030, "physicalid": "103597", "street_name": "LOOMIS ST", "borough": "bronx", "direction": "TW", "total_row_ft": 56.6, "roadbed_ft": 31.6, "median_ft": 0.0, "left_sw_ft": 10.0, "right_sw_ft": 15.0}, "geometry": {"type": "LineString", "coordinates": [[-73.84421208127418, 40.8503479286417], [-73.84434843134918, 40.85013456967337]]}}, {"type": "Feature", "properties": {"segment_id": 1539031, "physicalid": "103597", "street_name": "LOOMIS ST", "borough": "bronx", "direction": "TW", "total_row_ft": 56.8, "roadbed_ft": 32.0, "median_ft": 0.0, "left_sw_ft": 9.8, "right_sw_ft": 15.0}, "geometry": {"type": "LineString", "coordinates": [[-73.84414695082538, 40.85032410660015], [-73.84428339279643, 40.850110604160335]]}}, {"type": "Feature", "properties": {"segment_id": 1539032, "physicalid": "103597", "street_name": "LOOMIS ST", "borough": "bronx", "direction": "TW", "total_row_ft": 57.0, "roadbed_ft": 32.4, "median_ft": 0.0, "left_sw_ft": 9.6, "right_sw_ft": 15.0}, "geometry": {"type": "LineString", "coordinates": [[-73.84408182042324, 40.85030028452172], [-73.84421835429049, 40.850086638610506]]}}, {"type": "Feature", "properties": {"segment_id": 1539033, "physicalid": "103597", "street_name": "LOOMIS ST", "borough": "bronx", "direction": "TW", "total_row_ft": 57.6, "roadbed_ft": 33.2, "median_ft": 0.0, "left_sw_ft": 9.4, "right_sw_ft": 15.0}, "geometry": {"type": "LineString", "coordinates": [[-73.84401669006776, 40.85027646240642], [-73.84415331583143, 40.85006267302393]]}}, {"type": "Feature", "properties": {"segment_id": 1589230, "physicalid": "128794", "street_name": "SEYMOUR AVE", "borough": "bronx", "direction": "TW", "total_row_ft": 55.7, "roadbed_ft": 33.8, "median_ft": 0.0, "left_sw_ft": 10.5, "right_sw_ft": 11.4}, "geometry": {"type": "LineString", "coordinates": [[-73.84657006167204, 40.85820010239152], [-73.84636909131267, 40.85819189534399]]}}, {"type": "Feature", "properties": {"segment_id": 1589231, "physicalid": "128794", "street_name": "SEYMOUR AVE", "borough": "bronx", "direction": "TW", "total_row_ft": 55.8, "roadbed_ft": 33.7, "median_ft": 0.0, "left_sw_ft": 10.4, "right_sw_ft": 11.7}, "geometry": {"type": "LineString", "coordinates": [[-73.84656815345129, 40.858254997813006], [-73.84636673081306, 40.85824677229884]]}}, {"type": "Feature", "properties": {"segment_id": 1589232, "physicalid": "128794", "street_name": "SEYMOUR AVE", "borough": "bronx", "direction": "TW", "total_row_ft": 55.9, "roadbed_ft": 33.6, "median_ft": 0.0, "left_sw_ft": 10.4, "right_sw_ft": 11.9}, "geometry": {"type": "LineString", "coordinates": [[-73.84656624522738, 40.85830989323394], [-73.84636437030957, 40.858301649253136]]}}, {"type": "Feature", "properties": {"segment_id": 1589233, "physicalid": "128794", "street_name": "SEYMOUR AVE", "borough": "bronx", "direction": "TW", "total_row_ft": 56.0, "roadbed_ft": 33.5, "median_ft": 0.0, "left_sw_ft": 10.4, "right_sw_ft": 12.2}, "geometry": {"type": "LineString", "coordinates": [[-73.84656433700032, 40.858364788654306], [-73.84636200980218, 40.85835652620683]]}}, {"type": "Feature", "properties": {"segment_id": 1589234, "physicalid": "128794", "street_name": "SEYMOUR AVE", "borough": "bronx", "direction": "TW", "total_row_ft": 56.2, "roadbed_ft": 33.3, "median_ft": 0.0, "left_sw_ft": 10.4, "right_sw_ft": 12.5}, "geometry": {"type": "LineString", "coordinates": [[-73.84656242877011, 40.85841968407411], [-73.84635964929089, 40.858411403159955]]}}, {"type": "Feature", "properties": {"segment_id": 1589235, "physicalid": "128794", "street_name": "SEYMOUR AVE", "borough": "bronx", "direction": "TW", "total_row_ft": 56.2, "roadbed_ft": 33.7, "median_ft": 0.0, "left_sw_ft": 10.2, "right_sw_ft": 12.2}, "geometry": {"type": "LineString", "coordinates": [[-73.84656003201773, 40.858474559544106], [-73.8463572887757, 40.8584662801125]]}}, {"type": "Feature", "properties": {"segment_id": 1589236, "physicalid": "128794", "street_name": "SEYMOUR AVE", "borough": "bronx", "direction": "TW", "total_row_ft": 55.9, "roadbed_ft": 34.5, "median_ft": 0.0, "left_sw_ft": 9.6, "right_sw_ft": 11.8}, "geometry": {"type": "LineString", "coordinates": [[-73.8465572504945, 40.85852941930113], [-73.84635557591929, 40.85852118351365]]}}, {"type": "Feature", "properties": {"segment_id": 1589237, "physicalid": "128794", "street_name": "SEYMOUR AVE", "borough": "bronx", "direction": "TW", "total_row_ft": 66.2, "roadbed_ft": 48.7, "median_ft": 0.0, "left_sw_ft": 11.0, "right_sw_ft": 6.5}, "geometry": {"type": "LineString", "coordinates": [[-73.84656869888407, 40.858584860151375], [-73.8463297006671, 40.85857510017094]]}}, {"type": "Feature", "properties": {"segment_id": 1589238, "physicalid": "128795", "street_name": "EASTCHESTER RD", "borough": "bronx", "direction": "TW", "total_row_ft": 150.0, "roadbed_ft": 120.0, "median_ft": 0.0, "left_sw_ft": 15.0, "right_sw_ft": 15.0}, "geometry": {"type": "LineString", "coordinates": [[-73.84372913027954, 40.85782113491695], [-73.84331740277527, 40.8577174098066]]}}, {"type": "Feature", "properties": {"segment_id": 1589239, "physicalid": "128796", "street_name": "EASTCHESTER RD", "borough": "bronx", "direction": "TW", "total_row_ft": 80.6, "roadbed_ft": 60.4, "median_ft": 0.0, "left_sw_ft": 10.0, "right_sw_ft": 10.1}, "geometry": {"type": "LineString", "coordinates": [[-73.8436132015751, 40.85792247455604], [-73.84333668938643, 40.85785281404746]]}}, {"type": "Feature", "properties": {"segment_id": 1589240, "physicalid": "128796", "street_name": "EASTCHESTER RD", "borough": "bronx", "direction": "TW", "total_row_ft": 79.8, "roadbed_ft": 60.6, "median_ft": 0.0, "left_sw_ft": 9.7, "right_sw_ft": 9.5}, "geometry": {"type": "LineString", "coordinates": [[-73.84358932170097, 40.857974295556296], [-73.84331543918175, 40.85790529752415]]}}, {"type": "Feature", "properties": {"segment_id": 1589241, "physicalid": "128796", "street_name": "EASTCHESTER RD", "borough": "bronx", "direction": "TW", "total_row_ft": 79.8, "roadbed_ft": 60.7, "median_ft": 0.0, "left_sw_ft": 9.5, "right_sw_ft": 9.6}, "geometry": {"type": "LineString", "coordinates": [[-73.84356538135444, 40.85802610132607], [-73.84329173179928, 40.85795716197517]]}}, {"type": "Feature", "properties": {"segment_id": 1589242, "physicalid": "128796", "street_name": "EASTCHESTER RD", "borough": "bronx", "direction": "TW", "total_row_ft": 79.9, "roadbed_ft": 60.9, "median_ft": 0.0, "left_sw_ft": 9.2, "right_sw_ft": 9.8}, "geometry": {"type": "LineString", "coordinates": [[-73.84354144058258, 40.85807790699264], [-73.84326733350588, 40.858008852370915]]}}, {"type": "Feature", "properties": {"segment_id": 1589243, "physicalid": "128796", "street_name": "EASTCHESTER RD", "borough": "bronx", "direction": "TW", "total_row_ft": 80.0, "roadbed_ft": 61.0, "median_ft": 0.0, "left_sw_ft": 8.9, "right_sw_ft": 10.1}, "geometry": {"type": "LineString", "coordinates": [[-73.84351749964989, 40.858129712622656], [-73.84324293517456, 40.85806054276105]]}}, {"type": "Feature", "properties": {"segment_id": 1589244, "physicalid": "128796", "street_name": "EASTCHESTER RD", "borough": "bronx", "direction": "TW", "total_row_ft": 83.5, "roadbed_ft": 61.2, "median_ft": 0.0, "left_sw_ft": 12.0, "right_sw_ft": 10.3}, "geometry": {"type": "LineString", "coordinates": [[-73.84350518695973, 40.8581844476931], [-73.84321853643387, 40.85811223305196]]}}, {"type": "Feature", "properties": {"segment_id": 1589245, "physicalid": "128796", "street_name": "EASTCHESTER RD", "borough": "bronx", "direction": "TW", "total_row_ft": 90.7, "roadbed_ft": 61.3, "median_ft": 0.0, "left_sw_ft": 18.7, "right_sw_ft": 10.6}, "geometry": {"type": "LineString", "coordinates": [[-73.84350529496866, 40.858242311839604], [-73.84319413790783, 40.858163923400895]]}}, {"type": "Feature", "properties": {"segment_id": 1675300, "physicalid": "169551", "street_name": "UNNAMED ST", "borough": "bronx", "direction": "TW", "total_row_ft": 57.2, "roadbed_ft": 22.8, "median_ft": 0.0, "left_sw_ft": 19.4, "right_sw_ft": 15.0}, "geometry": {"type": "LineString", "coordinates": [[-73.84843964067218, 40.85613569374055], [-73.8487523895127, 40.85605567825038]]}}, {"type": "Feature", "properties": {"segment_id": 1675301, "physicalid": "169551", "street_name": "UNNAMED ST", "borough": "bronx", "direction": "TW", "total_row_ft": 54.5, "roadbed_ft": 22.4, "median_ft": 0.0, "left_sw_ft": 25.8, "right_sw_ft": 6.3}, "geometry": {"type": "LineString", "coordinates": [[-73.84840604006568, 40.85608636360846], [-73.848729303029, 40.85600365814834]]}}, {"type": "Feature", "properties": {"segment_id": 1675302, "physicalid": "169551", "street_name": "UNNAMED ST", "borough": "bronx", "direction": "TW", "total_row_ft": 59.2, "roadbed_ft": 23.3, "median_ft": 0.0, "left_sw_ft": 26.3, "right_sw_ft": 9.6}, "geometry": {"type": "LineString", "coordinates": [[-73.84838803530904, 40.856033043374346], [-73.84864638645487, 40.85596694540845]]}}, {"type": "Feature", "properties": {"segment_id": 1675303, "physicalid": "169551", "street_name": "UNNAMED ST", "borough": "bronx", "direction": "TW", "total_row_ft": 59.1, "roadbed_ft": 25.4, "median_ft": 0.0, "left_sw_ft": 25.6, "right_sw_ft": 8.1}, "geometry": {"type": "LineString", "coordinates": [[-73.84837003060436, 40.85597972313106], [-73.8485899588517, 40.85592345552659]]}}, {"type": "Feature", "properties": {"segment_id": 1675304, "physicalid": "169551", "street_name": "UNNAMED ST", "borough": "bronx", "direction": "TW", "total_row_ft": 60.2, "roadbed_ft": 27.5, "median_ft": 0.0, "left_sw_ft": 24.2, "right_sw_ft": 8.4}, "geometry": {"type": "LineString", "coordinates": [[-73.8483520259683, 40.855926402874296], [-73.84855816582731, 40.85587366297208]]}}, {"type": "Feature", "properties": {"segment_id": 1675305, "physicalid": "169551", "street_name": "UNNAMED ST", "borough": "bronx", "direction": "TW", "total_row_ft": 59.9, "roadbed_ft": 29.2, "median_ft": 0.0, "left_sw_ft": 22.2, "right_sw_ft": 8.5}, "geometry": {"type": "LineString", "coordinates": [[-73.8483340213611, 40.855873082614195], [-73.84854717554437, 40.85581854811537]]}}, {"type": "Feature", "properties": {"segment_id": 1675306, "physicalid": "169551", "street_name": "UNNAMED ST", "borough": "bronx", "direction": "TW", "total_row_ft": 62.9, "roadbed_ft": 30.7, "median_ft": 0.0, "left_sw_ft": 19.5, "right_sw_ft": 12.7}, "geometry": {"type": "LineString", "coordinates": [[-73.84831601678277, 40.855819762350805], [-73.84861387115227, 40.855743557561915]]}}, {"type": "Feature", "properties": {"segment_id": 1675307, "physicalid": "169551", "street_name": "UNNAMED ST", "borough": "bronx", "direction": "TW", "total_row_ft": 54.9, "roadbed_ft": 29.7, "median_ft": 0.0, "left_sw_ft": 16.7, "right_sw_ft": 8.6}, "geometry": {"type": "LineString", "coordinates": [[-73.84829638982364, 40.85576685716828], [-73.84859078488526, 40.855691537429315]]}}, {"type": "Feature", "properties": {"segment_id": 1675308, "physicalid": "169551", "street_name": "UNNAMED ST", "borough": "bronx", "direction": "TW", "total_row_ft": 63.0, "roadbed_ft": 27.3, "median_ft": 0.0, "left_sw_ft": 20.7, "right_sw_ft": 15.0}, "geometry": {"type": "LineString", "coordinates": [[-73.84821277767101, 40.85573032221164], [-73.84856769865438, 40.85563951729168]]}}, {"type": "Feature", "properties": {"segment_id": 1675309, "physicalid": "169551", "street_name": "UNNAMED ST", "borough": "bronx", "direction": "TW", "total_row_ft": 49.2, "roadbed_ft": 25.8, "median_ft": 0.0, "left_sw_ft": 8.5, "right_sw_ft": 15.0}, "geometry": {"type": "LineString", "coordinates": [[-73.84825644329894, 40.855661224015066], [-73.84854461245958, 40.855587497148875]]}}, {"type": "Feature", "properties": {"segment_id": 1675310, "physicalid": "169551", "street_name": "UNNAMED ST", "borough": "bronx", "direction": "TW", "total_row_ft": 48.2, "roadbed_ft": 24.7, "median_ft": 0.0, "left_sw_ft": 8.5, "right_sw_ft": 15.0}, "geometry": {"type": "LineString", "coordinates": [[-73.8482414037582, 40.855641392439644], [-73.84845926899358, 40.85547685611275]]}}, {"type": "Feature", "properties": {"segment_id": 1675311, "physicalid": "169551", "street_name": "UNNAMED ST", "borough": "bronx", "direction": "TW", "total_row_ft": 46.2, "roadbed_ft": 23.9, "median_ft": 0.0, "left_sw_ft": 7.4, "right_sw_ft": 15.0}, "geometry": {"type": "LineString", "coordinates": [[-73.84820407027152, 40.85559216269078], [-73.84840828391653, 40.85543793637912]]}}, {"type": "Feature", "properties": {"segment_id": 1675312, "physicalid": "169551", "street_name": "UNNAMED ST", "borough": "bronx", "direction": "TW", "total_row_ft": 58.5, "roadbed_ft": 23.9, "median_ft": 0.0, "left_sw_ft": 19.6, "right_sw_ft": 15.0}, "geometry": {"type": "LineString", "coordinates": [[-73.84812440627606, 40.85557490169661], [-73.84835729889913, 40.85539901662269]]}}, {"type": "Feature", "properties": {"segment_id": 1675313, "physicalid": "169551", "street_name": "UNNAMED ST", "borough": "bronx", "direction": "TW", "total_row_ft": 57.8, "roadbed_ft": 23.7, "median_ft": 0.0, "left_sw_ft": 19.1, "right_sw_ft": 15.0}, "geometry": {"type": "LineString", "coordinates": [[-73.84802439119926, 40.85557301012341], [-73.8483063139414, 40.855360096843455]]}}, {"type": "Feature", "properties": {"segment_id": 1675314, "physicalid": "169551", "street_name": "UNNAMED ST", "borough": "bronx", "direction": "TW", "total_row_ft": 48.8, "roadbed_ft": 23.1, "median_ft": 0.0, "left_sw_ft": 10.8, "right_sw_ft": 15.0}, "geometry": {"type": "LineString", "coordinates": [[-73.8479477749253, 40.85555344737647], [-73.84825532904337, 40.85532117704143]]}}, {"type": "Feature", "properties": {"segment_id": 1675315, "physicalid": "169551", "street_name": "UNNAMED ST", "borough": "bronx", "direction": "TW", "total_row_ft": 45.8, "roadbed_ft": 23.3, "median_ft": 0.0, "left_sw_ft": 7.5, "right_sw_ft": 15.0}, "geometry": {"type": "LineString", "coordinates": [[-73.84801325769182, 40.8554265693527], [-73.84820434420499, 40.85528225721661]]}}, {"type": "Feature", "properties": {"segment_id": 1675316, "physicalid": "169551", "street_name": "UNNAMED ST", "borough": "bronx", "direction": "TW", "total_row_ft": 46.0, "roadbed_ft": 23.7, "median_ft": 0.0, "left_sw_ft": 7.2, "right_sw_ft": 15.0}, "geometry": {"type": "LineString", "coordinates": [[-73.84795999546948, 40.855389369384184], [-73.84815335942626, 40.85524333736898]]}}, {"type": "Feature", "properties": {"segment_id": 1675317, "physicalid": "169551", "street_name": "UNNAMED ST", "borough": "bronx", "direction": "TW", "total_row_ft": 46.2, "roadbed_ft": 24.0, "median_ft": 0.0, "left_sw_ft": 7.2, "right_sw_ft": 15.0}, "geometry": {"type": "LineString", "coordinates": [[-73.84790669435331, 40.85535219880905], [-73.84810237470721, 40.85520441749856]]}}, {"type": "Feature", "properties": {"segment_id": 1675318, "physicalid": "169551", "street_name": "UNNAMED ST", "borough": "bronx", "direction": "TW", "total_row_ft": 46.4, "roadbed_ft": 24.2, "median_ft": 0.0, "left_sw_ft": 7.2, "right_sw_ft": 15.0}, "geometry": {"type": "LineString", "coordinates": [[-73.84785324524098, 40.85531514002291], [-73.84805139004784, 40.855165497605334]]}}, {"type": "Feature", "properties": {"segment_id": 1675319, "physicalid": "169551", "street_name": "UNNAMED ST", "borough": "bronx", "direction": "TW", "total_row_ft": 37.7, "roadbed_ft": 24.4, "median_ft": 0.0, "left_sw_ft": 7.3, "right_sw_ft": 6.0}, "geometry": {"type": "LineString", "coordinates": [[-73.84779979638904, 40.85527808106015], [-73.84800040544813, 40.85512657768931]]}}, {"type": "Feature", "properties": {"segment_id": 1675320, "physicalid": "169551", "street_name": "UNNAMED ST", "borough": "bronx", "direction": "TW", "total_row_ft": 45.3, "roadbed_ft": 24.6, "median_ft": 0.0, "left_sw_ft": 7.4, "right_sw_ft": 13.4}, "geometry": {"type": "LineString", "coordinates": [[-73.84774634794604, 40.8552410218085], [-73.84794939050437, 40.855087680711996]]}}, {"type": "Feature", "properties": {"segment_id": 1675321, "physicalid": "169551", "street_name": "UNNAMED ST", "borough": "bronx", "direction": "TW", "total_row_ft": 39.1, "roadbed_ft": 24.8, "median_ft": 0.0, "left_sw_ft": 7.5, "right_sw_ft": 6.9}, "geometry": {"type": "LineString", "coordinates": [[-73.84769289918853, 40.855203962814365], [-73.84779322159712, 40.85512819785629]]}}, {"type": "Feature", "properties": {"segment_id": 1675322, "physicalid": "169551", "street_name": "UNNAMED ST", "borough": "bronx", "direction": "TW", "total_row_ft": 39.1, "roadbed_ft": 24.9, "median_ft": 0.0, "left_sw_ft": 7.6, "right_sw_ft": 6.5}, "geometry": {"type": "LineString", "coordinates": [[-73.84763945050182, 40.85516690378673], [-73.84773956138602, 40.855091298624906]]}}, {"type": "Feature", "properties": {"segment_id": 1675323, "physicalid": "169551", "street_name": "UNNAMED ST", "borough": "bronx", "direction": "TW", "total_row_ft": 39.7, "roadbed_ft": 24.8, "median_ft": 0.0, "left_sw_ft": 8.3, "right_sw_ft": 6.7}, "geometry": {"type": "LineString", "coordinates": [[-73.84758694960205, 40.8551291289986], [-73.8476887474193, 40.85505224988673]]}}, {"type": "Feature", "properties": {"segment_id": 1675324, "physicalid": "169551", "street_name": "UNNAMED ST", "borough": "bronx", "direction": "TW", "total_row_ft": 40.5, "roadbed_ft": 24.6, "median_ft": 0.0, "left_sw_ft": 8.9, "right_sw_ft": 7.0}, "geometry": {"type": "LineString", "coordinates": [[-73.84753686733882, 40.85508952764805], [-73.84764066860697, 40.85501113554222]]}}, {"type": "Feature", "properties": {"segment_id": 1675325, "physicalid": "169551", "street_name": "UNNAMED ST", "borough": "bronx", "direction": "TW", "total_row_ft": 41.1, "roadbed_ft": 24.4, "median_ft": 0.0, "left_sw_ft": 9.5, "right_sw_ft": 7.2}, "geometry": {"type": "LineString", "coordinates": [[-73.84748028600619, 40.85504047966152], [-73.84760281005249, 40.85497690115455]]}}, {"type": "Feature", "properties": {"segment_id": 1675326, "physicalid": "169551", "street_name": "UNNAMED ST", "borough": "bronx", "direction": "TW", "total_row_ft": 39.7, "roadbed_ft": 24.1, "median_ft": 0.0, "left_sw_ft": 9.0, "right_sw_ft": 6.6}, "geometry": {"type": "LineString", "coordinates": [[-73.84743782033314, 40.85499602654077], [-73.84755619546206, 40.85493460095996]]}}, {"type": "Feature", "properties": {"segment_id": 1675327, "physicalid": "169551", "street_name": "UNNAMED ST", "borough": "bronx", "direction": "TW", "total_row_ft": 38.7, "roadbed_ft": 23.6, "median_ft": 0.0, "left_sw_ft": 8.5, "right_sw_ft": 6.5}, "geometry": {"type": "LineString", "coordinates": [[-73.8473977270814, 40.8549503423723], [-73.8475131498267, 40.85489044882156]]}}, {"type": "Feature", "properties": {"segment_id": 1675328, "physicalid": "169551", "street_name": "UNNAMED ST", "borough": "bronx", "direction": "TW", "total_row_ft": 44.4, "roadbed_ft": 28.4, "median_ft": 0.0, "left_sw_ft": 9.3, "right_sw_ft": 6.7}, "geometry": {"type": "LineString", "coordinates": [[-73.84733601620471, 40.85490716284966], [-73.84747694284647, 40.85484877333705]]}}, {"type": "Feature", "properties": {"segment_id": 1675329, "physicalid": "169551", "street_name": "UNNAMED ST", "borough": "bronx", "direction": "TW", "total_row_ft": 52.4, "roadbed_ft": 36.1, "median_ft": 0.0, "left_sw_ft": 9.1, "right_sw_ft": 7.2}, "geometry": {"type": "LineString", "coordinates": [[-73.84727426946309, 40.854870211063364], [-73.84744044363359, 40.85480136090145]]}}, {"type": "Feature", "properties": {"segment_id": 1675330, "physicalid": "169551", "street_name": "UNNAMED ST", "borough": "bronx", "direction": "TW", "total_row_ft": 62.0, "roadbed_ft": 45.5, "median_ft": 0.0, "left_sw_ft": 8.5, "right_sw_ft": 8.1}, "geometry": {"type": "LineString", "coordinates": [[-73.84721080819949, 40.85483396841207], [-73.84740760296191, 40.854752433148285]]}}, {"type": "Feature", "properties": {"segment_id": 1675331, "physicalid": "169551", "street_name": "UNNAMED ST", "borough": "bronx", "direction": "TW", "total_row_ft": 77.7, "roadbed_ft": 58.2, "median_ft": 0.0, "left_sw_ft": 10.2, "right_sw_ft": 9.2}, "geometry": {"type": "LineString", "coordinates": [[-73.84712248356759, 40.85478974145558], [-73.84738116151294, 40.85470699413741]]}}, {"type": "Feature", "properties": {"segment_id": 1675332, "physicalid": "169551", "street_name": "UNNAMED ST", "borough": "bronx", "direction": "TW", "total_row_ft": 80.7, "roadbed_ft": 46.3, "median_ft": 21.0, "left_sw_ft": 2.4, "right_sw_ft": 11.0}, "geometry": {"type": "LineString", "coordinates": [[-73.84708857045372, 40.85474102298575], [-73.84735742282666, 40.85465502102919]]}}, {"type": "Feature", "properties": {"segment_id": 1675333, "physicalid": "169551", "street_name": "UNNAMED ST", "borough": "bronx", "direction": "TW", "total_row_ft": 82.1, "roadbed_ft": 50.9, "median_ft": 15.9, "left_sw_ft": 2.7, "right_sw_ft": 12.6}, "geometry": {"type": "LineString", "coordinates": [[-73.84706050145, 40.85469043508542], [-73.84733390837812, 40.85460297619673]]}}, {"type": "Feature", "properties": {"segment_id": 1675334, "physicalid": "169551", "street_name": "UNNAMED ST", "borough": "bronx", "direction": "TW", "total_row_ft": 82.8, "roadbed_ft": 43.6, "median_ft": 13.9, "left_sw_ft": 12.4, "right_sw_ft": 12.8}, "geometry": {"type": "LineString", "coordinates": [[-73.84702569245454, 40.85462400720041], [-73.84731184227005, 40.854557351877894]]}}, {"type": "Feature", "properties": {"segment_id": 1675335, "physicalid": "169551", "street_name": "UNNAMED ST", "borough": "bronx", "direction": "TW", "total_row_ft": 82.5, "roadbed_ft": 43.4, "median_ft": 7.3, "left_sw_ft": 18.8, "right_sw_ft": 13.1}, "geometry": {"type": "LineString", "coordinates": [[-73.8470044884158, 40.85457152724138], [-73.84728974304369, 40.854505080448284]]}}, {"type": "Feature", "properties": {"segment_id": 1675336, "physicalid": "169551", "street_name": "UNNAMED ST", "borough": "bronx", "direction": "TW", "total_row_ft": 75.5, "roadbed_ft": 43.7, "median_ft": 0.0, "left_sw_ft": 17.5, "right_sw_ft": 14.2}, "geometry": {"type": "LineString", "coordinates": [[-73.84698328441057, 40.85451904727806], [-73.84727313430946, 40.85445153006675]]}}, {"type": "Feature", "properties": {"segment_id": 1675337, "physicalid": "169551", "street_name": "UNNAMED ST", "borough": "bronx", "direction": "TW", "total_row_ft": 71.3, "roadbed_ft": 34.1, "median_ft": 0.0, "left_sw_ft": 21.7, "right_sw_ft": 15.5}, "geometry": {"type": "LineString", "coordinates": [[-73.84697126373985, 40.85444825317873], [-73.84726173136008, 40.854404258857045]]}}, {"type": "Feature", "properties": {"segment_id": 1675338, "physicalid": "169551", "street_name": "UNNAMED ST", "borough": "bronx", "direction": "TW", "total_row_ft": 66.4, "roadbed_ft": 26.4, "median_ft": 0.0, "left_sw_ft": 22.6, "right_sw_ft": 17.3}, "geometry": {"type": "LineString", "coordinates": [[-73.84697197074739, 40.85439217092961], [-73.8472522272498, 40.85434972264608]]}}, {"type": "Feature", "properties": {"segment_id": 1675339, "physicalid": "169551", "street_name": "UNNAMED ST", "borough": "bronx", "direction": "TW", "total_row_ft": 63.1, "roadbed_ft": 23.0, "median_ft": 0.0, "left_sw_ft": 20.6, "right_sw_ft": 19.5}, "geometry": {"type": "LineString", "coordinates": [[-73.84697267775836, 40.85433608831267], [-73.8472466239169, 40.854294595779066]]}}, {"type": "Feature", "properties": {"segment_id": 1675340, "physicalid": "169551", "street_name": "UNNAMED ST", "borough": "bronx", "direction": "TW", "total_row_ft": 64.3, "roadbed_ft": 22.8, "median_ft": 0.0, "left_sw_ft": 20.2, "right_sw_ft": 21.3}, "geometry": {"type": "LineString", "coordinates": [[-73.84697353636275, 40.85426798064236], [-73.84724399742599, 40.854248017280405]]}}, {"type": "Feature", "properties": {"segment_id": 1675341, "physicalid": "169551", "street_name": "UNNAMED ST", "borough": "bronx", "direction": "TW", "total_row_ft": 66.3, "roadbed_ft": 22.8, "median_ft": 0.0, "left_sw_ft": 20.4, "right_sw_ft": 23.2}, "geometry": {"type": "LineString", "coordinates": [[-73.8469742322969, 40.85421277647181], [-73.84724207428758, 40.85419300641458]]}}, {"type": "Feature", "properties": {"segment_id": 1675342, "physicalid": "169551", "street_name": "UNNAMED ST", "borough": "bronx", "direction": "TW", "total_row_ft": 95.3, "roadbed_ft": 29.9, "median_ft": 0.0, "left_sw_ft": 40.8, "right_sw_ft": 24.6}, "geometry": {"type": "LineString", "coordinates": [[-73.84689863546943, 40.854163203540864], [-73.84724135704522, 40.85413790653687]]}}, {"type": "Feature", "properties": {"segment_id": 1675343, "physicalid": "169551", "street_name": "UNNAMED ST", "borough": "bronx", "direction": "TW", "total_row_ft": 111.9, "roadbed_ft": 71.4, "median_ft": 0.0, "left_sw_ft": 15.0, "right_sw_ft": 25.5}, "geometry": {"type": "LineString", "coordinates": [[-73.84689153129726, 40.85409490871702], [-73.84724174940408, 40.85409117351576]]}}, {"type": "Feature", "properties": {"segment_id": 1675344, "physicalid": "169551", "street_name": "UNNAMED ST", "borough": "bronx", "direction": "TW", "total_row_ft": 64.8, "roadbed_ft": 29.9, "median_ft": 0.0, "left_sw_ft": 8.7, "right_sw_ft": 26.2}, "geometry": {"type": "LineString", "coordinates": [[-73.84700912603772, 40.85403875518762], [-73.84724343099576, 40.85403625611824]]}}, {"type": "Feature", "properties": {"segment_id": 1675345, "physicalid": "169551", "street_name": "UNNAMED ST", "borough": "bronx", "direction": "TW", "total_row_ft": 64.7, "roadbed_ft": 30.7, "median_ft": 0.0, "left_sw_ft": 8.0, "right_sw_ft": 26.1}, "geometry": {"type": "LineString", "coordinates": [[-73.84701251391539, 40.85398381959764], [-73.84724640221904, 40.85398132496373]]}}, {"type": "Feature", "properties": {"segment_id": 1678813, "physicalid": "170457", "street_name": "SACKET AVE", "borough": "bronx", "direction": "TF", "total_row_ft": 153.5, "roadbed_ft": 120.0, "median_ft": 3.5, "left_sw_ft": 15.0, "right_sw_ft": 15.0}, "geometry": {"type": "LineString", "coordinates": [[-73.84519201341489, 40.850115454978855], [-73.84480867787293, 40.849961338129326]]}}, {"type": "Feature", "properties": {"segment_id": 1678814, "physicalid": "170457", "street_name": "SACKET AVE", "borough": "bronx", "direction": "TF", "total_row_ft": 119.6, "roadbed_ft": 90.3, "median_ft": 0.0, "left_sw_ft": 15.0, "right_sw_ft": 14.2}, "geometry": {"type": "LineString", "coordinates": [[-73.84510885152642, 40.85014413411483], [-73.84477485086259, 40.850009851802554]]}}, {"type": "Feature", "properties": {"segment_id": 1678815, "physicalid": "170457", "street_name": "SACKET AVE", "borough": "bronx", "direction": "TF", "total_row_ft": 121.1, "roadbed_ft": 92.1, "median_ft": 0.0, "left_sw_ft": 15.0, "right_sw_ft": 14.0}, "geometry": {"type": "LineString", "coordinates": [[-73.84507989530708, 40.85019460607592], [-73.84474102380295, 40.850058365465415]]}}, {"type": "Feature", "properties": {"segment_id": 1691360, "physicalid": "173066", "street_name": "SEYMOUR AVE", "borough": "bronx", "direction": "TW", "total_row_ft": 150.0, "roadbed_ft": 120.0, "median_ft": 0.0, "left_sw_ft": 15.0, "right_sw_ft": 15.0}, "geometry": {"type": "LineString", "coordinates": [[-73.84671464813275, 40.8580873700736], [-73.84628147140018, 40.858069680398216]]}}, {"type": "Feature", "properties": {"segment_id": 1734407, "physicalid": "185661", "street_name": "UNNAMED ST", "borough": "bronx", "direction": "TW", "total_row_ft": 150.0, "roadbed_ft": 120.0, "median_ft": 0.0, "left_sw_ft": 15.0, "right_sw_ft": 15.0}, "geometry": {"type": "LineString", "coordinates": [[-73.84832139708857, 40.85742394851126], [-73.84875514447036, 40.85742901002012]]}}, {"type": "Feature", "properties": {"segment_id": 1734408, "physicalid": "185661", "street_name": "UNNAMED ST", "borough": "bronx", "direction": "TW", "total_row_ft": 69.0, "roadbed_ft": 32.7, "median_ft": 0.0, "left_sw_ft": 21.3, "right_sw_ft": 15.0}, "geometry": {"type": "LineString", "coordinates": [[-73.84841530260647, 40.85737014396145], [-73.84875625535864, 40.85737412248896]]}}, {"type": "Feature", "properties": {"segment_id": 1734409, "physicalid": "185661", "street_name": "UNNAMED ST", "borough": "bronx", "direction": "TW", "total_row_ft": 69.8, "roadbed_ft": 33.8, "median_ft": 0.0, "left_sw_ft": 21.0, "right_sw_ft": 15.0}, "geometry": {"type": "LineString", "coordinates": [[-73.84841710046983, 40.857315264446946], [-73.84875736624507, 40.85731923495725]]}}, {"type": "Feature", "properties": {"segment_id": 1734410, "physicalid": "185661", "street_name": "UNNAMED ST", "borough": "bronx", "direction": "TW", "total_row_ft": 70.5, "roadbed_ft": 34.9, "median_ft": 0.0, "left_sw_ft": 20.6, "right_sw_ft": 15.0}, "geometry": {"type": "LineString", "coordinates": [[-73.84841889833022, 40.85726038493189], [-73.84875847712968, 40.857264347425016]]}}, {"type": "Feature", "properties": {"segment_id": 1734411, "physicalid": "185661", "street_name": "UNNAMED ST", "borough": "bronx", "direction": "TW", "total_row_ft": 70.6, "roadbed_ft": 35.0, "median_ft": 0.0, "left_sw_ft": 20.6, "right_sw_ft": 15.0}, "geometry": {"type": "LineString", "coordinates": [[-73.84842069618766, 40.85720550541629], [-73.84875958801244, 40.85720945989221]]}}, {"type": "Feature", "properties": {"segment_id": 1734412, "physicalid": "185661", "street_name": "UNNAMED ST", "borough": "bronx", "direction": "TW", "total_row_ft": 83.5, "roadbed_ft": 35.1, "median_ft": 0.0, "left_sw_ft": 20.7, "right_sw_ft": 27.7}, "geometry": {"type": "LineString", "coordinates": [[-73.84842244399773, 40.857150625316066], [-73.84875227204789, 40.857154474039405]]}}, {"type": "Feature", "properties": {"segment_id": 1734413, "physicalid": "185661", "street_name": "UNNAMED ST", "borough": "bronx", "direction": "TW", "total_row_ft": 91.2, "roadbed_ft": 34.2, "median_ft": 0.0, "left_sw_ft": 20.8, "right_sw_ft": 36.2}, "geometry": {"type": "LineString", "coordinates": [[-73.84842405859474, 40.85709574366071], [-73.8487538517701, 40.85709959197574]]}}, {"type": "Feature", "properties": {"segment_id": 1734414, "physicalid": "185661", "street_name": "UNNAMED ST", "borough": "bronx", "direction": "TW", "total_row_ft": 91.2, "roadbed_ft": 31.8, "median_ft": 0.0, "left_sw_ft": 21.0, "right_sw_ft": 38.4}, "geometry": {"type": "LineString", "coordinates": [[-73.84842567318911, 40.85704086200478], [-73.84875520360717, 40.85704470725271]]}}, {"type": "Feature", "properties": {"segment_id": 1734415, "physicalid": "185661", "street_name": "UNNAMED ST", "borough": "bronx", "direction": "TW", "total_row_ft": 91.0, "roadbed_ft": 29.4, "median_ft": 0.0, "left_sw_ft": 21.2, "right_sw_ft": 40.5}, "geometry": {"type": "LineString", "coordinates": [[-73.84842709738798, 40.85698597812637], [-73.8487560271215, 40.856989816364965]]}}, {"type": "Feature", "properties": {"segment_id": 1734416, "physicalid": "185661", "street_name": "UNNAMED ST", "borough": "bronx", "direction": "TW", "total_row_ft": 91.5, "roadbed_ft": 30.8, "median_ft": 0.0, "left_sw_ft": 18.4, "right_sw_ft": 42.3}, "geometry": {"type": "LineString", "coordinates": [[-73.84842604572512, 40.85693106535338], [-73.84875685063447, 40.85693492547672]]}}, {"type": "Feature", "properties": {"segment_id": 1734417, "physicalid": "185661", "street_name": "UNNAMED ST", "borough": "bronx", "direction": "TW", "total_row_ft": 125.9, "roadbed_ft": 67.1, "median_ft": 0.0, "left_sw_ft": 15.0, "right_sw_ft": 43.7}, "geometry": {"type": "LineString", "coordinates": [[-73.84833250946747, 40.856875073216536], [-73.84875767423397, 40.85688003458895]]}}, {"type": "Feature", "properties": {"segment_id": 1734418, "physicalid": "185661", "street_name": "UNNAMED ST", "borough": "bronx", "direction": "TW", "total_row_ft": 132.5, "roadbed_ft": 72.6, "median_ft": 0.0, "left_sw_ft": 15.0, "right_sw_ft": 45.0}, "geometry": {"type": "LineString", "coordinates": [[-73.84833362069284, 40.85682018576397], [-73.84875849817733, 40.856825143628015]]}}, {"type": "Feature", "properties": {"segment_id": 1734419, "physicalid": "185661", "street_name": "UNNAMED ST", "borough": "bronx", "direction": "TW", "total_row_ft": 132.6, "roadbed_ft": 60.8, "median_ft": 11.0, "left_sw_ft": 15.0, "right_sw_ft": 45.8}, "geometry": {"type": "LineString", "coordinates": [[-73.84833473188372, 40.85676529823058], [-73.8487596512472, 40.85677025658327]]}}, {"type": "Feature", "properties": {"segment_id": 1734420, "physicalid": "185661", "street_name": "UNNAMED ST", "borough": "bronx", "direction": "TW", "total_row_ft": 106.6, "roadbed_ft": 30.1, "median_ft": 15.0, "left_sw_ft": 15.0, "right_sw_ft": 46.6}, "geometry": {"type": "LineString", "coordinates": [[-73.84842990890289, 40.856711508478824], [-73.84876122462809, 40.856715374441805]]}}, {"type": "Feature", "properties": {"segment_id": 1734421, "physicalid": "185661", "street_name": "UNNAMED ST", "borough": "bronx", "direction": "TW", "total_row_ft": 112.0, "roadbed_ft": 24.4, "median_ft": 20.4, "left_sw_ft": 20.4, "right_sw_ft": 46.9}, "geometry": {"type": "LineString", "coordinates": [[-73.8484314533802, 40.85665662600083], [-73.84876279738245, 40.85666049229251]]}}, {"type": "Feature", "properties": {"segment_id": 1734422, "physicalid": "185661", "street_name": "UNNAMED ST", "borough": "bronx", "direction": "TW", "total_row_ft": 112.0, "roadbed_ft": 24.4, "median_ft": 20.3, "left_sw_ft": 20.3, "right_sw_ft": 47.0}, "geometry": {"type": "LineString", "coordinates": [[-73.84843299785497, 40.85660174352232], [-73.84876437009848, 40.85660561014218]]}}, {"type": "Feature", "properties": {"segment_id": 1734423, "physicalid": "185661", "street_name": "UNNAMED ST", "borough": "bronx", "direction": "TW", "total_row_ft": 107.0, "roadbed_ft": 29.9, "median_ft": 15.2, "left_sw_ft": 15.2, "right_sw_ft": 46.6}, "geometry": {"type": "LineString", "coordinates": [[-73.84843420489878, 40.85654685710539], [-73.84876594358975, 40.85655072800051]]}}, {"type": "Feature", "properties": {"segment_id": 1734424, "physicalid": "185661", "street_name": "UNNAMED ST", "borough": "bronx", "direction": "TW", "total_row_ft": 93.8, "roadbed_ft": 43.6, "median_ft": 2.1, "left_sw_ft": 2.1, "right_sw_ft": 46.0}, "geometry": {"type": "LineString", "coordinates": [[-73.84843536169996, 40.85649197010169], [-73.84876700152496, 40.85649583984322]]}}, {"type": "Feature", "properties": {"segment_id": 1734425, "physicalid": "185661", "street_name": "UNNAMED ST", "borough": "bronx", "direction": "TW", "total_row_ft": 132.9, "roadbed_ft": 73.2, "median_ft": 0.0, "left_sw_ft": 15.0, "right_sw_ft": 44.7}, "geometry": {"type": "LineString", "coordinates": [[-73.84834139899051, 40.85643597301885], [-73.8487674844907, 40.8564409449772]]}}, {"type": "Feature", "properties": {"segment_id": 1734426, "physicalid": "185661", "street_name": "UNNAMED ST", "borough": "bronx", "direction": "TW", "total_row_ft": 115.8, "roadbed_ft": 57.5, "median_ft": 0.0, "left_sw_ft": 15.0, "right_sw_ft": 43.3}, "geometry": {"type": "LineString", "coordinates": [[-73.84834251022859, 40.856381085291964], [-73.8487679673296, 40.85638605029228]]}}, {"type": "Feature", "properties": {"segment_id": 1734427, "physicalid": "185661", "street_name": "UNNAMED ST", "borough": "bronx", "direction": "TW", "total_row_ft": 93.1, "roadbed_ft": 31.6, "median_ft": 0.0, "left_sw_ft": 19.3, "right_sw_ft": 42.2}, "geometry": {"type": "LineString", "coordinates": [[-73.84843208519614, 40.85632723023848], [-73.84876844979084, 40.85633115541879]]}}, {"type": "Feature", "properties": {"segment_id": 1734428, "physicalid": "185661", "street_name": "UNNAMED ST", "borough": "bronx", "direction": "TW", "total_row_ft": 92.9, "roadbed_ft": 26.6, "median_ft": 0.0, "left_sw_ft": 24.2, "right_sw_ft": 42.1}, "geometry": {"type": "LineString", "coordinates": [[-73.84843369692582, 40.856272348542156], [-73.84876946494416, 40.85627626676019]]}}, {"type": "Feature", "properties": {"segment_id": 1734429, "physicalid": "185661", "street_name": "UNNAMED ST", "borough": "bronx", "direction": "TW", "total_row_ft": 90.9, "roadbed_ft": 25.8, "median_ft": 0.0, "left_sw_ft": 23.6, "right_sw_ft": 41.6}, "geometry": {"type": "LineString", "coordinates": [[-73.84843530846857, 40.85621746684309], [-73.84877094841633, 40.85622138356545]]}}, {"type": "Feature", "properties": {"segment_id": 1752500, "physicalid": "190213", "street_name": "EASTCHESTER RD", "borough": "bronx", "direction": "TW", "total_row_ft": 126.4, "roadbed_ft": 93.2, "median_ft": 0.0, "left_sw_ft": 18.2, "right_sw_ft": 15.0}, "geometry": {"type": "LineString", "coordinates": [[-73.84412199407687, 40.85621217579856], [-73.84372213365201, 40.856176913626975]]}}, {"type": "Feature", "properties": {"segment_id": 1752501, "physicalid": "190213", "street_name": "EASTCHESTER RD", "borough": "bronx", "direction": "TW", "total_row_ft": 91.8, "roadbed_ft": 60.8, "median_ft": 0.0, "left_sw_ft": 18.4, "right_sw_ft": 12.5}, "geometry": {"type": "LineString", "coordinates": [[-73.84411980736542, 40.856267245989955], [-73.84379024435317, 40.85623818320125]]}}, {"type": "Feature", "properties": {"segment_id": 1752502, "physicalid": "190213", "street_name": "EASTCHESTER RD", "borough": "bronx", "direction": "TW", "total_row_ft": 91.9, "roadbed_ft": 60.5, "median_ft": 0.0, "left_sw_ft": 18.6, "right_sw_ft": 12.8}, "geometry": {"type": "LineString", "coordinates": [[-73.84411762065034, 40.85632231618081], [-73.84378746039205, 40.85629320074062]]}}, {"type": "Feature", "properties": {"segment_id": 1752503, "physicalid": "190213", "street_name": "EASTCHESTER RD", "borough": "bronx", "direction": "TW", "total_row_ft": 92.1, "roadbed_ft": 60.4, "median_ft": 0.0, "left_sw_ft": 19.0, "right_sw_ft": 12.8}, "geometry": {"type": "LineString", "coordinates": [[-73.84411543428374, 40.856377386402094], [-73.84378467642631, 40.856348218279365]]}}, {"type": "Feature", "properties": {"segment_id": 1752504, "physicalid": "190213", "street_name": "EASTCHESTER RD", "borough": "bronx", "direction": "TW", "total_row_ft": 84.1, "roadbed_ft": 59.9, "median_ft": 0.0, "left_sw_ft": 11.6, "right_sw_ft": 12.6}, "geometry": {"type": "LineString", "coordinates": [[-73.84408388210872, 40.85642986701896], [-73.84378189245598, 40.85640323581752]]}}, {"type": "Feature", "properties": {"segment_id": 1752505, "physicalid": "190213", "street_name": "EASTCHESTER RD", "borough": "bronx", "direction": "TW", "total_row_ft": 83.0, "roadbed_ft": 59.7, "median_ft": 0.0, "left_sw_ft": 11.4, "right_sw_ft": 11.9}, "geometry": {"type": "LineString", "coordinates": [[-73.84407727564033, 40.8564845474572], [-73.84377910858476, 40.85645825336421]]}}, {"type": "Feature", "properties": {"segment_id": 1752506, "physicalid": "190213", "street_name": "EASTCHESTER RD", "borough": "bronx", "direction": "TW", "total_row_ft": 81.8, "roadbed_ft": 59.6, "median_ft": 0.0, "left_sw_ft": 11.0, "right_sw_ft": 11.1}, "geometry": {"type": "LineString", "coordinates": [[-73.84406993792373, 40.856539163346895], [-73.84377632489826, 40.856513270966]]}}, {"type": "Feature", "properties": {"segment_id": 1752507, "physicalid": "190213", "street_name": "EASTCHESTER RD", "borough": "bronx", "direction": "TW", "total_row_ft": 80.8, "roadbed_ft": 59.8, "median_ft": 0.0, "left_sw_ft": 10.7, "right_sw_ft": 10.3}, "geometry": {"type": "LineString", "coordinates": [[-73.84406219916954, 40.8565937439351], [-73.84377216588615, 40.85656816724128]]}}, {"type": "Feature", "properties": {"segment_id": 1752508, "physicalid": "190213", "street_name": "EASTCHESTER RD", "borough": "bronx", "direction": "TW", "total_row_ft": 80.7, "roadbed_ft": 59.7, "median_ft": 0.0, "left_sw_ft": 10.8, "right_sw_ft": 10.1}, "geometry": {"type": "LineString", "coordinates": [[-73.8440540593951, 40.85664828915974], [-73.843764443909, 40.856622749310574]]}}, {"type": "Feature", "properties": {"segment_id": 1752509, "physicalid": "190213", "street_name": "EASTCHESTER RD", "borough": "bronx", "direction": "TW", "total_row_ft": 81.1, "roadbed_ft": 59.7, "median_ft": 0.0, "left_sw_ft": 10.7, "right_sw_ft": 10.7}, "geometry": {"type": "LineString", "coordinates": [[-73.84404522202371, 40.85670277286756], [-73.84375394377068, 40.85667708638314]]}}, {"type": "Feature", "properties": {"segment_id": 1752510, "physicalid": "190213", "street_name": "EASTCHESTER RD", "borough": "bronx", "direction": "TW", "total_row_ft": 81.6, "roadbed_ft": 60.3, "median_ft": 0.0, "left_sw_ft": 10.3, "right_sw_ft": 11.1}, "geometry": {"type": "LineString", "coordinates": [[-73.8440350261272, 40.8567571367751], [-73.84374188872715, 40.85673128633381]]}}, {"type": "Feature", "properties": {"segment_id": 1752511, "physicalid": "190213", "street_name": "EASTCHESTER RD", "borough": "bronx", "direction": "TW", "total_row_ft": 81.8, "roadbed_ft": 60.2, "median_ft": 0.0, "left_sw_ft": 10.1, "right_sw_ft": 11.5}, "geometry": {"type": "LineString", "coordinates": [[-73.8440234893284, 40.85681138243637], [-73.843729833693, 40.856785486285276]]}}, {"type": "Feature", "properties": {"segment_id": 1752512, "physicalid": "190213", "street_name": "EASTCHESTER RD", "borough": "bronx", "direction": "TW", "total_row_ft": 81.7, "roadbed_ft": 60.7, "median_ft": 0.0, "left_sw_ft": 9.7, "right_sw_ft": 11.4}, "geometry": {"type": "LineString", "coordinates": [[-73.84401120959413, 40.85686556258257], [-73.84371777866403, 40.856839686237095]]}}, {"type": "Feature", "properties": {"segment_id": 1752513, "physicalid": "190213", "street_name": "EASTCHESTER RD", "borough": "bronx", "direction": "TW", "total_row_ft": 81.5, "roadbed_ft": 61.3, "median_ft": 0.0, "left_sw_ft": 9.1, "right_sw_ft": 11.1}, "geometry": {"type": "LineString", "coordinates": [[-73.84399822975688, 40.85691968099063], [-73.84370572361539, 40.85689388618718]]}}, {"type": "Feature", "properties": {"segment_id": 1752514, "physicalid": "190213", "street_name": "EASTCHESTER RD", "borough": "bronx", "direction": "TW", "total_row_ft": 81.0, "roadbed_ft": 61.6, "median_ft": 0.0, "left_sw_ft": 9.0, "right_sw_ft": 10.5}, "geometry": {"type": "LineString", "coordinates": [[-73.84398457538421, 40.85697373991516], [-73.84369366862606, 40.85694808614245]]}}, {"type": "Feature", "properties": {"segment_id": 1752515, "physicalid": "190213", "street_name": "EASTCHESTER RD", "borough": "bronx", "direction": "TW", "total_row_ft": 80.4, "roadbed_ft": 62.2, "median_ft": 0.0, "left_sw_ft": 8.6, "right_sw_ft": 9.6}, "geometry": {"type": "LineString", "coordinates": [[-73.84397024548983, 40.85702773926915], [-73.84368161395871, 40.85700228612604]]}}, {"type": "Feature", "properties": {"segment_id": 1752516, "physicalid": "190213", "street_name": "EASTCHESTER RD", "borough": "bronx", "direction": "TW", "total_row_ft": 102.2, "roadbed_ft": 64.0, "median_ft": 0.0, "left_sw_ft": 8.2, "right_sw_ft": 30.0}, "geometry": {"type": "LineString", "coordinates": [[-73.84395547777741, 40.85708170001416], [-73.84358867196023, 40.857049352876565]]}}, {"type": "Feature", "properties": {"segment_id": 1768908, "physicalid": "191421", "street_name": "RHINELANDER AVE", "borough": "bronx", "direction": "TW", "total_row_ft": 150.0, "roadbed_ft": 120.0, "median_ft": 0.0, "left_sw_ft": 15.0, "right_sw_ft": 15.0}, "geometry": {"type": "LineString", "coordinates": [[-73.84384880021143, 40.85630866792301], [-73.84393246073678, 40.85598548713149]]}}, {"type": "Feature", "properties": {"segment_id": 1768909, "physicalid": "191421", "street_name": "RHINELANDER AVE", "borough": "bronx", "direction": "TW", "total_row_ft": 68.1, "roadbed_ft": 44.5, "median_ft": 0.0, "left_sw_ft": 22.5, "right_sw_ft": 1.0}, "geometry": {"type": "LineString", "coordinates": [[-73.84378948623947, 40.85625316529823], [-73.84383696418722, 40.85606975877928]]}}, {"type": "Feature", "properties": {"segment_id": 1768910, "physicalid": "191421", "street_name": "RHINELANDER AVE", "borough": "bronx", "direction": "TW", "total_row_ft": 56.8, "roadbed_ft": 34.3, "median_ft": 0.0, "left_sw_ft": 13.4, "right_sw_ft": 9.1}, "geometry": {"type": "LineString", "coordinates": [[-73.84372506140711, 40.856217406077334], [-73.8437646814139, 40.856064355236256]]}}, {"type": "Feature", "properties": {"segment_id": 1768911, "physicalid": "191421", "street_name": "RHINELANDER AVE", "borough": "bronx", "direction": "TW", "total_row_ft": 55.8, "roadbed_ft": 34.3, "median_ft": 0.0, "left_sw_ft": 12.7, "right_sw_ft": 8.9}, "geometry": {"type": "LineString", "coordinates": [[-73.84365469907917, 40.85620458330788], [-73.84369361004151, 40.85605427209816]]}}, {"type": "Feature", "properties": {"segment_id": 1768912, "physicalid": "191421", "street_name": "RHINELANDER AVE", "borough": "bronx", "direction": "TW", "total_row_ft": 54.8, "roadbed_ft": 34.2, "median_ft": 0.0, "left_sw_ft": 11.9, "right_sw_ft": 8.7}, "geometry": {"type": "LineString", "coordinates": [[-73.84358437491359, 40.85619161318178], [-73.8436225540475, 40.85604412959377]]}}, {"type": "Feature", "properties": {"segment_id": 1768913, "physicalid": "191421", "street_name": "RHINELANDER AVE", "borough": "bronx", "direction": "TW", "total_row_ft": 54.2, "roadbed_ft": 34.3, "median_ft": 0.0, "left_sw_ft": 11.2, "right_sw_ft": 8.6}, "geometry": {"type": "LineString", "coordinates": [[-73.84351384473393, 40.85617943893307], [-73.84355161250107, 40.85603354502627]]}}, {"type": "Feature", "properties": {"segment_id": 1768914, "physicalid": "191421", "street_name": "RHINELANDER AVE", "borough": "bronx", "direction": "TW", "total_row_ft": 53.6, "roadbed_ft": 34.4, "median_ft": 0.0, "left_sw_ft": 10.6, "right_sw_ft": 8.6}, "geometry": {"type": "LineString", "coordinates": [[-73.84344331458036, 40.85616726464025], [-73.84348067097723, 40.856022960415146]]}}, {"type": "Feature", "properties": {"segment_id": 1768915, "physicalid": "191421", "street_name": "RHINELANDER AVE", "borough": "bronx", "direction": "TW", "total_row_ft": 53.0, "roadbed_ft": 34.5, "median_ft": 0.0, "left_sw_ft": 10.0, "right_sw_ft": 8.6}, "geometry": {"type": "LineString", "coordinates": [[-73.84337278448659, 40.85615509017301], [-73.84340972947597, 40.85601237576036]]}}, {"type": "Feature", "properties": {"segment_id": 1768916, "physicalid": "191421", "street_name": "RHINELANDER AVE", "borough": "bronx", "direction": "TW", "total_row_ft": 52.4, "roadbed_ft": 34.5, "median_ft": 0.0, "left_sw_ft": 9.4, "right_sw_ft": 8.5}, "geometry": {"type": "LineString", "coordinates": [[-73.84330225427371, 40.856142915637584], [-73.84333878815947, 40.85600179087545]]}}, {"type": "Feature", "properties": {"segment_id": 1768917, "physicalid": "191421", "street_name": "RHINELANDER AVE", "borough": "bronx", "direction": "TW", "total_row_ft": 51.8, "roadbed_ft": 34.4, "median_ft": 0.0, "left_sw_ft": 8.9, "right_sw_ft": 8.5}, "geometry": {"type": "LineString", "coordinates": [[-73.84323172423444, 40.85613074108454], [-73.84326784676144, 40.85599120590905]]}}, {"type": "Feature", "properties": {"segment_id": 1768918, "physicalid": "191421", "street_name": "RHINELANDER AVE", "borough": "bronx", "direction": "TW", "total_row_ft": 51.2, "roadbed_ft": 34.4, "median_ft": 0.0, "left_sw_ft": 8.4, "right_sw_ft": 8.4}, "geometry": {"type": "LineString", "coordinates": [[-73.84316119422098, 40.85611856648834], [-73.84319690538598, 40.85598062089898]]}}, {"type": "Feature", "properties": {"segment_id": 1768919, "physicalid": "191421", "street_name": "RHINELANDER AVE", "borough": "bronx", "direction": "TW", "total_row_ft": 51.1, "roadbed_ft": 34.4, "median_ft": 0.0, "left_sw_ft": 8.3, "right_sw_ft": 8.4}, "geometry": {"type": "LineString", "coordinates": [[-73.84309035657647, 40.85610758026297], [-73.8431259640331, 40.855970035845274]]}}, {"type": "Feature", "properties": {"segment_id": 1768920, "physicalid": "191421", "street_name": "RHINELANDER AVE", "borough": "bronx", "direction": "TW", "total_row_ft": 51.1, "roadbed_ft": 34.4, "median_ft": 0.0, "left_sw_ft": 8.4, "right_sw_ft": 8.3}, "geometry": {"type": "LineString", "coordinates": [[-73.84301936740816, 40.85609717938661], [-73.84305502947512, 40.855959424587994]]}}, {"type": "Feature", "properties": {"segment_id": 1768921, "physicalid": "191421", "street_name": "RHINELANDER AVE", "borough": "bronx", "direction": "TW", "total_row_ft": 51.2, "roadbed_ft": 34.4, "median_ft": 0.0, "left_sw_ft": 8.5, "right_sw_ft": 8.3}, "geometry": {"type": "LineString", "coordinates": [[-73.84294837826207, 40.85608677846657], [-73.84298410145811, 40.85594878810813]]}}, {"type": "Feature", "properties": {"segment_id": 1768922, "physicalid": "191421", "street_name": "RHINELANDER AVE", "borough": "bronx", "direction": "TW", "total_row_ft": 51.3, "roadbed_ft": 34.4, "median_ft": 0.0, "left_sw_ft": 8.6, "right_sw_ft": 8.3}, "geometry": {"type": "LineString", "coordinates": [[-73.84287738912663, 40.85607637754737], [-73.8429131734638, 40.855938151584645]]}}, {"type": "Feature", "properties": {"segment_id": 1768923, "physicalid": "191421", "street_name": "RHINELANDER AVE", "borough": "bronx", "direction": "TW", "total_row_ft": 51.4, "roadbed_ft": 34.3, "median_ft": 0.0, "left_sw_ft": 8.8, "right_sw_ft": 8.4}, "geometry": {"type": "LineString", "coordinates": [[-73.84280639998529, 40.856065976693046], [-73.84284224548526, 40.85592751504423]]}}, {"type": "Feature", "properties": {"segment_id": 1768924, "physicalid": "191421", "street_name": "RHINELANDER AVE", "borough": "bronx", "direction": "TW", "total_row_ft": 51.5, "roadbed_ft": 34.1, "median_ft": 0.0, "left_sw_ft": 8.9, "right_sw_ft": 8.5}, "geometry": {"type": "LineString", "coordinates": [[-73.8427354110251, 40.85605557518103], [-73.8427713174982, 40.85591687858063]]}}, {"type": "Feature", "properties": {"segment_id": 1768925, "physicalid": "191421", "street_name": "RHINELANDER AVE", "borough": "bronx", "direction": "TW", "total_row_ft": 51.6, "roadbed_ft": 34.0, "median_ft": 0.0, "left_sw_ft": 9.0, "right_sw_ft": 8.5}, "geometry": {"type": "LineString", "coordinates": [[-73.84266442200786, 40.85604517393151], [-73.84270038953385, 40.85590624207346]]}}, {"type": "Feature", "properties": {"segment_id": 1768926, "physicalid": "191421", "street_name": "RHINELANDER AVE", "borough": "bronx", "direction": "TW", "total_row_ft": 51.7, "roadbed_ft": 33.9, "median_ft": 0.0, "left_sw_ft": 9.1, "right_sw_ft": 8.6}, "geometry": {"type": "LineString", "coordinates": [[-73.84259343301281, 40.8560347726383], [-73.84262946159217, 40.855895605522605]]}}, {"type": "Feature", "properties": {"segment_id": 1768927, "physicalid": "191421", "street_name": "RHINELANDER AVE", "borough": "bronx", "direction": "TW", "total_row_ft": 51.7, "roadbed_ft": 33.8, "median_ft": 0.0, "left_sw_ft": 9.2, "right_sw_ft": 8.7}, "geometry": {"type": "LineString", "coordinates": [[-73.84252246453033, 40.85602429215399], [-73.84255853367318, 40.85588496892818]]}}, {"type": "Feature", "properties": {"segment_id": 1768928, "physicalid": "191421", "street_name": "RHINELANDER AVE", "borough": "bronx", "direction": "TW", "total_row_ft": 51.6, "roadbed_ft": 33.7, "median_ft": 0.0, "left_sw_ft": 9.2, "right_sw_ft": 8.7}, "geometry": {"type": "LineString", "coordinates": [[-73.84245155156019, 40.856013597287955], [-73.8424875556959, 40.85587452573609]]}}, {"type": "Feature", "properties": {"segment_id": 1768929, "physicalid": "191421", "street_name": "RHINELANDER AVE", "borough": "bronx", "direction": "TW", "total_row_ft": 51.5, "roadbed_ft": 33.7, "median_ft": 0.0, "left_sw_ft": 9.1, "right_sw_ft": 8.7}, "geometry": {"type": "LineString", "coordinates": [[-73.84238063856743, 40.85600290255369], [-73.8424165565909, 40.85586416419527]]}}, {"type": "Feature", "properties": {"segment_id": 1768930, "physicalid": "191421", "street_name": "RHINELANDER AVE", "borough": "bronx", "direction": "TW", "total_row_ft": 51.4, "roadbed_ft": 33.6, "median_ft": 0.0, "left_sw_ft": 9.1, "right_sw_ft": 8.7}, "geometry": {"type": "LineString", "coordinates": [[-73.84230972559747, 40.85599220777579], [-73.84234555750804, 40.85585380261074]]}}, {"type": "Feature", "properties": {"segment_id": 1768931, "physicalid": "191421", "street_name": "RHINELANDER AVE", "borough": "bronx", "direction": "TW", "total_row_ft": 51.3, "roadbed_ft": 33.6, "median_ft": 0.0, "left_sw_ft": 9.0, "right_sw_ft": 8.7}, "geometry": {"type": "LineString", "coordinates": [[-73.84223881265034, 40.85598151295431], [-73.8422745584473, 40.85584344098248]]}}, {"type": "Feature", "properties": {"segment_id": 1768932, "physicalid": "191421", "street_name": "RHINELANDER AVE", "borough": "bronx", "direction": "TW", "total_row_ft": 51.1, "roadbed_ft": 33.6, "median_ft": 0.0, "left_sw_ft": 9.0, "right_sw_ft": 8.5}, "geometry": {"type": "LineString", "coordinates": [[-73.84216789972601, 40.855970818089204], [-73.84220355940866, 40.855833079310536]]}}, {"type": "Feature", "properties": {"segment_id": 1768933, "physicalid": "191421", "street_name": "RHINELANDER AVE", "borough": "bronx", "direction": "TW", "total_row_ft": 51.0, "roadbed_ft": 33.7, "median_ft": 0.0, "left_sw_ft": 8.9, "right_sw_ft": 8.4}, "geometry": {"type": "LineString", "coordinates": [[-73.84209698681701, 40.85596012320932], [-73.84213256039216, 40.855822717594855]]}}, {"type": "Feature", "properties": {"segment_id": 1768934, "physicalid": "191421", "street_name": "RHINELANDER AVE", "borough": "bronx", "direction": "TW", "total_row_ft": 50.9, "roadbed_ft": 33.8, "median_ft": 0.0, "left_sw_ft": 8.9, "right_sw_ft": 8.3}, "geometry": {"type": "LineString", "coordinates": [[-73.842026069946, 40.855949443677446], [-73.84206158656752, 40.855812258615686]]}}, {"type": "Feature", "properties": {"segment_id": 1768935, "physicalid": "191421", "street_name": "RHINELANDER AVE", "borough": "bronx", "direction": "TW", "total_row_ft": 50.9, "roadbed_ft": 33.9, "median_ft": 0.0, "left_sw_ft": 8.8, "right_sw_ft": 8.1}, "geometry": {"type": "LineString", "coordinates": [[-73.84195514215811, 40.855938806356725], [-73.84199062877103, 40.85580173776943]]}}, {"type": "Feature", "properties": {"segment_id": 1768936, "physicalid": "191421", "street_name": "RHINELANDER AVE", "borough": "bronx", "direction": "TW", "total_row_ft": 50.9, "roadbed_ft": 34.0, "median_ft": 0.0, "left_sw_ft": 8.8, "right_sw_ft": 8.0}, "geometry": {"type": "LineString", "coordinates": [[-73.84188421439293, 40.855928168992364], [-73.84191967099167, 40.85579121690003]]}}, {"type": "Feature", "properties": {"segment_id": 1768937, "physicalid": "191421", "street_name": "RHINELANDER AVE", "borough": "bronx", "direction": "TW", "total_row_ft": 50.8, "roadbed_ft": 34.1, "median_ft": 0.0, "left_sw_ft": 8.7, "right_sw_ft": 7.9}, "geometry": {"type": "LineString", "coordinates": [[-73.84181328665042, 40.85591753158438], [-73.84184871323478, 40.855780695986965]]}}, {"type": "Feature", "properties": {"segment_id": 1768938, "physicalid": "191421", "street_name": "RHINELANDER AVE", "borough": "bronx", "direction": "TW", "total_row_ft": 50.8, "roadbed_ft": 34.2, "median_ft": 0.0, "left_sw_ft": 8.7, "right_sw_ft": 7.8}, "geometry": {"type": "LineString", "coordinates": [[-73.8417423589306, 40.85590689413276], [-73.84177775550033, 40.85577017503023]]}}, {"type": "Feature", "properties": {"segment_id": 1768939, "physicalid": "191421", "street_name": "RHINELANDER AVE", "borough": "bronx", "direction": "TW", "total_row_ft": 50.7, "roadbed_ft": 34.3, "median_ft": 0.0, "left_sw_ft": 8.7, "right_sw_ft": 7.7}, "geometry": {"type": "LineString", "coordinates": [[-73.84167143123346, 40.855896256637536], [-73.84170679778835, 40.85575965402984]]}}, {"type": "Feature", "properties": {"segment_id": 1768940, "physicalid": "191421", "street_name": "RHINELANDER AVE", "borough": "bronx", "direction": "TW", "total_row_ft": 50.7, "roadbed_ft": 34.4, "median_ft": 0.0, "left_sw_ft": 8.6, "right_sw_ft": 7.6}, "geometry": {"type": "LineString", "coordinates": [[-73.84160050355902, 40.85588561909868], [-73.84163584216998, 40.855749124985884]]}}, {"type": "Feature", "properties": {"segment_id": 1768941, "physicalid": "191421", "street_name": "RHINELANDER AVE", "borough": "bronx", "direction": "TW", "total_row_ft": 51.2, "roadbed_ft": 34.5, "median_ft": 0.0, "left_sw_ft": 8.6, "right_sw_ft": 8.1}, "geometry": {"type": "LineString", "coordinates": [[-73.84152957590346, 40.85587498153084], [-73.84156527070579, 40.85573711220636]]}}, {"type": "Feature", "properties": {"segment_id": 1768942, "physicalid": "191421", "street_name": "RHINELANDER AVE", "borough": "bronx", "direction": "TW", "total_row_ft": 51.6, "roadbed_ft": 34.6, "median_ft": 0.0, "left_sw_ft": 8.5, "right_sw_ft": 8.5}, "geometry": {"type": "LineString", "coordinates": [[-73.8414586918066, 40.8558641757649], [-73.84149469926707, 40.85572509938366]]}}, {"type": "Feature", "properties": {"segment_id": 1768943, "physicalid": "191421", "street_name": "RHINELANDER AVE", "borough": "bronx", "direction": "TW", "total_row_ft": 52.0, "roadbed_ft": 34.7, "median_ft": 0.0, "left_sw_ft": 8.4, "right_sw_ft": 9.0}, "geometry": {"type": "LineString", "coordinates": [[-73.84138783942763, 40.85585324753689], [-73.84142412785387, 40.855713086517746]]}}, {"type": "Feature", "properties": {"segment_id": 1768944, "physicalid": "191421", "street_name": "RHINELANDER AVE", "borough": "bronx", "direction": "TW", "total_row_ft": 52.4, "roadbed_ft": 34.8, "median_ft": 0.0, "left_sw_ft": 8.2, "right_sw_ft": 9.4}, "geometry": {"type": "LineString", "coordinates": [[-73.84131698707193, 40.85584231926535], [-73.84135355646613, 40.85570107360868]]}}, {"type": "Feature", "properties": {"segment_id": 1768945, "physicalid": "191421", "street_name": "RHINELANDER AVE", "borough": "bronx", "direction": "TW", "total_row_ft": 52.8, "roadbed_ft": 35.0, "median_ft": 0.0, "left_sw_ft": 8.1, "right_sw_ft": 9.8}, "geometry": {"type": "LineString", "coordinates": [[-73.84124613473954, 40.85583139095028], [-73.84128298510392, 40.855689060656374]]}}, {"type": "Feature", "properties": {"segment_id": 1768946, "physicalid": "191421", "street_name": "RHINELANDER AVE", "borough": "bronx", "direction": "TW", "total_row_ft": 53.2, "roadbed_ft": 35.1, "median_ft": 0.0, "left_sw_ft": 8.0, "right_sw_ft": 10.1}, "geometry": {"type": "LineString", "coordinates": [[-73.84117528243043, 40.85582046259166], [-73.84121235507949, 40.85567727433495]]}}, {"type": "Feature", "properties": {"segment_id": 1768947, "physicalid": "191421", "street_name": "RHINELANDER AVE", "borough": "bronx", "direction": "TW", "total_row_ft": 53.2, "roadbed_ft": 35.1, "median_ft": 0.0, "left_sw_ft": 8.0, "right_sw_ft": 10.2}, "geometry": {"type": "LineString", "coordinates": [[-73.84110443014458, 40.85580953418953], [-73.84114155664722, 40.855666138519]]}}, {"type": "Feature", "properties": {"segment_id": 1768948, "physicalid": "191421", "street_name": "RHINELANDER AVE", "borough": "bronx", "direction": "TW", "total_row_ft": 53.3, "roadbed_ft": 35.2, "median_ft": 0.0, "left_sw_ft": 7.9, "right_sw_ft": 10.2}, "geometry": {"type": "LineString", "coordinates": [[-73.84103357785007, 40.85579860586727], [-73.84107075820961, 40.85565500277167]]}}, {"type": "Feature", "properties": {"segment_id": 1768949, "physicalid": "191421", "street_name": "RHINELANDER AVE", "borough": "bronx", "direction": "TW", "total_row_ft": 53.4, "roadbed_ft": 35.2, "median_ft": 0.0, "left_sw_ft": 7.8, "right_sw_ft": 10.3}, "geometry": {"type": "LineString", "coordinates": [[-73.84096272554922, 40.85578767761591], [-73.8409999597798, 40.855643867042396]]}}, {"type": "Feature", "properties": {"segment_id": 1768950, "physicalid": "191421", "street_name": "RHINELANDER AVE", "borough": "bronx", "direction": "TW", "total_row_ft": 53.5, "roadbed_ft": 35.3, "median_ft": 0.0, "left_sw_ft": 7.8, "right_sw_ft": 10.4}, "geometry": {"type": "LineString", "coordinates": [[-73.84089182789859, 40.855776924565234], [-73.8409291613737, 40.85563273126965]]}}, {"type": "Feature", "properties": {"segment_id": 1768951, "physicalid": "191421", "street_name": "RHINELANDER AVE", "borough": "bronx", "direction": "TW", "total_row_ft": 53.8, "roadbed_ft": 35.4, "median_ft": 0.0, "left_sw_ft": 7.9, "right_sw_ft": 10.5}, "geometry": {"type": "LineString", "coordinates": [[-73.84082088093054, 40.855766362037336], [-73.8408583629913, 40.855621595453414]]}}, {"type": "Feature", "properties": {"segment_id": 1768952, "physicalid": "191421", "street_name": "RHINELANDER AVE", "borough": "bronx", "direction": "TW", "total_row_ft": 72.0, "roadbed_ft": 35.4, "median_ft": 0.0, "left_sw_ft": 8.0, "right_sw_ft": 28.6}, "geometry": {"type": "LineString", "coordinates": [[-73.84074993398501, 40.85575579946577], [-73.84081108351582, 40.85551962289175]]}}, {"type": "Feature", "properties": {"segment_id": 1768953, "physicalid": "191421", "street_name": "RHINELANDER AVE", "borough": "bronx", "direction": "TW", "total_row_ft": 62.9, "roadbed_ft": 36.4, "median_ft": 0.0, "left_sw_ft": 8.1, "right_sw_ft": 18.5}, "geometry": {"type": "LineString", "coordinates": [[-73.84067898706202, 40.85574523685056], [-73.84072287849436, 40.855575716747296]]}}, {"type": "Feature", "properties": {"segment_id": 1768954, "physicalid": "191421", "street_name": "RHINELANDER AVE", "borough": "bronx", "direction": "TW", "total_row_ft": 102.7, "roadbed_ft": 79.6, "median_ft": 0.0, "left_sw_ft": 8.1, "right_sw_ft": 15.0}, "geometry": {"type": "LineString", "coordinates": [[-73.84060804016157, 40.85573467419172], [-73.84066920376492, 40.855498445211175]]}}, {"type": "Feature", "properties": {"segment_id": 1768955, "physicalid": "191421", "street_name": "RHINELANDER AVE", "borough": "bronx", "direction": "TW", "total_row_ft": 103.7, "roadbed_ft": 79.5, "median_ft": 0.0, "left_sw_ft": 9.2, "right_sw_ft": 15.0}, "geometry": {"type": "LineString", "coordinates": [[-73.84053643748163, 40.855726644339214], [-73.84059826392335, 40.85548785630542]]}}, {"type": "Feature", "properties": {"segment_id": 1771231, "physicalid": "191786", "street_name": "MARCONI ST", "borough": "bronx", "direction": "TW", "total_row_ft": 65.3, "roadbed_ft": 43.9, "median_ft": 0.0, "left_sw_ft": 15.0, "right_sw_ft": 6.4}, "geometry": {"type": "LineString", "coordinates": [[-73.84164577677006, 40.85005445095082], [-73.84137851607366, 40.849992865358175]]}}, {"type": "Feature", "properties": {"segment_id": 1771232, "physicalid": "191786", "street_name": "MARCONI ST", "borough": "bronx", "direction": "TW", "total_row_ft": 65.7, "roadbed_ft": 43.7, "median_ft": 0.0, "left_sw_ft": 15.0, "right_sw_ft": 7.0}, "geometry": {"type": "LineString", "coordinates": [[-73.84162478424355, 40.85010697962322], [-73.84135594733924, 40.85004503081462]]}}, {"type": "Feature", "properties": {"segment_id": 1771233, "physicalid": "191786", "street_name": "MARCONI ST", "borough": "bronx", "direction": "TW", "total_row_ft": 65.8, "roadbed_ft": 43.7, "median_ft": 0.0, "left_sw_ft": 15.0, "right_sw_ft": 7.1}, "geometry": {"type": "LineString", "coordinates": [[-73.8416037916839, 40.850159508291284], [-73.84133433971604, 40.850097417747136]]}}, {"type": "Feature", "properties": {"segment_id": 1771234, "physicalid": "191786", "street_name": "MARCONI ST", "borough": "bronx", "direction": "TW", "total_row_ft": 65.8, "roadbed_ft": 43.6, "median_ft": 0.0, "left_sw_ft": 15.0, "right_sw_ft": 7.2}, "geometry": {"type": "LineString", "coordinates": [[-73.84158279909107, 40.850212036955035], [-73.84131311898867, 40.85014989383694]]}}, {"type": "Feature", "properties": {"segment_id": 1771235, "physicalid": "191786", "street_name": "MARCONI ST", "borough": "bronx", "direction": "TW", "total_row_ft": 65.8, "roadbed_ft": 43.6, "median_ft": 0.0, "left_sw_ft": 15.0, "right_sw_ft": 7.2}, "geometry": {"type": "LineString", "coordinates": [[-73.84156180646511, 40.85026456561451], [-73.8412918982278, 40.850202369922386]]}}, {"type": "Feature", "properties": {"segment_id": 1771236, "physicalid": "191786", "street_name": "MARCONI ST", "borough": "bronx", "direction": "TW", "total_row_ft": 65.8, "roadbed_ft": 43.6, "median_ft": 0.0, "left_sw_ft": 15.0, "right_sw_ft": 7.2}, "geometry": {"type": "LineString", "coordinates": [[-73.84154081380599, 40.85031709426963], [-73.84127067743344, 40.85025484600347]]}}, {"type": "Feature", "properties": {"segment_id": 1771237, "physicalid": "191786", "street_name": "MARCONI ST", "borough": "bronx", "direction": "TW", "total_row_ft": 65.8, "roadbed_ft": 43.5, "median_ft": 0.0, "left_sw_ft": 15.0, "right_sw_ft": 7.2}, "geometry": {"type": "LineString", "coordinates": [[-73.8415198211137, 40.85036962292051], [-73.8412494560556, 40.85030732195339]]}}, {"type": "Feature", "properties": {"segment_id": 1771238, "physicalid": "191786", "street_name": "MARCONI ST", "borough": "bronx", "direction": "TW", "total_row_ft": 66.0, "roadbed_ft": 43.2, "median_ft": 0.0, "left_sw_ft": 15.0, "right_sw_ft": 7.8}, "geometry": {"type": "LineString", "coordinates": [[-73.84149882838825, 40.85042215156707], [-73.84122823479281, 40.85035979793316]]}}, {"type": "Feature", "properties": {"segment_id": 1771239, "physicalid": "191786", "street_name": "MARCONI ST", "borough": "bronx", "direction": "TW", "total_row_ft": 93.3, "roadbed_ft": 69.9, "median_ft": 0.0, "left_sw_ft": 15.0, "right_sw_ft": 8.4}, "geometry": {"type": "LineString", "coordinates": [[-73.84147783562966, 40.8504746802093], [-73.8412069750634, 40.850412265052256]]}}, {"type": "Feature", "properties": {"segment_id": 1771240, "physicalid": "191786", "street_name": "MARCONI ST", "borough": "bronx", "direction": "TW", "total_row_ft": 93.4, "roadbed_ft": 69.4, "median_ft": 0.0, "left_sw_ft": 15.0, "right_sw_ft": 9.0}, "geometry": {"type": "LineString", "coordinates": [[-73.8414568428379, 40.85052720884726], [-73.84118568429297, 40.850464725021766]]}}, {"type": "Feature", "properties": {"segment_id": 1771241, "physicalid": "191786", "street_name": "MARCONI ST", "borough": "bronx", "direction": "TW", "total_row_ft": 80.7, "roadbed_ft": 56.1, "median_ft": 0.0, "left_sw_ft": 15.0, "right_sw_ft": 9.6}, "geometry": {"type": "LineString", "coordinates": [[-73.84143585011117, 40.85057973735103], [-73.84116439347152, 40.85051718502981]]}}, {"type": "Feature", "properties": {"segment_id": 1771242, "physicalid": "191786", "street_name": "MARCONI ST", "borough": "bronx", "direction": "TW", "total_row_ft": 83.2, "roadbed_ft": 58.6, "median_ft": 0.0, "left_sw_ft": 15.0, "right_sw_ft": 9.7}, "geometry": {"type": "LineString", "coordinates": [[-73.84141485731442, 40.85063226599447], [-73.84114310263384, 40.850569644990706]]}}, {"type": "Feature", "properties": {"segment_id": 1771243, "physicalid": "191786", "street_name": "MARCONI ST", "borough": "bronx", "direction": "TW", "total_row_ft": 82.6, "roadbed_ft": 58.0, "median_ft": 0.0, "left_sw_ft": 15.0, "right_sw_ft": 9.6}, "geometry": {"type": "LineString", "coordinates": [[-73.84139386448449, 40.850684794633686], [-73.84112181176258, 40.85062210494718]]}}, {"type": "Feature", "properties": {"segment_id": 1771244, "physicalid": "191786", "street_name": "MARCONI ST", "borough": "bronx", "direction": "TW", "total_row_ft": 81.9, "roadbed_ft": 57.4, "median_ft": 0.0, "left_sw_ft": 15.0, "right_sw_ft": 9.5}, "geometry": {"type": "LineString", "coordinates": [[-73.84137287162142, 40.85073732326857], [-73.84110044895938, 40.85067454833146]]}}, {"type": "Feature", "properties": {"segment_id": 1771245, "physicalid": "191786", "street_name": "MARCONI ST", "borough": "bronx", "direction": "TW", "total_row_ft": 81.9, "roadbed_ft": 57.5, "median_ft": 0.0, "left_sw_ft": 15.0, "right_sw_ft": 9.5}, "geometry": {"type": "LineString", "coordinates": [[-73.84135187872518, 40.85078985189915], [-73.84107901178463, 40.85072697458137]]}}, {"type": "Feature", "properties": {"segment_id": 1771246, "physicalid": "191786", "street_name": "MARCONI ST", "borough": "bronx", "direction": "TW", "total_row_ft": 82.1, "roadbed_ft": 57.7, "median_ft": 0.0, "left_sw_ft": 15.0, "right_sw_ft": 9.4}, "geometry": {"type": "LineString", "coordinates": [[-73.84133088579578, 40.85084238052544], [-73.84105757454583, 40.850779400819846]]}}, {"type": "Feature", "properties": {"segment_id": 1771247, "physicalid": "191786", "street_name": "MARCONI ST", "borough": "bronx", "direction": "TW", "total_row_ft": 82.2, "roadbed_ft": 57.8, "median_ft": 0.0, "left_sw_ft": 15.0, "right_sw_ft": 9.3}, "geometry": {"type": "LineString", "coordinates": [[-73.84130989283325, 40.85089490914737], [-73.84103613727632, 40.85083182705457]]}}, {"type": "Feature", "properties": {"segment_id": 1771248, "physicalid": "191786", "street_name": "MARCONI ST", "borough": "bronx", "direction": "TW", "total_row_ft": 82.1, "roadbed_ft": 57.8, "median_ft": 0.0, "left_sw_ft": 15.0, "right_sw_ft": 9.3}, "geometry": {"type": "LineString", "coordinates": [[-73.84128889983752, 40.850947437765086], [-73.84101469997896, 40.850884253286196]]}}, {"type": "Feature", "properties": {"segment_id": 1771249, "physicalid": "191786", "street_name": "MARCONI ST", "borough": "bronx", "direction": "TW", "total_row_ft": 81.4, "roadbed_ft": 57.2, "median_ft": 0.0, "left_sw_ft": 15.0, "right_sw_ft": 9.2}, "geometry": {"type": "LineString", "coordinates": [[-73.84126790680868, 40.85099996637841], [-73.84099326264781, 40.85093667951339]]}}, {"type": "Feature", "properties": {"segment_id": 1771250, "physicalid": "191786", "street_name": "MARCONI ST", "borough": "bronx", "direction": "TW", "total_row_ft": 80.5, "roadbed_ft": 56.8, "median_ft": 0.0, "left_sw_ft": 15.0, "right_sw_ft": 8.7}, "geometry": {"type": "LineString", "coordinates": [[-73.84124691374664, 40.85105249498753], [-73.84097182528286, 40.850989105736076]]}}, {"type": "Feature", "properties": {"segment_id": 1771251, "physicalid": "191786", "street_name": "MARCONI ST", "borough": "bronx", "direction": "TW", "total_row_ft": 80.8, "roadbed_ft": 57.9, "median_ft": 0.0, "left_sw_ft": 15.0, "right_sw_ft": 7.9}, "geometry": {"type": "LineString", "coordinates": [[-73.84122592065145, 40.85110502359228], [-73.84095058736932, 40.851041577922416]]}}, {"type": "Feature", "properties": {"segment_id": 1771252, "physicalid": "191786", "street_name": "MARCONI ST", "borough": "bronx", "direction": "TW", "total_row_ft": 81.2, "roadbed_ft": 59.4, "median_ft": 0.0, "left_sw_ft": 15.0, "right_sw_ft": 6.8}, "geometry": {"type": "LineString", "coordinates": [[-73.84120492752314, 40.85115755219273], [-73.84092939332588, 40.851094060221264]]}}, {"type": "Feature", "properties": {"segment_id": 1771253, "physicalid": "191786", "street_name": "MARCONI ST", "borough": "bronx", "direction": "TW", "total_row_ft": 82.3, "roadbed_ft": 60.9, "median_ft": 0.0, "left_sw_ft": 15.0, "right_sw_ft": 6.5}, "geometry": {"type": "LineString", "coordinates": [[-73.84118393436164, 40.85121008078895], [-73.84090525676845, 40.85114586446895]]}}, {"type": "Feature", "properties": {"segment_id": 1771254, "physicalid": "191786", "street_name": "MARCONI ST", "borough": "bronx", "direction": "TW", "total_row_ft": 83.6, "roadbed_ft": 62.7, "median_ft": 0.0, "left_sw_ft": 15.0, "right_sw_ft": 5.9}, "geometry": {"type": "LineString", "coordinates": [[-73.841162941167, 40.85126260938077], [-73.84087815960609, 40.851196986496404]]}}, {"type": "Feature", "properties": {"segment_id": 1771255, "physicalid": "191786", "street_name": "MARCONI ST", "borough": "bronx", "direction": "TW", "total_row_ft": 95.0, "roadbed_ft": 65.0, "median_ft": 0.0, "left_sw_ft": 15.0, "right_sw_ft": 15.0}, "geometry": {"type": "LineString", "coordinates": [[-73.84114194793918, 40.85131513796838], [-73.8407268812322, 40.85121949288763]]}}, {"type": "Feature", "properties": {"segment_id": 1771256, "physicalid": "191786", "street_name": "MARCONI ST", "borough": "bronx", "direction": "TW", "total_row_ft": 88.1, "roadbed_ft": 64.7, "median_ft": 0.0, "left_sw_ft": 15.0, "right_sw_ft": 8.4}, "geometry": {"type": "LineString", "coordinates": [[-73.84109133433239, 40.85139561835994], [-73.84081976500931, 40.85128175364957]]}}, {"type": "Feature", "properties": {"segment_id": 1771257, "physicalid": "191786", "street_name": "MARCONI ST", "borough": "bronx", "direction": "TW", "total_row_ft": 87.1, "roadbed_ft": 62.6, "median_ft": 0.0, "left_sw_ft": 15.0, "right_sw_ft": 9.5}, "geometry": {"type": "LineString", "coordinates": [[-73.8410563891087, 40.851443673162024], [-73.84078857420062, 40.85133138260159]]}}, {"type": "Feature", "properties": {"segment_id": 1771258, "physicalid": "191786", "street_name": "MARCONI ST", "borough": "bronx", "direction": "TW", "total_row_ft": 86.3, "roadbed_ft": 60.8, "median_ft": 0.0, "left_sw_ft": 15.0, "right_sw_ft": 10.5}, "geometry": {"type": "LineString", "coordinates": [[-73.84102144383452, 40.85149172795316], [-73.84075195897984, 40.851378737183424]]}}, {"type": "Feature", "properties": {"segment_id": 1771259, "physicalid": "191786", "street_name": "MARCONI ST", "borough": "bronx", "direction": "TW", "total_row_ft": 85.3, "roadbed_ft": 59.2, "median_ft": 0.0, "left_sw_ft": 15.0, "right_sw_ft": 11.0}, "geometry": {"type": "LineString", "coordinates": [[-73.84098649850982, 40.85153978273332], [-73.84071534370692, 40.851426091753225]]}}, {"type": "Feature", "properties": {"segment_id": 1771260, "physicalid": "191786", "street_name": "MARCONI ST", "borough": "bronx", "direction": "TW", "total_row_ft": 84.1, "roadbed_ft": 58.0, "median_ft": 0.0, "left_sw_ft": 15.0, "right_sw_ft": 11.0}, "geometry": {"type": "LineString", "coordinates": [[-73.84095155313463, 40.85158783750244], [-73.84067872838187, 40.85147344631101]]}}, {"type": "Feature", "properties": {"segment_id": 1771261, "physicalid": "191786", "street_name": "MARCONI ST", "borough": "bronx", "direction": "TW", "total_row_ft": 82.8, "roadbed_ft": 56.9, "median_ft": 0.0, "left_sw_ft": 15.0, "right_sw_ft": 10.9}, "geometry": {"type": "LineString", "coordinates": [[-73.84091660770893, 40.85163589226065], [-73.84064211300472, 40.85152080085679]]}}, {"type": "Feature", "properties": {"segment_id": 1771262, "physicalid": "191786", "street_name": "MARCONI ST", "borough": "bronx", "direction": "TW", "total_row_ft": 81.4, "roadbed_ft": 55.8, "median_ft": 0.0, "left_sw_ft": 15.0, "right_sw_ft": 10.5}, "geometry": {"type": "LineString", "coordinates": [[-73.84088166223277, 40.85168394700779], [-73.8406054975754, 40.85156815539055]]}}, {"type": "Feature", "properties": {"segment_id": 1771263, "physicalid": "191786", "street_name": "MARCONI ST", "borough": "bronx", "direction": "TW", "total_row_ft": 80.2, "roadbed_ft": 55.2, "median_ft": 0.0, "left_sw_ft": 15.0, "right_sw_ft": 10.0}, "geometry": {"type": "LineString", "coordinates": [[-73.84084671670611, 40.85173200174398], [-73.84056888209393, 40.85161550991232]]}}, {"type": "Feature", "properties": {"segment_id": 1771264, "physicalid": "191786", "street_name": "MARCONI ST", "borough": "bronx", "direction": "TW", "total_row_ft": 79.9, "roadbed_ft": 54.9, "median_ft": 0.0, "left_sw_ft": 15.0, "right_sw_ft": 10.1}, "geometry": {"type": "LineString", "coordinates": [[-73.84081177112895, 40.85178005646918], [-73.84052982386945, 40.85166184023383]]}}, {"type": "Feature", "properties": {"segment_id": 1771265, "physicalid": "191786", "street_name": "MARCONI ST", "borough": "bronx", "direction": "TW", "total_row_ft": 79.9, "roadbed_ft": 54.8, "median_ft": 0.0, "left_sw_ft": 15.0, "right_sw_ft": 10.1}, "geometry": {"type": "LineString", "coordinates": [[-73.8407768255013, 40.85182811118338], [-73.84049044076592, 40.85170803434696]]}}, {"type": "Feature", "properties": {"segment_id": 1771266, "physicalid": "191786", "street_name": "MARCONI ST", "borough": "bronx", "direction": "TW", "total_row_ft": 80.0, "roadbed_ft": 55.1, "median_ft": 0.0, "left_sw_ft": 15.0, "right_sw_ft": 9.9}, "geometry": {"type": "LineString", "coordinates": [[-73.84074187982313, 40.85187616588664], [-73.84045105760768, 40.85175422844629]]}}, {"type": "Feature", "properties": {"segment_id": 1771267, "physicalid": "191786", "street_name": "MARCONI ST", "borough": "bronx", "direction": "TW", "total_row_ft": 80.1, "roadbed_ft": 55.6, "median_ft": 0.0, "left_sw_ft": 15.0, "right_sw_ft": 9.5}, "geometry": {"type": "LineString", "coordinates": [[-73.8407069340945, 40.851924220578844], [-73.84041167439473, 40.85180042253179]]}}, {"type": "Feature", "properties": {"segment_id": 1771268, "physicalid": "191786", "street_name": "MARCONI ST", "borough": "bronx", "direction": "TW", "total_row_ft": 80.3, "roadbed_ft": 56.4, "median_ft": 0.0, "left_sw_ft": 15.0, "right_sw_ft": 8.9}, "geometry": {"type": "LineString", "coordinates": [[-73.84067198831536, 40.85197227526009], [-73.84037229112708, 40.851846616603474]]}}, {"type": "Feature", "properties": {"segment_id": 1771269, "physicalid": "191786", "street_name": "MARCONI ST", "borough": "bronx", "direction": "TW", "total_row_ft": 80.8, "roadbed_ft": 57.3, "median_ft": 0.0, "left_sw_ft": 15.0, "right_sw_ft": 8.6}, "geometry": {"type": "LineString", "coordinates": [[-73.84063704248572, 40.852020329930355], [-73.84033290780474, 40.851892810661354]]}}, {"type": "Feature", "properties": {"segment_id": 1771270, "physicalid": "191786", "street_name": "MARCONI ST", "borough": "bronx", "direction": "TW", "total_row_ft": 81.3, "roadbed_ft": 57.7, "median_ft": 0.0, "left_sw_ft": 15.0, "right_sw_ft": 8.6}, "geometry": {"type": "LineString", "coordinates": [[-73.8406020966056, 40.85206838458962], [-73.84029352442768, 40.8519390047054]]}}, {"type": "Feature", "properties": {"segment_id": 1771271, "physicalid": "191786", "street_name": "MARCONI ST", "borough": "bronx", "direction": "TW", "total_row_ft": 82.6, "roadbed_ft": 58.2, "median_ft": 0.0, "left_sw_ft": 15.0, "right_sw_ft": 9.4}, "geometry": {"type": "LineString", "coordinates": [[-73.84056715067496, 40.85211643923791], [-73.8402514447135, 40.85198406821684]]}}, {"type": "Feature", "properties": {"segment_id": 1771272, "physicalid": "191786", "street_name": "MARCONI ST", "borough": "bronx", "direction": "TW", "total_row_ft": 109.7, "roadbed_ft": 79.6, "median_ft": 0.0, "left_sw_ft": 15.0, "right_sw_ft": 15.0}, "geometry": {"type": "LineString", "coordinates": [[-73.84053220469384, 40.852164493875165], [-73.84015248541891, 40.85200528277823]]}}, {"type": "Feature", "properties": {"segment_id": 1771273, "physicalid": "191786", "street_name": "MARCONI ST", "borough": "bronx", "direction": "TW", "total_row_ft": 123.2, "roadbed_ft": 93.2, "median_ft": 0.0, "left_sw_ft": 15.0, "right_sw_ft": 15.0}, "geometry": {"type": "LineString", "coordinates": [[-73.84049725866224, 40.85221254850147], [-73.84011753919661, 40.85205333729083]]}}, {"type": "Feature", "properties": {"segment_id": 1771274, "physicalid": "191786", "street_name": "MARCONI ST", "borough": "bronx", "direction": "TW", "total_row_ft": 112.1, "roadbed_ft": 61.1, "median_ft": 21.0, "left_sw_ft": 15.0, "right_sw_ft": 15.0}, "geometry": {"type": "LineString", "coordinates": [[-73.84046231258013, 40.85226060311679], [-73.84008259292382, 40.85210139179245]]}}]}